solid OpenSCAD_Model
  facet normal -0.995185 0.098018 0
    outer loop
      vertex 51.9517 -6.83957 0
      vertex 52.2878 -3.42712 3
      vertex 52.2878 -3.42712 0
    endloop
  endfacet
  facet normal -0.995185 0.098018 0
    outer loop
      vertex 52.2878 -3.42712 3
      vertex 51.9517 -6.83957 0
      vertex 51.9517 -6.83957 3
    endloop
  endfacet
  facet normal -0.999465 0.0327213 0
    outer loop
      vertex 52.2878 -3.42712 0
      vertex 52.4 0 3
      vertex 52.4 0 0
    endloop
  endfacet
  facet normal -0.999465 0.0327213 0
    outer loop
      vertex 52.4 0 3
      vertex 52.2878 -3.42712 0
      vertex 52.2878 -3.42712 3
    endloop
  endfacet
  facet normal -0.986646 0.162879 0
    outer loop
      vertex 51.3932 -10.2227 0
      vertex 51.9517 -6.83957 3
      vertex 51.9517 -6.83957 0
    endloop
  endfacet
  facet normal -0.986646 0.162879 0
    outer loop
      vertex 51.9517 -6.83957 3
      vertex 51.3932 -10.2227 0
      vertex 51.3932 -10.2227 3
    endloop
  endfacet
  facet normal -0.973873 0.227093 0
    outer loop
      vertex 50.6145 -13.5621 0
      vertex 51.3932 -10.2227 3
      vertex 51.3932 -10.2227 0
    endloop
  endfacet
  facet normal -0.973873 0.227093 0
    outer loop
      vertex 51.3932 -10.2227 3
      vertex 50.6145 -13.5621 0
      vertex 50.6145 -13.5621 3
    endloop
  endfacet
  facet normal 0.412719 0.910858 -0
    outer loop
      vertex -20.0526 -48.4113 0
      vertex -23.1759 -46.9961 3
      vertex -20.0526 -48.4113 3
    endloop
  endfacet
  facet normal 0.412719 0.910858 0
    outer loop
      vertex -23.1759 -46.9961 3
      vertex -20.0526 -48.4113 0
      vertex -23.1759 -46.9961 0
    endloop
  endfacet
  facet normal -0.352235 0.935911 0
    outer loop
      vertex 20.0526 -48.4113 0
      vertex 16.8434 -49.6191 3
      vertex 20.0526 -48.4113 3
    endloop
  endfacet
  facet normal -0.352235 0.935911 0
    outer loop
      vertex 16.8434 -49.6191 3
      vertex 20.0526 -48.4113 0
      vertex 16.8434 -49.6191 0
    endloop
  endfacet
  facet normal -0.0327213 -0.999465 0
    outer loop
      vertex 0 52.4 0
      vertex 3.42712 52.2878 3
      vertex 0 52.4 3
    endloop
  endfacet
  facet normal -0.0327213 -0.999465 -0
    outer loop
      vertex 3.42712 52.2878 3
      vertex 0 52.4 0
      vertex 3.42712 52.2878 0
    endloop
  endfacet
  facet normal 0.881923 -0.471393 0
    outer loop
      vertex -46.9961 23.1759 3
      vertex -45.3797 26.2 0
      vertex -45.3797 26.2 3
    endloop
  endfacet
  facet normal 0.881923 -0.471393 0
    outer loop
      vertex -45.3797 26.2 0
      vertex -46.9961 23.1759 3
      vertex -46.9961 23.1759 0
    endloop
  endfacet
  facet normal 0.683587 0.729869 -0
    outer loop
      vertex -34.5497 -39.3964 0
      vertex -37.0524 -37.0524 3
      vertex -34.5497 -39.3964 3
    endloop
  endfacet
  facet normal 0.683587 0.729869 0
    outer loop
      vertex -37.0524 -37.0524 3
      vertex -34.5497 -39.3964 0
      vertex -37.0524 -37.0524 0
    endloop
  endfacet
  facet normal -0.773009 -0.634395 0
    outer loop
      vertex 41.5717 31.8991 0
      vertex 39.3964 34.5497 3
      vertex 39.3964 34.5497 0
    endloop
  endfacet
  facet normal -0.773009 -0.634395 0
    outer loop
      vertex 39.3964 34.5497 3
      vertex 41.5717 31.8991 0
      vertex 41.5717 31.8991 3
    endloop
  endfacet
  facet normal 0.956938 -0.290292 0
    outer loop
      vertex -50.6145 13.5621 3
      vertex -49.6191 16.8434 0
      vertex -49.6191 16.8434 3
    endloop
  endfacet
  facet normal 0.956938 -0.290292 0
    outer loop
      vertex -49.6191 16.8434 0
      vertex -50.6145 13.5621 3
      vertex -50.6145 13.5621 0
    endloop
  endfacet
  facet normal 0.52806 -0.849207 0
    outer loop
      vertex -29.1119 43.569 0
      vertex -26.2 45.3797 3
      vertex -29.1119 43.569 3
    endloop
  endfacet
  facet normal 0.52806 -0.849207 0
    outer loop
      vertex -26.2 45.3797 3
      vertex -29.1119 43.569 0
      vertex -26.2 45.3797 0
    endloop
  endfacet
  facet normal -0.986646 -0.162879 0
    outer loop
      vertex 51.9517 6.83957 0
      vertex 51.3932 10.2227 3
      vertex 51.3932 10.2227 0
    endloop
  endfacet
  facet normal -0.986646 -0.162879 0
    outer loop
      vertex 51.3932 10.2227 3
      vertex 51.9517 6.83957 0
      vertex 51.9517 6.83957 3
    endloop
  endfacet
  facet normal -0.973873 -0.227093 0
    outer loop
      vertex 51.3932 10.2227 0
      vertex 50.6145 13.5621 3
      vertex 50.6145 13.5621 0
    endloop
  endfacet
  facet normal -0.973873 -0.227093 0
    outer loop
      vertex 50.6145 13.5621 3
      vertex 51.3932 10.2227 0
      vertex 51.3932 10.2227 3
    endloop
  endfacet
  facet normal 0.773009 -0.634395 0
    outer loop
      vertex -41.5717 31.8991 3
      vertex -39.3964 34.5497 0
      vertex -39.3964 34.5497 3
    endloop
  endfacet
  facet normal 0.773009 -0.634395 0
    outer loop
      vertex -39.3964 34.5497 0
      vertex -41.5717 31.8991 3
      vertex -41.5717 31.8991 0
    endloop
  endfacet
  facet normal -0.634395 -0.773009 0
    outer loop
      vertex 31.8991 41.5717 0
      vertex 34.5497 39.3964 3
      vertex 31.8991 41.5717 3
    endloop
  endfacet
  facet normal -0.634395 -0.773009 -0
    outer loop
      vertex 34.5497 39.3964 3
      vertex 31.8991 41.5717 0
      vertex 34.5497 39.3964 0
    endloop
  endfacet
  facet normal 0.812844 0.582482 0
    outer loop
      vertex -41.5717 -31.8991 3
      vertex -43.569 -29.1119 0
      vertex -43.569 -29.1119 3
    endloop
  endfacet
  facet normal 0.812844 0.582482 0
    outer loop
      vertex -43.569 -29.1119 0
      vertex -41.5717 -31.8991 3
      vertex -41.5717 -31.8991 0
    endloop
  endfacet
  facet normal 0.162879 -0.986646 0
    outer loop
      vertex -10.2227 51.3932 0
      vertex -6.83957 51.9517 3
      vertex -10.2227 51.3932 3
    endloop
  endfacet
  facet normal 0.162879 -0.986646 0
    outer loop
      vertex -6.83957 51.9517 3
      vertex -10.2227 51.3932 0
      vertex -6.83957 51.9517 0
    endloop
  endfacet
  facet normal 0.227093 0.973873 -0
    outer loop
      vertex -10.2227 -51.3932 0
      vertex -13.5621 -50.6145 3
      vertex -10.2227 -51.3932 3
    endloop
  endfacet
  facet normal 0.227093 0.973873 0
    outer loop
      vertex -13.5621 -50.6145 3
      vertex -10.2227 -51.3932 0
      vertex -13.5621 -50.6145 0
    endloop
  endfacet
  facet normal 0.471393 -0.881923 0
    outer loop
      vertex -26.2 45.3797 0
      vertex -23.1759 46.9961 3
      vertex -26.2 45.3797 3
    endloop
  endfacet
  facet normal 0.471393 -0.881923 0
    outer loop
      vertex -23.1759 46.9961 3
      vertex -26.2 45.3797 0
      vertex -23.1759 46.9961 0
    endloop
  endfacet
  facet normal -0.098018 -0.995185 0
    outer loop
      vertex 3.42712 52.2878 0
      vertex 6.83957 51.9517 3
      vertex 3.42712 52.2878 3
    endloop
  endfacet
  facet normal -0.098018 -0.995185 -0
    outer loop
      vertex 6.83957 51.9517 3
      vertex 3.42712 52.2878 0
      vertex 6.83957 51.9517 0
    endloop
  endfacet
  facet normal -0.999465 -0.0327213 0
    outer loop
      vertex 52.4 0 0
      vertex 52.2878 3.42712 3
      vertex 52.2878 3.42712 0
    endloop
  endfacet
  facet normal -0.999465 -0.0327213 0
    outer loop
      vertex 52.2878 3.42712 3
      vertex 52.4 0 0
      vertex 52.4 0 3
    endloop
  endfacet
  facet normal 0.773009 0.634395 0
    outer loop
      vertex -39.3964 -34.5497 3
      vertex -41.5717 -31.8991 0
      vertex -41.5717 -31.8991 3
    endloop
  endfacet
  facet normal 0.773009 0.634395 0
    outer loop
      vertex -41.5717 -31.8991 0
      vertex -39.3964 -34.5497 3
      vertex -39.3964 -34.5497 0
    endloop
  endfacet
  facet normal 0.352235 0.935911 -0
    outer loop
      vertex -16.8434 -49.6191 0
      vertex -20.0526 -48.4113 3
      vertex -16.8434 -49.6191 3
    endloop
  endfacet
  facet normal 0.352235 0.935911 0
    outer loop
      vertex -20.0526 -48.4113 3
      vertex -16.8434 -49.6191 0
      vertex -20.0526 -48.4113 0
    endloop
  endfacet
  facet normal 0.812844 -0.582482 0
    outer loop
      vertex -43.569 29.1119 3
      vertex -41.5717 31.8991 0
      vertex -41.5717 31.8991 3
    endloop
  endfacet
  facet normal 0.812844 -0.582482 0
    outer loop
      vertex -41.5717 31.8991 0
      vertex -43.569 29.1119 3
      vertex -43.569 29.1119 0
    endloop
  endfacet
  facet normal -0.162879 0.986646 0
    outer loop
      vertex 10.2227 -51.3932 0
      vertex 6.83957 -51.9517 3
      vertex 10.2227 -51.3932 3
    endloop
  endfacet
  facet normal -0.162879 0.986646 0
    outer loop
      vertex 6.83957 -51.9517 3
      vertex 10.2227 -51.3932 0
      vertex 6.83957 -51.9517 0
    endloop
  endfacet
  facet normal 0.52806 0.849207 -0
    outer loop
      vertex -26.2 -45.3797 0
      vertex -29.1119 -43.569 3
      vertex -26.2 -45.3797 3
    endloop
  endfacet
  facet normal 0.52806 0.849207 0
    outer loop
      vertex -29.1119 -43.569 3
      vertex -26.2 -45.3797 0
      vertex -29.1119 -43.569 0
    endloop
  endfacet
  facet normal 0.582482 0.812844 -0
    outer loop
      vertex -29.1119 -43.569 0
      vertex -31.8991 -41.5717 3
      vertex -29.1119 -43.569 3
    endloop
  endfacet
  facet normal 0.582482 0.812844 0
    outer loop
      vertex -31.8991 -41.5717 3
      vertex -29.1119 -43.569 0
      vertex -31.8991 -41.5717 0
    endloop
  endfacet
  facet normal -0.162879 -0.986646 0
    outer loop
      vertex 6.83957 51.9517 0
      vertex 10.2227 51.3932 3
      vertex 6.83957 51.9517 3
    endloop
  endfacet
  facet normal -0.162879 -0.986646 -0
    outer loop
      vertex 10.2227 51.3932 3
      vertex 6.83957 51.9517 0
      vertex 10.2227 51.3932 0
    endloop
  endfacet
  facet normal 0.935911 0.352235 0
    outer loop
      vertex -48.4113 -20.0526 3
      vertex -49.6191 -16.8434 0
      vertex -49.6191 -16.8434 3
    endloop
  endfacet
  facet normal 0.935911 0.352235 0
    outer loop
      vertex -49.6191 -16.8434 0
      vertex -48.4113 -20.0526 3
      vertex -48.4113 -20.0526 0
    endloop
  endfacet
  facet normal -0.471393 -0.881923 0
    outer loop
      vertex 23.1759 46.9961 0
      vertex 26.2 45.3797 3
      vertex 23.1759 46.9961 3
    endloop
  endfacet
  facet normal -0.471393 -0.881923 -0
    outer loop
      vertex 26.2 45.3797 3
      vertex 23.1759 46.9961 0
      vertex 26.2 45.3797 0
    endloop
  endfacet
  facet normal -0.935911 -0.352235 0
    outer loop
      vertex 49.6191 16.8434 0
      vertex 48.4113 20.0526 3
      vertex 48.4113 20.0526 0
    endloop
  endfacet
  facet normal -0.935911 -0.352235 0
    outer loop
      vertex 48.4113 20.0526 3
      vertex 49.6191 16.8434 0
      vertex 49.6191 16.8434 3
    endloop
  endfacet
  facet normal -0.881923 -0.471393 0
    outer loop
      vertex 46.9961 23.1759 0
      vertex 45.3797 26.2 3
      vertex 45.3797 26.2 0
    endloop
  endfacet
  facet normal -0.881923 -0.471393 0
    outer loop
      vertex 45.3797 26.2 3
      vertex 46.9961 23.1759 0
      vertex 46.9961 23.1759 3
    endloop
  endfacet
  facet normal 0.910858 0.412719 0
    outer loop
      vertex -46.9961 -23.1759 3
      vertex -48.4113 -20.0526 0
      vertex -48.4113 -20.0526 3
    endloop
  endfacet
  facet normal 0.910858 0.412719 0
    outer loop
      vertex -48.4113 -20.0526 0
      vertex -46.9961 -23.1759 3
      vertex -46.9961 -23.1759 0
    endloop
  endfacet
  facet normal -0.729869 -0.683587 0
    outer loop
      vertex 39.3964 34.5497 0
      vertex 37.0524 37.0524 3
      vertex 37.0524 37.0524 0
    endloop
  endfacet
  facet normal -0.729869 -0.683587 0
    outer loop
      vertex 37.0524 37.0524 3
      vertex 39.3964 34.5497 0
      vertex 39.3964 34.5497 3
    endloop
  endfacet
  facet normal -0.412719 -0.910858 0
    outer loop
      vertex 20.0526 48.4113 0
      vertex 23.1759 46.9961 3
      vertex 20.0526 48.4113 3
    endloop
  endfacet
  facet normal -0.412719 -0.910858 -0
    outer loop
      vertex 23.1759 46.9961 3
      vertex 20.0526 48.4113 0
      vertex 23.1759 46.9961 0
    endloop
  endfacet
  facet normal -0.881923 0.471393 0
    outer loop
      vertex 45.3797 -26.2 0
      vertex 46.9961 -23.1759 3
      vertex 46.9961 -23.1759 0
    endloop
  endfacet
  facet normal -0.881923 0.471393 0
    outer loop
      vertex 46.9961 -23.1759 3
      vertex 45.3797 -26.2 0
      vertex 45.3797 -26.2 3
    endloop
  endfacet
  facet normal -0.995185 -0.098018 0
    outer loop
      vertex 52.2878 3.42712 0
      vertex 51.9517 6.83957 3
      vertex 51.9517 6.83957 0
    endloop
  endfacet
  facet normal -0.995185 -0.098018 0
    outer loop
      vertex 51.9517 6.83957 3
      vertex 52.2878 3.42712 0
      vertex 52.2878 3.42712 3
    endloop
  endfacet
  facet normal -0.849207 0.52806 0
    outer loop
      vertex 43.569 -29.1119 0
      vertex 45.3797 -26.2 3
      vertex 45.3797 -26.2 0
    endloop
  endfacet
  facet normal -0.849207 0.52806 0
    outer loop
      vertex 45.3797 -26.2 3
      vertex 43.569 -29.1119 0
      vertex 43.569 -29.1119 3
    endloop
  endfacet
  facet normal -0.812844 -0.582482 0
    outer loop
      vertex 43.569 29.1119 0
      vertex 41.5717 31.8991 3
      vertex 41.5717 31.8991 0
    endloop
  endfacet
  facet normal -0.812844 -0.582482 0
    outer loop
      vertex 41.5717 31.8991 3
      vertex 43.569 29.1119 0
      vertex 43.569 29.1119 3
    endloop
  endfacet
  facet normal -0.634395 0.773009 0
    outer loop
      vertex 34.5497 -39.3964 0
      vertex 31.8991 -41.5717 3
      vertex 34.5497 -39.3964 3
    endloop
  endfacet
  facet normal -0.634395 0.773009 0
    outer loop
      vertex 31.8991 -41.5717 3
      vertex 34.5497 -39.3964 0
      vertex 31.8991 -41.5717 0
    endloop
  endfacet
  facet normal 0.352235 -0.935911 0
    outer loop
      vertex -20.0526 48.4113 0
      vertex -16.8434 49.6191 3
      vertex -20.0526 48.4113 3
    endloop
  endfacet
  facet normal 0.352235 -0.935911 0
    outer loop
      vertex -16.8434 49.6191 3
      vertex -20.0526 48.4113 0
      vertex -16.8434 49.6191 0
    endloop
  endfacet
  facet normal -0.935911 0.352235 0
    outer loop
      vertex 48.4113 -20.0526 0
      vertex 49.6191 -16.8434 3
      vertex 49.6191 -16.8434 0
    endloop
  endfacet
  facet normal -0.935911 0.352235 0
    outer loop
      vertex 49.6191 -16.8434 3
      vertex 48.4113 -20.0526 0
      vertex 48.4113 -20.0526 3
    endloop
  endfacet
  facet normal -0.956938 0.290292 0
    outer loop
      vertex 49.6191 -16.8434 0
      vertex 50.6145 -13.5621 3
      vertex 50.6145 -13.5621 0
    endloop
  endfacet
  facet normal -0.956938 0.290292 0
    outer loop
      vertex 50.6145 -13.5621 3
      vertex 49.6191 -16.8434 0
      vertex 49.6191 -16.8434 3
    endloop
  endfacet
  facet normal 0.162879 0.986646 -0
    outer loop
      vertex -6.83957 -51.9517 0
      vertex -10.2227 -51.3932 3
      vertex -6.83957 -51.9517 3
    endloop
  endfacet
  facet normal 0.162879 0.986646 0
    outer loop
      vertex -10.2227 -51.3932 3
      vertex -6.83957 -51.9517 0
      vertex -10.2227 -51.3932 0
    endloop
  endfacet
  facet normal -0.098018 0.995185 0
    outer loop
      vertex 6.83957 -51.9517 0
      vertex 3.42712 -52.2878 3
      vertex 6.83957 -51.9517 3
    endloop
  endfacet
  facet normal -0.098018 0.995185 0
    outer loop
      vertex 3.42712 -52.2878 3
      vertex 6.83957 -51.9517 0
      vertex 3.42712 -52.2878 0
    endloop
  endfacet
  facet normal -0.352235 -0.935911 0
    outer loop
      vertex 16.8434 49.6191 0
      vertex 20.0526 48.4113 3
      vertex 16.8434 49.6191 3
    endloop
  endfacet
  facet normal -0.352235 -0.935911 -0
    outer loop
      vertex 20.0526 48.4113 3
      vertex 16.8434 49.6191 0
      vertex 20.0526 48.4113 0
    endloop
  endfacet
  facet normal 0.290292 0.956938 -0
    outer loop
      vertex -13.5621 -50.6145 0
      vertex -16.8434 -49.6191 3
      vertex -13.5621 -50.6145 3
    endloop
  endfacet
  facet normal 0.290292 0.956938 0
    outer loop
      vertex -16.8434 -49.6191 3
      vertex -13.5621 -50.6145 0
      vertex -16.8434 -49.6191 0
    endloop
  endfacet
  facet normal 0.634395 -0.773009 0
    outer loop
      vertex -34.5497 39.3964 0
      vertex -31.8991 41.5717 3
      vertex -34.5497 39.3964 3
    endloop
  endfacet
  facet normal 0.634395 -0.773009 0
    outer loop
      vertex -31.8991 41.5717 3
      vertex -34.5497 39.3964 0
      vertex -31.8991 41.5717 0
    endloop
  endfacet
  facet normal 0.999465 0.0327213 0
    outer loop
      vertex -52.2878 -3.42712 3
      vertex -52.4 0 0
      vertex -52.4 0 3
    endloop
  endfacet
  facet normal 0.999465 0.0327213 0
    outer loop
      vertex -52.4 0 0
      vertex -52.2878 -3.42712 3
      vertex -52.2878 -3.42712 0
    endloop
  endfacet
  facet normal 0.098018 0.995185 -0
    outer loop
      vertex -3.42712 -52.2878 0
      vertex -6.83957 -51.9517 3
      vertex -3.42712 -52.2878 3
    endloop
  endfacet
  facet normal 0.098018 0.995185 0
    outer loop
      vertex -6.83957 -51.9517 3
      vertex -3.42712 -52.2878 0
      vertex -6.83957 -51.9517 0
    endloop
  endfacet
  facet normal 0.995185 -0.098018 0
    outer loop
      vertex -52.2878 3.42712 3
      vertex -51.9517 6.83957 0
      vertex -51.9517 6.83957 3
    endloop
  endfacet
  facet normal 0.995185 -0.098018 0
    outer loop
      vertex -51.9517 6.83957 0
      vertex -52.2878 3.42712 3
      vertex -52.2878 3.42712 0
    endloop
  endfacet
  facet normal 0.634395 0.773009 -0
    outer loop
      vertex -31.8991 -41.5717 0
      vertex -34.5497 -39.3964 3
      vertex -31.8991 -41.5717 3
    endloop
  endfacet
  facet normal 0.634395 0.773009 0
    outer loop
      vertex -34.5497 -39.3964 3
      vertex -31.8991 -41.5717 0
      vertex -34.5497 -39.3964 0
    endloop
  endfacet
  facet normal 0 0 -1
    outer loop
      vertex -3.42712 -52.2878 3
      vertex -2 -50 3
      vertex -2 -52.3345 3
    endloop
  endfacet
  facet normal -0 0 -1
    outer loop
      vertex -2 -50 3
      vertex -3.42712 -52.2878 3
      vertex -3.27016 -49.8929 3
    endloop
  endfacet
  facet normal 0 0 -1
    outer loop
      vertex -3.42712 -52.2878 3
      vertex -6.52631 -49.5722 3
      vertex -3.27016 -49.8929 3
    endloop
  endfacet
  facet normal 0 0 -1
    outer loop
      vertex -6.83957 -51.9517 3
      vertex -6.52631 -49.5722 3
      vertex -3.42712 -52.2878 3
    endloop
  endfacet
  facet normal 0 0 -1
    outer loop
      vertex -6.83957 -51.9517 3
      vertex -9.75452 -49.0393 3
      vertex -6.52631 -49.5722 3
    endloop
  endfacet
  facet normal 0 0 -1
    outer loop
      vertex -10.2227 -51.3932 3
      vertex -9.75452 -49.0393 3
      vertex -6.83957 -51.9517 3
    endloop
  endfacet
  facet normal 0 0 -1
    outer loop
      vertex -10.2227 -51.3932 3
      vertex -12.941 -48.2963 3
      vertex -9.75452 -49.0393 3
    endloop
  endfacet
  facet normal 0 0 -1
    outer loop
      vertex -13.5621 -50.6145 3
      vertex -12.941 -48.2963 3
      vertex -10.2227 -51.3932 3
    endloop
  endfacet
  facet normal 0 0 -1
    outer loop
      vertex -13.5621 -50.6145 3
      vertex -16.072 -47.3465 3
      vertex -12.941 -48.2963 3
    endloop
  endfacet
  facet normal 0 0 -1
    outer loop
      vertex -16.8434 -49.6191 3
      vertex -16.072 -47.3465 3
      vertex -13.5621 -50.6145 3
    endloop
  endfacet
  facet normal 0 0 -1
    outer loop
      vertex -16.8434 -49.6191 3
      vertex -19.1342 -46.194 3
      vertex -16.072 -47.3465 3
    endloop
  endfacet
  facet normal 0 0 -1
    outer loop
      vertex -20.0526 -48.4113 3
      vertex -19.1342 -46.194 3
      vertex -16.8434 -49.6191 3
    endloop
  endfacet
  facet normal 0 0 -1
    outer loop
      vertex -20.0526 -48.4113 3
      vertex -22.1144 -44.8436 3
      vertex -19.1342 -46.194 3
    endloop
  endfacet
  facet normal 0 0 -1
    outer loop
      vertex -23.1759 -46.9961 3
      vertex -22.1144 -44.8436 3
      vertex -20.0526 -48.4113 3
    endloop
  endfacet
  facet normal 0 0 -1
    outer loop
      vertex -23.1759 -46.9961 3
      vertex -25 -43.3013 3
      vertex -22.1144 -44.8436 3
    endloop
  endfacet
  facet normal 0 0 -1
    outer loop
      vertex -26.2 -45.3797 3
      vertex -25 -43.3013 3
      vertex -23.1759 -46.9961 3
    endloop
  endfacet
  facet normal 0 0 -1
    outer loop
      vertex -26.2 -45.3797 3
      vertex -27.7785 -41.5735 3
      vertex -25 -43.3013 3
    endloop
  endfacet
  facet normal 0 0 -1
    outer loop
      vertex -29.1119 -43.569 3
      vertex -27.7785 -41.5735 3
      vertex -26.2 -45.3797 3
    endloop
  endfacet
  facet normal 0 0 -1
    outer loop
      vertex -29.1119 -43.569 3
      vertex -30.4381 -39.6677 3
      vertex -27.7785 -41.5735 3
    endloop
  endfacet
  facet normal 0 0 -1
    outer loop
      vertex -31.8991 -41.5717 3
      vertex -30.4381 -39.6677 3
      vertex -29.1119 -43.569 3
    endloop
  endfacet
  facet normal 0 0 -1
    outer loop
      vertex -31.8991 -41.5717 3
      vertex -32.9673 -37.592 3
      vertex -30.4381 -39.6677 3
    endloop
  endfacet
  facet normal 0 0 -1
    outer loop
      vertex -34.5497 -39.3964 3
      vertex -32.9673 -37.592 3
      vertex -31.8991 -41.5717 3
    endloop
  endfacet
  facet normal 0 0 -1
    outer loop
      vertex -34.5497 -39.3964 3
      vertex -35.3553 -35.3553 3
      vertex -32.9673 -37.592 3
    endloop
  endfacet
  facet normal 0 0 -1
    outer loop
      vertex -37.0524 -37.0524 3
      vertex -35.3553 -35.3553 3
      vertex -34.5497 -39.3964 3
    endloop
  endfacet
  facet normal 0 0 -1
    outer loop
      vertex -37.0524 -37.0524 3
      vertex -37.592 -32.9673 3
      vertex -35.3553 -35.3553 3
    endloop
  endfacet
  facet normal 0 0 -1
    outer loop
      vertex -39.3964 -34.5497 3
      vertex -37.592 -32.9673 3
      vertex -37.0524 -37.0524 3
    endloop
  endfacet
  facet normal 0 0 -1
    outer loop
      vertex -39.3964 -34.5497 3
      vertex -39.6677 -30.4381 3
      vertex -37.592 -32.9673 3
    endloop
  endfacet
  facet normal 0 0 -1
    outer loop
      vertex -41.5717 -31.8991 3
      vertex -39.6677 -30.4381 3
      vertex -39.3964 -34.5497 3
    endloop
  endfacet
  facet normal 0 0 -1
    outer loop
      vertex -41.5717 -31.8991 3
      vertex -41.5735 -27.7785 3
      vertex -39.6677 -30.4381 3
    endloop
  endfacet
  facet normal 0 0 -1
    outer loop
      vertex -43.569 -29.1119 3
      vertex -41.5735 -27.7785 3
      vertex -41.5717 -31.8991 3
    endloop
  endfacet
  facet normal -0 0 -1
    outer loop
      vertex -41.5735 -27.7785 3
      vertex -43.569 -29.1119 3
      vertex -43.3013 -25 3
    endloop
  endfacet
  facet normal 0 0 -1
    outer loop
      vertex -45.3797 -26.2 3
      vertex -43.3013 -25 3
      vertex -43.569 -29.1119 3
    endloop
  endfacet
  facet normal -0 0 -1
    outer loop
      vertex -43.3013 -25 3
      vertex -45.3797 -26.2 3
      vertex -44.8436 -22.1144 3
    endloop
  endfacet
  facet normal 0 0 -1
    outer loop
      vertex -46.9961 -23.1759 3
      vertex -44.8436 -22.1144 3
      vertex -45.3797 -26.2 3
    endloop
  endfacet
  facet normal -0 0 -1
    outer loop
      vertex -44.8436 -22.1144 3
      vertex -46.9961 -23.1759 3
      vertex -46.194 -19.1342 3
    endloop
  endfacet
  facet normal 0 0 -1
    outer loop
      vertex -48.4113 -20.0526 3
      vertex -46.194 -19.1342 3
      vertex -46.9961 -23.1759 3
    endloop
  endfacet
  facet normal -0 0 -1
    outer loop
      vertex -46.194 -19.1342 3
      vertex -48.4113 -20.0526 3
      vertex -47.3465 -16.072 3
    endloop
  endfacet
  facet normal 0 0 -1
    outer loop
      vertex -49.6191 -16.8434 3
      vertex -47.3465 -16.072 3
      vertex -48.4113 -20.0526 3
    endloop
  endfacet
  facet normal -0 0 -1
    outer loop
      vertex -47.3465 -16.072 3
      vertex -49.6191 -16.8434 3
      vertex -48.2963 -12.941 3
    endloop
  endfacet
  facet normal 0 0 -1
    outer loop
      vertex -50.6145 -13.5621 3
      vertex -48.2963 -12.941 3
      vertex -49.6191 -16.8434 3
    endloop
  endfacet
  facet normal -0 0 -1
    outer loop
      vertex -48.2963 -12.941 3
      vertex -50.6145 -13.5621 3
      vertex -49.0393 -9.75452 3
    endloop
  endfacet
  facet normal 0 0 -1
    outer loop
      vertex -51.3932 -10.2227 3
      vertex -49.0393 -9.75452 3
      vertex -50.6145 -13.5621 3
    endloop
  endfacet
  facet normal -0 0 -1
    outer loop
      vertex -49.0393 -9.75452 3
      vertex -51.3932 -10.2227 3
      vertex -49.5722 -6.52631 3
    endloop
  endfacet
  facet normal 0 0 -1
    outer loop
      vertex -51.9517 -6.83957 3
      vertex -49.5722 -6.52631 3
      vertex -51.3932 -10.2227 3
    endloop
  endfacet
  facet normal 0 0 -1
    outer loop
      vertex 50 0 3
      vertex 52.4 0 3
      vertex 52.2878 -3.42712 3
    endloop
  endfacet
  facet normal 0 0 -1
    outer loop
      vertex 49.8929 -3.27016 3
      vertex 52.2878 -3.42712 3
      vertex 51.9517 -6.83957 3
    endloop
  endfacet
  facet normal 0 0 -1
    outer loop
      vertex 52.4 0 3
      vertex 50 0 3
      vertex 52.2878 3.42712 3
    endloop
  endfacet
  facet normal 0 0 -1
    outer loop
      vertex 49.5722 -6.52631 3
      vertex 51.9517 -6.83957 3
      vertex 51.3932 -10.2227 3
    endloop
  endfacet
  facet normal 0 0 -1
    outer loop
      vertex 49.8929 3.27016 3
      vertex 52.2878 3.42712 3
      vertex 50 0 3
    endloop
  endfacet
  facet normal 0 0 -1
    outer loop
      vertex 49.0393 -9.75452 3
      vertex 51.3932 -10.2227 3
      vertex 50.6145 -13.5621 3
    endloop
  endfacet
  facet normal -0 0 -1
    outer loop
      vertex 52.2878 3.42712 3
      vertex 49.8929 3.27016 3
      vertex 51.9517 6.83957 3
    endloop
  endfacet
  facet normal 0 0 -1
    outer loop
      vertex 49.5722 6.52631 3
      vertex 51.9517 6.83957 3
      vertex 49.8929 3.27016 3
    endloop
  endfacet
  facet normal 0 0 -1
    outer loop
      vertex 52.2878 -3.42712 3
      vertex 49.8929 -3.27016 3
      vertex 50 0 3
    endloop
  endfacet
  facet normal 0 0 -1
    outer loop
      vertex 48.2963 -12.941 3
      vertex 50.6145 -13.5621 3
      vertex 49.6191 -16.8434 3
    endloop
  endfacet
  facet normal 0 0 -1
    outer loop
      vertex 51.9517 -6.83957 3
      vertex 49.5722 -6.52631 3
      vertex 49.8929 -3.27016 3
    endloop
  endfacet
  facet normal 0 0 -1
    outer loop
      vertex 51.3932 -10.2227 3
      vertex 49.0393 -9.75452 3
      vertex 49.5722 -6.52631 3
    endloop
  endfacet
  facet normal 0 0 -1
    outer loop
      vertex 47.3465 -16.072 3
      vertex 49.6191 -16.8434 3
      vertex 48.4113 -20.0526 3
    endloop
  endfacet
  facet normal 0 0 -1
    outer loop
      vertex 50.6145 -13.5621 3
      vertex 48.2963 -12.941 3
      vertex 49.0393 -9.75452 3
    endloop
  endfacet
  facet normal 0 0 -1
    outer loop
      vertex 49.6191 -16.8434 3
      vertex 47.3465 -16.072 3
      vertex 48.2963 -12.941 3
    endloop
  endfacet
  facet normal 0 0 -1
    outer loop
      vertex 46.194 -19.1342 3
      vertex 48.4113 -20.0526 3
      vertex 46.9961 -23.1759 3
    endloop
  endfacet
  facet normal 0 0 -1
    outer loop
      vertex 48.4113 -20.0526 3
      vertex 46.194 -19.1342 3
      vertex 47.3465 -16.072 3
    endloop
  endfacet
  facet normal 0 0 -1
    outer loop
      vertex 44.8436 -22.1144 3
      vertex 46.9961 -23.1759 3
      vertex 45.3797 -26.2 3
    endloop
  endfacet
  facet normal 0 0 -1
    outer loop
      vertex 46.9961 -23.1759 3
      vertex 44.8436 -22.1144 3
      vertex 46.194 -19.1342 3
    endloop
  endfacet
  facet normal 0 0 -1
    outer loop
      vertex 43.3013 -25 3
      vertex 45.3797 -26.2 3
      vertex 43.569 -29.1119 3
    endloop
  endfacet
  facet normal 0 0 -1
    outer loop
      vertex 45.3797 -26.2 3
      vertex 43.3013 -25 3
      vertex 44.8436 -22.1144 3
    endloop
  endfacet
  facet normal 0 0 -1
    outer loop
      vertex 43.569 -29.1119 3
      vertex 41.5735 -27.7785 3
      vertex 43.3013 -25 3
    endloop
  endfacet
  facet normal 0 0 -1
    outer loop
      vertex 41.5717 -31.8991 3
      vertex 41.5735 -27.7785 3
      vertex 43.569 -29.1119 3
    endloop
  endfacet
  facet normal 0 0 -1
    outer loop
      vertex 41.5717 -31.8991 3
      vertex 39.6677 -30.4381 3
      vertex 41.5735 -27.7785 3
    endloop
  endfacet
  facet normal 0 0 -1
    outer loop
      vertex 39.3964 -34.5497 3
      vertex 39.6677 -30.4381 3
      vertex 41.5717 -31.8991 3
    endloop
  endfacet
  facet normal 0 0 -1
    outer loop
      vertex 39.3964 -34.5497 3
      vertex 37.592 -32.9673 3
      vertex 39.6677 -30.4381 3
    endloop
  endfacet
  facet normal 0 0 -1
    outer loop
      vertex 37.0524 -37.0524 3
      vertex 37.592 -32.9673 3
      vertex 39.3964 -34.5497 3
    endloop
  endfacet
  facet normal 0 0 -1
    outer loop
      vertex 37.0524 -37.0524 3
      vertex 35.3553 -35.3553 3
      vertex 37.592 -32.9673 3
    endloop
  endfacet
  facet normal 0 0 -1
    outer loop
      vertex 34.5497 -39.3964 3
      vertex 35.3553 -35.3553 3
      vertex 37.0524 -37.0524 3
    endloop
  endfacet
  facet normal 0 0 -1
    outer loop
      vertex 34.5497 -39.3964 3
      vertex 32.9673 -37.592 3
      vertex 35.3553 -35.3553 3
    endloop
  endfacet
  facet normal 0 0 -1
    outer loop
      vertex 31.8991 -41.5717 3
      vertex 32.9673 -37.592 3
      vertex 34.5497 -39.3964 3
    endloop
  endfacet
  facet normal 0 0 -1
    outer loop
      vertex 31.8991 -41.5717 3
      vertex 30.4381 -39.6677 3
      vertex 32.9673 -37.592 3
    endloop
  endfacet
  facet normal 0 0 -1
    outer loop
      vertex 29.1119 -43.569 3
      vertex 30.4381 -39.6677 3
      vertex 31.8991 -41.5717 3
    endloop
  endfacet
  facet normal 0 0 -1
    outer loop
      vertex 29.1119 -43.569 3
      vertex 27.7785 -41.5735 3
      vertex 30.4381 -39.6677 3
    endloop
  endfacet
  facet normal 0 0 -1
    outer loop
      vertex 26.2 -45.3797 3
      vertex 27.7785 -41.5735 3
      vertex 29.1119 -43.569 3
    endloop
  endfacet
  facet normal 0 0 -1
    outer loop
      vertex 26.2 -45.3797 3
      vertex 25 -43.3013 3
      vertex 27.7785 -41.5735 3
    endloop
  endfacet
  facet normal 0 0 -1
    outer loop
      vertex 23.1759 -46.9961 3
      vertex 25 -43.3013 3
      vertex 26.2 -45.3797 3
    endloop
  endfacet
  facet normal 0 0 -1
    outer loop
      vertex 23.1759 -46.9961 3
      vertex 22.1144 -44.8436 3
      vertex 25 -43.3013 3
    endloop
  endfacet
  facet normal 0 0 -1
    outer loop
      vertex 20.0526 -48.4113 3
      vertex 22.1144 -44.8436 3
      vertex 23.1759 -46.9961 3
    endloop
  endfacet
  facet normal 0 0 -1
    outer loop
      vertex 20.0526 -48.4113 3
      vertex 19.1342 -46.194 3
      vertex 22.1144 -44.8436 3
    endloop
  endfacet
  facet normal 0 0 -1
    outer loop
      vertex 16.8434 -49.6191 3
      vertex 19.1342 -46.194 3
      vertex 20.0526 -48.4113 3
    endloop
  endfacet
  facet normal 0 0 -1
    outer loop
      vertex 16.8434 -49.6191 3
      vertex 16.072 -47.3465 3
      vertex 19.1342 -46.194 3
    endloop
  endfacet
  facet normal 0 0 -1
    outer loop
      vertex 13.5621 -50.6145 3
      vertex 16.072 -47.3465 3
      vertex 16.8434 -49.6191 3
    endloop
  endfacet
  facet normal 0 0 -1
    outer loop
      vertex 13.5621 -50.6145 3
      vertex 12.941 -48.2963 3
      vertex 16.072 -47.3465 3
    endloop
  endfacet
  facet normal 0 0 -1
    outer loop
      vertex 10.2227 -51.3932 3
      vertex 12.941 -48.2963 3
      vertex 13.5621 -50.6145 3
    endloop
  endfacet
  facet normal 0 0 -1
    outer loop
      vertex 10.2227 -51.3932 3
      vertex 9.75452 -49.0393 3
      vertex 12.941 -48.2963 3
    endloop
  endfacet
  facet normal 0 0 -1
    outer loop
      vertex 6.83957 -51.9517 3
      vertex 9.75452 -49.0393 3
      vertex 10.2227 -51.3932 3
    endloop
  endfacet
  facet normal 0 0 -1
    outer loop
      vertex 6.83957 -51.9517 3
      vertex 6.52631 -49.5722 3
      vertex 9.75452 -49.0393 3
    endloop
  endfacet
  facet normal 0 0 -1
    outer loop
      vertex 3.42712 -52.2878 3
      vertex 6.52631 -49.5722 3
      vertex 6.83957 -51.9517 3
    endloop
  endfacet
  facet normal 0 0 -1
    outer loop
      vertex 3.42712 -52.2878 3
      vertex 3.27016 -49.8929 3
      vertex 6.52631 -49.5722 3
    endloop
  endfacet
  facet normal 0 0 -1
    outer loop
      vertex 2 -50 3
      vertex 3.42712 -52.2878 3
      vertex 2 -52.3345 3
    endloop
  endfacet
  facet normal 0 0 -1
    outer loop
      vertex 3.42712 -52.2878 3
      vertex 2 -50 3
      vertex 3.27016 -49.8929 3
    endloop
  endfacet
  facet normal 0 0 -1
    outer loop
      vertex 3.27016 -49.8929 3
      vertex 2 -50 3
      vertex 0 -50 3
    endloop
  endfacet
  facet normal -0 0 -1
    outer loop
      vertex 51.9517 6.83957 3
      vertex 49.5722 6.52631 3
      vertex 51.3932 10.2227 3
    endloop
  endfacet
  facet normal 0 0 -1
    outer loop
      vertex 49.0393 9.75452 3
      vertex 51.3932 10.2227 3
      vertex 49.5722 6.52631 3
    endloop
  endfacet
  facet normal -0 0 -1
    outer loop
      vertex 51.3932 10.2227 3
      vertex 49.0393 9.75452 3
      vertex 50.6145 13.5621 3
    endloop
  endfacet
  facet normal 0 0 -1
    outer loop
      vertex 48.2963 12.941 3
      vertex 50.6145 13.5621 3
      vertex 49.0393 9.75452 3
    endloop
  endfacet
  facet normal -0 0 -1
    outer loop
      vertex 50.6145 13.5621 3
      vertex 48.2963 12.941 3
      vertex 49.6191 16.8434 3
    endloop
  endfacet
  facet normal 0 0 -1
    outer loop
      vertex 47.3465 16.072 3
      vertex 49.6191 16.8434 3
      vertex 48.2963 12.941 3
    endloop
  endfacet
  facet normal -0 0 -1
    outer loop
      vertex 49.6191 16.8434 3
      vertex 47.3465 16.072 3
      vertex 48.4113 20.0526 3
    endloop
  endfacet
  facet normal 0 0 -1
    outer loop
      vertex 46.194 19.1342 3
      vertex 48.4113 20.0526 3
      vertex 47.3465 16.072 3
    endloop
  endfacet
  facet normal -0 0 -1
    outer loop
      vertex 48.4113 20.0526 3
      vertex 46.194 19.1342 3
      vertex 46.9961 23.1759 3
    endloop
  endfacet
  facet normal 0 0 -1
    outer loop
      vertex 44.8436 22.1144 3
      vertex 46.9961 23.1759 3
      vertex 46.194 19.1342 3
    endloop
  endfacet
  facet normal -0 0 -1
    outer loop
      vertex 46.9961 23.1759 3
      vertex 44.8436 22.1144 3
      vertex 45.3797 26.2 3
    endloop
  endfacet
  facet normal 0 0 -1
    outer loop
      vertex 43.3013 25 3
      vertex 45.3797 26.2 3
      vertex 44.8436 22.1144 3
    endloop
  endfacet
  facet normal -0 0 -1
    outer loop
      vertex 45.3797 26.2 3
      vertex 43.3013 25 3
      vertex 43.569 29.1119 3
    endloop
  endfacet
  facet normal 0 0 -1
    outer loop
      vertex 41.5735 27.7785 3
      vertex 43.569 29.1119 3
      vertex 43.3013 25 3
    endloop
  endfacet
  facet normal 0 0 -1
    outer loop
      vertex 41.5735 27.7785 3
      vertex 41.5717 31.8991 3
      vertex 43.569 29.1119 3
    endloop
  endfacet
  facet normal 0 0 -1
    outer loop
      vertex 39.6677 30.4381 3
      vertex 41.5717 31.8991 3
      vertex 41.5735 27.7785 3
    endloop
  endfacet
  facet normal 0 0 -1
    outer loop
      vertex 39.6677 30.4381 3
      vertex 39.3964 34.5497 3
      vertex 41.5717 31.8991 3
    endloop
  endfacet
  facet normal 0 0 -1
    outer loop
      vertex 37.592 32.9673 3
      vertex 39.3964 34.5497 3
      vertex 39.6677 30.4381 3
    endloop
  endfacet
  facet normal 0 0 -1
    outer loop
      vertex 37.592 32.9673 3
      vertex 37.0524 37.0524 3
      vertex 39.3964 34.5497 3
    endloop
  endfacet
  facet normal 0 0 -1
    outer loop
      vertex 35.3553 35.3553 3
      vertex 37.0524 37.0524 3
      vertex 37.592 32.9673 3
    endloop
  endfacet
  facet normal 0 0 -1
    outer loop
      vertex 35.3553 35.3553 3
      vertex 34.5497 39.3964 3
      vertex 37.0524 37.0524 3
    endloop
  endfacet
  facet normal 0 0 -1
    outer loop
      vertex 32.9673 37.592 3
      vertex 34.5497 39.3964 3
      vertex 35.3553 35.3553 3
    endloop
  endfacet
  facet normal 0 0 -1
    outer loop
      vertex 32.9673 37.592 3
      vertex 31.8991 41.5717 3
      vertex 34.5497 39.3964 3
    endloop
  endfacet
  facet normal 0 0 -1
    outer loop
      vertex 30.4381 39.6677 3
      vertex 31.8991 41.5717 3
      vertex 32.9673 37.592 3
    endloop
  endfacet
  facet normal 0 0 -1
    outer loop
      vertex 30.4381 39.6677 3
      vertex 29.1119 43.569 3
      vertex 31.8991 41.5717 3
    endloop
  endfacet
  facet normal 0 0 -1
    outer loop
      vertex 27.7785 41.5735 3
      vertex 29.1119 43.569 3
      vertex 30.4381 39.6677 3
    endloop
  endfacet
  facet normal 0 0 -1
    outer loop
      vertex 27.7785 41.5735 3
      vertex 26.2 45.3797 3
      vertex 29.1119 43.569 3
    endloop
  endfacet
  facet normal 0 0 -1
    outer loop
      vertex 25 43.3013 3
      vertex 26.2 45.3797 3
      vertex 27.7785 41.5735 3
    endloop
  endfacet
  facet normal 0 0 -1
    outer loop
      vertex 25 43.3013 3
      vertex 23.1759 46.9961 3
      vertex 26.2 45.3797 3
    endloop
  endfacet
  facet normal 0 0 -1
    outer loop
      vertex 22.1144 44.8436 3
      vertex 23.1759 46.9961 3
      vertex 25 43.3013 3
    endloop
  endfacet
  facet normal 0 0 -1
    outer loop
      vertex 22.1144 44.8436 3
      vertex 20.0526 48.4113 3
      vertex 23.1759 46.9961 3
    endloop
  endfacet
  facet normal 0 0 -1
    outer loop
      vertex 19.1342 46.194 3
      vertex 20.0526 48.4113 3
      vertex 22.1144 44.8436 3
    endloop
  endfacet
  facet normal 0 0 -1
    outer loop
      vertex 19.1342 46.194 3
      vertex 16.8434 49.6191 3
      vertex 20.0526 48.4113 3
    endloop
  endfacet
  facet normal 0 0 -1
    outer loop
      vertex 16.072 47.3465 3
      vertex 16.8434 49.6191 3
      vertex 19.1342 46.194 3
    endloop
  endfacet
  facet normal 0 0 -1
    outer loop
      vertex 16.072 47.3465 3
      vertex 13.5621 50.6145 3
      vertex 16.8434 49.6191 3
    endloop
  endfacet
  facet normal 0 0 -1
    outer loop
      vertex 12.941 48.2963 3
      vertex 13.5621 50.6145 3
      vertex 16.072 47.3465 3
    endloop
  endfacet
  facet normal 0 0 -1
    outer loop
      vertex 12.941 48.2963 3
      vertex 10.2227 51.3932 3
      vertex 13.5621 50.6145 3
    endloop
  endfacet
  facet normal 0 0 -1
    outer loop
      vertex 9.75452 49.0393 3
      vertex 10.2227 51.3932 3
      vertex 12.941 48.2963 3
    endloop
  endfacet
  facet normal 0 0 -1
    outer loop
      vertex 9.75452 49.0393 3
      vertex 6.83957 51.9517 3
      vertex 10.2227 51.3932 3
    endloop
  endfacet
  facet normal 0 0 -1
    outer loop
      vertex 6.52631 49.5722 3
      vertex 6.83957 51.9517 3
      vertex 9.75452 49.0393 3
    endloop
  endfacet
  facet normal 0 0 -1
    outer loop
      vertex 6.52631 49.5722 3
      vertex 3.42712 52.2878 3
      vertex 6.83957 51.9517 3
    endloop
  endfacet
  facet normal 0 0 -1
    outer loop
      vertex 3.27016 49.8929 3
      vertex 3.42712 52.2878 3
      vertex 6.52631 49.5722 3
    endloop
  endfacet
  facet normal 0 0 -1
    outer loop
      vertex 0 50 3
      vertex 3.42712 52.2878 3
      vertex 3.27016 49.8929 3
    endloop
  endfacet
  facet normal 0 0 -1
    outer loop
      vertex 0 50 3
      vertex 0 52.4 3
      vertex 3.42712 52.2878 3
    endloop
  endfacet
  facet normal 0 0 -1
    outer loop
      vertex -3.27016 49.8929 3
      vertex 0 52.4 3
      vertex 0 50 3
    endloop
  endfacet
  facet normal 0 0 -1
    outer loop
      vertex -3.27016 49.8929 3
      vertex -3.42712 52.2878 3
      vertex 0 52.4 3
    endloop
  endfacet
  facet normal 0 0 -1
    outer loop
      vertex -6.52631 49.5722 3
      vertex -3.42712 52.2878 3
      vertex -3.27016 49.8929 3
    endloop
  endfacet
  facet normal 0 0 -1
    outer loop
      vertex -6.52631 49.5722 3
      vertex -6.83957 51.9517 3
      vertex -3.42712 52.2878 3
    endloop
  endfacet
  facet normal 0 0 -1
    outer loop
      vertex -9.75452 49.0393 3
      vertex -6.83957 51.9517 3
      vertex -6.52631 49.5722 3
    endloop
  endfacet
  facet normal 0 0 -1
    outer loop
      vertex -9.75452 49.0393 3
      vertex -10.2227 51.3932 3
      vertex -6.83957 51.9517 3
    endloop
  endfacet
  facet normal 0 0 -1
    outer loop
      vertex -12.941 48.2963 3
      vertex -10.2227 51.3932 3
      vertex -9.75452 49.0393 3
    endloop
  endfacet
  facet normal 0 0 -1
    outer loop
      vertex -12.941 48.2963 3
      vertex -13.5621 50.6145 3
      vertex -10.2227 51.3932 3
    endloop
  endfacet
  facet normal 0 0 -1
    outer loop
      vertex -16.072 47.3465 3
      vertex -13.5621 50.6145 3
      vertex -12.941 48.2963 3
    endloop
  endfacet
  facet normal 0 0 -1
    outer loop
      vertex -16.072 47.3465 3
      vertex -16.8434 49.6191 3
      vertex -13.5621 50.6145 3
    endloop
  endfacet
  facet normal 0 0 -1
    outer loop
      vertex -19.1342 46.194 3
      vertex -16.8434 49.6191 3
      vertex -16.072 47.3465 3
    endloop
  endfacet
  facet normal 0 0 -1
    outer loop
      vertex -19.1342 46.194 3
      vertex -20.0526 48.4113 3
      vertex -16.8434 49.6191 3
    endloop
  endfacet
  facet normal 0 0 -1
    outer loop
      vertex -22.1144 44.8436 3
      vertex -20.0526 48.4113 3
      vertex -19.1342 46.194 3
    endloop
  endfacet
  facet normal 0 0 -1
    outer loop
      vertex -22.1144 44.8436 3
      vertex -23.1759 46.9961 3
      vertex -20.0526 48.4113 3
    endloop
  endfacet
  facet normal 0 0 -1
    outer loop
      vertex -25 43.3013 3
      vertex -23.1759 46.9961 3
      vertex -22.1144 44.8436 3
    endloop
  endfacet
  facet normal 0 0 -1
    outer loop
      vertex -25 43.3013 3
      vertex -26.2 45.3797 3
      vertex -23.1759 46.9961 3
    endloop
  endfacet
  facet normal 0 0 -1
    outer loop
      vertex -27.7785 41.5735 3
      vertex -26.2 45.3797 3
      vertex -25 43.3013 3
    endloop
  endfacet
  facet normal 0 0 -1
    outer loop
      vertex -27.7785 41.5735 3
      vertex -29.1119 43.569 3
      vertex -26.2 45.3797 3
    endloop
  endfacet
  facet normal 0 0 -1
    outer loop
      vertex -30.4381 39.6677 3
      vertex -29.1119 43.569 3
      vertex -27.7785 41.5735 3
    endloop
  endfacet
  facet normal 0 0 -1
    outer loop
      vertex -30.4381 39.6677 3
      vertex -31.8991 41.5717 3
      vertex -29.1119 43.569 3
    endloop
  endfacet
  facet normal 0 0 -1
    outer loop
      vertex -32.9673 37.592 3
      vertex -31.8991 41.5717 3
      vertex -30.4381 39.6677 3
    endloop
  endfacet
  facet normal 0 0 -1
    outer loop
      vertex -32.9673 37.592 3
      vertex -34.5497 39.3964 3
      vertex -31.8991 41.5717 3
    endloop
  endfacet
  facet normal 0 0 -1
    outer loop
      vertex -35.3553 35.3553 3
      vertex -34.5497 39.3964 3
      vertex -32.9673 37.592 3
    endloop
  endfacet
  facet normal 0 0 -1
    outer loop
      vertex -35.3553 35.3553 3
      vertex -37.0524 37.0524 3
      vertex -34.5497 39.3964 3
    endloop
  endfacet
  facet normal 0 0 -1
    outer loop
      vertex -37.592 32.9673 3
      vertex -37.0524 37.0524 3
      vertex -35.3553 35.3553 3
    endloop
  endfacet
  facet normal 0 0 -1
    outer loop
      vertex -37.592 32.9673 3
      vertex -39.3964 34.5497 3
      vertex -37.0524 37.0524 3
    endloop
  endfacet
  facet normal 0 0 -1
    outer loop
      vertex -39.6677 30.4381 3
      vertex -39.3964 34.5497 3
      vertex -37.592 32.9673 3
    endloop
  endfacet
  facet normal 0 0 -1
    outer loop
      vertex -39.6677 30.4381 3
      vertex -41.5717 31.8991 3
      vertex -39.3964 34.5497 3
    endloop
  endfacet
  facet normal 0 0 -1
    outer loop
      vertex -41.5735 27.7785 3
      vertex -41.5717 31.8991 3
      vertex -39.6677 30.4381 3
    endloop
  endfacet
  facet normal 0 0 -1
    outer loop
      vertex -43.569 29.1119 3
      vertex -41.5735 27.7785 3
      vertex -43.3013 25 3
    endloop
  endfacet
  facet normal 0 0 -1
    outer loop
      vertex -41.5735 27.7785 3
      vertex -43.569 29.1119 3
      vertex -41.5717 31.8991 3
    endloop
  endfacet
  facet normal 0 0 -1
    outer loop
      vertex -45.3797 26.2 3
      vertex -43.3013 25 3
      vertex -44.8436 22.1144 3
    endloop
  endfacet
  facet normal 0 0 -1
    outer loop
      vertex -43.3013 25 3
      vertex -45.3797 26.2 3
      vertex -43.569 29.1119 3
    endloop
  endfacet
  facet normal 0 0 -1
    outer loop
      vertex -46.9961 23.1759 3
      vertex -44.8436 22.1144 3
      vertex -46.194 19.1342 3
    endloop
  endfacet
  facet normal 0 0 -1
    outer loop
      vertex -44.8436 22.1144 3
      vertex -46.9961 23.1759 3
      vertex -45.3797 26.2 3
    endloop
  endfacet
  facet normal 0 0 -1
    outer loop
      vertex -48.4113 20.0526 3
      vertex -46.194 19.1342 3
      vertex -47.3465 16.072 3
    endloop
  endfacet
  facet normal 0 0 -1
    outer loop
      vertex -49.6191 16.8434 3
      vertex -47.3465 16.072 3
      vertex -48.2963 12.941 3
    endloop
  endfacet
  facet normal 0 0 -1
    outer loop
      vertex -46.194 19.1342 3
      vertex -48.4113 20.0526 3
      vertex -46.9961 23.1759 3
    endloop
  endfacet
  facet normal 0 0 -1
    outer loop
      vertex -50.6145 13.5621 3
      vertex -48.2963 12.941 3
      vertex -49.0393 9.75452 3
    endloop
  endfacet
  facet normal 0 0 -1
    outer loop
      vertex -51.3932 10.2227 3
      vertex -49.0393 9.75452 3
      vertex -49.5722 6.52631 3
    endloop
  endfacet
  facet normal 0 0 -1
    outer loop
      vertex -47.3465 16.072 3
      vertex -49.6191 16.8434 3
      vertex -48.4113 20.0526 3
    endloop
  endfacet
  facet normal 0 0 -1
    outer loop
      vertex -51.9517 6.83957 3
      vertex -49.5722 6.52631 3
      vertex -49.8929 3.27016 3
    endloop
  endfacet
  facet normal 0 0 -1
    outer loop
      vertex -52.2878 3.42712 3
      vertex -49.8929 3.27016 3
      vertex -50 0 3
    endloop
  endfacet
  facet normal -0 0 -1
    outer loop
      vertex -49.5722 -6.52631 3
      vertex -51.9517 -6.83957 3
      vertex -49.8929 -3.27016 3
    endloop
  endfacet
  facet normal 0 0 -1
    outer loop
      vertex -48.2963 12.941 3
      vertex -50.6145 13.5621 3
      vertex -49.6191 16.8434 3
    endloop
  endfacet
  facet normal 0 0 -1
    outer loop
      vertex -52.2878 -3.42712 3
      vertex -49.8929 -3.27016 3
      vertex -51.9517 -6.83957 3
    endloop
  endfacet
  facet normal 0 0 -1
    outer loop
      vertex -49.0393 9.75452 3
      vertex -51.3932 10.2227 3
      vertex -50.6145 13.5621 3
    endloop
  endfacet
  facet normal -0 0 -1
    outer loop
      vertex -49.8929 -3.27016 3
      vertex -52.2878 -3.42712 3
      vertex -50 0 3
    endloop
  endfacet
  facet normal 0 0 -1
    outer loop
      vertex -49.5722 6.52631 3
      vertex -51.9517 6.83957 3
      vertex -51.3932 10.2227 3
    endloop
  endfacet
  facet normal 0 0 -1
    outer loop
      vertex -52.4 0 3
      vertex -50 0 3
      vertex -52.2878 -3.42712 3
    endloop
  endfacet
  facet normal 0 0 -1
    outer loop
      vertex -49.8929 3.27016 3
      vertex -52.2878 3.42712 3
      vertex -51.9517 6.83957 3
    endloop
  endfacet
  facet normal 0 0 -1
    outer loop
      vertex -50 0 3
      vertex -52.4 0 3
      vertex -52.2878 3.42712 3
    endloop
  endfacet
  facet normal 0 0 -1
    outer loop
      vertex 0 -50 3
      vertex -2 -50 3
      vertex -3.27016 -49.8929 3
    endloop
  endfacet
  facet normal -0.52806 0.849207 0
    outer loop
      vertex 29.1119 -43.569 0
      vertex 26.2 -45.3797 3
      vertex 29.1119 -43.569 3
    endloop
  endfacet
  facet normal -0.52806 0.849207 0
    outer loop
      vertex 26.2 -45.3797 3
      vertex 29.1119 -43.569 0
      vertex 26.2 -45.3797 0
    endloop
  endfacet
  facet normal 0.935911 -0.352235 0
    outer loop
      vertex -49.6191 16.8434 3
      vertex -48.4113 20.0526 0
      vertex -48.4113 20.0526 3
    endloop
  endfacet
  facet normal 0.935911 -0.352235 0
    outer loop
      vertex -48.4113 20.0526 0
      vertex -49.6191 16.8434 3
      vertex -49.6191 16.8434 0
    endloop
  endfacet
  facet normal 0.0327057 0.999465 -0
    outer loop
      vertex -2 -52.3345 0
      vertex -3.42712 -52.2878 3
      vertex -2 -52.3345 3
    endloop
  endfacet
  facet normal 0.0327057 0.999465 0
    outer loop
      vertex -3.42712 -52.2878 3
      vertex -2 -52.3345 0
      vertex -3.42712 -52.2878 0
    endloop
  endfacet
  facet normal -0.471393 0.881923 0
    outer loop
      vertex 26.2 -45.3797 0
      vertex 23.1759 -46.9961 3
      vertex 26.2 -45.3797 3
    endloop
  endfacet
  facet normal -0.471393 0.881923 0
    outer loop
      vertex 23.1759 -46.9961 3
      vertex 26.2 -45.3797 0
      vertex 23.1759 -46.9961 0
    endloop
  endfacet
  facet normal 0.973873 0.227093 0
    outer loop
      vertex -50.6145 -13.5621 3
      vertex -51.3932 -10.2227 0
      vertex -51.3932 -10.2227 3
    endloop
  endfacet
  facet normal 0.973873 0.227093 0
    outer loop
      vertex -51.3932 -10.2227 0
      vertex -50.6145 -13.5621 3
      vertex -50.6145 -13.5621 0
    endloop
  endfacet
  facet normal -0.582482 0.812844 0
    outer loop
      vertex 31.8991 -41.5717 0
      vertex 29.1119 -43.569 3
      vertex 31.8991 -41.5717 3
    endloop
  endfacet
  facet normal -0.582482 0.812844 0
    outer loop
      vertex 29.1119 -43.569 3
      vertex 31.8991 -41.5717 0
      vertex 29.1119 -43.569 0
    endloop
  endfacet
  facet normal 0.683587 -0.729869 0
    outer loop
      vertex -37.0524 37.0524 0
      vertex -34.5497 39.3964 3
      vertex -37.0524 37.0524 3
    endloop
  endfacet
  facet normal 0.683587 -0.729869 0
    outer loop
      vertex -34.5497 39.3964 3
      vertex -37.0524 37.0524 0
      vertex -34.5497 39.3964 0
    endloop
  endfacet
  facet normal -0.683587 0.729869 0
    outer loop
      vertex 37.0524 -37.0524 0
      vertex 34.5497 -39.3964 3
      vertex 37.0524 -37.0524 3
    endloop
  endfacet
  facet normal -0.683587 0.729869 0
    outer loop
      vertex 34.5497 -39.3964 3
      vertex 37.0524 -37.0524 0
      vertex 34.5497 -39.3964 0
    endloop
  endfacet
  facet normal 0.0327213 -0.999465 0
    outer loop
      vertex -3.42712 52.2878 0
      vertex 0 52.4 3
      vertex -3.42712 52.2878 3
    endloop
  endfacet
  facet normal 0.0327213 -0.999465 0
    outer loop
      vertex 0 52.4 3
      vertex -3.42712 52.2878 0
      vertex 0 52.4 0
    endloop
  endfacet
  facet normal 0.986646 -0.162879 0
    outer loop
      vertex -51.9517 6.83957 3
      vertex -51.3932 10.2227 0
      vertex -51.3932 10.2227 3
    endloop
  endfacet
  facet normal 0.986646 -0.162879 0
    outer loop
      vertex -51.3932 10.2227 0
      vertex -51.9517 6.83957 3
      vertex -51.9517 6.83957 0
    endloop
  endfacet
  facet normal -0.0327057 0.999465 0
    outer loop
      vertex 3.42712 -52.2878 0
      vertex 2 -52.3345 3
      vertex 3.42712 -52.2878 3
    endloop
  endfacet
  facet normal -0.0327057 0.999465 0
    outer loop
      vertex 2 -52.3345 3
      vertex 3.42712 -52.2878 0
      vertex 2 -52.3345 0
    endloop
  endfacet
  facet normal -0.290292 -0.956938 0
    outer loop
      vertex 13.5621 50.6145 0
      vertex 16.8434 49.6191 3
      vertex 13.5621 50.6145 3
    endloop
  endfacet
  facet normal -0.290292 -0.956938 -0
    outer loop
      vertex 16.8434 49.6191 3
      vertex 13.5621 50.6145 0
      vertex 16.8434 49.6191 0
    endloop
  endfacet
  facet normal 0.956938 0.290292 0
    outer loop
      vertex -49.6191 -16.8434 3
      vertex -50.6145 -13.5621 0
      vertex -50.6145 -13.5621 3
    endloop
  endfacet
  facet normal 0.956938 0.290292 0
    outer loop
      vertex -50.6145 -13.5621 0
      vertex -49.6191 -16.8434 3
      vertex -49.6191 -16.8434 0
    endloop
  endfacet
  facet normal -0.812844 0.582482 0
    outer loop
      vertex 41.5717 -31.8991 0
      vertex 43.569 -29.1119 3
      vertex 43.569 -29.1119 0
    endloop
  endfacet
  facet normal -0.812844 0.582482 0
    outer loop
      vertex 43.569 -29.1119 3
      vertex 41.5717 -31.8991 0
      vertex 41.5717 -31.8991 3
    endloop
  endfacet
  facet normal -0.773009 0.634395 0
    outer loop
      vertex 39.3964 -34.5497 0
      vertex 41.5717 -31.8991 3
      vertex 41.5717 -31.8991 0
    endloop
  endfacet
  facet normal -0.773009 0.634395 0
    outer loop
      vertex 41.5717 -31.8991 3
      vertex 39.3964 -34.5497 0
      vertex 39.3964 -34.5497 3
    endloop
  endfacet
  facet normal -0.582482 -0.812844 0
    outer loop
      vertex 29.1119 43.569 0
      vertex 31.8991 41.5717 3
      vertex 29.1119 43.569 3
    endloop
  endfacet
  facet normal -0.582482 -0.812844 -0
    outer loop
      vertex 31.8991 41.5717 3
      vertex 29.1119 43.569 0
      vertex 31.8991 41.5717 0
    endloop
  endfacet
  facet normal 0.098018 -0.995185 0
    outer loop
      vertex -6.83957 51.9517 0
      vertex -3.42712 52.2878 3
      vertex -6.83957 51.9517 3
    endloop
  endfacet
  facet normal 0.098018 -0.995185 0
    outer loop
      vertex -3.42712 52.2878 3
      vertex -6.83957 51.9517 0
      vertex -3.42712 52.2878 0
    endloop
  endfacet
  facet normal 0.986646 0.162879 0
    outer loop
      vertex -51.3932 -10.2227 3
      vertex -51.9517 -6.83957 0
      vertex -51.9517 -6.83957 3
    endloop
  endfacet
  facet normal 0.986646 0.162879 0
    outer loop
      vertex -51.9517 -6.83957 0
      vertex -51.3932 -10.2227 3
      vertex -51.3932 -10.2227 0
    endloop
  endfacet
  facet normal -0.910858 0.412719 0
    outer loop
      vertex 46.9961 -23.1759 0
      vertex 48.4113 -20.0526 3
      vertex 48.4113 -20.0526 0
    endloop
  endfacet
  facet normal -0.910858 0.412719 0
    outer loop
      vertex 48.4113 -20.0526 3
      vertex 46.9961 -23.1759 0
      vertex 46.9961 -23.1759 3
    endloop
  endfacet
  facet normal 0.729869 -0.683587 0
    outer loop
      vertex -39.3964 34.5497 3
      vertex -37.0524 37.0524 0
      vertex -37.0524 37.0524 3
    endloop
  endfacet
  facet normal 0.729869 -0.683587 0
    outer loop
      vertex -37.0524 37.0524 0
      vertex -39.3964 34.5497 3
      vertex -39.3964 34.5497 0
    endloop
  endfacet
  facet normal 0.849207 -0.52806 0
    outer loop
      vertex -45.3797 26.2 3
      vertex -43.569 29.1119 0
      vertex -43.569 29.1119 3
    endloop
  endfacet
  facet normal 0.849207 -0.52806 0
    outer loop
      vertex -43.569 29.1119 0
      vertex -45.3797 26.2 3
      vertex -45.3797 26.2 0
    endloop
  endfacet
  facet normal -0.910858 -0.412719 0
    outer loop
      vertex 48.4113 20.0526 0
      vertex 46.9961 23.1759 3
      vertex 46.9961 23.1759 0
    endloop
  endfacet
  facet normal -0.910858 -0.412719 0
    outer loop
      vertex 46.9961 23.1759 3
      vertex 48.4113 20.0526 0
      vertex 48.4113 20.0526 3
    endloop
  endfacet
  facet normal -0.956938 -0.290292 0
    outer loop
      vertex 50.6145 13.5621 0
      vertex 49.6191 16.8434 3
      vertex 49.6191 16.8434 0
    endloop
  endfacet
  facet normal -0.956938 -0.290292 0
    outer loop
      vertex 49.6191 16.8434 3
      vertex 50.6145 13.5621 0
      vertex 50.6145 13.5621 3
    endloop
  endfacet
  facet normal -0.52806 -0.849207 0
    outer loop
      vertex 26.2 45.3797 0
      vertex 29.1119 43.569 3
      vertex 26.2 45.3797 3
    endloop
  endfacet
  facet normal -0.52806 -0.849207 -0
    outer loop
      vertex 29.1119 43.569 3
      vertex 26.2 45.3797 0
      vertex 29.1119 43.569 0
    endloop
  endfacet
  facet normal 0.999465 -0.0327213 0
    outer loop
      vertex -52.4 0 3
      vertex -52.2878 3.42712 0
      vertex -52.2878 3.42712 3
    endloop
  endfacet
  facet normal 0.999465 -0.0327213 0
    outer loop
      vertex -52.2878 3.42712 0
      vertex -52.4 0 3
      vertex -52.4 0 0
    endloop
  endfacet
  facet normal -0.412719 0.910858 0
    outer loop
      vertex 23.1759 -46.9961 0
      vertex 20.0526 -48.4113 3
      vertex 23.1759 -46.9961 3
    endloop
  endfacet
  facet normal -0.412719 0.910858 0
    outer loop
      vertex 20.0526 -48.4113 3
      vertex 23.1759 -46.9961 0
      vertex 20.0526 -48.4113 0
    endloop
  endfacet
  facet normal -0.290292 0.956938 0
    outer loop
      vertex 16.8434 -49.6191 0
      vertex 13.5621 -50.6145 3
      vertex 16.8434 -49.6191 3
    endloop
  endfacet
  facet normal -0.290292 0.956938 0
    outer loop
      vertex 13.5621 -50.6145 3
      vertex 16.8434 -49.6191 0
      vertex 13.5621 -50.6145 0
    endloop
  endfacet
  facet normal 0.910858 -0.412719 0
    outer loop
      vertex -48.4113 20.0526 3
      vertex -46.9961 23.1759 0
      vertex -46.9961 23.1759 3
    endloop
  endfacet
  facet normal 0.910858 -0.412719 0
    outer loop
      vertex -46.9961 23.1759 0
      vertex -48.4113 20.0526 3
      vertex -48.4113 20.0526 0
    endloop
  endfacet
  facet normal -0.729869 0.683587 0
    outer loop
      vertex 37.0524 -37.0524 0
      vertex 39.3964 -34.5497 3
      vertex 39.3964 -34.5497 0
    endloop
  endfacet
  facet normal -0.729869 0.683587 0
    outer loop
      vertex 39.3964 -34.5497 3
      vertex 37.0524 -37.0524 0
      vertex 37.0524 -37.0524 3
    endloop
  endfacet
  facet normal -0.849207 -0.52806 0
    outer loop
      vertex 45.3797 26.2 0
      vertex 43.569 29.1119 3
      vertex 43.569 29.1119 0
    endloop
  endfacet
  facet normal -0.849207 -0.52806 0
    outer loop
      vertex 43.569 29.1119 3
      vertex 45.3797 26.2 0
      vertex 45.3797 26.2 3
    endloop
  endfacet
  facet normal -0.683587 -0.729869 0
    outer loop
      vertex 34.5497 39.3964 0
      vertex 37.0524 37.0524 3
      vertex 34.5497 39.3964 3
    endloop
  endfacet
  facet normal -0.683587 -0.729869 -0
    outer loop
      vertex 37.0524 37.0524 3
      vertex 34.5497 39.3964 0
      vertex 37.0524 37.0524 0
    endloop
  endfacet
  facet normal 0.227093 -0.973873 0
    outer loop
      vertex -13.5621 50.6145 0
      vertex -10.2227 51.3932 3
      vertex -13.5621 50.6145 3
    endloop
  endfacet
  facet normal 0.227093 -0.973873 0
    outer loop
      vertex -10.2227 51.3932 3
      vertex -13.5621 50.6145 0
      vertex -10.2227 51.3932 0
    endloop
  endfacet
  facet normal 0.973873 -0.227093 0
    outer loop
      vertex -51.3932 10.2227 3
      vertex -50.6145 13.5621 0
      vertex -50.6145 13.5621 3
    endloop
  endfacet
  facet normal 0.973873 -0.227093 0
    outer loop
      vertex -50.6145 13.5621 0
      vertex -51.3932 10.2227 3
      vertex -51.3932 10.2227 0
    endloop
  endfacet
  facet normal 0.412719 -0.910858 0
    outer loop
      vertex -23.1759 46.9961 0
      vertex -20.0526 48.4113 3
      vertex -23.1759 46.9961 3
    endloop
  endfacet
  facet normal 0.412719 -0.910858 0
    outer loop
      vertex -20.0526 48.4113 3
      vertex -23.1759 46.9961 0
      vertex -20.0526 48.4113 0
    endloop
  endfacet
  facet normal 0.995185 0.098018 0
    outer loop
      vertex -51.9517 -6.83957 3
      vertex -52.2878 -3.42712 0
      vertex -52.2878 -3.42712 3
    endloop
  endfacet
  facet normal 0.995185 0.098018 0
    outer loop
      vertex -52.2878 -3.42712 0
      vertex -51.9517 -6.83957 3
      vertex -51.9517 -6.83957 0
    endloop
  endfacet
  facet normal 0.881923 0.471393 0
    outer loop
      vertex -45.3797 -26.2 3
      vertex -46.9961 -23.1759 0
      vertex -46.9961 -23.1759 3
    endloop
  endfacet
  facet normal 0.881923 0.471393 0
    outer loop
      vertex -46.9961 -23.1759 0
      vertex -45.3797 -26.2 3
      vertex -45.3797 -26.2 0
    endloop
  endfacet
  facet normal -0.227093 -0.973873 0
    outer loop
      vertex 10.2227 51.3932 0
      vertex 13.5621 50.6145 3
      vertex 10.2227 51.3932 3
    endloop
  endfacet
  facet normal -0.227093 -0.973873 -0
    outer loop
      vertex 13.5621 50.6145 3
      vertex 10.2227 51.3932 0
      vertex 13.5621 50.6145 0
    endloop
  endfacet
  facet normal -0.227093 0.973873 0
    outer loop
      vertex 13.5621 -50.6145 0
      vertex 10.2227 -51.3932 3
      vertex 13.5621 -50.6145 3
    endloop
  endfacet
  facet normal -0.227093 0.973873 0
    outer loop
      vertex 10.2227 -51.3932 3
      vertex 13.5621 -50.6145 0
      vertex 10.2227 -51.3932 0
    endloop
  endfacet
  facet normal 0.849207 0.52806 0
    outer loop
      vertex -43.569 -29.1119 3
      vertex -45.3797 -26.2 0
      vertex -45.3797 -26.2 3
    endloop
  endfacet
  facet normal 0.849207 0.52806 0
    outer loop
      vertex -45.3797 -26.2 0
      vertex -43.569 -29.1119 3
      vertex -43.569 -29.1119 0
    endloop
  endfacet
  facet normal 0.729869 0.683587 0
    outer loop
      vertex -37.0524 -37.0524 3
      vertex -39.3964 -34.5497 0
      vertex -39.3964 -34.5497 3
    endloop
  endfacet
  facet normal 0.729869 0.683587 0
    outer loop
      vertex -39.3964 -34.5497 0
      vertex -37.0524 -37.0524 3
      vertex -37.0524 -37.0524 0
    endloop
  endfacet
  facet normal 0.290292 -0.956938 0
    outer loop
      vertex -16.8434 49.6191 0
      vertex -13.5621 50.6145 3
      vertex -16.8434 49.6191 3
    endloop
  endfacet
  facet normal 0.290292 -0.956938 0
    outer loop
      vertex -13.5621 50.6145 3
      vertex -16.8434 49.6191 0
      vertex -13.5621 50.6145 0
    endloop
  endfacet
  facet normal 0.471393 0.881923 -0
    outer loop
      vertex -23.1759 -46.9961 0
      vertex -26.2 -45.3797 3
      vertex -23.1759 -46.9961 3
    endloop
  endfacet
  facet normal 0.471393 0.881923 0
    outer loop
      vertex -26.2 -45.3797 3
      vertex -23.1759 -46.9961 0
      vertex -26.2 -45.3797 0
    endloop
  endfacet
  facet normal 0.582482 -0.812844 0
    outer loop
      vertex -31.8991 41.5717 0
      vertex -29.1119 43.569 3
      vertex -31.8991 41.5717 3
    endloop
  endfacet
  facet normal 0.582482 -0.812844 0
    outer loop
      vertex -29.1119 43.569 3
      vertex -31.8991 41.5717 0
      vertex -29.1119 43.569 0
    endloop
  endfacet
  facet normal -0.0980163 -0.995185 0
    outer loop
      vertex -6.52631 -49.5722 0
      vertex -3.27016 -49.8929 3
      vertex -6.52631 -49.5722 3
    endloop
  endfacet
  facet normal -0.0980163 -0.995185 -0
    outer loop
      vertex -3.27016 -49.8929 3
      vertex -6.52631 -49.5722 0
      vertex -3.27016 -49.8929 0
    endloop
  endfacet
  facet normal 0.999464 0.0327331 0
    outer loop
      vertex 50 0 3
      vertex 49.8929 3.27016 0
      vertex 49.8929 3.27016 3
    endloop
  endfacet
  facet normal 0.999464 0.0327331 0
    outer loop
      vertex 49.8929 3.27016 0
      vertex 50 0 3
      vertex 50 0 0
    endloop
  endfacet
  facet normal 0.995185 -0.0980163 0
    outer loop
      vertex 49.5722 -6.52631 3
      vertex 49.8929 -3.27016 0
      vertex 49.8929 -3.27016 3
    endloop
  endfacet
  facet normal 0.995185 -0.0980163 0
    outer loop
      vertex 49.8929 -3.27016 0
      vertex 49.5722 -6.52631 3
      vertex 49.5722 -6.52631 0
    endloop
  endfacet
  facet normal 0.999464 -0.0327331 0
    outer loop
      vertex 49.8929 -3.27016 3
      vertex 50 0 0
      vertex 50 0 3
    endloop
  endfacet
  facet normal 0.999464 -0.0327331 0
    outer loop
      vertex 50 0 0
      vertex 49.8929 -3.27016 3
      vertex 49.8929 -3.27016 0
    endloop
  endfacet
  facet normal 0.986647 -0.162872 0
    outer loop
      vertex 49.0393 -9.75452 3
      vertex 49.5722 -6.52631 0
      vertex 49.5722 -6.52631 3
    endloop
  endfacet
  facet normal 0.986647 -0.162872 0
    outer loop
      vertex 49.5722 -6.52631 0
      vertex 49.0393 -9.75452 3
      vertex 49.0393 -9.75452 0
    endloop
  endfacet
  facet normal -0.935909 0.352242 0
    outer loop
      vertex -47.3465 16.072 0
      vertex -46.194 19.1342 3
      vertex -46.194 19.1342 0
    endloop
  endfacet
  facet normal -0.935909 0.352242 0
    outer loop
      vertex -46.194 19.1342 3
      vertex -47.3465 16.072 0
      vertex -47.3465 16.072 3
    endloop
  endfacet
  facet normal -0.41273 0.910854 0
    outer loop
      vertex -19.1342 46.194 0
      vertex -22.1144 44.8436 3
      vertex -19.1342 46.194 3
    endloop
  endfacet
  facet normal -0.41273 0.910854 0
    outer loop
      vertex -22.1144 44.8436 3
      vertex -19.1342 46.194 0
      vertex -22.1144 44.8436 0
    endloop
  endfacet
  facet normal -0.0327331 0.999464 0
    outer loop
      vertex 0 50 0
      vertex -3.27016 49.8929 3
      vertex 0 50 3
    endloop
  endfacet
  facet normal -0.0327331 0.999464 0
    outer loop
      vertex -3.27016 49.8929 3
      vertex 0 50 0
      vertex -3.27016 49.8929 0
    endloop
  endfacet
  facet normal -0.956939 0.290291 0
    outer loop
      vertex -48.2963 12.941 0
      vertex -47.3465 16.072 3
      vertex -47.3465 16.072 0
    endloop
  endfacet
  facet normal -0.956939 0.290291 0
    outer loop
      vertex -47.3465 16.072 3
      vertex -48.2963 12.941 0
      vertex -48.2963 12.941 3
    endloop
  endfacet
  facet normal -0.683608 0.72985 0
    outer loop
      vertex -32.9673 37.592 0
      vertex -35.3553 35.3553 3
      vertex -32.9673 37.592 3
    endloop
  endfacet
  facet normal -0.683608 0.72985 0
    outer loop
      vertex -35.3553 35.3553 3
      vertex -32.9673 37.592 0
      vertex -35.3553 35.3553 0
    endloop
  endfacet
  facet normal -0.290291 0.956939 0
    outer loop
      vertex -12.941 48.2963 0
      vertex -16.072 47.3465 3
      vertex -12.941 48.2963 3
    endloop
  endfacet
  facet normal -0.290291 0.956939 0
    outer loop
      vertex -16.072 47.3465 3
      vertex -12.941 48.2963 0
      vertex -16.072 47.3465 0
    endloop
  endfacet
  facet normal 0.162872 -0.986647 0
    outer loop
      vertex 6.52631 -49.5722 0
      vertex 9.75452 -49.0393 3
      vertex 6.52631 -49.5722 3
    endloop
  endfacet
  facet normal 0.162872 -0.986647 0
    outer loop
      vertex 9.75452 -49.0393 3
      vertex 6.52631 -49.5722 0
      vertex 9.75452 -49.0393 0
    endloop
  endfacet
  facet normal -0.995185 0.0980163 0
    outer loop
      vertex -49.8929 3.27016 0
      vertex -49.5722 6.52631 3
      vertex -49.5722 6.52631 0
    endloop
  endfacet
  facet normal -0.995185 0.0980163 0
    outer loop
      vertex -49.5722 6.52631 3
      vertex -49.8929 3.27016 0
      vertex -49.8929 3.27016 3
    endloop
  endfacet
  facet normal 0.0327331 0.999464 -0
    outer loop
      vertex 3.27016 49.8929 0
      vertex 0 50 3
      vertex 3.27016 49.8929 3
    endloop
  endfacet
  facet normal 0.0327331 0.999464 0
    outer loop
      vertex 0 50 3
      vertex 3.27016 49.8929 0
      vertex 0 50 0
    endloop
  endfacet
  facet normal 0.162872 0.986647 -0
    outer loop
      vertex 9.75452 49.0393 0
      vertex 6.52631 49.5722 3
      vertex 9.75452 49.0393 3
    endloop
  endfacet
  facet normal 0.162872 0.986647 0
    outer loop
      vertex 6.52631 49.5722 3
      vertex 9.75452 49.0393 0
      vertex 6.52631 49.5722 0
    endloop
  endfacet
  facet normal 0.72985 -0.683608 0
    outer loop
      vertex 35.3553 -35.3553 3
      vertex 37.592 -32.9673 0
      vertex 37.592 -32.9673 3
    endloop
  endfacet
  facet normal 0.72985 -0.683608 0
    outer loop
      vertex 37.592 -32.9673 0
      vertex 35.3553 -35.3553 3
      vertex 35.3553 -35.3553 0
    endloop
  endfacet
  facet normal 0.8492 0.528072 0
    outer loop
      vertex 43.3013 25 3
      vertex 41.5735 27.7785 0
      vertex 41.5735 27.7785 3
    endloop
  endfacet
  facet normal 0.8492 0.528072 0
    outer loop
      vertex 41.5735 27.7785 0
      vertex 43.3013 25 3
      vertex 43.3013 25 0
    endloop
  endfacet
  facet normal 0.582469 -0.812853 0
    outer loop
      vertex 27.7785 -41.5735 0
      vertex 30.4381 -39.6677 3
      vertex 27.7785 -41.5735 3
    endloop
  endfacet
  facet normal 0.582469 -0.812853 0
    outer loop
      vertex 30.4381 -39.6677 3
      vertex 27.7785 -41.5735 0
      vertex 30.4381 -39.6677 0
    endloop
  endfacet
  facet normal -0.986647 -0.162872 0
    outer loop
      vertex -49.0393 -9.75452 0
      vertex -49.5722 -6.52631 3
      vertex -49.5722 -6.52631 0
    endloop
  endfacet
  facet normal -0.986647 -0.162872 0
    outer loop
      vertex -49.5722 -6.52631 3
      vertex -49.0393 -9.75452 0
      vertex -49.0393 -9.75452 3
    endloop
  endfacet
  facet normal -0.72985 -0.683608 0
    outer loop
      vertex -35.3553 -35.3553 0
      vertex -37.592 -32.9673 3
      vertex -37.592 -32.9673 0
    endloop
  endfacet
  facet normal -0.72985 -0.683608 0
    outer loop
      vertex -37.592 -32.9673 3
      vertex -35.3553 -35.3553 0
      vertex -35.3553 -35.3553 3
    endloop
  endfacet
  facet normal -0.162872 0.986647 0
    outer loop
      vertex -6.52631 49.5722 0
      vertex -9.75452 49.0393 3
      vertex -6.52631 49.5722 3
    endloop
  endfacet
  facet normal -0.162872 0.986647 0
    outer loop
      vertex -9.75452 49.0393 3
      vertex -6.52631 49.5722 0
      vertex -9.75452 49.0393 0
    endloop
  endfacet
  facet normal -0.881932 0.471376 0
    outer loop
      vertex -44.8436 22.1144 0
      vertex -43.3013 25 3
      vertex -43.3013 25 0
    endloop
  endfacet
  facet normal -0.881932 0.471376 0
    outer loop
      vertex -43.3013 25 3
      vertex -44.8436 22.1144 0
      vertex -44.8436 22.1144 3
    endloop
  endfacet
  facet normal -0.72985 0.683608 0
    outer loop
      vertex -37.592 32.9673 0
      vertex -35.3553 35.3553 3
      vertex -35.3553 35.3553 0
    endloop
  endfacet
  facet normal -0.72985 0.683608 0
    outer loop
      vertex -35.3553 35.3553 3
      vertex -37.592 32.9673 0
      vertex -37.592 32.9673 3
    endloop
  endfacet
  facet normal 0.881932 0.471376 0
    outer loop
      vertex 44.8436 22.1144 3
      vertex 43.3013 25 0
      vertex 43.3013 25 3
    endloop
  endfacet
  facet normal 0.881932 0.471376 0
    outer loop
      vertex 43.3013 25 0
      vertex 44.8436 22.1144 3
      vertex 44.8436 22.1144 0
    endloop
  endfacet
  facet normal 0.528072 0.8492 -0
    outer loop
      vertex 27.7785 41.5735 0
      vertex 25 43.3013 3
      vertex 27.7785 41.5735 3
    endloop
  endfacet
  facet normal 0.528072 0.8492 0
    outer loop
      vertex 25 43.3013 3
      vertex 27.7785 41.5735 0
      vertex 25 43.3013 0
    endloop
  endfacet
  facet normal -0.352242 -0.935909 0
    outer loop
      vertex -19.1342 -46.194 0
      vertex -16.072 -47.3465 3
      vertex -19.1342 -46.194 3
    endloop
  endfacet
  facet normal -0.352242 -0.935909 -0
    outer loop
      vertex -16.072 -47.3465 3
      vertex -19.1342 -46.194 0
      vertex -16.072 -47.3465 0
    endloop
  endfacet
  facet normal 0.528072 -0.8492 0
    outer loop
      vertex 25 -43.3013 0
      vertex 27.7785 -41.5735 3
      vertex 25 -43.3013 3
    endloop
  endfacet
  facet normal 0.528072 -0.8492 0
    outer loop
      vertex 27.7785 -41.5735 3
      vertex 25 -43.3013 0
      vertex 27.7785 -41.5735 0
    endloop
  endfacet
  facet normal 0.471376 0.881932 -0
    outer loop
      vertex 25 43.3013 0
      vertex 22.1144 44.8436 3
      vertex 25 43.3013 3
    endloop
  endfacet
  facet normal 0.471376 0.881932 0
    outer loop
      vertex 22.1144 44.8436 3
      vertex 25 43.3013 0
      vertex 22.1144 44.8436 0
    endloop
  endfacet
  facet normal 0.683608 0.72985 -0
    outer loop
      vertex 35.3553 35.3553 0
      vertex 32.9673 37.592 3
      vertex 35.3553 35.3553 3
    endloop
  endfacet
  facet normal 0.683608 0.72985 0
    outer loop
      vertex 32.9673 37.592 3
      vertex 35.3553 35.3553 0
      vertex 32.9673 37.592 0
    endloop
  endfacet
  facet normal -0.935909 -0.352242 0
    outer loop
      vertex -46.194 -19.1342 0
      vertex -47.3465 -16.072 3
      vertex -47.3465 -16.072 0
    endloop
  endfacet
  facet normal -0.935909 -0.352242 0
    outer loop
      vertex -47.3465 -16.072 3
      vertex -46.194 -19.1342 0
      vertex -46.194 -19.1342 3
    endloop
  endfacet
  facet normal -0.582469 0.812853 0
    outer loop
      vertex -27.7785 41.5735 0
      vertex -30.4381 39.6677 3
      vertex -27.7785 41.5735 3
    endloop
  endfacet
  facet normal -0.582469 0.812853 0
    outer loop
      vertex -30.4381 39.6677 3
      vertex -27.7785 41.5735 0
      vertex -30.4381 39.6677 0
    endloop
  endfacet
  facet normal 0.0980163 -0.995185 0
    outer loop
      vertex 3.27016 -49.8929 0
      vertex 6.52631 -49.5722 3
      vertex 3.27016 -49.8929 3
    endloop
  endfacet
  facet normal 0.0980163 -0.995185 0
    outer loop
      vertex 6.52631 -49.5722 3
      vertex 3.27016 -49.8929 0
      vertex 6.52631 -49.5722 0
    endloop
  endfacet
  facet normal 0.72985 0.683608 0
    outer loop
      vertex 37.592 32.9673 3
      vertex 35.3553 35.3553 0
      vertex 35.3553 35.3553 3
    endloop
  endfacet
  facet normal 0.72985 0.683608 0
    outer loop
      vertex 35.3553 35.3553 0
      vertex 37.592 32.9673 3
      vertex 37.592 32.9673 0
    endloop
  endfacet
  facet normal -0.995185 -0.0980163 0
    outer loop
      vertex -49.5722 -6.52631 0
      vertex -49.8929 -3.27016 3
      vertex -49.8929 -3.27016 0
    endloop
  endfacet
  facet normal -0.995185 -0.0980163 0
    outer loop
      vertex -49.8929 -3.27016 3
      vertex -49.5722 -6.52631 0
      vertex -49.5722 -6.52631 3
    endloop
  endfacet
  facet normal -0.881932 -0.471376 0
    outer loop
      vertex -43.3013 -25 0
      vertex -44.8436 -22.1144 3
      vertex -44.8436 -22.1144 0
    endloop
  endfacet
  facet normal -0.881932 -0.471376 0
    outer loop
      vertex -44.8436 -22.1144 3
      vertex -43.3013 -25 0
      vertex -43.3013 -25 3
    endloop
  endfacet
  facet normal -0.973876 0.227081 0
    outer loop
      vertex -49.0393 9.75452 0
      vertex -48.2963 12.941 3
      vertex -48.2963 12.941 0
    endloop
  endfacet
  facet normal -0.973876 0.227081 0
    outer loop
      vertex -48.2963 12.941 3
      vertex -49.0393 9.75452 0
      vertex -49.0393 9.75452 3
    endloop
  endfacet
  facet normal 0.8492 -0.528072 0
    outer loop
      vertex 41.5735 -27.7785 3
      vertex 43.3013 -25 0
      vertex 43.3013 -25 3
    endloop
  endfacet
  facet normal 0.8492 -0.528072 0
    outer loop
      vertex 43.3013 -25 0
      vertex 41.5735 -27.7785 3
      vertex 41.5735 -27.7785 0
    endloop
  endfacet
  facet normal 0.973876 -0.227081 0
    outer loop
      vertex 48.2963 -12.941 3
      vertex 49.0393 -9.75452 0
      vertex 49.0393 -9.75452 3
    endloop
  endfacet
  facet normal 0.973876 -0.227081 0
    outer loop
      vertex 49.0393 -9.75452 0
      vertex 48.2963 -12.941 3
      vertex 48.2963 -12.941 0
    endloop
  endfacet
  facet normal 0.910854 -0.41273 0
    outer loop
      vertex 44.8436 -22.1144 3
      vertex 46.194 -19.1342 0
      vertex 46.194 -19.1342 3
    endloop
  endfacet
  facet normal 0.910854 -0.41273 0
    outer loop
      vertex 46.194 -19.1342 0
      vertex 44.8436 -22.1144 3
      vertex 44.8436 -22.1144 0
    endloop
  endfacet
  facet normal -0.162872 -0.986647 0
    outer loop
      vertex -9.75452 -49.0393 0
      vertex -6.52631 -49.5722 3
      vertex -9.75452 -49.0393 3
    endloop
  endfacet
  facet normal -0.162872 -0.986647 -0
    outer loop
      vertex -6.52631 -49.5722 3
      vertex -9.75452 -49.0393 0
      vertex -6.52631 -49.5722 0
    endloop
  endfacet
  facet normal 0.995185 0.0980163 0
    outer loop
      vertex 49.8929 3.27016 3
      vertex 49.5722 6.52631 0
      vertex 49.5722 6.52631 3
    endloop
  endfacet
  facet normal 0.995185 0.0980163 0
    outer loop
      vertex 49.5722 6.52631 0
      vertex 49.8929 3.27016 3
      vertex 49.8929 3.27016 0
    endloop
  endfacet
  facet normal 0.935909 0.352242 0
    outer loop
      vertex 47.3465 16.072 3
      vertex 46.194 19.1342 0
      vertex 46.194 19.1342 3
    endloop
  endfacet
  facet normal 0.935909 0.352242 0
    outer loop
      vertex 46.194 19.1342 0
      vertex 47.3465 16.072 3
      vertex 47.3465 16.072 0
    endloop
  endfacet
  facet normal 0.812853 0.582469 0
    outer loop
      vertex 41.5735 27.7785 3
      vertex 39.6677 30.4381 0
      vertex 39.6677 30.4381 3
    endloop
  endfacet
  facet normal 0.812853 0.582469 0
    outer loop
      vertex 39.6677 30.4381 0
      vertex 41.5735 27.7785 3
      vertex 41.5735 27.7785 0
    endloop
  endfacet
  facet normal -0.812853 -0.582469 0
    outer loop
      vertex -39.6677 -30.4381 0
      vertex -41.5735 -27.7785 3
      vertex -41.5735 -27.7785 0
    endloop
  endfacet
  facet normal -0.812853 -0.582469 0
    outer loop
      vertex -41.5735 -27.7785 3
      vertex -39.6677 -30.4381 0
      vertex -39.6677 -30.4381 3
    endloop
  endfacet
  facet normal 0.41273 -0.910854 0
    outer loop
      vertex 19.1342 -46.194 0
      vertex 22.1144 -44.8436 3
      vertex 19.1342 -46.194 3
    endloop
  endfacet
  facet normal 0.41273 -0.910854 0
    outer loop
      vertex 22.1144 -44.8436 3
      vertex 19.1342 -46.194 0
      vertex 22.1144 -44.8436 0
    endloop
  endfacet
  facet normal -0.582469 -0.812853 0
    outer loop
      vertex -30.4381 -39.6677 0
      vertex -27.7785 -41.5735 3
      vertex -30.4381 -39.6677 3
    endloop
  endfacet
  facet normal -0.582469 -0.812853 -0
    outer loop
      vertex -27.7785 -41.5735 3
      vertex -30.4381 -39.6677 0
      vertex -27.7785 -41.5735 0
    endloop
  endfacet
  facet normal 0.41273 0.910854 -0
    outer loop
      vertex 22.1144 44.8436 0
      vertex 19.1342 46.194 3
      vertex 22.1144 44.8436 3
    endloop
  endfacet
  facet normal 0.41273 0.910854 0
    outer loop
      vertex 19.1342 46.194 3
      vertex 22.1144 44.8436 0
      vertex 19.1342 46.194 0
    endloop
  endfacet
  facet normal 0.935909 -0.352242 0
    outer loop
      vertex 46.194 -19.1342 3
      vertex 47.3465 -16.072 0
      vertex 47.3465 -16.072 3
    endloop
  endfacet
  facet normal 0.935909 -0.352242 0
    outer loop
      vertex 47.3465 -16.072 0
      vertex 46.194 -19.1342 3
      vertex 46.194 -19.1342 0
    endloop
  endfacet
  facet normal -0.986647 0.162872 0
    outer loop
      vertex -49.5722 6.52631 0
      vertex -49.0393 9.75452 3
      vertex -49.0393 9.75452 0
    endloop
  endfacet
  facet normal -0.986647 0.162872 0
    outer loop
      vertex -49.0393 9.75452 3
      vertex -49.5722 6.52631 0
      vertex -49.5722 6.52631 3
    endloop
  endfacet
  facet normal -0.773005 -0.6344 0
    outer loop
      vertex -37.592 -32.9673 0
      vertex -39.6677 -30.4381 3
      vertex -39.6677 -30.4381 0
    endloop
  endfacet
  facet normal -0.773005 -0.6344 0
    outer loop
      vertex -39.6677 -30.4381 3
      vertex -37.592 -32.9673 0
      vertex -37.592 -32.9673 3
    endloop
  endfacet
  facet normal -0.528072 -0.8492 0
    outer loop
      vertex -27.7785 -41.5735 0
      vertex -25 -43.3013 3
      vertex -27.7785 -41.5735 3
    endloop
  endfacet
  facet normal -0.528072 -0.8492 -0
    outer loop
      vertex -25 -43.3013 3
      vertex -27.7785 -41.5735 0
      vertex -25 -43.3013 0
    endloop
  endfacet
  facet normal 0.773005 0.6344 0
    outer loop
      vertex 39.6677 30.4381 3
      vertex 37.592 32.9673 0
      vertex 37.592 32.9673 3
    endloop
  endfacet
  facet normal 0.773005 0.6344 0
    outer loop
      vertex 37.592 32.9673 0
      vertex 39.6677 30.4381 3
      vertex 39.6677 30.4381 0
    endloop
  endfacet
  facet normal 0.352242 0.935909 -0
    outer loop
      vertex 19.1342 46.194 0
      vertex 16.072 47.3465 3
      vertex 19.1342 46.194 3
    endloop
  endfacet
  facet normal 0.352242 0.935909 0
    outer loop
      vertex 16.072 47.3465 3
      vertex 19.1342 46.194 0
      vertex 16.072 47.3465 0
    endloop
  endfacet
  facet normal -0.290291 -0.956939 0
    outer loop
      vertex -16.072 -47.3465 0
      vertex -12.941 -48.2963 3
      vertex -16.072 -47.3465 3
    endloop
  endfacet
  facet normal -0.290291 -0.956939 -0
    outer loop
      vertex -12.941 -48.2963 3
      vertex -16.072 -47.3465 0
      vertex -12.941 -48.2963 0
    endloop
  endfacet
  facet normal 0.683608 -0.72985 0
    outer loop
      vertex 32.9673 -37.592 0
      vertex 35.3553 -35.3553 3
      vertex 32.9673 -37.592 3
    endloop
  endfacet
  facet normal 0.683608 -0.72985 0
    outer loop
      vertex 35.3553 -35.3553 3
      vertex 32.9673 -37.592 0
      vertex 35.3553 -35.3553 0
    endloop
  endfacet
  facet normal 0.471376 -0.881932 0
    outer loop
      vertex 22.1144 -44.8436 0
      vertex 25 -43.3013 3
      vertex 22.1144 -44.8436 3
    endloop
  endfacet
  facet normal 0.471376 -0.881932 0
    outer loop
      vertex 25 -43.3013 3
      vertex 22.1144 -44.8436 0
      vertex 25 -43.3013 0
    endloop
  endfacet
  facet normal 0.6344 0.773005 -0
    outer loop
      vertex 32.9673 37.592 0
      vertex 30.4381 39.6677 3
      vertex 32.9673 37.592 3
    endloop
  endfacet
  facet normal 0.6344 0.773005 0
    outer loop
      vertex 30.4381 39.6677 3
      vertex 32.9673 37.592 0
      vertex 30.4381 39.6677 0
    endloop
  endfacet
  facet normal -0.6344 -0.773005 0
    outer loop
      vertex -32.9673 -37.592 0
      vertex -30.4381 -39.6677 3
      vertex -32.9673 -37.592 3
    endloop
  endfacet
  facet normal -0.6344 -0.773005 -0
    outer loop
      vertex -30.4381 -39.6677 3
      vertex -32.9673 -37.592 0
      vertex -30.4381 -39.6677 0
    endloop
  endfacet
  facet normal -0.812853 0.582469 0
    outer loop
      vertex -41.5735 27.7785 0
      vertex -39.6677 30.4381 3
      vertex -39.6677 30.4381 0
    endloop
  endfacet
  facet normal -0.812853 0.582469 0
    outer loop
      vertex -39.6677 30.4381 3
      vertex -41.5735 27.7785 0
      vertex -41.5735 27.7785 3
    endloop
  endfacet
  facet normal -0.41273 -0.910854 0
    outer loop
      vertex -22.1144 -44.8436 0
      vertex -19.1342 -46.194 3
      vertex -22.1144 -44.8436 3
    endloop
  endfacet
  facet normal -0.41273 -0.910854 -0
    outer loop
      vertex -19.1342 -46.194 3
      vertex -22.1144 -44.8436 0
      vertex -19.1342 -46.194 0
    endloop
  endfacet
  facet normal 0.352242 -0.935909 0
    outer loop
      vertex 16.072 -47.3465 0
      vertex 19.1342 -46.194 3
      vertex 16.072 -47.3465 3
    endloop
  endfacet
  facet normal 0.352242 -0.935909 0
    outer loop
      vertex 19.1342 -46.194 3
      vertex 16.072 -47.3465 0
      vertex 19.1342 -46.194 0
    endloop
  endfacet
  facet normal -0.910854 -0.41273 0
    outer loop
      vertex -44.8436 -22.1144 0
      vertex -46.194 -19.1342 3
      vertex -46.194 -19.1342 0
    endloop
  endfacet
  facet normal -0.910854 -0.41273 0
    outer loop
      vertex -46.194 -19.1342 3
      vertex -44.8436 -22.1144 0
      vertex -44.8436 -22.1144 3
    endloop
  endfacet
  facet normal 0.0980163 0.995185 -0
    outer loop
      vertex 6.52631 49.5722 0
      vertex 3.27016 49.8929 3
      vertex 6.52631 49.5722 3
    endloop
  endfacet
  facet normal 0.0980163 0.995185 0
    outer loop
      vertex 3.27016 49.8929 3
      vertex 6.52631 49.5722 0
      vertex 3.27016 49.8929 0
    endloop
  endfacet
  facet normal -0.8492 0.528072 0
    outer loop
      vertex -43.3013 25 0
      vertex -41.5735 27.7785 3
      vertex -41.5735 27.7785 0
    endloop
  endfacet
  facet normal -0.8492 0.528072 0
    outer loop
      vertex -41.5735 27.7785 3
      vertex -43.3013 25 0
      vertex -43.3013 25 3
    endloop
  endfacet
  facet normal 0.6344 -0.773005 0
    outer loop
      vertex 30.4381 -39.6677 0
      vertex 32.9673 -37.592 3
      vertex 30.4381 -39.6677 3
    endloop
  endfacet
  facet normal 0.6344 -0.773005 0
    outer loop
      vertex 32.9673 -37.592 3
      vertex 30.4381 -39.6677 0
      vertex 32.9673 -37.592 0
    endloop
  endfacet
  facet normal 0.956939 0.290291 0
    outer loop
      vertex 48.2963 12.941 3
      vertex 47.3465 16.072 0
      vertex 47.3465 16.072 3
    endloop
  endfacet
  facet normal 0.956939 0.290291 0
    outer loop
      vertex 47.3465 16.072 0
      vertex 48.2963 12.941 3
      vertex 48.2963 12.941 0
    endloop
  endfacet
  facet normal -0.352242 0.935909 0
    outer loop
      vertex -16.072 47.3465 0
      vertex -19.1342 46.194 3
      vertex -16.072 47.3465 3
    endloop
  endfacet
  facet normal -0.352242 0.935909 0
    outer loop
      vertex -19.1342 46.194 3
      vertex -16.072 47.3465 0
      vertex -19.1342 46.194 0
    endloop
  endfacet
  facet normal -0.683608 -0.72985 0
    outer loop
      vertex -35.3553 -35.3553 0
      vertex -32.9673 -37.592 3
      vertex -35.3553 -35.3553 3
    endloop
  endfacet
  facet normal -0.683608 -0.72985 -0
    outer loop
      vertex -32.9673 -37.592 3
      vertex -35.3553 -35.3553 0
      vertex -32.9673 -37.592 0
    endloop
  endfacet
  facet normal 0.986647 0.162872 0
    outer loop
      vertex 49.5722 6.52631 3
      vertex 49.0393 9.75452 0
      vertex 49.0393 9.75452 3
    endloop
  endfacet
  facet normal 0.986647 0.162872 0
    outer loop
      vertex 49.0393 9.75452 0
      vertex 49.5722 6.52631 3
      vertex 49.5722 6.52631 0
    endloop
  endfacet
  facet normal 0.956939 -0.290291 0
    outer loop
      vertex 47.3465 -16.072 3
      vertex 48.2963 -12.941 0
      vertex 48.2963 -12.941 3
    endloop
  endfacet
  facet normal 0.956939 -0.290291 0
    outer loop
      vertex 48.2963 -12.941 0
      vertex 47.3465 -16.072 3
      vertex 47.3465 -16.072 0
    endloop
  endfacet
  facet normal -0.956939 -0.290291 0
    outer loop
      vertex -47.3465 -16.072 0
      vertex -48.2963 -12.941 3
      vertex -48.2963 -12.941 0
    endloop
  endfacet
  facet normal -0.956939 -0.290291 0
    outer loop
      vertex -48.2963 -12.941 3
      vertex -47.3465 -16.072 0
      vertex -47.3465 -16.072 3
    endloop
  endfacet
  facet normal 0.881932 -0.471376 0
    outer loop
      vertex 43.3013 -25 3
      vertex 44.8436 -22.1144 0
      vertex 44.8436 -22.1144 3
    endloop
  endfacet
  facet normal 0.881932 -0.471376 0
    outer loop
      vertex 44.8436 -22.1144 0
      vertex 43.3013 -25 3
      vertex 43.3013 -25 0
    endloop
  endfacet
  facet normal -0.227081 0.973876 0
    outer loop
      vertex -9.75452 49.0393 0
      vertex -12.941 48.2963 3
      vertex -9.75452 49.0393 3
    endloop
  endfacet
  facet normal -0.227081 0.973876 0
    outer loop
      vertex -12.941 48.2963 3
      vertex -9.75452 49.0393 0
      vertex -12.941 48.2963 0
    endloop
  endfacet
  facet normal 0.812853 -0.582469 0
    outer loop
      vertex 39.6677 -30.4381 3
      vertex 41.5735 -27.7785 0
      vertex 41.5735 -27.7785 3
    endloop
  endfacet
  facet normal 0.812853 -0.582469 0
    outer loop
      vertex 41.5735 -27.7785 0
      vertex 39.6677 -30.4381 3
      vertex 39.6677 -30.4381 0
    endloop
  endfacet
  facet normal 0.773005 -0.6344 0
    outer loop
      vertex 37.592 -32.9673 3
      vertex 39.6677 -30.4381 0
      vertex 39.6677 -30.4381 3
    endloop
  endfacet
  facet normal 0.773005 -0.6344 0
    outer loop
      vertex 39.6677 -30.4381 0
      vertex 37.592 -32.9673 3
      vertex 37.592 -32.9673 0
    endloop
  endfacet
  facet normal 0.227081 0.973876 -0
    outer loop
      vertex 12.941 48.2963 0
      vertex 9.75452 49.0393 3
      vertex 12.941 48.2963 3
    endloop
  endfacet
  facet normal 0.227081 0.973876 0
    outer loop
      vertex 9.75452 49.0393 3
      vertex 12.941 48.2963 0
      vertex 9.75452 49.0393 0
    endloop
  endfacet
  facet normal -0.773005 0.6344 0
    outer loop
      vertex -39.6677 30.4381 0
      vertex -37.592 32.9673 3
      vertex -37.592 32.9673 0
    endloop
  endfacet
  facet normal -0.773005 0.6344 0
    outer loop
      vertex -37.592 32.9673 3
      vertex -39.6677 30.4381 0
      vertex -39.6677 30.4381 3
    endloop
  endfacet
  facet normal 0.290291 0.956939 -0
    outer loop
      vertex 16.072 47.3465 0
      vertex 12.941 48.2963 3
      vertex 16.072 47.3465 3
    endloop
  endfacet
  facet normal 0.290291 0.956939 0
    outer loop
      vertex 12.941 48.2963 3
      vertex 16.072 47.3465 0
      vertex 12.941 48.2963 0
    endloop
  endfacet
  facet normal -0.0327331 -0.999464 0
    outer loop
      vertex -3.27016 -49.8929 0
      vertex 0 -50 3
      vertex -3.27016 -49.8929 3
    endloop
  endfacet
  facet normal -0.0327331 -0.999464 -0
    outer loop
      vertex 0 -50 3
      vertex -3.27016 -49.8929 0
      vertex 0 -50 0
    endloop
  endfacet
  facet normal -0.999464 0.0327331 0
    outer loop
      vertex -50 0 0
      vertex -49.8929 3.27016 3
      vertex -49.8929 3.27016 0
    endloop
  endfacet
  facet normal -0.999464 0.0327331 0
    outer loop
      vertex -49.8929 3.27016 3
      vertex -50 0 0
      vertex -50 0 3
    endloop
  endfacet
  facet normal 0.582469 0.812853 -0
    outer loop
      vertex 30.4381 39.6677 0
      vertex 27.7785 41.5735 3
      vertex 30.4381 39.6677 3
    endloop
  endfacet
  facet normal 0.582469 0.812853 0
    outer loop
      vertex 27.7785 41.5735 3
      vertex 30.4381 39.6677 0
      vertex 27.7785 41.5735 0
    endloop
  endfacet
  facet normal -0.8492 -0.528072 0
    outer loop
      vertex -41.5735 -27.7785 0
      vertex -43.3013 -25 3
      vertex -43.3013 -25 0
    endloop
  endfacet
  facet normal -0.8492 -0.528072 0
    outer loop
      vertex -43.3013 -25 3
      vertex -41.5735 -27.7785 0
      vertex -41.5735 -27.7785 3
    endloop
  endfacet
  facet normal 0.0327331 -0.999464 0
    outer loop
      vertex 0 -50 0
      vertex 3.27016 -49.8929 3
      vertex 0 -50 3
    endloop
  endfacet
  facet normal 0.0327331 -0.999464 0
    outer loop
      vertex 3.27016 -49.8929 3
      vertex 0 -50 0
      vertex 3.27016 -49.8929 0
    endloop
  endfacet
  facet normal -0.227081 -0.973876 0
    outer loop
      vertex -12.941 -48.2963 0
      vertex -9.75452 -49.0393 3
      vertex -12.941 -48.2963 3
    endloop
  endfacet
  facet normal -0.227081 -0.973876 -0
    outer loop
      vertex -9.75452 -49.0393 3
      vertex -12.941 -48.2963 0
      vertex -9.75452 -49.0393 0
    endloop
  endfacet
  facet normal 0.973876 0.227081 0
    outer loop
      vertex 49.0393 9.75452 3
      vertex 48.2963 12.941 0
      vertex 48.2963 12.941 3
    endloop
  endfacet
  facet normal 0.973876 0.227081 0
    outer loop
      vertex 48.2963 12.941 0
      vertex 49.0393 9.75452 3
      vertex 49.0393 9.75452 0
    endloop
  endfacet
  facet normal -0.910854 0.41273 0
    outer loop
      vertex -46.194 19.1342 0
      vertex -44.8436 22.1144 3
      vertex -44.8436 22.1144 0
    endloop
  endfacet
  facet normal -0.910854 0.41273 0
    outer loop
      vertex -44.8436 22.1144 3
      vertex -46.194 19.1342 0
      vertex -46.194 19.1342 3
    endloop
  endfacet
  facet normal -0.973876 -0.227081 0
    outer loop
      vertex -48.2963 -12.941 0
      vertex -49.0393 -9.75452 3
      vertex -49.0393 -9.75452 0
    endloop
  endfacet
  facet normal -0.973876 -0.227081 0
    outer loop
      vertex -49.0393 -9.75452 3
      vertex -48.2963 -12.941 0
      vertex -48.2963 -12.941 3
    endloop
  endfacet
  facet normal -0.528072 0.8492 0
    outer loop
      vertex -25 43.3013 0
      vertex -27.7785 41.5735 3
      vertex -25 43.3013 3
    endloop
  endfacet
  facet normal -0.528072 0.8492 0
    outer loop
      vertex -27.7785 41.5735 3
      vertex -25 43.3013 0
      vertex -27.7785 41.5735 0
    endloop
  endfacet
  facet normal 0.910854 0.41273 0
    outer loop
      vertex 46.194 19.1342 3
      vertex 44.8436 22.1144 0
      vertex 44.8436 22.1144 3
    endloop
  endfacet
  facet normal 0.910854 0.41273 0
    outer loop
      vertex 44.8436 22.1144 0
      vertex 46.194 19.1342 3
      vertex 46.194 19.1342 0
    endloop
  endfacet
  facet normal -0.0980163 0.995185 0
    outer loop
      vertex -3.27016 49.8929 0
      vertex -6.52631 49.5722 3
      vertex -3.27016 49.8929 3
    endloop
  endfacet
  facet normal -0.0980163 0.995185 0
    outer loop
      vertex -6.52631 49.5722 3
      vertex -3.27016 49.8929 0
      vertex -6.52631 49.5722 0
    endloop
  endfacet
  facet normal -0.999464 -0.0327331 0
    outer loop
      vertex -49.8929 -3.27016 0
      vertex -50 0 3
      vertex -50 0 0
    endloop
  endfacet
  facet normal -0.999464 -0.0327331 0
    outer loop
      vertex -50 0 3
      vertex -49.8929 -3.27016 0
      vertex -49.8929 -3.27016 3
    endloop
  endfacet
  facet normal 0.227081 -0.973876 0
    outer loop
      vertex 9.75452 -49.0393 0
      vertex 12.941 -48.2963 3
      vertex 9.75452 -49.0393 3
    endloop
  endfacet
  facet normal 0.227081 -0.973876 0
    outer loop
      vertex 12.941 -48.2963 3
      vertex 9.75452 -49.0393 0
      vertex 12.941 -48.2963 0
    endloop
  endfacet
  facet normal 0.290291 -0.956939 0
    outer loop
      vertex 12.941 -48.2963 0
      vertex 16.072 -47.3465 3
      vertex 12.941 -48.2963 3
    endloop
  endfacet
  facet normal 0.290291 -0.956939 0
    outer loop
      vertex 16.072 -47.3465 3
      vertex 12.941 -48.2963 0
      vertex 16.072 -47.3465 0
    endloop
  endfacet
  facet normal -0.471376 -0.881932 0
    outer loop
      vertex -25 -43.3013 0
      vertex -22.1144 -44.8436 3
      vertex -25 -43.3013 3
    endloop
  endfacet
  facet normal -0.471376 -0.881932 -0
    outer loop
      vertex -22.1144 -44.8436 3
      vertex -25 -43.3013 0
      vertex -22.1144 -44.8436 0
    endloop
  endfacet
  facet normal -0.6344 0.773005 0
    outer loop
      vertex -30.4381 39.6677 0
      vertex -32.9673 37.592 3
      vertex -30.4381 39.6677 3
    endloop
  endfacet
  facet normal -0.6344 0.773005 0
    outer loop
      vertex -32.9673 37.592 3
      vertex -30.4381 39.6677 0
      vertex -32.9673 37.592 0
    endloop
  endfacet
  facet normal -0.471376 0.881932 0
    outer loop
      vertex -22.1144 44.8436 0
      vertex -25 43.3013 3
      vertex -22.1144 44.8436 3
    endloop
  endfacet
  facet normal -0.471376 0.881932 0
    outer loop
      vertex -25 43.3013 3
      vertex -22.1144 44.8436 0
      vertex -25 43.3013 0
    endloop
  endfacet
  facet normal -0.923822 0.382823 0
    outer loop
      vertex -10.5278 38.7827 0
      vertex -10.3579 39.1927 3.01
      vertex -10.3579 39.1927 0
    endloop
  endfacet
  facet normal -0.923822 0.382823 0
    outer loop
      vertex -10.3579 39.1927 3.01
      vertex -10.5278 38.7827 0
      vertex -10.5278 38.7827 3.01
    endloop
  endfacet
  facet normal -0.991453 0.130466 0
    outer loop
      vertex -10.3579 39.1927 0
      vertex -10.3 39.6327 3.01
      vertex -10.3 39.6327 0
    endloop
  endfacet
  facet normal -0.991453 0.130466 0
    outer loop
      vertex -10.3 39.6327 3.01
      vertex -10.3579 39.1927 0
      vertex -10.3579 39.1927 3.01
    endloop
  endfacet
  facet normal -0.793436 0.608654 0
    outer loop
      vertex -10.7979 38.4306 0
      vertex -10.5278 38.7827 3.01
      vertex -10.5278 38.7827 0
    endloop
  endfacet
  facet normal -0.793436 0.608654 0
    outer loop
      vertex -10.5278 38.7827 3.01
      vertex -10.7979 38.4306 0
      vertex -10.7979 38.4306 3.01
    endloop
  endfacet
  facet normal -0.793436 -0.608654 0
    outer loop
      vertex -10.5278 40.4827 0
      vertex -10.7979 40.8348 3.01
      vertex -10.7979 40.8348 0
    endloop
  endfacet
  facet normal -0.793436 -0.608654 0
    outer loop
      vertex -10.7979 40.8348 3.01
      vertex -10.5278 40.4827 0
      vertex -10.5278 40.4827 3.01
    endloop
  endfacet
  facet normal 0.923822 0.382823 0
    outer loop
      vertex -13.4722 38.7827 3.01
      vertex -13.6421 39.1927 0
      vertex -13.6421 39.1927 3.01
    endloop
  endfacet
  facet normal 0.923822 0.382823 0
    outer loop
      vertex -13.6421 39.1927 0
      vertex -13.4722 38.7827 3.01
      vertex -13.4722 38.7827 0
    endloop
  endfacet
  facet normal 0.991453 0.130466 0
    outer loop
      vertex -13.6421 39.1927 3.01
      vertex -13.7 39.6327 0
      vertex -13.7 39.6327 3.01
    endloop
  endfacet
  facet normal 0.991453 0.130466 0
    outer loop
      vertex -13.7 39.6327 0
      vertex -13.6421 39.1927 3.01
      vertex -13.6421 39.1927 0
    endloop
  endfacet
  facet normal -0.608654 0.793436 0
    outer loop
      vertex -10.7979 38.4306 0
      vertex -11.15 38.1605 3.01
      vertex -10.7979 38.4306 3.01
    endloop
  endfacet
  facet normal -0.608654 0.793436 0
    outer loop
      vertex -11.15 38.1605 3.01
      vertex -10.7979 38.4306 0
      vertex -11.15 38.1605 0
    endloop
  endfacet
  facet normal 0.991453 -0.130466 0
    outer loop
      vertex -13.7 39.6327 3.01
      vertex -13.6421 40.0727 0
      vertex -13.6421 40.0727 3.01
    endloop
  endfacet
  facet normal 0.991453 -0.130466 0
    outer loop
      vertex -13.6421 40.0727 0
      vertex -13.7 39.6327 3.01
      vertex -13.7 39.6327 0
    endloop
  endfacet
  facet normal 0.382823 0.923822 -0
    outer loop
      vertex -12.44 37.9906 0
      vertex -12.85 38.1605 3.01
      vertex -12.44 37.9906 3.01
    endloop
  endfacet
  facet normal 0.382823 0.923822 0
    outer loop
      vertex -12.85 38.1605 3.01
      vertex -12.44 37.9906 0
      vertex -12.85 38.1605 0
    endloop
  endfacet
  facet normal 0.130466 -0.991453 0
    outer loop
      vertex -12.44 41.2748 0
      vertex -12 41.3327 3.01
      vertex -12.44 41.2748 3.01
    endloop
  endfacet
  facet normal 0.130466 -0.991453 0
    outer loop
      vertex -12 41.3327 3.01
      vertex -12.44 41.2748 0
      vertex -12 41.3327 0
    endloop
  endfacet
  facet normal -0.923822 -0.382823 0
    outer loop
      vertex -10.3579 40.0727 0
      vertex -10.5278 40.4827 3.01
      vertex -10.5278 40.4827 0
    endloop
  endfacet
  facet normal -0.923822 -0.382823 0
    outer loop
      vertex -10.5278 40.4827 3.01
      vertex -10.3579 40.0727 0
      vertex -10.3579 40.0727 3.01
    endloop
  endfacet
  facet normal -0.382823 0.923822 0
    outer loop
      vertex -11.15 38.1605 0
      vertex -11.56 37.9906 3.01
      vertex -11.15 38.1605 3.01
    endloop
  endfacet
  facet normal -0.382823 0.923822 0
    outer loop
      vertex -11.56 37.9906 3.01
      vertex -11.15 38.1605 0
      vertex -11.56 37.9906 0
    endloop
  endfacet
  facet normal -0.991453 -0.130466 0
    outer loop
      vertex -10.3 39.6327 0
      vertex -10.3579 40.0727 3.01
      vertex -10.3579 40.0727 0
    endloop
  endfacet
  facet normal -0.991453 -0.130466 0
    outer loop
      vertex -10.3579 40.0727 3.01
      vertex -10.3 39.6327 0
      vertex -10.3 39.6327 3.01
    endloop
  endfacet
  facet normal 0.382823 -0.923822 0
    outer loop
      vertex -12.85 41.1049 0
      vertex -12.44 41.2748 3.01
      vertex -12.85 41.1049 3.01
    endloop
  endfacet
  facet normal 0.382823 -0.923822 0
    outer loop
      vertex -12.44 41.2748 3.01
      vertex -12.85 41.1049 0
      vertex -12.44 41.2748 0
    endloop
  endfacet
  facet normal -0.130466 0.991453 0
    outer loop
      vertex -11.56 37.9906 0
      vertex -12 37.9327 3.01
      vertex -11.56 37.9906 3.01
    endloop
  endfacet
  facet normal -0.130466 0.991453 0
    outer loop
      vertex -12 37.9327 3.01
      vertex -11.56 37.9906 0
      vertex -12 37.9327 0
    endloop
  endfacet
  facet normal 0.130466 0.991453 -0
    outer loop
      vertex -12 37.9327 0
      vertex -12.44 37.9906 3.01
      vertex -12 37.9327 3.01
    endloop
  endfacet
  facet normal 0.130466 0.991453 0
    outer loop
      vertex -12.44 37.9906 3.01
      vertex -12 37.9327 0
      vertex -12.44 37.9906 0
    endloop
  endfacet
  facet normal -0.382823 -0.923822 0
    outer loop
      vertex -11.56 41.2748 0
      vertex -11.15 41.1049 3.01
      vertex -11.56 41.2748 3.01
    endloop
  endfacet
  facet normal -0.382823 -0.923822 -0
    outer loop
      vertex -11.15 41.1049 3.01
      vertex -11.56 41.2748 0
      vertex -11.15 41.1049 0
    endloop
  endfacet
  facet normal 0.793436 -0.608654 0
    outer loop
      vertex -13.4722 40.4827 3.01
      vertex -13.2021 40.8348 0
      vertex -13.2021 40.8348 3.01
    endloop
  endfacet
  facet normal 0.793436 -0.608654 0
    outer loop
      vertex -13.2021 40.8348 0
      vertex -13.4722 40.4827 3.01
      vertex -13.4722 40.4827 0
    endloop
  endfacet
  facet normal -0.608654 -0.793436 0
    outer loop
      vertex -11.15 41.1049 0
      vertex -10.7979 40.8348 3.01
      vertex -11.15 41.1049 3.01
    endloop
  endfacet
  facet normal -0.608654 -0.793436 -0
    outer loop
      vertex -10.7979 40.8348 3.01
      vertex -11.15 41.1049 0
      vertex -10.7979 40.8348 0
    endloop
  endfacet
  facet normal 0.923822 -0.382823 0
    outer loop
      vertex -13.6421 40.0727 3.01
      vertex -13.4722 40.4827 0
      vertex -13.4722 40.4827 3.01
    endloop
  endfacet
  facet normal 0.923822 -0.382823 0
    outer loop
      vertex -13.4722 40.4827 0
      vertex -13.6421 40.0727 3.01
      vertex -13.6421 40.0727 0
    endloop
  endfacet
  facet normal -0.130466 -0.991453 0
    outer loop
      vertex -12 41.3327 0
      vertex -11.56 41.2748 3.01
      vertex -12 41.3327 3.01
    endloop
  endfacet
  facet normal -0.130466 -0.991453 -0
    outer loop
      vertex -11.56 41.2748 3.01
      vertex -12 41.3327 0
      vertex -11.56 41.2748 0
    endloop
  endfacet
  facet normal 0.608654 0.793436 -0
    outer loop
      vertex -12.85 38.1605 0
      vertex -13.2021 38.4306 3.01
      vertex -12.85 38.1605 3.01
    endloop
  endfacet
  facet normal 0.608654 0.793436 0
    outer loop
      vertex -13.2021 38.4306 3.01
      vertex -12.85 38.1605 0
      vertex -13.2021 38.4306 0
    endloop
  endfacet
  facet normal 0.793436 0.608654 0
    outer loop
      vertex -13.2021 38.4306 3.01
      vertex -13.4722 38.7827 0
      vertex -13.4722 38.7827 3.01
    endloop
  endfacet
  facet normal 0.793436 0.608654 0
    outer loop
      vertex -13.4722 38.7827 0
      vertex -13.2021 38.4306 3.01
      vertex -13.2021 38.4306 0
    endloop
  endfacet
  facet normal 0.608654 -0.793436 0
    outer loop
      vertex -13.2021 40.8348 0
      vertex -12.85 41.1049 3.01
      vertex -13.2021 40.8348 3.01
    endloop
  endfacet
  facet normal 0.608654 -0.793436 0
    outer loop
      vertex -12.85 41.1049 3.01
      vertex -13.2021 40.8348 0
      vertex -12.85 41.1049 0
    endloop
  endfacet
  facet normal -0.923822 0.382823 0
    outer loop
      vertex 13.4722 38.7827 0
      vertex 13.6421 39.1927 3.01
      vertex 13.6421 39.1927 0
    endloop
  endfacet
  facet normal -0.923822 0.382823 0
    outer loop
      vertex 13.6421 39.1927 3.01
      vertex 13.4722 38.7827 0
      vertex 13.4722 38.7827 3.01
    endloop
  endfacet
  facet normal -0.991453 0.130466 0
    outer loop
      vertex 13.6421 39.1927 0
      vertex 13.7 39.6327 3.01
      vertex 13.7 39.6327 0
    endloop
  endfacet
  facet normal -0.991453 0.130466 0
    outer loop
      vertex 13.7 39.6327 3.01
      vertex 13.6421 39.1927 0
      vertex 13.6421 39.1927 3.01
    endloop
  endfacet
  facet normal -0.793436 0.608654 0
    outer loop
      vertex 13.2021 38.4306 0
      vertex 13.4722 38.7827 3.01
      vertex 13.4722 38.7827 0
    endloop
  endfacet
  facet normal -0.793436 0.608654 0
    outer loop
      vertex 13.4722 38.7827 3.01
      vertex 13.2021 38.4306 0
      vertex 13.2021 38.4306 3.01
    endloop
  endfacet
  facet normal -0.608654 0.793436 0
    outer loop
      vertex 13.2021 38.4306 0
      vertex 12.85 38.1605 3.01
      vertex 13.2021 38.4306 3.01
    endloop
  endfacet
  facet normal -0.608654 0.793436 0
    outer loop
      vertex 12.85 38.1605 3.01
      vertex 13.2021 38.4306 0
      vertex 12.85 38.1605 0
    endloop
  endfacet
  facet normal 0.991453 0.130466 0
    outer loop
      vertex 10.3579 39.1927 3.01
      vertex 10.3 39.6327 0
      vertex 10.3 39.6327 3.01
    endloop
  endfacet
  facet normal 0.991453 0.130466 0
    outer loop
      vertex 10.3 39.6327 0
      vertex 10.3579 39.1927 3.01
      vertex 10.3579 39.1927 0
    endloop
  endfacet
  facet normal 0.382823 0.923822 -0
    outer loop
      vertex 11.56 37.9906 0
      vertex 11.15 38.1605 3.01
      vertex 11.56 37.9906 3.01
    endloop
  endfacet
  facet normal 0.382823 0.923822 0
    outer loop
      vertex 11.15 38.1605 3.01
      vertex 11.56 37.9906 0
      vertex 11.15 38.1605 0
    endloop
  endfacet
  facet normal 0.793436 0.608654 0
    outer loop
      vertex 10.7979 38.4306 3.01
      vertex 10.5278 38.7827 0
      vertex 10.5278 38.7827 3.01
    endloop
  endfacet
  facet normal 0.793436 0.608654 0
    outer loop
      vertex 10.5278 38.7827 0
      vertex 10.7979 38.4306 3.01
      vertex 10.7979 38.4306 0
    endloop
  endfacet
  facet normal 0.923822 0.382823 0
    outer loop
      vertex 10.5278 38.7827 3.01
      vertex 10.3579 39.1927 0
      vertex 10.3579 39.1927 3.01
    endloop
  endfacet
  facet normal 0.923822 0.382823 0
    outer loop
      vertex 10.3579 39.1927 0
      vertex 10.5278 38.7827 3.01
      vertex 10.5278 38.7827 0
    endloop
  endfacet
  facet normal 0.130466 0.991453 -0
    outer loop
      vertex 12 37.9327 0
      vertex 11.56 37.9906 3.01
      vertex 12 37.9327 3.01
    endloop
  endfacet
  facet normal 0.130466 0.991453 0
    outer loop
      vertex 11.56 37.9906 3.01
      vertex 12 37.9327 0
      vertex 11.56 37.9906 0
    endloop
  endfacet
  facet normal -0.382823 -0.923822 0
    outer loop
      vertex 12.44 41.2748 0
      vertex 12.85 41.1049 3.01
      vertex 12.44 41.2748 3.01
    endloop
  endfacet
  facet normal -0.382823 -0.923822 -0
    outer loop
      vertex 12.85 41.1049 3.01
      vertex 12.44 41.2748 0
      vertex 12.85 41.1049 0
    endloop
  endfacet
  facet normal -0.793436 -0.608654 0
    outer loop
      vertex 13.4722 40.4827 0
      vertex 13.2021 40.8348 3.01
      vertex 13.2021 40.8348 0
    endloop
  endfacet
  facet normal -0.793436 -0.608654 0
    outer loop
      vertex 13.2021 40.8348 3.01
      vertex 13.4722 40.4827 0
      vertex 13.4722 40.4827 3.01
    endloop
  endfacet
  facet normal 0.793436 -0.608654 0
    outer loop
      vertex 10.5278 40.4827 3.01
      vertex 10.7979 40.8348 0
      vertex 10.7979 40.8348 3.01
    endloop
  endfacet
  facet normal 0.793436 -0.608654 0
    outer loop
      vertex 10.7979 40.8348 0
      vertex 10.5278 40.4827 3.01
      vertex 10.5278 40.4827 0
    endloop
  endfacet
  facet normal 0.923822 -0.382823 0
    outer loop
      vertex 10.3579 40.0727 3.01
      vertex 10.5278 40.4827 0
      vertex 10.5278 40.4827 3.01
    endloop
  endfacet
  facet normal 0.923822 -0.382823 0
    outer loop
      vertex 10.5278 40.4827 0
      vertex 10.3579 40.0727 3.01
      vertex 10.3579 40.0727 0
    endloop
  endfacet
  facet normal -0.991453 -0.130466 0
    outer loop
      vertex 13.7 39.6327 0
      vertex 13.6421 40.0727 3.01
      vertex 13.6421 40.0727 0
    endloop
  endfacet
  facet normal -0.991453 -0.130466 0
    outer loop
      vertex 13.6421 40.0727 3.01
      vertex 13.7 39.6327 0
      vertex 13.7 39.6327 3.01
    endloop
  endfacet
  facet normal -0.382823 0.923822 0
    outer loop
      vertex 12.85 38.1605 0
      vertex 12.44 37.9906 3.01
      vertex 12.85 38.1605 3.01
    endloop
  endfacet
  facet normal -0.382823 0.923822 0
    outer loop
      vertex 12.44 37.9906 3.01
      vertex 12.85 38.1605 0
      vertex 12.44 37.9906 0
    endloop
  endfacet
  facet normal 0.382823 -0.923822 0
    outer loop
      vertex 11.15 41.1049 0
      vertex 11.56 41.2748 3.01
      vertex 11.15 41.1049 3.01
    endloop
  endfacet
  facet normal 0.382823 -0.923822 0
    outer loop
      vertex 11.56 41.2748 3.01
      vertex 11.15 41.1049 0
      vertex 11.56 41.2748 0
    endloop
  endfacet
  facet normal -0.923822 -0.382823 0
    outer loop
      vertex 13.6421 40.0727 0
      vertex 13.4722 40.4827 3.01
      vertex 13.4722 40.4827 0
    endloop
  endfacet
  facet normal -0.923822 -0.382823 0
    outer loop
      vertex 13.4722 40.4827 3.01
      vertex 13.6421 40.0727 0
      vertex 13.6421 40.0727 3.01
    endloop
  endfacet
  facet normal 0.608654 0.793436 -0
    outer loop
      vertex 11.15 38.1605 0
      vertex 10.7979 38.4306 3.01
      vertex 11.15 38.1605 3.01
    endloop
  endfacet
  facet normal 0.608654 0.793436 0
    outer loop
      vertex 10.7979 38.4306 3.01
      vertex 11.15 38.1605 0
      vertex 10.7979 38.4306 0
    endloop
  endfacet
  facet normal -0.130466 -0.991453 0
    outer loop
      vertex 12 41.3327 0
      vertex 12.44 41.2748 3.01
      vertex 12 41.3327 3.01
    endloop
  endfacet
  facet normal -0.130466 -0.991453 -0
    outer loop
      vertex 12.44 41.2748 3.01
      vertex 12 41.3327 0
      vertex 12.44 41.2748 0
    endloop
  endfacet
  facet normal 0.608654 -0.793436 0
    outer loop
      vertex 10.7979 40.8348 0
      vertex 11.15 41.1049 3.01
      vertex 10.7979 40.8348 3.01
    endloop
  endfacet
  facet normal 0.608654 -0.793436 0
    outer loop
      vertex 11.15 41.1049 3.01
      vertex 10.7979 40.8348 0
      vertex 11.15 41.1049 0
    endloop
  endfacet
  facet normal 0.991453 -0.130466 0
    outer loop
      vertex 10.3 39.6327 3.01
      vertex 10.3579 40.0727 0
      vertex 10.3579 40.0727 3.01
    endloop
  endfacet
  facet normal 0.991453 -0.130466 0
    outer loop
      vertex 10.3579 40.0727 0
      vertex 10.3 39.6327 3.01
      vertex 10.3 39.6327 0
    endloop
  endfacet
  facet normal -0.608654 -0.793436 0
    outer loop
      vertex 12.85 41.1049 0
      vertex 13.2021 40.8348 3.01
      vertex 12.85 41.1049 3.01
    endloop
  endfacet
  facet normal -0.608654 -0.793436 -0
    outer loop
      vertex 13.2021 40.8348 3.01
      vertex 12.85 41.1049 0
      vertex 13.2021 40.8348 0
    endloop
  endfacet
  facet normal -0.130466 0.991453 0
    outer loop
      vertex 12.44 37.9906 0
      vertex 12 37.9327 3.01
      vertex 12.44 37.9906 3.01
    endloop
  endfacet
  facet normal -0.130466 0.991453 0
    outer loop
      vertex 12 37.9327 3.01
      vertex 12.44 37.9906 0
      vertex 12 37.9327 0
    endloop
  endfacet
  facet normal 0.130466 -0.991453 0
    outer loop
      vertex 11.56 41.2748 0
      vertex 12 41.3327 3.01
      vertex 11.56 41.2748 3.01
    endloop
  endfacet
  facet normal 0.130466 -0.991453 0
    outer loop
      vertex 12 41.3327 3.01
      vertex 11.56 41.2748 0
      vertex 12 41.3327 0
    endloop
  endfacet
  facet normal 0 0 1
    outer loop
      vertex 45.3444 -7.5916 9.5
      vertex 58.5175 -12.5971 9.5
      vertex 59.3908 -10.3219 9.5
    endloop
  endfacet
  facet normal -0 0 1
    outer loop
      vertex 45.1161 -8.97415 9.5
      vertex 58.5175 -12.5971 9.5
      vertex 45.3444 -7.5916 9.5
    endloop
  endfacet
  facet normal 0 0 1
    outer loop
      vertex 58.5175 -12.5971 9.5
      vertex 45.1161 -8.97415 9.5
      vertex 44.8891 -9.94801 9.5
    endloop
  endfacet
  facet normal 0.190808 0.981627 -1.93255e-06
    outer loop
      vertex 58.5175 -12.5971 9.5
      vertex 44.8891 -9.94801 14.5
      vertex 60.1597 -12.9163 14.5
    endloop
  endfacet
  facet normal 0.190809 0.981627 0
    outer loop
      vertex 44.8891 -9.94801 14.5
      vertex 58.5175 -12.5971 9.5
      vertex 44.8891 -9.94801 9.5
    endloop
  endfacet
  facet normal 0 0 -1
    outer loop
      vertex 60.1597 -12.9163 14.5
      vertex 45.3444 -7.5916 14.5
      vertex 61.033 -10.6412 14.5
    endloop
  endfacet
  facet normal 0 0 -1
    outer loop
      vertex 60.1597 -12.9163 14.5
      vertex 45.1161 -8.97415 14.5
      vertex 45.3444 -7.5916 14.5
    endloop
  endfacet
  facet normal 0 -0 -1
    outer loop
      vertex 45.1161 -8.97415 14.5
      vertex 60.1597 -12.9163 14.5
      vertex 44.8891 -9.94801 14.5
    endloop
  endfacet
  facet normal -0.190806 -0.981628 0
    outer loop
      vertex 59.3908 -10.3219 9.5
      vertex 45.3444 -7.5916 14.5
      vertex 45.3444 -7.5916 9.5
    endloop
  endfacet
  facet normal -0.190812 -0.981627 -1.6479e-05
    outer loop
      vertex 45.3444 -7.5916 14.5
      vertex 59.3908 -10.3219 9.5
      vertex 61.033 -10.6412 14.5
    endloop
  endfacet
  facet normal -0 0 1
    outer loop
      vertex 38.2476 -25.5562 9.5
      vertex 50.162 -31.7625 9.5
      vertex 38.9876 -24.3663 9.5
    endloop
  endfacet
  facet normal 0 0 1
    outer loop
      vertex 50.162 -31.7625 9.5
      vertex 38.2476 -25.5562 9.5
      vertex 48.885 -33.7953 9.5
    endloop
  endfacet
  facet normal 0 0 1
    outer loop
      vertex 48.885 -33.7953 9.5
      vertex 38.2476 -25.5562 9.5
      vertex 37.6651 -26.3691 9.5
    endloop
  endfacet
  facet normal 0.551934 0.833888 5.92737e-06
    outer loop
      vertex 48.885 -33.7953 9.5
      vertex 37.6651 -26.3691 14.5
      vertex 50.2645 -34.7084 14.5
    endloop
  endfacet
  facet normal 0.551932 0.833889 0
    outer loop
      vertex 37.6651 -26.3691 14.5
      vertex 48.885 -33.7953 9.5
      vertex 37.6651 -26.3691 9.5
    endloop
  endfacet
  facet normal 0 0 -1
    outer loop
      vertex 38.2476 -25.5562 14.5
      vertex 51.5415 -32.6755 14.5
      vertex 50.2645 -34.7084 14.5
    endloop
  endfacet
  facet normal 0 0 -1
    outer loop
      vertex 51.5415 -32.6755 14.5
      vertex 38.2476 -25.5562 14.5
      vertex 38.9876 -24.3663 14.5
    endloop
  endfacet
  facet normal 0 -0 -1
    outer loop
      vertex 38.2476 -25.5562 14.5
      vertex 50.2645 -34.7084 14.5
      vertex 37.6651 -26.3691 14.5
    endloop
  endfacet
  facet normal -0.551938 -0.833885 0
    outer loop
      vertex 50.162 -31.7625 9.5
      vertex 38.9876 -24.3663 14.5
      vertex 38.9876 -24.3663 9.5
    endloop
  endfacet
  facet normal -0.551935 -0.833887 1.10358e-05
    outer loop
      vertex 38.9876 -24.3663 14.5
      vertex 50.162 -31.7625 9.5
      vertex 51.5415 -32.6755 14.5
    endloop
  endfacet
  facet normal 0 0 1
    outer loop
      vertex 36.7832 -52.3874 9.5
      vertex 34.7471 -53.6607 9.5
      vertex 34.98 -53.6037 9.5
    endloop
  endfacet
  facet normal -0 0 1
    outer loop
      vertex 25.5562 -38.2476 9.5
      vertex 36.7832 -52.3874 9.5
      vertex 26.6953 -37.4314 9.5
    endloop
  endfacet
  facet normal 0 0 1
    outer loop
      vertex 36.7832 -52.3874 9.5
      vertex 25.5562 -38.2476 9.5
      vertex 34.7471 -53.6607 9.5
    endloop
  endfacet
  facet normal 0 0 1
    outer loop
      vertex 34.7471 -53.6607 9.5
      vertex 25.5562 -38.2476 9.5
      vertex 24.707 -38.7757 9.5
    endloop
  endfacet
  facet normal 0.829035 0.559197 0
    outer loop
      vertex 34.7935 -53.7294 9.73131
      vertex 24.707 -38.7757 9.5
      vertex 24.707 -38.7757 14.5
    endloop
  endfacet
  facet normal 0.829035 0.559197 -0
    outer loop
      vertex 34.7935 -53.7294 9.73131
      vertex 24.707 -38.7757 14.5
      vertex 34.7935 -53.7294 14.5
    endloop
  endfacet
  facet normal 0.829037 0.559194 -0.000218905
    outer loop
      vertex 24.707 -38.7757 9.5
      vertex 34.7935 -53.7294 9.73131
      vertex 34.7471 -53.6607 9.5
    endloop
  endfacet
  facet normal 0 0 -1
    outer loop
      vertex 25.5562 -38.2476 14.5
      vertex 36.7832 -52.3874 14.5
      vertex 34.7935 -53.7294 14.5
    endloop
  endfacet
  facet normal 0 0 -1
    outer loop
      vertex 36.7832 -52.3874 14.5
      vertex 25.5562 -38.2476 14.5
      vertex 26.6953 -37.4314 14.5
    endloop
  endfacet
  facet normal 0 -0 -1
    outer loop
      vertex 25.5562 -38.2476 14.5
      vertex 34.7935 -53.7294 14.5
      vertex 24.707 -38.7757 14.5
    endloop
  endfacet
  facet normal -0.829039 -0.559191 0
    outer loop
      vertex 36.7832 -52.3874 9.5
      vertex 26.6953 -37.4314 14.5
      vertex 26.6953 -37.4314 9.5
    endloop
  endfacet
  facet normal -0.829039 -0.559191 0
    outer loop
      vertex 26.6953 -37.4314 14.5
      vertex 36.7832 -52.3874 9.5
      vertex 36.7832 -52.3874 14.5
    endloop
  endfacet
  facet normal -0.559173 0.829051 0
    outer loop
      vertex 36.7832 -52.3874 14.5
      vertex 34.7935 -53.7294 9.73131
      vertex 34.7935 -53.7294 14.5
    endloop
  endfacet
  facet normal -0.559173 0.829051 0
    outer loop
      vertex 36.7832 -52.3874 9.5
      vertex 34.7935 -53.7294 9.73131
      vertex 36.7832 -52.3874 14.5
    endloop
  endfacet
  facet normal -0.559201 0.829032 -0.00035322
    outer loop
      vertex 34.7935 -53.7294 9.73131
      vertex 36.7832 -52.3874 9.5
      vertex 34.98 -53.6037 9.5
    endloop
  endfacet
  facet normal -0 0 1
    outer loop
      vertex 8.97415 -45.1161 9.5
      vertex 13.2148 -58.9336 9.5
      vertex 10.3388 -44.7979 9.5
    endloop
  endfacet
  facet normal 0 0 1
    outer loop
      vertex 13.2148 -58.9336 9.5
      vertex 8.97415 -45.1161 9.5
      vertex 10.8818 -59.5049 9.5
    endloop
  endfacet
  facet normal 0 0 1
    outer loop
      vertex 10.8818 -59.5049 9.5
      vertex 8.97415 -45.1161 9.5
      vertex 7.98754 -45.279 9.5
    endloop
  endfacet
  facet normal 0.979925 0.199366 0
    outer loop
      vertex 7.98754 -45.279 14.5
      vertex 10.8818 -59.5049 9.5
      vertex 7.98754 -45.279 9.5
    endloop
  endfacet
  facet normal 0.979925 0.199366 -1.60697e-06
    outer loop
      vertex 10.8818 -59.5049 9.5
      vertex 7.98754 -45.279 14.5
      vertex 11.2174 -61.1544 14.5
    endloop
  endfacet
  facet normal 0 0 -1
    outer loop
      vertex 8.97415 -45.1161 14.5
      vertex 13.5504 -60.5832 14.5
      vertex 11.2174 -61.1544 14.5
    endloop
  endfacet
  facet normal 0 0 -1
    outer loop
      vertex 13.5504 -60.5832 14.5
      vertex 8.97415 -45.1161 14.5
      vertex 10.3388 -44.7979 14.5
    endloop
  endfacet
  facet normal 0 -0 -1
    outer loop
      vertex 8.97415 -45.1161 14.5
      vertex 11.2174 -61.1544 14.5
      vertex 7.98754 -45.279 14.5
    endloop
  endfacet
  facet normal -0.979924 -0.199372 0
    outer loop
      vertex 13.2148 -58.9336 9.5
      vertex 10.3388 -44.7979 14.5
      vertex 10.3388 -44.7979 9.5
    endloop
  endfacet
  facet normal -0.979924 -0.199371 -3.83246e-06
    outer loop
      vertex 10.3388 -44.7979 14.5
      vertex 13.2148 -58.9336 9.5
      vertex 13.5504 -60.5832 14.5
    endloop
  endfacet
  facet normal 0 0 1
    outer loop
      vertex -8.97415 -45.1161 9.5
      vertex -10.6533 -61.0956 9.5
      vertex -7.5916 -45.3444 9.5
    endloop
  endfacet
  facet normal 0 0 1
    outer loop
      vertex -9.94801 -44.8891 9.5
      vertex -10.6533 -61.0956 9.5
      vertex -8.97415 -45.1161 9.5
    endloop
  endfacet
  facet normal 0 -0 1
    outer loop
      vertex -10.6533 -61.0956 9.5
      vertex -9.94801 -44.8891 9.5
      vertex -13.1174 -61.1944 9.5
    endloop
  endfacet
  facet normal 0.190773 0.981634 0
    outer loop
      vertex -12.11 -62.8439 14.5
      vertex -13.3897 -62.5952 13.6122
      vertex -13.3897 -62.5952 14.5
    endloop
  endfacet
  facet normal 0.981628 -0.190807 0
    outer loop
      vertex -9.94801 -44.8891 14.5
      vertex -13.1174 -61.1944 9.5
      vertex -9.94801 -44.8891 9.5
    endloop
  endfacet
  facet normal 0.981627 -0.190808 2.79061e-06
    outer loop
      vertex -13.3897 -62.5952 14.5
      vertex -13.1174 -61.1944 9.5
      vertex -9.94801 -44.8891 14.5
    endloop
  endfacet
  facet normal 0.981626 -0.190817 0
    outer loop
      vertex -13.1174 -61.1944 9.5
      vertex -13.3897 -62.5952 14.5
      vertex -13.3897 -62.5952 13.6122
    endloop
  endfacet
  facet normal 0 0 -1
    outer loop
      vertex -10.9844 -62.7988 14.5
      vertex -8.97415 -45.1161 14.5
      vertex -7.5916 -45.3444 14.5
    endloop
  endfacet
  facet normal 0 0 -1
    outer loop
      vertex -10.9844 -62.7988 14.5
      vertex -9.94801 -44.8891 14.5
      vertex -8.97415 -45.1161 14.5
    endloop
  endfacet
  facet normal 0 0 -1
    outer loop
      vertex -13.3897 -62.5952 14.5
      vertex -10.9844 -62.7988 14.5
      vertex -12.11 -62.8439 14.5
    endloop
  endfacet
  facet normal 0 0 -1
    outer loop
      vertex -10.9844 -62.7988 14.5
      vertex -13.3897 -62.5952 14.5
      vertex -9.94801 -44.8891 14.5
    endloop
  endfacet
  facet normal -0.981627 0.190808 0
    outer loop
      vertex -10.6533 -61.0956 9.5
      vertex -7.5916 -45.3444 14.5
      vertex -7.5916 -45.3444 9.5
    endloop
  endfacet
  facet normal -0.981627 0.190809 -6.01628e-06
    outer loop
      vertex -7.5916 -45.3444 14.5
      vertex -10.6533 -61.0956 9.5
      vertex -10.9844 -62.7988 14.5
    endloop
  endfacet
  facet normal 0 0 1
    outer loop
      vertex -34.7045 -50.2586 9.5
      vertex -24.3663 -38.9876 9.5
      vertex -25.5562 -38.2476 9.5
    endloop
  endfacet
  facet normal 0 0 1
    outer loop
      vertex -34.7045 -50.2586 9.5
      vertex -25.5562 -38.2476 9.5
      vertex -26.3691 -37.6651 9.5
    endloop
  endfacet
  facet normal 0 0 1
    outer loop
      vertex -24.3663 -38.9876 9.5
      vertex -34.7045 -50.2586 9.5
      vertex -32.973 -51.9909 9.5
    endloop
  endfacet
  facet normal 0.833888 -0.551934 0
    outer loop
      vertex -26.3691 -37.6651 14.5
      vertex -34.7045 -50.2586 9.5
      vertex -26.3691 -37.6651 9.5
    endloop
  endfacet
  facet normal 0.833887 -0.551935 2.26009e-06
    outer loop
      vertex -34.7045 -50.2586 9.5
      vertex -26.3691 -37.6651 14.5
      vertex -35.6471 -51.6827 14.5
    endloop
  endfacet
  facet normal 0 0 -1
    outer loop
      vertex -35.6471 -51.6827 14.5
      vertex -24.3663 -38.9876 14.5
      vertex -33.9155 -53.415 14.5
    endloop
  endfacet
  facet normal -0 0 -1
    outer loop
      vertex -24.3663 -38.9876 14.5
      vertex -35.6471 -51.6827 14.5
      vertex -25.5562 -38.2476 14.5
    endloop
  endfacet
  facet normal -0 0 -1
    outer loop
      vertex -25.5562 -38.2476 14.5
      vertex -35.6471 -51.6827 14.5
      vertex -26.3691 -37.6651 14.5
    endloop
  endfacet
  facet normal -0.833886 0.551937 0
    outer loop
      vertex -32.973 -51.9909 9.5
      vertex -24.3663 -38.9876 14.5
      vertex -24.3663 -38.9876 9.5
    endloop
  endfacet
  facet normal -0.833888 0.551933 1.37702e-05
    outer loop
      vertex -24.3663 -38.9876 14.5
      vertex -32.973 -51.9909 9.5
      vertex -33.9155 -53.415 14.5
    endloop
  endfacet
  facet normal 0 0 1
    outer loop
      vertex -38.2476 -25.5562 9.5
      vertex -48.6451 -34.259 9.5
      vertex -37.4314 -26.6953 9.5
    endloop
  endfacet
  facet normal 0 0 1
    outer loop
      vertex -49.9341 -32.2335 9.5
      vertex -38.2476 -25.5562 9.5
      vertex -38.7757 -24.707 9.5
    endloop
  endfacet
  facet normal 0 0 1
    outer loop
      vertex -38.2476 -25.5562 9.5
      vertex -49.9341 -32.2335 9.5
      vertex -48.6451 -34.259 9.5
    endloop
  endfacet
  facet normal 0.559196 -0.829036 1.19426e-06
    outer loop
      vertex -49.9341 -32.2335 9.5
      vertex -38.7757 -24.707 14.5
      vertex -51.3071 -33.1596 14.5
    endloop
  endfacet
  facet normal 0.559196 -0.829035 0
    outer loop
      vertex -38.7757 -24.707 14.5
      vertex -49.9341 -32.2335 9.5
      vertex -38.7757 -24.707 9.5
    endloop
  endfacet
  facet normal 0 0 -1
    outer loop
      vertex -50.018 -35.185 14.5
      vertex -38.2476 -25.5562 14.5
      vertex -37.4314 -26.6953 14.5
    endloop
  endfacet
  facet normal 0 0 -1
    outer loop
      vertex -51.3071 -33.1596 14.5
      vertex -38.2476 -25.5562 14.5
      vertex -50.018 -35.185 14.5
    endloop
  endfacet
  facet normal -0 0 -1
    outer loop
      vertex -38.2476 -25.5562 14.5
      vertex -51.3071 -33.1596 14.5
      vertex -38.7757 -24.707 14.5
    endloop
  endfacet
  facet normal -0.559191 0.829039 0
    outer loop
      vertex -48.6451 -34.259 9.5
      vertex -37.4314 -26.6953 14.5
      vertex -37.4314 -26.6953 9.5
    endloop
  endfacet
  facet normal -0.55919 0.82904 -4.18294e-06
    outer loop
      vertex -37.4314 -26.6953 14.5
      vertex -48.6451 -34.259 9.5
      vertex -50.018 -35.185 14.5
    endloop
  endfacet
  facet normal 0 0 1
    outer loop
      vertex -61.2004 -11.2268 9.5
      vertex -44.7979 -10.3388 9.5
      vertex -45.1161 -8.97415 9.5
    endloop
  endfacet
  facet normal 0 0 1
    outer loop
      vertex -61.2004 -11.2268 9.5
      vertex -45.1161 -8.97415 9.5
      vertex -45.279 -7.98754 9.5
    endloop
  endfacet
  facet normal 0 0 1
    outer loop
      vertex -44.7979 -10.3388 9.5
      vertex -61.2004 -11.2268 9.5
      vertex -61.0068 -13.6366 9.5
    endloop
  endfacet
  facet normal 0.199369 -0.979925 -4.04503e-07
    outer loop
      vertex -61.2004 -11.2268 9.5
      vertex -45.279 -7.98754 14.5
      vertex -62.9025 -11.5731 14.5
    endloop
  endfacet
  facet normal 0.199369 -0.979925 0
    outer loop
      vertex -45.279 -7.98754 14.5
      vertex -61.2004 -11.2268 9.5
      vertex -45.279 -7.98754 9.5
    endloop
  endfacet
  facet normal 0 0 -1
    outer loop
      vertex -62.4759 -13.9355 14.5
      vertex -45.1161 -8.97415 14.5
      vertex -44.7979 -10.3388 14.5
    endloop
  endfacet
  facet normal 0 0 -1
    outer loop
      vertex -62.8672 -12.0126 14.5
      vertex -45.1161 -8.97415 14.5
      vertex -62.4759 -13.9355 14.5
    endloop
  endfacet
  facet normal 0 0 -1
    outer loop
      vertex -62.9025 -11.5731 14.5
      vertex -45.1161 -8.97415 14.5
      vertex -62.8672 -12.0126 14.5
    endloop
  endfacet
  facet normal -0 0 -1
    outer loop
      vertex -45.1161 -8.97415 14.5
      vertex -62.9025 -11.5731 14.5
      vertex -45.279 -7.98754 14.5
    endloop
  endfacet
  facet normal -0.199372 0.979924 4.68177e-07
    outer loop
      vertex -61.0068 -13.6366 9.5
      vertex -62.4759 -13.9355 14.5
      vertex -44.7979 -10.3388 14.5
    endloop
  endfacet
  facet normal -0.199372 0.979924 0
    outer loop
      vertex -61.0068 -13.6366 9.5
      vertex -44.7979 -10.3388 14.5
      vertex -44.7979 -10.3388 9.5
    endloop
  endfacet
  facet normal -0.199373 0.979924 0
    outer loop
      vertex -62.4759 -13.9355 14.5
      vertex -61.0068 -13.6366 9.5
      vertex -62.4759 -13.9355 13.8157
    endloop
  endfacet
  facet normal 0.979917 0.199408 0
    outer loop
      vertex -62.4759 -13.9355 14.5
      vertex -62.4759 -13.9355 13.8157
      vertex -62.8672 -12.0126 14.5
    endloop
  endfacet
  facet normal 0.98163 -0.190793 0
    outer loop
      vertex -63.0531 11.0338 9.68614
      vertex -62.5952 13.3897 9.5
      vertex -62.5952 13.3897 14.5
    endloop
  endfacet
  facet normal 0.98163 -0.190793 0
    outer loop
      vertex -63.0531 11.0338 9.68614
      vertex -62.5952 13.3897 14.5
      vertex -63.0531 11.0338 14.5
    endloop
  endfacet
  facet normal 0.981632 -0.190783 0.000128
    outer loop
      vertex -62.5952 13.3897 9.5
      vertex -63.0531 11.0338 9.68614
      vertex -63.0075 11.2683 9.5
    endloop
  endfacet
  facet normal 0 0 1
    outer loop
      vertex -62.5952 13.3897 9.5
      vertex -45.1161 8.97415 9.5
      vertex -44.8891 9.94801 9.5
    endloop
  endfacet
  facet normal -0 0 1
    outer loop
      vertex -62.9877 11.0211 9.5
      vertex -45.1161 8.97415 9.5
      vertex -62.5952 13.3897 9.5
    endloop
  endfacet
  facet normal 0 0 1
    outer loop
      vertex -45.1161 8.97415 9.5
      vertex -62.9877 11.0211 9.5
      vertex -45.3444 7.5916 9.5
    endloop
  endfacet
  facet normal 0 -0 1
    outer loop
      vertex -62.9877 11.0211 9.5
      vertex -62.5952 13.3897 9.5
      vertex -63.0075 11.2683 9.5
    endloop
  endfacet
  facet normal 0 0 -1
    outer loop
      vertex -45.1161 8.97415 14.5
      vertex -62.5952 13.3897 14.5
      vertex -44.8891 9.94801 14.5
    endloop
  endfacet
  facet normal 0 0 -1
    outer loop
      vertex -63.0531 11.0338 14.5
      vertex -45.1161 8.97415 14.5
      vertex -45.3444 7.5916 14.5
    endloop
  endfacet
  facet normal 0 0 -1
    outer loop
      vertex -45.1161 8.97415 14.5
      vertex -63.0531 11.0338 14.5
      vertex -62.5952 13.3897 14.5
    endloop
  endfacet
  facet normal 0.190808 0.981627 2.43224e-06
    outer loop
      vertex -62.9877 11.0211 9.5
      vertex -63.0531 11.0338 14.5
      vertex -45.3444 7.5916 14.5
    endloop
  endfacet
  facet normal 0.190808 0.981627 0
    outer loop
      vertex -62.9877 11.0211 9.5
      vertex -45.3444 7.5916 14.5
      vertex -45.3444 7.5916 9.5
    endloop
  endfacet
  facet normal 0.190629 0.981662 0
    outer loop
      vertex -63.0531 11.0338 14.5
      vertex -62.9877 11.0211 9.5
      vertex -63.0531 11.0338 9.68614
    endloop
  endfacet
  facet normal -0.190808 -0.981627 0
    outer loop
      vertex -62.5952 13.3897 9.5
      vertex -44.8891 9.94801 14.5
      vertex -62.5952 13.3897 14.5
    endloop
  endfacet
  facet normal -0.190808 -0.981627 -0
    outer loop
      vertex -44.8891 9.94801 14.5
      vertex -62.5952 13.3897 9.5
      vertex -44.8891 9.94801 9.5
    endloop
  endfacet
  facet normal 0 0 1
    outer loop
      vertex -48.9965 33.8691 9.5
      vertex -38.2476 25.5562 9.5
      vertex -37.6651 26.3691 9.5
    endloop
  endfacet
  facet normal -0 0 1
    outer loop
      vertex -50.4855 31.9765 9.5
      vertex -38.2476 25.5562 9.5
      vertex -48.9965 33.8691 9.5
    endloop
  endfacet
  facet normal 0 0 1
    outer loop
      vertex -38.2476 25.5562 9.5
      vertex -50.4855 31.9765 9.5
      vertex -38.9876 24.3663 9.5
    endloop
  endfacet
  facet normal 0 0 -1
    outer loop
      vertex -38.2476 25.5562 14.5
      vertex -50.382 34.7862 14.5
      vertex -37.6651 26.3691 14.5
    endloop
  endfacet
  facet normal 0 0 -1
    outer loop
      vertex -51.871 32.8936 14.5
      vertex -38.2476 25.5562 14.5
      vertex -38.9876 24.3663 14.5
    endloop
  endfacet
  facet normal 0 0 -1
    outer loop
      vertex -38.2476 25.5562 14.5
      vertex -51.871 32.8936 14.5
      vertex -50.382 34.7862 14.5
    endloop
  endfacet
  facet normal -0.551936 -0.833887 1.01893e-05
    outer loop
      vertex -48.9965 33.8691 9.5
      vertex -37.6651 26.3691 14.5
      vertex -50.382 34.7862 14.5
    endloop
  endfacet
  facet normal -0.551932 -0.833889 -0
    outer loop
      vertex -37.6651 26.3691 14.5
      vertex -48.9965 33.8691 9.5
      vertex -37.6651 26.3691 9.5
    endloop
  endfacet
  facet normal 0.551932 0.833889 0
    outer loop
      vertex -50.4855 31.9765 9.5
      vertex -38.9876 24.3663 14.5
      vertex -38.9876 24.3663 9.5
    endloop
  endfacet
  facet normal 0.551935 0.833887 -1.02524e-05
    outer loop
      vertex -38.9876 24.3663 14.5
      vertex -50.4855 31.9765 9.5
      vertex -51.871 32.8936 14.5
    endloop
  endfacet
  facet normal -0 0 1
    outer loop
      vertex -34.4376 48.9098 9.5
      vertex -24.707 38.7757 9.5
      vertex -32.658 50.5635 9.5
    endloop
  endfacet
  facet normal 0 0 1
    outer loop
      vertex -24.707 38.7757 9.5
      vertex -34.4376 48.9098 9.5
      vertex -25.5562 38.2476 9.5
    endloop
  endfacet
  facet normal 0 0 1
    outer loop
      vertex -25.5562 38.2476 9.5
      vertex -34.4376 48.9098 9.5
      vertex -26.6953 37.4314 9.5
    endloop
  endfacet
  facet normal 0 0 -1
    outer loop
      vertex -35.372 50.2952 14.5
      vertex -24.707 38.7757 14.5
      vertex -25.5562 38.2476 14.5
    endloop
  endfacet
  facet normal 0 0 -1
    outer loop
      vertex -35.372 50.2952 14.5
      vertex -25.5562 38.2476 14.5
      vertex -26.6953 37.4314 14.5
    endloop
  endfacet
  facet normal 0 0 -1
    outer loop
      vertex -24.707 38.7757 14.5
      vertex -35.372 50.2952 14.5
      vertex -33.5925 51.9489 14.5
    endloop
  endfacet
  facet normal -0.829037 -0.559194 -0
    outer loop
      vertex -24.707 38.7757 14.5
      vertex -32.658 50.5635 9.5
      vertex -24.707 38.7757 9.5
    endloop
  endfacet
  facet normal -0.829036 -0.559196 -4.82952e-06
    outer loop
      vertex -32.658 50.5635 9.5
      vertex -24.707 38.7757 14.5
      vertex -33.5925 51.9489 14.5
    endloop
  endfacet
  facet normal 0.829039 0.559191 -9.86639e-06
    outer loop
      vertex -26.6953 37.4314 14.5
      vertex -34.4376 48.9098 9.5
      vertex -35.372 50.2952 14.5
    endloop
  endfacet
  facet normal 0.829037 0.559194 0
    outer loop
      vertex -34.4376 48.9098 9.5
      vertex -26.6953 37.4314 14.5
      vertex -26.6953 37.4314 9.5
    endloop
  endfacet
  facet normal 0 0 1
    outer loop
      vertex -11.0401 60.2828 9.5
      vertex -8.97415 45.1161 9.5
      vertex -7.98754 45.279 9.5
    endloop
  endfacet
  facet normal 0 0 1
    outer loop
      vertex -11.0401 60.2828 9.5
      vertex -10.3388 44.7979 9.5
      vertex -8.97415 45.1161 9.5
    endloop
  endfacet
  facet normal 0 0 1
    outer loop
      vertex -10.3388 44.7979 9.5
      vertex -11.0401 60.2828 9.5
      vertex -13.4699 60.1878 9.5
    endloop
  endfacet
  facet normal 0 0 -1
    outer loop
      vertex -8.97415 45.1161 14.5
      vertex -11.3815 61.9607 14.5
      vertex -7.98754 45.279 14.5
    endloop
  endfacet
  facet normal 0 0 -1
    outer loop
      vertex -10.3388 44.7979 14.5
      vertex -11.3815 61.9607 14.5
      vertex -8.97415 45.1161 14.5
    endloop
  endfacet
  facet normal 0 -0 -1
    outer loop
      vertex -11.3815 61.9607 14.5
      vertex -10.3388 44.7979 14.5
      vertex -13.8113 61.8657 14.5
    endloop
  endfacet
  facet normal -0.979925 -0.199368 -0
    outer loop
      vertex -7.98754 45.279 14.5
      vertex -11.0401 60.2828 9.5
      vertex -7.98754 45.279 9.5
    endloop
  endfacet
  facet normal -0.979924 -0.19937 -4.78042e-06
    outer loop
      vertex -11.0401 60.2828 9.5
      vertex -7.98754 45.279 14.5
      vertex -11.3815 61.9607 14.5
    endloop
  endfacet
  facet normal 0.979925 0.199369 5.04287e-06
    outer loop
      vertex -10.3388 44.7979 14.5
      vertex -13.4699 60.1878 9.5
      vertex -13.8113 61.8657 14.5
    endloop
  endfacet
  facet normal 0.979925 0.199367 0
    outer loop
      vertex -13.4699 60.1878 9.5
      vertex -10.3388 44.7979 14.5
      vertex -10.3388 44.7979 9.5
    endloop
  endfacet
  facet normal 0 0 1
    outer loop
      vertex 8.97415 45.1161 9.5
      vertex 12.8619 59.88 9.5
      vertex 10.5112 60.3643 9.5
    endloop
  endfacet
  facet normal 0 0 1
    outer loop
      vertex 12.8619 59.88 9.5
      vertex 8.97415 45.1161 9.5
      vertex 9.94801 44.8891 9.5
    endloop
  endfacet
  facet normal 0 -0 1
    outer loop
      vertex 8.97415 45.1161 9.5
      vertex 10.5112 60.3643 9.5
      vertex 7.5916 45.3444 9.5
    endloop
  endfacet
  facet normal 0 0 -1
    outer loop
      vertex 8.97415 45.1161 14.5
      vertex 13.1875 61.5547 14.5
      vertex 9.94801 44.8891 14.5
    endloop
  endfacet
  facet normal -0 0 -1
    outer loop
      vertex 13.1875 61.5547 14.5
      vertex 8.97415 45.1161 14.5
      vertex 10.8367 62.039 14.5
    endloop
  endfacet
  facet normal 0 0 -1
    outer loop
      vertex 10.8367 62.039 14.5
      vertex 8.97415 45.1161 14.5
      vertex 7.5916 45.3444 14.5
    endloop
  endfacet
  facet normal -0.981628 0.190806 0
    outer loop
      vertex 9.94801 44.8891 14.5
      vertex 12.8619 59.88 9.5
      vertex 9.94801 44.8891 9.5
    endloop
  endfacet
  facet normal -0.981627 0.19081 1.34938e-05
    outer loop
      vertex 12.8619 59.88 9.5
      vertex 9.94801 44.8891 14.5
      vertex 13.1875 61.5547 14.5
    endloop
  endfacet
  facet normal 0.981627 -0.190809 5.60555e-06
    outer loop
      vertex 7.5916 45.3444 14.5
      vertex 10.5112 60.3643 9.5
      vertex 10.8367 62.039 14.5
    endloop
  endfacet
  facet normal 0.981627 -0.190811 0
    outer loop
      vertex 10.5112 60.3643 9.5
      vertex 7.5916 45.3444 14.5
      vertex 7.5916 45.3444 9.5
    endloop
  endfacet
  facet normal -0.551928 -0.833892 0
    outer loop
      vertex 34.3233 54.031 9.5
      vertex 36.3246 52.7064 14.5
      vertex 34.3233 54.031 14.5
    endloop
  endfacet
  facet normal -0.551928 -0.833892 -0
    outer loop
      vertex 36.3246 52.7064 14.5
      vertex 34.3233 54.031 9.5
      vertex 36.3246 52.7064 9.5
    endloop
  endfacet
  facet normal 0 0 1
    outer loop
      vertex 25.5562 38.2476 9.5
      vertex 36.3246 52.7064 9.5
      vertex 34.3233 54.031 9.5
    endloop
  endfacet
  facet normal 0 0 1
    outer loop
      vertex 36.3246 52.7064 9.5
      vertex 25.5562 38.2476 9.5
      vertex 26.3691 37.6651 9.5
    endloop
  endfacet
  facet normal 0 -0 1
    outer loop
      vertex 25.5562 38.2476 9.5
      vertex 34.3233 54.031 9.5
      vertex 24.3663 38.9876 9.5
    endloop
  endfacet
  facet normal 0 0 -1
    outer loop
      vertex 25.5562 38.2476 14.5
      vertex 36.3246 52.7064 14.5
      vertex 26.3691 37.6651 14.5
    endloop
  endfacet
  facet normal -0 0 -1
    outer loop
      vertex 36.3246 52.7064 14.5
      vertex 25.5562 38.2476 14.5
      vertex 34.3233 54.031 14.5
    endloop
  endfacet
  facet normal 0 0 -1
    outer loop
      vertex 34.3233 54.031 14.5
      vertex 25.5562 38.2476 14.5
      vertex 24.3663 38.9876 14.5
    endloop
  endfacet
  facet normal -0.833889 0.551932 0
    outer loop
      vertex 26.3691 37.6651 9.5
      vertex 36.3246 52.7064 14.5
      vertex 36.3246 52.7064 9.5
    endloop
  endfacet
  facet normal -0.833889 0.551932 0
    outer loop
      vertex 36.3246 52.7064 14.5
      vertex 26.3691 37.6651 9.5
      vertex 26.3691 37.6651 14.5
    endloop
  endfacet
  facet normal 0.833886 -0.551937 0
    outer loop
      vertex 24.3663 38.9876 14.5
      vertex 34.3233 54.031 9.5
      vertex 34.3233 54.031 14.5
    endloop
  endfacet
  facet normal 0.833886 -0.551937 0
    outer loop
      vertex 34.3233 54.031 9.5
      vertex 24.3663 38.9876 14.5
      vertex 24.3663 38.9876 9.5
    endloop
  endfacet
  facet normal 0 0 1
    outer loop
      vertex 38.2476 25.5562 9.5
      vertex 50.5724 32.664 9.5
      vertex 49.367 34.7459 9.5
    endloop
  endfacet
  facet normal 0 0 1
    outer loop
      vertex 50.5724 32.664 9.5
      vertex 38.2476 25.5562 9.5
      vertex 38.7757 24.707 9.5
    endloop
  endfacet
  facet normal 0 -0 1
    outer loop
      vertex 38.2476 25.5562 9.5
      vertex 49.367 34.7459 9.5
      vertex 37.4314 26.6953 9.5
    endloop
  endfacet
  facet normal 0 0 -1
    outer loop
      vertex 38.2476 25.5562 14.5
      vertex 51.9643 33.6029 14.5
      vertex 38.7757 24.707 14.5
    endloop
  endfacet
  facet normal -0 0 -1
    outer loop
      vertex 51.9643 33.6029 14.5
      vertex 38.2476 25.5562 14.5
      vertex 50.7589 35.6848 14.5
    endloop
  endfacet
  facet normal 0 0 -1
    outer loop
      vertex 50.7589 35.6848 14.5
      vertex 38.2476 25.5562 14.5
      vertex 37.4314 26.6953 14.5
    endloop
  endfacet
  facet normal -0.559196 0.829035 -7.2079e-06
    outer loop
      vertex 50.5724 32.664 9.5
      vertex 38.7757 24.707 14.5
      vertex 51.9643 33.6029 14.5
    endloop
  endfacet
  facet normal -0.559194 0.829037 0
    outer loop
      vertex 38.7757 24.707 14.5
      vertex 50.5724 32.664 9.5
      vertex 38.7757 24.707 9.5
    endloop
  endfacet
  facet normal 0.55919 -0.82904 0
    outer loop
      vertex 49.367 34.7459 9.5
      vertex 37.4314 26.6953 14.5
      vertex 37.4314 26.6953 9.5
    endloop
  endfacet
  facet normal 0.559192 -0.829038 8.76718e-06
    outer loop
      vertex 37.4314 26.6953 14.5
      vertex 49.367 34.7459 9.5
      vertex 50.7589 35.6848 14.5
    endloop
  endfacet
  facet normal 0 0 1
    outer loop
      vertex 58.6216 13.1513 9.5
      vertex 45.279 7.98754 9.5
      vertex 59.4426 10.8692 9.5
    endloop
  endfacet
  facet normal 0 0 1
    outer loop
      vertex 58.6216 13.1513 9.5
      vertex 45.1161 8.97415 9.5
      vertex 45.279 7.98754 9.5
    endloop
  endfacet
  facet normal 0 -0 1
    outer loop
      vertex 45.1161 8.97415 9.5
      vertex 58.6216 13.1513 9.5
      vertex 44.7979 10.3388 9.5
    endloop
  endfacet
  facet normal 0 0 -1
    outer loop
      vertex 45.279 7.98754 14.5
      vertex 60.266 13.4858 14.5
      vertex 61.087 11.2037 14.5
    endloop
  endfacet
  facet normal 0 0 -1
    outer loop
      vertex 45.1161 8.97415 14.5
      vertex 60.266 13.4858 14.5
      vertex 45.279 7.98754 14.5
    endloop
  endfacet
  facet normal 0 0 -1
    outer loop
      vertex 60.266 13.4858 14.5
      vertex 45.1161 8.97415 14.5
      vertex 44.7979 10.3388 14.5
    endloop
  endfacet
  facet normal -0.199367 0.979925 1.08791e-05
    outer loop
      vertex 59.4426 10.8692 9.5
      vertex 45.279 7.98754 14.5
      vertex 61.087 11.2037 14.5
    endloop
  endfacet
  facet normal -0.199371 0.979924 0
    outer loop
      vertex 45.279 7.98754 14.5
      vertex 59.4426 10.8692 9.5
      vertex 45.279 7.98754 9.5
    endloop
  endfacet
  facet normal 0.19937 -0.979924 0
    outer loop
      vertex 58.6216 13.1513 9.5
      vertex 44.7979 10.3388 14.5
      vertex 44.7979 10.3388 9.5
    endloop
  endfacet
  facet normal 0.199367 -0.979925 -1.07362e-05
    outer loop
      vertex 44.7979 10.3388 14.5
      vertex 58.6216 13.1513 9.5
      vertex 60.266 13.4858 14.5
    endloop
  endfacet
  facet normal -0.64642 0.695594 -0.313513
    outer loop
      vertex -35.372 50.2952 14.5
      vertex -23.6372 62.3272 17
      vertex -33.5925 51.9489 14.5
    endloop
  endfacet
  facet normal -0.646407 0.69559 -0.313548
    outer loop
      vertex -23.6372 62.3272 17
      vertex -32.658 50.5635 9.5
      vertex -33.5925 51.9489 14.5
    endloop
  endfacet
  facet normal -0.646404 0.695594 -0.313545
    outer loop
      vertex -42.2159 37.3993 0
      vertex -32.658 50.5635 9.5
      vertex -21.4883 56.6611 0
    endloop
  endfacet
  facet normal -0.646406 0.695591 -0.31355
    outer loop
      vertex -21.4883 56.6611 0
      vertex -32.658 50.5635 9.5
      vertex -23.6372 62.3272 17
    endloop
  endfacet
  facet normal -0.646399 0.695586 -0.313574
    outer loop
      vertex -23.6372 62.3272 17
      vertex -35.372 50.2952 14.5
      vertex -46.4375 41.1392 17
    endloop
  endfacet
  facet normal -0.646402 0.6956 -0.313536
    outer loop
      vertex -34.4376 48.9098 9.5
      vertex -46.4375 41.1392 17
      vertex -35.372 50.2952 14.5
    endloop
  endfacet
  facet normal -0.646388 0.695599 -0.313568
    outer loop
      vertex -32.658 50.5635 9.5
      vertex -42.2159 37.3993 0
      vertex -34.4376 48.9098 9.5
    endloop
  endfacet
  facet normal -0.646404 0.695593 -0.313548
    outer loop
      vertex -34.4376 48.9098 9.5
      vertex -42.2159 37.3993 0
      vertex -46.4375 41.1392 17
    endloop
  endfacet
  facet normal 0.190977 0.926961 -0.322911
    outer loop
      vertex 39.3668 57.032 17
      vertex 13.1875 61.5547 14.5
      vertex 7.71625 63.5528 17
    endloop
  endfacet
  facet normal 0.190977 0.92696 -0.322912
    outer loop
      vertex 39.3668 57.032 17
      vertex 12.8619 59.88 9.5
      vertex 13.1875 61.5547 14.5
    endloop
  endfacet
  facet normal 0.19098 0.92696 -0.322911
    outer loop
      vertex 7.01477 57.7753 0
      vertex 12.8619 59.88 9.5
      vertex 35.788 51.8472 0
    endloop
  endfacet
  facet normal 0.190978 0.926959 -0.322916
    outer loop
      vertex 35.788 51.8472 0
      vertex 12.8619 59.88 9.5
      vertex 39.3668 57.032 17
    endloop
  endfacet
  facet normal 0.190967 0.926956 -0.32293
    outer loop
      vertex 10.8367 62.039 14.5
      vertex 7.71625 63.5528 17
      vertex 13.1875 61.5547 14.5
    endloop
  endfacet
  facet normal 0.190985 0.92696 -0.322909
    outer loop
      vertex 10.5112 60.3643 9.5
      vertex 7.71625 63.5528 17
      vertex 10.8367 62.039 14.5
    endloop
  endfacet
  facet normal 0.190981 0.92696 -0.322911
    outer loop
      vertex 10.5112 60.3643 9.5
      vertex 7.01477 57.7753 0
      vertex 7.71625 63.5528 17
    endloop
  endfacet
  facet normal 0.190976 0.926962 -0.322909
    outer loop
      vertex 12.8619 59.88 9.5
      vertex 7.01477 57.7753 0
      vertex 10.5112 60.3643 9.5
    endloop
  endfacet
  facet normal -0.746082 0.586954 -0.314398
    outer loop
      vertex -46.4375 41.1392 17
      vertex -48.9965 33.8691 9.5
      vertex -50.382 34.7862 14.5
    endloop
  endfacet
  facet normal -0.746073 0.586971 -0.314389
    outer loop
      vertex -42.2159 37.3993 0
      vertex -50.4855 31.9765 9.5
      vertex -48.9965 33.8691 9.5
    endloop
  endfacet
  facet normal -0.746078 0.586959 -0.3144
    outer loop
      vertex -60.0037 14.7894 0
      vertex -50.4855 31.9765 9.5
      vertex -42.2159 37.3993 0
    endloop
  endfacet
  facet normal -0.746078 0.586959 -0.3144
    outer loop
      vertex -50.4855 31.9765 9.5
      vertex -60.0037 14.7894 0
      vertex -66.004 16.2684 17
    endloop
  endfacet
  facet normal -0.74608 0.586955 -0.3144
    outer loop
      vertex -48.9965 33.8691 9.5
      vertex -46.4375 41.1392 17
      vertex -42.2159 37.3993 0
    endloop
  endfacet
  facet normal -0.746056 0.586959 -0.314452
    outer loop
      vertex -51.871 32.8936 14.5
      vertex -46.4375 41.1392 17
      vertex -50.382 34.7862 14.5
    endloop
  endfacet
  facet normal -0.746077 0.586958 -0.314405
    outer loop
      vertex -51.871 32.8936 14.5
      vertex -66.004 16.2684 17
      vertex -46.4375 41.1392 17
    endloop
  endfacet
  facet normal -0.746078 0.58696 -0.314398
    outer loop
      vertex -66.004 16.2684 17
      vertex -51.871 32.8936 14.5
      vertex -50.4855 31.9765 9.5
    endloop
  endfacet
  facet normal 0.0379542 -0.946659 -0.319994
    outer loop
      vertex -24.3391 -64.1792 17
      vertex -2.8 -62.8086 15.5
      vertex 7.63669 -62.8972 17
    endloop
  endfacet
  facet normal 0.037962 -0.946687 -0.319909
    outer loop
      vertex -24.3391 -64.1792 17
      vertex -3.96469 -62.8035 15.3467
      vertex -2.8 -62.8086 15.5
    endloop
  endfacet
  facet normal 0.0379577 -0.946674 -0.31995
    outer loop
      vertex -10.9844 -62.7988 14.5
      vertex -3.96469 -62.8035 15.3467
      vertex -24.3391 -64.1792 17
    endloop
  endfacet
  facet normal 0.0379292 -0.946631 -0.320079
    outer loop
      vertex -10.9844 -62.7988 14.5
      vertex -24.3391 -64.1792 17
      vertex -12.11 -62.8439 14.5
    endloop
  endfacet
  facet normal 0.037967 -0.946683 -0.319922
    outer loop
      vertex -24.3391 -64.1792 17
      vertex -13.3897 -62.5952 13.6122
      vertex -12.11 -62.8439 14.5
    endloop
  endfacet
  facet normal 0.0379515 -0.946669 -0.319965
    outer loop
      vertex -24.3391 -64.1792 17
      vertex -13.1174 -61.1944 9.5
      vertex -13.3897 -62.5952 13.6122
    endloop
  endfacet
  facet normal 0.0379574 -0.946668 -0.319967
    outer loop
      vertex -22.1265 -58.3447 0
      vertex -10.6533 -61.0956 9.5
      vertex -13.1174 -61.1944 9.5
    endloop
  endfacet
  facet normal 0.0379457 -0.946659 -0.319997
    outer loop
      vertex -10.6533 -61.0956 9.5
      vertex -5.98198 -60.3398 7.81802
      vertex -6.69711 -60.6835 8.75
    endloop
  endfacet
  facet normal 0.03803 -0.946724 -0.319792
    outer loop
      vertex -10.6533 -61.0956 9.5
      vertex -5.05 -60.0608 7.10289
      vertex -5.98198 -60.3398 7.81802
    endloop
  endfacet
  facet normal 0.0379494 -0.946671 -0.319958
    outer loop
      vertex -10.6533 -61.0956 9.5
      vertex -22.1265 -58.3447 0
      vertex -5.05 -60.0608 7.10289
    endloop
  endfacet
  facet normal 0.0379353 -0.946663 -0.319986
    outer loop
      vertex -3.96469 -59.8653 6.65333
      vertex 6.94244 -57.1793 0
      vertex -2.8 -59.7668 6.5
    endloop
  endfacet
  facet normal 0.0379529 -0.946671 -0.31996
    outer loop
      vertex 6.94244 -57.1793 0
      vertex -3.96469 -59.8653 6.65333
      vertex -22.1265 -58.3447 0
    endloop
  endfacet
  facet normal 0.0379705 -0.946655 -0.320005
    outer loop
      vertex -5.05 -60.0608 7.10289
      vertex -22.1265 -58.3447 0
      vertex -3.96469 -59.8653 6.65333
    endloop
  endfacet
  facet normal 0.0379531 -0.94667 -0.319963
    outer loop
      vertex -22.1265 -58.3447 0
      vertex -13.1174 -61.1944 9.5
      vertex -24.3391 -64.1792 17
    endloop
  endfacet
  facet normal 0.0379512 -0.946666 -0.319973
    outer loop
      vertex 2.8 -62.5841 15.5
      vertex 7.63669 -62.8972 17
      vertex -2.8 -62.8086 15.5
    endloop
  endfacet
  facet normal 0.0379474 -0.94667 -0.319961
    outer loop
      vertex 3.96469 -62.4856 15.3467
      vertex 7.63669 -62.8972 17
      vertex 2.8 -62.5841 15.5
    endloop
  endfacet
  facet normal 0.0379636 -0.946659 -0.319994
    outer loop
      vertex 5.05 -62.2901 14.8971
      vertex 7.63669 -62.8972 17
      vertex 3.96469 -62.4856 15.3467
    endloop
  endfacet
  facet normal 0.0379138 -0.946679 -0.319939
    outer loop
      vertex 5.98198 -62.0111 14.182
      vertex 7.63669 -62.8972 17
      vertex 5.05 -62.2901 14.8971
    endloop
  endfacet
  facet normal 0.0379742 -0.946666 -0.319971
    outer loop
      vertex 6.69711 -61.6674 13.25
      vertex 7.63669 -62.8972 17
      vertex 5.98198 -62.0111 14.182
    endloop
  endfacet
  facet normal 0.0378933 -0.946675 -0.319953
    outer loop
      vertex 7.14667 -61.2826 12.1647
      vertex 7.63669 -62.8972 17
      vertex 6.69711 -61.6674 13.25
    endloop
  endfacet
  facet normal 0.0379703 -0.94667 -0.319959
    outer loop
      vertex 7.3 -60.8828 11
      vertex 7.63669 -62.8972 17
      vertex 7.14667 -61.2826 12.1647
    endloop
  endfacet
  facet normal 0.0379513 -0.946669 -0.319964
    outer loop
      vertex -2.8 -59.7668 6.5
      vertex 6.94244 -57.1793 0
      vertex 2.8 -59.5423 6.5
    endloop
  endfacet
  facet normal 0.0380312 -0.946667 -0.319962
    outer loop
      vertex 7.3 -60.8828 11
      vertex 6.94244 -57.1793 0
      vertex 7.63669 -62.8972 17
    endloop
  endfacet
  facet normal 0.0379578 -0.94667 -0.31996
    outer loop
      vertex 7.14667 -60.4953 9.83531
      vertex 6.94244 -57.1793 0
      vertex 7.3 -60.8828 11
    endloop
  endfacet
  facet normal 0.0379424 -0.946671 -0.31996
    outer loop
      vertex 6.69711 -60.1465 8.75
      vertex 6.94244 -57.1793 0
      vertex 7.14667 -60.4953 9.83531
    endloop
  endfacet
  facet normal 0.0378567 -0.946673 -0.319964
    outer loop
      vertex 5.98198 -59.8601 7.81802
      vertex 6.94244 -57.1793 0
      vertex 6.69711 -60.1465 8.75
    endloop
  endfacet
  facet normal 0.0379827 -0.946673 -0.319948
    outer loop
      vertex 5.05 -59.6558 7.10289
      vertex 6.94244 -57.1793 0
      vertex 5.98198 -59.8601 7.81802
    endloop
  endfacet
  facet normal 0.0379773 -0.946673 -0.31995
    outer loop
      vertex 3.96469 -59.5474 6.65333
      vertex 6.94244 -57.1793 0
      vertex 5.05 -59.6558 7.10289
    endloop
  endfacet
  facet normal 0.0379757 -0.946673 -0.31995
    outer loop
      vertex 2.8 -59.5423 6.5
      vertex 6.94244 -57.1793 0
      vertex 3.96469 -59.5474 6.65333
    endloop
  endfacet
  facet normal 0.0379461 -0.946707 -0.319854
    outer loop
      vertex -3.96469 -62.8035 15.3467
      vertex -10.9844 -62.7988 14.5
      vertex -5.05 -62.6951 14.8971
    endloop
  endfacet
  facet normal 0.0379503 -0.946683 -0.319922
    outer loop
      vertex -10.9844 -62.7988 14.5
      vertex -5.98198 -62.4908 14.182
      vertex -5.05 -62.6951 14.8971
    endloop
  endfacet
  facet normal 0.0379424 -0.946652 -0.320016
    outer loop
      vertex -10.9844 -62.7988 14.5
      vertex -6.69711 -62.2044 13.25
      vertex -5.98198 -62.4908 14.182
    endloop
  endfacet
  facet normal 0.0379583 -0.946667 -0.319969
    outer loop
      vertex -10.9844 -62.7988 14.5
      vertex -7.14667 -61.8556 12.1647
      vertex -6.69711 -62.2044 13.25
    endloop
  endfacet
  facet normal 0.0379645 -0.94667 -0.31996
    outer loop
      vertex -10.6533 -61.0956 9.5
      vertex -7.14667 -61.8556 12.1647
      vertex -10.9844 -62.7988 14.5
    endloop
  endfacet
  facet normal 0.0379635 -0.946671 -0.319959
    outer loop
      vertex -7.14667 -61.8556 12.1647
      vertex -10.6533 -61.0956 9.5
      vertex -7.3 -61.4681 11
    endloop
  endfacet
  facet normal 0.0379654 -0.946669 -0.319962
    outer loop
      vertex -7.3 -61.4681 11
      vertex -10.6533 -61.0956 9.5
      vertex -7.14667 -61.0683 9.83531
    endloop
  endfacet
  facet normal 0.0379619 -0.946682 -0.319924
    outer loop
      vertex -7.14667 -61.0683 9.83531
      vertex -10.6533 -61.0956 9.5
      vertex -6.69711 -60.6835 8.75
    endloop
  endfacet
  facet normal -0 0 -1
    outer loop
      vertex 60 0 0
      vertex 52.2878 -3.42712 0
      vertex 52.4 0 0
    endloop
  endfacet
  facet normal 0 0 -1
    outer loop
      vertex 60 0 0
      vertex 51.9517 -6.83957 0
      vertex 52.2878 -3.42712 0
    endloop
  endfacet
  facet normal 0 0 -1
    outer loop
      vertex 60 0 0
      vertex 51.3932 -10.2227 0
      vertex 51.9517 -6.83957 0
    endloop
  endfacet
  facet normal 0 0 -1
    outer loop
      vertex 60 0 0
      vertex 50.6145 -13.5621 0
      vertex 51.3932 -10.2227 0
    endloop
  endfacet
  facet normal 0 0 -1
    outer loop
      vertex 49.9393 -26.2097 0
      vertex 50.6145 -13.5621 0
      vertex 60 0 0
    endloop
  endfacet
  facet normal 0 0 -1
    outer loop
      vertex 49.9393 -26.2097 0
      vertex 49.6191 -16.8434 0
      vertex 50.6145 -13.5621 0
    endloop
  endfacet
  facet normal 0 0 -1
    outer loop
      vertex 49.9393 -26.2097 0
      vertex 48.4113 -20.0526 0
      vertex 49.6191 -16.8434 0
    endloop
  endfacet
  facet normal 0 0 -1
    outer loop
      vertex 49.9393 -26.2097 0
      vertex 46.9961 -23.1759 0
      vertex 48.4113 -20.0526 0
    endloop
  endfacet
  facet normal 0 0 -1
    outer loop
      vertex 49.9393 -26.2097 0
      vertex 45.3797 -26.2 0
      vertex 46.9961 -23.1759 0
    endloop
  endfacet
  facet normal -0 0 -1
    outer loop
      vertex 49.9393 -26.2097 0
      vertex 43.569 -29.1119 0
      vertex 45.3797 -26.2 0
    endloop
  endfacet
  facet normal 0 0 -1
    outer loop
      vertex 49.9393 -26.2097 0
      vertex 41.5717 -31.8991 0
      vertex 43.569 -29.1119 0
    endloop
  endfacet
  facet normal 0 0 -1
    outer loop
      vertex 49.9393 -26.2097 0
      vertex 39.3964 -34.5497 0
      vertex 41.5717 -31.8991 0
    endloop
  endfacet
  facet normal 0 0 -1
    outer loop
      vertex 34.7653 -50.3659 0
      vertex 39.3964 -34.5497 0
      vertex 49.9393 -26.2097 0
    endloop
  endfacet
  facet normal 0 0 -1
    outer loop
      vertex 39.3964 -34.5497 0
      vertex 34.7653 -50.3659 0
      vertex 37.0524 -37.0524 0
    endloop
  endfacet
  facet normal 0 0 -1
    outer loop
      vertex 34.7653 -50.3659 0
      vertex 34.5497 -39.3964 0
      vertex 37.0524 -37.0524 0
    endloop
  endfacet
  facet normal 0 0 -1
    outer loop
      vertex 34.7653 -50.3659 0
      vertex 31.8991 -41.5717 0
      vertex 34.5497 -39.3964 0
    endloop
  endfacet
  facet normal 0 0 -1
    outer loop
      vertex 34.7653 -50.3659 0
      vertex 29.1119 -43.569 0
      vertex 31.8991 -41.5717 0
    endloop
  endfacet
  facet normal 0 0 -1
    outer loop
      vertex 34.7653 -50.3659 0
      vertex 26.2 -45.3797 0
      vertex 29.1119 -43.569 0
    endloop
  endfacet
  facet normal 0 0 -1
    outer loop
      vertex 34.7653 -50.3659 0
      vertex 23.1759 -46.9961 0
      vertex 26.2 -45.3797 0
    endloop
  endfacet
  facet normal 0 0 -1
    outer loop
      vertex 34.7653 -50.3659 0
      vertex 20.0526 -48.4113 0
      vertex 23.1759 -46.9961 0
    endloop
  endfacet
  facet normal 0 0 -1
    outer loop
      vertex 34.7653 -50.3659 0
      vertex 16.8434 -49.6191 0
      vertex 20.0526 -48.4113 0
    endloop
  endfacet
  facet normal 0 0 -1
    outer loop
      vertex 6.94244 -57.1793 0
      vertex 16.8434 -49.6191 0
      vertex 34.7653 -50.3659 0
    endloop
  endfacet
  facet normal 0 0 -1
    outer loop
      vertex 16.8434 -49.6191 0
      vertex 6.94244 -57.1793 0
      vertex 13.5621 -50.6145 0
    endloop
  endfacet
  facet normal 0 0 -1
    outer loop
      vertex 13.5621 -50.6145 0
      vertex 6.94244 -57.1793 0
      vertex 10.2227 -51.3932 0
    endloop
  endfacet
  facet normal 0 0 -1
    outer loop
      vertex 6.94244 -57.1793 0
      vertex 6.83957 -51.9517 0
      vertex 10.2227 -51.3932 0
    endloop
  endfacet
  facet normal 0 0 -1
    outer loop
      vertex 6.94244 -57.1793 0
      vertex 3.42712 -52.2878 0
      vertex 6.83957 -51.9517 0
    endloop
  endfacet
  facet normal 0 0 -1
    outer loop
      vertex 6.94244 -57.1793 0
      vertex 2 -52.8 0
      vertex 3.42712 -52.2878 0
    endloop
  endfacet
  facet normal 0 0 -1
    outer loop
      vertex 6.94244 -57.1793 0
      vertex -2 -52.8 0
      vertex 2 -52.8 0
    endloop
  endfacet
  facet normal 0 0 -1
    outer loop
      vertex -2 -52.8 0
      vertex -3.42712 -52.2878 0
      vertex -2 -52.3345 0
    endloop
  endfacet
  facet normal 0 0 -1
    outer loop
      vertex -22.1265 -58.3447 0
      vertex -2 -52.8 0
      vertex 6.94244 -57.1793 0
    endloop
  endfacet
  facet normal 0 -0 -1
    outer loop
      vertex -6.83957 -51.9517 0
      vertex -2 -52.8 0
      vertex -22.1265 -58.3447 0
    endloop
  endfacet
  facet normal 0 0 -1
    outer loop
      vertex -2 -52.8 0
      vertex -6.83957 -51.9517 0
      vertex -3.42712 -52.2878 0
    endloop
  endfacet
  facet normal -0 0 -1
    outer loop
      vertex -6.83957 -51.9517 0
      vertex -22.1265 -58.3447 0
      vertex -10.2227 -51.3932 0
    endloop
  endfacet
  facet normal -0 0 -1
    outer loop
      vertex -10.2227 -51.3932 0
      vertex -22.1265 -58.3447 0
      vertex -13.5621 -50.6145 0
    endloop
  endfacet
  facet normal -0 0 -1
    outer loop
      vertex -13.5621 -50.6145 0
      vertex -22.1265 -58.3447 0
      vertex -16.8434 -49.6191 0
    endloop
  endfacet
  facet normal 0 0 -1
    outer loop
      vertex -22.1265 -58.3447 0
      vertex -20.0526 -48.4113 0
      vertex -16.8434 -49.6191 0
    endloop
  endfacet
  facet normal 0 0 -1
    outer loop
      vertex -22.1265 -58.3447 0
      vertex -23.1759 -46.9961 0
      vertex -20.0526 -48.4113 0
    endloop
  endfacet
  facet normal 0 0 -1
    outer loop
      vertex -22.1265 -58.3447 0
      vertex -26.2 -45.3797 0
      vertex -23.1759 -46.9961 0
    endloop
  endfacet
  facet normal 0 0 -1
    outer loop
      vertex -22.1265 -58.3447 0
      vertex -29.1119 -43.569 0
      vertex -26.2 -45.3797 0
    endloop
  endfacet
  facet normal 0 0 -1
    outer loop
      vertex -22.1265 -58.3447 0
      vertex -31.8991 -41.5717 0
      vertex -29.1119 -43.569 0
    endloop
  endfacet
  facet normal 0 0 -1
    outer loop
      vertex -42.6645 -37.7975 0
      vertex -31.8991 -41.5717 0
      vertex -22.1265 -58.3447 0
    endloop
  endfacet
  facet normal 0 0 -1
    outer loop
      vertex -31.8991 -41.5717 0
      vertex -42.6645 -37.7975 0
      vertex -34.5497 -39.3964 0
    endloop
  endfacet
  facet normal 0 0 -1
    outer loop
      vertex -34.5497 -39.3964 0
      vertex -42.6645 -37.7975 0
      vertex -37.0524 -37.0524 0
    endloop
  endfacet
  facet normal -0 0 -1
    outer loop
      vertex -37.0524 -37.0524 0
      vertex -42.6645 -37.7975 0
      vertex -39.3964 -34.5497 0
    endloop
  endfacet
  facet normal -0 0 -1
    outer loop
      vertex -39.3964 -34.5497 0
      vertex -42.6645 -37.7975 0
      vertex -41.5717 -31.8991 0
    endloop
  endfacet
  facet normal 0 0 -1
    outer loop
      vertex -42.6645 -37.7975 0
      vertex -43.569 -29.1119 0
      vertex -41.5717 -31.8991 0
    endloop
  endfacet
  facet normal 0 0 -1
    outer loop
      vertex -42.6645 -37.7975 0
      vertex -45.3797 -26.2 0
      vertex -43.569 -29.1119 0
    endloop
  endfacet
  facet normal 0 0 -1
    outer loop
      vertex -57.6736 -14.2145 0
      vertex -45.3797 -26.2 0
      vertex -42.6645 -37.7975 0
    endloop
  endfacet
  facet normal 0 0 -1
    outer loop
      vertex -45.3797 -26.2 0
      vertex -57.6736 -14.2145 0
      vertex -46.9961 -23.1759 0
    endloop
  endfacet
  facet normal 0 0 -1
    outer loop
      vertex -46.9961 -23.1759 0
      vertex -57.6736 -14.2145 0
      vertex -48.4113 -20.0526 0
    endloop
  endfacet
  facet normal -0 0 -1
    outer loop
      vertex -52.2878 -3.42712 0
      vertex -57.6736 -14.2145 0
      vertex -52.4 0 0
    endloop
  endfacet
  facet normal -0 0 -1
    outer loop
      vertex -51.9517 -6.83957 0
      vertex -57.6736 -14.2145 0
      vertex -52.2878 -3.42712 0
    endloop
  endfacet
  facet normal -0 0 -1
    outer loop
      vertex -51.3932 -10.2227 0
      vertex -57.6736 -14.2145 0
      vertex -51.9517 -6.83957 0
    endloop
  endfacet
  facet normal -0 0 -1
    outer loop
      vertex -50.6145 -13.5621 0
      vertex -57.6736 -14.2145 0
      vertex -51.3932 -10.2227 0
    endloop
  endfacet
  facet normal 0 0 -1
    outer loop
      vertex -49.6191 -16.8434 0
      vertex -57.6736 -14.2145 0
      vertex -50.6145 -13.5621 0
    endloop
  endfacet
  facet normal 0 0 -1
    outer loop
      vertex -48.4113 -20.0526 0
      vertex -57.6736 -14.2145 0
      vertex -49.6191 -16.8434 0
    endloop
  endfacet
  facet normal 0 0 -1
    outer loop
      vertex 52.2878 3.42712 0
      vertex 60 0 0
      vertex 52.4 0 0
    endloop
  endfacet
  facet normal 0 0 -1
    outer loop
      vertex 51.9517 6.83957 0
      vertex 60 0 0
      vertex 52.2878 3.42712 0
    endloop
  endfacet
  facet normal 0 0 -1
    outer loop
      vertex 51.3932 10.2227 0
      vertex 60 0 0
      vertex 51.9517 6.83957 0
    endloop
  endfacet
  facet normal 0 0 -1
    outer loop
      vertex 50.6145 13.5621 0
      vertex 60 0 0
      vertex 51.3932 10.2227 0
    endloop
  endfacet
  facet normal 0 0 -1
    outer loop
      vertex 50.6145 13.5621 0
      vertex 50.4703 26.489 0
      vertex 60 0 0
    endloop
  endfacet
  facet normal 0 0 -1
    outer loop
      vertex 49.6191 16.8434 0
      vertex 50.4703 26.489 0
      vertex 50.6145 13.5621 0
    endloop
  endfacet
  facet normal 0 0 -1
    outer loop
      vertex 48.4113 20.0526 0
      vertex 50.4703 26.489 0
      vertex 49.6191 16.8434 0
    endloop
  endfacet
  facet normal 0 0 -1
    outer loop
      vertex 46.9961 23.1759 0
      vertex 50.4703 26.489 0
      vertex 48.4113 20.0526 0
    endloop
  endfacet
  facet normal 0 0 -1
    outer loop
      vertex 45.3797 26.2 0
      vertex 50.4703 26.489 0
      vertex 46.9961 23.1759 0
    endloop
  endfacet
  facet normal 0 0 -1
    outer loop
      vertex 43.569 29.1119 0
      vertex 50.4703 26.489 0
      vertex 45.3797 26.2 0
    endloop
  endfacet
  facet normal 0 0 -1
    outer loop
      vertex 41.5717 31.8991 0
      vertex 50.4703 26.489 0
      vertex 43.569 29.1119 0
    endloop
  endfacet
  facet normal 0 0 -1
    outer loop
      vertex 39.3964 34.5497 0
      vertex 50.4703 26.489 0
      vertex 41.5717 31.8991 0
    endloop
  endfacet
  facet normal 0 0 -1
    outer loop
      vertex 35.788 51.8472 0
      vertex 39.3964 34.5497 0
      vertex 37.0524 37.0524 0
    endloop
  endfacet
  facet normal 0 0 -1
    outer loop
      vertex 39.3964 34.5497 0
      vertex 35.788 51.8472 0
      vertex 50.4703 26.489 0
    endloop
  endfacet
  facet normal 0 0 -1
    outer loop
      vertex 34.5497 39.3964 0
      vertex 35.788 51.8472 0
      vertex 37.0524 37.0524 0
    endloop
  endfacet
  facet normal 0 0 -1
    outer loop
      vertex 31.8991 41.5717 0
      vertex 35.788 51.8472 0
      vertex 34.5497 39.3964 0
    endloop
  endfacet
  facet normal 0 0 -1
    outer loop
      vertex 29.1119 43.569 0
      vertex 35.788 51.8472 0
      vertex 31.8991 41.5717 0
    endloop
  endfacet
  facet normal 0 0 -1
    outer loop
      vertex 26.2 45.3797 0
      vertex 35.788 51.8472 0
      vertex 29.1119 43.569 0
    endloop
  endfacet
  facet normal 0 0 -1
    outer loop
      vertex 23.1759 46.9961 0
      vertex 35.788 51.8472 0
      vertex 26.2 45.3797 0
    endloop
  endfacet
  facet normal 0 0 -1
    outer loop
      vertex 20.0526 48.4113 0
      vertex 35.788 51.8472 0
      vertex 23.1759 46.9961 0
    endloop
  endfacet
  facet normal 0 0 -1
    outer loop
      vertex 16.8434 49.6191 0
      vertex 35.788 51.8472 0
      vertex 20.0526 48.4113 0
    endloop
  endfacet
  facet normal 0 0 -1
    outer loop
      vertex 7.01477 57.7753 0
      vertex 16.8434 49.6191 0
      vertex 13.5621 50.6145 0
    endloop
  endfacet
  facet normal 0 0 -1
    outer loop
      vertex 7.01477 57.7753 0
      vertex 13.5621 50.6145 0
      vertex 10.2227 51.3932 0
    endloop
  endfacet
  facet normal 0 0 -1
    outer loop
      vertex 16.8434 49.6191 0
      vertex 7.01477 57.7753 0
      vertex 35.788 51.8472 0
    endloop
  endfacet
  facet normal 0 0 -1
    outer loop
      vertex 6.83957 51.9517 0
      vertex 7.01477 57.7753 0
      vertex 10.2227 51.3932 0
    endloop
  endfacet
  facet normal 0 0 -1
    outer loop
      vertex 3.42712 52.2878 0
      vertex 7.01477 57.7753 0
      vertex 6.83957 51.9517 0
    endloop
  endfacet
  facet normal 0 0 -1
    outer loop
      vertex 0 52.4 0
      vertex 7.01477 57.7753 0
      vertex 3.42712 52.2878 0
    endloop
  endfacet
  facet normal 0 0 -1
    outer loop
      vertex -3.42712 52.2878 0
      vertex 7.01477 57.7753 0
      vertex 0 52.4 0
    endloop
  endfacet
  facet normal 0 0 -1
    outer loop
      vertex -6.83957 51.9517 0
      vertex 7.01477 57.7753 0
      vertex -3.42712 52.2878 0
    endloop
  endfacet
  facet normal 0 0 -1
    outer loop
      vertex -21.4883 56.6611 0
      vertex -6.83957 51.9517 0
      vertex -10.2227 51.3932 0
    endloop
  endfacet
  facet normal 0 0 -1
    outer loop
      vertex -21.4883 56.6611 0
      vertex -10.2227 51.3932 0
      vertex -13.5621 50.6145 0
    endloop
  endfacet
  facet normal 0 0 -1
    outer loop
      vertex -21.4883 56.6611 0
      vertex -13.5621 50.6145 0
      vertex -16.8434 49.6191 0
    endloop
  endfacet
  facet normal 0 0 -1
    outer loop
      vertex -6.83957 51.9517 0
      vertex -21.4883 56.6611 0
      vertex 7.01477 57.7753 0
    endloop
  endfacet
  facet normal 0 0 -1
    outer loop
      vertex -20.0526 48.4113 0
      vertex -21.4883 56.6611 0
      vertex -16.8434 49.6191 0
    endloop
  endfacet
  facet normal 0 0 -1
    outer loop
      vertex -23.1759 46.9961 0
      vertex -21.4883 56.6611 0
      vertex -20.0526 48.4113 0
    endloop
  endfacet
  facet normal 0 0 -1
    outer loop
      vertex -26.2 45.3797 0
      vertex -21.4883 56.6611 0
      vertex -23.1759 46.9961 0
    endloop
  endfacet
  facet normal 0 0 -1
    outer loop
      vertex -29.1119 43.569 0
      vertex -21.4883 56.6611 0
      vertex -26.2 45.3797 0
    endloop
  endfacet
  facet normal 0 0 -1
    outer loop
      vertex -31.8991 41.5717 0
      vertex -21.4883 56.6611 0
      vertex -29.1119 43.569 0
    endloop
  endfacet
  facet normal 0 0 -1
    outer loop
      vertex -42.2159 37.3993 0
      vertex -31.8991 41.5717 0
      vertex -34.5497 39.3964 0
    endloop
  endfacet
  facet normal 0 0 -1
    outer loop
      vertex -42.2159 37.3993 0
      vertex -34.5497 39.3964 0
      vertex -37.0524 37.0524 0
    endloop
  endfacet
  facet normal 0 0 -1
    outer loop
      vertex -42.2159 37.3993 0
      vertex -37.0524 37.0524 0
      vertex -39.3964 34.5497 0
    endloop
  endfacet
  facet normal 0 0 -1
    outer loop
      vertex -42.2159 37.3993 0
      vertex -39.3964 34.5497 0
      vertex -41.5717 31.8991 0
    endloop
  endfacet
  facet normal -0 0 -1
    outer loop
      vertex -31.8991 41.5717 0
      vertex -42.2159 37.3993 0
      vertex -21.4883 56.6611 0
    endloop
  endfacet
  facet normal 0 0 -1
    outer loop
      vertex -43.569 29.1119 0
      vertex -42.2159 37.3993 0
      vertex -41.5717 31.8991 0
    endloop
  endfacet
  facet normal 0 0 -1
    outer loop
      vertex -45.3797 26.2 0
      vertex -42.2159 37.3993 0
      vertex -43.569 29.1119 0
    endloop
  endfacet
  facet normal 0 0 -1
    outer loop
      vertex -60.0037 14.7894 0
      vertex -45.3797 26.2 0
      vertex -46.9961 23.1759 0
    endloop
  endfacet
  facet normal 0 0 -1
    outer loop
      vertex -60.0037 14.7894 0
      vertex -46.9961 23.1759 0
      vertex -48.4113 20.0526 0
    endloop
  endfacet
  facet normal 0 0 -1
    outer loop
      vertex -60.0037 14.7894 0
      vertex -48.4113 20.0526 0
      vertex -49.6191 16.8434 0
    endloop
  endfacet
  facet normal 0 0 -1
    outer loop
      vertex -60.0037 14.7894 0
      vertex -52.4 0 0
      vertex -57.6736 -14.2145 0
    endloop
  endfacet
  facet normal 0 0 -1
    outer loop
      vertex -52.4 0 0
      vertex -60.0037 14.7894 0
      vertex -52.2878 3.42712 0
    endloop
  endfacet
  facet normal 0 0 -1
    outer loop
      vertex -52.2878 3.42712 0
      vertex -60.0037 14.7894 0
      vertex -51.9517 6.83957 0
    endloop
  endfacet
  facet normal 0 0 -1
    outer loop
      vertex -51.9517 6.83957 0
      vertex -60.0037 14.7894 0
      vertex -51.3932 10.2227 0
    endloop
  endfacet
  facet normal -0 0 -1
    outer loop
      vertex -45.3797 26.2 0
      vertex -60.0037 14.7894 0
      vertex -42.2159 37.3993 0
    endloop
  endfacet
  facet normal 0 0 -1
    outer loop
      vertex -50.6145 13.5621 0
      vertex -60.0037 14.7894 0
      vertex -49.6191 16.8434 0
    endloop
  endfacet
  facet normal 0 0 -1
    outer loop
      vertex -51.3932 10.2227 0
      vertex -60.0037 14.7894 0
      vertex -50.6145 13.5621 0
    endloop
  endfacet
  facet normal 0 0 -1
    outer loop
      vertex 3.42712 -52.2878 0
      vertex 2 -52.8 0
      vertex 2 -52.3345 0
    endloop
  endfacet
  facet normal 0 0 -1
    outer loop
      vertex 30 0 0
      vertex 50 0 0
      vertex 49.8929 -3.27016 0
    endloop
  endfacet
  facet normal 0 0 -1
    outer loop
      vertex 30 0 0
      vertex 49.8929 -3.27016 0
      vertex 49.5722 -6.52631 0
    endloop
  endfacet
  facet normal 0 0 -1
    outer loop
      vertex 50 0 0
      vertex 30 0 0
      vertex 49.8929 3.27016 0
    endloop
  endfacet
  facet normal 0 0 -1
    outer loop
      vertex 30 0 0
      vertex 49.5722 -6.52631 0
      vertex 49.0393 -9.75452 0
    endloop
  endfacet
  facet normal 0 0 -1
    outer loop
      vertex 29.8463 1.56072 0
      vertex 49.8929 3.27016 0
      vertex 30 0 0
    endloop
  endfacet
  facet normal 0 0 -1
    outer loop
      vertex 30 0 0
      vertex 49.0393 -9.75452 0
      vertex 48.2963 -12.941 0
    endloop
  endfacet
  facet normal -0 0 -1
    outer loop
      vertex 49.8929 3.27016 0
      vertex 29.8463 1.56072 0
      vertex 49.5722 6.52631 0
    endloop
  endfacet
  facet normal 0 0 -1
    outer loop
      vertex 30 0 0
      vertex 48.2963 -12.941 0
      vertex 47.3465 -16.072 0
    endloop
  endfacet
  facet normal 0 0 -1
    outer loop
      vertex 29.391 3.06147 0
      vertex 49.5722 6.52631 0
      vertex 29.8463 1.56072 0
    endloop
  endfacet
  facet normal 0 0 -1
    outer loop
      vertex 30 -24 0
      vertex 47.3465 -16.072 0
      vertex 46.194 -19.1342 0
    endloop
  endfacet
  facet normal -0 0 -1
    outer loop
      vertex 49.5722 6.52631 0
      vertex 29.391 3.06147 0
      vertex 49.0393 9.75452 0
    endloop
  endfacet
  facet normal 0 0 -1
    outer loop
      vertex 30 -24 0
      vertex 46.194 -19.1342 0
      vertex 44.8436 -22.1144 0
    endloop
  endfacet
  facet normal 0 0 -1
    outer loop
      vertex 28.6518 4.44456 0
      vertex 49.0393 9.75452 0
      vertex 29.391 3.06147 0
    endloop
  endfacet
  facet normal 0 0 -1
    outer loop
      vertex 30 -24 0
      vertex 44.8436 -22.1144 0
      vertex 43.3013 -25 0
    endloop
  endfacet
  facet normal -0 0 -1
    outer loop
      vertex 49.0393 9.75452 0
      vertex 28.6518 4.44456 0
      vertex 48.2963 12.941 0
    endloop
  endfacet
  facet normal 0 0 -1
    outer loop
      vertex 30 -24 0
      vertex 43.3013 -25 0
      vertex 41.5735 -27.7785 0
    endloop
  endfacet
  facet normal -0 0 -1
    outer loop
      vertex 48.2963 12.941 0
      vertex 28.6518 4.44456 0
      vertex 47.3465 16.072 0
    endloop
  endfacet
  facet normal 0 0 -1
    outer loop
      vertex 29.8463 -25.5607 0
      vertex 41.5735 -27.7785 0
      vertex 39.6677 -30.4381 0
    endloop
  endfacet
  facet normal 0 0 -1
    outer loop
      vertex 27.6569 5.65685 0
      vertex 47.3465 16.072 0
      vertex 28.6518 4.44456 0
    endloop
  endfacet
  facet normal 0 0 -1
    outer loop
      vertex 29.391 -27.0615 0
      vertex 39.6677 -30.4381 0
      vertex 37.592 -32.9673 0
    endloop
  endfacet
  facet normal -0 0 -1
    outer loop
      vertex 47.3465 16.072 0
      vertex 27.6569 5.65685 0
      vertex 46.194 19.1342 0
    endloop
  endfacet
  facet normal 0 0 -1
    outer loop
      vertex 28.6518 -28.4446 0
      vertex 37.592 -32.9673 0
      vertex 35.3553 -35.3553 0
    endloop
  endfacet
  facet normal 0 0 -1
    outer loop
      vertex 26.4446 6.65176 0
      vertex 46.194 19.1342 0
      vertex 27.6569 5.65685 0
    endloop
  endfacet
  facet normal 0 0 -1
    outer loop
      vertex 27.6569 -29.6569 0
      vertex 35.3553 -35.3553 0
      vertex 32.9673 -37.592 0
    endloop
  endfacet
  facet normal -0 0 -1
    outer loop
      vertex 46.194 19.1342 0
      vertex 26.4446 6.65176 0
      vertex 44.8436 22.1144 0
    endloop
  endfacet
  facet normal 0 0 -1
    outer loop
      vertex 26.4446 -30.6518 0
      vertex 32.9673 -37.592 0
      vertex 30.4381 -39.6677 0
    endloop
  endfacet
  facet normal -0 0 -1
    outer loop
      vertex 47.3465 -16.072 0
      vertex 30 -24 0
      vertex 30 0 0
    endloop
  endfacet
  facet normal -0 0 -1
    outer loop
      vertex 44.8436 22.1144 0
      vertex 26.4446 6.65176 0
      vertex 43.3013 25 0
    endloop
  endfacet
  facet normal 0 0 -1
    outer loop
      vertex 41.5735 -27.7785 0
      vertex 29.8463 -25.5607 0
      vertex 30 -24 0
    endloop
  endfacet
  facet normal 0 0 -1
    outer loop
      vertex 39.6677 -30.4381 0
      vertex 29.391 -27.0615 0
      vertex 29.8463 -25.5607 0
    endloop
  endfacet
  facet normal 0 0 -1
    outer loop
      vertex 37.592 -32.9673 0
      vertex 28.6518 -28.4446 0
      vertex 29.391 -27.0615 0
    endloop
  endfacet
  facet normal 0 0 -1
    outer loop
      vertex 25.0615 -31.391 0
      vertex 30.4381 -39.6677 0
      vertex 27.7785 -41.5735 0
    endloop
  endfacet
  facet normal 0 0 -1
    outer loop
      vertex 35.3553 -35.3553 0
      vertex 27.6569 -29.6569 0
      vertex 28.6518 -28.4446 0
    endloop
  endfacet
  facet normal 0 0 -1
    outer loop
      vertex 32.9673 -37.592 0
      vertex 26.4446 -30.6518 0
      vertex 27.6569 -29.6569 0
    endloop
  endfacet
  facet normal 0 0 -1
    outer loop
      vertex 30.4381 -39.6677 0
      vertex 25.0615 -31.391 0
      vertex 26.4446 -30.6518 0
    endloop
  endfacet
  facet normal 0 0 -1
    outer loop
      vertex 23.5607 -31.8463 0
      vertex 27.7785 -41.5735 0
      vertex 25 -43.3013 0
    endloop
  endfacet
  facet normal 0 0 -1
    outer loop
      vertex 27.7785 -41.5735 0
      vertex 23.5607 -31.8463 0
      vertex 25.0615 -31.391 0
    endloop
  endfacet
  facet normal 0 0 -1
    outer loop
      vertex 22 -32 0
      vertex 25 -43.3013 0
      vertex 22.1144 -44.8436 0
    endloop
  endfacet
  facet normal 0 0 -1
    outer loop
      vertex 25 -43.3013 0
      vertex 22 -32 0
      vertex 23.5607 -31.8463 0
    endloop
  endfacet
  facet normal 0 0 -1
    outer loop
      vertex 19.1342 -46.194 0
      vertex 22 -32 0
      vertex 22.1144 -44.8436 0
    endloop
  endfacet
  facet normal 0 0 -1
    outer loop
      vertex 16.072 -47.3465 0
      vertex 22 -32 0
      vertex 19.1342 -46.194 0
    endloop
  endfacet
  facet normal 0 0 -1
    outer loop
      vertex 12.941 -48.2963 0
      vertex 22 -32 0
      vertex 16.072 -47.3465 0
    endloop
  endfacet
  facet normal 0 0 -1
    outer loop
      vertex 9.75452 -49.0393 0
      vertex 22 -32 0
      vertex 12.941 -48.2963 0
    endloop
  endfacet
  facet normal 0 0 -1
    outer loop
      vertex 6.52631 -49.5722 0
      vertex 22 -32 0
      vertex 9.75452 -49.0393 0
    endloop
  endfacet
  facet normal 0 0 -1
    outer loop
      vertex 3.27016 -49.8929 0
      vertex 22 -32 0
      vertex 6.52631 -49.5722 0
    endloop
  endfacet
  facet normal 0 0 -1
    outer loop
      vertex 0 -50 0
      vertex 22 -32 0
      vertex 3.27016 -49.8929 0
    endloop
  endfacet
  facet normal 0 0 -1
    outer loop
      vertex -22 -32 0
      vertex 0 -50 0
      vertex -3.27016 -49.8929 0
    endloop
  endfacet
  facet normal 0 0 -1
    outer loop
      vertex -22 -32 0
      vertex -3.27016 -49.8929 0
      vertex -6.52631 -49.5722 0
    endloop
  endfacet
  facet normal 0 0 -1
    outer loop
      vertex -22 -32 0
      vertex -6.52631 -49.5722 0
      vertex -9.75452 -49.0393 0
    endloop
  endfacet
  facet normal 0 0 -1
    outer loop
      vertex -22 -32 0
      vertex -9.75452 -49.0393 0
      vertex -12.941 -48.2963 0
    endloop
  endfacet
  facet normal 0 0 -1
    outer loop
      vertex -22 -32 0
      vertex -12.941 -48.2963 0
      vertex -16.072 -47.3465 0
    endloop
  endfacet
  facet normal 0 0 -1
    outer loop
      vertex -22 -32 0
      vertex -16.072 -47.3465 0
      vertex -19.1342 -46.194 0
    endloop
  endfacet
  facet normal 0 0 -1
    outer loop
      vertex 0 -50 0
      vertex -22 -32 0
      vertex 22 -32 0
    endloop
  endfacet
  facet normal 0 0 -1
    outer loop
      vertex -22.1144 -44.8436 0
      vertex -22 -32 0
      vertex -19.1342 -46.194 0
    endloop
  endfacet
  facet normal 0 0 -1
    outer loop
      vertex -25 -43.3013 0
      vertex -22 -32 0
      vertex -22.1144 -44.8436 0
    endloop
  endfacet
  facet normal -0 0 -1
    outer loop
      vertex -22 -32 0
      vertex -25 -43.3013 0
      vertex -23.5607 -31.8463 0
    endloop
  endfacet
  facet normal 0 0 -1
    outer loop
      vertex -27.7785 -41.5735 0
      vertex -23.5607 -31.8463 0
      vertex -25 -43.3013 0
    endloop
  endfacet
  facet normal -0 0 -1
    outer loop
      vertex -23.5607 -31.8463 0
      vertex -27.7785 -41.5735 0
      vertex -25.0615 -31.391 0
    endloop
  endfacet
  facet normal 0 0 -1
    outer loop
      vertex -30.4381 -39.6677 0
      vertex -25.0615 -31.391 0
      vertex -27.7785 -41.5735 0
    endloop
  endfacet
  facet normal -0 0 -1
    outer loop
      vertex -25.0615 -31.391 0
      vertex -30.4381 -39.6677 0
      vertex -26.4446 -30.6518 0
    endloop
  endfacet
  facet normal 0 0 -1
    outer loop
      vertex -32.9673 -37.592 0
      vertex -26.4446 -30.6518 0
      vertex -30.4381 -39.6677 0
    endloop
  endfacet
  facet normal -0 0 -1
    outer loop
      vertex -26.4446 -30.6518 0
      vertex -32.9673 -37.592 0
      vertex -27.6569 -29.6569 0
    endloop
  endfacet
  facet normal 0 0 -1
    outer loop
      vertex -35.3553 -35.3553 0
      vertex -27.6569 -29.6569 0
      vertex -32.9673 -37.592 0
    endloop
  endfacet
  facet normal -0 0 -1
    outer loop
      vertex -28.6518 -28.4446 0
      vertex -37.592 -32.9673 0
      vertex -29.391 -27.0615 0
    endloop
  endfacet
  facet normal 0 0 -1
    outer loop
      vertex -37.592 -32.9673 0
      vertex -28.6518 -28.4446 0
      vertex -35.3553 -35.3553 0
    endloop
  endfacet
  facet normal -0 0 -1
    outer loop
      vertex -27.6569 -29.6569 0
      vertex -35.3553 -35.3553 0
      vertex -28.6518 -28.4446 0
    endloop
  endfacet
  facet normal 0 0 -1
    outer loop
      vertex 25.0615 7.39104 0
      vertex 43.3013 25 0
      vertex 26.4446 6.65176 0
    endloop
  endfacet
  facet normal -0 0 -1
    outer loop
      vertex 43.3013 25 0
      vertex 25.0615 7.39104 0
      vertex 41.5735 27.7785 0
    endloop
  endfacet
  facet normal -0 0 -1
    outer loop
      vertex 41.5735 27.7785 0
      vertex 25.0615 7.39104 0
      vertex 39.6677 30.4381 0
    endloop
  endfacet
  facet normal 0 0 -1
    outer loop
      vertex 23.5607 7.84628 0
      vertex 39.6677 30.4381 0
      vertex 25.0615 7.39104 0
    endloop
  endfacet
  facet normal -0 0 -1
    outer loop
      vertex 39.6677 30.4381 0
      vertex 23.5607 7.84628 0
      vertex 37.592 32.9673 0
    endloop
  endfacet
  facet normal -0 0 -1
    outer loop
      vertex 37.592 32.9673 0
      vertex 23.5607 7.84628 0
      vertex 35.3553 35.3553 0
    endloop
  endfacet
  facet normal 0 0 -1
    outer loop
      vertex 22 8 0
      vertex 35.3553 35.3553 0
      vertex 23.5607 7.84628 0
    endloop
  endfacet
  facet normal -0 0 -1
    outer loop
      vertex 35.3553 35.3553 0
      vertex 22 8 0
      vertex 32.9673 37.592 0
    endloop
  endfacet
  facet normal 0 0 -1
    outer loop
      vertex 12.85 38.1605 0
      vertex 32.9673 37.592 0
      vertex 22 8 0
    endloop
  endfacet
  facet normal 0 -0 -1
    outer loop
      vertex 13.2021 38.4306 0
      vertex 32.9673 37.592 0
      vertex 12.85 38.1605 0
    endloop
  endfacet
  facet normal 0 -0 -1
    outer loop
      vertex 13.4722 38.7827 0
      vertex 27.7785 41.5735 0
      vertex 13.2021 38.4306 0
    endloop
  endfacet
  facet normal -0 0 -1
    outer loop
      vertex 30.4381 39.6677 0
      vertex 13.2021 38.4306 0
      vertex 27.7785 41.5735 0
    endloop
  endfacet
  facet normal -0 0 -1
    outer loop
      vertex 27.7785 41.5735 0
      vertex 13.4722 38.7827 0
      vertex 25 43.3013 0
    endloop
  endfacet
  facet normal -0 0 -1
    outer loop
      vertex 25 43.3013 0
      vertex 13.6421 39.1927 0
      vertex 22.1144 44.8436 0
    endloop
  endfacet
  facet normal 0 0 -1
    outer loop
      vertex 13.6421 40.0727 0
      vertex 22.1144 44.8436 0
      vertex 13.7 39.6327 0
    endloop
  endfacet
  facet normal -0 0 -1
    outer loop
      vertex 22.1144 44.8436 0
      vertex 13.6421 40.0727 0
      vertex 19.1342 46.194 0
    endloop
  endfacet
  facet normal 0 -0 -1
    outer loop
      vertex 13.7 39.6327 0
      vertex 22.1144 44.8436 0
      vertex 13.6421 39.1927 0
    endloop
  endfacet
  facet normal 0 -0 -1
    outer loop
      vertex 13.6421 39.1927 0
      vertex 25 43.3013 0
      vertex 13.4722 38.7827 0
    endloop
  endfacet
  facet normal 0 0 -1
    outer loop
      vertex 32.9673 37.592 0
      vertex 13.2021 38.4306 0
      vertex 30.4381 39.6677 0
    endloop
  endfacet
  facet normal 0 0 -1
    outer loop
      vertex 22 8 0
      vertex 12.44 37.9906 0
      vertex 12.85 38.1605 0
    endloop
  endfacet
  facet normal 0 0 -1
    outer loop
      vertex 22 8 0
      vertex 12 37.9327 0
      vertex 12.44 37.9906 0
    endloop
  endfacet
  facet normal 0 0 -1
    outer loop
      vertex 22 8 0
      vertex 11.56 37.9906 0
      vertex 12 37.9327 0
    endloop
  endfacet
  facet normal 0 0 -1
    outer loop
      vertex 22 8 0
      vertex 11.15 38.1605 0
      vertex 11.56 37.9906 0
    endloop
  endfacet
  facet normal 0 0 -1
    outer loop
      vertex -11.15 38.1605 0
      vertex 11.15 38.1605 0
      vertex 22 8 0
    endloop
  endfacet
  facet normal 0 0 -1
    outer loop
      vertex 11.15 38.1605 0
      vertex -11.15 38.1605 0
      vertex 10.7979 38.4306 0
    endloop
  endfacet
  facet normal 0 -0 -1
    outer loop
      vertex -10.7979 38.4306 0
      vertex 10.7979 38.4306 0
      vertex -11.15 38.1605 0
    endloop
  endfacet
  facet normal 0 0 -1
    outer loop
      vertex 10.7979 40.8348 0
      vertex 6.52631 49.5722 0
      vertex 9.75452 49.0393 0
    endloop
  endfacet
  facet normal 0 0 -1
    outer loop
      vertex -10.3 39.6327 0
      vertex 10.3 39.6327 0
      vertex 10.3579 39.1927 0
    endloop
  endfacet
  facet normal 0 0 -1
    outer loop
      vertex 10.3579 40.0727 0
      vertex 3.27016 49.8929 0
      vertex 6.52631 49.5722 0
    endloop
  endfacet
  facet normal 0 0 -1
    outer loop
      vertex 10.7979 38.4306 0
      vertex -10.7979 38.4306 0
      vertex 10.5278 38.7827 0
    endloop
  endfacet
  facet normal 0 -0 -1
    outer loop
      vertex -10.3579 39.1927 0
      vertex 10.3579 39.1927 0
      vertex -10.5278 38.7827 0
    endloop
  endfacet
  facet normal 0 -0 -1
    outer loop
      vertex -10.3 39.6327 0
      vertex 10.3579 39.1927 0
      vertex -10.3579 39.1927 0
    endloop
  endfacet
  facet normal 0 0 -1
    outer loop
      vertex 10.3 39.6327 0
      vertex 0 50 0
      vertex 3.27016 49.8929 0
    endloop
  endfacet
  facet normal 0 0 -1
    outer loop
      vertex 0 50 0
      vertex -10.3 39.6327 0
      vertex -3.27016 49.8929 0
    endloop
  endfacet
  facet normal 0 0 -1
    outer loop
      vertex -10.5278 40.4827 0
      vertex -3.27016 49.8929 0
      vertex -10.3579 40.0727 0
    endloop
  endfacet
  facet normal 0 0 -1
    outer loop
      vertex -10.3579 40.0727 0
      vertex -3.27016 49.8929 0
      vertex -10.3 39.6327 0
    endloop
  endfacet
  facet normal 0 0 -1
    outer loop
      vertex 10.3 39.6327 0
      vertex -10.3 39.6327 0
      vertex 0 50 0
    endloop
  endfacet
  facet normal 0 0 -1
    outer loop
      vertex 10.5278 38.7827 0
      vertex -10.5278 38.7827 0
      vertex 10.3579 39.1927 0
    endloop
  endfacet
  facet normal 0 -0 -1
    outer loop
      vertex -10.5278 38.7827 0
      vertex 10.5278 38.7827 0
      vertex -10.7979 38.4306 0
    endloop
  endfacet
  facet normal 0 0 -1
    outer loop
      vertex -22 8 0
      vertex -11.15 38.1605 0
      vertex 22 8 0
    endloop
  endfacet
  facet normal 0 0 -1
    outer loop
      vertex -11.15 38.1605 0
      vertex -22 8 0
      vertex -11.56 37.9906 0
    endloop
  endfacet
  facet normal 0 0 -1
    outer loop
      vertex -11.56 37.9906 0
      vertex -22 8 0
      vertex -12 37.9327 0
    endloop
  endfacet
  facet normal -0 0 -1
    outer loop
      vertex -12 37.9327 0
      vertex -22 8 0
      vertex -12.44 37.9906 0
    endloop
  endfacet
  facet normal -0 0 -1
    outer loop
      vertex -12.44 37.9906 0
      vertex -22 8 0
      vertex -12.85 38.1605 0
    endloop
  endfacet
  facet normal 0 0 -1
    outer loop
      vertex -22.1144 44.8436 0
      vertex -13.7 39.6327 0
      vertex -13.6421 39.1927 0
    endloop
  endfacet
  facet normal 0 0 -1
    outer loop
      vertex -13.7 39.6327 0
      vertex -19.1342 46.194 0
      vertex -16.072 47.3465 0
    endloop
  endfacet
  facet normal 0 0 -1
    outer loop
      vertex -25 43.3013 0
      vertex -13.6421 39.1927 0
      vertex -13.4722 38.7827 0
    endloop
  endfacet
  facet normal 0 0 -1
    outer loop
      vertex -32.9673 37.592 0
      vertex -12.85 38.1605 0
      vertex -22 8 0
    endloop
  endfacet
  facet normal -0 0 -1
    outer loop
      vertex -12.85 38.1605 0
      vertex -32.9673 37.592 0
      vertex -13.2021 38.4306 0
    endloop
  endfacet
  facet normal 0 -0 -1
    outer loop
      vertex -30.4381 39.6677 0
      vertex -13.2021 38.4306 0
      vertex -32.9673 37.592 0
    endloop
  endfacet
  facet normal 0 0 -1
    outer loop
      vertex -13.7 39.6327 0
      vertex -22.1144 44.8436 0
      vertex -19.1342 46.194 0
    endloop
  endfacet
  facet normal 0 0 -1
    outer loop
      vertex -35.3553 35.3553 0
      vertex -22 8 0
      vertex -23.5607 7.84628 0
    endloop
  endfacet
  facet normal 0 0 -1
    outer loop
      vertex -13.6421 39.1927 0
      vertex -25 43.3013 0
      vertex -22.1144 44.8436 0
    endloop
  endfacet
  facet normal 0 0 -1
    outer loop
      vertex -39.6677 30.4381 0
      vertex -23.5607 7.84628 0
      vertex -25.0615 7.39104 0
    endloop
  endfacet
  facet normal 0 0 -1
    outer loop
      vertex -43.3013 25 0
      vertex -25.0615 7.39104 0
      vertex -26.4446 6.65176 0
    endloop
  endfacet
  facet normal 0 0 -1
    outer loop
      vertex -46.194 19.1342 0
      vertex -26.4446 6.65176 0
      vertex -27.6569 5.65685 0
    endloop
  endfacet
  facet normal 0 0 -1
    outer loop
      vertex -13.4722 38.7827 0
      vertex -27.7785 41.5735 0
      vertex -25 43.3013 0
    endloop
  endfacet
  facet normal 0 0 -1
    outer loop
      vertex -47.3465 16.072 0
      vertex -27.6569 5.65685 0
      vertex -28.6518 4.44456 0
    endloop
  endfacet
  facet normal 0 0 -1
    outer loop
      vertex -49.0393 9.75452 0
      vertex -28.6518 4.44456 0
      vertex -29.391 3.06147 0
    endloop
  endfacet
  facet normal 0 0 -1
    outer loop
      vertex -49.5722 6.52631 0
      vertex -29.391 3.06147 0
      vertex -29.8463 1.56072 0
    endloop
  endfacet
  facet normal 0 0 -1
    outer loop
      vertex -49.8929 3.27016 0
      vertex -29.8463 1.56072 0
      vertex -30 0 0
    endloop
  endfacet
  facet normal 0 0 -1
    outer loop
      vertex -13.2021 38.4306 0
      vertex -27.7785 41.5735 0
      vertex -13.4722 38.7827 0
    endloop
  endfacet
  facet normal 0 0 -1
    outer loop
      vertex -39.6677 -30.4381 0
      vertex -29.391 -27.0615 0
      vertex -37.592 -32.9673 0
    endloop
  endfacet
  facet normal -0 0 -1
    outer loop
      vertex -29.391 -27.0615 0
      vertex -39.6677 -30.4381 0
      vertex -29.8463 -25.5607 0
    endloop
  endfacet
  facet normal 0 -0 -1
    outer loop
      vertex -27.7785 41.5735 0
      vertex -13.2021 38.4306 0
      vertex -30.4381 39.6677 0
    endloop
  endfacet
  facet normal 0 0 -1
    outer loop
      vertex -41.5735 -27.7785 0
      vertex -29.8463 -25.5607 0
      vertex -39.6677 -30.4381 0
    endloop
  endfacet
  facet normal 0 0 -1
    outer loop
      vertex -22 8 0
      vertex -35.3553 35.3553 0
      vertex -32.9673 37.592 0
    endloop
  endfacet
  facet normal -0 0 -1
    outer loop
      vertex -29.8463 -25.5607 0
      vertex -41.5735 -27.7785 0
      vertex -30 -24 0
    endloop
  endfacet
  facet normal 0 0 -1
    outer loop
      vertex -23.5607 7.84628 0
      vertex -37.592 32.9673 0
      vertex -35.3553 35.3553 0
    endloop
  endfacet
  facet normal 0 0 -1
    outer loop
      vertex -43.3013 -25 0
      vertex -30 -24 0
      vertex -41.5735 -27.7785 0
    endloop
  endfacet
  facet normal 0 0 -1
    outer loop
      vertex -23.5607 7.84628 0
      vertex -39.6677 30.4381 0
      vertex -37.592 32.9673 0
    endloop
  endfacet
  facet normal 0 0 -1
    outer loop
      vertex -44.8436 -22.1144 0
      vertex -30 -24 0
      vertex -43.3013 -25 0
    endloop
  endfacet
  facet normal 0 0 -1
    outer loop
      vertex -25.0615 7.39104 0
      vertex -41.5735 27.7785 0
      vertex -39.6677 30.4381 0
    endloop
  endfacet
  facet normal 0 0 -1
    outer loop
      vertex -46.194 -19.1342 0
      vertex -30 -24 0
      vertex -44.8436 -22.1144 0
    endloop
  endfacet
  facet normal 0 0 -1
    outer loop
      vertex -25.0615 7.39104 0
      vertex -43.3013 25 0
      vertex -41.5735 27.7785 0
    endloop
  endfacet
  facet normal 0 0 -1
    outer loop
      vertex -47.3465 -16.072 0
      vertex -30 -24 0
      vertex -46.194 -19.1342 0
    endloop
  endfacet
  facet normal 0 0 -1
    outer loop
      vertex -26.4446 6.65176 0
      vertex -44.8436 22.1144 0
      vertex -43.3013 25 0
    endloop
  endfacet
  facet normal 0 0 -1
    outer loop
      vertex -30 -24 0
      vertex -47.3465 -16.072 0
      vertex -30 0 0
    endloop
  endfacet
  facet normal 0 0 -1
    outer loop
      vertex -26.4446 6.65176 0
      vertex -46.194 19.1342 0
      vertex -44.8436 22.1144 0
    endloop
  endfacet
  facet normal 0 0 -1
    outer loop
      vertex -48.2963 -12.941 0
      vertex -30 0 0
      vertex -47.3465 -16.072 0
    endloop
  endfacet
  facet normal 0 0 -1
    outer loop
      vertex -27.6569 5.65685 0
      vertex -47.3465 16.072 0
      vertex -46.194 19.1342 0
    endloop
  endfacet
  facet normal 0 0 -1
    outer loop
      vertex -49.0393 -9.75452 0
      vertex -30 0 0
      vertex -48.2963 -12.941 0
    endloop
  endfacet
  facet normal 0 0 -1
    outer loop
      vertex -28.6518 4.44456 0
      vertex -48.2963 12.941 0
      vertex -47.3465 16.072 0
    endloop
  endfacet
  facet normal 0 0 -1
    outer loop
      vertex -49.5722 -6.52631 0
      vertex -30 0 0
      vertex -49.0393 -9.75452 0
    endloop
  endfacet
  facet normal 0 0 -1
    outer loop
      vertex -28.6518 4.44456 0
      vertex -49.0393 9.75452 0
      vertex -48.2963 12.941 0
    endloop
  endfacet
  facet normal 0 0 -1
    outer loop
      vertex -49.8929 -3.27016 0
      vertex -30 0 0
      vertex -49.5722 -6.52631 0
    endloop
  endfacet
  facet normal 0 0 -1
    outer loop
      vertex -29.391 3.06147 0
      vertex -49.5722 6.52631 0
      vertex -49.0393 9.75452 0
    endloop
  endfacet
  facet normal 0 0 -1
    outer loop
      vertex -50 0 0
      vertex -30 0 0
      vertex -49.8929 -3.27016 0
    endloop
  endfacet
  facet normal 0 0 -1
    outer loop
      vertex -29.8463 1.56072 0
      vertex -49.8929 3.27016 0
      vertex -49.5722 6.52631 0
    endloop
  endfacet
  facet normal 0 0 -1
    outer loop
      vertex -30 0 0
      vertex -50 0 0
      vertex -49.8929 3.27016 0
    endloop
  endfacet
  facet normal 0 0 -1
    outer loop
      vertex 13.4722 40.4827 0
      vertex 19.1342 46.194 0
      vertex 13.6421 40.0727 0
    endloop
  endfacet
  facet normal 0 0 -1
    outer loop
      vertex 13.2021 40.8348 0
      vertex 19.1342 46.194 0
      vertex 13.4722 40.4827 0
    endloop
  endfacet
  facet normal -0 0 -1
    outer loop
      vertex 19.1342 46.194 0
      vertex 13.2021 40.8348 0
      vertex 16.072 47.3465 0
    endloop
  endfacet
  facet normal 0 0 -1
    outer loop
      vertex 12.85 41.1049 0
      vertex 16.072 47.3465 0
      vertex 13.2021 40.8348 0
    endloop
  endfacet
  facet normal 0 0 -1
    outer loop
      vertex 12.44 41.2748 0
      vertex 16.072 47.3465 0
      vertex 12.85 41.1049 0
    endloop
  endfacet
  facet normal -0 0 -1
    outer loop
      vertex 16.072 47.3465 0
      vertex 12.44 41.2748 0
      vertex 12.941 48.2963 0
    endloop
  endfacet
  facet normal 0 0 -1
    outer loop
      vertex 12 41.3327 0
      vertex 12.941 48.2963 0
      vertex 12.44 41.2748 0
    endloop
  endfacet
  facet normal 0 0 -1
    outer loop
      vertex 11.56 41.2748 0
      vertex 12.941 48.2963 0
      vertex 12 41.3327 0
    endloop
  endfacet
  facet normal 0 0 -1
    outer loop
      vertex 9.75452 49.0393 0
      vertex 11.56 41.2748 0
      vertex 11.15 41.1049 0
    endloop
  endfacet
  facet normal 0 0 -1
    outer loop
      vertex 9.75452 49.0393 0
      vertex 11.15 41.1049 0
      vertex 10.7979 40.8348 0
    endloop
  endfacet
  facet normal 0 0 -1
    outer loop
      vertex 6.52631 49.5722 0
      vertex 10.7979 40.8348 0
      vertex 10.5278 40.4827 0
    endloop
  endfacet
  facet normal 0 0 -1
    outer loop
      vertex 6.52631 49.5722 0
      vertex 10.5278 40.4827 0
      vertex 10.3579 40.0727 0
    endloop
  endfacet
  facet normal 0 0 -1
    outer loop
      vertex 11.56 41.2748 0
      vertex 9.75452 49.0393 0
      vertex 12.941 48.2963 0
    endloop
  endfacet
  facet normal 0 0 -1
    outer loop
      vertex 3.27016 49.8929 0
      vertex 10.3579 40.0727 0
      vertex 10.3 39.6327 0
    endloop
  endfacet
  facet normal 0 0 -1
    outer loop
      vertex -3.27016 49.8929 0
      vertex -10.5278 40.4827 0
      vertex -6.52631 49.5722 0
    endloop
  endfacet
  facet normal 0 0 -1
    outer loop
      vertex -10.7979 40.8348 0
      vertex -6.52631 49.5722 0
      vertex -10.5278 40.4827 0
    endloop
  endfacet
  facet normal 0 0 -1
    outer loop
      vertex -6.52631 49.5722 0
      vertex -10.7979 40.8348 0
      vertex -9.75452 49.0393 0
    endloop
  endfacet
  facet normal 0 0 -1
    outer loop
      vertex -11.15 41.1049 0
      vertex -9.75452 49.0393 0
      vertex -10.7979 40.8348 0
    endloop
  endfacet
  facet normal 0 0 -1
    outer loop
      vertex -11.56 41.2748 0
      vertex -9.75452 49.0393 0
      vertex -11.15 41.1049 0
    endloop
  endfacet
  facet normal 0 0 -1
    outer loop
      vertex -12.941 48.2963 0
      vertex -11.56 41.2748 0
      vertex -12 41.3327 0
    endloop
  endfacet
  facet normal 0 0 -1
    outer loop
      vertex -12.941 48.2963 0
      vertex -12 41.3327 0
      vertex -12.44 41.2748 0
    endloop
  endfacet
  facet normal 0 0 -1
    outer loop
      vertex -16.072 47.3465 0
      vertex -12.44 41.2748 0
      vertex -12.85 41.1049 0
    endloop
  endfacet
  facet normal 0 0 -1
    outer loop
      vertex -11.56 41.2748 0
      vertex -12.941 48.2963 0
      vertex -9.75452 49.0393 0
    endloop
  endfacet
  facet normal 0 0 -1
    outer loop
      vertex -16.072 47.3465 0
      vertex -12.85 41.1049 0
      vertex -13.2021 40.8348 0
    endloop
  endfacet
  facet normal 0 0 -1
    outer loop
      vertex -16.072 47.3465 0
      vertex -13.2021 40.8348 0
      vertex -13.4722 40.4827 0
    endloop
  endfacet
  facet normal 0 0 -1
    outer loop
      vertex -16.072 47.3465 0
      vertex -13.4722 40.4827 0
      vertex -13.6421 40.0727 0
    endloop
  endfacet
  facet normal 0 0 -1
    outer loop
      vertex -16.072 47.3465 0
      vertex -13.6421 40.0727 0
      vertex -13.7 39.6327 0
    endloop
  endfacet
  facet normal 0 0 -1
    outer loop
      vertex -12.44 41.2748 0
      vertex -16.072 47.3465 0
      vertex -12.941 48.2963 0
    endloop
  endfacet
  facet normal 0 0 1
    outer loop
      vertex -29.1056 -30.4056 17
      vertex -25.9056 -30.4056 17
      vertex -25.9921 -29.5277 17
    endloop
  endfacet
  facet normal 0 0 1
    outer loop
      vertex -29.1499 -30.0691 17
      vertex -25.9921 -29.5277 17
      vertex -26.2481 -28.6835 17
    endloop
  endfacet
  facet normal 0 0 1
    outer loop
      vertex -25.9056 -30.4056 17
      vertex -29.1056 -30.4056 17
      vertex -25.9921 -31.2835 17
    endloop
  endfacet
  facet normal 0 0 1
    outer loop
      vertex -29.2798 -29.7556 17
      vertex -26.2481 -28.6835 17
      vertex -26.664 -27.9055 17
    endloop
  endfacet
  facet normal -0 0 1
    outer loop
      vertex -29.1499 -30.7421 17
      vertex -25.9921 -31.2835 17
      vertex -29.1056 -30.4056 17
    endloop
  endfacet
  facet normal 0 0 1
    outer loop
      vertex -29.4864 -29.4864 17
      vertex -26.664 -27.9055 17
      vertex -27.2236 -27.2236 17
    endloop
  endfacet
  facet normal 0 0 1
    outer loop
      vertex -25.9921 -31.2835 17
      vertex -29.1499 -30.7421 17
      vertex -26.2481 -32.1277 17
    endloop
  endfacet
  facet normal 0 0 1
    outer loop
      vertex -29.4864 -29.4864 17
      vertex -27.2236 -27.2236 17
      vertex -27.9055 -26.664 17
    endloop
  endfacet
  facet normal -0 0 1
    outer loop
      vertex -29.2798 -31.0556 17
      vertex -26.2481 -32.1277 17
      vertex -29.1499 -30.7421 17
    endloop
  endfacet
  facet normal 0 0 1
    outer loop
      vertex -29.7556 -29.2798 17
      vertex -27.9055 -26.664 17
      vertex -28.6835 -26.2481 17
    endloop
  endfacet
  facet normal 0 0 1
    outer loop
      vertex -26.2481 -32.1277 17
      vertex -29.2798 -31.0556 17
      vertex -26.664 -32.9057 17
    endloop
  endfacet
  facet normal -0 0 1
    outer loop
      vertex -29.4864 -31.3248 17
      vertex -26.664 -32.9057 17
      vertex -29.2798 -31.0556 17
    endloop
  endfacet
  facet normal 0 0 1
    outer loop
      vertex -25.9921 -29.5277 17
      vertex -29.1499 -30.0691 17
      vertex -29.1056 -30.4056 17
    endloop
  endfacet
  facet normal 0 0 1
    outer loop
      vertex -26.2481 -28.6835 17
      vertex -29.2798 -29.7556 17
      vertex -29.1499 -30.0691 17
    endloop
  endfacet
  facet normal 0 0 1
    outer loop
      vertex -26.664 -27.9055 17
      vertex -29.4864 -29.4864 17
      vertex -29.2798 -29.7556 17
    endloop
  endfacet
  facet normal 0 0 1
    outer loop
      vertex -30.0691 -29.1499 17
      vertex -28.6835 -26.2481 17
      vertex -29.5277 -25.9921 17
    endloop
  endfacet
  facet normal 0 0 1
    outer loop
      vertex -27.9055 -26.664 17
      vertex -29.7556 -29.2798 17
      vertex -29.4864 -29.4864 17
    endloop
  endfacet
  facet normal 0 0 1
    outer loop
      vertex -28.6835 -26.2481 17
      vertex -30.0691 -29.1499 17
      vertex -29.7556 -29.2798 17
    endloop
  endfacet
  facet normal 0 0 1
    outer loop
      vertex -30.4056 -29.1056 17
      vertex -29.5277 -25.9921 17
      vertex -30.4056 -25.9056 17
    endloop
  endfacet
  facet normal 0 0 1
    outer loop
      vertex -29.5277 -25.9921 17
      vertex -30.4056 -29.1056 17
      vertex -30.0691 -29.1499 17
    endloop
  endfacet
  facet normal -0 0 1
    outer loop
      vertex -31.2835 -25.9921 17
      vertex -30.4056 -29.1056 17
      vertex -30.4056 -25.9056 17
    endloop
  endfacet
  facet normal 0 0 1
    outer loop
      vertex -30.4056 -29.1056 17
      vertex -31.2835 -25.9921 17
      vertex -30.7421 -29.1499 17
    endloop
  endfacet
  facet normal -0 0 1
    outer loop
      vertex -32.1277 -26.2481 17
      vertex -30.7421 -29.1499 17
      vertex -31.2835 -25.9921 17
    endloop
  endfacet
  facet normal 0 0 1
    outer loop
      vertex -30.7421 -29.1499 17
      vertex -32.1277 -26.2481 17
      vertex -31.0556 -29.2798 17
    endloop
  endfacet
  facet normal -0 0 1
    outer loop
      vertex -32.9057 -26.664 17
      vertex -31.0556 -29.2798 17
      vertex -32.1277 -26.2481 17
    endloop
  endfacet
  facet normal 0 0 1
    outer loop
      vertex -31.0556 -29.2798 17
      vertex -32.9057 -26.664 17
      vertex -31.3248 -29.4864 17
    endloop
  endfacet
  facet normal -0 0 1
    outer loop
      vertex -33.5876 -27.2236 17
      vertex -31.3248 -29.4864 17
      vertex -32.9057 -26.664 17
    endloop
  endfacet
  facet normal -0 0 1
    outer loop
      vertex -34.1472 -27.9055 17
      vertex -31.3248 -29.4864 17
      vertex -33.5876 -27.2236 17
    endloop
  endfacet
  facet normal 0 0 1
    outer loop
      vertex -26.664 -32.9057 17
      vertex -29.4864 -31.3248 17
      vertex -27.2236 -33.5876 17
    endloop
  endfacet
  facet normal 0 0 1
    outer loop
      vertex -27.2236 -33.5876 17
      vertex -29.4864 -31.3248 17
      vertex -27.9055 -34.1472 17
    endloop
  endfacet
  facet normal -0 0 1
    outer loop
      vertex -29.7556 -31.5314 17
      vertex -27.9055 -34.1472 17
      vertex -29.4864 -31.3248 17
    endloop
  endfacet
  facet normal 0 0 1
    outer loop
      vertex -27.9055 -34.1472 17
      vertex -29.7556 -31.5314 17
      vertex -28.6835 -34.563 17
    endloop
  endfacet
  facet normal -0 0 1
    outer loop
      vertex -30.0691 -31.6613 17
      vertex -28.6835 -34.563 17
      vertex -29.7556 -31.5314 17
    endloop
  endfacet
  facet normal 0 0 1
    outer loop
      vertex -28.6835 -34.563 17
      vertex -30.0691 -31.6613 17
      vertex -29.5277 -34.8191 17
    endloop
  endfacet
  facet normal 0 0 1
    outer loop
      vertex -29.5277 -34.8191 17
      vertex -30.0691 -31.6613 17
      vertex -29.9888 -34.8645 17
    endloop
  endfacet
  facet normal 0 0 1
    outer loop
      vertex -29.1056 30.4056 17
      vertex -25.9056 30.4056 17
      vertex -25.9921 31.2835 17
    endloop
  endfacet
  facet normal 0 0 1
    outer loop
      vertex -29.1499 30.7421 17
      vertex -25.9921 31.2835 17
      vertex -26.2481 32.1277 17
    endloop
  endfacet
  facet normal 0 0 1
    outer loop
      vertex -25.9056 30.4056 17
      vertex -29.1056 30.4056 17
      vertex -25.9921 29.5277 17
    endloop
  endfacet
  facet normal 0 0 1
    outer loop
      vertex -29.2798 31.0556 17
      vertex -26.2481 32.1277 17
      vertex -26.664 32.9057 17
    endloop
  endfacet
  facet normal -0 0 1
    outer loop
      vertex -29.1499 30.0691 17
      vertex -25.9921 29.5277 17
      vertex -29.1056 30.4056 17
    endloop
  endfacet
  facet normal 0 0 1
    outer loop
      vertex -29.4864 31.3248 17
      vertex -26.664 32.9057 17
      vertex -27.2236 33.5876 17
    endloop
  endfacet
  facet normal 0 0 1
    outer loop
      vertex -25.9921 29.5277 17
      vertex -29.1499 30.0691 17
      vertex -26.2481 28.6835 17
    endloop
  endfacet
  facet normal 0 0 1
    outer loop
      vertex -29.4864 31.3248 17
      vertex -27.2236 33.5876 17
      vertex -27.9055 34.1472 17
    endloop
  endfacet
  facet normal -0 0 1
    outer loop
      vertex -29.2798 29.7556 17
      vertex -26.2481 28.6835 17
      vertex -29.1499 30.0691 17
    endloop
  endfacet
  facet normal 0 0 1
    outer loop
      vertex -29.7556 31.5314 17
      vertex -27.9055 34.1472 17
      vertex -28.6835 34.563 17
    endloop
  endfacet
  facet normal 0 0 1
    outer loop
      vertex -26.2481 28.6835 17
      vertex -29.2798 29.7556 17
      vertex -26.664 27.9055 17
    endloop
  endfacet
  facet normal -0 0 1
    outer loop
      vertex -29.4864 29.4864 17
      vertex -26.664 27.9055 17
      vertex -29.2798 29.7556 17
    endloop
  endfacet
  facet normal 0 0 1
    outer loop
      vertex -25.9921 31.2835 17
      vertex -29.1499 30.7421 17
      vertex -29.1056 30.4056 17
    endloop
  endfacet
  facet normal 0 0 1
    outer loop
      vertex -26.2481 32.1277 17
      vertex -29.2798 31.0556 17
      vertex -29.1499 30.7421 17
    endloop
  endfacet
  facet normal 0 0 1
    outer loop
      vertex -26.664 32.9057 17
      vertex -29.4864 31.3248 17
      vertex -29.2798 31.0556 17
    endloop
  endfacet
  facet normal 0 0 1
    outer loop
      vertex -30.0691 31.6613 17
      vertex -28.6835 34.563 17
      vertex -29.5277 34.8191 17
    endloop
  endfacet
  facet normal 0 0 1
    outer loop
      vertex -27.9055 34.1472 17
      vertex -29.7556 31.5314 17
      vertex -29.4864 31.3248 17
    endloop
  endfacet
  facet normal 0 0 1
    outer loop
      vertex -30.0691 31.6613 17
      vertex -29.5277 34.8191 17
      vertex -29.9888 34.8645 17
    endloop
  endfacet
  facet normal 0 0 1
    outer loop
      vertex -28.6835 34.563 17
      vertex -30.0691 31.6613 17
      vertex -29.7556 31.5314 17
    endloop
  endfacet
  facet normal 0 0 1
    outer loop
      vertex -26.664 27.9055 17
      vertex -29.4864 29.4864 17
      vertex -27.2236 27.2236 17
    endloop
  endfacet
  facet normal 0 0 1
    outer loop
      vertex -27.2236 27.2236 17
      vertex -29.4864 29.4864 17
      vertex -27.9055 26.664 17
    endloop
  endfacet
  facet normal -0 0 1
    outer loop
      vertex -29.7556 29.2798 17
      vertex -27.9055 26.664 17
      vertex -29.4864 29.4864 17
    endloop
  endfacet
  facet normal 0 0 1
    outer loop
      vertex -27.9055 26.664 17
      vertex -29.7556 29.2798 17
      vertex -28.6835 26.2481 17
    endloop
  endfacet
  facet normal -0 0 1
    outer loop
      vertex -30.0691 29.1499 17
      vertex -28.6835 26.2481 17
      vertex -29.7556 29.2798 17
    endloop
  endfacet
  facet normal 0 0 1
    outer loop
      vertex -28.6835 26.2481 17
      vertex -30.0691 29.1499 17
      vertex -29.5277 25.9921 17
    endloop
  endfacet
  facet normal -0 0 1
    outer loop
      vertex -30.4056 29.1056 17
      vertex -29.5277 25.9921 17
      vertex -30.0691 29.1499 17
    endloop
  endfacet
  facet normal 0 0 1
    outer loop
      vertex -30.4056 29.1056 17
      vertex -30.4056 25.9056 17
      vertex -29.5277 25.9921 17
    endloop
  endfacet
  facet normal 0 0 1
    outer loop
      vertex -31.2835 25.9921 17
      vertex -30.4056 29.1056 17
      vertex -30.7421 29.1499 17
    endloop
  endfacet
  facet normal 0 0 1
    outer loop
      vertex -32.1277 26.2481 17
      vertex -30.7421 29.1499 17
      vertex -31.0556 29.2798 17
    endloop
  endfacet
  facet normal 0 0 1
    outer loop
      vertex -30.4056 29.1056 17
      vertex -31.2835 25.9921 17
      vertex -30.4056 25.9056 17
    endloop
  endfacet
  facet normal 0 0 1
    outer loop
      vertex -32.9057 26.664 17
      vertex -31.0556 29.2798 17
      vertex -31.3248 29.4864 17
    endloop
  endfacet
  facet normal 0 0 1
    outer loop
      vertex -34.1472 27.9055 17
      vertex -31.3248 29.4864 17
      vertex -31.5314 29.7556 17
    endloop
  endfacet
  facet normal 0 0 1
    outer loop
      vertex -34.563 28.6835 17
      vertex -31.5314 29.7556 17
      vertex -31.6613 30.0691 17
    endloop
  endfacet
  facet normal 0 0 1
    outer loop
      vertex -34.8645 29.9888 17
      vertex -31.6613 30.0691 17
      vertex -31.7056 30.4056 17
    endloop
  endfacet
  facet normal 0 0 1
    outer loop
      vertex -30.7421 29.1499 17
      vertex -32.1277 26.2481 17
      vertex -31.2835 25.9921 17
    endloop
  endfacet
  facet normal 0 0 1
    outer loop
      vertex 28.6835 -34.563 17
      vertex 30.0691 -31.6613 17
      vertex 29.7556 -31.5314 17
    endloop
  endfacet
  facet normal 0 0 1
    outer loop
      vertex 30.0691 -31.6613 17
      vertex 29.5277 -34.8191 17
      vertex 29.9888 -34.8645 17
    endloop
  endfacet
  facet normal 0 0 1
    outer loop
      vertex 27.9055 -34.1472 17
      vertex 29.7556 -31.5314 17
      vertex 29.4864 -31.3248 17
    endloop
  endfacet
  facet normal 0 0 1
    outer loop
      vertex 26.664 -32.9057 17
      vertex 29.4864 -31.3248 17
      vertex 29.2798 -31.0556 17
    endloop
  endfacet
  facet normal 0 0 1
    outer loop
      vertex 26.2481 -32.1277 17
      vertex 29.2798 -31.0556 17
      vertex 29.1499 -30.7421 17
    endloop
  endfacet
  facet normal 0 0 1
    outer loop
      vertex 25.9921 -31.2835 17
      vertex 29.1499 -30.7421 17
      vertex 29.1056 -30.4056 17
    endloop
  endfacet
  facet normal 0 0 1
    outer loop
      vertex 29.4864 -29.4864 17
      vertex 26.664 -27.9055 17
      vertex 29.2798 -29.7556 17
    endloop
  endfacet
  facet normal 0 0 1
    outer loop
      vertex 30.0691 -31.6613 17
      vertex 28.6835 -34.563 17
      vertex 29.5277 -34.8191 17
    endloop
  endfacet
  facet normal -0 0 1
    outer loop
      vertex 26.2481 -28.6835 17
      vertex 29.2798 -29.7556 17
      vertex 26.664 -27.9055 17
    endloop
  endfacet
  facet normal 0 0 1
    outer loop
      vertex 29.7556 -31.5314 17
      vertex 27.9055 -34.1472 17
      vertex 28.6835 -34.563 17
    endloop
  endfacet
  facet normal 0 0 1
    outer loop
      vertex 29.2798 -29.7556 17
      vertex 26.2481 -28.6835 17
      vertex 29.1499 -30.0691 17
    endloop
  endfacet
  facet normal 0 0 1
    outer loop
      vertex 29.4864 -31.3248 17
      vertex 27.2236 -33.5876 17
      vertex 27.9055 -34.1472 17
    endloop
  endfacet
  facet normal -0 0 1
    outer loop
      vertex 25.9921 -29.5277 17
      vertex 29.1499 -30.0691 17
      vertex 26.2481 -28.6835 17
    endloop
  endfacet
  facet normal 0 0 1
    outer loop
      vertex 29.4864 -31.3248 17
      vertex 26.664 -32.9057 17
      vertex 27.2236 -33.5876 17
    endloop
  endfacet
  facet normal 0 0 1
    outer loop
      vertex 29.1499 -30.0691 17
      vertex 25.9921 -29.5277 17
      vertex 29.1056 -30.4056 17
    endloop
  endfacet
  facet normal 0 0 1
    outer loop
      vertex 29.2798 -31.0556 17
      vertex 26.2481 -32.1277 17
      vertex 26.664 -32.9057 17
    endloop
  endfacet
  facet normal 0 0 1
    outer loop
      vertex 25.9056 -30.4056 17
      vertex 29.1056 -30.4056 17
      vertex 25.9921 -29.5277 17
    endloop
  endfacet
  facet normal 0 0 1
    outer loop
      vertex 29.1499 -30.7421 17
      vertex 25.9921 -31.2835 17
      vertex 26.2481 -32.1277 17
    endloop
  endfacet
  facet normal 0 0 1
    outer loop
      vertex 29.1056 -30.4056 17
      vertex 25.9056 -30.4056 17
      vertex 25.9921 -31.2835 17
    endloop
  endfacet
  facet normal 0 0 1
    outer loop
      vertex 34.8645 -29.9888 17
      vertex 31.6613 -30.0691 17
      vertex 31.7056 -30.4056 17
    endloop
  endfacet
  facet normal 0 0 1
    outer loop
      vertex 32.9057 -26.664 17
      vertex 31.5314 -29.7556 17
      vertex 31.6613 -30.0691 17
    endloop
  endfacet
  facet normal 0 0 1
    outer loop
      vertex 32.9057 -26.664 17
      vertex 31.3248 -29.4864 17
      vertex 31.5314 -29.7556 17
    endloop
  endfacet
  facet normal 0 0 1
    outer loop
      vertex 30.7421 -29.1499 17
      vertex 32.1277 -26.2481 17
      vertex 31.2835 -25.9921 17
    endloop
  endfacet
  facet normal 0 0 1
    outer loop
      vertex 32.9057 -26.664 17
      vertex 31.0556 -29.2798 17
      vertex 31.3248 -29.4864 17
    endloop
  endfacet
  facet normal 0 0 1
    outer loop
      vertex 32.1277 -26.2481 17
      vertex 30.7421 -29.1499 17
      vertex 31.0556 -29.2798 17
    endloop
  endfacet
  facet normal 0 0 1
    outer loop
      vertex 30.4056 -29.1056 17
      vertex 31.2835 -25.9921 17
      vertex 30.4056 -25.9056 17
    endloop
  endfacet
  facet normal 0 0 1
    outer loop
      vertex 31.2835 -25.9921 17
      vertex 30.4056 -29.1056 17
      vertex 30.7421 -29.1499 17
    endloop
  endfacet
  facet normal -0 0 1
    outer loop
      vertex 29.5277 -25.9921 17
      vertex 30.4056 -29.1056 17
      vertex 30.4056 -25.9056 17
    endloop
  endfacet
  facet normal 0 0 1
    outer loop
      vertex 30.4056 -29.1056 17
      vertex 29.5277 -25.9921 17
      vertex 30.0691 -29.1499 17
    endloop
  endfacet
  facet normal -0 0 1
    outer loop
      vertex 28.6835 -26.2481 17
      vertex 30.0691 -29.1499 17
      vertex 29.5277 -25.9921 17
    endloop
  endfacet
  facet normal 0 0 1
    outer loop
      vertex 30.0691 -29.1499 17
      vertex 28.6835 -26.2481 17
      vertex 29.7556 -29.2798 17
    endloop
  endfacet
  facet normal -0 0 1
    outer loop
      vertex 27.9055 -26.664 17
      vertex 29.7556 -29.2798 17
      vertex 28.6835 -26.2481 17
    endloop
  endfacet
  facet normal 0 0 1
    outer loop
      vertex 29.7556 -29.2798 17
      vertex 27.9055 -26.664 17
      vertex 29.4864 -29.4864 17
    endloop
  endfacet
  facet normal -0 0 1
    outer loop
      vertex 27.2236 -27.2236 17
      vertex 29.4864 -29.4864 17
      vertex 27.9055 -26.664 17
    endloop
  endfacet
  facet normal -0 0 1
    outer loop
      vertex 26.664 -27.9055 17
      vertex 29.4864 -29.4864 17
      vertex 27.2236 -27.2236 17
    endloop
  endfacet
  facet normal -0 0 1
    outer loop
      vertex 44.4326 11.9057 17
      vertex 66 0 17
      vertex 55.5173 29.1378 17
    endloop
  endfacet
  facet normal 0 0 1
    outer loop
      vertex 45.9015 -3.00854 17
      vertex 66 0 17
      vertex 46 0 17
    endloop
  endfacet
  facet normal 0 0 1
    outer loop
      vertex 66 0 17
      vertex 45.9015 3.00854 17
      vertex 46 0 17
    endloop
  endfacet
  facet normal 0 0 1
    outer loop
      vertex 66 0 17
      vertex 45.6065 6.0042 17
      vertex 45.9015 3.00854 17
    endloop
  endfacet
  facet normal 0 0 1
    outer loop
      vertex 66 0 17
      vertex 45.1161 8.97415 17
      vertex 45.6065 6.0042 17
    endloop
  endfacet
  facet normal 0 0 1
    outer loop
      vertex 66 0 17
      vertex 44.4326 11.9057 17
      vertex 45.1161 8.97415 17
    endloop
  endfacet
  facet normal 0 0 1
    outer loop
      vertex 55.5173 29.1378 17
      vertex 43.5588 14.7862 17
      vertex 44.4326 11.9057 17
    endloop
  endfacet
  facet normal 0 0 1
    outer loop
      vertex 55.5173 29.1378 17
      vertex 42.4985 17.6034 17
      vertex 43.5588 14.7862 17
    endloop
  endfacet
  facet normal 0 0 1
    outer loop
      vertex 55.5173 29.1378 17
      vertex 41.2561 20.3453 17
      vertex 42.4985 17.6034 17
    endloop
  endfacet
  facet normal 0 0 1
    outer loop
      vertex 55.5173 29.1378 17
      vertex 39.8372 23 17
      vertex 41.2561 20.3453 17
    endloop
  endfacet
  facet normal -0 0 1
    outer loop
      vertex 34.8645 29.9888 17
      vertex 55.5173 29.1378 17
      vertex 39.3668 57.032 17
    endloop
  endfacet
  facet normal 0 0 1
    outer loop
      vertex 55.5173 29.1378 17
      vertex 38.2476 25.5562 17
      vertex 39.8372 23 17
    endloop
  endfacet
  facet normal 0 0 1
    outer loop
      vertex 55.5173 29.1378 17
      vertex 36.4943 28.003 17
      vertex 38.2476 25.5562 17
    endloop
  endfacet
  facet normal 0 0 1
    outer loop
      vertex 55.5173 29.1378 17
      vertex 34.8645 29.9888 17
      vertex 36.4943 28.003 17
    endloop
  endfacet
  facet normal 0 0 1
    outer loop
      vertex 31.6613 30.0691 17
      vertex 34.8191 29.5277 17
      vertex 34.8645 29.9888 17
    endloop
  endfacet
  facet normal -0 0 1
    outer loop
      vertex 29.9888 34.8645 17
      vertex 34.8645 29.9888 17
      vertex 39.3668 57.032 17
    endloop
  endfacet
  facet normal -0 -0 1
    outer loop
      vertex 31.3248 31.3248 17
      vertex 34.8645 29.9888 17
      vertex 29.9888 34.8645 17
    endloop
  endfacet
  facet normal -0 -0 1
    outer loop
      vertex 31.6613 30.7421 17
      vertex 34.8645 29.9888 17
      vertex 31.5314 31.0556 17
    endloop
  endfacet
  facet normal 0 0 1
    outer loop
      vertex 34.8191 29.5277 17
      vertex 31.6613 30.0691 17
      vertex 34.563 28.6835 17
    endloop
  endfacet
  facet normal -0 0 1
    outer loop
      vertex 31.5314 29.7556 17
      vertex 34.563 28.6835 17
      vertex 31.6613 30.0691 17
    endloop
  endfacet
  facet normal -0 0 1
    outer loop
      vertex 31.3248 29.4864 17
      vertex 34.1472 27.9055 17
      vertex 31.5314 29.7556 17
    endloop
  endfacet
  facet normal 0 0 1
    outer loop
      vertex 34.563 28.6835 17
      vertex 31.5314 29.7556 17
      vertex 34.1472 27.9055 17
    endloop
  endfacet
  facet normal -0 0 1
    outer loop
      vertex 31.6613 30.0691 17
      vertex 34.8645 29.9888 17
      vertex 31.7056 30.4056 17
    endloop
  endfacet
  facet normal -0 -0 1
    outer loop
      vertex 31.7056 30.4056 17
      vertex 34.8645 29.9888 17
      vertex 31.6613 30.7421 17
    endloop
  endfacet
  facet normal 0 0 1
    outer loop
      vertex 34.8645 29.9888 17
      vertex 31.3248 31.3248 17
      vertex 31.5314 31.0556 17
    endloop
  endfacet
  facet normal 0 0 1
    outer loop
      vertex 31.3248 31.3248 17
      vertex 29.9888 34.8645 17
      vertex 31.0556 31.5314 17
    endloop
  endfacet
  facet normal 0 0 1
    outer loop
      vertex 31.0556 31.5314 17
      vertex 29.9888 34.8645 17
      vertex 30.7421 31.6613 17
    endloop
  endfacet
  facet normal 0 0 1
    outer loop
      vertex 30.7421 31.6613 17
      vertex 29.9888 34.8645 17
      vertex 30.4056 31.7056 17
    endloop
  endfacet
  facet normal 0 0 1
    outer loop
      vertex 30.4056 31.7056 17
      vertex 29.9888 34.8645 17
      vertex 30.0691 31.6613 17
    endloop
  endfacet
  facet normal 0 0 1
    outer loop
      vertex 39.3668 57.032 17
      vertex 28.003 36.4943 17
      vertex 29.9888 34.8645 17
    endloop
  endfacet
  facet normal 0 0 1
    outer loop
      vertex 39.3668 57.032 17
      vertex 25.5562 38.2476 17
      vertex 28.003 36.4943 17
    endloop
  endfacet
  facet normal 0 0 1
    outer loop
      vertex 39.3668 57.032 17
      vertex 23 39.8372 17
      vertex 25.5562 38.2476 17
    endloop
  endfacet
  facet normal 0 0 1
    outer loop
      vertex 39.3668 57.032 17
      vertex 20.3453 41.2561 17
      vertex 23 39.8372 17
    endloop
  endfacet
  facet normal 0 0 1
    outer loop
      vertex 39.3668 57.032 17
      vertex 17.6034 42.4985 17
      vertex 20.3453 41.2561 17
    endloop
  endfacet
  facet normal 0 0 1
    outer loop
      vertex 7.71625 63.5528 17
      vertex 17.6034 42.4985 17
      vertex 39.3668 57.032 17
    endloop
  endfacet
  facet normal 0 0 1
    outer loop
      vertex 17.6034 42.4985 17
      vertex 7.71625 63.5528 17
      vertex 14.7862 43.5588 17
    endloop
  endfacet
  facet normal 0 0 1
    outer loop
      vertex 14.7862 43.5588 17
      vertex 7.71625 63.5528 17
      vertex 11.9057 44.4326 17
    endloop
  endfacet
  facet normal 0 0 1
    outer loop
      vertex 11.9057 44.4326 17
      vertex 7.71625 63.5528 17
      vertex 8.97415 45.1161 17
    endloop
  endfacet
  facet normal 0 0 1
    outer loop
      vertex 7.71625 63.5528 17
      vertex 6.0042 45.6065 17
      vertex 8.97415 45.1161 17
    endloop
  endfacet
  facet normal 0 0 1
    outer loop
      vertex 7.71625 63.5528 17
      vertex 3.00854 45.9015 17
      vertex 6.0042 45.6065 17
    endloop
  endfacet
  facet normal 0 0 1
    outer loop
      vertex 7.71625 63.5528 17
      vertex 0 46 17
      vertex 3.00854 45.9015 17
    endloop
  endfacet
  facet normal 0 0 1
    outer loop
      vertex 7.71625 63.5528 17
      vertex -3.00854 45.9015 17
      vertex 0 46 17
    endloop
  endfacet
  facet normal 0 0 1
    outer loop
      vertex 7.71625 63.5528 17
      vertex -6.0042 45.6065 17
      vertex -3.00854 45.9015 17
    endloop
  endfacet
  facet normal -0 0 1
    outer loop
      vertex -23.6372 62.3272 17
      vertex -6.0042 45.6065 17
      vertex 7.71625 63.5528 17
    endloop
  endfacet
  facet normal 0 0 1
    outer loop
      vertex -6.0042 45.6065 17
      vertex -23.6372 62.3272 17
      vertex -8.97415 45.1161 17
    endloop
  endfacet
  facet normal 0 0 1
    outer loop
      vertex -8.97415 45.1161 17
      vertex -23.6372 62.3272 17
      vertex -11.9057 44.4326 17
    endloop
  endfacet
  facet normal 0 0 1
    outer loop
      vertex -11.9057 44.4326 17
      vertex -23.6372 62.3272 17
      vertex -14.7862 43.5588 17
    endloop
  endfacet
  facet normal 0 0 1
    outer loop
      vertex -14.7862 43.5588 17
      vertex -23.6372 62.3272 17
      vertex -17.6034 42.4985 17
    endloop
  endfacet
  facet normal 0 0 1
    outer loop
      vertex -17.6034 42.4985 17
      vertex -23.6372 62.3272 17
      vertex -20.3453 41.2561 17
    endloop
  endfacet
  facet normal 0 0 1
    outer loop
      vertex -20.3453 41.2561 17
      vertex -23.6372 62.3272 17
      vertex -23 39.8372 17
    endloop
  endfacet
  facet normal 0 0 1
    outer loop
      vertex -23.6372 62.3272 17
      vertex -25.5562 38.2476 17
      vertex -23 39.8372 17
    endloop
  endfacet
  facet normal -0 0 1
    outer loop
      vertex -46.4375 41.1392 17
      vertex -25.5562 38.2476 17
      vertex -23.6372 62.3272 17
    endloop
  endfacet
  facet normal 0 0 1
    outer loop
      vertex -25.5562 38.2476 17
      vertex -46.4375 41.1392 17
      vertex -28.003 36.4943 17
    endloop
  endfacet
  facet normal 0 0 1
    outer loop
      vertex -29.9888 34.8645 17
      vertex -30.4056 31.7056 17
      vertex -30.0691 31.6613 17
    endloop
  endfacet
  facet normal 0 0 1
    outer loop
      vertex -29.9888 34.8645 17
      vertex -30.7421 31.6613 17
      vertex -30.4056 31.7056 17
    endloop
  endfacet
  facet normal 0 0 1
    outer loop
      vertex -28.003 36.4943 17
      vertex -46.4375 41.1392 17
      vertex -29.9888 34.8645 17
    endloop
  endfacet
  facet normal 0 -0 1
    outer loop
      vertex -34.8645 29.9888 17
      vertex -29.9888 34.8645 17
      vertex -46.4375 41.1392 17
    endloop
  endfacet
  facet normal 0 0 1
    outer loop
      vertex -29.9888 34.8645 17
      vertex -31.0556 31.5314 17
      vertex -30.7421 31.6613 17
    endloop
  endfacet
  facet normal 0 -0 1
    outer loop
      vertex -31.3248 31.3248 17
      vertex -29.9888 34.8645 17
      vertex -34.8645 29.9888 17
    endloop
  endfacet
  facet normal 0 0 1
    outer loop
      vertex -29.9888 34.8645 17
      vertex -31.3248 31.3248 17
      vertex -31.0556 31.5314 17
    endloop
  endfacet
  facet normal 0 0 1
    outer loop
      vertex -31.0556 29.2798 17
      vertex -32.9057 26.664 17
      vertex -32.1277 26.2481 17
    endloop
  endfacet
  facet normal 0 0 1
    outer loop
      vertex -34.8645 29.9888 17
      vertex -31.7056 30.4056 17
      vertex -31.6613 30.7421 17
    endloop
  endfacet
  facet normal 0 0 1
    outer loop
      vertex -31.3248 31.3248 17
      vertex -34.8645 29.9888 17
      vertex -31.5314 31.0556 17
    endloop
  endfacet
  facet normal 0 0 1
    outer loop
      vertex -31.6613 30.0691 17
      vertex -34.8645 29.9888 17
      vertex -34.8191 29.5277 17
    endloop
  endfacet
  facet normal 0 0 1
    outer loop
      vertex -31.3248 29.4864 17
      vertex -33.5876 27.2236 17
      vertex -32.9057 26.664 17
    endloop
  endfacet
  facet normal 0 0 1
    outer loop
      vertex -31.3248 29.4864 17
      vertex -34.1472 27.9055 17
      vertex -33.5876 27.2236 17
    endloop
  endfacet
  facet normal 0 0 1
    outer loop
      vertex -31.5314 29.7556 17
      vertex -34.563 28.6835 17
      vertex -34.1472 27.9055 17
    endloop
  endfacet
  facet normal 0 0 1
    outer loop
      vertex -31.6613 30.0691 17
      vertex -34.8191 29.5277 17
      vertex -34.563 28.6835 17
    endloop
  endfacet
  facet normal 0 0 1
    outer loop
      vertex -31.5314 31.0556 17
      vertex -34.8645 29.9888 17
      vertex -31.6613 30.7421 17
    endloop
  endfacet
  facet normal 0 0 1
    outer loop
      vertex -34.8645 29.9888 17
      vertex -46.4375 41.1392 17
      vertex -36.4943 28.003 17
    endloop
  endfacet
  facet normal 0 0 1
    outer loop
      vertex -36.4943 28.003 17
      vertex -46.4375 41.1392 17
      vertex -38.2476 25.5562 17
    endloop
  endfacet
  facet normal 0 0 1
    outer loop
      vertex -38.2476 25.5562 17
      vertex -46.4375 41.1392 17
      vertex -39.8372 23 17
    endloop
  endfacet
  facet normal 0 0 1
    outer loop
      vertex -39.8372 23 17
      vertex -46.4375 41.1392 17
      vertex -41.2561 20.3453 17
    endloop
  endfacet
  facet normal 0 0 1
    outer loop
      vertex -45.6065 6.0042 17
      vertex -66.004 16.2684 17
      vertex -45.9015 3.00854 17
    endloop
  endfacet
  facet normal 0 0 1
    outer loop
      vertex -45.1161 8.97415 17
      vertex -66.004 16.2684 17
      vertex -45.6065 6.0042 17
    endloop
  endfacet
  facet normal 0 0 1
    outer loop
      vertex -44.4326 11.9057 17
      vertex -66.004 16.2684 17
      vertex -45.1161 8.97415 17
    endloop
  endfacet
  facet normal 0 0 1
    outer loop
      vertex -43.5588 14.7862 17
      vertex -66.004 16.2684 17
      vertex -44.4326 11.9057 17
    endloop
  endfacet
  facet normal 0 0 1
    outer loop
      vertex -42.4985 17.6034 17
      vertex -66.004 16.2684 17
      vertex -43.5588 14.7862 17
    endloop
  endfacet
  facet normal 0 0 1
    outer loop
      vertex -41.2561 20.3453 17
      vertex -66.004 16.2684 17
      vertex -42.4985 17.6034 17
    endloop
  endfacet
  facet normal 0 0 1
    outer loop
      vertex -66.004 16.2684 17
      vertex -41.2561 20.3453 17
      vertex -46.4375 41.1392 17
    endloop
  endfacet
  facet normal 0 0 1
    outer loop
      vertex 45.6065 -6.0042 17
      vertex 66 0 17
      vertex 45.9015 -3.00854 17
    endloop
  endfacet
  facet normal 0 0 1
    outer loop
      vertex 45.1161 -8.97415 17
      vertex 66 0 17
      vertex 45.6065 -6.0042 17
    endloop
  endfacet
  facet normal 0 0 1
    outer loop
      vertex 44.4326 -11.9057 17
      vertex 66 0 17
      vertex 45.1161 -8.97415 17
    endloop
  endfacet
  facet normal 0 0 1
    outer loop
      vertex 66 0 17
      vertex 44.4326 -11.9057 17
      vertex 54.9332 -28.8307 17
    endloop
  endfacet
  facet normal -0 0 1
    outer loop
      vertex 43.5588 -14.7862 17
      vertex 54.9332 -28.8307 17
      vertex 44.4326 -11.9057 17
    endloop
  endfacet
  facet normal -0 0 1
    outer loop
      vertex 42.4985 -17.6034 17
      vertex 54.9332 -28.8307 17
      vertex 43.5588 -14.7862 17
    endloop
  endfacet
  facet normal -0 0 1
    outer loop
      vertex 41.2561 -20.3453 17
      vertex 54.9332 -28.8307 17
      vertex 42.4985 -17.6034 17
    endloop
  endfacet
  facet normal -0 0 1
    outer loop
      vertex 39.8372 -23 17
      vertex 54.9332 -28.8307 17
      vertex 41.2561 -20.3453 17
    endloop
  endfacet
  facet normal -0 0 1
    outer loop
      vertex 38.2476 -25.5562 17
      vertex 54.9332 -28.8307 17
      vertex 39.8372 -23 17
    endloop
  endfacet
  facet normal -0 0 1
    outer loop
      vertex 36.4943 -28.003 17
      vertex 54.9332 -28.8307 17
      vertex 38.2476 -25.5562 17
    endloop
  endfacet
  facet normal 0 0 1
    outer loop
      vertex 34.8645 -29.9888 17
      vertex 54.9332 -28.8307 17
      vertex 36.4943 -28.003 17
    endloop
  endfacet
  facet normal 0 0 1
    outer loop
      vertex 54.9332 -28.8307 17
      vertex 34.8645 -29.9888 17
      vertex 38.2419 -55.4025 17
    endloop
  endfacet
  facet normal 0 0 1
    outer loop
      vertex 31.6613 -30.0691 17
      vertex 34.8191 -29.5277 17
      vertex 34.563 -28.6835 17
    endloop
  endfacet
  facet normal 0 0 1
    outer loop
      vertex 31.6613 -30.0691 17
      vertex 34.8645 -29.9888 17
      vertex 34.8191 -29.5277 17
    endloop
  endfacet
  facet normal 0 0 1
    outer loop
      vertex 31.6613 -30.0691 17
      vertex 34.563 -28.6835 17
      vertex 34.1472 -27.9055 17
    endloop
  endfacet
  facet normal 0 0 1
    outer loop
      vertex 31.6613 -30.0691 17
      vertex 34.1472 -27.9055 17
      vertex 33.5876 -27.2236 17
    endloop
  endfacet
  facet normal 0 0 1
    outer loop
      vertex 31.6613 -30.0691 17
      vertex 33.5876 -27.2236 17
      vertex 32.9057 -26.664 17
    endloop
  endfacet
  facet normal 0 0 1
    outer loop
      vertex 31.0556 -29.2798 17
      vertex 32.9057 -26.664 17
      vertex 32.1277 -26.2481 17
    endloop
  endfacet
  facet normal 0 0 1
    outer loop
      vertex 34.8645 -29.9888 17
      vertex 31.7056 -30.4056 17
      vertex 31.6613 -30.7421 17
    endloop
  endfacet
  facet normal 0 0 1
    outer loop
      vertex 34.8645 -29.9888 17
      vertex 31.6613 -30.7421 17
      vertex 31.5314 -31.0556 17
    endloop
  endfacet
  facet normal 0 0 1
    outer loop
      vertex 31.3248 -31.3248 17
      vertex 34.8645 -29.9888 17
      vertex 31.5314 -31.0556 17
    endloop
  endfacet
  facet normal 0 0 1
    outer loop
      vertex 34.8645 -29.9888 17
      vertex 31.3248 -31.3248 17
      vertex 29.9888 -34.8645 17
    endloop
  endfacet
  facet normal 0 0 1
    outer loop
      vertex 29.9888 -34.8645 17
      vertex 31.3248 -31.3248 17
      vertex 31.0556 -31.5314 17
    endloop
  endfacet
  facet normal 0 0 1
    outer loop
      vertex 29.9888 -34.8645 17
      vertex 31.0556 -31.5314 17
      vertex 30.7421 -31.6613 17
    endloop
  endfacet
  facet normal 0 0 1
    outer loop
      vertex 29.9888 -34.8645 17
      vertex 30.7421 -31.6613 17
      vertex 30.4056 -31.7056 17
    endloop
  endfacet
  facet normal 0 0 1
    outer loop
      vertex 29.9888 -34.8645 17
      vertex 30.4056 -31.7056 17
      vertex 30.0691 -31.6613 17
    endloop
  endfacet
  facet normal 0 0 1
    outer loop
      vertex 34.8645 -29.9888 17
      vertex 29.9888 -34.8645 17
      vertex 38.2419 -55.4025 17
    endloop
  endfacet
  facet normal -0 0 1
    outer loop
      vertex 28.003 -36.4943 17
      vertex 38.2419 -55.4025 17
      vertex 29.9888 -34.8645 17
    endloop
  endfacet
  facet normal -0 0 1
    outer loop
      vertex 25.5562 -38.2476 17
      vertex 38.2419 -55.4025 17
      vertex 28.003 -36.4943 17
    endloop
  endfacet
  facet normal -0 0 1
    outer loop
      vertex 23 -39.8372 17
      vertex 38.2419 -55.4025 17
      vertex 25.5562 -38.2476 17
    endloop
  endfacet
  facet normal -0 0 1
    outer loop
      vertex 20.3453 -41.2561 17
      vertex 38.2419 -55.4025 17
      vertex 23 -39.8372 17
    endloop
  endfacet
  facet normal -0 0 1
    outer loop
      vertex 17.6034 -42.4985 17
      vertex 38.2419 -55.4025 17
      vertex 20.3453 -41.2561 17
    endloop
  endfacet
  facet normal 0 0 1
    outer loop
      vertex 7.63669 -62.8972 17
      vertex 17.6034 -42.4985 17
      vertex 14.7862 -43.5588 17
    endloop
  endfacet
  facet normal 0 0 1
    outer loop
      vertex 7.63669 -62.8972 17
      vertex 14.7862 -43.5588 17
      vertex 11.9057 -44.4326 17
    endloop
  endfacet
  facet normal 0 0 1
    outer loop
      vertex 7.63669 -62.8972 17
      vertex 11.9057 -44.4326 17
      vertex 8.97415 -45.1161 17
    endloop
  endfacet
  facet normal 0 0 1
    outer loop
      vertex 17.6034 -42.4985 17
      vertex 7.63669 -62.8972 17
      vertex 38.2419 -55.4025 17
    endloop
  endfacet
  facet normal -0 0 1
    outer loop
      vertex 6.0042 -45.6065 17
      vertex 7.63669 -62.8972 17
      vertex 8.97415 -45.1161 17
    endloop
  endfacet
  facet normal -0 0 1
    outer loop
      vertex 3.00854 -45.9015 17
      vertex 7.63669 -62.8972 17
      vertex 6.0042 -45.6065 17
    endloop
  endfacet
  facet normal -0 0 1
    outer loop
      vertex 0 -46 17
      vertex 7.63669 -62.8972 17
      vertex 3.00854 -45.9015 17
    endloop
  endfacet
  facet normal 0 0 1
    outer loop
      vertex -3.00854 -45.9015 17
      vertex 7.63669 -62.8972 17
      vertex 0 -46 17
    endloop
  endfacet
  facet normal 0 0 1
    outer loop
      vertex -6.0042 -45.6065 17
      vertex 7.63669 -62.8972 17
      vertex -3.00854 -45.9015 17
    endloop
  endfacet
  facet normal 0 0 1
    outer loop
      vertex -24.3391 -64.1792 17
      vertex -6.0042 -45.6065 17
      vertex -8.97415 -45.1161 17
    endloop
  endfacet
  facet normal 0 0 1
    outer loop
      vertex -24.3391 -64.1792 17
      vertex -8.97415 -45.1161 17
      vertex -11.9057 -44.4326 17
    endloop
  endfacet
  facet normal 0 0 1
    outer loop
      vertex -24.3391 -64.1792 17
      vertex -11.9057 -44.4326 17
      vertex -14.7862 -43.5588 17
    endloop
  endfacet
  facet normal 0 0 1
    outer loop
      vertex -24.3391 -64.1792 17
      vertex -14.7862 -43.5588 17
      vertex -17.6034 -42.4985 17
    endloop
  endfacet
  facet normal 0 0 1
    outer loop
      vertex -24.3391 -64.1792 17
      vertex -17.6034 -42.4985 17
      vertex -20.3453 -41.2561 17
    endloop
  endfacet
  facet normal 0 0 1
    outer loop
      vertex -24.3391 -64.1792 17
      vertex -20.3453 -41.2561 17
      vertex -23 -39.8372 17
    endloop
  endfacet
  facet normal 0 0 1
    outer loop
      vertex -6.0042 -45.6065 17
      vertex -24.3391 -64.1792 17
      vertex 7.63669 -62.8972 17
    endloop
  endfacet
  facet normal 0 0 1
    outer loop
      vertex -25.5562 -38.2476 17
      vertex -24.3391 -64.1792 17
      vertex -23 -39.8372 17
    endloop
  endfacet
  facet normal 0 0 1
    outer loop
      vertex -46.9309 -41.5773 17
      vertex -25.5562 -38.2476 17
      vertex -28.003 -36.4943 17
    endloop
  endfacet
  facet normal 0 0 1
    outer loop
      vertex -46.9309 -41.5773 17
      vertex -28.003 -36.4943 17
      vertex -29.9888 -34.8645 17
    endloop
  endfacet
  facet normal -0 0 1
    outer loop
      vertex -30.4056 -31.7056 17
      vertex -29.9888 -34.8645 17
      vertex -30.0691 -31.6613 17
    endloop
  endfacet
  facet normal 0 0 1
    outer loop
      vertex -30.7421 -31.6613 17
      vertex -29.9888 -34.8645 17
      vertex -30.4056 -31.7056 17
    endloop
  endfacet
  facet normal 0 0 1
    outer loop
      vertex -31.0556 -31.5314 17
      vertex -29.9888 -34.8645 17
      vertex -30.7421 -31.6613 17
    endloop
  endfacet
  facet normal 0 0 1
    outer loop
      vertex -31.3248 -31.3248 17
      vertex -29.9888 -34.8645 17
      vertex -31.0556 -31.5314 17
    endloop
  endfacet
  facet normal 0 0 1
    outer loop
      vertex -29.9888 -34.8645 17
      vertex -31.3248 -31.3248 17
      vertex -34.8645 -29.9888 17
    endloop
  endfacet
  facet normal 0 0 1
    outer loop
      vertex -34.8645 -29.9888 17
      vertex -31.3248 -31.3248 17
      vertex -31.5314 -31.0556 17
    endloop
  endfacet
  facet normal 0 0 1
    outer loop
      vertex -34.8645 -29.9888 17
      vertex -31.5314 -31.0556 17
      vertex -31.6613 -30.7421 17
    endloop
  endfacet
  facet normal 0 0 1
    outer loop
      vertex -31.3248 -29.4864 17
      vertex -34.1472 -27.9055 17
      vertex -31.5314 -29.7556 17
    endloop
  endfacet
  facet normal -0 0 1
    outer loop
      vertex -34.563 -28.6835 17
      vertex -31.5314 -29.7556 17
      vertex -34.1472 -27.9055 17
    endloop
  endfacet
  facet normal 0 0 1
    outer loop
      vertex -31.5314 -29.7556 17
      vertex -34.563 -28.6835 17
      vertex -31.6613 -30.0691 17
    endloop
  endfacet
  facet normal -0 0 1
    outer loop
      vertex -34.8191 -29.5277 17
      vertex -31.6613 -30.0691 17
      vertex -34.563 -28.6835 17
    endloop
  endfacet
  facet normal -0 0 1
    outer loop
      vertex -34.8645 -29.9888 17
      vertex -31.6613 -30.0691 17
      vertex -34.8191 -29.5277 17
    endloop
  endfacet
  facet normal 0 0 1
    outer loop
      vertex -31.6613 -30.0691 17
      vertex -34.8645 -29.9888 17
      vertex -31.7056 -30.4056 17
    endloop
  endfacet
  facet normal 0 0 1
    outer loop
      vertex -31.7056 -30.4056 17
      vertex -34.8645 -29.9888 17
      vertex -31.6613 -30.7421 17
    endloop
  endfacet
  facet normal 0 0 1
    outer loop
      vertex -29.9888 -34.8645 17
      vertex -34.8645 -29.9888 17
      vertex -46.9309 -41.5773 17
    endloop
  endfacet
  facet normal 0 0 1
    outer loop
      vertex -46.9309 -41.5773 17
      vertex -34.8645 -29.9888 17
      vertex -36.4943 -28.003 17
    endloop
  endfacet
  facet normal 0 0 1
    outer loop
      vertex -46.9309 -41.5773 17
      vertex -36.4943 -28.003 17
      vertex -38.2476 -25.5562 17
    endloop
  endfacet
  facet normal 0 0 1
    outer loop
      vertex -46.9309 -41.5773 17
      vertex -38.2476 -25.5562 17
      vertex -39.8372 -23 17
    endloop
  endfacet
  facet normal 0 0 1
    outer loop
      vertex -46.9309 -41.5773 17
      vertex -39.8372 -23 17
      vertex -41.2561 -20.3453 17
    endloop
  endfacet
  facet normal 0 0 1
    outer loop
      vertex -63.441 -15.6359 17
      vertex -41.2561 -20.3453 17
      vertex -42.4985 -17.6034 17
    endloop
  endfacet
  facet normal 0 0 1
    outer loop
      vertex -25.5562 -38.2476 17
      vertex -46.9309 -41.5773 17
      vertex -24.3391 -64.1792 17
    endloop
  endfacet
  facet normal -0 0 1
    outer loop
      vertex -63.441 -15.6359 17
      vertex -42.4985 -17.6034 17
      vertex -43.5588 -14.7862 17
    endloop
  endfacet
  facet normal 0 0 1
    outer loop
      vertex -63.441 -15.6359 17
      vertex -43.5588 -14.7862 17
      vertex -44.4326 -11.9057 17
    endloop
  endfacet
  facet normal 0 0 1
    outer loop
      vertex -63.441 -15.6359 17
      vertex -44.4326 -11.9057 17
      vertex -45.1161 -8.97415 17
    endloop
  endfacet
  facet normal 0 0 1
    outer loop
      vertex -63.441 -15.6359 17
      vertex -45.1161 -8.97415 17
      vertex -45.6065 -6.0042 17
    endloop
  endfacet
  facet normal 0 0 1
    outer loop
      vertex -63.441 -15.6359 17
      vertex -45.6065 -6.0042 17
      vertex -45.9015 -3.00854 17
    endloop
  endfacet
  facet normal 0 0 1
    outer loop
      vertex -63.441 -15.6359 17
      vertex -45.9015 -3.00854 17
      vertex -46 0 17
    endloop
  endfacet
  facet normal 0 0 1
    outer loop
      vertex -45.9015 3.00854 17
      vertex -66.004 16.2684 17
      vertex -46 0 17
    endloop
  endfacet
  facet normal 0 0 1
    outer loop
      vertex -41.2561 -20.3453 17
      vertex -63.441 -15.6359 17
      vertex -46.9309 -41.5773 17
    endloop
  endfacet
  facet normal 0 0 1
    outer loop
      vertex -46 0 17
      vertex -66.004 16.2684 17
      vertex -63.441 -15.6359 17
    endloop
  endfacet
  facet normal 0 0 1
    outer loop
      vertex 34.1472 27.9055 17
      vertex 31.3248 29.4864 17
      vertex 33.5876 27.2236 17
    endloop
  endfacet
  facet normal 0 0 1
    outer loop
      vertex 33.5876 27.2236 17
      vertex 31.3248 29.4864 17
      vertex 32.9057 26.664 17
    endloop
  endfacet
  facet normal -0 0 1
    outer loop
      vertex 31.0556 29.2798 17
      vertex 32.9057 26.664 17
      vertex 31.3248 29.4864 17
    endloop
  endfacet
  facet normal 0 0 1
    outer loop
      vertex 32.9057 26.664 17
      vertex 31.0556 29.2798 17
      vertex 32.1277 26.2481 17
    endloop
  endfacet
  facet normal -0 0 1
    outer loop
      vertex 30.7421 29.1499 17
      vertex 32.1277 26.2481 17
      vertex 31.0556 29.2798 17
    endloop
  endfacet
  facet normal 0 0 1
    outer loop
      vertex 32.1277 26.2481 17
      vertex 30.7421 29.1499 17
      vertex 31.2835 25.9921 17
    endloop
  endfacet
  facet normal -0 0 1
    outer loop
      vertex 30.4056 29.1056 17
      vertex 31.2835 25.9921 17
      vertex 30.7421 29.1499 17
    endloop
  endfacet
  facet normal 0 0 1
    outer loop
      vertex 30.4056 29.1056 17
      vertex 30.4056 25.9056 17
      vertex 31.2835 25.9921 17
    endloop
  endfacet
  facet normal 0 0 1
    outer loop
      vertex 29.5277 25.9921 17
      vertex 30.4056 29.1056 17
      vertex 30.0691 29.1499 17
    endloop
  endfacet
  facet normal 0 0 1
    outer loop
      vertex 28.6835 26.2481 17
      vertex 30.0691 29.1499 17
      vertex 29.7556 29.2798 17
    endloop
  endfacet
  facet normal 0 0 1
    outer loop
      vertex 30.4056 29.1056 17
      vertex 29.5277 25.9921 17
      vertex 30.4056 25.9056 17
    endloop
  endfacet
  facet normal 0 0 1
    outer loop
      vertex 27.9055 26.664 17
      vertex 29.7556 29.2798 17
      vertex 29.4864 29.4864 17
    endloop
  endfacet
  facet normal 0 0 1
    outer loop
      vertex 26.664 27.9055 17
      vertex 29.4864 29.4864 17
      vertex 29.2798 29.7556 17
    endloop
  endfacet
  facet normal 0 0 1
    outer loop
      vertex 26.2481 28.6835 17
      vertex 29.2798 29.7556 17
      vertex 29.1499 30.0691 17
    endloop
  endfacet
  facet normal 0 0 1
    outer loop
      vertex 25.9921 29.5277 17
      vertex 29.1499 30.0691 17
      vertex 29.1056 30.4056 17
    endloop
  endfacet
  facet normal 0 0 1
    outer loop
      vertex 29.4864 31.3248 17
      vertex 26.664 32.9057 17
      vertex 29.2798 31.0556 17
    endloop
  endfacet
  facet normal 0 0 1
    outer loop
      vertex 30.0691 29.1499 17
      vertex 28.6835 26.2481 17
      vertex 29.5277 25.9921 17
    endloop
  endfacet
  facet normal -0 0 1
    outer loop
      vertex 26.2481 32.1277 17
      vertex 29.2798 31.0556 17
      vertex 26.664 32.9057 17
    endloop
  endfacet
  facet normal 0 0 1
    outer loop
      vertex 29.7556 29.2798 17
      vertex 27.9055 26.664 17
      vertex 28.6835 26.2481 17
    endloop
  endfacet
  facet normal 0 0 1
    outer loop
      vertex 29.2798 31.0556 17
      vertex 26.2481 32.1277 17
      vertex 29.1499 30.7421 17
    endloop
  endfacet
  facet normal 0 0 1
    outer loop
      vertex 29.4864 29.4864 17
      vertex 27.2236 27.2236 17
      vertex 27.9055 26.664 17
    endloop
  endfacet
  facet normal -0 0 1
    outer loop
      vertex 25.9921 31.2835 17
      vertex 29.1499 30.7421 17
      vertex 26.2481 32.1277 17
    endloop
  endfacet
  facet normal 0 0 1
    outer loop
      vertex 29.4864 29.4864 17
      vertex 26.664 27.9055 17
      vertex 27.2236 27.2236 17
    endloop
  endfacet
  facet normal 0 0 1
    outer loop
      vertex 29.1499 30.7421 17
      vertex 25.9921 31.2835 17
      vertex 29.1056 30.4056 17
    endloop
  endfacet
  facet normal 0 0 1
    outer loop
      vertex 29.2798 29.7556 17
      vertex 26.2481 28.6835 17
      vertex 26.664 27.9055 17
    endloop
  endfacet
  facet normal 0 0 1
    outer loop
      vertex 25.9056 30.4056 17
      vertex 29.1056 30.4056 17
      vertex 25.9921 31.2835 17
    endloop
  endfacet
  facet normal 0 0 1
    outer loop
      vertex 29.1499 30.0691 17
      vertex 25.9921 29.5277 17
      vertex 26.2481 28.6835 17
    endloop
  endfacet
  facet normal 0 0 1
    outer loop
      vertex 29.1056 30.4056 17
      vertex 25.9056 30.4056 17
      vertex 25.9921 29.5277 17
    endloop
  endfacet
  facet normal -0 0 1
    outer loop
      vertex 29.5277 34.8191 17
      vertex 30.0691 31.6613 17
      vertex 29.9888 34.8645 17
    endloop
  endfacet
  facet normal -0 0 1
    outer loop
      vertex 28.6835 34.563 17
      vertex 30.0691 31.6613 17
      vertex 29.5277 34.8191 17
    endloop
  endfacet
  facet normal 0 0 1
    outer loop
      vertex 30.0691 31.6613 17
      vertex 28.6835 34.563 17
      vertex 29.7556 31.5314 17
    endloop
  endfacet
  facet normal -0 0 1
    outer loop
      vertex 27.9055 34.1472 17
      vertex 29.7556 31.5314 17
      vertex 28.6835 34.563 17
    endloop
  endfacet
  facet normal 0 0 1
    outer loop
      vertex 29.7556 31.5314 17
      vertex 27.9055 34.1472 17
      vertex 29.4864 31.3248 17
    endloop
  endfacet
  facet normal -0 0 1
    outer loop
      vertex 27.2236 33.5876 17
      vertex 29.4864 31.3248 17
      vertex 27.9055 34.1472 17
    endloop
  endfacet
  facet normal -0 0 1
    outer loop
      vertex 26.664 32.9057 17
      vertex 29.4864 31.3248 17
      vertex 27.2236 33.5876 17
    endloop
  endfacet
  facet normal 0.803954 -0.50502 -0.314027
    outer loop
      vertex 54.9332 -28.8307 17
      vertex 51.5415 -32.6755 14.5
      vertex 50.162 -31.7625 9.5
    endloop
  endfacet
  facet normal 0.803954 -0.505017 -0.314032
    outer loop
      vertex 54.9332 -28.8307 17
      vertex 50.2645 -34.7084 14.5
      vertex 51.5415 -32.6755 14.5
    endloop
  endfacet
  facet normal 0.803957 -0.505011 -0.314034
    outer loop
      vertex 50.2645 -34.7084 14.5
      vertex 38.2419 -55.4025 17
      vertex 34.7653 -50.3659 0
    endloop
  endfacet
  facet normal 0.803952 -0.50501 -0.314047
    outer loop
      vertex 38.2419 -55.4025 17
      vertex 50.2645 -34.7084 14.5
      vertex 54.9332 -28.8307 17
    endloop
  endfacet
  facet normal 0.803955 -0.505015 -0.31403
    outer loop
      vertex 50.162 -31.7625 9.5
      vertex 49.9393 -26.2097 0
      vertex 54.9332 -28.8307 17
    endloop
  endfacet
  facet normal 0.80394 -0.505033 -0.314041
    outer loop
      vertex 48.885 -33.7953 9.5
      vertex 49.9393 -26.2097 0
      vertex 50.162 -31.7625 9.5
    endloop
  endfacet
  facet normal 0.803958 -0.505015 -0.314024
    outer loop
      vertex 48.885 -33.7953 9.5
      vertex 34.7653 -50.3659 0
      vertex 49.9393 -26.2097 0
    endloop
  endfacet
  facet normal 0.803957 -0.505008 -0.314036
    outer loop
      vertex 34.7653 -50.3659 0
      vertex 48.885 -33.7953 9.5
      vertex 50.2645 -34.7084 14.5
    endloop
  endfacet
  facet normal -0.942371 -0.0754812 -0.325944
    outer loop
      vertex -60.0037 14.7894 0
      vertex -62.9877 11.0211 9.5
      vertex -63.0075 11.2683 9.5
    endloop
  endfacet
  facet normal -0.942327 -0.0757042 -0.326019
    outer loop
      vertex -57.6736 -14.2145 0
      vertex -62.9877 11.0211 9.5
      vertex -60.0037 14.7894 0
    endloop
  endfacet
  facet normal -0.942326 -0.0757024 -0.326023
    outer loop
      vertex -62.9877 11.0211 9.5
      vertex -57.6736 -14.2145 0
      vertex -61.2004 -11.2268 9.5
    endloop
  endfacet
  facet normal -0.942326 -0.0757049 -0.326022
    outer loop
      vertex -63.441 -15.6359 17
      vertex -61.0068 -13.6366 9.5
      vertex -57.6736 -14.2145 0
    endloop
  endfacet
  facet normal -0.942326 -0.0757052 -0.326022
    outer loop
      vertex -61.2004 -11.2268 9.5
      vertex -57.6736 -14.2145 0
      vertex -61.0068 -13.6366 9.5
    endloop
  endfacet
  facet normal -0.942328 -0.0757115 -0.326016
    outer loop
      vertex -63.0075 11.2683 9.5
      vertex -66.004 16.2684 17
      vertex -60.0037 14.7894 0
    endloop
  endfacet
  facet normal -0.942313 -0.0755991 -0.326085
    outer loop
      vertex -63.0531 11.0338 9.68614
      vertex -66.004 16.2684 17
      vertex -63.0075 11.2683 9.5
    endloop
  endfacet
  facet normal -0.942358 -0.0757049 -0.325931
    outer loop
      vertex -61.2004 -11.2268 9.5
      vertex -63.0531 11.0338 9.68614
      vertex -62.9877 11.0211 9.5
    endloop
  endfacet
  facet normal -0.942324 -0.0757013 -0.326029
    outer loop
      vertex -62.9025 -11.5731 14.5
      vertex -63.0531 11.0338 9.68614
      vertex -61.2004 -11.2268 9.5
    endloop
  endfacet
  facet normal -0.942327 -0.0756993 -0.326019
    outer loop
      vertex -63.0531 11.0338 9.68614
      vertex -62.9025 -11.5731 14.5
      vertex -66.004 16.2684 17
    endloop
  endfacet
  facet normal -0.942341 -0.0756875 -0.325982
    outer loop
      vertex -63.441 -15.6359 17
      vertex -62.9025 -11.5731 14.5
      vertex -62.8672 -12.0126 14.5
    endloop
  endfacet
  facet normal -0.942333 -0.0757014 -0.326002
    outer loop
      vertex -62.9025 -11.5731 14.5
      vertex -63.441 -15.6359 17
      vertex -66.004 16.2684 17
    endloop
  endfacet
  facet normal -0.942318 -0.0757301 -0.326038
    outer loop
      vertex -62.4759 -13.9355 13.8157
      vertex -63.441 -15.6359 17
      vertex -62.8672 -12.0126 14.5
    endloop
  endfacet
  facet normal -0.942329 -0.0756877 -0.326019
    outer loop
      vertex -61.0068 -13.6366 9.5
      vertex -63.441 -15.6359 17
      vertex -62.4759 -13.9355 13.8157
    endloop
  endfacet
  facet normal 0.22544 -0.920602 -0.318856
    outer loop
      vertex 34.7471 -53.6607 9.5
      vertex 13.5504 -60.5832 14.5
      vertex 13.2148 -58.9336 9.5
    endloop
  endfacet
  facet normal 0.2255 -0.920651 -0.318672
    outer loop
      vertex 13.5504 -60.5832 14.5
      vertex 34.7471 -53.6607 9.5
      vertex 34.7935 -53.7294 9.73131
    endloop
  endfacet
  facet normal 0.225392 -0.920587 -0.318934
    outer loop
      vertex 13.5504 -60.5832 14.5
      vertex 7.63669 -62.8972 17
      vertex 11.2174 -61.1544 14.5
    endloop
  endfacet
  facet normal 0.225465 -0.920601 -0.31884
    outer loop
      vertex 7.63669 -62.8972 17
      vertex 10.8818 -59.5049 9.5
      vertex 11.2174 -61.1544 14.5
    endloop
  endfacet
  facet normal 0.225436 -0.920606 -0.318846
    outer loop
      vertex 6.94244 -57.1793 0
      vertex 13.2148 -58.9336 9.5
      vertex 10.8818 -59.5049 9.5
    endloop
  endfacet
  facet normal 0.22544 -0.920603 -0.318853
    outer loop
      vertex 13.2148 -58.9336 9.5
      vertex 34.7653 -50.3659 0
      vertex 34.7471 -53.6607 9.5
    endloop
  endfacet
  facet normal 0.225442 -0.920604 -0.318849
    outer loop
      vertex 13.2148 -58.9336 9.5
      vertex 6.94244 -57.1793 0
      vertex 34.7653 -50.3659 0
    endloop
  endfacet
  facet normal 0.225445 -0.920603 -0.318849
    outer loop
      vertex 6.94244 -57.1793 0
      vertex 10.8818 -59.5049 9.5
      vertex 7.63669 -62.8972 17
    endloop
  endfacet
  facet normal 0.225441 -0.920608 -0.318837
    outer loop
      vertex 7.63669 -62.8972 17
      vertex 13.5504 -60.5832 14.5
      vertex 38.2419 -55.4025 17
    endloop
  endfacet
  facet normal 0.225442 -0.920601 -0.318857
    outer loop
      vertex 34.7935 -53.7294 9.73131
      vertex 38.2419 -55.4025 17
      vertex 13.5504 -60.5832 14.5
    endloop
  endfacet
  facet normal 0.225194 -0.920695 -0.318761
    outer loop
      vertex 34.98 -53.6037 9.5
      vertex 38.2419 -55.4025 17
      vertex 34.7935 -53.7294 9.73131
    endloop
  endfacet
  facet normal 0.225463 -0.920597 -0.318854
    outer loop
      vertex 34.98 -53.6037 9.5
      vertex 34.7653 -50.3659 0
      vertex 38.2419 -55.4025 17
    endloop
  endfacet
  facet normal 0.225315 -0.92063 -0.318862
    outer loop
      vertex 34.7471 -53.6607 9.5
      vertex 34.7653 -50.3659 0
      vertex 34.98 -53.6037 9.5
    endloop
  endfacet
  facet normal -0.0370037 0.946634 -0.320179
    outer loop
      vertex 7.71625 63.5528 17
      vertex -11.3815 61.9607 14.5
      vertex -23.6372 62.3272 17
    endloop
  endfacet
  facet normal -0.0370011 0.946628 -0.320196
    outer loop
      vertex 7.71625 63.5528 17
      vertex -11.0401 60.2828 9.5
      vertex -11.3815 61.9607 14.5
    endloop
  endfacet
  facet normal -0.0370043 0.946631 -0.320188
    outer loop
      vertex -21.4883 56.6611 0
      vertex -11.0401 60.2828 9.5
      vertex 7.01477 57.7753 0
    endloop
  endfacet
  facet normal -0.0370046 0.946631 -0.320188
    outer loop
      vertex 7.01477 57.7753 0
      vertex -11.0401 60.2828 9.5
      vertex 7.71625 63.5528 17
    endloop
  endfacet
  facet normal -0.0370109 0.946622 -0.320213
    outer loop
      vertex -13.8113 61.8657 14.5
      vertex -23.6372 62.3272 17
      vertex -11.3815 61.9607 14.5
    endloop
  endfacet
  facet normal -0.0370065 0.946628 -0.320196
    outer loop
      vertex -13.4699 60.1878 9.5
      vertex -23.6372 62.3272 17
      vertex -13.8113 61.8657 14.5
    endloop
  endfacet
  facet normal -0.0370006 0.946631 -0.320189
    outer loop
      vertex -13.4699 60.1878 9.5
      vertex -21.4883 56.6611 0
      vertex -23.6372 62.3272 17
    endloop
  endfacet
  facet normal -0.0370113 0.946633 -0.320181
    outer loop
      vertex -11.0401 60.2828 9.5
      vertex -21.4883 56.6611 0
      vertex -13.4699 60.1878 9.5
    endloop
  endfacet
  facet normal -0.670701 -0.670396 -0.317379
    outer loop
      vertex -42.6645 -37.7975 0
      vertex -34.7045 -50.2586 9.5
      vertex -46.9309 -41.5773 17
    endloop
  endfacet
  facet normal -0.670698 -0.670397 -0.317383
    outer loop
      vertex -22.1265 -58.3447 0
      vertex -34.7045 -50.2586 9.5
      vertex -42.6645 -37.7975 0
    endloop
  endfacet
  facet normal -0.670695 -0.670402 -0.317379
    outer loop
      vertex -24.3391 -64.1792 17
      vertex -32.973 -51.9909 9.5
      vertex -22.1265 -58.3447 0
    endloop
  endfacet
  facet normal -0.6707 -0.670391 -0.317392
    outer loop
      vertex -34.7045 -50.2586 9.5
      vertex -22.1265 -58.3447 0
      vertex -32.973 -51.9909 9.5
    endloop
  endfacet
  facet normal -0.670701 -0.670394 -0.317382
    outer loop
      vertex -35.6471 -51.6827 14.5
      vertex -46.9309 -41.5773 17
      vertex -34.7045 -50.2586 9.5
    endloop
  endfacet
  facet normal -0.670716 -0.670445 -0.317244
    outer loop
      vertex -33.9155 -53.415 14.5
      vertex -46.9309 -41.5773 17
      vertex -35.6471 -51.6827 14.5
    endloop
  endfacet
  facet normal -0.6707 -0.6704 -0.317372
    outer loop
      vertex -33.9155 -53.415 14.5
      vertex -24.3391 -64.1792 17
      vertex -46.9309 -41.5773 17
    endloop
  endfacet
  facet normal -0.670701 -0.6704 -0.31737
    outer loop
      vertex -32.973 -51.9909 9.5
      vertex -24.3391 -64.1792 17
      vertex -33.9155 -53.415 14.5
    endloop
  endfacet
  facet normal -0.800875 -0.509708 -0.314321
    outer loop
      vertex -57.6736 -14.2145 0
      vertex -49.9341 -32.2335 9.5
      vertex -63.441 -15.6359 17
    endloop
  endfacet
  facet normal -0.800876 -0.509707 -0.31432
    outer loop
      vertex -42.6645 -37.7975 0
      vertex -49.9341 -32.2335 9.5
      vertex -57.6736 -14.2145 0
    endloop
  endfacet
  facet normal -0.800869 -0.509716 -0.314321
    outer loop
      vertex -46.9309 -41.5773 17
      vertex -48.6451 -34.259 9.5
      vertex -42.6645 -37.7975 0
    endloop
  endfacet
  facet normal -0.800886 -0.509673 -0.314348
    outer loop
      vertex -49.9341 -32.2335 9.5
      vertex -42.6645 -37.7975 0
      vertex -48.6451 -34.259 9.5
    endloop
  endfacet
  facet normal -0.800874 -0.509705 -0.314328
    outer loop
      vertex -51.3071 -33.1596 14.5
      vertex -63.441 -15.6359 17
      vertex -49.9341 -32.2335 9.5
    endloop
  endfacet
  facet normal -0.800849 -0.509714 -0.314377
    outer loop
      vertex -46.9309 -41.5773 17
      vertex -51.3071 -33.1596 14.5
      vertex -50.018 -35.185 14.5
    endloop
  endfacet
  facet normal -0.800878 -0.509709 -0.314311
    outer loop
      vertex -51.3071 -33.1596 14.5
      vertex -46.9309 -41.5773 17
      vertex -63.441 -15.6359 17
    endloop
  endfacet
  facet normal -0.800885 -0.509702 -0.314304
    outer loop
      vertex -48.6451 -34.259 9.5
      vertex -46.9309 -41.5773 17
      vertex -50.018 -35.185 14.5
    endloop
  endfacet
  facet normal 0.892998 0.321271 -0.315182
    outer loop
      vertex 58.6216 13.1513 9.5
      vertex 55.5173 29.1378 17
      vertex 60.266 13.4858 14.5
    endloop
  endfacet
  facet normal 0.893005 0.32127 -0.315163
    outer loop
      vertex 66 0 17
      vertex 60.266 13.4858 14.5
      vertex 55.5173 29.1378 17
    endloop
  endfacet
  facet normal 0.893 0.321265 -0.315182
    outer loop
      vertex 61.087 11.2037 14.5
      vertex 66 0 17
      vertex 59.4426 10.8692 9.5
    endloop
  endfacet
  facet normal 0.892998 0.321262 -0.315192
    outer loop
      vertex 60.266 13.4858 14.5
      vertex 66 0 17
      vertex 61.087 11.2037 14.5
    endloop
  endfacet
  facet normal 0.893002 0.321268 -0.315174
    outer loop
      vertex 55.5173 29.1378 17
      vertex 58.6216 13.1513 9.5
      vertex 50.4703 26.489 0
    endloop
  endfacet
  facet normal 0.893004 0.321264 -0.315171
    outer loop
      vertex 60 0 0
      vertex 58.6216 13.1513 9.5
      vertex 59.4426 10.8692 9.5
    endloop
  endfacet
  facet normal 0.893002 0.321267 -0.315175
    outer loop
      vertex 58.6216 13.1513 9.5
      vertex 60 0 0
      vertex 50.4703 26.489 0
    endloop
  endfacet
  facet normal 0.893001 0.321269 -0.315177
    outer loop
      vertex 60 0 0
      vertex 59.4426 10.8692 9.5
      vertex 66 0 17
    endloop
  endfacet
  facet normal 0.886689 -0.340362 -0.312949
    outer loop
      vertex 66 0 17
      vertex 59.3908 -10.3219 9.5
      vertex 60 0 0
    endloop
  endfacet
  facet normal 0.886688 -0.340355 -0.312959
    outer loop
      vertex 66 0 17
      vertex 61.033 -10.6412 14.5
      vertex 59.3908 -10.3219 9.5
    endloop
  endfacet
  facet normal 0.886689 -0.340357 -0.312952
    outer loop
      vertex 66 0 17
      vertex 60.1597 -12.9163 14.5
      vertex 61.033 -10.6412 14.5
    endloop
  endfacet
  facet normal 0.886689 -0.34036 -0.312948
    outer loop
      vertex 58.5175 -12.5971 9.5
      vertex 54.9332 -28.8307 17
      vertex 49.9393 -26.2097 0
    endloop
  endfacet
  facet normal 0.886693 -0.340361 -0.312938
    outer loop
      vertex 54.9332 -28.8307 17
      vertex 60.1597 -12.9163 14.5
      vertex 66 0 17
    endloop
  endfacet
  facet normal 0.886701 -0.340346 -0.312931
    outer loop
      vertex 58.5175 -12.5971 9.5
      vertex 60 0 0
      vertex 59.3908 -10.3219 9.5
    endloop
  endfacet
  facet normal 0.886689 -0.340359 -0.31295
    outer loop
      vertex 58.5175 -12.5971 9.5
      vertex 49.9393 -26.2097 0
      vertex 60 0 0
    endloop
  endfacet
  facet normal 0.886687 -0.340362 -0.312952
    outer loop
      vertex 54.9332 -28.8307 17
      vertex 58.5175 -12.5971 9.5
      vertex 60.1597 -12.9163 14.5
    endloop
  endfacet
  facet normal 0.820588 0.475114 -0.317652
    outer loop
      vertex 39.3668 57.032 17
      vertex 50.7589 35.6848 14.5
      vertex 35.788 51.8472 0
    endloop
  endfacet
  facet normal 0.820589 0.475114 -0.317648
    outer loop
      vertex 55.5173 29.1378 17
      vertex 50.7589 35.6848 14.5
      vertex 39.3668 57.032 17
    endloop
  endfacet
  facet normal 0.820589 0.475112 -0.317652
    outer loop
      vertex 51.9643 33.6029 14.5
      vertex 55.5173 29.1378 17
      vertex 50.5724 32.664 9.5
    endloop
  endfacet
  facet normal 0.820589 0.475113 -0.31765
    outer loop
      vertex 50.7589 35.6848 14.5
      vertex 55.5173 29.1378 17
      vertex 51.9643 33.6029 14.5
    endloop
  endfacet
  facet normal 0.820588 0.475114 -0.317652
    outer loop
      vertex 49.367 34.7459 9.5
      vertex 35.788 51.8472 0
      vertex 50.7589 35.6848 14.5
    endloop
  endfacet
  facet normal 0.820591 0.475114 -0.317643
    outer loop
      vertex 50.4703 26.489 0
      vertex 49.367 34.7459 9.5
      vertex 50.5724 32.664 9.5
    endloop
  endfacet
  facet normal 0.820588 0.475117 -0.317646
    outer loop
      vertex 49.367 34.7459 9.5
      vertex 50.4703 26.489 0
      vertex 35.788 51.8472 0
    endloop
  endfacet
  facet normal 0.820586 0.475119 -0.317647
    outer loop
      vertex 50.4703 26.489 0
      vertex 50.5724 32.664 9.5
      vertex 55.5173 29.1378 17
    endloop
  endfacet
  facet normal -0.52808 -0.849194 -1.63394e-05
    outer loop
      vertex 23 39.8372 17
      vertex 24.3663 38.9876 14.5
      vertex 25.5562 38.2476 17
    endloop
  endfacet
  facet normal -0.528059 -0.849208 0
    outer loop
      vertex 23 39.8372 17
      vertex 24.3663 38.9876 9.5
      vertex 24.3663 38.9876 14.5
    endloop
  endfacet
  facet normal -0.528059 -0.849208 0
    outer loop
      vertex 23 39.8372 3.01
      vertex 24.3663 38.9876 9.5
      vertex 23 39.8372 17
    endloop
  endfacet
  facet normal -0.52808 -0.849194 6.29407e-06
    outer loop
      vertex 25.5562 38.2476 3.01
      vertex 24.3663 38.9876 9.5
      vertex 23 39.8372 3.01
    endloop
  endfacet
  facet normal -0.528105 -0.849179 0
    outer loop
      vertex 24.3663 38.9876 9.5
      vertex 25.5562 38.2476 3.01
      vertex 25.5562 38.2476 9.5
    endloop
  endfacet
  facet normal -0.528105 -0.849179 -0
    outer loop
      vertex 25.5562 38.2476 17
      vertex 24.3663 38.9876 14.5
      vertex 25.5562 38.2476 14.5
    endloop
  endfacet
  facet normal -0.995186 0.0980018 0
    outer loop
      vertex 45.6065 -6.0042 3.01
      vertex 45.9015 -3.00854 17
      vertex 45.9015 -3.00854 3.01
    endloop
  endfacet
  facet normal -0.995186 0.0980018 0
    outer loop
      vertex 45.9015 -3.00854 17
      vertex 45.6065 -6.0042 3.01
      vertex 45.6065 -6.0042 17
    endloop
  endfacet
  facet normal -0.999464 0.0327226 0
    outer loop
      vertex 45.9015 -3.00854 3.01
      vertex 46 0 17
      vertex 46 0 3.01
    endloop
  endfacet
  facet normal -0.999464 0.0327226 0
    outer loop
      vertex 46 0 17
      vertex 45.9015 -3.00854 3.01
      vertex 45.9015 -3.00854 17
    endloop
  endfacet
  facet normal -0.634416 0.772992 0
    outer loop
      vertex 29.9888 -34.8645 3.01
      vertex 28.003 -36.4943 17
      vertex 29.9888 -34.8645 17
    endloop
  endfacet
  facet normal -0.634416 0.772992 0
    outer loop
      vertex 28.003 -36.4943 17
      vertex 29.9888 -34.8645 3.01
      vertex 28.003 -36.4943 3.01
    endloop
  endfacet
  facet normal -0.582467 -0.812854 -0
    outer loop
      vertex 25.5562 38.2476 9.5
      vertex 25.5562 38.2476 3.01
      vertex 26.3691 37.6651 9.5
    endloop
  endfacet
  facet normal -0.582467 -0.812854 0
    outer loop
      vertex 26.3691 37.6651 14.5
      vertex 25.5562 38.2476 17
      vertex 25.5562 38.2476 14.5
    endloop
  endfacet
  facet normal -0.582466 -0.812855 4.55794e-07
    outer loop
      vertex 25.5562 38.2476 17
      vertex 26.3691 37.6651 14.5
      vertex 28.003 36.4943 17
    endloop
  endfacet
  facet normal -0.582466 -0.812855 0
    outer loop
      vertex 26.3691 37.6651 9.5
      vertex 28.003 36.4943 17
      vertex 26.3691 37.6651 14.5
    endloop
  endfacet
  facet normal -0.582466 -0.812855 -1.75576e-07
    outer loop
      vertex 28.003 36.4943 3.01
      vertex 26.3691 37.6651 9.5
      vertex 25.5562 38.2476 3.01
    endloop
  endfacet
  facet normal -0.582466 -0.812855 0
    outer loop
      vertex 26.3691 37.6651 9.5
      vertex 28.003 36.4943 3.01
      vertex 28.003 36.4943 17
    endloop
  endfacet
  facet normal 0.88193 -0.471379 0
    outer loop
      vertex -41.2561 20.3453 17
      vertex -39.8372 23 3.01
      vertex -39.8372 23 17
    endloop
  endfacet
  facet normal 0.88193 -0.471379 0
    outer loop
      vertex -39.8372 23 3.01
      vertex -41.2561 20.3453 17
      vertex -41.2561 20.3453 3.01
    endloop
  endfacet
  facet normal -0.973893 0.227008 0
    outer loop
      vertex 45.1161 -8.97415 3.01
      vertex 44.8891 -9.94801 9.5
      vertex 45.1161 -8.97415 9.5
    endloop
  endfacet
  facet normal -0.973874 0.227091 0
    outer loop
      vertex 44.4326 -11.9057 17
      vertex 44.8891 -9.94801 9.5
      vertex 44.4326 -11.9057 3.01
    endloop
  endfacet
  facet normal -0.97388 0.227063 8.7766e-06
    outer loop
      vertex 44.4326 -11.9057 3.01
      vertex 44.8891 -9.94801 9.5
      vertex 45.1161 -8.97415 3.01
    endloop
  endfacet
  facet normal -0.973893 0.227008 0
    outer loop
      vertex 44.8891 -9.94801 14.5
      vertex 45.1161 -8.97415 17
      vertex 45.1161 -8.97415 14.5
    endloop
  endfacet
  facet normal -0.97388 0.227063 -2.27841e-05
    outer loop
      vertex 44.8891 -9.94801 14.5
      vertex 44.4326 -11.9057 17
      vertex 45.1161 -8.97415 17
    endloop
  endfacet
  facet normal -0.973874 0.227091 0
    outer loop
      vertex 44.8891 -9.94801 9.5
      vertex 44.4326 -11.9057 17
      vertex 44.8891 -9.94801 14.5
    endloop
  endfacet
  facet normal -0.910856 -0.412724 0
    outer loop
      vertex 42.4985 17.6034 3.01
      vertex 41.2561 20.3453 17
      vertex 41.2561 20.3453 3.01
    endloop
  endfacet
  facet normal -0.910856 -0.412724 0
    outer loop
      vertex 41.2561 20.3453 17
      vertex 42.4985 17.6034 3.01
      vertex 42.4985 17.6034 17
    endloop
  endfacet
  facet normal 0.412724 -0.910856 0
    outer loop
      vertex -20.3453 41.2561 3.01
      vertex -17.6034 42.4985 17
      vertex -20.3453 41.2561 17
    endloop
  endfacet
  facet normal 0.412724 -0.910856 0
    outer loop
      vertex -17.6034 42.4985 17
      vertex -20.3453 41.2561 3.01
      vertex -17.6034 42.4985 3.01
    endloop
  endfacet
  facet normal -0.528092 0.849187 0
    outer loop
      vertex 25.5562 -38.2476 9.5
      vertex 25.5562 -38.2476 3.01
      vertex 24.707 -38.7757 9.5
    endloop
  endfacet
  facet normal -0.528092 0.849187 0
    outer loop
      vertex 24.707 -38.7757 14.5
      vertex 25.5562 -38.2476 17
      vertex 25.5562 -38.2476 14.5
    endloop
  endfacet
  facet normal -0.52808 0.849194 -5.43495e-06
    outer loop
      vertex 25.5562 -38.2476 17
      vertex 24.707 -38.7757 14.5
      vertex 23 -39.8372 17
    endloop
  endfacet
  facet normal -0.528075 0.849198 0
    outer loop
      vertex 24.707 -38.7757 9.5
      vertex 23 -39.8372 17
      vertex 24.707 -38.7757 14.5
    endloop
  endfacet
  facet normal -0.52808 0.849194 2.09359e-06
    outer loop
      vertex 23 -39.8372 3.01
      vertex 24.707 -38.7757 9.5
      vertex 25.5562 -38.2476 3.01
    endloop
  endfacet
  facet normal -0.528075 0.849198 0
    outer loop
      vertex 24.707 -38.7757 9.5
      vertex 23 -39.8372 3.01
      vertex 23 -39.8372 17
    endloop
  endfacet
  facet normal 0.290288 0.956939 -0
    outer loop
      vertex -11.9057 -44.4326 3.01
      vertex -14.7862 -43.5588 17
      vertex -11.9057 -44.4326 17
    endloop
  endfacet
  facet normal 0.290288 0.956939 0
    outer loop
      vertex -14.7862 -43.5588 17
      vertex -11.9057 -44.4326 3.01
      vertex -14.7862 -43.5588 3.01
    endloop
  endfacet
  facet normal -0.772992 0.634416 0
    outer loop
      vertex 34.8645 -29.9888 3.01
      vertex 36.4943 -28.003 17
      vertex 36.4943 -28.003 3.01
    endloop
  endfacet
  facet normal -0.772992 0.634416 0
    outer loop
      vertex 36.4943 -28.003 17
      vertex 34.8645 -29.9888 3.01
      vertex 34.8645 -29.9888 17
    endloop
  endfacet
  facet normal -0.995186 -0.0980018 0
    outer loop
      vertex 45.9015 3.00854 3.01
      vertex 45.6065 6.0042 17
      vertex 45.6065 6.0042 3.01
    endloop
  endfacet
  facet normal -0.995186 -0.0980018 0
    outer loop
      vertex 45.6065 6.0042 17
      vertex 45.9015 3.00854 3.01
      vertex 45.9015 3.00854 17
    endloop
  endfacet
  facet normal 0.227063 -0.97388 1.07549e-05
    outer loop
      vertex -11.9057 44.4326 17
      vertex -10.3388 44.7979 14.5
      vertex -8.97415 45.1161 17
    endloop
  endfacet
  facet normal 0.227047 -0.973884 0
    outer loop
      vertex -11.9057 44.4326 17
      vertex -10.3388 44.7979 9.5
      vertex -10.3388 44.7979 14.5
    endloop
  endfacet
  facet normal 0.227047 -0.973884 0
    outer loop
      vertex -11.9057 44.4326 3.01
      vertex -10.3388 44.7979 9.5
      vertex -11.9057 44.4326 17
    endloop
  endfacet
  facet normal 0.227063 -0.97388 -4.14286e-06
    outer loop
      vertex -8.97415 45.1161 3.01
      vertex -10.3388 44.7979 9.5
      vertex -11.9057 44.4326 3.01
    endloop
  endfacet
  facet normal 0.227082 -0.973876 0
    outer loop
      vertex -10.3388 44.7979 9.5
      vertex -8.97415 45.1161 3.01
      vertex -8.97415 45.1161 9.5
    endloop
  endfacet
  facet normal 0.227082 -0.973876 0
    outer loop
      vertex -8.97415 45.1161 17
      vertex -10.3388 44.7979 14.5
      vertex -8.97415 45.1161 14.5
    endloop
  endfacet
  facet normal -0.0980018 -0.995186 0
    outer loop
      vertex 3.00854 45.9015 3.01
      vertex 6.0042 45.6065 17
      vertex 3.00854 45.9015 17
    endloop
  endfacet
  facet normal -0.0980018 -0.995186 -0
    outer loop
      vertex 6.0042 45.6065 17
      vertex 3.00854 45.9015 3.01
      vertex 6.0042 45.6065 3.01
    endloop
  endfacet
  facet normal 0.999464 0.0327226 0
    outer loop
      vertex -45.9015 -3.00854 17
      vertex -46 0 3.01
      vertex -46 0 17
    endloop
  endfacet
  facet normal 0.999464 0.0327226 0
    outer loop
      vertex -46 0 3.01
      vertex -45.9015 -3.00854 17
      vertex -45.9015 -3.00854 3.01
    endloop
  endfacet
  facet normal -0.471379 0.88193 0
    outer loop
      vertex 23 -39.8372 3.01
      vertex 20.3453 -41.2561 17
      vertex 23 -39.8372 17
    endloop
  endfacet
  facet normal -0.471379 0.88193 0
    outer loop
      vertex 20.3453 -41.2561 17
      vertex 23 -39.8372 3.01
      vertex 20.3453 -41.2561 3.01
    endloop
  endfacet
  facet normal 0.290288 -0.956939 0
    outer loop
      vertex -14.7862 43.5588 3.01
      vertex -11.9057 44.4326 17
      vertex -14.7862 43.5588 17
    endloop
  endfacet
  facet normal 0.290288 -0.956939 0
    outer loop
      vertex -11.9057 44.4326 17
      vertex -14.7862 43.5588 3.01
      vertex -11.9057 44.4326 3.01
    endloop
  endfacet
  facet normal -0.956939 -0.290288 0
    outer loop
      vertex 44.4326 11.9057 3.01
      vertex 43.5588 14.7862 17
      vertex 43.5588 14.7862 3.01
    endloop
  endfacet
  facet normal -0.956939 -0.290288 0
    outer loop
      vertex 43.5588 14.7862 17
      vertex 44.4326 11.9057 3.01
      vertex 44.4326 11.9057 17
    endloop
  endfacet
  facet normal -0.634416 -0.772992 0
    outer loop
      vertex 28.003 36.4943 3.01
      vertex 29.9888 34.8645 17
      vertex 28.003 36.4943 17
    endloop
  endfacet
  facet normal -0.634416 -0.772992 -0
    outer loop
      vertex 29.9888 34.8645 17
      vertex 28.003 36.4943 3.01
      vertex 29.9888 34.8645 3.01
    endloop
  endfacet
  facet normal 0.582466 -0.812855 -1.40685e-05
    outer loop
      vertex -28.003 36.4943 17
      vertex -26.6953 37.4314 14.5
      vertex -25.5562 38.2476 17
    endloop
  endfacet
  facet normal 0.582484 -0.812842 0
    outer loop
      vertex -28.003 36.4943 17
      vertex -26.6953 37.4314 9.5
      vertex -26.6953 37.4314 14.5
    endloop
  endfacet
  facet normal 0.582484 -0.812842 0
    outer loop
      vertex -28.003 36.4943 3.01
      vertex -26.6953 37.4314 9.5
      vertex -28.003 36.4943 17
    endloop
  endfacet
  facet normal 0.582466 -0.812855 5.41929e-06
    outer loop
      vertex -25.5562 38.2476 3.01
      vertex -26.6953 37.4314 9.5
      vertex -28.003 36.4943 3.01
    endloop
  endfacet
  facet normal 0.582446 -0.812869 0
    outer loop
      vertex -26.6953 37.4314 9.5
      vertex -25.5562 38.2476 3.01
      vertex -25.5562 38.2476 9.5
    endloop
  endfacet
  facet normal 0.582446 -0.812869 0
    outer loop
      vertex -25.5562 38.2476 17
      vertex -26.6953 37.4314 14.5
      vertex -25.5562 38.2476 14.5
    endloop
  endfacet
  facet normal -0.986642 -0.162905 0
    outer loop
      vertex 45.1161 8.97415 3.01
      vertex 45.279 7.98754 9.5
      vertex 45.1161 8.97415 9.5
    endloop
  endfacet
  facet normal -0.986639 -0.162919 -0
    outer loop
      vertex 45.6065 6.0042 17
      vertex 45.279 7.98754 9.5
      vertex 45.6065 6.0042 3.01
    endloop
  endfacet
  facet normal -0.98664 -0.162915 -1.46852e-06
    outer loop
      vertex 45.6065 6.0042 3.01
      vertex 45.279 7.98754 9.5
      vertex 45.1161 8.97415 3.01
    endloop
  endfacet
  facet normal -0.986642 -0.162905 0
    outer loop
      vertex 45.279 7.98754 14.5
      vertex 45.1161 8.97415 17
      vertex 45.1161 8.97415 14.5
    endloop
  endfacet
  facet normal -0.98664 -0.162915 3.81228e-06
    outer loop
      vertex 45.279 7.98754 14.5
      vertex 45.6065 6.0042 17
      vertex 45.1161 8.97415 17
    endloop
  endfacet
  facet normal -0.986639 -0.162919 0
    outer loop
      vertex 45.279 7.98754 9.5
      vertex 45.6065 6.0042 17
      vertex 45.279 7.98754 14.5
    endloop
  endfacet
  facet normal -0.582466 0.812855 -1.40685e-05
    outer loop
      vertex 28.003 -36.4943 17
      vertex 26.6953 -37.4314 14.5
      vertex 25.5562 -38.2476 17
    endloop
  endfacet
  facet normal -0.582484 0.812842 0
    outer loop
      vertex 28.003 -36.4943 17
      vertex 26.6953 -37.4314 9.5
      vertex 26.6953 -37.4314 14.5
    endloop
  endfacet
  facet normal -0.582484 0.812842 0
    outer loop
      vertex 28.003 -36.4943 3.01
      vertex 26.6953 -37.4314 9.5
      vertex 28.003 -36.4943 17
    endloop
  endfacet
  facet normal -0.582466 0.812855 5.41929e-06
    outer loop
      vertex 25.5562 -38.2476 3.01
      vertex 26.6953 -37.4314 9.5
      vertex 28.003 -36.4943 3.01
    endloop
  endfacet
  facet normal -0.582446 0.812869 0
    outer loop
      vertex 26.6953 -37.4314 9.5
      vertex 25.5562 -38.2476 3.01
      vertex 25.5562 -38.2476 9.5
    endloop
  endfacet
  facet normal -0.582446 0.812869 0
    outer loop
      vertex 25.5562 -38.2476 17
      vertex 26.6953 -37.4314 14.5
      vertex 25.5562 -38.2476 14.5
    endloop
  endfacet
  facet normal 0.528092 -0.849187 0
    outer loop
      vertex -25.5562 38.2476 9.5
      vertex -25.5562 38.2476 3.01
      vertex -24.707 38.7757 9.5
    endloop
  endfacet
  facet normal 0.528092 -0.849187 0
    outer loop
      vertex -24.707 38.7757 14.5
      vertex -25.5562 38.2476 17
      vertex -25.5562 38.2476 14.5
    endloop
  endfacet
  facet normal 0.52808 -0.849194 -5.43495e-06
    outer loop
      vertex -25.5562 38.2476 17
      vertex -24.707 38.7757 14.5
      vertex -23 39.8372 17
    endloop
  endfacet
  facet normal 0.528075 -0.849198 0
    outer loop
      vertex -24.707 38.7757 9.5
      vertex -23 39.8372 17
      vertex -24.707 38.7757 14.5
    endloop
  endfacet
  facet normal 0.52808 -0.849194 2.09359e-06
    outer loop
      vertex -23 39.8372 3.01
      vertex -24.707 38.7757 9.5
      vertex -25.5562 38.2476 3.01
    endloop
  endfacet
  facet normal 0.528075 -0.849198 0
    outer loop
      vertex -24.707 38.7757 9.5
      vertex -23 39.8372 3.01
      vertex -23 39.8372 17
    endloop
  endfacet
  facet normal -0.812854 0.582467 0
    outer loop
      vertex 38.2476 -25.5562 3.01
      vertex 37.6651 -26.3691 9.5
      vertex 38.2476 -25.5562 9.5
    endloop
  endfacet
  facet normal -0.812855 0.582466 0
    outer loop
      vertex 36.4943 -28.003 17
      vertex 37.6651 -26.3691 9.5
      vertex 36.4943 -28.003 3.01
    endloop
  endfacet
  facet normal -0.812855 0.582466 -1.75576e-07
    outer loop
      vertex 36.4943 -28.003 3.01
      vertex 37.6651 -26.3691 9.5
      vertex 38.2476 -25.5562 3.01
    endloop
  endfacet
  facet normal -0.812854 0.582467 0
    outer loop
      vertex 37.6651 -26.3691 14.5
      vertex 38.2476 -25.5562 17
      vertex 38.2476 -25.5562 14.5
    endloop
  endfacet
  facet normal -0.812855 0.582466 4.55794e-07
    outer loop
      vertex 37.6651 -26.3691 14.5
      vertex 36.4943 -28.003 17
      vertex 38.2476 -25.5562 17
    endloop
  endfacet
  facet normal -0.812855 0.582466 0
    outer loop
      vertex 37.6651 -26.3691 9.5
      vertex 36.4943 -28.003 17
      vertex 37.6651 -26.3691 14.5
    endloop
  endfacet
  facet normal -0.849208 0.528059 0
    outer loop
      vertex 39.8372 -23 3.01
      vertex 38.9876 -24.3663 9.5
      vertex 39.8372 -23 17
    endloop
  endfacet
  facet normal -0.849194 0.52808 6.29407e-06
    outer loop
      vertex 38.2476 -25.5562 3.01
      vertex 38.9876 -24.3663 9.5
      vertex 39.8372 -23 3.01
    endloop
  endfacet
  facet normal -0.849179 0.528105 0
    outer loop
      vertex 38.9876 -24.3663 9.5
      vertex 38.2476 -25.5562 3.01
      vertex 38.2476 -25.5562 9.5
    endloop
  endfacet
  facet normal -0.849208 0.528059 0
    outer loop
      vertex 38.9876 -24.3663 14.5
      vertex 39.8372 -23 17
      vertex 38.9876 -24.3663 9.5
    endloop
  endfacet
  facet normal -0.849179 0.528105 0
    outer loop
      vertex 38.2476 -25.5562 17
      vertex 38.9876 -24.3663 14.5
      vertex 38.2476 -25.5562 14.5
    endloop
  endfacet
  facet normal -0.849194 0.52808 -1.63394e-05
    outer loop
      vertex 38.9876 -24.3663 14.5
      vertex 38.2476 -25.5562 17
      vertex 39.8372 -23 17
    endloop
  endfacet
  facet normal 0.471379 0.88193 -0
    outer loop
      vertex -20.3453 -41.2561 3.01
      vertex -23 -39.8372 17
      vertex -20.3453 -41.2561 17
    endloop
  endfacet
  facet normal 0.471379 0.88193 0
    outer loop
      vertex -23 -39.8372 17
      vertex -20.3453 -41.2561 3.01
      vertex -23 -39.8372 3.01
    endloop
  endfacet
  facet normal 0.956939 -0.290288 0
    outer loop
      vertex -44.4326 11.9057 17
      vertex -43.5588 14.7862 3.01
      vertex -43.5588 14.7862 17
    endloop
  endfacet
  facet normal 0.956939 -0.290288 0
    outer loop
      vertex -43.5588 14.7862 3.01
      vertex -44.4326 11.9057 17
      vertex -44.4326 11.9057 3.01
    endloop
  endfacet
  facet normal -0.0985281 0.995134 0
    outer loop
      vertex 6.0042 -45.6065 3.01
      vertex 5.98198 -45.6087 7.81802
      vertex 6.0042 -45.6065 7.84698
    endloop
  endfacet
  facet normal -0.097922 0.995194 2.82876e-06
    outer loop
      vertex 6.0042 -45.6065 3.01
      vertex 5.05 -45.7004 7.10289
      vertex 5.98198 -45.6087 7.81802
    endloop
  endfacet
  facet normal -0.098015 0.995185 -1.90764e-05
    outer loop
      vertex 6.0042 -45.6065 3.01
      vertex 3.96469 -45.8073 6.65333
      vertex 5.05 -45.7004 7.10289
    endloop
  endfacet
  facet normal -0.0980018 0.995186 -1.15731e-05
    outer loop
      vertex 3.00854 -45.9015 3.01
      vertex 3.96469 -45.8073 6.65333
      vertex 6.0042 -45.6065 3.01
    endloop
  endfacet
  facet normal -0.0980454 0.995182 0
    outer loop
      vertex 3.96469 -45.8073 6.65333
      vertex 3.00854 -45.9015 3.01
      vertex 3.00854 -45.9015 6.52746
    endloop
  endfacet
  facet normal -0.0980018 0.995186 2.55033e-05
    outer loop
      vertex 3.96469 -45.8073 15.3467
      vertex 3.00854 -45.9015 17
      vertex 6.0042 -45.6065 17
    endloop
  endfacet
  facet normal -0.0980454 0.995182 0
    outer loop
      vertex 3.00854 -45.9015 17
      vertex 3.96469 -45.8073 15.3467
      vertex 3.00854 -45.9015 15.4725
    endloop
  endfacet
  facet normal -0.0980088 0.995186 3.42718e-05
    outer loop
      vertex 6.0042 -45.6065 17
      vertex 5.05 -45.7004 14.8971
      vertex 3.96469 -45.8073 15.3467
    endloop
  endfacet
  facet normal -0.0979235 0.995194 -4.81437e-06
    outer loop
      vertex 6.0042 -45.6065 17
      vertex 5.98198 -45.6087 14.182
      vertex 5.05 -45.7004 14.8971
    endloop
  endfacet
  facet normal -0.0985281 0.995134 0
    outer loop
      vertex 5.98198 -45.6087 14.182
      vertex 6.0042 -45.6065 17
      vertex 6.0042 -45.6065 14.153
    endloop
  endfacet
  facet normal 0.162915 0.98664 -4.92531e-06
    outer loop
      vertex -6.0042 -45.6065 17
      vertex -7.5916 -45.3444 14.5
      vertex -8.97415 -45.1161 17
    endloop
  endfacet
  facet normal 0.162907 0.986641 -0
    outer loop
      vertex -6.0042 -45.6065 14.153
      vertex -7.5916 -45.3444 14.5
      vertex -6.0042 -45.6065 17
    endloop
  endfacet
  facet normal 0.162905 0.986642 -7.75173e-06
    outer loop
      vertex -6.69711 -45.4921 13.25
      vertex -7.5916 -45.3444 14.5
      vertex -6.0042 -45.6065 14.153
    endloop
  endfacet
  facet normal 0.162969 0.986631 3.90053e-05
    outer loop
      vertex -7.14667 -45.4178 12.1647
      vertex -7.5916 -45.3444 14.5
      vertex -6.69711 -45.4921 13.25
    endloop
  endfacet
  facet normal 0.162783 0.986662 2.5976e-06
    outer loop
      vertex -7.3 -45.3925 11
      vertex -7.5916 -45.3444 14.5
      vertex -7.14667 -45.4178 12.1647
    endloop
  endfacet
  facet normal 0.162753 0.986667 0
    outer loop
      vertex -7.3 -45.3925 11
      vertex -7.5916 -45.3444 9.5
      vertex -7.5916 -45.3444 14.5
    endloop
  endfacet
  facet normal 0.162773 0.986664 -3.99606e-06
    outer loop
      vertex -7.14667 -45.4178 9.83531
      vertex -7.5916 -45.3444 9.5
      vertex -7.3 -45.3925 11
    endloop
  endfacet
  facet normal 0.162839 0.986653 -9.43553e-05
    outer loop
      vertex -6.69711 -45.4921 8.75
      vertex -7.5916 -45.3444 9.5
      vertex -7.14667 -45.4178 9.83531
    endloop
  endfacet
  facet normal 0.162923 0.986639 8.9747e-06
    outer loop
      vertex -6.69711 -45.4921 8.75
      vertex -8.97415 -45.1161 9.5
      vertex -7.5916 -45.3444 9.5
    endloop
  endfacet
  facet normal 0.162929 0.986638 2.61883e-05
    outer loop
      vertex -6.0042 -45.6065 7.84698
      vertex -8.97415 -45.1161 9.5
      vertex -6.69711 -45.4921 8.75
    endloop
  endfacet
  facet normal 0.162915 0.98664 0
    outer loop
      vertex -8.97415 -45.1161 3.01
      vertex -6.0042 -45.6065 7.84698
      vertex -6.0042 -45.6065 3.01
    endloop
  endfacet
  facet normal 0.162915 0.98664 0
    outer loop
      vertex -6.0042 -45.6065 7.84698
      vertex -8.97415 -45.1161 3.01
      vertex -8.97415 -45.1161 9.5
    endloop
  endfacet
  facet normal 0.162923 0.986639 0
    outer loop
      vertex -8.97415 -45.1161 17
      vertex -7.5916 -45.3444 14.5
      vertex -8.97415 -45.1161 14.5
    endloop
  endfacet
  facet normal 0.0327226 0.999464 -7.91191e-06
    outer loop
      vertex -3.00854 -45.9015 3.01
      vertex -2.8 -45.9083 6.5
      vertex 0 -46 3.01
    endloop
  endfacet
  facet normal 0.0325903 0.999469 0
    outer loop
      vertex -2.8 -45.9083 6.5
      vertex -3.00854 -45.9015 3.01
      vertex -3.00854 -45.9015 6.52746
    endloop
  endfacet
  facet normal 0.0327325 0.999464 0
    outer loop
      vertex 0 -46 6.5
      vertex 0 -46 3.01
      vertex -2.8 -45.9083 6.5
    endloop
  endfacet
  facet normal 0.0327325 0.999464 0
    outer loop
      vertex -2.8 -45.9083 15.5
      vertex 0 -46 17
      vertex 0 -46 15.5
    endloop
  endfacet
  facet normal 0.0327226 0.999464 1.84084e-05
    outer loop
      vertex 0 -46 17
      vertex -2.8 -45.9083 15.5
      vertex -3.00854 -45.9015 17
    endloop
  endfacet
  facet normal 0.0325903 0.999469 0
    outer loop
      vertex -3.00854 -45.9015 17
      vertex -2.8 -45.9083 15.5
      vertex -3.00854 -45.9015 15.4725
    endloop
  endfacet
  facet normal -0.88193 -0.471379 0
    outer loop
      vertex 41.2561 20.3453 3.01
      vertex 39.8372 23 17
      vertex 39.8372 23 3.01
    endloop
  endfacet
  facet normal -0.88193 -0.471379 0
    outer loop
      vertex 39.8372 23 17
      vertex 41.2561 20.3453 3.01
      vertex 41.2561 20.3453 17
    endloop
  endfacet
  facet normal -0.88193 0.471379 0
    outer loop
      vertex 39.8372 -23 3.01
      vertex 41.2561 -20.3453 17
      vertex 41.2561 -20.3453 3.01
    endloop
  endfacet
  facet normal -0.88193 0.471379 0
    outer loop
      vertex 41.2561 -20.3453 17
      vertex 39.8372 -23 3.01
      vertex 39.8372 -23 17
    endloop
  endfacet
  facet normal -0.772992 -0.634416 0
    outer loop
      vertex 36.4943 28.003 3.01
      vertex 34.8645 29.9888 17
      vertex 34.8645 29.9888 3.01
    endloop
  endfacet
  facet normal -0.772992 -0.634416 0
    outer loop
      vertex 34.8645 29.9888 17
      vertex 36.4943 28.003 3.01
      vertex 36.4943 28.003 17
    endloop
  endfacet
  facet normal -0.812842 -0.582484 0
    outer loop
      vertex 36.4943 28.003 3.01
      vertex 37.4314 26.6953 9.5
      vertex 36.4943 28.003 17
    endloop
  endfacet
  facet normal -0.812855 -0.582466 5.41929e-06
    outer loop
      vertex 38.2476 25.5562 3.01
      vertex 37.4314 26.6953 9.5
      vertex 36.4943 28.003 3.01
    endloop
  endfacet
  facet normal -0.812869 -0.582446 0
    outer loop
      vertex 37.4314 26.6953 9.5
      vertex 38.2476 25.5562 3.01
      vertex 38.2476 25.5562 9.5
    endloop
  endfacet
  facet normal -0.812842 -0.582484 -0
    outer loop
      vertex 37.4314 26.6953 14.5
      vertex 36.4943 28.003 17
      vertex 37.4314 26.6953 9.5
    endloop
  endfacet
  facet normal -0.812869 -0.582446 -0
    outer loop
      vertex 38.2476 25.5562 17
      vertex 37.4314 26.6953 14.5
      vertex 38.2476 25.5562 14.5
    endloop
  endfacet
  facet normal -0.812855 -0.582466 -1.40685e-05
    outer loop
      vertex 37.4314 26.6953 14.5
      vertex 38.2476 25.5562 17
      vertex 36.4943 28.003 17
    endloop
  endfacet
  facet normal -0.849187 -0.528092 0
    outer loop
      vertex 38.2476 25.5562 3.01
      vertex 38.7757 24.707 9.5
      vertex 38.2476 25.5562 9.5
    endloop
  endfacet
  facet normal -0.849198 -0.528075 -0
    outer loop
      vertex 39.8372 23 17
      vertex 38.7757 24.707 9.5
      vertex 39.8372 23 3.01
    endloop
  endfacet
  facet normal -0.849194 -0.52808 2.09359e-06
    outer loop
      vertex 39.8372 23 3.01
      vertex 38.7757 24.707 9.5
      vertex 38.2476 25.5562 3.01
    endloop
  endfacet
  facet normal -0.849187 -0.528092 0
    outer loop
      vertex 38.7757 24.707 14.5
      vertex 38.2476 25.5562 17
      vertex 38.2476 25.5562 14.5
    endloop
  endfacet
  facet normal -0.849194 -0.52808 -5.43495e-06
    outer loop
      vertex 38.7757 24.707 14.5
      vertex 39.8372 23 17
      vertex 38.2476 25.5562 17
    endloop
  endfacet
  facet normal -0.849198 -0.528075 0
    outer loop
      vertex 38.7757 24.707 9.5
      vertex 39.8372 23 17
      vertex 38.7757 24.707 14.5
    endloop
  endfacet
  facet normal 0.910856 -0.412724 0
    outer loop
      vertex -42.4985 17.6034 17
      vertex -41.2561 20.3453 3.01
      vertex -41.2561 20.3453 17
    endloop
  endfacet
  facet normal 0.910856 -0.412724 0
    outer loop
      vertex -41.2561 20.3453 3.01
      vertex -42.4985 17.6034 17
      vertex -42.4985 17.6034 3.01
    endloop
  endfacet
  facet normal 0.910856 0.412724 0
    outer loop
      vertex -41.2561 -20.3453 17
      vertex -42.4985 -17.6034 3.01
      vertex -42.4985 -17.6034 17
    endloop
  endfacet
  facet normal 0.910856 0.412724 0
    outer loop
      vertex -42.4985 -17.6034 3.01
      vertex -41.2561 -20.3453 17
      vertex -41.2561 -20.3453 3.01
    endloop
  endfacet
  facet normal 0.772992 -0.634416 0
    outer loop
      vertex -36.4943 28.003 17
      vertex -34.8645 29.9888 3.01
      vertex -34.8645 29.9888 17
    endloop
  endfacet
  facet normal 0.772992 -0.634416 0
    outer loop
      vertex -34.8645 29.9888 3.01
      vertex -36.4943 28.003 17
      vertex -36.4943 28.003 3.01
    endloop
  endfacet
  facet normal -0.290288 -0.956939 0
    outer loop
      vertex 11.9057 44.4326 3.01
      vertex 14.7862 43.5588 17
      vertex 11.9057 44.4326 17
    endloop
  endfacet
  facet normal -0.290288 -0.956939 -0
    outer loop
      vertex 14.7862 43.5588 17
      vertex 11.9057 44.4326 3.01
      vertex 14.7862 43.5588 3.01
    endloop
  endfacet
  facet normal -0.910856 0.412724 0
    outer loop
      vertex 41.2561 -20.3453 3.01
      vertex 42.4985 -17.6034 17
      vertex 42.4985 -17.6034 3.01
    endloop
  endfacet
  facet normal -0.910856 0.412724 0
    outer loop
      vertex 42.4985 -17.6034 17
      vertex 41.2561 -20.3453 3.01
      vertex 41.2561 -20.3453 17
    endloop
  endfacet
  facet normal -0.956939 0.290288 0
    outer loop
      vertex 43.5588 -14.7862 3.01
      vertex 44.4326 -11.9057 17
      vertex 44.4326 -11.9057 3.01
    endloop
  endfacet
  facet normal -0.956939 0.290288 0
    outer loop
      vertex 44.4326 -11.9057 17
      vertex 43.5588 -14.7862 3.01
      vertex 43.5588 -14.7862 17
    endloop
  endfacet
  facet normal 0.986639 -0.162923 0
    outer loop
      vertex -45.1161 8.97415 17
      vertex -45.3444 7.5916 14.5
      vertex -45.1161 8.97415 14.5
    endloop
  endfacet
  facet normal 0.986641 -0.162907 0
    outer loop
      vertex -45.3444 7.5916 14.5
      vertex -45.6065 6.0042 17
      vertex -45.3444 7.5916 9.5
    endloop
  endfacet
  facet normal 0.98664 -0.162915 -4.92531e-06
    outer loop
      vertex -45.6065 6.0042 17
      vertex -45.3444 7.5916 14.5
      vertex -45.1161 8.97415 17
    endloop
  endfacet
  facet normal 0.986639 -0.162923 0
    outer loop
      vertex -45.3444 7.5916 9.5
      vertex -45.1161 8.97415 3.01
      vertex -45.1161 8.97415 9.5
    endloop
  endfacet
  facet normal 0.98664 -0.162915 1.89727e-06
    outer loop
      vertex -45.3444 7.5916 9.5
      vertex -45.6065 6.0042 3.01
      vertex -45.1161 8.97415 3.01
    endloop
  endfacet
  facet normal 0.986641 -0.162907 0
    outer loop
      vertex -45.6065 6.0042 3.01
      vertex -45.3444 7.5916 9.5
      vertex -45.6065 6.0042 17
    endloop
  endfacet
  facet normal -0.412724 0.910856 0
    outer loop
      vertex 20.3453 -41.2561 3.01
      vertex 17.6034 -42.4985 17
      vertex 20.3453 -41.2561 17
    endloop
  endfacet
  facet normal -0.412724 0.910856 0
    outer loop
      vertex 17.6034 -42.4985 17
      vertex 20.3453 -41.2561 3.01
      vertex 17.6034 -42.4985 3.01
    endloop
  endfacet
  facet normal 0.995186 0.0980018 0
    outer loop
      vertex -45.6065 -6.0042 17
      vertex -45.9015 -3.00854 3.01
      vertex -45.9015 -3.00854 17
    endloop
  endfacet
  facet normal 0.995186 0.0980018 0
    outer loop
      vertex -45.9015 -3.00854 3.01
      vertex -45.6065 -6.0042 17
      vertex -45.6065 -6.0042 3.01
    endloop
  endfacet
  facet normal -0.999464 -0.0327226 0
    outer loop
      vertex 46 0 3.01
      vertex 45.9015 3.00854 17
      vertex 45.9015 3.00854 3.01
    endloop
  endfacet
  facet normal -0.999464 -0.0327226 0
    outer loop
      vertex 45.9015 3.00854 17
      vertex 46 0 3.01
      vertex 46 0 17
    endloop
  endfacet
  facet normal -0.412724 -0.910856 0
    outer loop
      vertex 17.6034 42.4985 3.01
      vertex 20.3453 41.2561 17
      vertex 17.6034 42.4985 17
    endloop
  endfacet
  facet normal -0.412724 -0.910856 -0
    outer loop
      vertex 20.3453 41.2561 17
      vertex 17.6034 42.4985 3.01
      vertex 20.3453 41.2561 3.01
    endloop
  endfacet
  facet normal -0.352245 -0.935908 0
    outer loop
      vertex 14.7862 43.5588 3.01
      vertex 17.6034 42.4985 17
      vertex 14.7862 43.5588 17
    endloop
  endfacet
  facet normal -0.352245 -0.935908 -0
    outer loop
      vertex 17.6034 42.4985 17
      vertex 14.7862 43.5588 3.01
      vertex 17.6034 42.4985 3.01
    endloop
  endfacet
  facet normal -0.0325903 0.999469 0
    outer loop
      vertex 3.00854 -45.9015 3.01
      vertex 2.8 -45.9083 6.5
      vertex 3.00854 -45.9015 6.52746
    endloop
  endfacet
  facet normal -0.0327226 0.999464 -7.91191e-06
    outer loop
      vertex 0 -46 3.01
      vertex 2.8 -45.9083 6.5
      vertex 3.00854 -45.9015 3.01
    endloop
  endfacet
  facet normal -0.0327325 0.999464 0
    outer loop
      vertex 2.8 -45.9083 6.5
      vertex 0 -46 3.01
      vertex 0 -46 6.5
    endloop
  endfacet
  facet normal -0.0327226 0.999464 1.84084e-05
    outer loop
      vertex 3.00854 -45.9015 17
      vertex 2.8 -45.9083 15.5
      vertex 0 -46 17
    endloop
  endfacet
  facet normal -0.0325903 0.999469 0
    outer loop
      vertex 2.8 -45.9083 15.5
      vertex 3.00854 -45.9015 17
      vertex 3.00854 -45.9015 15.4725
    endloop
  endfacet
  facet normal -0.0327325 0.999464 0
    outer loop
      vertex 0 -46 17
      vertex 2.8 -45.9083 15.5
      vertex 0 -46 15.5
    endloop
  endfacet
  facet normal 0.88193 0.471379 0
    outer loop
      vertex -39.8372 -23 17
      vertex -41.2561 -20.3453 3.01
      vertex -41.2561 -20.3453 17
    endloop
  endfacet
  facet normal 0.88193 0.471379 0
    outer loop
      vertex -41.2561 -20.3453 3.01
      vertex -39.8372 -23 17
      vertex -39.8372 -23 3.01
    endloop
  endfacet
  facet normal 0.227008 0.973893 0
    outer loop
      vertex -8.97415 -45.1161 9.5
      vertex -8.97415 -45.1161 3.01
      vertex -9.94801 -44.8891 9.5
    endloop
  endfacet
  facet normal 0.227008 0.973893 0
    outer loop
      vertex -9.94801 -44.8891 14.5
      vertex -8.97415 -45.1161 17
      vertex -8.97415 -45.1161 14.5
    endloop
  endfacet
  facet normal 0.227063 0.97388 -2.27841e-05
    outer loop
      vertex -8.97415 -45.1161 17
      vertex -9.94801 -44.8891 14.5
      vertex -11.9057 -44.4326 17
    endloop
  endfacet
  facet normal 0.227091 0.973874 -0
    outer loop
      vertex -9.94801 -44.8891 9.5
      vertex -11.9057 -44.4326 17
      vertex -9.94801 -44.8891 14.5
    endloop
  endfacet
  facet normal 0.227063 0.97388 8.7766e-06
    outer loop
      vertex -11.9057 -44.4326 3.01
      vertex -9.94801 -44.8891 9.5
      vertex -8.97415 -45.1161 3.01
    endloop
  endfacet
  facet normal 0.227091 0.973874 0
    outer loop
      vertex -9.94801 -44.8891 9.5
      vertex -11.9057 -44.4326 3.01
      vertex -11.9057 -44.4326 17
    endloop
  endfacet
  facet normal -0.0327226 -0.999464 0
    outer loop
      vertex 0 46 3.01
      vertex 3.00854 45.9015 17
      vertex 0 46 17
    endloop
  endfacet
  facet normal -0.0327226 -0.999464 -0
    outer loop
      vertex 3.00854 45.9015 17
      vertex 0 46 3.01
      vertex 3.00854 45.9015 3.01
    endloop
  endfacet
  facet normal 0.52808 0.849194 -1.63394e-05
    outer loop
      vertex -23 -39.8372 17
      vertex -24.3663 -38.9876 14.5
      vertex -25.5562 -38.2476 17
    endloop
  endfacet
  facet normal 0.528059 0.849208 0
    outer loop
      vertex -23 -39.8372 17
      vertex -24.3663 -38.9876 9.5
      vertex -24.3663 -38.9876 14.5
    endloop
  endfacet
  facet normal 0.528059 0.849208 -0
    outer loop
      vertex -23 -39.8372 3.01
      vertex -24.3663 -38.9876 9.5
      vertex -23 -39.8372 17
    endloop
  endfacet
  facet normal 0.52808 0.849194 6.29407e-06
    outer loop
      vertex -25.5562 -38.2476 3.01
      vertex -24.3663 -38.9876 9.5
      vertex -23 -39.8372 3.01
    endloop
  endfacet
  facet normal 0.528105 0.849179 0
    outer loop
      vertex -24.3663 -38.9876 9.5
      vertex -25.5562 -38.2476 3.01
      vertex -25.5562 -38.2476 9.5
    endloop
  endfacet
  facet normal 0.528105 0.849179 0
    outer loop
      vertex -25.5562 -38.2476 17
      vertex -24.3663 -38.9876 14.5
      vertex -25.5562 -38.2476 14.5
    endloop
  endfacet
  facet normal 0.995186 -0.0980018 0
    outer loop
      vertex -45.9015 3.00854 17
      vertex -45.6065 6.0042 3.01
      vertex -45.6065 6.0042 17
    endloop
  endfacet
  facet normal 0.995186 -0.0980018 0
    outer loop
      vertex -45.6065 6.0042 3.01
      vertex -45.9015 3.00854 17
      vertex -45.9015 3.00854 3.01
    endloop
  endfacet
  facet normal 0.935908 0.352245 0
    outer loop
      vertex -42.4985 -17.6034 17
      vertex -43.5588 -14.7862 3.01
      vertex -43.5588 -14.7862 17
    endloop
  endfacet
  facet normal 0.935908 0.352245 0
    outer loop
      vertex -43.5588 -14.7862 3.01
      vertex -42.4985 -17.6034 17
      vertex -42.4985 -17.6034 3.01
    endloop
  endfacet
  facet normal 0.973874 -0.227091 0
    outer loop
      vertex -44.8891 9.94801 9.5
      vertex -44.4326 11.9057 17
      vertex -44.8891 9.94801 14.5
    endloop
  endfacet
  facet normal 0.97388 -0.227063 -2.27841e-05
    outer loop
      vertex -45.1161 8.97415 17
      vertex -44.8891 9.94801 14.5
      vertex -44.4326 11.9057 17
    endloop
  endfacet
  facet normal 0.973893 -0.227008 0
    outer loop
      vertex -44.8891 9.94801 14.5
      vertex -45.1161 8.97415 17
      vertex -45.1161 8.97415 14.5
    endloop
  endfacet
  facet normal 0.973874 -0.227091 0
    outer loop
      vertex -44.4326 11.9057 17
      vertex -44.8891 9.94801 9.5
      vertex -44.4326 11.9057 3.01
    endloop
  endfacet
  facet normal 0.973893 -0.227008 0
    outer loop
      vertex -45.1161 8.97415 3.01
      vertex -44.8891 9.94801 9.5
      vertex -45.1161 8.97415 9.5
    endloop
  endfacet
  facet normal 0.97388 -0.227063 8.7766e-06
    outer loop
      vertex -44.8891 9.94801 9.5
      vertex -45.1161 8.97415 3.01
      vertex -44.4326 11.9057 3.01
    endloop
  endfacet
  facet normal 0 0 1
    outer loop
      vertex -12.85 38.1605 3.01
      vertex -25.9921 31.2835 3.01
      vertex -25.9056 30.4056 3.01
    endloop
  endfacet
  facet normal 0 0 1
    outer loop
      vertex -23 39.8372 3.01
      vertex -26.2481 32.1277 3.01
      vertex -25.9921 31.2835 3.01
    endloop
  endfacet
  facet normal 0 0 1
    outer loop
      vertex -25.5562 38.2476 3.01
      vertex -26.664 32.9057 3.01
      vertex -26.2481 32.1277 3.01
    endloop
  endfacet
  facet normal 0 0 1
    outer loop
      vertex -25.5562 38.2476 3.01
      vertex -27.2236 33.5876 3.01
      vertex -26.664 32.9057 3.01
    endloop
  endfacet
  facet normal -0 0 1
    outer loop
      vertex -28.003 36.4943 3.01
      vertex -27.2236 33.5876 3.01
      vertex -25.5562 38.2476 3.01
    endloop
  endfacet
  facet normal 0 0 1
    outer loop
      vertex -27.2236 33.5876 3.01
      vertex -28.003 36.4943 3.01
      vertex -27.9055 34.1472 3.01
    endloop
  endfacet
  facet normal 0 0 1
    outer loop
      vertex -28.003 36.4943 3.01
      vertex -28.6835 34.563 3.01
      vertex -27.9055 34.1472 3.01
    endloop
  endfacet
  facet normal 0 0 1
    outer loop
      vertex -28.003 36.4943 3.01
      vertex -29.5277 34.8191 3.01
      vertex -28.6835 34.563 3.01
    endloop
  endfacet
  facet normal 0 -0 1
    outer loop
      vertex -29.5277 34.8191 3.01
      vertex -28.003 36.4943 3.01
      vertex -29.9888 34.8645 3.01
    endloop
  endfacet
  facet normal 0 0 1
    outer loop
      vertex 28.003 36.4943 3.01
      vertex 29.5277 34.8191 3.01
      vertex 29.9888 34.8645 3.01
    endloop
  endfacet
  facet normal 0 0 1
    outer loop
      vertex 28.003 36.4943 3.01
      vertex 28.6835 34.563 3.01
      vertex 29.5277 34.8191 3.01
    endloop
  endfacet
  facet normal 0 0 1
    outer loop
      vertex 28.003 36.4943 3.01
      vertex 27.9055 34.1472 3.01
      vertex 28.6835 34.563 3.01
    endloop
  endfacet
  facet normal 0 0 1
    outer loop
      vertex 28.003 36.4943 3.01
      vertex 27.2236 33.5876 3.01
      vertex 27.9055 34.1472 3.01
    endloop
  endfacet
  facet normal 0 0 1
    outer loop
      vertex 25.5562 38.2476 3.01
      vertex 27.2236 33.5876 3.01
      vertex 28.003 36.4943 3.01
    endloop
  endfacet
  facet normal 0 0 1
    outer loop
      vertex 27.2236 33.5876 3.01
      vertex 25.5562 38.2476 3.01
      vertex 26.664 32.9057 3.01
    endloop
  endfacet
  facet normal 0 0 1
    outer loop
      vertex 26.2481 32.1277 3.01
      vertex 23 39.8372 3.01
      vertex 25.9921 31.2835 3.01
    endloop
  endfacet
  facet normal 0 0 1
    outer loop
      vertex 23 39.8372 3.01
      vertex 26.2481 32.1277 3.01
      vertex 25.5562 38.2476 3.01
    endloop
  endfacet
  facet normal 0 0 1
    outer loop
      vertex 26.664 32.9057 3.01
      vertex 25.5562 38.2476 3.01
      vertex 26.2481 32.1277 3.01
    endloop
  endfacet
  facet normal 0 0 1
    outer loop
      vertex 30 0 3.01
      vertex 46 0 3.01
      vertex 45.9015 3.00854 3.01
    endloop
  endfacet
  facet normal 0 0 1
    outer loop
      vertex 29.8463 1.56072 3.01
      vertex 45.9015 3.00854 3.01
      vertex 45.6065 6.0042 3.01
    endloop
  endfacet
  facet normal 0 0 1
    outer loop
      vertex 46 0 3.01
      vertex 30 0 3.01
      vertex 45.9015 -3.00854 3.01
    endloop
  endfacet
  facet normal 0 0 1
    outer loop
      vertex 29.391 3.06147 3.01
      vertex 45.6065 6.0042 3.01
      vertex 45.1161 8.97415 3.01
    endloop
  endfacet
  facet normal 0 0 1
    outer loop
      vertex 45.9015 -3.00854 3.01
      vertex 30 0 3.01
      vertex 45.6065 -6.0042 3.01
    endloop
  endfacet
  facet normal 0 0 1
    outer loop
      vertex 28.6518 4.44456 3.01
      vertex 45.1161 8.97415 3.01
      vertex 44.4326 11.9057 3.01
    endloop
  endfacet
  facet normal 0 0 1
    outer loop
      vertex 45.6065 -6.0042 3.01
      vertex 30 0 3.01
      vertex 45.1161 -8.97415 3.01
    endloop
  endfacet
  facet normal 0 0 1
    outer loop
      vertex 28.6518 4.44456 3.01
      vertex 44.4326 11.9057 3.01
      vertex 43.5588 14.7862 3.01
    endloop
  endfacet
  facet normal 0 0 1
    outer loop
      vertex 45.1161 -8.97415 3.01
      vertex 30 0 3.01
      vertex 44.4326 -11.9057 3.01
    endloop
  endfacet
  facet normal 0 0 1
    outer loop
      vertex 27.6569 5.65685 3.01
      vertex 43.5588 14.7862 3.01
      vertex 42.4985 17.6034 3.01
    endloop
  endfacet
  facet normal 0 0 1
    outer loop
      vertex 44.4326 -11.9057 3.01
      vertex 30 0 3.01
      vertex 43.5588 -14.7862 3.01
    endloop
  endfacet
  facet normal 0 0 1
    outer loop
      vertex 26.4446 6.65176 3.01
      vertex 42.4985 17.6034 3.01
      vertex 41.2561 20.3453 3.01
    endloop
  endfacet
  facet normal 0 0 1
    outer loop
      vertex 43.5588 -14.7862 3.01
      vertex 30 0 3.01
      vertex 42.4985 -17.6034 3.01
    endloop
  endfacet
  facet normal 0 0 1
    outer loop
      vertex 31.2835 25.9921 3.01
      vertex 41.2561 20.3453 3.01
      vertex 39.8372 23 3.01
    endloop
  endfacet
  facet normal 0 0 1
    outer loop
      vertex 30 -24 3.01
      vertex 42.4985 -17.6034 3.01
      vertex 30 0 3.01
    endloop
  endfacet
  facet normal 0 0 1
    outer loop
      vertex 32.1277 26.2481 3.01
      vertex 39.8372 23 3.01
      vertex 38.2476 25.5562 3.01
    endloop
  endfacet
  facet normal 0 0 1
    outer loop
      vertex 42.4985 -17.6034 3.01
      vertex 30 -24 3.01
      vertex 41.2561 -20.3453 3.01
    endloop
  endfacet
  facet normal -0 0 1
    outer loop
      vertex 33.5876 27.2236 3.01
      vertex 38.2476 25.5562 3.01
      vertex 36.4943 28.003 3.01
    endloop
  endfacet
  facet normal 0 0 1
    outer loop
      vertex 41.2561 -20.3453 3.01
      vertex 30 -24 3.01
      vertex 39.8372 -23 3.01
    endloop
  endfacet
  facet normal -0 0 1
    outer loop
      vertex 34.8191 29.5277 3.01
      vertex 36.4943 28.003 3.01
      vertex 34.8645 29.9888 3.01
    endloop
  endfacet
  facet normal -0 0 1
    outer loop
      vertex 34.563 28.6835 3.01
      vertex 36.4943 28.003 3.01
      vertex 34.8191 29.5277 3.01
    endloop
  endfacet
  facet normal 0 0 1
    outer loop
      vertex 34.1472 27.9055 3.01
      vertex 36.4943 28.003 3.01
      vertex 34.563 28.6835 3.01
    endloop
  endfacet
  facet normal 0 0 1
    outer loop
      vertex 36.4943 -28.003 3.01
      vertex 34.8191 -29.5277 3.01
      vertex 34.8645 -29.9888 3.01
    endloop
  endfacet
  facet normal 0 0 1
    outer loop
      vertex 39.8372 -23 3.01
      vertex 30 -24 3.01
      vertex 38.2476 -25.5562 3.01
    endloop
  endfacet
  facet normal 0 0 1
    outer loop
      vertex 36.4943 -28.003 3.01
      vertex 34.563 -28.6835 3.01
      vertex 34.8191 -29.5277 3.01
    endloop
  endfacet
  facet normal 0 0 1
    outer loop
      vertex 33.5876 27.2236 3.01
      vertex 36.4943 28.003 3.01
      vertex 34.1472 27.9055 3.01
    endloop
  endfacet
  facet normal 0 -0 1
    outer loop
      vertex 32.1277 -26.2481 3.01
      vertex 38.2476 -25.5562 3.01
      vertex 30 -24 3.01
    endloop
  endfacet
  facet normal 0 0 1
    outer loop
      vertex 38.2476 25.5562 3.01
      vertex 33.5876 27.2236 3.01
      vertex 32.9057 26.664 3.01
    endloop
  endfacet
  facet normal 0 0 1
    outer loop
      vertex 36.4943 -28.003 3.01
      vertex 34.1472 -27.9055 3.01
      vertex 34.563 -28.6835 3.01
    endloop
  endfacet
  facet normal -0 0 1
    outer loop
      vertex 32.1277 26.2481 3.01
      vertex 38.2476 25.5562 3.01
      vertex 32.9057 26.664 3.01
    endloop
  endfacet
  facet normal 0 0 1
    outer loop
      vertex 36.4943 -28.003 3.01
      vertex 33.5876 -27.2236 3.01
      vertex 34.1472 -27.9055 3.01
    endloop
  endfacet
  facet normal 0 0 1
    outer loop
      vertex 39.8372 23 3.01
      vertex 32.1277 26.2481 3.01
      vertex 31.2835 25.9921 3.01
    endloop
  endfacet
  facet normal 0 0 1
    outer loop
      vertex 38.2476 -25.5562 3.01
      vertex 33.5876 -27.2236 3.01
      vertex 36.4943 -28.003 3.01
    endloop
  endfacet
  facet normal 0 0 1
    outer loop
      vertex 41.2561 20.3453 3.01
      vertex 31.2835 25.9921 3.01
      vertex 26.4446 6.65176 3.01
    endloop
  endfacet
  facet normal 0 -0 1
    outer loop
      vertex 33.5876 -27.2236 3.01
      vertex 38.2476 -25.5562 3.01
      vertex 32.9057 -26.664 3.01
    endloop
  endfacet
  facet normal 0 0 1
    outer loop
      vertex 26.4446 6.65176 3.01
      vertex 31.2835 25.9921 3.01
      vertex 30.4056 25.9056 3.01
    endloop
  endfacet
  facet normal 0 0 1
    outer loop
      vertex 38.2476 -25.5562 3.01
      vertex 32.1277 -26.2481 3.01
      vertex 32.9057 -26.664 3.01
    endloop
  endfacet
  facet normal 0 0 1
    outer loop
      vertex 32.1277 -26.2481 3.01
      vertex 30 -24 3.01
      vertex 31.2835 -25.9921 3.01
    endloop
  endfacet
  facet normal 0 0 1
    outer loop
      vertex 45.9015 3.00854 3.01
      vertex 29.8463 1.56072 3.01
      vertex 30 0 3.01
    endloop
  endfacet
  facet normal 0 0 1
    outer loop
      vertex 25.0615 7.39104 3.01
      vertex 30.4056 25.9056 3.01
      vertex 29.5277 25.9921 3.01
    endloop
  endfacet
  facet normal 0 0 1
    outer loop
      vertex 45.6065 6.0042 3.01
      vertex 29.391 3.06147 3.01
      vertex 29.8463 1.56072 3.01
    endloop
  endfacet
  facet normal 0 0 1
    outer loop
      vertex 23.5607 7.84628 3.01
      vertex 29.5277 25.9921 3.01
      vertex 28.6835 26.2481 3.01
    endloop
  endfacet
  facet normal 0 0 1
    outer loop
      vertex 45.1161 8.97415 3.01
      vertex 28.6518 4.44456 3.01
      vertex 29.391 3.06147 3.01
    endloop
  endfacet
  facet normal 0 0 1
    outer loop
      vertex 22 8 3.01
      vertex 28.6835 26.2481 3.01
      vertex 27.9055 26.664 3.01
    endloop
  endfacet
  facet normal 0 0 1
    outer loop
      vertex 43.5588 14.7862 3.01
      vertex 27.6569 5.65685 3.01
      vertex 28.6518 4.44456 3.01
    endloop
  endfacet
  facet normal 0 0 1
    outer loop
      vertex 22 8 3.01
      vertex 27.9055 26.664 3.01
      vertex 27.2236 27.2236 3.01
    endloop
  endfacet
  facet normal 0 0 1
    outer loop
      vertex 22 8 3.01
      vertex 27.2236 27.2236 3.01
      vertex 26.664 27.9055 3.01
    endloop
  endfacet
  facet normal 0 0 1
    outer loop
      vertex 42.4985 17.6034 3.01
      vertex 26.4446 6.65176 3.01
      vertex 27.6569 5.65685 3.01
    endloop
  endfacet
  facet normal 0 0 1
    outer loop
      vertex 22 8 3.01
      vertex 26.664 27.9055 3.01
      vertex 26.2481 28.6835 3.01
    endloop
  endfacet
  facet normal 0 0 1
    outer loop
      vertex 12.44 37.9906 3.01
      vertex 26.2481 28.6835 3.01
      vertex 25.9921 29.5277 3.01
    endloop
  endfacet
  facet normal 0 0 1
    outer loop
      vertex 12.44 37.9906 3.01
      vertex 25.9921 29.5277 3.01
      vertex 25.9056 30.4056 3.01
    endloop
  endfacet
  facet normal -0 0 1
    outer loop
      vertex 13.2021 38.4306 3.01
      vertex 25.9921 31.2835 3.01
      vertex 23 39.8372 3.01
    endloop
  endfacet
  facet normal 0 0 1
    outer loop
      vertex 30.4056 25.9056 3.01
      vertex 25.0615 7.39104 3.01
      vertex 26.4446 6.65176 3.01
    endloop
  endfacet
  facet normal 0 0 1
    outer loop
      vertex 29.5277 25.9921 3.01
      vertex 23.5607 7.84628 3.01
      vertex 25.0615 7.39104 3.01
    endloop
  endfacet
  facet normal -0 0 1
    outer loop
      vertex 12.85 38.1605 3.01
      vertex 25.9921 31.2835 3.01
      vertex 13.2021 38.4306 3.01
    endloop
  endfacet
  facet normal 0 0 1
    outer loop
      vertex 28.6835 26.2481 3.01
      vertex 22 8 3.01
      vertex 23.5607 7.84628 3.01
    endloop
  endfacet
  facet normal 0 0 1
    outer loop
      vertex 13.4722 38.7827 3.01
      vertex 23 39.8372 3.01
      vertex 20.3453 41.2561 3.01
    endloop
  endfacet
  facet normal 0 0 1
    outer loop
      vertex 13.6421 39.1927 3.01
      vertex 20.3453 41.2561 3.01
      vertex 17.6034 42.4985 3.01
    endloop
  endfacet
  facet normal 0 0 1
    outer loop
      vertex 13.4722 40.4827 3.01
      vertex 17.6034 42.4985 3.01
      vertex 14.7862 43.5588 3.01
    endloop
  endfacet
  facet normal 0 0 1
    outer loop
      vertex 17.6034 42.4985 3.01
      vertex 13.7 39.6327 3.01
      vertex 13.6421 39.1927 3.01
    endloop
  endfacet
  facet normal 0 0 1
    outer loop
      vertex 20.3453 41.2561 3.01
      vertex 13.6421 39.1927 3.01
      vertex 13.4722 38.7827 3.01
    endloop
  endfacet
  facet normal 0 0 1
    outer loop
      vertex 23 39.8372 3.01
      vertex 13.4722 38.7827 3.01
      vertex 13.2021 38.4306 3.01
    endloop
  endfacet
  facet normal 0 0 1
    outer loop
      vertex 25.9921 31.2835 3.01
      vertex 12.85 38.1605 3.01
      vertex 25.9056 30.4056 3.01
    endloop
  endfacet
  facet normal -0 0 1
    outer loop
      vertex 12.44 37.9906 3.01
      vertex 25.9056 30.4056 3.01
      vertex 12.85 38.1605 3.01
    endloop
  endfacet
  facet normal 0 0 1
    outer loop
      vertex 26.2481 28.6835 3.01
      vertex 12.44 37.9906 3.01
      vertex 12 37.9327 3.01
    endloop
  endfacet
  facet normal 0 0 1
    outer loop
      vertex 26.2481 28.6835 3.01
      vertex 12 37.9327 3.01
      vertex 22 8 3.01
    endloop
  endfacet
  facet normal 0 0 1
    outer loop
      vertex 11.56 37.9906 3.01
      vertex 22 8 3.01
      vertex 12 37.9327 3.01
    endloop
  endfacet
  facet normal 0 0 1
    outer loop
      vertex 11.15 38.1605 3.01
      vertex 22 8 3.01
      vertex 11.56 37.9906 3.01
    endloop
  endfacet
  facet normal 0 0 1
    outer loop
      vertex -11.15 38.1605 3.01
      vertex 11.15 38.1605 3.01
      vertex 10.7979 38.4306 3.01
    endloop
  endfacet
  facet normal 0 0 1
    outer loop
      vertex -10.7979 38.4306 3.01
      vertex 10.7979 38.4306 3.01
      vertex 10.5278 38.7827 3.01
    endloop
  endfacet
  facet normal 0 0 1
    outer loop
      vertex -10.5278 38.7827 3.01
      vertex 10.5278 38.7827 3.01
      vertex 10.3579 39.1927 3.01
    endloop
  endfacet
  facet normal 0 0 1
    outer loop
      vertex 10.3579 40.0727 3.01
      vertex 6.0042 45.6065 3.01
      vertex 10.3 39.6327 3.01
    endloop
  endfacet
  facet normal 0 0 1
    outer loop
      vertex 3.00854 45.9015 3.01
      vertex 10.3 39.6327 3.01
      vertex 6.0042 45.6065 3.01
    endloop
  endfacet
  facet normal 0 0 1
    outer loop
      vertex 10.3 39.6327 3.01
      vertex 3.00854 45.9015 3.01
      vertex 10.3579 39.1927 3.01
    endloop
  endfacet
  facet normal 0 0 1
    outer loop
      vertex 0 46 3.01
      vertex 10.3579 39.1927 3.01
      vertex 3.00854 45.9015 3.01
    endloop
  endfacet
  facet normal 0 0 1
    outer loop
      vertex 10.3579 39.1927 3.01
      vertex 0 46 3.01
      vertex -10.5278 38.7827 3.01
    endloop
  endfacet
  facet normal 0 0 1
    outer loop
      vertex -10.3579 39.1927 3.01
      vertex 0 46 3.01
      vertex -3.00854 45.9015 3.01
    endloop
  endfacet
  facet normal 0 0 1
    outer loop
      vertex -10.3 39.6327 3.01
      vertex -3.00854 45.9015 3.01
      vertex -6.0042 45.6065 3.01
    endloop
  endfacet
  facet normal 0 0 1
    outer loop
      vertex -10.5278 40.4827 3.01
      vertex -6.0042 45.6065 3.01
      vertex -8.97415 45.1161 3.01
    endloop
  endfacet
  facet normal 0 0 1
    outer loop
      vertex -3.00854 45.9015 3.01
      vertex -10.3 39.6327 3.01
      vertex -10.3579 39.1927 3.01
    endloop
  endfacet
  facet normal 0 0 1
    outer loop
      vertex 0 46 3.01
      vertex -10.3579 39.1927 3.01
      vertex -10.5278 38.7827 3.01
    endloop
  endfacet
  facet normal 0 0 1
    outer loop
      vertex 10.5278 38.7827 3.01
      vertex -10.5278 38.7827 3.01
      vertex -10.7979 38.4306 3.01
    endloop
  endfacet
  facet normal 0 0 1
    outer loop
      vertex 10.7979 38.4306 3.01
      vertex -10.7979 38.4306 3.01
      vertex -11.15 38.1605 3.01
    endloop
  endfacet
  facet normal 0 0 1
    outer loop
      vertex 11.15 38.1605 3.01
      vertex -11.15 38.1605 3.01
      vertex 22 8 3.01
    endloop
  endfacet
  facet normal 0 0 1
    outer loop
      vertex -22 8 3.01
      vertex -11.15 38.1605 3.01
      vertex -11.56 37.9906 3.01
    endloop
  endfacet
  facet normal 0 0 1
    outer loop
      vertex -22 8 3.01
      vertex -11.56 37.9906 3.01
      vertex -12 37.9327 3.01
    endloop
  endfacet
  facet normal 0 0 1
    outer loop
      vertex -26.2481 28.6835 3.01
      vertex -12 37.9327 3.01
      vertex -12.44 37.9906 3.01
    endloop
  endfacet
  facet normal 0 0 1
    outer loop
      vertex -25.9056 30.4056 3.01
      vertex -12.44 37.9906 3.01
      vertex -12.85 38.1605 3.01
    endloop
  endfacet
  facet normal 0 0 1
    outer loop
      vertex -25.9921 31.2835 3.01
      vertex -12.85 38.1605 3.01
      vertex -13.2021 38.4306 3.01
    endloop
  endfacet
  facet normal 0 0 1
    outer loop
      vertex -13.6421 40.0727 3.01
      vertex -17.6034 42.4985 3.01
      vertex -13.7 39.6327 3.01
    endloop
  endfacet
  facet normal 0 0 1
    outer loop
      vertex -13.7 39.6327 3.01
      vertex -17.6034 42.4985 3.01
      vertex -13.6421 39.1927 3.01
    endloop
  endfacet
  facet normal -0 0 1
    outer loop
      vertex -20.3453 41.2561 3.01
      vertex -13.6421 39.1927 3.01
      vertex -17.6034 42.4985 3.01
    endloop
  endfacet
  facet normal 0 0 1
    outer loop
      vertex -13.6421 39.1927 3.01
      vertex -20.3453 41.2561 3.01
      vertex -13.4722 38.7827 3.01
    endloop
  endfacet
  facet normal -0 0 1
    outer loop
      vertex -23 39.8372 3.01
      vertex -13.4722 38.7827 3.01
      vertex -20.3453 41.2561 3.01
    endloop
  endfacet
  facet normal 0 0 1
    outer loop
      vertex -13.4722 38.7827 3.01
      vertex -23 39.8372 3.01
      vertex -13.2021 38.4306 3.01
    endloop
  endfacet
  facet normal 0 0 1
    outer loop
      vertex -12.44 37.9906 3.01
      vertex -25.9921 29.5277 3.01
      vertex -26.2481 28.6835 3.01
    endloop
  endfacet
  facet normal 0 0 1
    outer loop
      vertex -25.9921 31.2835 3.01
      vertex -13.2021 38.4306 3.01
      vertex -23 39.8372 3.01
    endloop
  endfacet
  facet normal 0 0 1
    outer loop
      vertex -11.15 38.1605 3.01
      vertex -22 8 3.01
      vertex 22 8 3.01
    endloop
  endfacet
  facet normal 0 0 1
    outer loop
      vertex -12 37.9327 3.01
      vertex -26.2481 28.6835 3.01
      vertex -22 8 3.01
    endloop
  endfacet
  facet normal 0 0 1
    outer loop
      vertex -26.2481 32.1277 3.01
      vertex -23 39.8372 3.01
      vertex -25.5562 38.2476 3.01
    endloop
  endfacet
  facet normal 0 0 1
    outer loop
      vertex -12.44 37.9906 3.01
      vertex -25.9056 30.4056 3.01
      vertex -25.9921 29.5277 3.01
    endloop
  endfacet
  facet normal -0 0 1
    outer loop
      vertex -26.664 27.9055 3.01
      vertex -22 8 3.01
      vertex -26.2481 28.6835 3.01
    endloop
  endfacet
  facet normal -0 0 1
    outer loop
      vertex -27.2236 27.2236 3.01
      vertex -22 8 3.01
      vertex -26.664 27.9055 3.01
    endloop
  endfacet
  facet normal -0 0 1
    outer loop
      vertex -27.9055 26.664 3.01
      vertex -22 8 3.01
      vertex -27.2236 27.2236 3.01
    endloop
  endfacet
  facet normal -0 0 1
    outer loop
      vertex -28.6835 26.2481 3.01
      vertex -22 8 3.01
      vertex -27.9055 26.664 3.01
    endloop
  endfacet
  facet normal 0 0 1
    outer loop
      vertex -22 8 3.01
      vertex -28.6835 26.2481 3.01
      vertex -23.5607 7.84628 3.01
    endloop
  endfacet
  facet normal -0 0 1
    outer loop
      vertex -29.5277 25.9921 3.01
      vertex -23.5607 7.84628 3.01
      vertex -28.6835 26.2481 3.01
    endloop
  endfacet
  facet normal 0 0 1
    outer loop
      vertex -23.5607 7.84628 3.01
      vertex -29.5277 25.9921 3.01
      vertex -25.0615 7.39104 3.01
    endloop
  endfacet
  facet normal -0 0 1
    outer loop
      vertex -30.4056 25.9056 3.01
      vertex -25.0615 7.39104 3.01
      vertex -29.5277 25.9921 3.01
    endloop
  endfacet
  facet normal 0 0 1
    outer loop
      vertex -25.0615 7.39104 3.01
      vertex -30.4056 25.9056 3.01
      vertex -26.4446 6.65176 3.01
    endloop
  endfacet
  facet normal -0 0 1
    outer loop
      vertex -41.2561 20.3453 3.01
      vertex -26.4446 6.65176 3.01
      vertex -30.4056 25.9056 3.01
    endloop
  endfacet
  facet normal -0 0 1
    outer loop
      vertex -42.4985 17.6034 3.01
      vertex -26.4446 6.65176 3.01
      vertex -41.2561 20.3453 3.01
    endloop
  endfacet
  facet normal 0 0 1
    outer loop
      vertex -26.4446 6.65176 3.01
      vertex -42.4985 17.6034 3.01
      vertex -27.6569 5.65685 3.01
    endloop
  endfacet
  facet normal -0 0 1
    outer loop
      vertex -43.5588 14.7862 3.01
      vertex -27.6569 5.65685 3.01
      vertex -42.4985 17.6034 3.01
    endloop
  endfacet
  facet normal -0 0 1
    outer loop
      vertex -45.1161 8.97415 3.01
      vertex -28.6518 4.44456 3.01
      vertex -44.4326 11.9057 3.01
    endloop
  endfacet
  facet normal -0 0 1
    outer loop
      vertex -44.4326 11.9057 3.01
      vertex -28.6518 4.44456 3.01
      vertex -43.5588 14.7862 3.01
    endloop
  endfacet
  facet normal 0 0 1
    outer loop
      vertex 31.2835 -25.9921 3.01
      vertex 30 -24 3.01
      vertex 30.4056 -25.9056 3.01
    endloop
  endfacet
  facet normal -0 0 1
    outer loop
      vertex 29.8463 -25.5607 3.01
      vertex 30.4056 -25.9056 3.01
      vertex 30 -24 3.01
    endloop
  endfacet
  facet normal 0 0 1
    outer loop
      vertex 30.4056 -25.9056 3.01
      vertex 29.8463 -25.5607 3.01
      vertex 29.7212 -25.973 3.01
    endloop
  endfacet
  facet normal 0 0 1
    outer loop
      vertex -29.8463 -25.5607 3.01
      vertex -30.4056 -25.9056 3.01
      vertex -29.7212 -25.973 3.01
    endloop
  endfacet
  facet normal 0 0 1
    outer loop
      vertex -30 -24 3.01
      vertex -30.4056 -25.9056 3.01
      vertex -29.8463 -25.5607 3.01
    endloop
  endfacet
  facet normal 0 0 1
    outer loop
      vertex -46 0 3.01
      vertex -30 0 3.01
      vertex -45.9015 3.00854 3.01
    endloop
  endfacet
  facet normal 0 0 1
    outer loop
      vertex -41.2561 20.3453 3.01
      vertex -30.4056 25.9056 3.01
      vertex -31.2835 25.9921 3.01
    endloop
  endfacet
  facet normal 0 -0 1
    outer loop
      vertex -45.6065 -6.0042 3.01
      vertex -30 0 3.01
      vertex -45.9015 -3.00854 3.01
    endloop
  endfacet
  facet normal 0 0 1
    outer loop
      vertex -39.8372 23 3.01
      vertex -31.2835 25.9921 3.01
      vertex -32.1277 26.2481 3.01
    endloop
  endfacet
  facet normal 0 -0 1
    outer loop
      vertex -45.1161 -8.97415 3.01
      vertex -30 0 3.01
      vertex -45.6065 -6.0042 3.01
    endloop
  endfacet
  facet normal 0 0 1
    outer loop
      vertex -38.2476 25.5562 3.01
      vertex -32.1277 26.2481 3.01
      vertex -32.9057 26.664 3.01
    endloop
  endfacet
  facet normal 0 -0 1
    outer loop
      vertex -44.4326 -11.9057 3.01
      vertex -30 0 3.01
      vertex -45.1161 -8.97415 3.01
    endloop
  endfacet
  facet normal 0 0 1
    outer loop
      vertex -38.2476 25.5562 3.01
      vertex -32.9057 26.664 3.01
      vertex -33.5876 27.2236 3.01
    endloop
  endfacet
  facet normal 0 -0 1
    outer loop
      vertex -45.9015 -3.00854 3.01
      vertex -30 0 3.01
      vertex -46 0 3.01
    endloop
  endfacet
  facet normal 0 0 1
    outer loop
      vertex -36.4943 28.003 3.01
      vertex -33.5876 27.2236 3.01
      vertex -34.1472 27.9055 3.01
    endloop
  endfacet
  facet normal 0 -0 1
    outer loop
      vertex -43.5588 -14.7862 3.01
      vertex -30 0 3.01
      vertex -44.4326 -11.9057 3.01
    endloop
  endfacet
  facet normal -0 0 1
    outer loop
      vertex -36.4943 28.003 3.01
      vertex -34.1472 27.9055 3.01
      vertex -34.563 28.6835 3.01
    endloop
  endfacet
  facet normal 0 0 1
    outer loop
      vertex -30 0 3.01
      vertex -43.5588 -14.7862 3.01
      vertex -30 -24 3.01
    endloop
  endfacet
  facet normal 0 0 1
    outer loop
      vertex -36.4943 28.003 3.01
      vertex -34.563 28.6835 3.01
      vertex -34.8191 29.5277 3.01
    endloop
  endfacet
  facet normal 0 0 1
    outer loop
      vertex -29.391 3.06147 3.01
      vertex -45.6065 6.0042 3.01
      vertex -29.8463 1.56072 3.01
    endloop
  endfacet
  facet normal 0 0 1
    outer loop
      vertex -36.4943 28.003 3.01
      vertex -34.8191 29.5277 3.01
      vertex -34.8645 29.9888 3.01
    endloop
  endfacet
  facet normal 0 0 1
    outer loop
      vertex -33.5876 27.2236 3.01
      vertex -36.4943 28.003 3.01
      vertex -38.2476 25.5562 3.01
    endloop
  endfacet
  facet normal 0 0 1
    outer loop
      vertex -32.1277 26.2481 3.01
      vertex -38.2476 25.5562 3.01
      vertex -39.8372 23 3.01
    endloop
  endfacet
  facet normal 0 0 1
    outer loop
      vertex -34.8191 -29.5277 3.01
      vertex -36.4943 -28.003 3.01
      vertex -34.8645 -29.9888 3.01
    endloop
  endfacet
  facet normal 0 0 1
    outer loop
      vertex -31.2835 25.9921 3.01
      vertex -39.8372 23 3.01
      vertex -41.2561 20.3453 3.01
    endloop
  endfacet
  facet normal 0 0 1
    outer loop
      vertex -34.563 -28.6835 3.01
      vertex -36.4943 -28.003 3.01
      vertex -34.8191 -29.5277 3.01
    endloop
  endfacet
  facet normal 0 0 1
    outer loop
      vertex -27.6569 5.65685 3.01
      vertex -43.5588 14.7862 3.01
      vertex -28.6518 4.44456 3.01
    endloop
  endfacet
  facet normal 0 0 1
    outer loop
      vertex -34.1472 -27.9055 3.01
      vertex -36.4943 -28.003 3.01
      vertex -34.563 -28.6835 3.01
    endloop
  endfacet
  facet normal 0 0 1
    outer loop
      vertex -28.6518 4.44456 3.01
      vertex -45.1161 8.97415 3.01
      vertex -29.391 3.06147 3.01
    endloop
  endfacet
  facet normal 0 0 1
    outer loop
      vertex -33.5876 -27.2236 3.01
      vertex -36.4943 -28.003 3.01
      vertex -34.1472 -27.9055 3.01
    endloop
  endfacet
  facet normal -0 0 1
    outer loop
      vertex -45.6065 6.0042 3.01
      vertex -29.391 3.06147 3.01
      vertex -45.1161 8.97415 3.01
    endloop
  endfacet
  facet normal 0 -0 1
    outer loop
      vertex -36.4943 -28.003 3.01
      vertex -33.5876 -27.2236 3.01
      vertex -38.2476 -25.5562 3.01
    endloop
  endfacet
  facet normal -0 0 1
    outer loop
      vertex -45.9015 3.00854 3.01
      vertex -29.8463 1.56072 3.01
      vertex -45.6065 6.0042 3.01
    endloop
  endfacet
  facet normal 0 0 1
    outer loop
      vertex -32.9057 -26.664 3.01
      vertex -38.2476 -25.5562 3.01
      vertex -33.5876 -27.2236 3.01
    endloop
  endfacet
  facet normal 0 0 1
    outer loop
      vertex -30 -24 3.01
      vertex -38.2476 -25.5562 3.01
      vertex -32.1277 -26.2481 3.01
    endloop
  endfacet
  facet normal 0 0 1
    outer loop
      vertex -32.1277 -26.2481 3.01
      vertex -38.2476 -25.5562 3.01
      vertex -32.9057 -26.664 3.01
    endloop
  endfacet
  facet normal 0 0 1
    outer loop
      vertex -29.8463 1.56072 3.01
      vertex -45.9015 3.00854 3.01
      vertex -30 0 3.01
    endloop
  endfacet
  facet normal 0 0 1
    outer loop
      vertex -30 -24 3.01
      vertex -32.1277 -26.2481 3.01
      vertex -31.2835 -25.9921 3.01
    endloop
  endfacet
  facet normal -0 -0 1
    outer loop
      vertex -42.4985 -17.6034 3.01
      vertex -30 -24 3.01
      vertex -43.5588 -14.7862 3.01
    endloop
  endfacet
  facet normal 0 -0 1
    outer loop
      vertex -38.2476 -25.5562 3.01
      vertex -30 -24 3.01
      vertex -39.8372 -23 3.01
    endloop
  endfacet
  facet normal -0 -0 1
    outer loop
      vertex -39.8372 -23 3.01
      vertex -30 -24 3.01
      vertex -41.2561 -20.3453 3.01
    endloop
  endfacet
  facet normal 0 0 1
    outer loop
      vertex -30 -24 3.01
      vertex -31.2835 -25.9921 3.01
      vertex -30.4056 -25.9056 3.01
    endloop
  endfacet
  facet normal -0 -0 1
    outer loop
      vertex -41.2561 -20.3453 3.01
      vertex -30 -24 3.01
      vertex -42.4985 -17.6034 3.01
    endloop
  endfacet
  facet normal 0 0 1
    outer loop
      vertex -6.0042 45.6065 3.01
      vertex -10.3579 40.0727 3.01
      vertex -10.3 39.6327 3.01
    endloop
  endfacet
  facet normal 0 0 1
    outer loop
      vertex -6.0042 45.6065 3.01
      vertex -10.5278 40.4827 3.01
      vertex -10.3579 40.0727 3.01
    endloop
  endfacet
  facet normal 0 0 1
    outer loop
      vertex -8.97415 45.1161 3.01
      vertex -10.7979 40.8348 3.01
      vertex -10.5278 40.4827 3.01
    endloop
  endfacet
  facet normal 0 0 1
    outer loop
      vertex -8.97415 45.1161 3.01
      vertex -11.15 41.1049 3.01
      vertex -10.7979 40.8348 3.01
    endloop
  endfacet
  facet normal -0 0 1
    outer loop
      vertex -11.9057 44.4326 3.01
      vertex -11.15 41.1049 3.01
      vertex -8.97415 45.1161 3.01
    endloop
  endfacet
  facet normal 0 0 1
    outer loop
      vertex -11.15 41.1049 3.01
      vertex -11.9057 44.4326 3.01
      vertex -11.56 41.2748 3.01
    endloop
  endfacet
  facet normal 0 0 1
    outer loop
      vertex -11.9057 44.4326 3.01
      vertex -12 41.3327 3.01
      vertex -11.56 41.2748 3.01
    endloop
  endfacet
  facet normal 0 0 1
    outer loop
      vertex -11.9057 44.4326 3.01
      vertex -12.44 41.2748 3.01
      vertex -12 41.3327 3.01
    endloop
  endfacet
  facet normal -0 0 1
    outer loop
      vertex -14.7862 43.5588 3.01
      vertex -12.44 41.2748 3.01
      vertex -11.9057 44.4326 3.01
    endloop
  endfacet
  facet normal 0 0 1
    outer loop
      vertex -12.44 41.2748 3.01
      vertex -14.7862 43.5588 3.01
      vertex -12.85 41.1049 3.01
    endloop
  endfacet
  facet normal 0 0 1
    outer loop
      vertex -12.85 41.1049 3.01
      vertex -14.7862 43.5588 3.01
      vertex -13.2021 40.8348 3.01
    endloop
  endfacet
  facet normal 0 0 1
    outer loop
      vertex -13.2021 40.8348 3.01
      vertex -14.7862 43.5588 3.01
      vertex -13.4722 40.4827 3.01
    endloop
  endfacet
  facet normal 0 0 1
    outer loop
      vertex -13.4722 40.4827 3.01
      vertex -17.6034 42.4985 3.01
      vertex -13.6421 40.0727 3.01
    endloop
  endfacet
  facet normal -0 0 1
    outer loop
      vertex -17.6034 42.4985 3.01
      vertex -13.4722 40.4827 3.01
      vertex -14.7862 43.5588 3.01
    endloop
  endfacet
  facet normal 0 0 1
    outer loop
      vertex 17.6034 42.4985 3.01
      vertex 13.6421 40.0727 3.01
      vertex 13.7 39.6327 3.01
    endloop
  endfacet
  facet normal 0 0 1
    outer loop
      vertex 17.6034 42.4985 3.01
      vertex 13.4722 40.4827 3.01
      vertex 13.6421 40.0727 3.01
    endloop
  endfacet
  facet normal 0 0 1
    outer loop
      vertex 14.7862 43.5588 3.01
      vertex 13.2021 40.8348 3.01
      vertex 13.4722 40.4827 3.01
    endloop
  endfacet
  facet normal 0 0 1
    outer loop
      vertex 14.7862 43.5588 3.01
      vertex 12.85 41.1049 3.01
      vertex 13.2021 40.8348 3.01
    endloop
  endfacet
  facet normal 0 0 1
    outer loop
      vertex 14.7862 43.5588 3.01
      vertex 12.44 41.2748 3.01
      vertex 12.85 41.1049 3.01
    endloop
  endfacet
  facet normal 0 0 1
    outer loop
      vertex 11.9057 44.4326 3.01
      vertex 12.44 41.2748 3.01
      vertex 14.7862 43.5588 3.01
    endloop
  endfacet
  facet normal 0 0 1
    outer loop
      vertex 12.44 41.2748 3.01
      vertex 11.9057 44.4326 3.01
      vertex 12 41.3327 3.01
    endloop
  endfacet
  facet normal 0 0 1
    outer loop
      vertex 11.9057 44.4326 3.01
      vertex 11.56 41.2748 3.01
      vertex 12 41.3327 3.01
    endloop
  endfacet
  facet normal 0 0 1
    outer loop
      vertex 11.9057 44.4326 3.01
      vertex 11.15 41.1049 3.01
      vertex 11.56 41.2748 3.01
    endloop
  endfacet
  facet normal 0 0 1
    outer loop
      vertex 8.97415 45.1161 3.01
      vertex 11.15 41.1049 3.01
      vertex 11.9057 44.4326 3.01
    endloop
  endfacet
  facet normal 0 0 1
    outer loop
      vertex 11.15 41.1049 3.01
      vertex 8.97415 45.1161 3.01
      vertex 10.7979 40.8348 3.01
    endloop
  endfacet
  facet normal 0 0 1
    outer loop
      vertex 10.7979 40.8348 3.01
      vertex 8.97415 45.1161 3.01
      vertex 10.5278 40.4827 3.01
    endloop
  endfacet
  facet normal 0 0 1
    outer loop
      vertex 10.5278 40.4827 3.01
      vertex 6.0042 45.6065 3.01
      vertex 10.3579 40.0727 3.01
    endloop
  endfacet
  facet normal 0 0 1
    outer loop
      vertex 6.0042 45.6065 3.01
      vertex 10.5278 40.4827 3.01
      vertex 8.97415 45.1161 3.01
    endloop
  endfacet
  facet normal 0 0 1
    outer loop
      vertex 29.5277 -34.8191 3.01
      vertex 28.003 -36.4943 3.01
      vertex 29.9888 -34.8645 3.01
    endloop
  endfacet
  facet normal 0 0 1
    outer loop
      vertex 28.6835 -34.563 3.01
      vertex 28.003 -36.4943 3.01
      vertex 29.5277 -34.8191 3.01
    endloop
  endfacet
  facet normal 0 0 1
    outer loop
      vertex 27.9055 -34.1472 3.01
      vertex 28.003 -36.4943 3.01
      vertex 28.6835 -34.563 3.01
    endloop
  endfacet
  facet normal 0 0 1
    outer loop
      vertex 27.2236 -33.5876 3.01
      vertex 28.003 -36.4943 3.01
      vertex 27.9055 -34.1472 3.01
    endloop
  endfacet
  facet normal 0 0 1
    outer loop
      vertex 25.5562 -38.2476 3.01
      vertex 27.2236 -33.5876 3.01
      vertex 26.664 -32.9057 3.01
    endloop
  endfacet
  facet normal 0 0 1
    outer loop
      vertex 23.5607 -31.8463 3.01
      vertex 26.664 -32.9057 3.01
      vertex 26.2481 -32.1277 3.01
    endloop
  endfacet
  facet normal 0 0 1
    outer loop
      vertex 27.2236 -33.5876 3.01
      vertex 25.5562 -38.2476 3.01
      vertex 28.003 -36.4943 3.01
    endloop
  endfacet
  facet normal -0 0 1
    outer loop
      vertex 25.0615 -31.391 3.01
      vertex 26.2481 -32.1277 3.01
      vertex 25.9921 -31.2835 3.01
    endloop
  endfacet
  facet normal 0 0 1
    outer loop
      vertex 25.0615 -31.391 3.01
      vertex 25.9921 -31.2835 3.01
      vertex 25.9556 -30.9131 3.01
    endloop
  endfacet
  facet normal -0 0 1
    outer loop
      vertex 23.5607 -31.8463 3.01
      vertex 26.2481 -32.1277 3.01
      vertex 25.0615 -31.391 3.01
    endloop
  endfacet
  facet normal 0 0 1
    outer loop
      vertex 26.664 -32.9057 3.01
      vertex 23.5607 -31.8463 3.01
      vertex 25.5562 -38.2476 3.01
    endloop
  endfacet
  facet normal -0 0 1
    outer loop
      vertex 22 -32 3.01
      vertex 25.5562 -38.2476 3.01
      vertex 23.5607 -31.8463 3.01
    endloop
  endfacet
  facet normal 0 0 1
    outer loop
      vertex 25.5562 -38.2476 3.01
      vertex 22 -32 3.01
      vertex 23 -39.8372 3.01
    endloop
  endfacet
  facet normal 0 0 1
    outer loop
      vertex 22 -32 3.01
      vertex 20.3453 -41.2561 3.01
      vertex 23 -39.8372 3.01
    endloop
  endfacet
  facet normal 0 0 1
    outer loop
      vertex 22 -32 3.01
      vertex 17.6034 -42.4985 3.01
      vertex 20.3453 -41.2561 3.01
    endloop
  endfacet
  facet normal 0 0 1
    outer loop
      vertex 22 -32 3.01
      vertex 14.7862 -43.5588 3.01
      vertex 17.6034 -42.4985 3.01
    endloop
  endfacet
  facet normal 0 0 1
    outer loop
      vertex 22 -32 3.01
      vertex 11.9057 -44.4326 3.01
      vertex 14.7862 -43.5588 3.01
    endloop
  endfacet
  facet normal 0 0 1
    outer loop
      vertex 22 -32 3.01
      vertex 8.97415 -45.1161 3.01
      vertex 11.9057 -44.4326 3.01
    endloop
  endfacet
  facet normal 0 0 1
    outer loop
      vertex 22 -32 3.01
      vertex 6.0042 -45.6065 3.01
      vertex 8.97415 -45.1161 3.01
    endloop
  endfacet
  facet normal 0 0 1
    outer loop
      vertex 22 -32 3.01
      vertex 3.00854 -45.9015 3.01
      vertex 6.0042 -45.6065 3.01
    endloop
  endfacet
  facet normal 0 0 1
    outer loop
      vertex 22 -32 3.01
      vertex 0 -46 3.01
      vertex 3.00854 -45.9015 3.01
    endloop
  endfacet
  facet normal -0 0 1
    outer loop
      vertex -22 -32 3.01
      vertex 0 -46 3.01
      vertex 22 -32 3.01
    endloop
  endfacet
  facet normal 0 0 1
    outer loop
      vertex 0 -46 3.01
      vertex -22 -32 3.01
      vertex -3.00854 -45.9015 3.01
    endloop
  endfacet
  facet normal 0 0 1
    outer loop
      vertex -3.00854 -45.9015 3.01
      vertex -22 -32 3.01
      vertex -6.0042 -45.6065 3.01
    endloop
  endfacet
  facet normal 0 0 1
    outer loop
      vertex -6.0042 -45.6065 3.01
      vertex -22 -32 3.01
      vertex -8.97415 -45.1161 3.01
    endloop
  endfacet
  facet normal 0 0 1
    outer loop
      vertex -8.97415 -45.1161 3.01
      vertex -22 -32 3.01
      vertex -11.9057 -44.4326 3.01
    endloop
  endfacet
  facet normal 0 0 1
    outer loop
      vertex -11.9057 -44.4326 3.01
      vertex -22 -32 3.01
      vertex -14.7862 -43.5588 3.01
    endloop
  endfacet
  facet normal 0 0 1
    outer loop
      vertex -14.7862 -43.5588 3.01
      vertex -22 -32 3.01
      vertex -17.6034 -42.4985 3.01
    endloop
  endfacet
  facet normal 0 0 1
    outer loop
      vertex -17.6034 -42.4985 3.01
      vertex -22 -32 3.01
      vertex -20.3453 -41.2561 3.01
    endloop
  endfacet
  facet normal 0 0 1
    outer loop
      vertex -22 -32 3.01
      vertex -23 -39.8372 3.01
      vertex -20.3453 -41.2561 3.01
    endloop
  endfacet
  facet normal 0 0 1
    outer loop
      vertex -25.5562 -38.2476 3.01
      vertex -22 -32 3.01
      vertex -23.5607 -31.8463 3.01
    endloop
  endfacet
  facet normal 0 0 1
    outer loop
      vertex -26.2481 -32.1277 3.01
      vertex -23.5607 -31.8463 3.01
      vertex -25.0615 -31.391 3.01
    endloop
  endfacet
  facet normal 0 0 1
    outer loop
      vertex -22 -32 3.01
      vertex -25.5562 -38.2476 3.01
      vertex -23 -39.8372 3.01
    endloop
  endfacet
  facet normal -0 0 1
    outer loop
      vertex -25.9921 -31.2835 3.01
      vertex -25.0615 -31.391 3.01
      vertex -25.9556 -30.9131 3.01
    endloop
  endfacet
  facet normal 0 0 1
    outer loop
      vertex -26.2481 -32.1277 3.01
      vertex -25.0615 -31.391 3.01
      vertex -25.9921 -31.2835 3.01
    endloop
  endfacet
  facet normal 0 0 1
    outer loop
      vertex -23.5607 -31.8463 3.01
      vertex -26.2481 -32.1277 3.01
      vertex -26.664 -32.9057 3.01
    endloop
  endfacet
  facet normal 0 0 1
    outer loop
      vertex -23.5607 -31.8463 3.01
      vertex -26.664 -32.9057 3.01
      vertex -25.5562 -38.2476 3.01
    endloop
  endfacet
  facet normal -0 0 1
    outer loop
      vertex -27.2236 -33.5876 3.01
      vertex -25.5562 -38.2476 3.01
      vertex -26.664 -32.9057 3.01
    endloop
  endfacet
  facet normal 0 0 1
    outer loop
      vertex -28.003 -36.4943 3.01
      vertex -27.2236 -33.5876 3.01
      vertex -27.9055 -34.1472 3.01
    endloop
  endfacet
  facet normal 0 0 1
    outer loop
      vertex -27.2236 -33.5876 3.01
      vertex -28.003 -36.4943 3.01
      vertex -25.5562 -38.2476 3.01
    endloop
  endfacet
  facet normal -0 0 1
    outer loop
      vertex -28.6835 -34.563 3.01
      vertex -28.003 -36.4943 3.01
      vertex -27.9055 -34.1472 3.01
    endloop
  endfacet
  facet normal -0 0 1
    outer loop
      vertex -29.5277 -34.8191 3.01
      vertex -28.003 -36.4943 3.01
      vertex -28.6835 -34.563 3.01
    endloop
  endfacet
  facet normal 0 0 1
    outer loop
      vertex -28.003 -36.4943 3.01
      vertex -29.5277 -34.8191 3.01
      vertex -29.9888 -34.8645 3.01
    endloop
  endfacet
  facet normal 0.582467 0.812854 0
    outer loop
      vertex -25.5562 -38.2476 9.5
      vertex -25.5562 -38.2476 3.01
      vertex -26.3691 -37.6651 9.5
    endloop
  endfacet
  facet normal 0.582467 0.812854 0
    outer loop
      vertex -26.3691 -37.6651 14.5
      vertex -25.5562 -38.2476 17
      vertex -25.5562 -38.2476 14.5
    endloop
  endfacet
  facet normal 0.582466 0.812855 4.55794e-07
    outer loop
      vertex -25.5562 -38.2476 17
      vertex -26.3691 -37.6651 14.5
      vertex -28.003 -36.4943 17
    endloop
  endfacet
  facet normal 0.582466 0.812855 -0
    outer loop
      vertex -26.3691 -37.6651 9.5
      vertex -28.003 -36.4943 17
      vertex -26.3691 -37.6651 14.5
    endloop
  endfacet
  facet normal 0.582466 0.812855 -1.75576e-07
    outer loop
      vertex -28.003 -36.4943 3.01
      vertex -26.3691 -37.6651 9.5
      vertex -25.5562 -38.2476 3.01
    endloop
  endfacet
  facet normal 0.582466 0.812855 0
    outer loop
      vertex -26.3691 -37.6651 9.5
      vertex -28.003 -36.4943 3.01
      vertex -28.003 -36.4943 17
    endloop
  endfacet
  facet normal -0.290288 0.956939 0
    outer loop
      vertex 14.7862 -43.5588 3.01
      vertex 11.9057 -44.4326 17
      vertex 14.7862 -43.5588 17
    endloop
  endfacet
  facet normal -0.290288 0.956939 0
    outer loop
      vertex 11.9057 -44.4326 17
      vertex 14.7862 -43.5588 3.01
      vertex 11.9057 -44.4326 3.01
    endloop
  endfacet
  facet normal 0.412724 0.910856 -0
    outer loop
      vertex -17.6034 -42.4985 3.01
      vertex -20.3453 -41.2561 17
      vertex -17.6034 -42.4985 17
    endloop
  endfacet
  facet normal 0.412724 0.910856 0
    outer loop
      vertex -20.3453 -41.2561 17
      vertex -17.6034 -42.4985 3.01
      vertex -20.3453 -41.2561 3.01
    endloop
  endfacet
  facet normal -0.973884 -0.227047 0
    outer loop
      vertex 44.4326 11.9057 3.01
      vertex 44.7979 10.3388 9.5
      vertex 44.4326 11.9057 17
    endloop
  endfacet
  facet normal -0.97388 -0.227063 -4.14286e-06
    outer loop
      vertex 45.1161 8.97415 3.01
      vertex 44.7979 10.3388 9.5
      vertex 44.4326 11.9057 3.01
    endloop
  endfacet
  facet normal -0.973876 -0.227082 0
    outer loop
      vertex 44.7979 10.3388 9.5
      vertex 45.1161 8.97415 3.01
      vertex 45.1161 8.97415 9.5
    endloop
  endfacet
  facet normal -0.973884 -0.227047 -0
    outer loop
      vertex 44.7979 10.3388 14.5
      vertex 44.4326 11.9057 17
      vertex 44.7979 10.3388 9.5
    endloop
  endfacet
  facet normal -0.973876 -0.227082 -0
    outer loop
      vertex 45.1161 8.97415 17
      vertex 44.7979 10.3388 14.5
      vertex 45.1161 8.97415 14.5
    endloop
  endfacet
  facet normal -0.97388 -0.227063 1.07549e-05
    outer loop
      vertex 44.7979 10.3388 14.5
      vertex 45.1161 8.97415 17
      vertex 44.4326 11.9057 17
    endloop
  endfacet
  facet normal 0.973876 0.227082 0
    outer loop
      vertex -45.1161 -8.97415 17
      vertex -44.7979 -10.3388 14.5
      vertex -45.1161 -8.97415 14.5
    endloop
  endfacet
  facet normal 0.973884 0.227047 0
    outer loop
      vertex -44.7979 -10.3388 14.5
      vertex -44.4326 -11.9057 17
      vertex -44.7979 -10.3388 9.5
    endloop
  endfacet
  facet normal 0.97388 0.227063 1.07549e-05
    outer loop
      vertex -44.4326 -11.9057 17
      vertex -44.7979 -10.3388 14.5
      vertex -45.1161 -8.97415 17
    endloop
  endfacet
  facet normal 0.973876 0.227082 0
    outer loop
      vertex -44.7979 -10.3388 9.5
      vertex -45.1161 -8.97415 3.01
      vertex -45.1161 -8.97415 9.5
    endloop
  endfacet
  facet normal 0.97388 0.227063 -4.14286e-06
    outer loop
      vertex -44.7979 -10.3388 9.5
      vertex -44.4326 -11.9057 3.01
      vertex -45.1161 -8.97415 3.01
    endloop
  endfacet
  facet normal 0.973884 0.227047 -0
    outer loop
      vertex -44.4326 -11.9057 3.01
      vertex -44.7979 -10.3388 9.5
      vertex -44.4326 -11.9057 17
    endloop
  endfacet
  facet normal 0.634416 -0.772992 0
    outer loop
      vertex -29.9888 34.8645 3.01
      vertex -28.003 36.4943 17
      vertex -29.9888 34.8645 17
    endloop
  endfacet
  facet normal 0.634416 -0.772992 0
    outer loop
      vertex -28.003 36.4943 17
      vertex -29.9888 34.8645 3.01
      vertex -28.003 36.4943 3.01
    endloop
  endfacet
  facet normal 0.999464 -0.0327226 0
    outer loop
      vertex -46 0 17
      vertex -45.9015 3.00854 3.01
      vertex -45.9015 3.00854 17
    endloop
  endfacet
  facet normal 0.999464 -0.0327226 0
    outer loop
      vertex -45.9015 3.00854 3.01
      vertex -46 0 17
      vertex -46 0 3.01
    endloop
  endfacet
  facet normal 0.956939 0.290288 0
    outer loop
      vertex -43.5588 -14.7862 17
      vertex -44.4326 -11.9057 3.01
      vertex -44.4326 -11.9057 17
    endloop
  endfacet
  facet normal 0.956939 0.290288 0
    outer loop
      vertex -44.4326 -11.9057 3.01
      vertex -43.5588 -14.7862 17
      vertex -43.5588 -14.7862 3.01
    endloop
  endfacet
  facet normal 0.0327226 -0.999464 0
    outer loop
      vertex -3.00854 45.9015 3.01
      vertex 0 46 17
      vertex -3.00854 45.9015 17
    endloop
  endfacet
  facet normal 0.0327226 -0.999464 0
    outer loop
      vertex 0 46 17
      vertex -3.00854 45.9015 3.01
      vertex 0 46 3.01
    endloop
  endfacet
  facet normal -0.935908 0.352245 0
    outer loop
      vertex 42.4985 -17.6034 3.01
      vertex 43.5588 -14.7862 17
      vertex 43.5588 -14.7862 3.01
    endloop
  endfacet
  facet normal -0.935908 0.352245 0
    outer loop
      vertex 43.5588 -14.7862 17
      vertex 42.4985 -17.6034 3.01
      vertex 42.4985 -17.6034 17
    endloop
  endfacet
  facet normal 0.0980454 0.995182 -0
    outer loop
      vertex -3.00854 -45.9015 3.01
      vertex -3.96469 -45.8073 6.65333
      vertex -3.00854 -45.9015 6.52746
    endloop
  endfacet
  facet normal 0.0980018 0.995186 -1.15731e-05
    outer loop
      vertex -6.0042 -45.6065 3.01
      vertex -3.96469 -45.8073 6.65333
      vertex -3.00854 -45.9015 3.01
    endloop
  endfacet
  facet normal 0.098015 0.995185 -1.90764e-05
    outer loop
      vertex -3.96469 -45.8073 6.65333
      vertex -6.0042 -45.6065 3.01
      vertex -5.05 -45.7004 7.10289
    endloop
  endfacet
  facet normal 0.097922 0.995194 2.82876e-06
    outer loop
      vertex -5.05 -45.7004 7.10289
      vertex -6.0042 -45.6065 3.01
      vertex -5.98198 -45.6087 7.81802
    endloop
  endfacet
  facet normal 0.0985281 0.995134 0
    outer loop
      vertex -5.98198 -45.6087 7.81802
      vertex -6.0042 -45.6065 3.01
      vertex -6.0042 -45.6065 7.84698
    endloop
  endfacet
  facet normal 0.0980454 0.995182 0
    outer loop
      vertex -3.96469 -45.8073 15.3467
      vertex -3.00854 -45.9015 17
      vertex -3.00854 -45.9015 15.4725
    endloop
  endfacet
  facet normal 0.0980018 0.995186 2.55033e-05
    outer loop
      vertex -3.00854 -45.9015 17
      vertex -3.96469 -45.8073 15.3467
      vertex -6.0042 -45.6065 17
    endloop
  endfacet
  facet normal 0.0980088 0.995186 3.42718e-05
    outer loop
      vertex -5.05 -45.7004 14.8971
      vertex -6.0042 -45.6065 17
      vertex -3.96469 -45.8073 15.3467
    endloop
  endfacet
  facet normal 0.0979235 0.995194 -4.81437e-06
    outer loop
      vertex -5.98198 -45.6087 14.182
      vertex -6.0042 -45.6065 17
      vertex -5.05 -45.7004 14.8971
    endloop
  endfacet
  facet normal 0.0985281 0.995134 0
    outer loop
      vertex -6.0042 -45.6065 17
      vertex -5.98198 -45.6087 14.182
      vertex -6.0042 -45.6065 14.153
    endloop
  endfacet
  facet normal -0.986641 0.162907 0
    outer loop
      vertex 45.6065 -6.0042 3.01
      vertex 45.3444 -7.5916 9.5
      vertex 45.6065 -6.0042 17
    endloop
  endfacet
  facet normal -0.98664 0.162915 1.89727e-06
    outer loop
      vertex 45.1161 -8.97415 3.01
      vertex 45.3444 -7.5916 9.5
      vertex 45.6065 -6.0042 3.01
    endloop
  endfacet
  facet normal -0.986639 0.162923 0
    outer loop
      vertex 45.3444 -7.5916 9.5
      vertex 45.1161 -8.97415 3.01
      vertex 45.1161 -8.97415 9.5
    endloop
  endfacet
  facet normal -0.986641 0.162907 0
    outer loop
      vertex 45.3444 -7.5916 14.5
      vertex 45.6065 -6.0042 17
      vertex 45.3444 -7.5916 9.5
    endloop
  endfacet
  facet normal -0.986639 0.162923 0
    outer loop
      vertex 45.1161 -8.97415 17
      vertex 45.3444 -7.5916 14.5
      vertex 45.1161 -8.97415 14.5
    endloop
  endfacet
  facet normal -0.98664 0.162915 -4.92531e-06
    outer loop
      vertex 45.3444 -7.5916 14.5
      vertex 45.1161 -8.97415 17
      vertex 45.6065 -6.0042 17
    endloop
  endfacet
  facet normal -0.352245 0.935908 0
    outer loop
      vertex 17.6034 -42.4985 3.01
      vertex 14.7862 -43.5588 17
      vertex 17.6034 -42.4985 17
    endloop
  endfacet
  facet normal -0.352245 0.935908 0
    outer loop
      vertex 14.7862 -43.5588 17
      vertex 17.6034 -42.4985 3.01
      vertex 14.7862 -43.5588 3.01
    endloop
  endfacet
  facet normal 0.849179 -0.528105 0
    outer loop
      vertex -38.2476 25.5562 17
      vertex -38.9876 24.3663 14.5
      vertex -38.2476 25.5562 14.5
    endloop
  endfacet
  facet normal 0.849208 -0.528059 0
    outer loop
      vertex -38.9876 24.3663 14.5
      vertex -39.8372 23 17
      vertex -38.9876 24.3663 9.5
    endloop
  endfacet
  facet normal 0.849194 -0.52808 -1.63394e-05
    outer loop
      vertex -39.8372 23 17
      vertex -38.9876 24.3663 14.5
      vertex -38.2476 25.5562 17
    endloop
  endfacet
  facet normal 0.849179 -0.528105 0
    outer loop
      vertex -38.9876 24.3663 9.5
      vertex -38.2476 25.5562 3.01
      vertex -38.2476 25.5562 9.5
    endloop
  endfacet
  facet normal 0.849194 -0.52808 6.29407e-06
    outer loop
      vertex -38.9876 24.3663 9.5
      vertex -39.8372 23 3.01
      vertex -38.2476 25.5562 3.01
    endloop
  endfacet
  facet normal 0.849208 -0.528059 0
    outer loop
      vertex -39.8372 23 3.01
      vertex -38.9876 24.3663 9.5
      vertex -39.8372 23 17
    endloop
  endfacet
  facet normal 0.0980018 -0.995186 0
    outer loop
      vertex -6.0042 45.6065 3.01
      vertex -3.00854 45.9015 17
      vertex -6.0042 45.6065 17
    endloop
  endfacet
  facet normal 0.0980018 -0.995186 0
    outer loop
      vertex -3.00854 45.9015 17
      vertex -6.0042 45.6065 3.01
      vertex -3.00854 45.9015 3.01
    endloop
  endfacet
  facet normal 0.352245 0.935908 -0
    outer loop
      vertex -14.7862 -43.5588 3.01
      vertex -17.6034 -42.4985 17
      vertex -14.7862 -43.5588 17
    endloop
  endfacet
  facet normal 0.352245 0.935908 0
    outer loop
      vertex -17.6034 -42.4985 17
      vertex -14.7862 -43.5588 3.01
      vertex -17.6034 -42.4985 3.01
    endloop
  endfacet
  facet normal 0.986639 0.162919 -0
    outer loop
      vertex -45.279 -7.98754 9.5
      vertex -45.6065 -6.0042 17
      vertex -45.279 -7.98754 14.5
    endloop
  endfacet
  facet normal 0.98664 0.162915 3.81228e-06
    outer loop
      vertex -45.1161 -8.97415 17
      vertex -45.279 -7.98754 14.5
      vertex -45.6065 -6.0042 17
    endloop
  endfacet
  facet normal 0.986642 0.162905 0
    outer loop
      vertex -45.279 -7.98754 14.5
      vertex -45.1161 -8.97415 17
      vertex -45.1161 -8.97415 14.5
    endloop
  endfacet
  facet normal 0.986639 0.162919 0
    outer loop
      vertex -45.6065 -6.0042 17
      vertex -45.279 -7.98754 9.5
      vertex -45.6065 -6.0042 3.01
    endloop
  endfacet
  facet normal 0.986642 0.162905 -0
    outer loop
      vertex -45.1161 -8.97415 3.01
      vertex -45.279 -7.98754 9.5
      vertex -45.1161 -8.97415 9.5
    endloop
  endfacet
  facet normal 0.98664 0.162915 -1.46852e-06
    outer loop
      vertex -45.279 -7.98754 9.5
      vertex -45.1161 -8.97415 3.01
      vertex -45.6065 -6.0042 3.01
    endloop
  endfacet
  facet normal 0.935908 -0.352245 0
    outer loop
      vertex -43.5588 14.7862 17
      vertex -42.4985 17.6034 3.01
      vertex -42.4985 17.6034 17
    endloop
  endfacet
  facet normal 0.935908 -0.352245 0
    outer loop
      vertex -42.4985 17.6034 3.01
      vertex -43.5588 14.7862 17
      vertex -43.5588 14.7862 3.01
    endloop
  endfacet
  facet normal -0.471379 -0.88193 0
    outer loop
      vertex 20.3453 41.2561 3.01
      vertex 23 39.8372 17
      vertex 20.3453 41.2561 17
    endloop
  endfacet
  facet normal -0.471379 -0.88193 -0
    outer loop
      vertex 23 39.8372 17
      vertex 20.3453 41.2561 3.01
      vertex 23 39.8372 3.01
    endloop
  endfacet
  facet normal 0.812855 -0.582466 0
    outer loop
      vertex -37.6651 26.3691 9.5
      vertex -36.4943 28.003 17
      vertex -37.6651 26.3691 14.5
    endloop
  endfacet
  facet normal 0.812855 -0.582466 4.55794e-07
    outer loop
      vertex -38.2476 25.5562 17
      vertex -37.6651 26.3691 14.5
      vertex -36.4943 28.003 17
    endloop
  endfacet
  facet normal 0.812854 -0.582467 0
    outer loop
      vertex -37.6651 26.3691 14.5
      vertex -38.2476 25.5562 17
      vertex -38.2476 25.5562 14.5
    endloop
  endfacet
  facet normal 0.812855 -0.582466 0
    outer loop
      vertex -36.4943 28.003 17
      vertex -37.6651 26.3691 9.5
      vertex -36.4943 28.003 3.01
    endloop
  endfacet
  facet normal 0.812854 -0.582467 0
    outer loop
      vertex -38.2476 25.5562 3.01
      vertex -37.6651 26.3691 9.5
      vertex -38.2476 25.5562 9.5
    endloop
  endfacet
  facet normal 0.812855 -0.582466 -1.75576e-07
    outer loop
      vertex -37.6651 26.3691 9.5
      vertex -38.2476 25.5562 3.01
      vertex -36.4943 28.003 3.01
    endloop
  endfacet
  facet normal 0.849198 0.528075 -0
    outer loop
      vertex -38.7757 -24.707 9.5
      vertex -39.8372 -23 17
      vertex -38.7757 -24.707 14.5
    endloop
  endfacet
  facet normal 0.849194 0.52808 -5.43495e-06
    outer loop
      vertex -38.2476 -25.5562 17
      vertex -38.7757 -24.707 14.5
      vertex -39.8372 -23 17
    endloop
  endfacet
  facet normal 0.849187 0.528092 0
    outer loop
      vertex -38.7757 -24.707 14.5
      vertex -38.2476 -25.5562 17
      vertex -38.2476 -25.5562 14.5
    endloop
  endfacet
  facet normal 0.849198 0.528075 0
    outer loop
      vertex -39.8372 -23 17
      vertex -38.7757 -24.707 9.5
      vertex -39.8372 -23 3.01
    endloop
  endfacet
  facet normal 0.849187 0.528092 -0
    outer loop
      vertex -38.2476 -25.5562 3.01
      vertex -38.7757 -24.707 9.5
      vertex -38.2476 -25.5562 9.5
    endloop
  endfacet
  facet normal 0.849194 0.52808 2.09359e-06
    outer loop
      vertex -38.7757 -24.707 9.5
      vertex -38.2476 -25.5562 3.01
      vertex -39.8372 -23 3.01
    endloop
  endfacet
  facet normal -0.162905 0.986642 -4.73935e-05
    outer loop
      vertex 8.97415 -45.1161 9.5
      vertex 6.69711 -45.4921 8.75
      vertex 7.98754 -45.279 9.5
    endloop
  endfacet
  facet normal -0.162929 0.986638 2.61883e-05
    outer loop
      vertex 8.97415 -45.1161 9.5
      vertex 6.0042 -45.6065 7.84698
      vertex 6.69711 -45.4921 8.75
    endloop
  endfacet
  facet normal -0.162915 0.98664 0
    outer loop
      vertex 8.97415 -45.1161 3.01
      vertex 6.0042 -45.6065 7.84698
      vertex 8.97415 -45.1161 9.5
    endloop
  endfacet
  facet normal -0.162915 0.98664 0
    outer loop
      vertex 6.0042 -45.6065 7.84698
      vertex 8.97415 -45.1161 3.01
      vertex 6.0042 -45.6065 3.01
    endloop
  endfacet
  facet normal -0.162905 0.986642 0
    outer loop
      vertex 7.98754 -45.279 14.5
      vertex 8.97415 -45.1161 17
      vertex 8.97415 -45.1161 14.5
    endloop
  endfacet
  facet normal -0.162915 0.98664 3.81228e-06
    outer loop
      vertex 8.97415 -45.1161 17
      vertex 7.98754 -45.279 14.5
      vertex 6.0042 -45.6065 17
    endloop
  endfacet
  facet normal -0.162919 0.986639 0
    outer loop
      vertex 7.98754 -45.279 14.5
      vertex 6.0042 -45.6065 14.153
      vertex 6.0042 -45.6065 17
    endloop
  endfacet
  facet normal -0.162917 0.98664 -1.64792e-05
    outer loop
      vertex 7.98754 -45.279 14.5
      vertex 6.69711 -45.4921 13.25
      vertex 6.0042 -45.6065 14.153
    endloop
  endfacet
  facet normal -0.162969 0.986631 3.90705e-05
    outer loop
      vertex 7.98754 -45.279 14.5
      vertex 7.14667 -45.4178 12.1647
      vertex 6.69711 -45.4921 13.25
    endloop
  endfacet
  facet normal -0.162847 0.986651 -6.04414e-06
    outer loop
      vertex 7.98754 -45.279 14.5
      vertex 7.3 -45.3925 11
      vertex 7.14667 -45.4178 12.1647
    endloop
  endfacet
  facet normal -0.162877 0.986646 0
    outer loop
      vertex 7.98754 -45.279 9.5
      vertex 7.3 -45.3925 11
      vertex 7.98754 -45.279 14.5
    endloop
  endfacet
  facet normal -0.16286 0.986649 7.84234e-06
    outer loop
      vertex 7.3 -45.3925 11
      vertex 7.98754 -45.279 9.5
      vertex 7.14667 -45.4178 9.83531
    endloop
  endfacet
  facet normal -0.162891 0.986644 -7.21073e-05
    outer loop
      vertex 7.14667 -45.4178 9.83531
      vertex 7.98754 -45.279 9.5
      vertex 6.69711 -45.4921 8.75
    endloop
  endfacet
  facet normal -0.227008 -0.973893 -0
    outer loop
      vertex 8.97415 45.1161 9.5
      vertex 8.97415 45.1161 3.01
      vertex 9.94801 44.8891 9.5
    endloop
  endfacet
  facet normal -0.227008 -0.973893 0
    outer loop
      vertex 9.94801 44.8891 14.5
      vertex 8.97415 45.1161 17
      vertex 8.97415 45.1161 14.5
    endloop
  endfacet
  facet normal -0.227063 -0.97388 -2.27841e-05
    outer loop
      vertex 8.97415 45.1161 17
      vertex 9.94801 44.8891 14.5
      vertex 11.9057 44.4326 17
    endloop
  endfacet
  facet normal -0.227091 -0.973874 0
    outer loop
      vertex 9.94801 44.8891 9.5
      vertex 11.9057 44.4326 17
      vertex 9.94801 44.8891 14.5
    endloop
  endfacet
  facet normal -0.227063 -0.97388 8.7766e-06
    outer loop
      vertex 11.9057 44.4326 3.01
      vertex 9.94801 44.8891 9.5
      vertex 8.97415 45.1161 3.01
    endloop
  endfacet
  facet normal -0.227091 -0.973874 0
    outer loop
      vertex 9.94801 44.8891 9.5
      vertex 11.9057 44.4326 3.01
      vertex 11.9057 44.4326 17
    endloop
  endfacet
  facet normal -0.162915 -0.98664 -4.92531e-06
    outer loop
      vertex 6.0042 45.6065 17
      vertex 7.5916 45.3444 14.5
      vertex 8.97415 45.1161 17
    endloop
  endfacet
  facet normal -0.162907 -0.986641 0
    outer loop
      vertex 6.0042 45.6065 17
      vertex 7.5916 45.3444 9.5
      vertex 7.5916 45.3444 14.5
    endloop
  endfacet
  facet normal -0.162907 -0.986641 0
    outer loop
      vertex 6.0042 45.6065 3.01
      vertex 7.5916 45.3444 9.5
      vertex 6.0042 45.6065 17
    endloop
  endfacet
  facet normal -0.162915 -0.98664 1.89727e-06
    outer loop
      vertex 8.97415 45.1161 3.01
      vertex 7.5916 45.3444 9.5
      vertex 6.0042 45.6065 3.01
    endloop
  endfacet
  facet normal -0.162923 -0.986639 0
    outer loop
      vertex 7.5916 45.3444 9.5
      vertex 8.97415 45.1161 3.01
      vertex 8.97415 45.1161 9.5
    endloop
  endfacet
  facet normal -0.162923 -0.986639 -0
    outer loop
      vertex 8.97415 45.1161 17
      vertex 7.5916 45.3444 14.5
      vertex 8.97415 45.1161 14.5
    endloop
  endfacet
  facet normal 0.162905 -0.986642 0
    outer loop
      vertex -8.97415 45.1161 9.5
      vertex -8.97415 45.1161 3.01
      vertex -7.98754 45.279 9.5
    endloop
  endfacet
  facet normal 0.162905 -0.986642 0
    outer loop
      vertex -7.98754 45.279 14.5
      vertex -8.97415 45.1161 17
      vertex -8.97415 45.1161 14.5
    endloop
  endfacet
  facet normal 0.162915 -0.98664 3.81228e-06
    outer loop
      vertex -8.97415 45.1161 17
      vertex -7.98754 45.279 14.5
      vertex -6.0042 45.6065 17
    endloop
  endfacet
  facet normal 0.162919 -0.986639 0
    outer loop
      vertex -7.98754 45.279 9.5
      vertex -6.0042 45.6065 17
      vertex -7.98754 45.279 14.5
    endloop
  endfacet
  facet normal 0.162915 -0.98664 -1.46852e-06
    outer loop
      vertex -6.0042 45.6065 3.01
      vertex -7.98754 45.279 9.5
      vertex -8.97415 45.1161 3.01
    endloop
  endfacet
  facet normal 0.162919 -0.986639 0
    outer loop
      vertex -7.98754 45.279 9.5
      vertex -6.0042 45.6065 3.01
      vertex -6.0042 45.6065 17
    endloop
  endfacet
  facet normal 0.471379 -0.88193 0
    outer loop
      vertex -23 39.8372 3.01
      vertex -20.3453 41.2561 17
      vertex -23 39.8372 17
    endloop
  endfacet
  facet normal 0.471379 -0.88193 0
    outer loop
      vertex -20.3453 41.2561 17
      vertex -23 39.8372 3.01
      vertex -20.3453 41.2561 3.01
    endloop
  endfacet
  facet normal -0.935908 -0.352245 0
    outer loop
      vertex 43.5588 14.7862 3.01
      vertex 42.4985 17.6034 17
      vertex 42.4985 17.6034 3.01
    endloop
  endfacet
  facet normal -0.935908 -0.352245 0
    outer loop
      vertex 42.4985 17.6034 17
      vertex 43.5588 14.7862 3.01
      vertex 43.5588 14.7862 17
    endloop
  endfacet
  facet normal 0.812869 0.582446 0
    outer loop
      vertex -38.2476 -25.5562 17
      vertex -37.4314 -26.6953 14.5
      vertex -38.2476 -25.5562 14.5
    endloop
  endfacet
  facet normal 0.812842 0.582484 0
    outer loop
      vertex -37.4314 -26.6953 14.5
      vertex -36.4943 -28.003 17
      vertex -37.4314 -26.6953 9.5
    endloop
  endfacet
  facet normal 0.812855 0.582466 -1.40685e-05
    outer loop
      vertex -36.4943 -28.003 17
      vertex -37.4314 -26.6953 14.5
      vertex -38.2476 -25.5562 17
    endloop
  endfacet
  facet normal 0.812869 0.582446 0
    outer loop
      vertex -37.4314 -26.6953 9.5
      vertex -38.2476 -25.5562 3.01
      vertex -38.2476 -25.5562 9.5
    endloop
  endfacet
  facet normal 0.812855 0.582466 5.41929e-06
    outer loop
      vertex -37.4314 -26.6953 9.5
      vertex -36.4943 -28.003 3.01
      vertex -38.2476 -25.5562 3.01
    endloop
  endfacet
  facet normal 0.812842 0.582484 -0
    outer loop
      vertex -36.4943 -28.003 3.01
      vertex -37.4314 -26.6953 9.5
      vertex -36.4943 -28.003 17
    endloop
  endfacet
  facet normal -0.227063 0.97388 1.07549e-05
    outer loop
      vertex 11.9057 -44.4326 17
      vertex 10.3388 -44.7979 14.5
      vertex 8.97415 -45.1161 17
    endloop
  endfacet
  facet normal -0.227047 0.973884 0
    outer loop
      vertex 11.9057 -44.4326 17
      vertex 10.3388 -44.7979 9.5
      vertex 10.3388 -44.7979 14.5
    endloop
  endfacet
  facet normal -0.227047 0.973884 0
    outer loop
      vertex 11.9057 -44.4326 3.01
      vertex 10.3388 -44.7979 9.5
      vertex 11.9057 -44.4326 17
    endloop
  endfacet
  facet normal -0.227063 0.97388 -4.14286e-06
    outer loop
      vertex 8.97415 -45.1161 3.01
      vertex 10.3388 -44.7979 9.5
      vertex 11.9057 -44.4326 3.01
    endloop
  endfacet
  facet normal -0.227082 0.973876 0
    outer loop
      vertex 10.3388 -44.7979 9.5
      vertex 8.97415 -45.1161 3.01
      vertex 8.97415 -45.1161 9.5
    endloop
  endfacet
  facet normal -0.227082 0.973876 0
    outer loop
      vertex 8.97415 -45.1161 17
      vertex 10.3388 -44.7979 14.5
      vertex 8.97415 -45.1161 14.5
    endloop
  endfacet
  facet normal 0.772992 0.634416 0
    outer loop
      vertex -34.8645 -29.9888 17
      vertex -36.4943 -28.003 3.01
      vertex -36.4943 -28.003 17
    endloop
  endfacet
  facet normal 0.772992 0.634416 0
    outer loop
      vertex -36.4943 -28.003 3.01
      vertex -34.8645 -29.9888 17
      vertex -34.8645 -29.9888 3.01
    endloop
  endfacet
  facet normal 0.352245 -0.935908 0
    outer loop
      vertex -17.6034 42.4985 3.01
      vertex -14.7862 43.5588 17
      vertex -17.6034 42.4985 17
    endloop
  endfacet
  facet normal 0.352245 -0.935908 0
    outer loop
      vertex -14.7862 43.5588 17
      vertex -17.6034 42.4985 3.01
      vertex -14.7862 43.5588 3.01
    endloop
  endfacet
  facet normal 0.634416 0.772992 -0
    outer loop
      vertex -28.003 -36.4943 3.01
      vertex -29.9888 -34.8645 17
      vertex -28.003 -36.4943 17
    endloop
  endfacet
  facet normal 0.634416 0.772992 0
    outer loop
      vertex -29.9888 -34.8645 17
      vertex -28.003 -36.4943 3.01
      vertex -29.9888 -34.8645 3.01
    endloop
  endfacet
  facet normal -0.47129 0.881978 0
    outer loop
      vertex 26.4446 -30.6518 2.99
      vertex 26.4446 -30.6518 0
      vertex 25.9556 -30.9131 2.99
    endloop
  endfacet
  facet normal -0.471392 0.881924 0
    outer loop
      vertex 25.9556 -30.9131 2.99
      vertex 25.0615 -31.391 3.01
      vertex 25.9556 -30.9131 3.01
    endloop
  endfacet
  facet normal -0.471356 0.881943 -1.38131e-05
    outer loop
      vertex 25.0615 -31.391 0
      vertex 25.9556 -30.9131 2.99
      vertex 26.4446 -30.6518 0
    endloop
  endfacet
  facet normal -0.471392 0.881924 0
    outer loop
      vertex 25.9556 -30.9131 2.99
      vertex 25.0615 -31.391 0
      vertex 25.0615 -31.391 3.01
    endloop
  endfacet
  facet normal -1 0 0
    outer loop
      vertex 30 -24 0
      vertex 30 0 3.01
      vertex 30 0 0
    endloop
  endfacet
  facet normal -1 -0 0
    outer loop
      vertex 30 0 3.01
      vertex 30 -24 0
      vertex 30 -24 3.01
    endloop
  endfacet
  facet normal -0.0980073 0.995186 0
    outer loop
      vertex 23.5607 -31.8463 0
      vertex 22 -32 3.01
      vertex 23.5607 -31.8463 3.01
    endloop
  endfacet
  facet normal -0.0980073 0.995186 0
    outer loop
      vertex 22 -32 3.01
      vertex 23.5607 -31.8463 0
      vertex 22 -32 0
    endloop
  endfacet
  facet normal -0.290271 -0.956944 0
    outer loop
      vertex 23.5607 7.84628 0
      vertex 25.0615 7.39104 3.01
      vertex 23.5607 7.84628 3.01
    endloop
  endfacet
  facet normal -0.290271 -0.956944 -0
    outer loop
      vertex 25.0615 7.39104 3.01
      vertex 23.5607 7.84628 0
      vertex 25.0615 7.39104 0
    endloop
  endfacet
  facet normal 1 -0 0
    outer loop
      vertex -30 -24 3.01
      vertex -30 0 0
      vertex -30 0 3.01
    endloop
  endfacet
  facet normal 1 0 0
    outer loop
      vertex -30 0 0
      vertex -30 -24 3.01
      vertex -30 -24 0
    endloop
  endfacet
  facet normal -0.773011 -0.634393 0
    outer loop
      vertex 28.6518 4.44456 0
      vertex 27.6569 5.65685 3.01
      vertex 27.6569 5.65685 0
    endloop
  endfacet
  facet normal -0.773011 -0.634393 0
    outer loop
      vertex 27.6569 5.65685 3.01
      vertex 28.6518 4.44456 0
      vertex 28.6518 4.44456 3.01
    endloop
  endfacet
  facet normal 0.290271 -0.956944 0
    outer loop
      vertex -25.0615 7.39104 0
      vertex -23.5607 7.84628 3.01
      vertex -25.0615 7.39104 3.01
    endloop
  endfacet
  facet normal 0.290271 -0.956944 0
    outer loop
      vertex -23.5607 7.84628 3.01
      vertex -25.0615 7.39104 0
      vertex -23.5607 7.84628 0
    endloop
  endfacet
  facet normal -0.471396 -0.881922 0
    outer loop
      vertex 25.0615 7.39104 0
      vertex 26.4446 6.65176 3.01
      vertex 25.0615 7.39104 3.01
    endloop
  endfacet
  facet normal -0.471396 -0.881922 -0
    outer loop
      vertex 26.4446 6.65176 3.01
      vertex 25.0615 7.39104 0
      vertex 26.4446 6.65176 0
    endloop
  endfacet
  facet normal 0.881943 0.471356 0
    outer loop
      vertex -28.6518 -28.4446 2.99
      vertex -29.391 -27.0615 0
      vertex -29.391 -27.0615 2.99
    endloop
  endfacet
  facet normal 0.881943 0.471356 0
    outer loop
      vertex -29.391 -27.0615 0
      vertex -28.6518 -28.4446 2.99
      vertex -28.6518 -28.4446 0
    endloop
  endfacet
  facet normal -0.773013 0.63439 0
    outer loop
      vertex 27.6569 -29.6569 0
      vertex 28.6518 -28.4446 2.99
      vertex 28.6518 -28.4446 0
    endloop
  endfacet
  facet normal -0.773013 0.63439 0
    outer loop
      vertex 28.6518 -28.4446 2.99
      vertex 27.6569 -29.6569 0
      vertex 27.6569 -29.6569 2.99
    endloop
  endfacet
  facet normal 0.773011 -0.634393 0
    outer loop
      vertex -28.6518 4.44456 3.01
      vertex -27.6569 5.65685 0
      vertex -27.6569 5.65685 3.01
    endloop
  endfacet
  facet normal 0.773011 -0.634393 0
    outer loop
      vertex -27.6569 5.65685 0
      vertex -28.6518 4.44456 3.01
      vertex -28.6518 4.44456 0
    endloop
  endfacet
  facet normal -0.881942 -0.471359 0
    outer loop
      vertex 29.391 3.06147 0
      vertex 28.6518 4.44456 3.01
      vertex 28.6518 4.44456 0
    endloop
  endfacet
  facet normal -0.881942 -0.471359 0
    outer loop
      vertex 28.6518 4.44456 3.01
      vertex 29.391 3.06147 0
      vertex 29.391 3.06147 3.01
    endloop
  endfacet
  facet normal -0.956931 -0.290315 0
    outer loop
      vertex 29.8463 1.56072 0
      vertex 29.391 3.06147 3.01
      vertex 29.391 3.06147 0
    endloop
  endfacet
  facet normal -0.956931 -0.290315 0
    outer loop
      vertex 29.391 3.06147 3.01
      vertex 29.8463 1.56072 0
      vertex 29.8463 1.56072 3.01
    endloop
  endfacet
  facet normal 0 -1 0
    outer loop
      vertex -22 8 0
      vertex 22 8 3.01
      vertex -22 8 3.01
    endloop
  endfacet
  facet normal 0 -1 -0
    outer loop
      vertex 22 8 3.01
      vertex -22 8 0
      vertex 22 8 0
    endloop
  endfacet
  facet normal 0.09802 -0.995184 0
    outer loop
      vertex -23.5607 7.84628 0
      vertex -22 8 3.01
      vertex -23.5607 7.84628 3.01
    endloop
  endfacet
  facet normal 0.09802 -0.995184 0
    outer loop
      vertex -22 8 3.01
      vertex -23.5607 7.84628 0
      vertex -22 8 0
    endloop
  endfacet
  facet normal 0.471396 -0.881922 0
    outer loop
      vertex -26.4446 6.65176 0
      vertex -25.0615 7.39104 3.01
      vertex -26.4446 6.65176 3.01
    endloop
  endfacet
  facet normal 0.471396 -0.881922 0
    outer loop
      vertex -25.0615 7.39104 3.01
      vertex -26.4446 6.65176 0
      vertex -25.0615 7.39104 0
    endloop
  endfacet
  facet normal 0.634394 -0.77301 0
    outer loop
      vertex -27.6569 5.65685 0
      vertex -26.4446 6.65176 3.01
      vertex -27.6569 5.65685 3.01
    endloop
  endfacet
  facet normal 0.634394 -0.77301 0
    outer loop
      vertex -26.4446 6.65176 3.01
      vertex -27.6569 5.65685 0
      vertex -26.4446 6.65176 0
    endloop
  endfacet
  facet normal 0 1 -0
    outer loop
      vertex 22 -32 0
      vertex -22 -32 3.01
      vertex 22 -32 3.01
    endloop
  endfacet
  facet normal 0 1 0
    outer loop
      vertex -22 -32 3.01
      vertex 22 -32 0
      vertex -22 -32 0
    endloop
  endfacet
  facet normal -0.956921 0.290349 0
    outer loop
      vertex 29.8463 -25.5607 0
      vertex 29.7212 -25.973 2.99
      vertex 29.8463 -25.5607 3.01
    endloop
  endfacet
  facet normal -0.956934 0.290306 -6.37403e-06
    outer loop
      vertex 29.391 -27.0615 0
      vertex 29.7212 -25.973 2.99
      vertex 29.8463 -25.5607 0
    endloop
  endfacet
  facet normal -0.956939 0.29029 0
    outer loop
      vertex 29.7212 -25.973 2.99
      vertex 29.391 -27.0615 0
      vertex 29.391 -27.0615 2.99
    endloop
  endfacet
  facet normal -0.956921 0.290349 0
    outer loop
      vertex 29.8463 -25.5607 3.01
      vertex 29.7212 -25.973 2.99
      vertex 29.7212 -25.973 3.01
    endloop
  endfacet
  facet normal -0.995186 -0.0980061 0
    outer loop
      vertex 30 0 0
      vertex 29.8463 1.56072 3.01
      vertex 29.8463 1.56072 0
    endloop
  endfacet
  facet normal -0.995186 -0.0980061 0
    outer loop
      vertex 29.8463 1.56072 3.01
      vertex 30 0 0
      vertex 30 0 3.01
    endloop
  endfacet
  facet normal 0.995186 0.0980073 0
    outer loop
      vertex -29.8463 -25.5607 3.01
      vertex -30 -24 0
      vertex -30 -24 3.01
    endloop
  endfacet
  facet normal 0.995186 0.0980073 0
    outer loop
      vertex -30 -24 0
      vertex -29.8463 -25.5607 3.01
      vertex -29.8463 -25.5607 0
    endloop
  endfacet
  facet normal -0.995186 0.0980073 0
    outer loop
      vertex 29.8463 -25.5607 0
      vertex 30 -24 3.01
      vertex 30 -24 0
    endloop
  endfacet
  facet normal -0.995186 0.0980073 0
    outer loop
      vertex 30 -24 3.01
      vertex 29.8463 -25.5607 0
      vertex 29.8463 -25.5607 3.01
    endloop
  endfacet
  facet normal -0.09802 -0.995184 0
    outer loop
      vertex 22 8 0
      vertex 23.5607 7.84628 3.01
      vertex 22 8 3.01
    endloop
  endfacet
  facet normal -0.09802 -0.995184 -0
    outer loop
      vertex 23.5607 7.84628 3.01
      vertex 22 8 0
      vertex 23.5607 7.84628 0
    endloop
  endfacet
  facet normal -0.634394 -0.77301 0
    outer loop
      vertex 26.4446 6.65176 0
      vertex 27.6569 5.65685 3.01
      vertex 26.4446 6.65176 3.01
    endloop
  endfacet
  facet normal -0.634394 -0.77301 -0
    outer loop
      vertex 27.6569 5.65685 3.01
      vertex 26.4446 6.65176 0
      vertex 27.6569 5.65685 0
    endloop
  endfacet
  facet normal 0.0980073 0.995186 -0
    outer loop
      vertex -22 -32 0
      vertex -23.5607 -31.8463 3.01
      vertex -22 -32 3.01
    endloop
  endfacet
  facet normal 0.0980073 0.995186 0
    outer loop
      vertex -23.5607 -31.8463 3.01
      vertex -22 -32 0
      vertex -23.5607 -31.8463 0
    endloop
  endfacet
  facet normal -0.63439 0.773013 0
    outer loop
      vertex 27.6569 -29.6569 0
      vertex 26.4446 -30.6518 2.99
      vertex 27.6569 -29.6569 2.99
    endloop
  endfacet
  facet normal -0.63439 0.773013 0
    outer loop
      vertex 26.4446 -30.6518 2.99
      vertex 27.6569 -29.6569 0
      vertex 26.4446 -30.6518 0
    endloop
  endfacet
  facet normal 0.290306 0.956934 -0
    outer loop
      vertex -23.5607 -31.8463 0
      vertex -25.0615 -31.391 3.01
      vertex -23.5607 -31.8463 3.01
    endloop
  endfacet
  facet normal 0.290306 0.956934 0
    outer loop
      vertex -25.0615 -31.391 3.01
      vertex -23.5607 -31.8463 0
      vertex -25.0615 -31.391 0
    endloop
  endfacet
  facet normal 0.471392 0.881924 0
    outer loop
      vertex -25.0615 -31.391 3.01
      vertex -25.9556 -30.9131 2.99
      vertex -25.9556 -30.9131 3.01
    endloop
  endfacet
  facet normal 0.471392 0.881924 -0
    outer loop
      vertex -25.0615 -31.391 0
      vertex -25.9556 -30.9131 2.99
      vertex -25.0615 -31.391 3.01
    endloop
  endfacet
  facet normal 0.471356 0.881943 -1.38131e-05
    outer loop
      vertex -26.4446 -30.6518 0
      vertex -25.9556 -30.9131 2.99
      vertex -25.0615 -31.391 0
    endloop
  endfacet
  facet normal 0.47129 0.881978 0
    outer loop
      vertex -25.9556 -30.9131 2.99
      vertex -26.4446 -30.6518 0
      vertex -26.4446 -30.6518 2.99
    endloop
  endfacet
  facet normal 0.773013 0.63439 0
    outer loop
      vertex -27.6569 -29.6569 2.99
      vertex -28.6518 -28.4446 0
      vertex -28.6518 -28.4446 2.99
    endloop
  endfacet
  facet normal 0.773013 0.63439 0
    outer loop
      vertex -28.6518 -28.4446 0
      vertex -27.6569 -29.6569 2.99
      vertex -27.6569 -29.6569 0
    endloop
  endfacet
  facet normal 0.995186 -0.0980061 0
    outer loop
      vertex -30 0 3.01
      vertex -29.8463 1.56072 0
      vertex -29.8463 1.56072 3.01
    endloop
  endfacet
  facet normal 0.995186 -0.0980061 0
    outer loop
      vertex -29.8463 1.56072 0
      vertex -30 0 3.01
      vertex -30 0 0
    endloop
  endfacet
  facet normal 0.956931 -0.290315 0
    outer loop
      vertex -29.8463 1.56072 3.01
      vertex -29.391 3.06147 0
      vertex -29.391 3.06147 3.01
    endloop
  endfacet
  facet normal 0.956931 -0.290315 0
    outer loop
      vertex -29.391 3.06147 0
      vertex -29.8463 1.56072 3.01
      vertex -29.8463 1.56072 0
    endloop
  endfacet
  facet normal 0.63439 0.773013 -0
    outer loop
      vertex -26.4446 -30.6518 0
      vertex -27.6569 -29.6569 2.99
      vertex -26.4446 -30.6518 2.99
    endloop
  endfacet
  facet normal 0.63439 0.773013 0
    outer loop
      vertex -27.6569 -29.6569 2.99
      vertex -26.4446 -30.6518 0
      vertex -27.6569 -29.6569 0
    endloop
  endfacet
  facet normal 0.956921 0.290349 -0
    outer loop
      vertex -29.7212 -25.973 2.99
      vertex -29.8463 -25.5607 3.01
      vertex -29.7212 -25.973 3.01
    endloop
  endfacet
  facet normal 0.956921 0.290349 0
    outer loop
      vertex -29.8463 -25.5607 3.01
      vertex -29.7212 -25.973 2.99
      vertex -29.8463 -25.5607 0
    endloop
  endfacet
  facet normal 0.956939 0.29029 -0
    outer loop
      vertex -29.391 -27.0615 0
      vertex -29.7212 -25.973 2.99
      vertex -29.391 -27.0615 2.99
    endloop
  endfacet
  facet normal 0.956934 0.290306 -6.37403e-06
    outer loop
      vertex -29.7212 -25.973 2.99
      vertex -29.391 -27.0615 0
      vertex -29.8463 -25.5607 0
    endloop
  endfacet
  facet normal -0.290306 0.956934 0
    outer loop
      vertex 25.0615 -31.391 0
      vertex 23.5607 -31.8463 3.01
      vertex 25.0615 -31.391 3.01
    endloop
  endfacet
  facet normal -0.290306 0.956934 0
    outer loop
      vertex 23.5607 -31.8463 3.01
      vertex 25.0615 -31.391 0
      vertex 23.5607 -31.8463 0
    endloop
  endfacet
  facet normal -0.881943 0.471356 0
    outer loop
      vertex 28.6518 -28.4446 0
      vertex 29.391 -27.0615 2.99
      vertex 29.391 -27.0615 0
    endloop
  endfacet
  facet normal -0.881943 0.471356 0
    outer loop
      vertex 29.391 -27.0615 2.99
      vertex 28.6518 -28.4446 0
      vertex 28.6518 -28.4446 2.99
    endloop
  endfacet
  facet normal 0.881942 -0.471359 0
    outer loop
      vertex -29.391 3.06147 3.01
      vertex -28.6518 4.44456 0
      vertex -28.6518 4.44456 3.01
    endloop
  endfacet
  facet normal 0.881942 -0.471359 0
    outer loop
      vertex -28.6518 4.44456 0
      vertex -29.391 3.06147 3.01
      vertex -29.391 3.06147 0
    endloop
  endfacet
  facet normal 0.13055 0 0.991442
    outer loop
      vertex -3.00854 -45.9015 6.52746
      vertex -2.8 -59.7668 6.5
      vertex -2.8 -45.9083 6.5
    endloop
  endfacet
  facet normal 0.130516 -0 0.991446
    outer loop
      vertex -3.96469 -59.8653 6.65333
      vertex -3.00854 -45.9015 6.52746
      vertex -3.96469 -45.8073 6.65333
    endloop
  endfacet
  facet normal 0.130523 -4.261e-07 0.991445
    outer loop
      vertex -3.00854 -45.9015 6.52746
      vertex -3.96469 -59.8653 6.65333
      vertex -2.8 -59.7668 6.5
    endloop
  endfacet
  facet normal 0.923875 0 -0.382694
    outer loop
      vertex -6.69711 -45.4921 13.25
      vertex -7.14667 -61.8556 12.1647
      vertex -7.14667 -45.4178 12.1647
    endloop
  endfacet
  facet normal 0.923875 0 -0.382694
    outer loop
      vertex -7.14667 -61.8556 12.1647
      vertex -6.69711 -45.4921 13.25
      vertex -6.69711 -62.2044 13.25
    endloop
  endfacet
  facet normal -0.923875 0 -0.382694
    outer loop
      vertex 7.14667 -61.2826 12.1647
      vertex 6.69711 -45.4921 13.25
      vertex 7.14667 -45.4178 12.1647
    endloop
  endfacet
  facet normal -0.923875 -0 -0.382694
    outer loop
      vertex 6.69711 -45.4921 13.25
      vertex 7.14667 -61.2826 12.1647
      vertex 6.69711 -61.6674 13.25
    endloop
  endfacet
  facet normal 0.991445 0 0.130523
    outer loop
      vertex -7.3 -45.3925 11
      vertex -7.14667 -61.0683 9.83531
      vertex -7.14667 -45.4178 9.83531
    endloop
  endfacet
  facet normal 0.991445 0 0.130523
    outer loop
      vertex -7.14667 -61.0683 9.83531
      vertex -7.3 -45.3925 11
      vertex -7.3 -61.4681 11
    endloop
  endfacet
  facet normal -0.991445 0 0.130523
    outer loop
      vertex 7.14667 -60.4953 9.83531
      vertex 7.3 -45.3925 11
      vertex 7.14667 -45.4178 9.83531
    endloop
  endfacet
  facet normal -0.991445 0 0.130523
    outer loop
      vertex 7.3 -45.3925 11
      vertex 7.14667 -60.4953 9.83531
      vertex 7.3 -60.8828 11
    endloop
  endfacet
  facet normal 0.608744 0 -0.793367
    outer loop
      vertex -5.98198 -62.4908 14.182
      vertex -5.05 -45.7004 14.8971
      vertex -5.05 -62.6951 14.8971
    endloop
  endfacet
  facet normal 0.608744 0 -0.793367
    outer loop
      vertex -5.05 -45.7004 14.8971
      vertex -5.98198 -62.4908 14.182
      vertex -5.98198 -45.6087 14.182
    endloop
  endfacet
  facet normal 0.991445 0 -0.130521
    outer loop
      vertex -7.14667 -45.4178 12.1647
      vertex -7.3 -61.4681 11
      vertex -7.3 -45.3925 11
    endloop
  endfacet
  facet normal 0.991445 0 -0.130521
    outer loop
      vertex -7.3 -61.4681 11
      vertex -7.14667 -45.4178 12.1647
      vertex -7.14667 -61.8556 12.1647
    endloop
  endfacet
  facet normal -0.608744 -0 -0.793367
    outer loop
      vertex 5.05 -45.7004 14.8971
      vertex 5.98198 -62.0111 14.182
      vertex 5.05 -62.2901 14.8971
    endloop
  endfacet
  facet normal -0.608744 0 -0.793367
    outer loop
      vertex 5.98198 -62.0111 14.182
      vertex 5.05 -45.7004 14.8971
      vertex 5.98198 -45.6087 14.182
    endloop
  endfacet
  facet normal -0.130445 0 -0.991456
    outer loop
      vertex 3.96469 -62.4856 15.3467
      vertex 3.00854 -45.9015 15.4725
      vertex 3.96469 -45.8073 15.3467
    endloop
  endfacet
  facet normal -0.130497 -0 -0.991449
    outer loop
      vertex 2.8 -45.9083 15.5
      vertex 3.96469 -62.4856 15.3467
      vertex 2.8 -62.5841 15.5
    endloop
  endfacet
  facet normal -0.130737 -1.71084e-05 -0.991417
    outer loop
      vertex 3.96469 -62.4856 15.3467
      vertex 2.8 -45.9083 15.5
      vertex 3.00854 -45.9015 15.4725
    endloop
  endfacet
  facet normal -0.793348 0 -0.608769
    outer loop
      vertex 6.69711 -61.6674 13.25
      vertex 6.0042 -45.6065 14.153
      vertex 6.69711 -45.4921 13.25
    endloop
  endfacet
  facet normal -0.793781 -5.04521e-05 -0.608204
    outer loop
      vertex 6.69711 -61.6674 13.25
      vertex 5.98198 -45.6087 14.182
      vertex 6.0042 -45.6065 14.153
    endloop
  endfacet
  facet normal -0.793361 -0 -0.608751
    outer loop
      vertex 5.98198 -45.6087 14.182
      vertex 6.69711 -61.6674 13.25
      vertex 5.98198 -62.0111 14.182
    endloop
  endfacet
  facet normal 0.60876 0 0.793355
    outer loop
      vertex -5.98198 -45.6087 7.81802
      vertex -5.05 -60.0608 7.10289
      vertex -5.05 -45.7004 7.10289
    endloop
  endfacet
  facet normal 0.60876 0 0.793355
    outer loop
      vertex -5.05 -60.0608 7.10289
      vertex -5.98198 -45.6087 7.81802
      vertex -5.98198 -60.3398 7.81802
    endloop
  endfacet
  facet normal 0.130737 0 -0.991417
    outer loop
      vertex -2.8 -62.8086 15.5
      vertex -3.00854 -45.9015 15.4725
      vertex -2.8 -45.9083 15.5
    endloop
  endfacet
  facet normal 0.130497 -3.01068e-06 -0.991449
    outer loop
      vertex -3.96469 -62.8035 15.3467
      vertex -3.00854 -45.9015 15.4725
      vertex -2.8 -62.8086 15.5
    endloop
  endfacet
  facet normal 0.130445 0 -0.991456
    outer loop
      vertex -3.00854 -45.9015 15.4725
      vertex -3.96469 -62.8035 15.3467
      vertex -3.96469 -45.8073 15.3467
    endloop
  endfacet
  facet normal 0 0 -1
    outer loop
      vertex 2.8 -62.5841 15.5
      vertex 0 -46 15.5
      vertex 2.8 -45.9083 15.5
    endloop
  endfacet
  facet normal 0 0 -1
    outer loop
      vertex -2.8 -62.8086 15.5
      vertex 0 -46 15.5
      vertex 2.8 -62.5841 15.5
    endloop
  endfacet
  facet normal -0 0 -1
    outer loop
      vertex 0 -46 15.5
      vertex -2.8 -62.8086 15.5
      vertex -2.8 -45.9083 15.5
    endloop
  endfacet
  facet normal 0.923877 0 0.382691
    outer loop
      vertex -7.14667 -45.4178 9.83531
      vertex -6.69711 -60.6835 8.75
      vertex -6.69711 -45.4921 8.75
    endloop
  endfacet
  facet normal 0.923877 0 0.382691
    outer loop
      vertex -6.69711 -60.6835 8.75
      vertex -7.14667 -45.4178 9.83531
      vertex -7.14667 -61.0683 9.83531
    endloop
  endfacet
  facet normal 0.793377 0 0.608731
    outer loop
      vertex -6.0042 -45.6065 7.84698
      vertex -5.98198 -60.3398 7.81802
      vertex -5.98198 -45.6087 7.81802
    endloop
  endfacet
  facet normal 0.793354 -9.35957e-08 0.608761
    outer loop
      vertex -6.69711 -45.4921 8.75
      vertex -5.98198 -60.3398 7.81802
      vertex -6.0042 -45.6065 7.84698
    endloop
  endfacet
  facet normal 0.793355 0 0.60876
    outer loop
      vertex -5.98198 -60.3398 7.81802
      vertex -6.69711 -45.4921 8.75
      vertex -6.69711 -60.6835 8.75
    endloop
  endfacet
  facet normal 0.382691 0 0.923877
    outer loop
      vertex -5.05 -45.7004 7.10289
      vertex -3.96469 -59.8653 6.65333
      vertex -3.96469 -45.8073 6.65333
    endloop
  endfacet
  facet normal 0.382691 0 0.923877
    outer loop
      vertex -3.96469 -59.8653 6.65333
      vertex -5.05 -45.7004 7.10289
      vertex -5.05 -60.0608 7.10289
    endloop
  endfacet
  facet normal -0.923877 0 0.382691
    outer loop
      vertex 6.69711 -60.1465 8.75
      vertex 7.14667 -45.4178 9.83531
      vertex 6.69711 -45.4921 8.75
    endloop
  endfacet
  facet normal -0.923877 0 0.382691
    outer loop
      vertex 7.14667 -45.4178 9.83531
      vertex 6.69711 -60.1465 8.75
      vertex 7.14667 -60.4953 9.83531
    endloop
  endfacet
  facet normal 0.793348 0 -0.608769
    outer loop
      vertex -6.0042 -45.6065 14.153
      vertex -6.69711 -62.2044 13.25
      vertex -6.69711 -45.4921 13.25
    endloop
  endfacet
  facet normal 0.793781 -4.88265e-05 -0.608204
    outer loop
      vertex -5.98198 -45.6087 14.182
      vertex -6.69711 -62.2044 13.25
      vertex -6.0042 -45.6065 14.153
    endloop
  endfacet
  facet normal 0.793361 0 -0.608751
    outer loop
      vertex -6.69711 -62.2044 13.25
      vertex -5.98198 -45.6087 14.182
      vertex -5.98198 -62.4908 14.182
    endloop
  endfacet
  facet normal 0.38272 0 -0.923865
    outer loop
      vertex -5.05 -62.6951 14.8971
      vertex -3.96469 -45.8073 15.3467
      vertex -3.96469 -62.8035 15.3467
    endloop
  endfacet
  facet normal 0.38272 0 -0.923865
    outer loop
      vertex -3.96469 -45.8073 15.3467
      vertex -5.05 -62.6951 14.8971
      vertex -5.05 -45.7004 14.8971
    endloop
  endfacet
  facet normal -0.130516 0 0.991446
    outer loop
      vertex 3.00854 -45.9015 6.52746
      vertex 3.96469 -59.5474 6.65333
      vertex 3.96469 -45.8073 6.65333
    endloop
  endfacet
  facet normal -0.13055 0 0.991442
    outer loop
      vertex 2.8 -59.5423 6.5
      vertex 3.00854 -45.9015 6.52746
      vertex 2.8 -45.9083 6.5
    endloop
  endfacet
  facet normal -0.130523 -4.33635e-07 0.991445
    outer loop
      vertex 3.00854 -45.9015 6.52746
      vertex 2.8 -59.5423 6.5
      vertex 3.96469 -59.5474 6.65333
    endloop
  endfacet
  facet normal -0.382691 0 0.923877
    outer loop
      vertex 3.96469 -45.8073 6.65333
      vertex 5.05 -59.6558 7.10289
      vertex 5.05 -45.7004 7.10289
    endloop
  endfacet
  facet normal -0.382691 0 0.923877
    outer loop
      vertex 5.05 -59.6558 7.10289
      vertex 3.96469 -45.8073 6.65333
      vertex 3.96469 -59.5474 6.65333
    endloop
  endfacet
  facet normal -0 0 1
    outer loop
      vertex 0 -46 6.5
      vertex 2.8 -59.5423 6.5
      vertex 2.8 -45.9083 6.5
    endloop
  endfacet
  facet normal 0 0 1
    outer loop
      vertex -2.8 -59.7668 6.5
      vertex 0 -46 6.5
      vertex -2.8 -45.9083 6.5
    endloop
  endfacet
  facet normal 0 0 1
    outer loop
      vertex 0 -46 6.5
      vertex -2.8 -59.7668 6.5
      vertex 2.8 -59.5423 6.5
    endloop
  endfacet
  facet normal -0.38272 -0 -0.923865
    outer loop
      vertex 3.96469 -45.8073 15.3467
      vertex 5.05 -62.2901 14.8971
      vertex 3.96469 -62.4856 15.3467
    endloop
  endfacet
  facet normal -0.38272 0 -0.923865
    outer loop
      vertex 5.05 -62.2901 14.8971
      vertex 3.96469 -45.8073 15.3467
      vertex 5.05 -45.7004 14.8971
    endloop
  endfacet
  facet normal -0.60876 0 0.793355
    outer loop
      vertex 5.05 -59.6558 7.10289
      vertex 5.98198 -45.6087 7.81802
      vertex 5.05 -45.7004 7.10289
    endloop
  endfacet
  facet normal -0.60876 0 0.793355
    outer loop
      vertex 5.98198 -45.6087 7.81802
      vertex 5.05 -59.6558 7.10289
      vertex 5.98198 -59.8601 7.81802
    endloop
  endfacet
  facet normal -0.793377 0 0.608731
    outer loop
      vertex 5.98198 -59.8601 7.81802
      vertex 6.0042 -45.6065 7.84698
      vertex 5.98198 -45.6087 7.81802
    endloop
  endfacet
  facet normal -0.793354 -9.67465e-08 0.608761
    outer loop
      vertex 5.98198 -59.8601 7.81802
      vertex 6.69711 -45.4921 8.75
      vertex 6.0042 -45.6065 7.84698
    endloop
  endfacet
  facet normal -0.793355 0 0.60876
    outer loop
      vertex 6.69711 -45.4921 8.75
      vertex 5.98198 -59.8601 7.81802
      vertex 6.69711 -60.1465 8.75
    endloop
  endfacet
  facet normal -0.991445 0 -0.130521
    outer loop
      vertex 7.3 -60.8828 11
      vertex 7.14667 -45.4178 12.1647
      vertex 7.3 -45.3925 11
    endloop
  endfacet
  facet normal -0.991445 -0 -0.130521
    outer loop
      vertex 7.14667 -45.4178 12.1647
      vertex 7.3 -60.8828 11
      vertex 7.14667 -61.2826 12.1647
    endloop
  endfacet
  facet normal -0.290196 0.956967 0
    outer loop
      vertex 29.5277 -25.9921 2.99
      vertex 28.6835 -26.2481 17
      vertex 29.5277 -25.9921 17
    endloop
  endfacet
  facet normal -0.290196 0.956967 0
    outer loop
      vertex 28.6835 -26.2481 17
      vertex 29.5277 -25.9921 2.99
      vertex 28.6835 -26.2481 2.99
    endloop
  endfacet
  facet normal -0.773022 0.634379 0
    outer loop
      vertex 26.664 -27.9055 2.99
      vertex 27.2236 -27.2236 17
      vertex 27.2236 -27.2236 2.99
    endloop
  endfacet
  facet normal -0.773022 0.634379 0
    outer loop
      vertex 27.2236 -27.2236 17
      vertex 26.664 -27.9055 2.99
      vertex 26.664 -27.9055 17
    endloop
  endfacet
  facet normal 0.290196 0.956967 -0
    outer loop
      vertex 32.1277 -26.2481 3.01
      vertex 31.2835 -25.9921 17
      vertex 32.1277 -26.2481 17
    endloop
  endfacet
  facet normal 0.290196 0.956967 0
    outer loop
      vertex 31.2835 -25.9921 17
      vertex 32.1277 -26.2481 3.01
      vertex 31.2835 -25.9921 3.01
    endloop
  endfacet
  facet normal -0.881898 -0.471441 0
    outer loop
      vertex 26.664 -32.9057 3.01
      vertex 26.2481 -32.1277 17
      vertex 26.2481 -32.1277 3.01
    endloop
  endfacet
  facet normal -0.881898 -0.471441 0
    outer loop
      vertex 26.2481 -32.1277 17
      vertex 26.664 -32.9057 3.01
      vertex 26.664 -32.9057 17
    endloop
  endfacet
  facet normal 0.995188 0.0979864 0
    outer loop
      vertex 34.8645 -29.9888 17
      vertex 34.8191 -29.5277 3.01
      vertex 34.8191 -29.5277 17
    endloop
  endfacet
  facet normal 0.995188 0.0979864 0
    outer loop
      vertex 34.8191 -29.5277 3.01
      vertex 34.8645 -29.9888 17
      vertex 34.8645 -29.9888 3.01
    endloop
  endfacet
  facet normal -0.881898 0.471441 0
    outer loop
      vertex 26.2481 -28.6835 2.99
      vertex 26.664 -27.9055 17
      vertex 26.664 -27.9055 2.99
    endloop
  endfacet
  facet normal -0.881898 0.471441 0
    outer loop
      vertex 26.664 -27.9055 17
      vertex 26.2481 -28.6835 2.99
      vertex 26.2481 -28.6835 17
    endloop
  endfacet
  facet normal -0.773022 -0.634379 0
    outer loop
      vertex 27.2236 -33.5876 3.01
      vertex 26.664 -32.9057 17
      vertex 26.664 -32.9057 3.01
    endloop
  endfacet
  facet normal -0.773022 -0.634379 0
    outer loop
      vertex 26.664 -32.9057 17
      vertex 27.2236 -33.5876 3.01
      vertex 27.2236 -33.5876 17
    endloop
  endfacet
  facet normal 0.0980558 0.995181 -0
    outer loop
      vertex 31.2835 -25.9921 3.01
      vertex 30.4056 -25.9056 17
      vertex 31.2835 -25.9921 17
    endloop
  endfacet
  facet normal 0.0980558 0.995181 0
    outer loop
      vertex 30.4056 -25.9056 17
      vertex 31.2835 -25.9921 3.01
      vertex 30.4056 -25.9056 3.01
    endloop
  endfacet
  facet normal 0.634379 0.773022 -0
    outer loop
      vertex 33.5876 -27.2236 3.01
      vertex 32.9057 -26.664 17
      vertex 33.5876 -27.2236 17
    endloop
  endfacet
  facet normal 0.634379 0.773022 0
    outer loop
      vertex 32.9057 -26.664 17
      vertex 33.5876 -27.2236 3.01
      vertex 32.9057 -26.664 3.01
    endloop
  endfacet
  facet normal -0.634379 -0.773022 0
    outer loop
      vertex 27.2236 -33.5876 3.01
      vertex 27.9055 -34.1472 17
      vertex 27.2236 -33.5876 17
    endloop
  endfacet
  facet normal -0.634379 -0.773022 -0
    outer loop
      vertex 27.9055 -34.1472 17
      vertex 27.2236 -33.5876 3.01
      vertex 27.9055 -34.1472 3.01
    endloop
  endfacet
  facet normal -0.471441 0.881898 0
    outer loop
      vertex 28.6835 -26.2481 2.99
      vertex 27.9055 -26.664 17
      vertex 28.6835 -26.2481 17
    endloop
  endfacet
  facet normal -0.471441 0.881898 0
    outer loop
      vertex 27.9055 -26.664 17
      vertex 28.6835 -26.2481 2.99
      vertex 27.9055 -26.664 2.99
    endloop
  endfacet
  facet normal -0.471353 -0.881945 0
    outer loop
      vertex 27.9055 -34.1472 3.01
      vertex 28.6835 -34.563 17
      vertex 27.9055 -34.1472 17
    endloop
  endfacet
  facet normal -0.471353 -0.881945 -0
    outer loop
      vertex 28.6835 -34.563 17
      vertex 27.9055 -34.1472 3.01
      vertex 28.6835 -34.563 3.01
    endloop
  endfacet
  facet normal -0.995182 -0.0980475 -0
    outer loop
      vertex 25.9556 -30.9131 3.01
      vertex 25.9056 -30.4056 2.99
      vertex 25.9556 -30.9131 2.99
    endloop
  endfacet
  facet normal -0.995182 -0.0980475 0
    outer loop
      vertex 25.9056 -30.4056 2.99
      vertex 25.9556 -30.9131 3.01
      vertex 25.9056 -30.4056 17
    endloop
  endfacet
  facet normal -0.99518 -0.0980671 -0
    outer loop
      vertex 25.9921 -31.2835 17
      vertex 25.9556 -30.9131 3.01
      vertex 25.9921 -31.2835 3.01
    endloop
  endfacet
  facet normal -0.995181 -0.0980558 3.03858e-07
    outer loop
      vertex 25.9556 -30.9131 3.01
      vertex 25.9921 -31.2835 17
      vertex 25.9056 -30.4056 17
    endloop
  endfacet
  facet normal 0.881945 0.471353 0
    outer loop
      vertex 34.563 -28.6835 17
      vertex 34.1472 -27.9055 3.01
      vertex 34.1472 -27.9055 17
    endloop
  endfacet
  facet normal 0.881945 0.471353 0
    outer loop
      vertex 34.1472 -27.9055 3.01
      vertex 34.563 -28.6835 17
      vertex 34.563 -28.6835 3.01
    endloop
  endfacet
  facet normal -0.956967 -0.290196 0
    outer loop
      vertex 26.2481 -32.1277 3.01
      vertex 25.9921 -31.2835 17
      vertex 25.9921 -31.2835 3.01
    endloop
  endfacet
  facet normal -0.956967 -0.290196 0
    outer loop
      vertex 25.9921 -31.2835 17
      vertex 26.2481 -32.1277 3.01
      vertex 26.2481 -32.1277 17
    endloop
  endfacet
  facet normal -0.0980063 0.995186 0
    outer loop
      vertex 29.7212 -25.973 3.01
      vertex 30.4056 -25.9056 17
      vertex 30.4056 -25.9056 3.01
    endloop
  endfacet
  facet normal -0.0980558 0.995181 2.44221e-06
    outer loop
      vertex 30.4056 -25.9056 17
      vertex 29.7212 -25.973 3.01
      vertex 29.5277 -25.9921 17
    endloop
  endfacet
  facet normal -0.0982306 0.995164 0
    outer loop
      vertex 29.5277 -25.9921 2.99
      vertex 29.7212 -25.973 3.01
      vertex 29.7212 -25.973 2.99
    endloop
  endfacet
  facet normal -0.0982306 0.995164 0
    outer loop
      vertex 29.7212 -25.973 3.01
      vertex 29.5277 -25.9921 2.99
      vertex 29.5277 -25.9921 17
    endloop
  endfacet
  facet normal 0.956936 0.2903 0
    outer loop
      vertex 34.8191 -29.5277 17
      vertex 34.563 -28.6835 3.01
      vertex 34.563 -28.6835 17
    endloop
  endfacet
  facet normal 0.956936 0.2903 0
    outer loop
      vertex 34.563 -28.6835 3.01
      vertex 34.8191 -29.5277 17
      vertex 34.8191 -29.5277 3.01
    endloop
  endfacet
  facet normal 0.471441 0.881898 -0
    outer loop
      vertex 32.9057 -26.664 3.01
      vertex 32.1277 -26.2481 17
      vertex 32.9057 -26.664 17
    endloop
  endfacet
  facet normal 0.471441 0.881898 0
    outer loop
      vertex 32.1277 -26.2481 17
      vertex 32.9057 -26.664 3.01
      vertex 32.1277 -26.2481 3.01
    endloop
  endfacet
  facet normal -0.0979864 -0.995188 0
    outer loop
      vertex 29.5277 -34.8191 3.01
      vertex 29.9888 -34.8645 17
      vertex 29.5277 -34.8191 17
    endloop
  endfacet
  facet normal -0.0979864 -0.995188 -0
    outer loop
      vertex 29.9888 -34.8645 17
      vertex 29.5277 -34.8191 3.01
      vertex 29.9888 -34.8645 3.01
    endloop
  endfacet
  facet normal -0.2903 -0.956936 0
    outer loop
      vertex 28.6835 -34.563 3.01
      vertex 29.5277 -34.8191 17
      vertex 28.6835 -34.563 17
    endloop
  endfacet
  facet normal -0.2903 -0.956936 -0
    outer loop
      vertex 29.5277 -34.8191 17
      vertex 28.6835 -34.563 3.01
      vertex 29.5277 -34.8191 3.01
    endloop
  endfacet
  facet normal 0.773022 0.634379 0
    outer loop
      vertex 34.1472 -27.9055 17
      vertex 33.5876 -27.2236 3.01
      vertex 33.5876 -27.2236 17
    endloop
  endfacet
  facet normal 0.773022 0.634379 0
    outer loop
      vertex 33.5876 -27.2236 3.01
      vertex 34.1472 -27.9055 17
      vertex 34.1472 -27.9055 3.01
    endloop
  endfacet
  facet normal -0.995181 0.0980558 0
    outer loop
      vertex 25.9056 -30.4056 2.99
      vertex 25.9921 -29.5277 17
      vertex 25.9921 -29.5277 2.99
    endloop
  endfacet
  facet normal -0.995181 0.0980558 0
    outer loop
      vertex 25.9921 -29.5277 17
      vertex 25.9056 -30.4056 2.99
      vertex 25.9056 -30.4056 17
    endloop
  endfacet
  facet normal -0.634379 0.773022 0
    outer loop
      vertex 27.9055 -26.664 2.99
      vertex 27.2236 -27.2236 17
      vertex 27.9055 -26.664 17
    endloop
  endfacet
  facet normal -0.634379 0.773022 0
    outer loop
      vertex 27.2236 -27.2236 17
      vertex 27.9055 -26.664 2.99
      vertex 27.2236 -27.2236 2.99
    endloop
  endfacet
  facet normal 0 0 -1
    outer loop
      vertex 29.391 -27.0615 2.99
      vertex 29.5277 -25.9921 2.99
      vertex 29.7212 -25.973 2.99
    endloop
  endfacet
  facet normal 0 0 -1
    outer loop
      vertex 29.391 -27.0615 2.99
      vertex 28.6835 -26.2481 2.99
      vertex 29.5277 -25.9921 2.99
    endloop
  endfacet
  facet normal 0 0 -1
    outer loop
      vertex 27.9055 -26.664 2.99
      vertex 29.391 -27.0615 2.99
      vertex 28.6518 -28.4446 2.99
    endloop
  endfacet
  facet normal 0 0 -1
    outer loop
      vertex 29.391 -27.0615 2.99
      vertex 27.9055 -26.664 2.99
      vertex 28.6835 -26.2481 2.99
    endloop
  endfacet
  facet normal 0 0 -1
    outer loop
      vertex 26.664 -27.9055 2.99
      vertex 28.6518 -28.4446 2.99
      vertex 27.6569 -29.6569 2.99
    endloop
  endfacet
  facet normal 0 0 -1
    outer loop
      vertex 28.6518 -28.4446 2.99
      vertex 27.2236 -27.2236 2.99
      vertex 27.9055 -26.664 2.99
    endloop
  endfacet
  facet normal 0 0 -1
    outer loop
      vertex 28.6518 -28.4446 2.99
      vertex 26.664 -27.9055 2.99
      vertex 27.2236 -27.2236 2.99
    endloop
  endfacet
  facet normal 0 0 -1
    outer loop
      vertex 25.9921 -29.5277 2.99
      vertex 27.6569 -29.6569 2.99
      vertex 26.4446 -30.6518 2.99
    endloop
  endfacet
  facet normal 0 0 -1
    outer loop
      vertex 27.6569 -29.6569 2.99
      vertex 26.2481 -28.6835 2.99
      vertex 26.664 -27.9055 2.99
    endloop
  endfacet
  facet normal 0 0 -1
    outer loop
      vertex 27.6569 -29.6569 2.99
      vertex 25.9921 -29.5277 2.99
      vertex 26.2481 -28.6835 2.99
    endloop
  endfacet
  facet normal 0 0 -1
    outer loop
      vertex 25.9056 -30.4056 2.99
      vertex 26.4446 -30.6518 2.99
      vertex 25.9556 -30.9131 2.99
    endloop
  endfacet
  facet normal 0 0 -1
    outer loop
      vertex 26.4446 -30.6518 2.99
      vertex 25.9056 -30.4056 2.99
      vertex 25.9921 -29.5277 2.99
    endloop
  endfacet
  facet normal -0.956967 0.290196 0
    outer loop
      vertex 25.9921 -29.5277 2.99
      vertex 26.2481 -28.6835 17
      vertex 26.2481 -28.6835 2.99
    endloop
  endfacet
  facet normal -0.956967 0.290196 0
    outer loop
      vertex 26.2481 -28.6835 17
      vertex 25.9921 -29.5277 2.99
      vertex 25.9921 -29.5277 17
    endloop
  endfacet
  facet normal 0.995182 -0.0980475 0
    outer loop
      vertex -25.9056 -30.4056 17
      vertex -25.9556 -30.9131 3.01
      vertex -25.9056 -30.4056 2.99
    endloop
  endfacet
  facet normal 0.995181 -0.0980558 3.03858e-07
    outer loop
      vertex -25.9921 -31.2835 17
      vertex -25.9556 -30.9131 3.01
      vertex -25.9056 -30.4056 17
    endloop
  endfacet
  facet normal 0.99518 -0.0980671 0
    outer loop
      vertex -25.9556 -30.9131 3.01
      vertex -25.9921 -31.2835 17
      vertex -25.9921 -31.2835 3.01
    endloop
  endfacet
  facet normal 0.995182 -0.0980475 0
    outer loop
      vertex -25.9056 -30.4056 2.99
      vertex -25.9556 -30.9131 3.01
      vertex -25.9556 -30.9131 2.99
    endloop
  endfacet
  facet normal 0.956967 0.290196 0
    outer loop
      vertex -25.9921 -29.5277 17
      vertex -26.2481 -28.6835 2.99
      vertex -26.2481 -28.6835 17
    endloop
  endfacet
  facet normal 0.956967 0.290196 0
    outer loop
      vertex -26.2481 -28.6835 2.99
      vertex -25.9921 -29.5277 17
      vertex -25.9921 -29.5277 2.99
    endloop
  endfacet
  facet normal 0.634379 0.773022 -0
    outer loop
      vertex -27.2236 -27.2236 2.99
      vertex -27.9055 -26.664 17
      vertex -27.2236 -27.2236 17
    endloop
  endfacet
  facet normal 0.634379 0.773022 0
    outer loop
      vertex -27.9055 -26.664 17
      vertex -27.2236 -27.2236 2.99
      vertex -27.9055 -26.664 2.99
    endloop
  endfacet
  facet normal -0.881945 0.471353 0
    outer loop
      vertex -34.563 -28.6835 3.01
      vertex -34.1472 -27.9055 17
      vertex -34.1472 -27.9055 3.01
    endloop
  endfacet
  facet normal -0.881945 0.471353 0
    outer loop
      vertex -34.1472 -27.9055 17
      vertex -34.563 -28.6835 3.01
      vertex -34.563 -28.6835 17
    endloop
  endfacet
  facet normal 0.956967 -0.290196 0
    outer loop
      vertex -26.2481 -32.1277 17
      vertex -25.9921 -31.2835 3.01
      vertex -25.9921 -31.2835 17
    endloop
  endfacet
  facet normal 0.956967 -0.290196 0
    outer loop
      vertex -25.9921 -31.2835 3.01
      vertex -26.2481 -32.1277 17
      vertex -26.2481 -32.1277 3.01
    endloop
  endfacet
  facet normal -0.471441 0.881898 0
    outer loop
      vertex -32.1277 -26.2481 3.01
      vertex -32.9057 -26.664 17
      vertex -32.1277 -26.2481 17
    endloop
  endfacet
  facet normal -0.471441 0.881898 0
    outer loop
      vertex -32.9057 -26.664 17
      vertex -32.1277 -26.2481 3.01
      vertex -32.9057 -26.664 3.01
    endloop
  endfacet
  facet normal 0.0979864 -0.995188 0
    outer loop
      vertex -29.9888 -34.8645 3.01
      vertex -29.5277 -34.8191 17
      vertex -29.9888 -34.8645 17
    endloop
  endfacet
  facet normal 0.0979864 -0.995188 0
    outer loop
      vertex -29.5277 -34.8191 17
      vertex -29.9888 -34.8645 3.01
      vertex -29.5277 -34.8191 3.01
    endloop
  endfacet
  facet normal 0.471441 0.881898 -0
    outer loop
      vertex -27.9055 -26.664 2.99
      vertex -28.6835 -26.2481 17
      vertex -27.9055 -26.664 17
    endloop
  endfacet
  facet normal 0.471441 0.881898 0
    outer loop
      vertex -28.6835 -26.2481 17
      vertex -27.9055 -26.664 2.99
      vertex -28.6835 -26.2481 2.99
    endloop
  endfacet
  facet normal -0.634379 0.773022 0
    outer loop
      vertex -32.9057 -26.664 3.01
      vertex -33.5876 -27.2236 17
      vertex -32.9057 -26.664 17
    endloop
  endfacet
  facet normal -0.634379 0.773022 0
    outer loop
      vertex -33.5876 -27.2236 17
      vertex -32.9057 -26.664 3.01
      vertex -33.5876 -27.2236 3.01
    endloop
  endfacet
  facet normal 0.0980558 0.995181 2.44221e-06
    outer loop
      vertex -29.5277 -25.9921 17
      vertex -29.7212 -25.973 3.01
      vertex -30.4056 -25.9056 17
    endloop
  endfacet
  facet normal 0.0982306 0.995164 -0
    outer loop
      vertex -29.5277 -25.9921 2.99
      vertex -29.7212 -25.973 3.01
      vertex -29.5277 -25.9921 17
    endloop
  endfacet
  facet normal 0.0982306 0.995164 0
    outer loop
      vertex -29.7212 -25.973 3.01
      vertex -29.5277 -25.9921 2.99
      vertex -29.7212 -25.973 2.99
    endloop
  endfacet
  facet normal 0.0980063 0.995186 0
    outer loop
      vertex -30.4056 -25.9056 17
      vertex -29.7212 -25.973 3.01
      vertex -30.4056 -25.9056 3.01
    endloop
  endfacet
  facet normal 0.773022 -0.634379 0
    outer loop
      vertex -27.2236 -33.5876 17
      vertex -26.664 -32.9057 3.01
      vertex -26.664 -32.9057 17
    endloop
  endfacet
  facet normal 0.773022 -0.634379 0
    outer loop
      vertex -26.664 -32.9057 3.01
      vertex -27.2236 -33.5876 17
      vertex -27.2236 -33.5876 3.01
    endloop
  endfacet
  facet normal 0.881898 0.471441 0
    outer loop
      vertex -26.2481 -28.6835 17
      vertex -26.664 -27.9055 2.99
      vertex -26.664 -27.9055 17
    endloop
  endfacet
  facet normal 0.881898 0.471441 0
    outer loop
      vertex -26.664 -27.9055 2.99
      vertex -26.2481 -28.6835 17
      vertex -26.2481 -28.6835 2.99
    endloop
  endfacet
  facet normal 0 0 -1
    outer loop
      vertex -26.4446 -30.6518 2.99
      vertex -25.9056 -30.4056 2.99
      vertex -25.9556 -30.9131 2.99
    endloop
  endfacet
  facet normal -0 0 -1
    outer loop
      vertex -25.9056 -30.4056 2.99
      vertex -26.4446 -30.6518 2.99
      vertex -25.9921 -29.5277 2.99
    endloop
  endfacet
  facet normal 0 0 -1
    outer loop
      vertex -27.6569 -29.6569 2.99
      vertex -25.9921 -29.5277 2.99
      vertex -26.4446 -30.6518 2.99
    endloop
  endfacet
  facet normal -0 0 -1
    outer loop
      vertex -25.9921 -29.5277 2.99
      vertex -27.6569 -29.6569 2.99
      vertex -26.2481 -28.6835 2.99
    endloop
  endfacet
  facet normal -0 0 -1
    outer loop
      vertex -26.2481 -28.6835 2.99
      vertex -27.6569 -29.6569 2.99
      vertex -26.664 -27.9055 2.99
    endloop
  endfacet
  facet normal 0 0 -1
    outer loop
      vertex -28.6518 -28.4446 2.99
      vertex -26.664 -27.9055 2.99
      vertex -27.6569 -29.6569 2.99
    endloop
  endfacet
  facet normal -0 0 -1
    outer loop
      vertex -26.664 -27.9055 2.99
      vertex -28.6518 -28.4446 2.99
      vertex -27.2236 -27.2236 2.99
    endloop
  endfacet
  facet normal -0 0 -1
    outer loop
      vertex -27.2236 -27.2236 2.99
      vertex -28.6518 -28.4446 2.99
      vertex -27.9055 -26.664 2.99
    endloop
  endfacet
  facet normal 0 0 -1
    outer loop
      vertex -29.391 -27.0615 2.99
      vertex -27.9055 -26.664 2.99
      vertex -28.6518 -28.4446 2.99
    endloop
  endfacet
  facet normal -0 0 -1
    outer loop
      vertex -27.9055 -26.664 2.99
      vertex -29.391 -27.0615 2.99
      vertex -28.6835 -26.2481 2.99
    endloop
  endfacet
  facet normal 0 0 -1
    outer loop
      vertex -29.391 -27.0615 2.99
      vertex -29.5277 -25.9921 2.99
      vertex -28.6835 -26.2481 2.99
    endloop
  endfacet
  facet normal -0 -0 -1
    outer loop
      vertex -29.5277 -25.9921 2.99
      vertex -29.391 -27.0615 2.99
      vertex -29.7212 -25.973 2.99
    endloop
  endfacet
  facet normal -0.290196 0.956967 0
    outer loop
      vertex -31.2835 -25.9921 3.01
      vertex -32.1277 -26.2481 17
      vertex -31.2835 -25.9921 17
    endloop
  endfacet
  facet normal -0.290196 0.956967 0
    outer loop
      vertex -32.1277 -26.2481 17
      vertex -31.2835 -25.9921 3.01
      vertex -32.1277 -26.2481 3.01
    endloop
  endfacet
  facet normal -0.0980558 0.995181 0
    outer loop
      vertex -30.4056 -25.9056 3.01
      vertex -31.2835 -25.9921 17
      vertex -30.4056 -25.9056 17
    endloop
  endfacet
  facet normal -0.0980558 0.995181 0
    outer loop
      vertex -31.2835 -25.9921 17
      vertex -30.4056 -25.9056 3.01
      vertex -31.2835 -25.9921 3.01
    endloop
  endfacet
  facet normal 0.471353 -0.881945 0
    outer loop
      vertex -28.6835 -34.563 3.01
      vertex -27.9055 -34.1472 17
      vertex -28.6835 -34.563 17
    endloop
  endfacet
  facet normal 0.471353 -0.881945 0
    outer loop
      vertex -27.9055 -34.1472 17
      vertex -28.6835 -34.563 3.01
      vertex -27.9055 -34.1472 3.01
    endloop
  endfacet
  facet normal 0.995181 0.0980558 0
    outer loop
      vertex -25.9056 -30.4056 17
      vertex -25.9921 -29.5277 2.99
      vertex -25.9921 -29.5277 17
    endloop
  endfacet
  facet normal 0.995181 0.0980558 0
    outer loop
      vertex -25.9921 -29.5277 2.99
      vertex -25.9056 -30.4056 17
      vertex -25.9056 -30.4056 2.99
    endloop
  endfacet
  facet normal 0.2903 -0.956936 0
    outer loop
      vertex -29.5277 -34.8191 3.01
      vertex -28.6835 -34.563 17
      vertex -29.5277 -34.8191 17
    endloop
  endfacet
  facet normal 0.2903 -0.956936 0
    outer loop
      vertex -28.6835 -34.563 17
      vertex -29.5277 -34.8191 3.01
      vertex -28.6835 -34.563 3.01
    endloop
  endfacet
  facet normal -0.995188 0.0979864 0
    outer loop
      vertex -34.8645 -29.9888 3.01
      vertex -34.8191 -29.5277 17
      vertex -34.8191 -29.5277 3.01
    endloop
  endfacet
  facet normal -0.995188 0.0979864 0
    outer loop
      vertex -34.8191 -29.5277 17
      vertex -34.8645 -29.9888 3.01
      vertex -34.8645 -29.9888 17
    endloop
  endfacet
  facet normal -0.773022 0.634379 0
    outer loop
      vertex -34.1472 -27.9055 3.01
      vertex -33.5876 -27.2236 17
      vertex -33.5876 -27.2236 3.01
    endloop
  endfacet
  facet normal -0.773022 0.634379 0
    outer loop
      vertex -33.5876 -27.2236 17
      vertex -34.1472 -27.9055 3.01
      vertex -34.1472 -27.9055 17
    endloop
  endfacet
  facet normal -0.956936 0.2903 0
    outer loop
      vertex -34.8191 -29.5277 3.01
      vertex -34.563 -28.6835 17
      vertex -34.563 -28.6835 3.01
    endloop
  endfacet
  facet normal -0.956936 0.2903 0
    outer loop
      vertex -34.563 -28.6835 17
      vertex -34.8191 -29.5277 3.01
      vertex -34.8191 -29.5277 17
    endloop
  endfacet
  facet normal 0.634379 -0.773022 0
    outer loop
      vertex -27.9055 -34.1472 3.01
      vertex -27.2236 -33.5876 17
      vertex -27.9055 -34.1472 17
    endloop
  endfacet
  facet normal 0.634379 -0.773022 0
    outer loop
      vertex -27.2236 -33.5876 17
      vertex -27.9055 -34.1472 3.01
      vertex -27.2236 -33.5876 3.01
    endloop
  endfacet
  facet normal 0.881898 -0.471441 0
    outer loop
      vertex -26.664 -32.9057 17
      vertex -26.2481 -32.1277 3.01
      vertex -26.2481 -32.1277 17
    endloop
  endfacet
  facet normal 0.881898 -0.471441 0
    outer loop
      vertex -26.2481 -32.1277 3.01
      vertex -26.664 -32.9057 17
      vertex -26.664 -32.9057 3.01
    endloop
  endfacet
  facet normal 0.773022 0.634379 0
    outer loop
      vertex -26.664 -27.9055 17
      vertex -27.2236 -27.2236 2.99
      vertex -27.2236 -27.2236 17
    endloop
  endfacet
  facet normal 0.773022 0.634379 0
    outer loop
      vertex -27.2236 -27.2236 2.99
      vertex -26.664 -27.9055 17
      vertex -26.664 -27.9055 2.99
    endloop
  endfacet
  facet normal 0.290196 0.956967 -0
    outer loop
      vertex -28.6835 -26.2481 2.99
      vertex -29.5277 -25.9921 17
      vertex -28.6835 -26.2481 17
    endloop
  endfacet
  facet normal 0.290196 0.956967 0
    outer loop
      vertex -29.5277 -25.9921 17
      vertex -28.6835 -26.2481 2.99
      vertex -29.5277 -25.9921 2.99
    endloop
  endfacet
  facet normal -0.0980558 -0.995181 0
    outer loop
      vertex -31.2835 25.9921 3.01
      vertex -30.4056 25.9056 17
      vertex -31.2835 25.9921 17
    endloop
  endfacet
  facet normal -0.0980558 -0.995181 -0
    outer loop
      vertex -30.4056 25.9056 17
      vertex -31.2835 25.9921 3.01
      vertex -30.4056 25.9056 3.01
    endloop
  endfacet
  facet normal 0.290196 -0.956967 0
    outer loop
      vertex -29.5277 25.9921 3.01
      vertex -28.6835 26.2481 17
      vertex -29.5277 25.9921 17
    endloop
  endfacet
  facet normal 0.290196 -0.956967 0
    outer loop
      vertex -28.6835 26.2481 17
      vertex -29.5277 25.9921 3.01
      vertex -28.6835 26.2481 3.01
    endloop
  endfacet
  facet normal 0.471353 0.881945 -0
    outer loop
      vertex -27.9055 34.1472 3.01
      vertex -28.6835 34.563 17
      vertex -27.9055 34.1472 17
    endloop
  endfacet
  facet normal 0.471353 0.881945 0
    outer loop
      vertex -28.6835 34.563 17
      vertex -27.9055 34.1472 3.01
      vertex -28.6835 34.563 3.01
    endloop
  endfacet
  facet normal -0.290196 -0.956967 0
    outer loop
      vertex -32.1277 26.2481 3.01
      vertex -31.2835 25.9921 17
      vertex -32.1277 26.2481 17
    endloop
  endfacet
  facet normal -0.290196 -0.956967 -0
    outer loop
      vertex -31.2835 25.9921 17
      vertex -32.1277 26.2481 3.01
      vertex -31.2835 25.9921 3.01
    endloop
  endfacet
  facet normal 0.881898 0.471441 0
    outer loop
      vertex -26.2481 32.1277 17
      vertex -26.664 32.9057 3.01
      vertex -26.664 32.9057 17
    endloop
  endfacet
  facet normal 0.881898 0.471441 0
    outer loop
      vertex -26.664 32.9057 3.01
      vertex -26.2481 32.1277 17
      vertex -26.2481 32.1277 3.01
    endloop
  endfacet
  facet normal -0.995188 -0.0979864 0
    outer loop
      vertex -34.8191 29.5277 3.01
      vertex -34.8645 29.9888 17
      vertex -34.8645 29.9888 3.01
    endloop
  endfacet
  facet normal -0.995188 -0.0979864 0
    outer loop
      vertex -34.8645 29.9888 17
      vertex -34.8191 29.5277 3.01
      vertex -34.8191 29.5277 17
    endloop
  endfacet
  facet normal 0.773022 0.634379 0
    outer loop
      vertex -26.664 32.9057 17
      vertex -27.2236 33.5876 3.01
      vertex -27.2236 33.5876 17
    endloop
  endfacet
  facet normal 0.773022 0.634379 0
    outer loop
      vertex -27.2236 33.5876 3.01
      vertex -26.664 32.9057 17
      vertex -26.664 32.9057 3.01
    endloop
  endfacet
  facet normal -0.634379 -0.773022 0
    outer loop
      vertex -33.5876 27.2236 3.01
      vertex -32.9057 26.664 17
      vertex -33.5876 27.2236 17
    endloop
  endfacet
  facet normal -0.634379 -0.773022 -0
    outer loop
      vertex -32.9057 26.664 17
      vertex -33.5876 27.2236 3.01
      vertex -32.9057 26.664 3.01
    endloop
  endfacet
  facet normal 0.471441 -0.881898 0
    outer loop
      vertex -28.6835 26.2481 3.01
      vertex -27.9055 26.664 17
      vertex -28.6835 26.2481 17
    endloop
  endfacet
  facet normal 0.471441 -0.881898 0
    outer loop
      vertex -27.9055 26.664 17
      vertex -28.6835 26.2481 3.01
      vertex -27.9055 26.664 3.01
    endloop
  endfacet
  facet normal 0.956967 0.290196 0
    outer loop
      vertex -25.9921 31.2835 17
      vertex -26.2481 32.1277 3.01
      vertex -26.2481 32.1277 17
    endloop
  endfacet
  facet normal 0.956967 0.290196 0
    outer loop
      vertex -26.2481 32.1277 3.01
      vertex -25.9921 31.2835 17
      vertex -25.9921 31.2835 3.01
    endloop
  endfacet
  facet normal 0.995181 0.0980558 0
    outer loop
      vertex -25.9056 30.4056 17
      vertex -25.9921 31.2835 3.01
      vertex -25.9921 31.2835 17
    endloop
  endfacet
  facet normal 0.995181 0.0980558 0
    outer loop
      vertex -25.9921 31.2835 3.01
      vertex -25.9056 30.4056 17
      vertex -25.9056 30.4056 3.01
    endloop
  endfacet
  facet normal -0.881945 -0.471353 0
    outer loop
      vertex -34.1472 27.9055 3.01
      vertex -34.563 28.6835 17
      vertex -34.563 28.6835 3.01
    endloop
  endfacet
  facet normal -0.881945 -0.471353 0
    outer loop
      vertex -34.563 28.6835 17
      vertex -34.1472 27.9055 3.01
      vertex -34.1472 27.9055 17
    endloop
  endfacet
  facet normal -0.956936 -0.2903 0
    outer loop
      vertex -34.563 28.6835 3.01
      vertex -34.8191 29.5277 17
      vertex -34.8191 29.5277 3.01
    endloop
  endfacet
  facet normal -0.956936 -0.2903 0
    outer loop
      vertex -34.8191 29.5277 17
      vertex -34.563 28.6835 3.01
      vertex -34.563 28.6835 17
    endloop
  endfacet
  facet normal 0.0979864 0.995188 -0
    outer loop
      vertex -29.5277 34.8191 3.01
      vertex -29.9888 34.8645 17
      vertex -29.5277 34.8191 17
    endloop
  endfacet
  facet normal 0.0979864 0.995188 0
    outer loop
      vertex -29.9888 34.8645 17
      vertex -29.5277 34.8191 3.01
      vertex -29.9888 34.8645 3.01
    endloop
  endfacet
  facet normal 0.634379 0.773022 -0
    outer loop
      vertex -27.2236 33.5876 3.01
      vertex -27.9055 34.1472 17
      vertex -27.2236 33.5876 17
    endloop
  endfacet
  facet normal 0.634379 0.773022 0
    outer loop
      vertex -27.9055 34.1472 17
      vertex -27.2236 33.5876 3.01
      vertex -27.9055 34.1472 3.01
    endloop
  endfacet
  facet normal 0.2903 0.956936 -0
    outer loop
      vertex -28.6835 34.563 3.01
      vertex -29.5277 34.8191 17
      vertex -28.6835 34.563 17
    endloop
  endfacet
  facet normal 0.2903 0.956936 0
    outer loop
      vertex -29.5277 34.8191 17
      vertex -28.6835 34.563 3.01
      vertex -29.5277 34.8191 3.01
    endloop
  endfacet
  facet normal 0.773022 -0.634379 0
    outer loop
      vertex -27.2236 27.2236 17
      vertex -26.664 27.9055 3.01
      vertex -26.664 27.9055 17
    endloop
  endfacet
  facet normal 0.773022 -0.634379 0
    outer loop
      vertex -26.664 27.9055 3.01
      vertex -27.2236 27.2236 17
      vertex -27.2236 27.2236 3.01
    endloop
  endfacet
  facet normal 0.995181 -0.0980558 0
    outer loop
      vertex -25.9921 29.5277 17
      vertex -25.9056 30.4056 3.01
      vertex -25.9056 30.4056 17
    endloop
  endfacet
  facet normal 0.995181 -0.0980558 0
    outer loop
      vertex -25.9056 30.4056 3.01
      vertex -25.9921 29.5277 17
      vertex -25.9921 29.5277 3.01
    endloop
  endfacet
  facet normal -0.773022 -0.634379 0
    outer loop
      vertex -33.5876 27.2236 3.01
      vertex -34.1472 27.9055 17
      vertex -34.1472 27.9055 3.01
    endloop
  endfacet
  facet normal -0.773022 -0.634379 0
    outer loop
      vertex -34.1472 27.9055 17
      vertex -33.5876 27.2236 3.01
      vertex -33.5876 27.2236 17
    endloop
  endfacet
  facet normal 0.0980558 -0.995181 0
    outer loop
      vertex -30.4056 25.9056 3.01
      vertex -29.5277 25.9921 17
      vertex -30.4056 25.9056 17
    endloop
  endfacet
  facet normal 0.0980558 -0.995181 0
    outer loop
      vertex -29.5277 25.9921 17
      vertex -30.4056 25.9056 3.01
      vertex -29.5277 25.9921 3.01
    endloop
  endfacet
  facet normal -0.471441 -0.881898 0
    outer loop
      vertex -32.9057 26.664 3.01
      vertex -32.1277 26.2481 17
      vertex -32.9057 26.664 17
    endloop
  endfacet
  facet normal -0.471441 -0.881898 -0
    outer loop
      vertex -32.1277 26.2481 17
      vertex -32.9057 26.664 3.01
      vertex -32.1277 26.2481 3.01
    endloop
  endfacet
  facet normal 0.634379 -0.773022 0
    outer loop
      vertex -27.9055 26.664 3.01
      vertex -27.2236 27.2236 17
      vertex -27.9055 26.664 17
    endloop
  endfacet
  facet normal 0.634379 -0.773022 0
    outer loop
      vertex -27.2236 27.2236 17
      vertex -27.9055 26.664 3.01
      vertex -27.2236 27.2236 3.01
    endloop
  endfacet
  facet normal 0.881898 -0.471441 0
    outer loop
      vertex -26.664 27.9055 17
      vertex -26.2481 28.6835 3.01
      vertex -26.2481 28.6835 17
    endloop
  endfacet
  facet normal 0.881898 -0.471441 0
    outer loop
      vertex -26.2481 28.6835 3.01
      vertex -26.664 27.9055 17
      vertex -26.664 27.9055 3.01
    endloop
  endfacet
  facet normal 0.956967 -0.290196 0
    outer loop
      vertex -26.2481 28.6835 17
      vertex -25.9921 29.5277 3.01
      vertex -25.9921 29.5277 17
    endloop
  endfacet
  facet normal 0.956967 -0.290196 0
    outer loop
      vertex -25.9921 29.5277 3.01
      vertex -26.2481 28.6835 17
      vertex -26.2481 28.6835 3.01
    endloop
  endfacet
  facet normal -0.956967 -0.290196 0
    outer loop
      vertex 26.2481 28.6835 3.01
      vertex 25.9921 29.5277 17
      vertex 25.9921 29.5277 3.01
    endloop
  endfacet
  facet normal -0.956967 -0.290196 0
    outer loop
      vertex 25.9921 29.5277 17
      vertex 26.2481 28.6835 3.01
      vertex 26.2481 28.6835 17
    endloop
  endfacet
  facet normal -0.956967 0.290196 0
    outer loop
      vertex 25.9921 31.2835 3.01
      vertex 26.2481 32.1277 17
      vertex 26.2481 32.1277 3.01
    endloop
  endfacet
  facet normal -0.956967 0.290196 0
    outer loop
      vertex 26.2481 32.1277 17
      vertex 25.9921 31.2835 3.01
      vertex 25.9921 31.2835 17
    endloop
  endfacet
  facet normal 0.471441 -0.881898 0
    outer loop
      vertex 32.1277 26.2481 3.01
      vertex 32.9057 26.664 17
      vertex 32.1277 26.2481 17
    endloop
  endfacet
  facet normal 0.471441 -0.881898 0
    outer loop
      vertex 32.9057 26.664 17
      vertex 32.1277 26.2481 3.01
      vertex 32.9057 26.664 3.01
    endloop
  endfacet
  facet normal -0.0979864 0.995188 0
    outer loop
      vertex 29.9888 34.8645 3.01
      vertex 29.5277 34.8191 17
      vertex 29.9888 34.8645 17
    endloop
  endfacet
  facet normal -0.0979864 0.995188 0
    outer loop
      vertex 29.5277 34.8191 17
      vertex 29.9888 34.8645 3.01
      vertex 29.5277 34.8191 3.01
    endloop
  endfacet
  facet normal 0.634379 -0.773022 0
    outer loop
      vertex 32.9057 26.664 3.01
      vertex 33.5876 27.2236 17
      vertex 32.9057 26.664 17
    endloop
  endfacet
  facet normal 0.634379 -0.773022 0
    outer loop
      vertex 33.5876 27.2236 17
      vertex 32.9057 26.664 3.01
      vertex 33.5876 27.2236 3.01
    endloop
  endfacet
  facet normal -0.995181 0.0980558 0
    outer loop
      vertex 25.9056 30.4056 3.01
      vertex 25.9921 31.2835 17
      vertex 25.9921 31.2835 3.01
    endloop
  endfacet
  facet normal -0.995181 0.0980558 0
    outer loop
      vertex 25.9921 31.2835 17
      vertex 25.9056 30.4056 3.01
      vertex 25.9056 30.4056 17
    endloop
  endfacet
  facet normal -0.773022 0.634379 0
    outer loop
      vertex 26.664 32.9057 3.01
      vertex 27.2236 33.5876 17
      vertex 27.2236 33.5876 3.01
    endloop
  endfacet
  facet normal -0.773022 0.634379 0
    outer loop
      vertex 27.2236 33.5876 17
      vertex 26.664 32.9057 3.01
      vertex 26.664 32.9057 17
    endloop
  endfacet
  facet normal 0.773022 -0.634379 0
    outer loop
      vertex 33.5876 27.2236 17
      vertex 34.1472 27.9055 3.01
      vertex 34.1472 27.9055 17
    endloop
  endfacet
  facet normal 0.773022 -0.634379 0
    outer loop
      vertex 34.1472 27.9055 3.01
      vertex 33.5876 27.2236 17
      vertex 33.5876 27.2236 3.01
    endloop
  endfacet
  facet normal -0.881898 -0.471441 0
    outer loop
      vertex 26.664 27.9055 3.01
      vertex 26.2481 28.6835 17
      vertex 26.2481 28.6835 3.01
    endloop
  endfacet
  facet normal -0.881898 -0.471441 0
    outer loop
      vertex 26.2481 28.6835 17
      vertex 26.664 27.9055 3.01
      vertex 26.664 27.9055 17
    endloop
  endfacet
  facet normal 0.881945 -0.471353 0
    outer loop
      vertex 34.1472 27.9055 17
      vertex 34.563 28.6835 3.01
      vertex 34.563 28.6835 17
    endloop
  endfacet
  facet normal 0.881945 -0.471353 0
    outer loop
      vertex 34.563 28.6835 3.01
      vertex 34.1472 27.9055 17
      vertex 34.1472 27.9055 3.01
    endloop
  endfacet
  facet normal 0.0980558 -0.995181 0
    outer loop
      vertex 30.4056 25.9056 3.01
      vertex 31.2835 25.9921 17
      vertex 30.4056 25.9056 17
    endloop
  endfacet
  facet normal 0.0980558 -0.995181 0
    outer loop
      vertex 31.2835 25.9921 17
      vertex 30.4056 25.9056 3.01
      vertex 31.2835 25.9921 3.01
    endloop
  endfacet
  facet normal -0.471353 0.881945 0
    outer loop
      vertex 28.6835 34.563 3.01
      vertex 27.9055 34.1472 17
      vertex 28.6835 34.563 17
    endloop
  endfacet
  facet normal -0.471353 0.881945 0
    outer loop
      vertex 27.9055 34.1472 17
      vertex 28.6835 34.563 3.01
      vertex 27.9055 34.1472 3.01
    endloop
  endfacet
  facet normal 0.290196 -0.956967 0
    outer loop
      vertex 31.2835 25.9921 3.01
      vertex 32.1277 26.2481 17
      vertex 31.2835 25.9921 17
    endloop
  endfacet
  facet normal 0.290196 -0.956967 0
    outer loop
      vertex 32.1277 26.2481 17
      vertex 31.2835 25.9921 3.01
      vertex 32.1277 26.2481 3.01
    endloop
  endfacet
  facet normal -0.2903 0.956936 0
    outer loop
      vertex 29.5277 34.8191 3.01
      vertex 28.6835 34.563 17
      vertex 29.5277 34.8191 17
    endloop
  endfacet
  facet normal -0.2903 0.956936 0
    outer loop
      vertex 28.6835 34.563 17
      vertex 29.5277 34.8191 3.01
      vertex 28.6835 34.563 3.01
    endloop
  endfacet
  facet normal -0.881898 0.471441 0
    outer loop
      vertex 26.2481 32.1277 3.01
      vertex 26.664 32.9057 17
      vertex 26.664 32.9057 3.01
    endloop
  endfacet
  facet normal -0.881898 0.471441 0
    outer loop
      vertex 26.664 32.9057 17
      vertex 26.2481 32.1277 3.01
      vertex 26.2481 32.1277 17
    endloop
  endfacet
  facet normal 0.995188 -0.0979864 0
    outer loop
      vertex 34.8191 29.5277 17
      vertex 34.8645 29.9888 3.01
      vertex 34.8645 29.9888 17
    endloop
  endfacet
  facet normal 0.995188 -0.0979864 0
    outer loop
      vertex 34.8645 29.9888 3.01
      vertex 34.8191 29.5277 17
      vertex 34.8191 29.5277 3.01
    endloop
  endfacet
  facet normal 0.956936 -0.2903 0
    outer loop
      vertex 34.563 28.6835 17
      vertex 34.8191 29.5277 3.01
      vertex 34.8191 29.5277 17
    endloop
  endfacet
  facet normal 0.956936 -0.2903 0
    outer loop
      vertex 34.8191 29.5277 3.01
      vertex 34.563 28.6835 17
      vertex 34.563 28.6835 3.01
    endloop
  endfacet
  facet normal -0.634379 -0.773022 0
    outer loop
      vertex 27.2236 27.2236 3.01
      vertex 27.9055 26.664 17
      vertex 27.2236 27.2236 17
    endloop
  endfacet
  facet normal -0.634379 -0.773022 -0
    outer loop
      vertex 27.9055 26.664 17
      vertex 27.2236 27.2236 3.01
      vertex 27.9055 26.664 3.01
    endloop
  endfacet
  facet normal -0.634379 0.773022 0
    outer loop
      vertex 27.9055 34.1472 3.01
      vertex 27.2236 33.5876 17
      vertex 27.9055 34.1472 17
    endloop
  endfacet
  facet normal -0.634379 0.773022 0
    outer loop
      vertex 27.2236 33.5876 17
      vertex 27.9055 34.1472 3.01
      vertex 27.2236 33.5876 3.01
    endloop
  endfacet
  facet normal -0.0980558 -0.995181 0
    outer loop
      vertex 29.5277 25.9921 3.01
      vertex 30.4056 25.9056 17
      vertex 29.5277 25.9921 17
    endloop
  endfacet
  facet normal -0.0980558 -0.995181 -0
    outer loop
      vertex 30.4056 25.9056 17
      vertex 29.5277 25.9921 3.01
      vertex 30.4056 25.9056 3.01
    endloop
  endfacet
  facet normal -0.995181 -0.0980558 0
    outer loop
      vertex 25.9921 29.5277 3.01
      vertex 25.9056 30.4056 17
      vertex 25.9056 30.4056 3.01
    endloop
  endfacet
  facet normal -0.995181 -0.0980558 0
    outer loop
      vertex 25.9056 30.4056 17
      vertex 25.9921 29.5277 3.01
      vertex 25.9921 29.5277 17
    endloop
  endfacet
  facet normal -0.773022 -0.634379 0
    outer loop
      vertex 27.2236 27.2236 3.01
      vertex 26.664 27.9055 17
      vertex 26.664 27.9055 3.01
    endloop
  endfacet
  facet normal -0.773022 -0.634379 0
    outer loop
      vertex 26.664 27.9055 17
      vertex 27.2236 27.2236 3.01
      vertex 27.2236 27.2236 17
    endloop
  endfacet
  facet normal -0.471441 -0.881898 0
    outer loop
      vertex 27.9055 26.664 3.01
      vertex 28.6835 26.2481 17
      vertex 27.9055 26.664 17
    endloop
  endfacet
  facet normal -0.471441 -0.881898 -0
    outer loop
      vertex 28.6835 26.2481 17
      vertex 27.9055 26.664 3.01
      vertex 28.6835 26.2481 3.01
    endloop
  endfacet
  facet normal -0.290196 -0.956967 0
    outer loop
      vertex 28.6835 26.2481 3.01
      vertex 29.5277 25.9921 17
      vertex 28.6835 26.2481 17
    endloop
  endfacet
  facet normal -0.290196 -0.956967 -0
    outer loop
      vertex 29.5277 25.9921 17
      vertex 28.6835 26.2481 3.01
      vertex 29.5277 25.9921 3.01
    endloop
  endfacet
  facet normal 0.382794 0.923834 -0
    outer loop
      vertex 30.0691 -31.6613 8
      vertex 29.7556 -31.5314 17
      vertex 30.0691 -31.6613 17
    endloop
  endfacet
  facet normal 0.382794 0.923834 0
    outer loop
      vertex 29.7556 -31.5314 17
      vertex 30.0691 -31.6613 8
      vertex 29.7556 -31.5314 8
    endloop
  endfacet
  facet normal -0.382794 0.923834 0
    outer loop
      vertex 31.0556 -31.5314 8
      vertex 30.7421 -31.6613 17
      vertex 31.0556 -31.5314 17
    endloop
  endfacet
  facet normal -0.382794 0.923834 0
    outer loop
      vertex 30.7421 -31.6613 17
      vertex 31.0556 -31.5314 8
      vertex 30.7421 -31.6613 8
    endloop
  endfacet
  facet normal -0.608827 0.793303 0
    outer loop
      vertex 31.3248 -31.3248 8
      vertex 31.0556 -31.5314 17
      vertex 31.3248 -31.3248 17
    endloop
  endfacet
  facet normal -0.608827 0.793303 0
    outer loop
      vertex 31.0556 -31.5314 17
      vertex 31.3248 -31.3248 8
      vertex 31.0556 -31.5314 8
    endloop
  endfacet
  facet normal 0.991445 0.130523 0
    outer loop
      vertex 29.1499 -30.7421 17
      vertex 29.1056 -30.4056 8
      vertex 29.1056 -30.4056 17
    endloop
  endfacet
  facet normal 0.991445 0.130523 0
    outer loop
      vertex 29.1056 -30.4056 8
      vertex 29.1499 -30.7421 17
      vertex 29.1499 -30.7421 8
    endloop
  endfacet
  facet normal 0.608827 -0.793303 0
    outer loop
      vertex 29.4864 -29.4864 8
      vertex 29.7556 -29.2798 17
      vertex 29.4864 -29.4864 17
    endloop
  endfacet
  facet normal 0.608827 -0.793303 0
    outer loop
      vertex 29.7556 -29.2798 17
      vertex 29.4864 -29.4864 8
      vertex 29.7556 -29.2798 8
    endloop
  endfacet
  facet normal 0.130523 0.991445 -0
    outer loop
      vertex 30.4056 -31.7056 8
      vertex 30.0691 -31.6613 17
      vertex 30.4056 -31.7056 17
    endloop
  endfacet
  facet normal 0.130523 0.991445 0
    outer loop
      vertex 30.0691 -31.6613 17
      vertex 30.4056 -31.7056 8
      vertex 30.0691 -31.6613 8
    endloop
  endfacet
  facet normal 0.793303 0.608827 0
    outer loop
      vertex 29.4864 -31.3248 17
      vertex 29.2798 -31.0556 8
      vertex 29.2798 -31.0556 17
    endloop
  endfacet
  facet normal 0.793303 0.608827 0
    outer loop
      vertex 29.2798 -31.0556 8
      vertex 29.4864 -31.3248 17
      vertex 29.4864 -31.3248 8
    endloop
  endfacet
  facet normal 0.923834 -0.382794 0
    outer loop
      vertex 29.1499 -30.0691 17
      vertex 29.2798 -29.7556 8
      vertex 29.2798 -29.7556 17
    endloop
  endfacet
  facet normal 0.923834 -0.382794 0
    outer loop
      vertex 29.2798 -29.7556 8
      vertex 29.1499 -30.0691 17
      vertex 29.1499 -30.0691 8
    endloop
  endfacet
  facet normal -0.991445 0.130523 0
    outer loop
      vertex 31.6613 -30.7421 8
      vertex 31.7056 -30.4056 17
      vertex 31.7056 -30.4056 8
    endloop
  endfacet
  facet normal -0.991445 0.130523 0
    outer loop
      vertex 31.7056 -30.4056 17
      vertex 31.6613 -30.7421 8
      vertex 31.6613 -30.7421 17
    endloop
  endfacet
  facet normal -0.793303 0.608827 0
    outer loop
      vertex 31.3248 -31.3248 8
      vertex 31.5314 -31.0556 17
      vertex 31.5314 -31.0556 8
    endloop
  endfacet
  facet normal -0.793303 0.608827 0
    outer loop
      vertex 31.5314 -31.0556 17
      vertex 31.3248 -31.3248 8
      vertex 31.3248 -31.3248 17
    endloop
  endfacet
  facet normal 0.608827 0.793303 -0
    outer loop
      vertex 29.7556 -31.5314 8
      vertex 29.4864 -31.3248 17
      vertex 29.7556 -31.5314 17
    endloop
  endfacet
  facet normal 0.608827 0.793303 0
    outer loop
      vertex 29.4864 -31.3248 17
      vertex 29.7556 -31.5314 8
      vertex 29.4864 -31.3248 8
    endloop
  endfacet
  facet normal 0.991445 -0.130523 0
    outer loop
      vertex 29.1056 -30.4056 17
      vertex 29.1499 -30.0691 8
      vertex 29.1499 -30.0691 17
    endloop
  endfacet
  facet normal 0.991445 -0.130523 0
    outer loop
      vertex 29.1499 -30.0691 8
      vertex 29.1056 -30.4056 17
      vertex 29.1056 -30.4056 8
    endloop
  endfacet
  facet normal -0.130523 -0.991445 0
    outer loop
      vertex 30.4056 -29.1056 8
      vertex 30.7421 -29.1499 17
      vertex 30.4056 -29.1056 17
    endloop
  endfacet
  facet normal -0.130523 -0.991445 -0
    outer loop
      vertex 30.7421 -29.1499 17
      vertex 30.4056 -29.1056 8
      vertex 30.7421 -29.1499 8
    endloop
  endfacet
  facet normal 0.130523 -0.991445 0
    outer loop
      vertex 30.0691 -29.1499 8
      vertex 30.4056 -29.1056 17
      vertex 30.0691 -29.1499 17
    endloop
  endfacet
  facet normal 0.130523 -0.991445 0
    outer loop
      vertex 30.4056 -29.1056 17
      vertex 30.0691 -29.1499 8
      vertex 30.4056 -29.1056 8
    endloop
  endfacet
  facet normal -0.991445 -0.130523 0
    outer loop
      vertex 31.7056 -30.4056 8
      vertex 31.6613 -30.0691 17
      vertex 31.6613 -30.0691 8
    endloop
  endfacet
  facet normal -0.991445 -0.130523 0
    outer loop
      vertex 31.6613 -30.0691 17
      vertex 31.7056 -30.4056 8
      vertex 31.7056 -30.4056 17
    endloop
  endfacet
  facet normal -0.793303 -0.608827 0
    outer loop
      vertex 31.5314 -29.7556 8
      vertex 31.3248 -29.4864 17
      vertex 31.3248 -29.4864 8
    endloop
  endfacet
  facet normal -0.793303 -0.608827 0
    outer loop
      vertex 31.3248 -29.4864 17
      vertex 31.5314 -29.7556 8
      vertex 31.5314 -29.7556 17
    endloop
  endfacet
  facet normal -0.923834 -0.382794 0
    outer loop
      vertex 31.6613 -30.0691 8
      vertex 31.5314 -29.7556 17
      vertex 31.5314 -29.7556 8
    endloop
  endfacet
  facet normal -0.923834 -0.382794 0
    outer loop
      vertex 31.5314 -29.7556 17
      vertex 31.6613 -30.0691 8
      vertex 31.6613 -30.0691 17
    endloop
  endfacet
  facet normal 0.923834 0.382794 0
    outer loop
      vertex 29.2798 -31.0556 17
      vertex 29.1499 -30.7421 8
      vertex 29.1499 -30.7421 17
    endloop
  endfacet
  facet normal 0.923834 0.382794 0
    outer loop
      vertex 29.1499 -30.7421 8
      vertex 29.2798 -31.0556 17
      vertex 29.2798 -31.0556 8
    endloop
  endfacet
  facet normal -0.130523 0.991445 0
    outer loop
      vertex 30.7421 -31.6613 8
      vertex 30.4056 -31.7056 17
      vertex 30.7421 -31.6613 17
    endloop
  endfacet
  facet normal -0.130523 0.991445 0
    outer loop
      vertex 30.4056 -31.7056 17
      vertex 30.7421 -31.6613 8
      vertex 30.4056 -31.7056 8
    endloop
  endfacet
  facet normal 0.793303 -0.608827 0
    outer loop
      vertex 29.2798 -29.7556 17
      vertex 29.4864 -29.4864 8
      vertex 29.4864 -29.4864 17
    endloop
  endfacet
  facet normal 0.793303 -0.608827 0
    outer loop
      vertex 29.4864 -29.4864 8
      vertex 29.2798 -29.7556 17
      vertex 29.2798 -29.7556 8
    endloop
  endfacet
  facet normal -0.923834 0.382794 0
    outer loop
      vertex 31.5314 -31.0556 8
      vertex 31.6613 -30.7421 17
      vertex 31.6613 -30.7421 8
    endloop
  endfacet
  facet normal -0.923834 0.382794 0
    outer loop
      vertex 31.6613 -30.7421 17
      vertex 31.5314 -31.0556 8
      vertex 31.5314 -31.0556 17
    endloop
  endfacet
  facet normal 0.382794 -0.923834 0
    outer loop
      vertex 29.7556 -29.2798 8
      vertex 30.0691 -29.1499 17
      vertex 29.7556 -29.2798 17
    endloop
  endfacet
  facet normal 0.382794 -0.923834 0
    outer loop
      vertex 30.0691 -29.1499 17
      vertex 29.7556 -29.2798 8
      vertex 30.0691 -29.1499 8
    endloop
  endfacet
  facet normal 0 0 1
    outer loop
      vertex 31.6613 -30.0691 8
      vertex 31.6613 -30.7421 8
      vertex 31.7056 -30.4056 8
    endloop
  endfacet
  facet normal 0 0 1
    outer loop
      vertex 31.5314 -29.7556 8
      vertex 31.6613 -30.7421 8
      vertex 31.6613 -30.0691 8
    endloop
  endfacet
  facet normal 0 0 1
    outer loop
      vertex 31.5314 -29.7556 8
      vertex 31.5314 -31.0556 8
      vertex 31.6613 -30.7421 8
    endloop
  endfacet
  facet normal 0 0 1
    outer loop
      vertex 31.3248 -29.4864 8
      vertex 31.5314 -31.0556 8
      vertex 31.5314 -29.7556 8
    endloop
  endfacet
  facet normal 0 0 1
    outer loop
      vertex 31.3248 -29.4864 8
      vertex 31.3248 -31.3248 8
      vertex 31.5314 -31.0556 8
    endloop
  endfacet
  facet normal 0 0 1
    outer loop
      vertex 31.0556 -29.2798 8
      vertex 31.3248 -31.3248 8
      vertex 31.3248 -29.4864 8
    endloop
  endfacet
  facet normal 0 0 1
    outer loop
      vertex 31.0556 -29.2798 8
      vertex 31.0556 -31.5314 8
      vertex 31.3248 -31.3248 8
    endloop
  endfacet
  facet normal 0 0 1
    outer loop
      vertex 30.7421 -29.1499 8
      vertex 31.0556 -31.5314 8
      vertex 31.0556 -29.2798 8
    endloop
  endfacet
  facet normal 0 0 1
    outer loop
      vertex 30.7421 -29.1499 8
      vertex 30.7421 -31.6613 8
      vertex 31.0556 -31.5314 8
    endloop
  endfacet
  facet normal 0 0 1
    outer loop
      vertex 30.4056 -29.1056 8
      vertex 30.7421 -31.6613 8
      vertex 30.7421 -29.1499 8
    endloop
  endfacet
  facet normal 0 0 1
    outer loop
      vertex 30.4056 -29.1056 8
      vertex 30.4056 -31.7056 8
      vertex 30.7421 -31.6613 8
    endloop
  endfacet
  facet normal -0 0 1
    outer loop
      vertex 30.0691 -29.1499 8
      vertex 30.4056 -31.7056 8
      vertex 30.4056 -29.1056 8
    endloop
  endfacet
  facet normal 0 0 1
    outer loop
      vertex 30.0691 -29.1499 8
      vertex 30.0691 -31.6613 8
      vertex 30.4056 -31.7056 8
    endloop
  endfacet
  facet normal -0 0 1
    outer loop
      vertex 29.7556 -29.2798 8
      vertex 30.0691 -31.6613 8
      vertex 30.0691 -29.1499 8
    endloop
  endfacet
  facet normal 0 0 1
    outer loop
      vertex 29.7556 -29.2798 8
      vertex 29.7556 -31.5314 8
      vertex 30.0691 -31.6613 8
    endloop
  endfacet
  facet normal -0 0 1
    outer loop
      vertex 29.4864 -29.4864 8
      vertex 29.7556 -31.5314 8
      vertex 29.7556 -29.2798 8
    endloop
  endfacet
  facet normal 0 0 1
    outer loop
      vertex 29.4864 -29.4864 8
      vertex 29.4864 -31.3248 8
      vertex 29.7556 -31.5314 8
    endloop
  endfacet
  facet normal -0 0 1
    outer loop
      vertex 29.2798 -29.7556 8
      vertex 29.4864 -31.3248 8
      vertex 29.4864 -29.4864 8
    endloop
  endfacet
  facet normal 0 0 1
    outer loop
      vertex 29.2798 -29.7556 8
      vertex 29.2798 -31.0556 8
      vertex 29.4864 -31.3248 8
    endloop
  endfacet
  facet normal -0 0 1
    outer loop
      vertex 29.1499 -30.0691 8
      vertex 29.2798 -31.0556 8
      vertex 29.2798 -29.7556 8
    endloop
  endfacet
  facet normal 0 0 1
    outer loop
      vertex 29.1499 -30.0691 8
      vertex 29.1499 -30.7421 8
      vertex 29.2798 -31.0556 8
    endloop
  endfacet
  facet normal 0 -0 1
    outer loop
      vertex 29.1499 -30.7421 8
      vertex 29.1499 -30.0691 8
      vertex 29.1056 -30.4056 8
    endloop
  endfacet
  facet normal -0.608827 -0.793303 0
    outer loop
      vertex 31.0556 -29.2798 8
      vertex 31.3248 -29.4864 17
      vertex 31.0556 -29.2798 17
    endloop
  endfacet
  facet normal -0.608827 -0.793303 -0
    outer loop
      vertex 31.3248 -29.4864 17
      vertex 31.0556 -29.2798 8
      vertex 31.3248 -29.4864 8
    endloop
  endfacet
  facet normal -0.382794 -0.923834 0
    outer loop
      vertex 30.7421 -29.1499 8
      vertex 31.0556 -29.2798 17
      vertex 30.7421 -29.1499 17
    endloop
  endfacet
  facet normal -0.382794 -0.923834 -0
    outer loop
      vertex 31.0556 -29.2798 17
      vertex 30.7421 -29.1499 8
      vertex 31.0556 -29.2798 8
    endloop
  endfacet
  facet normal 0.923834 -0.382794 0
    outer loop
      vertex -31.6613 -30.0691 17
      vertex -31.5314 -29.7556 8
      vertex -31.5314 -29.7556 17
    endloop
  endfacet
  facet normal 0.923834 -0.382794 0
    outer loop
      vertex -31.5314 -29.7556 8
      vertex -31.6613 -30.0691 17
      vertex -31.6613 -30.0691 8
    endloop
  endfacet
  facet normal 0.923834 0.382794 0
    outer loop
      vertex -31.5314 -31.0556 17
      vertex -31.6613 -30.7421 8
      vertex -31.6613 -30.7421 17
    endloop
  endfacet
  facet normal 0.923834 0.382794 0
    outer loop
      vertex -31.6613 -30.7421 8
      vertex -31.5314 -31.0556 17
      vertex -31.5314 -31.0556 8
    endloop
  endfacet
  facet normal 0.793303 0.608827 0
    outer loop
      vertex -31.3248 -31.3248 17
      vertex -31.5314 -31.0556 8
      vertex -31.5314 -31.0556 17
    endloop
  endfacet
  facet normal 0.793303 0.608827 0
    outer loop
      vertex -31.5314 -31.0556 8
      vertex -31.3248 -31.3248 17
      vertex -31.3248 -31.3248 8
    endloop
  endfacet
  facet normal -0.793303 -0.608827 0
    outer loop
      vertex -29.2798 -29.7556 8
      vertex -29.4864 -29.4864 17
      vertex -29.4864 -29.4864 8
    endloop
  endfacet
  facet normal -0.793303 -0.608827 0
    outer loop
      vertex -29.4864 -29.4864 17
      vertex -29.2798 -29.7556 8
      vertex -29.2798 -29.7556 17
    endloop
  endfacet
  facet normal 0.608827 -0.793303 0
    outer loop
      vertex -31.3248 -29.4864 8
      vertex -31.0556 -29.2798 17
      vertex -31.3248 -29.4864 17
    endloop
  endfacet
  facet normal 0.608827 -0.793303 0
    outer loop
      vertex -31.0556 -29.2798 17
      vertex -31.3248 -29.4864 8
      vertex -31.0556 -29.2798 8
    endloop
  endfacet
  facet normal -0.923834 0.382794 0
    outer loop
      vertex -29.2798 -31.0556 8
      vertex -29.1499 -30.7421 17
      vertex -29.1499 -30.7421 8
    endloop
  endfacet
  facet normal -0.923834 0.382794 0
    outer loop
      vertex -29.1499 -30.7421 17
      vertex -29.2798 -31.0556 8
      vertex -29.2798 -31.0556 17
    endloop
  endfacet
  facet normal -0.382794 -0.923834 0
    outer loop
      vertex -30.0691 -29.1499 8
      vertex -29.7556 -29.2798 17
      vertex -30.0691 -29.1499 17
    endloop
  endfacet
  facet normal -0.382794 -0.923834 -0
    outer loop
      vertex -29.7556 -29.2798 17
      vertex -30.0691 -29.1499 8
      vertex -29.7556 -29.2798 8
    endloop
  endfacet
  facet normal 0.130523 0.991445 -0
    outer loop
      vertex -30.4056 -31.7056 8
      vertex -30.7421 -31.6613 17
      vertex -30.4056 -31.7056 17
    endloop
  endfacet
  facet normal 0.130523 0.991445 0
    outer loop
      vertex -30.7421 -31.6613 17
      vertex -30.4056 -31.7056 8
      vertex -30.7421 -31.6613 8
    endloop
  endfacet
  facet normal 0.608827 0.793303 -0
    outer loop
      vertex -31.0556 -31.5314 8
      vertex -31.3248 -31.3248 17
      vertex -31.0556 -31.5314 17
    endloop
  endfacet
  facet normal 0.608827 0.793303 0
    outer loop
      vertex -31.3248 -31.3248 17
      vertex -31.0556 -31.5314 8
      vertex -31.3248 -31.3248 8
    endloop
  endfacet
  facet normal 0 0 1
    outer loop
      vertex -29.1499 -30.0691 8
      vertex -29.1499 -30.7421 8
      vertex -29.1056 -30.4056 8
    endloop
  endfacet
  facet normal 0 0 1
    outer loop
      vertex -29.2798 -29.7556 8
      vertex -29.1499 -30.7421 8
      vertex -29.1499 -30.0691 8
    endloop
  endfacet
  facet normal 0 0 1
    outer loop
      vertex -29.2798 -29.7556 8
      vertex -29.2798 -31.0556 8
      vertex -29.1499 -30.7421 8
    endloop
  endfacet
  facet normal 0 0 1
    outer loop
      vertex -29.4864 -29.4864 8
      vertex -29.2798 -31.0556 8
      vertex -29.2798 -29.7556 8
    endloop
  endfacet
  facet normal 0 0 1
    outer loop
      vertex -29.4864 -29.4864 8
      vertex -29.4864 -31.3248 8
      vertex -29.2798 -31.0556 8
    endloop
  endfacet
  facet normal 0 0 1
    outer loop
      vertex -29.7556 -29.2798 8
      vertex -29.4864 -31.3248 8
      vertex -29.4864 -29.4864 8
    endloop
  endfacet
  facet normal 0 0 1
    outer loop
      vertex -29.7556 -29.2798 8
      vertex -29.7556 -31.5314 8
      vertex -29.4864 -31.3248 8
    endloop
  endfacet
  facet normal 0 0 1
    outer loop
      vertex -30.0691 -29.1499 8
      vertex -29.7556 -31.5314 8
      vertex -29.7556 -29.2798 8
    endloop
  endfacet
  facet normal 0 0 1
    outer loop
      vertex -30.0691 -29.1499 8
      vertex -30.0691 -31.6613 8
      vertex -29.7556 -31.5314 8
    endloop
  endfacet
  facet normal 0 0 1
    outer loop
      vertex -30.4056 -29.1056 8
      vertex -30.0691 -31.6613 8
      vertex -30.0691 -29.1499 8
    endloop
  endfacet
  facet normal 0 0 1
    outer loop
      vertex -30.4056 -29.1056 8
      vertex -30.4056 -31.7056 8
      vertex -30.0691 -31.6613 8
    endloop
  endfacet
  facet normal -0 0 1
    outer loop
      vertex -30.7421 -29.1499 8
      vertex -30.4056 -31.7056 8
      vertex -30.4056 -29.1056 8
    endloop
  endfacet
  facet normal 0 0 1
    outer loop
      vertex -30.7421 -29.1499 8
      vertex -30.7421 -31.6613 8
      vertex -30.4056 -31.7056 8
    endloop
  endfacet
  facet normal -0 0 1
    outer loop
      vertex -31.0556 -29.2798 8
      vertex -30.7421 -31.6613 8
      vertex -30.7421 -29.1499 8
    endloop
  endfacet
  facet normal 0 0 1
    outer loop
      vertex -31.0556 -29.2798 8
      vertex -31.0556 -31.5314 8
      vertex -30.7421 -31.6613 8
    endloop
  endfacet
  facet normal -0 0 1
    outer loop
      vertex -31.3248 -29.4864 8
      vertex -31.0556 -31.5314 8
      vertex -31.0556 -29.2798 8
    endloop
  endfacet
  facet normal 0 0 1
    outer loop
      vertex -31.3248 -29.4864 8
      vertex -31.3248 -31.3248 8
      vertex -31.0556 -31.5314 8
    endloop
  endfacet
  facet normal -0 0 1
    outer loop
      vertex -31.5314 -29.7556 8
      vertex -31.3248 -31.3248 8
      vertex -31.3248 -29.4864 8
    endloop
  endfacet
  facet normal 0 0 1
    outer loop
      vertex -31.5314 -29.7556 8
      vertex -31.5314 -31.0556 8
      vertex -31.3248 -31.3248 8
    endloop
  endfacet
  facet normal -0 0 1
    outer loop
      vertex -31.6613 -30.0691 8
      vertex -31.5314 -31.0556 8
      vertex -31.5314 -29.7556 8
    endloop
  endfacet
  facet normal 0 0 1
    outer loop
      vertex -31.6613 -30.0691 8
      vertex -31.6613 -30.7421 8
      vertex -31.5314 -31.0556 8
    endloop
  endfacet
  facet normal 0 -0 1
    outer loop
      vertex -31.6613 -30.7421 8
      vertex -31.6613 -30.0691 8
      vertex -31.7056 -30.4056 8
    endloop
  endfacet
  facet normal -0.130523 -0.991445 0
    outer loop
      vertex -30.4056 -29.1056 8
      vertex -30.0691 -29.1499 17
      vertex -30.4056 -29.1056 17
    endloop
  endfacet
  facet normal -0.130523 -0.991445 -0
    outer loop
      vertex -30.0691 -29.1499 17
      vertex -30.4056 -29.1056 8
      vertex -30.0691 -29.1499 8
    endloop
  endfacet
  facet normal -0.991445 -0.130523 0
    outer loop
      vertex -29.1056 -30.4056 8
      vertex -29.1499 -30.0691 17
      vertex -29.1499 -30.0691 8
    endloop
  endfacet
  facet normal -0.991445 -0.130523 0
    outer loop
      vertex -29.1499 -30.0691 17
      vertex -29.1056 -30.4056 8
      vertex -29.1056 -30.4056 17
    endloop
  endfacet
  facet normal -0.130523 0.991445 0
    outer loop
      vertex -30.0691 -31.6613 8
      vertex -30.4056 -31.7056 17
      vertex -30.0691 -31.6613 17
    endloop
  endfacet
  facet normal -0.130523 0.991445 0
    outer loop
      vertex -30.4056 -31.7056 17
      vertex -30.0691 -31.6613 8
      vertex -30.4056 -31.7056 8
    endloop
  endfacet
  facet normal 0.130523 -0.991445 0
    outer loop
      vertex -30.7421 -29.1499 8
      vertex -30.4056 -29.1056 17
      vertex -30.7421 -29.1499 17
    endloop
  endfacet
  facet normal 0.130523 -0.991445 0
    outer loop
      vertex -30.4056 -29.1056 17
      vertex -30.7421 -29.1499 8
      vertex -30.4056 -29.1056 8
    endloop
  endfacet
  facet normal 0.793303 -0.608827 0
    outer loop
      vertex -31.5314 -29.7556 17
      vertex -31.3248 -29.4864 8
      vertex -31.3248 -29.4864 17
    endloop
  endfacet
  facet normal 0.793303 -0.608827 0
    outer loop
      vertex -31.3248 -29.4864 8
      vertex -31.5314 -29.7556 17
      vertex -31.5314 -29.7556 8
    endloop
  endfacet
  facet normal -0.382794 0.923834 0
    outer loop
      vertex -29.7556 -31.5314 8
      vertex -30.0691 -31.6613 17
      vertex -29.7556 -31.5314 17
    endloop
  endfacet
  facet normal -0.382794 0.923834 0
    outer loop
      vertex -30.0691 -31.6613 17
      vertex -29.7556 -31.5314 8
      vertex -30.0691 -31.6613 8
    endloop
  endfacet
  facet normal -0.608827 0.793303 0
    outer loop
      vertex -29.4864 -31.3248 8
      vertex -29.7556 -31.5314 17
      vertex -29.4864 -31.3248 17
    endloop
  endfacet
  facet normal -0.608827 0.793303 0
    outer loop
      vertex -29.7556 -31.5314 17
      vertex -29.4864 -31.3248 8
      vertex -29.7556 -31.5314 8
    endloop
  endfacet
  facet normal 0.382794 -0.923834 0
    outer loop
      vertex -31.0556 -29.2798 8
      vertex -30.7421 -29.1499 17
      vertex -31.0556 -29.2798 17
    endloop
  endfacet
  facet normal 0.382794 -0.923834 0
    outer loop
      vertex -30.7421 -29.1499 17
      vertex -31.0556 -29.2798 8
      vertex -30.7421 -29.1499 8
    endloop
  endfacet
  facet normal 0.991445 0.130523 0
    outer loop
      vertex -31.6613 -30.7421 17
      vertex -31.7056 -30.4056 8
      vertex -31.7056 -30.4056 17
    endloop
  endfacet
  facet normal 0.991445 0.130523 0
    outer loop
      vertex -31.7056 -30.4056 8
      vertex -31.6613 -30.7421 17
      vertex -31.6613 -30.7421 8
    endloop
  endfacet
  facet normal 0.991445 -0.130523 0
    outer loop
      vertex -31.7056 -30.4056 17
      vertex -31.6613 -30.0691 8
      vertex -31.6613 -30.0691 17
    endloop
  endfacet
  facet normal 0.991445 -0.130523 0
    outer loop
      vertex -31.6613 -30.0691 8
      vertex -31.7056 -30.4056 17
      vertex -31.7056 -30.4056 8
    endloop
  endfacet
  facet normal -0.608827 -0.793303 0
    outer loop
      vertex -29.7556 -29.2798 8
      vertex -29.4864 -29.4864 17
      vertex -29.7556 -29.2798 17
    endloop
  endfacet
  facet normal -0.608827 -0.793303 -0
    outer loop
      vertex -29.4864 -29.4864 17
      vertex -29.7556 -29.2798 8
      vertex -29.4864 -29.4864 8
    endloop
  endfacet
  facet normal 0.382794 0.923834 -0
    outer loop
      vertex -30.7421 -31.6613 8
      vertex -31.0556 -31.5314 17
      vertex -30.7421 -31.6613 17
    endloop
  endfacet
  facet normal 0.382794 0.923834 0
    outer loop
      vertex -31.0556 -31.5314 17
      vertex -30.7421 -31.6613 8
      vertex -31.0556 -31.5314 8
    endloop
  endfacet
  facet normal -0.923834 -0.382794 0
    outer loop
      vertex -29.1499 -30.0691 8
      vertex -29.2798 -29.7556 17
      vertex -29.2798 -29.7556 8
    endloop
  endfacet
  facet normal -0.923834 -0.382794 0
    outer loop
      vertex -29.2798 -29.7556 17
      vertex -29.1499 -30.0691 8
      vertex -29.1499 -30.0691 17
    endloop
  endfacet
  facet normal -0.991445 0.130523 0
    outer loop
      vertex -29.1499 -30.7421 8
      vertex -29.1056 -30.4056 17
      vertex -29.1056 -30.4056 8
    endloop
  endfacet
  facet normal -0.991445 0.130523 0
    outer loop
      vertex -29.1056 -30.4056 17
      vertex -29.1499 -30.7421 8
      vertex -29.1499 -30.7421 17
    endloop
  endfacet
  facet normal -0.793303 0.608827 0
    outer loop
      vertex -29.4864 -31.3248 8
      vertex -29.2798 -31.0556 17
      vertex -29.2798 -31.0556 8
    endloop
  endfacet
  facet normal -0.793303 0.608827 0
    outer loop
      vertex -29.2798 -31.0556 17
      vertex -29.4864 -31.3248 8
      vertex -29.4864 -31.3248 17
    endloop
  endfacet
  facet normal -0.382794 -0.923834 0
    outer loop
      vertex -30.0691 31.6613 8
      vertex -29.7556 31.5314 17
      vertex -30.0691 31.6613 17
    endloop
  endfacet
  facet normal -0.382794 -0.923834 -0
    outer loop
      vertex -29.7556 31.5314 17
      vertex -30.0691 31.6613 8
      vertex -29.7556 31.5314 8
    endloop
  endfacet
  facet normal -0.608827 0.793303 0
    outer loop
      vertex -29.4864 29.4864 8
      vertex -29.7556 29.2798 17
      vertex -29.4864 29.4864 17
    endloop
  endfacet
  facet normal -0.608827 0.793303 0
    outer loop
      vertex -29.7556 29.2798 17
      vertex -29.4864 29.4864 8
      vertex -29.7556 29.2798 8
    endloop
  endfacet
  facet normal -0.793303 -0.608827 0
    outer loop
      vertex -29.2798 31.0556 8
      vertex -29.4864 31.3248 17
      vertex -29.4864 31.3248 8
    endloop
  endfacet
  facet normal -0.793303 -0.608827 0
    outer loop
      vertex -29.4864 31.3248 17
      vertex -29.2798 31.0556 8
      vertex -29.2798 31.0556 17
    endloop
  endfacet
  facet normal 0.608827 -0.793303 0
    outer loop
      vertex -31.3248 31.3248 8
      vertex -31.0556 31.5314 17
      vertex -31.3248 31.3248 17
    endloop
  endfacet
  facet normal 0.608827 -0.793303 0
    outer loop
      vertex -31.0556 31.5314 17
      vertex -31.3248 31.3248 8
      vertex -31.0556 31.5314 8
    endloop
  endfacet
  facet normal 0.382794 0.923834 -0
    outer loop
      vertex -30.7421 29.1499 8
      vertex -31.0556 29.2798 17
      vertex -30.7421 29.1499 17
    endloop
  endfacet
  facet normal 0.382794 0.923834 0
    outer loop
      vertex -31.0556 29.2798 17
      vertex -30.7421 29.1499 8
      vertex -31.0556 29.2798 8
    endloop
  endfacet
  facet normal 0.793303 -0.608827 0
    outer loop
      vertex -31.5314 31.0556 17
      vertex -31.3248 31.3248 8
      vertex -31.3248 31.3248 17
    endloop
  endfacet
  facet normal 0.793303 -0.608827 0
    outer loop
      vertex -31.3248 31.3248 8
      vertex -31.5314 31.0556 17
      vertex -31.5314 31.0556 8
    endloop
  endfacet
  facet normal 0.991445 -0.130523 0
    outer loop
      vertex -31.7056 30.4056 17
      vertex -31.6613 30.7421 8
      vertex -31.6613 30.7421 17
    endloop
  endfacet
  facet normal 0.991445 -0.130523 0
    outer loop
      vertex -31.6613 30.7421 8
      vertex -31.7056 30.4056 17
      vertex -31.7056 30.4056 8
    endloop
  endfacet
  facet normal 0.382794 -0.923834 0
    outer loop
      vertex -31.0556 31.5314 8
      vertex -30.7421 31.6613 17
      vertex -31.0556 31.5314 17
    endloop
  endfacet
  facet normal 0.382794 -0.923834 0
    outer loop
      vertex -30.7421 31.6613 17
      vertex -31.0556 31.5314 8
      vertex -30.7421 31.6613 8
    endloop
  endfacet
  facet normal 0.991445 0.130523 0
    outer loop
      vertex -31.6613 30.0691 17
      vertex -31.7056 30.4056 8
      vertex -31.7056 30.4056 17
    endloop
  endfacet
  facet normal 0.991445 0.130523 0
    outer loop
      vertex -31.7056 30.4056 8
      vertex -31.6613 30.0691 17
      vertex -31.6613 30.0691 8
    endloop
  endfacet
  facet normal -0.991445 0.130523 0
    outer loop
      vertex -29.1499 30.0691 8
      vertex -29.1056 30.4056 17
      vertex -29.1056 30.4056 8
    endloop
  endfacet
  facet normal -0.991445 0.130523 0
    outer loop
      vertex -29.1056 30.4056 17
      vertex -29.1499 30.0691 8
      vertex -29.1499 30.0691 17
    endloop
  endfacet
  facet normal -0.991445 -0.130523 0
    outer loop
      vertex -29.1056 30.4056 8
      vertex -29.1499 30.7421 17
      vertex -29.1499 30.7421 8
    endloop
  endfacet
  facet normal -0.991445 -0.130523 0
    outer loop
      vertex -29.1499 30.7421 17
      vertex -29.1056 30.4056 8
      vertex -29.1056 30.4056 17
    endloop
  endfacet
  facet normal -0.608827 -0.793303 0
    outer loop
      vertex -29.7556 31.5314 8
      vertex -29.4864 31.3248 17
      vertex -29.7556 31.5314 17
    endloop
  endfacet
  facet normal -0.608827 -0.793303 -0
    outer loop
      vertex -29.4864 31.3248 17
      vertex -29.7556 31.5314 8
      vertex -29.4864 31.3248 8
    endloop
  endfacet
  facet normal -0.130523 0.991445 0
    outer loop
      vertex -30.0691 29.1499 8
      vertex -30.4056 29.1056 17
      vertex -30.0691 29.1499 17
    endloop
  endfacet
  facet normal -0.130523 0.991445 0
    outer loop
      vertex -30.4056 29.1056 17
      vertex -30.0691 29.1499 8
      vertex -30.4056 29.1056 8
    endloop
  endfacet
  facet normal 0.793303 0.608827 0
    outer loop
      vertex -31.3248 29.4864 17
      vertex -31.5314 29.7556 8
      vertex -31.5314 29.7556 17
    endloop
  endfacet
  facet normal 0.793303 0.608827 0
    outer loop
      vertex -31.5314 29.7556 8
      vertex -31.3248 29.4864 17
      vertex -31.3248 29.4864 8
    endloop
  endfacet
  facet normal 0.923834 0.382794 0
    outer loop
      vertex -31.5314 29.7556 17
      vertex -31.6613 30.0691 8
      vertex -31.6613 30.0691 17
    endloop
  endfacet
  facet normal 0.923834 0.382794 0
    outer loop
      vertex -31.6613 30.0691 8
      vertex -31.5314 29.7556 17
      vertex -31.5314 29.7556 8
    endloop
  endfacet
  facet normal -0.923834 -0.382794 0
    outer loop
      vertex -29.1499 30.7421 8
      vertex -29.2798 31.0556 17
      vertex -29.2798 31.0556 8
    endloop
  endfacet
  facet normal -0.923834 -0.382794 0
    outer loop
      vertex -29.2798 31.0556 17
      vertex -29.1499 30.7421 8
      vertex -29.1499 30.7421 17
    endloop
  endfacet
  facet normal -0.130523 -0.991445 0
    outer loop
      vertex -30.4056 31.7056 8
      vertex -30.0691 31.6613 17
      vertex -30.4056 31.7056 17
    endloop
  endfacet
  facet normal -0.130523 -0.991445 -0
    outer loop
      vertex -30.0691 31.6613 17
      vertex -30.4056 31.7056 8
      vertex -30.0691 31.6613 8
    endloop
  endfacet
  facet normal -0.923834 0.382794 0
    outer loop
      vertex -29.2798 29.7556 8
      vertex -29.1499 30.0691 17
      vertex -29.1499 30.0691 8
    endloop
  endfacet
  facet normal -0.923834 0.382794 0
    outer loop
      vertex -29.1499 30.0691 17
      vertex -29.2798 29.7556 8
      vertex -29.2798 29.7556 17
    endloop
  endfacet
  facet normal 0.130523 -0.991445 0
    outer loop
      vertex -30.7421 31.6613 8
      vertex -30.4056 31.7056 17
      vertex -30.7421 31.6613 17
    endloop
  endfacet
  facet normal 0.130523 -0.991445 0
    outer loop
      vertex -30.4056 31.7056 17
      vertex -30.7421 31.6613 8
      vertex -30.4056 31.7056 8
    endloop
  endfacet
  facet normal 0.923834 -0.382794 0
    outer loop
      vertex -31.6613 30.7421 17
      vertex -31.5314 31.0556 8
      vertex -31.5314 31.0556 17
    endloop
  endfacet
  facet normal 0.923834 -0.382794 0
    outer loop
      vertex -31.5314 31.0556 8
      vertex -31.6613 30.7421 17
      vertex -31.6613 30.7421 8
    endloop
  endfacet
  facet normal -0.793303 0.608827 0
    outer loop
      vertex -29.4864 29.4864 8
      vertex -29.2798 29.7556 17
      vertex -29.2798 29.7556 8
    endloop
  endfacet
  facet normal -0.793303 0.608827 0
    outer loop
      vertex -29.2798 29.7556 17
      vertex -29.4864 29.4864 8
      vertex -29.4864 29.4864 17
    endloop
  endfacet
  facet normal -0.382794 0.923834 0
    outer loop
      vertex -29.7556 29.2798 8
      vertex -30.0691 29.1499 17
      vertex -29.7556 29.2798 17
    endloop
  endfacet
  facet normal -0.382794 0.923834 0
    outer loop
      vertex -30.0691 29.1499 17
      vertex -29.7556 29.2798 8
      vertex -30.0691 29.1499 8
    endloop
  endfacet
  facet normal 0.130523 0.991445 -0
    outer loop
      vertex -30.4056 29.1056 8
      vertex -30.7421 29.1499 17
      vertex -30.4056 29.1056 17
    endloop
  endfacet
  facet normal 0.130523 0.991445 0
    outer loop
      vertex -30.7421 29.1499 17
      vertex -30.4056 29.1056 8
      vertex -30.7421 29.1499 8
    endloop
  endfacet
  facet normal 0.608827 0.793303 -0
    outer loop
      vertex -31.0556 29.2798 8
      vertex -31.3248 29.4864 17
      vertex -31.0556 29.2798 17
    endloop
  endfacet
  facet normal 0.608827 0.793303 0
    outer loop
      vertex -31.3248 29.4864 17
      vertex -31.0556 29.2798 8
      vertex -31.3248 29.4864 8
    endloop
  endfacet
  facet normal 0 0 1
    outer loop
      vertex -29.1499 30.7421 8
      vertex -29.1499 30.0691 8
      vertex -29.1056 30.4056 8
    endloop
  endfacet
  facet normal 0 0 1
    outer loop
      vertex -29.2798 31.0556 8
      vertex -29.1499 30.0691 8
      vertex -29.1499 30.7421 8
    endloop
  endfacet
  facet normal 0 0 1
    outer loop
      vertex -29.2798 31.0556 8
      vertex -29.2798 29.7556 8
      vertex -29.1499 30.0691 8
    endloop
  endfacet
  facet normal 0 0 1
    outer loop
      vertex -29.4864 31.3248 8
      vertex -29.2798 29.7556 8
      vertex -29.2798 31.0556 8
    endloop
  endfacet
  facet normal 0 0 1
    outer loop
      vertex -29.4864 31.3248 8
      vertex -29.4864 29.4864 8
      vertex -29.2798 29.7556 8
    endloop
  endfacet
  facet normal 0 0 1
    outer loop
      vertex -29.7556 31.5314 8
      vertex -29.4864 29.4864 8
      vertex -29.4864 31.3248 8
    endloop
  endfacet
  facet normal 0 0 1
    outer loop
      vertex -29.7556 31.5314 8
      vertex -29.7556 29.2798 8
      vertex -29.4864 29.4864 8
    endloop
  endfacet
  facet normal 0 0 1
    outer loop
      vertex -30.0691 31.6613 8
      vertex -29.7556 29.2798 8
      vertex -29.7556 31.5314 8
    endloop
  endfacet
  facet normal 0 0 1
    outer loop
      vertex -30.0691 31.6613 8
      vertex -30.0691 29.1499 8
      vertex -29.7556 29.2798 8
    endloop
  endfacet
  facet normal 0 0 1
    outer loop
      vertex -30.4056 31.7056 8
      vertex -30.0691 29.1499 8
      vertex -30.0691 31.6613 8
    endloop
  endfacet
  facet normal 0 0 1
    outer loop
      vertex -30.4056 31.7056 8
      vertex -30.4056 29.1056 8
      vertex -30.0691 29.1499 8
    endloop
  endfacet
  facet normal -0 0 1
    outer loop
      vertex -30.7421 31.6613 8
      vertex -30.4056 29.1056 8
      vertex -30.4056 31.7056 8
    endloop
  endfacet
  facet normal 0 0 1
    outer loop
      vertex -30.7421 31.6613 8
      vertex -30.7421 29.1499 8
      vertex -30.4056 29.1056 8
    endloop
  endfacet
  facet normal -0 0 1
    outer loop
      vertex -31.0556 31.5314 8
      vertex -30.7421 29.1499 8
      vertex -30.7421 31.6613 8
    endloop
  endfacet
  facet normal 0 0 1
    outer loop
      vertex -31.0556 31.5314 8
      vertex -31.0556 29.2798 8
      vertex -30.7421 29.1499 8
    endloop
  endfacet
  facet normal -0 0 1
    outer loop
      vertex -31.3248 31.3248 8
      vertex -31.0556 29.2798 8
      vertex -31.0556 31.5314 8
    endloop
  endfacet
  facet normal 0 0 1
    outer loop
      vertex -31.3248 31.3248 8
      vertex -31.3248 29.4864 8
      vertex -31.0556 29.2798 8
    endloop
  endfacet
  facet normal -0 0 1
    outer loop
      vertex -31.5314 31.0556 8
      vertex -31.3248 29.4864 8
      vertex -31.3248 31.3248 8
    endloop
  endfacet
  facet normal 0 0 1
    outer loop
      vertex -31.5314 31.0556 8
      vertex -31.5314 29.7556 8
      vertex -31.3248 29.4864 8
    endloop
  endfacet
  facet normal -0 0 1
    outer loop
      vertex -31.6613 30.7421 8
      vertex -31.5314 29.7556 8
      vertex -31.5314 31.0556 8
    endloop
  endfacet
  facet normal 0 0 1
    outer loop
      vertex -31.6613 30.7421 8
      vertex -31.6613 30.0691 8
      vertex -31.5314 29.7556 8
    endloop
  endfacet
  facet normal 0 -0 1
    outer loop
      vertex -31.6613 30.0691 8
      vertex -31.6613 30.7421 8
      vertex -31.7056 30.4056 8
    endloop
  endfacet
  facet normal -0.923834 0.382794 0
    outer loop
      vertex 31.5314 29.7556 8
      vertex 31.6613 30.0691 17
      vertex 31.6613 30.0691 8
    endloop
  endfacet
  facet normal -0.923834 0.382794 0
    outer loop
      vertex 31.6613 30.0691 17
      vertex 31.5314 29.7556 8
      vertex 31.5314 29.7556 17
    endloop
  endfacet
  facet normal -0.130523 0.991445 0
    outer loop
      vertex 30.7421 29.1499 8
      vertex 30.4056 29.1056 17
      vertex 30.7421 29.1499 17
    endloop
  endfacet
  facet normal -0.130523 0.991445 0
    outer loop
      vertex 30.4056 29.1056 17
      vertex 30.7421 29.1499 8
      vertex 30.4056 29.1056 8
    endloop
  endfacet
  facet normal 0.793303 0.608827 0
    outer loop
      vertex 29.4864 29.4864 17
      vertex 29.2798 29.7556 8
      vertex 29.2798 29.7556 17
    endloop
  endfacet
  facet normal 0.793303 0.608827 0
    outer loop
      vertex 29.2798 29.7556 8
      vertex 29.4864 29.4864 17
      vertex 29.4864 29.4864 8
    endloop
  endfacet
  facet normal -0.991445 0.130523 0
    outer loop
      vertex 31.6613 30.0691 8
      vertex 31.7056 30.4056 17
      vertex 31.7056 30.4056 8
    endloop
  endfacet
  facet normal -0.991445 0.130523 0
    outer loop
      vertex 31.7056 30.4056 17
      vertex 31.6613 30.0691 8
      vertex 31.6613 30.0691 17
    endloop
  endfacet
  facet normal -0.608827 0.793303 0
    outer loop
      vertex 31.3248 29.4864 8
      vertex 31.0556 29.2798 17
      vertex 31.3248 29.4864 17
    endloop
  endfacet
  facet normal -0.608827 0.793303 0
    outer loop
      vertex 31.0556 29.2798 17
      vertex 31.3248 29.4864 8
      vertex 31.0556 29.2798 8
    endloop
  endfacet
  facet normal -0.793303 -0.608827 0
    outer loop
      vertex 31.5314 31.0556 8
      vertex 31.3248 31.3248 17
      vertex 31.3248 31.3248 8
    endloop
  endfacet
  facet normal -0.793303 -0.608827 0
    outer loop
      vertex 31.3248 31.3248 17
      vertex 31.5314 31.0556 8
      vertex 31.5314 31.0556 17
    endloop
  endfacet
  facet normal -0.608827 -0.793303 0
    outer loop
      vertex 31.0556 31.5314 8
      vertex 31.3248 31.3248 17
      vertex 31.0556 31.5314 17
    endloop
  endfacet
  facet normal -0.608827 -0.793303 -0
    outer loop
      vertex 31.3248 31.3248 17
      vertex 31.0556 31.5314 8
      vertex 31.3248 31.3248 8
    endloop
  endfacet
  facet normal -0.130523 -0.991445 0
    outer loop
      vertex 30.4056 31.7056 8
      vertex 30.7421 31.6613 17
      vertex 30.4056 31.7056 17
    endloop
  endfacet
  facet normal -0.130523 -0.991445 -0
    outer loop
      vertex 30.7421 31.6613 17
      vertex 30.4056 31.7056 8
      vertex 30.7421 31.6613 8
    endloop
  endfacet
  facet normal -0.793303 0.608827 0
    outer loop
      vertex 31.3248 29.4864 8
      vertex 31.5314 29.7556 17
      vertex 31.5314 29.7556 8
    endloop
  endfacet
  facet normal -0.793303 0.608827 0
    outer loop
      vertex 31.5314 29.7556 17
      vertex 31.3248 29.4864 8
      vertex 31.3248 29.4864 17
    endloop
  endfacet
  facet normal -0.923834 -0.382794 0
    outer loop
      vertex 31.6613 30.7421 8
      vertex 31.5314 31.0556 17
      vertex 31.5314 31.0556 8
    endloop
  endfacet
  facet normal -0.923834 -0.382794 0
    outer loop
      vertex 31.5314 31.0556 17
      vertex 31.6613 30.7421 8
      vertex 31.6613 30.7421 17
    endloop
  endfacet
  facet normal 0.991445 -0.130523 0
    outer loop
      vertex 29.1056 30.4056 17
      vertex 29.1499 30.7421 8
      vertex 29.1499 30.7421 17
    endloop
  endfacet
  facet normal 0.991445 -0.130523 0
    outer loop
      vertex 29.1499 30.7421 8
      vertex 29.1056 30.4056 17
      vertex 29.1056 30.4056 8
    endloop
  endfacet
  facet normal 0.130523 -0.991445 0
    outer loop
      vertex 30.0691 31.6613 8
      vertex 30.4056 31.7056 17
      vertex 30.0691 31.6613 17
    endloop
  endfacet
  facet normal 0.130523 -0.991445 0
    outer loop
      vertex 30.4056 31.7056 17
      vertex 30.0691 31.6613 8
      vertex 30.4056 31.7056 8
    endloop
  endfacet
  facet normal 0.130523 0.991445 -0
    outer loop
      vertex 30.4056 29.1056 8
      vertex 30.0691 29.1499 17
      vertex 30.4056 29.1056 17
    endloop
  endfacet
  facet normal 0.130523 0.991445 0
    outer loop
      vertex 30.0691 29.1499 17
      vertex 30.4056 29.1056 8
      vertex 30.0691 29.1499 8
    endloop
  endfacet
  facet normal 0.991445 0.130523 0
    outer loop
      vertex 29.1499 30.0691 17
      vertex 29.1056 30.4056 8
      vertex 29.1056 30.4056 17
    endloop
  endfacet
  facet normal 0.991445 0.130523 0
    outer loop
      vertex 29.1056 30.4056 8
      vertex 29.1499 30.0691 17
      vertex 29.1499 30.0691 8
    endloop
  endfacet
  facet normal 0.608827 -0.793303 0
    outer loop
      vertex 29.4864 31.3248 8
      vertex 29.7556 31.5314 17
      vertex 29.4864 31.3248 17
    endloop
  endfacet
  facet normal 0.608827 -0.793303 0
    outer loop
      vertex 29.7556 31.5314 17
      vertex 29.4864 31.3248 8
      vertex 29.7556 31.5314 8
    endloop
  endfacet
  facet normal 0.382794 -0.923834 0
    outer loop
      vertex 29.7556 31.5314 8
      vertex 30.0691 31.6613 17
      vertex 29.7556 31.5314 17
    endloop
  endfacet
  facet normal 0.382794 -0.923834 0
    outer loop
      vertex 30.0691 31.6613 17
      vertex 29.7556 31.5314 8
      vertex 30.0691 31.6613 8
    endloop
  endfacet
  facet normal -0.382794 0.923834 0
    outer loop
      vertex 31.0556 29.2798 8
      vertex 30.7421 29.1499 17
      vertex 31.0556 29.2798 17
    endloop
  endfacet
  facet normal -0.382794 0.923834 0
    outer loop
      vertex 30.7421 29.1499 17
      vertex 31.0556 29.2798 8
      vertex 30.7421 29.1499 8
    endloop
  endfacet
  facet normal 0.382794 0.923834 -0
    outer loop
      vertex 30.0691 29.1499 8
      vertex 29.7556 29.2798 17
      vertex 30.0691 29.1499 17
    endloop
  endfacet
  facet normal 0.382794 0.923834 0
    outer loop
      vertex 29.7556 29.2798 17
      vertex 30.0691 29.1499 8
      vertex 29.7556 29.2798 8
    endloop
  endfacet
  facet normal -0.991445 -0.130523 0
    outer loop
      vertex 31.7056 30.4056 8
      vertex 31.6613 30.7421 17
      vertex 31.6613 30.7421 8
    endloop
  endfacet
  facet normal -0.991445 -0.130523 0
    outer loop
      vertex 31.6613 30.7421 17
      vertex 31.7056 30.4056 8
      vertex 31.7056 30.4056 17
    endloop
  endfacet
  facet normal -0.382794 -0.923834 0
    outer loop
      vertex 30.7421 31.6613 8
      vertex 31.0556 31.5314 17
      vertex 30.7421 31.6613 17
    endloop
  endfacet
  facet normal -0.382794 -0.923834 -0
    outer loop
      vertex 31.0556 31.5314 17
      vertex 30.7421 31.6613 8
      vertex 31.0556 31.5314 8
    endloop
  endfacet
  facet normal 0.608827 0.793303 -0
    outer loop
      vertex 29.7556 29.2798 8
      vertex 29.4864 29.4864 17
      vertex 29.7556 29.2798 17
    endloop
  endfacet
  facet normal 0.608827 0.793303 0
    outer loop
      vertex 29.4864 29.4864 17
      vertex 29.7556 29.2798 8
      vertex 29.4864 29.4864 8
    endloop
  endfacet
  facet normal 0.923834 0.382794 0
    outer loop
      vertex 29.2798 29.7556 17
      vertex 29.1499 30.0691 8
      vertex 29.1499 30.0691 17
    endloop
  endfacet
  facet normal 0.923834 0.382794 0
    outer loop
      vertex 29.1499 30.0691 8
      vertex 29.2798 29.7556 17
      vertex 29.2798 29.7556 8
    endloop
  endfacet
  facet normal 0 0 1
    outer loop
      vertex 31.6613 30.7421 8
      vertex 31.6613 30.0691 8
      vertex 31.7056 30.4056 8
    endloop
  endfacet
  facet normal 0 0 1
    outer loop
      vertex 31.5314 31.0556 8
      vertex 31.6613 30.0691 8
      vertex 31.6613 30.7421 8
    endloop
  endfacet
  facet normal 0 0 1
    outer loop
      vertex 31.5314 31.0556 8
      vertex 31.5314 29.7556 8
      vertex 31.6613 30.0691 8
    endloop
  endfacet
  facet normal 0 0 1
    outer loop
      vertex 31.3248 31.3248 8
      vertex 31.5314 29.7556 8
      vertex 31.5314 31.0556 8
    endloop
  endfacet
  facet normal 0 0 1
    outer loop
      vertex 31.3248 31.3248 8
      vertex 31.3248 29.4864 8
      vertex 31.5314 29.7556 8
    endloop
  endfacet
  facet normal 0 0 1
    outer loop
      vertex 31.0556 31.5314 8
      vertex 31.3248 29.4864 8
      vertex 31.3248 31.3248 8
    endloop
  endfacet
  facet normal 0 0 1
    outer loop
      vertex 31.0556 31.5314 8
      vertex 31.0556 29.2798 8
      vertex 31.3248 29.4864 8
    endloop
  endfacet
  facet normal 0 0 1
    outer loop
      vertex 30.7421 31.6613 8
      vertex 31.0556 29.2798 8
      vertex 31.0556 31.5314 8
    endloop
  endfacet
  facet normal 0 0 1
    outer loop
      vertex 30.7421 31.6613 8
      vertex 30.7421 29.1499 8
      vertex 31.0556 29.2798 8
    endloop
  endfacet
  facet normal 0 0 1
    outer loop
      vertex 30.4056 31.7056 8
      vertex 30.7421 29.1499 8
      vertex 30.7421 31.6613 8
    endloop
  endfacet
  facet normal 0 0 1
    outer loop
      vertex 30.4056 31.7056 8
      vertex 30.4056 29.1056 8
      vertex 30.7421 29.1499 8
    endloop
  endfacet
  facet normal -0 0 1
    outer loop
      vertex 30.0691 31.6613 8
      vertex 30.4056 29.1056 8
      vertex 30.4056 31.7056 8
    endloop
  endfacet
  facet normal 0 0 1
    outer loop
      vertex 30.0691 31.6613 8
      vertex 30.0691 29.1499 8
      vertex 30.4056 29.1056 8
    endloop
  endfacet
  facet normal -0 0 1
    outer loop
      vertex 29.7556 31.5314 8
      vertex 30.0691 29.1499 8
      vertex 30.0691 31.6613 8
    endloop
  endfacet
  facet normal 0 0 1
    outer loop
      vertex 29.7556 31.5314 8
      vertex 29.7556 29.2798 8
      vertex 30.0691 29.1499 8
    endloop
  endfacet
  facet normal -0 0 1
    outer loop
      vertex 29.4864 31.3248 8
      vertex 29.7556 29.2798 8
      vertex 29.7556 31.5314 8
    endloop
  endfacet
  facet normal 0 0 1
    outer loop
      vertex 29.4864 31.3248 8
      vertex 29.4864 29.4864 8
      vertex 29.7556 29.2798 8
    endloop
  endfacet
  facet normal -0 0 1
    outer loop
      vertex 29.2798 31.0556 8
      vertex 29.4864 29.4864 8
      vertex 29.4864 31.3248 8
    endloop
  endfacet
  facet normal 0 0 1
    outer loop
      vertex 29.2798 31.0556 8
      vertex 29.2798 29.7556 8
      vertex 29.4864 29.4864 8
    endloop
  endfacet
  facet normal -0 0 1
    outer loop
      vertex 29.1499 30.7421 8
      vertex 29.2798 29.7556 8
      vertex 29.2798 31.0556 8
    endloop
  endfacet
  facet normal 0 0 1
    outer loop
      vertex 29.1499 30.7421 8
      vertex 29.1499 30.0691 8
      vertex 29.2798 29.7556 8
    endloop
  endfacet
  facet normal 0 -0 1
    outer loop
      vertex 29.1499 30.0691 8
      vertex 29.1499 30.7421 8
      vertex 29.1056 30.4056 8
    endloop
  endfacet
  facet normal 0.793303 -0.608827 0
    outer loop
      vertex 29.2798 31.0556 17
      vertex 29.4864 31.3248 8
      vertex 29.4864 31.3248 17
    endloop
  endfacet
  facet normal 0.793303 -0.608827 0
    outer loop
      vertex 29.4864 31.3248 8
      vertex 29.2798 31.0556 17
      vertex 29.2798 31.0556 8
    endloop
  endfacet
  facet normal 0.923834 -0.382794 0
    outer loop
      vertex 29.1499 30.7421 17
      vertex 29.2798 31.0556 8
      vertex 29.2798 31.0556 17
    endloop
  endfacet
  facet normal 0.923834 -0.382794 0
    outer loop
      vertex 29.2798 31.0556 8
      vertex 29.1499 30.7421 17
      vertex 29.1499 30.7421 8
    endloop
  endfacet
  facet normal 1 -0 0
    outer loop
      vertex 2 -52.3345 3
      vertex 2 -50 -0.00999928
      vertex 2 -50 3
    endloop
  endfacet
  facet normal 1 -0 0
    outer loop
      vertex 2 -52.3345 0
      vertex 2 -50 -0.00999928
      vertex 2 -52.3345 3
    endloop
  endfacet
  facet normal 1 0 0
    outer loop
      vertex 2 -52.8 -0.00999928
      vertex 2 -52.3345 0
      vertex 2 -52.8 0
    endloop
  endfacet
  facet normal 1 0 0
    outer loop
      vertex 2 -52.3345 0
      vertex 2 -52.8 -0.00999928
      vertex 2 -50 -0.00999928
    endloop
  endfacet
  facet normal 0 0 -1
    outer loop
      vertex -2 -52.8 -0.00999928
      vertex 2 -50 -0.00999928
      vertex 2 -52.8 -0.00999928
    endloop
  endfacet
  facet normal -0 0 -1
    outer loop
      vertex 2 -50 -0.00999928
      vertex -2 -52.8 -0.00999928
      vertex -2 -50 -0.00999928
    endloop
  endfacet
  facet normal -1 0 0
    outer loop
      vertex -2 -50 -0.00999928
      vertex -2 -52.3345 0
      vertex -2 -50 3
    endloop
  endfacet
  facet normal -1 0 0
    outer loop
      vertex -2 -52.8 -0.00999928
      vertex -2 -52.3345 0
      vertex -2 -50 -0.00999928
    endloop
  endfacet
  facet normal -1 -0 0
    outer loop
      vertex -2 -52.3345 0
      vertex -2 -52.8 -0.00999928
      vertex -2 -52.8 0
    endloop
  endfacet
  facet normal -1 -0 0
    outer loop
      vertex -2 -50 3
      vertex -2 -52.3345 0
      vertex -2 -52.3345 3
    endloop
  endfacet
  facet normal 0 -1 0
    outer loop
      vertex -2 -52.8 -0.00999928
      vertex 2 -52.8 0
      vertex -2 -52.8 0
    endloop
  endfacet
  facet normal 0 -1 -0
    outer loop
      vertex 2 -52.8 0
      vertex -2 -52.8 -0.00999928
      vertex 2 -52.8 -0.00999928
    endloop
  endfacet
  facet normal 0 1 -0
    outer loop
      vertex 2 -50 -0.00999928
      vertex 0 -50 3
      vertex 2 -50 3
    endloop
  endfacet
  facet normal 0 1 0
    outer loop
      vertex -2 -50 -0.00999928
      vertex 0 -50 3
      vertex 2 -50 -0.00999928
    endloop
  endfacet
  facet normal 0 1 0
    outer loop
      vertex 0 -50 3
      vertex -2 -50 -0.00999928
      vertex -2 -50 3
    endloop
  endfacet
endsolid OpenSCAD_Model
