solid OpenSCAD_Model
  facet normal 1 -0 0
    outer loop
      vertex -17.7 6 27.8
      vertex -17.7 60.4 3
      vertex -17.7 60.4 27.8
    endloop
  endfacet
  facet normal 1 0 0
    outer loop
      vertex -17.7 60.4 3
      vertex -17.7 6 27.8
      vertex -17.7 6 3
    endloop
  endfacet
  facet normal 0 1 0
    outer loop
      vertex -19.3 62 25.1
      vertex -19.1823 62 27.8
      vertex -13.7 62 27.8
    endloop
  endfacet
  facet normal 0 1 0
    outer loop
      vertex -19.1823 62 27.8
      vertex -19.3 62 25.1
      vertex -19.3 62 27.7469
    endloop
  endfacet
  facet normal 0 1 -0
    outer loop
      vertex -13.7 62 3
      vertex -19.3 62 25.1
      vertex -13.7 62 27.8
    endloop
  endfacet
  facet normal 0 1 0
    outer loop
      vertex -22.2 62 3
      vertex -19.3 62 25.1
      vertex -13.7 62 3
    endloop
  endfacet
  facet normal 0 1 0
    outer loop
      vertex -19.3 62 25.1
      vertex -22.2 62 3
      vertex -22.2 62 25.1
    endloop
  endfacet
  facet normal 0 -1 0
    outer loop
      vertex -19.3 4.4 14.5548
      vertex -13.7 4.4 27.8
      vertex -19.3 4.4 27.8
    endloop
  endfacet
  facet normal 0 -1 -0
    outer loop
      vertex -13.7 4.4 27.8
      vertex -19.3 4.4 14.5548
      vertex -13.7 4.4 14.5548
    endloop
  endfacet
  facet normal -1 0 0
    outer loop
      vertex -19.3 55.2134 27.8
      vertex -19.3 60.4 25.1
      vertex -19.3 60.4 3
    endloop
  endfacet
  facet normal -1 0 0
    outer loop
      vertex -19.3 60.4 25.1
      vertex -19.3 55.2134 27.8
      vertex -19.3 55.4618 27.7981
    endloop
  endfacet
  facet normal -1 0 0
    outer loop
      vertex -19.3 5.33687 3
      vertex -19.3 55.2134 27.8
      vertex -19.3 60.4 3
    endloop
  endfacet
  facet normal -1 0 0
    outer loop
      vertex -19.3 4.4 14.5548
      vertex -19.3 55.2134 27.8
      vertex -19.3 5.33687 3
    endloop
  endfacet
  facet normal -1 -0 0
    outer loop
      vertex -19.3 55.2134 27.8
      vertex -19.3 4.4 14.5548
      vertex -19.3 4.4 27.8
    endloop
  endfacet
  facet normal -1 0 0
    outer loop
      vertex -19.3 60.4 25.1
      vertex -19.3 62 27.7469
      vertex -19.3 62 25.1
    endloop
  endfacet
  facet normal -1 -0 0
    outer loop
      vertex -19.3 62 27.7469
      vertex -19.3 60.4 25.1
      vertex -19.3 55.4618 27.7981
    endloop
  endfacet
  facet normal 0 0 1
    outer loop
      vertex -13.7 62 27.8
      vertex -17.7 60.4 27.8
      vertex -13.7 60.4 27.8
    endloop
  endfacet
  facet normal 0 0 1
    outer loop
      vertex -19.2935 55.5905 27.8
      vertex -17.7 60.4 27.8
      vertex -19.1823 62 27.8
    endloop
  endfacet
  facet normal -0 0 1
    outer loop
      vertex -19.1823 62 27.8
      vertex -17.7 60.4 27.8
      vertex -13.7 62 27.8
    endloop
  endfacet
  facet normal -0 0 1
    outer loop
      vertex -17.7 6 27.8
      vertex -13.7 4.4 27.8
      vertex -13.7 6 27.8
    endloop
  endfacet
  facet normal 0 0 1
    outer loop
      vertex -19.3 55.2134 27.8
      vertex -17.7 60.4 27.8
      vertex -19.2935 55.5905 27.8
    endloop
  endfacet
  facet normal 0 0 1
    outer loop
      vertex -17.7 60.4 27.8
      vertex -19.3 55.2134 27.8
      vertex -17.7 6 27.8
    endloop
  endfacet
  facet normal 0 0 1
    outer loop
      vertex -17.7 6 27.8
      vertex -19.3 4.4 27.8
      vertex -13.7 4.4 27.8
    endloop
  endfacet
  facet normal 0 0 1
    outer loop
      vertex -19.3 4.4 27.8
      vertex -17.7 6 27.8
      vertex -19.3 55.2134 27.8
    endloop
  endfacet
  facet normal 1 0 0
    outer loop
      vertex 19.3 62 27.7469
      vertex 19.3 60.4 25.1
      vertex 19.3 62 25.1
    endloop
  endfacet
  facet normal 1 0 0
    outer loop
      vertex 19.3 55.4618 27.7981
      vertex 19.3 60.4 25.1
      vertex 19.3 62 27.7469
    endloop
  endfacet
  facet normal 1 0 0
    outer loop
      vertex 19.3 55.2134 27.8
      vertex 19.3 60.4 25.1
      vertex 19.3 55.4618 27.7981
    endloop
  endfacet
  facet normal 1 0 0
    outer loop
      vertex 19.3 60.4 25.1
      vertex 19.3 55.2134 27.8
      vertex 19.3 60.4 3
    endloop
  endfacet
  facet normal 1 0 0
    outer loop
      vertex 19.3 55.2134 27.8
      vertex 19.3 5.33687 3
      vertex 19.3 60.4 3
    endloop
  endfacet
  facet normal 1 0 0
    outer loop
      vertex 19.3 4.4 14.5548
      vertex 19.3 55.2134 27.8
      vertex 19.3 4.4 27.8
    endloop
  endfacet
  facet normal 1 0 0
    outer loop
      vertex 19.3 55.2134 27.8
      vertex 19.3 4.4 14.5548
      vertex 19.3 5.33687 3
    endloop
  endfacet
  facet normal 0 1 0
    outer loop
      vertex 22.2 62 25.1
      vertex 22.2 62 3
      vertex 19.3 62 25.1
    endloop
  endfacet
  facet normal 0 1 -0
    outer loop
      vertex 19.3 62 25.1
      vertex 19.1823 62 27.8
      vertex 19.3 62 27.7469
    endloop
  endfacet
  facet normal 0 1 0
    outer loop
      vertex 19.1823 62 27.8
      vertex 19.3 62 25.1
      vertex 13.7 62 27.8
    endloop
  endfacet
  facet normal 0 1 0
    outer loop
      vertex 13.7 62 3
      vertex 19.3 62 25.1
      vertex 22.2 62 3
    endloop
  endfacet
  facet normal 0 1 0
    outer loop
      vertex 19.3 62 25.1
      vertex 13.7 62 3
      vertex 13.7 62 27.8
    endloop
  endfacet
  facet normal 0 -1 0
    outer loop
      vertex 13.7 4.4 14.5548
      vertex 19.3 4.4 27.8
      vertex 13.7 4.4 27.8
    endloop
  endfacet
  facet normal 0 -1 -0
    outer loop
      vertex 19.3 4.4 27.8
      vertex 13.7 4.4 14.5548
      vertex 19.3 4.4 14.5548
    endloop
  endfacet
  facet normal -1 0 0
    outer loop
      vertex 17.7 6 3
      vertex 17.7 60.4 27.8
      vertex 17.7 60.4 3
    endloop
  endfacet
  facet normal -1 -0 0
    outer loop
      vertex 17.7 60.4 27.8
      vertex 17.7 6 3
      vertex 17.7 6 27.8
    endloop
  endfacet
  facet normal -0 0 1
    outer loop
      vertex 13.7 62 27.8
      vertex 17.7 60.4 27.8
      vertex 19.1823 62 27.8
    endloop
  endfacet
  facet normal 0 0 1
    outer loop
      vertex 17.7 60.4 27.8
      vertex 13.7 62 27.8
      vertex 13.7 60.4 27.8
    endloop
  endfacet
  facet normal 0 0 1
    outer loop
      vertex 17.7 60.4 27.8
      vertex 19.3 55.2134 27.8
      vertex 19.2935 55.5905 27.8
    endloop
  endfacet
  facet normal -0 0 1
    outer loop
      vertex 17.7 60.4 27.8
      vertex 19.2935 55.5905 27.8
      vertex 19.1823 62 27.8
    endloop
  endfacet
  facet normal 0 0 1
    outer loop
      vertex 19.3 55.2134 27.8
      vertex 17.7 60.4 27.8
      vertex 17.7 6 27.8
    endloop
  endfacet
  facet normal 0 0 1
    outer loop
      vertex 19.3 55.2134 27.8
      vertex 17.7 6 27.8
      vertex 19.3 4.4 27.8
    endloop
  endfacet
  facet normal 0 0 1
    outer loop
      vertex 13.7 4.4 27.8
      vertex 17.7 6 27.8
      vertex 13.7 6 27.8
    endloop
  endfacet
  facet normal 0 0 1
    outer loop
      vertex 17.7 6 27.8
      vertex 13.7 4.4 27.8
      vertex 19.3 4.4 27.8
    endloop
  endfacet
  facet normal 1 -0 0
    outer loop
      vertex -13.7 4.4 14.5548
      vertex -13.7 6 3
      vertex -13.7 6 27.8
    endloop
  endfacet
  facet normal 1 0 0
    outer loop
      vertex -13.7 4.4 14.5548
      vertex -13.7 6 27.8
      vertex -13.7 4.4 27.8
    endloop
  endfacet
  facet normal 1 0 0
    outer loop
      vertex -13.7 6 3
      vertex -13.7 4.4 14.5548
      vertex -13.7 5.33687 3
    endloop
  endfacet
  facet normal 0 1 -0
    outer loop
      vertex -13.7 6 3
      vertex -17.7 6 27.8
      vertex -13.7 6 27.8
    endloop
  endfacet
  facet normal 0 1 0
    outer loop
      vertex -17.7 6 27.8
      vertex -13.7 6 3
      vertex -17.7 6 3
    endloop
  endfacet
  facet normal 1 -0 0
    outer loop
      vertex -13.7 60.4 27.8
      vertex -13.7 62 3
      vertex -13.7 62 27.8
    endloop
  endfacet
  facet normal 1 0 0
    outer loop
      vertex -13.7 62 3
      vertex -13.7 60.4 27.8
      vertex -13.7 60.4 3
    endloop
  endfacet
  facet normal 0 -1 0
    outer loop
      vertex -17.7 60.4 3
      vertex -13.7 60.4 27.8
      vertex -17.7 60.4 27.8
    endloop
  endfacet
  facet normal 0 -1 -0
    outer loop
      vertex -13.7 60.4 27.8
      vertex -17.7 60.4 3
      vertex -13.7 60.4 3
    endloop
  endfacet
  facet normal 0 1 -0
    outer loop
      vertex 17.7 6 3
      vertex 13.7 6 27.8
      vertex 17.7 6 27.8
    endloop
  endfacet
  facet normal 0 1 0
    outer loop
      vertex 13.7 6 27.8
      vertex 17.7 6 3
      vertex 13.7 6 3
    endloop
  endfacet
  facet normal -1 0 0
    outer loop
      vertex 13.7 4.4 14.5548
      vertex 13.7 6 3
      vertex 13.7 5.33687 3
    endloop
  endfacet
  facet normal -1 0 0
    outer loop
      vertex 13.7 6 3
      vertex 13.7 4.4 14.5548
      vertex 13.7 6 27.8
    endloop
  endfacet
  facet normal -1 -0 0
    outer loop
      vertex 13.7 6 27.8
      vertex 13.7 4.4 14.5548
      vertex 13.7 4.4 27.8
    endloop
  endfacet
  facet normal 0 -1 0
    outer loop
      vertex 13.7 60.4 3
      vertex 17.7 60.4 27.8
      vertex 13.7 60.4 27.8
    endloop
  endfacet
  facet normal 0 -1 -0
    outer loop
      vertex 17.7 60.4 27.8
      vertex 13.7 60.4 3
      vertex 17.7 60.4 3
    endloop
  endfacet
  facet normal -1 0 0
    outer loop
      vertex 13.7 60.4 3
      vertex 13.7 62 27.8
      vertex 13.7 62 3
    endloop
  endfacet
  facet normal -1 -0 0
    outer loop
      vertex 13.7 62 27.8
      vertex 13.7 60.4 3
      vertex 13.7 60.4 27.8
    endloop
  endfacet
  facet normal 1 -0 0
    outer loop
      vertex -22.2 62 25.1
      vertex -22.2 77.4 3
      vertex -22.2 77.4 25.1
    endloop
  endfacet
  facet normal 1 0 0
    outer loop
      vertex -22.2 77.4 3
      vertex -22.2 62 25.1
      vertex -22.2 62 3
    endloop
  endfacet
  facet normal 0 1 0
    outer loop
      vertex -18.2 79 25.1
      vertex -23.8 79 25.0472
      vertex -23.7148 79 25.1
    endloop
  endfacet
  facet normal 0 1 -0
    outer loop
      vertex -18.2 79 3
      vertex -23.8 79 25.0472
      vertex -18.2 79 25.1
    endloop
  endfacet
  facet normal 0 1 0
    outer loop
      vertex -23.8 79 25.0472
      vertex -18.2 79 3
      vertex -23.8 79 3
    endloop
  endfacet
  facet normal 0 -1 0
    outer loop
      vertex -23.8 60.4 3
      vertex -19.3 60.4 25.1
      vertex -23.8 60.4 25.1
    endloop
  endfacet
  facet normal 0 -1 -0
    outer loop
      vertex -19.3 60.4 25.1
      vertex -23.8 60.4 3
      vertex -19.3 60.4 3
    endloop
  endfacet
  facet normal -1 0 0
    outer loop
      vertex -23.8 79 3
      vertex -23.8 75.2933 25.1
      vertex -23.8 79 25.0472
    endloop
  endfacet
  facet normal -1 0 0
    outer loop
      vertex -23.8 60.4 3
      vertex -23.8 75.2933 25.1
      vertex -23.8 79 3
    endloop
  endfacet
  facet normal -1 -0 0
    outer loop
      vertex -23.8 75.2933 25.1
      vertex -23.8 60.4 3
      vertex -23.8 60.4 25.1
    endloop
  endfacet
  facet normal 0 0 1
    outer loop
      vertex -18.2 79 25.1
      vertex -22.2 77.4 25.1
      vertex -18.2 77.4 25.1
    endloop
  endfacet
  facet normal 0 0 1
    outer loop
      vertex -23.8 75.2933 25.1
      vertex -22.2 77.4 25.1
      vertex -23.7148 79 25.1
    endloop
  endfacet
  facet normal -0 0 1
    outer loop
      vertex -23.7148 79 25.1
      vertex -22.2 77.4 25.1
      vertex -18.2 79 25.1
    endloop
  endfacet
  facet normal -0 0 1
    outer loop
      vertex -22.2 62 25.1
      vertex -19.3 60.4 25.1
      vertex -19.3 62 25.1
    endloop
  endfacet
  facet normal 0 0 1
    outer loop
      vertex -22.2 77.4 25.1
      vertex -23.8 75.2933 25.1
      vertex -22.2 62 25.1
    endloop
  endfacet
  facet normal 0 0 1
    outer loop
      vertex -22.2 62 25.1
      vertex -23.8 60.4 25.1
      vertex -19.3 60.4 25.1
    endloop
  endfacet
  facet normal 0 0 1
    outer loop
      vertex -23.8 60.4 25.1
      vertex -22.2 62 25.1
      vertex -23.8 75.2933 25.1
    endloop
  endfacet
  facet normal 1 0 0
    outer loop
      vertex 23.8 75.2933 25.1
      vertex 23.8 79 3
      vertex 23.8 79 25.0472
    endloop
  endfacet
  facet normal 1 0 0
    outer loop
      vertex 23.8 60.4 3
      vertex 23.8 75.2933 25.1
      vertex 23.8 60.4 25.1
    endloop
  endfacet
  facet normal 1 0 0
    outer loop
      vertex 23.8 75.2933 25.1
      vertex 23.8 60.4 3
      vertex 23.8 79 3
    endloop
  endfacet
  facet normal 0 1 0
    outer loop
      vertex 23.8 79 25.0472
      vertex 18.2 79 25.1
      vertex 23.7148 79 25.1
    endloop
  endfacet
  facet normal 0 1 -0
    outer loop
      vertex 23.8 79 3
      vertex 18.2 79 25.1
      vertex 23.8 79 25.0472
    endloop
  endfacet
  facet normal 0 1 0
    outer loop
      vertex 18.2 79 25.1
      vertex 23.8 79 3
      vertex 18.2 79 3
    endloop
  endfacet
  facet normal 0 -1 0
    outer loop
      vertex 19.3 60.4 3
      vertex 23.8 60.4 25.1
      vertex 19.3 60.4 25.1
    endloop
  endfacet
  facet normal 0 -1 -0
    outer loop
      vertex 23.8 60.4 25.1
      vertex 19.3 60.4 3
      vertex 23.8 60.4 3
    endloop
  endfacet
  facet normal -1 0 0
    outer loop
      vertex 22.2 62 3
      vertex 22.2 77.4 25.1
      vertex 22.2 77.4 3
    endloop
  endfacet
  facet normal -1 -0 0
    outer loop
      vertex 22.2 77.4 25.1
      vertex 22.2 62 3
      vertex 22.2 62 25.1
    endloop
  endfacet
  facet normal -0 0 1
    outer loop
      vertex 18.2 79 25.1
      vertex 22.2 77.4 25.1
      vertex 23.7148 79 25.1
    endloop
  endfacet
  facet normal 0 0 1
    outer loop
      vertex 22.2 77.4 25.1
      vertex 18.2 79 25.1
      vertex 18.2 77.4 25.1
    endloop
  endfacet
  facet normal -0 0 1
    outer loop
      vertex 22.2 77.4 25.1
      vertex 23.8 75.2933 25.1
      vertex 23.7148 79 25.1
    endloop
  endfacet
  facet normal 0 0 1
    outer loop
      vertex 22.2 62 25.1
      vertex 23.8 75.2933 25.1
      vertex 22.2 77.4 25.1
    endloop
  endfacet
  facet normal 0 0 1
    outer loop
      vertex 23.8 75.2933 25.1
      vertex 22.2 62 25.1
      vertex 23.8 60.4 25.1
    endloop
  endfacet
  facet normal 0 0 1
    outer loop
      vertex 19.3 60.4 25.1
      vertex 22.2 62 25.1
      vertex 19.3 62 25.1
    endloop
  endfacet
  facet normal 0 0 1
    outer loop
      vertex 22.2 62 25.1
      vertex 19.3 60.4 25.1
      vertex 23.8 60.4 25.1
    endloop
  endfacet
  facet normal 1 -0 0
    outer loop
      vertex -18.2 77.4 25.1
      vertex -18.2 79 3
      vertex -18.2 79 25.1
    endloop
  endfacet
  facet normal 1 0 0
    outer loop
      vertex -18.2 79 3
      vertex -18.2 77.4 25.1
      vertex -18.2 77.4 3
    endloop
  endfacet
  facet normal 0 -1 0
    outer loop
      vertex -22.2 77.4 3
      vertex -18.2 77.4 25.1
      vertex -22.2 77.4 25.1
    endloop
  endfacet
  facet normal 0 -1 -0
    outer loop
      vertex -18.2 77.4 25.1
      vertex -22.2 77.4 3
      vertex -18.2 77.4 3
    endloop
  endfacet
  facet normal 0 -1 0
    outer loop
      vertex 18.2 77.4 3
      vertex 22.2 77.4 25.1
      vertex 18.2 77.4 25.1
    endloop
  endfacet
  facet normal 0 -1 -0
    outer loop
      vertex 22.2 77.4 25.1
      vertex 18.2 77.4 3
      vertex 22.2 77.4 3
    endloop
  endfacet
  facet normal -1 0 0
    outer loop
      vertex 18.2 77.4 3
      vertex 18.2 79 25.1
      vertex 18.2 79 3
    endloop
  endfacet
  facet normal -1 -0 0
    outer loop
      vertex 18.2 79 25.1
      vertex 18.2 77.4 3
      vertex 18.2 77.4 25.1
    endloop
  endfacet
  facet normal 1 -0 0
    outer loop
      vertex -16.5 66.5 20.5
      vertex -16.5 72.5 3
      vertex -16.5 72.5 20.5
    endloop
  endfacet
  facet normal 1 0 0
    outer loop
      vertex -16.5 72.5 3
      vertex -16.5 66.5 20.5
      vertex -16.5 66.5 3
    endloop
  endfacet
  facet normal 0 1 -0
    outer loop
      vertex -16.5 72.5 3
      vertex -21.5 72.5 20.5
      vertex -16.5 72.5 20.5
    endloop
  endfacet
  facet normal 0 1 0
    outer loop
      vertex -21.5 72.5 20.5
      vertex -16.5 72.5 3
      vertex -21.5 72.5 3
    endloop
  endfacet
  facet normal 0 -1 0
    outer loop
      vertex -21.5 66.5 3
      vertex -16.5 66.5 20.5
      vertex -21.5 66.5 20.5
    endloop
  endfacet
  facet normal 0 -1 -0
    outer loop
      vertex -16.5 66.5 20.5
      vertex -21.5 66.5 3
      vertex -16.5 66.5 3
    endloop
  endfacet
  facet normal -1 0 0
    outer loop
      vertex -21.5 66.5 3
      vertex -21.5 72.5 20.5
      vertex -21.5 72.5 3
    endloop
  endfacet
  facet normal -1 -0 0
    outer loop
      vertex -21.5 72.5 20.5
      vertex -21.5 66.5 3
      vertex -21.5 66.5 20.5
    endloop
  endfacet
  facet normal -0 0 1
    outer loop
      vertex -21.5 72.5 20.5
      vertex -16.5 66.5 20.5
      vertex -16.5 72.5 20.5
    endloop
  endfacet
  facet normal 0 0 1
    outer loop
      vertex -16.5 66.5 20.5
      vertex -21.5 72.5 20.5
      vertex -21.5 66.5 20.5
    endloop
  endfacet
  facet normal 1 -0 0
    outer loop
      vertex 21.5 66.5 20.5
      vertex 21.5 72.5 3
      vertex 21.5 72.5 20.5
    endloop
  endfacet
  facet normal 1 0 0
    outer loop
      vertex 21.5 72.5 3
      vertex 21.5 66.5 20.5
      vertex 21.5 66.5 3
    endloop
  endfacet
  facet normal 0 1 -0
    outer loop
      vertex 21.5 72.5 3
      vertex 16.5 72.5 20.5
      vertex 21.5 72.5 20.5
    endloop
  endfacet
  facet normal 0 1 0
    outer loop
      vertex 16.5 72.5 20.5
      vertex 21.5 72.5 3
      vertex 16.5 72.5 3
    endloop
  endfacet
  facet normal 0 -1 0
    outer loop
      vertex 16.5 66.5 3
      vertex 21.5 66.5 20.5
      vertex 16.5 66.5 20.5
    endloop
  endfacet
  facet normal 0 -1 -0
    outer loop
      vertex 21.5 66.5 20.5
      vertex 16.5 66.5 3
      vertex 21.5 66.5 3
    endloop
  endfacet
  facet normal -1 0 0
    outer loop
      vertex 16.5 66.5 3
      vertex 16.5 72.5 20.5
      vertex 16.5 72.5 3
    endloop
  endfacet
  facet normal -1 -0 0
    outer loop
      vertex 16.5 72.5 20.5
      vertex 16.5 66.5 3
      vertex 16.5 66.5 20.5
    endloop
  endfacet
  facet normal -0 0 1
    outer loop
      vertex 16.5 72.5 20.5
      vertex 21.5 66.5 20.5
      vertex 21.5 72.5 20.5
    endloop
  endfacet
  facet normal 0 0 1
    outer loop
      vertex 21.5 66.5 20.5
      vertex 16.5 72.5 20.5
      vertex 16.5 66.5 20.5
    endloop
  endfacet
  facet normal 1 0 0
    outer loop
      vertex -15.95 120.4 28.1
      vertex -15.95 118 16.6
      vertex -15.95 120.4 3
    endloop
  endfacet
  facet normal 1 -0 0
    outer loop
      vertex -15.95 81 28.1
      vertex -15.95 118 16.6
      vertex -15.95 120.4 28.1
    endloop
  endfacet
  facet normal 1 0 0
    outer loop
      vertex -15.95 118 16.6
      vertex -15.95 81 28.1
      vertex -15.95 83 16.6
    endloop
  endfacet
  facet normal 1 0 0
    outer loop
      vertex -15.95 81 3
      vertex -15.95 83 16.6
      vertex -15.95 81 28.1
    endloop
  endfacet
  facet normal 1 0 0
    outer loop
      vertex -15.95 83 16.6
      vertex -15.95 81 3
      vertex -15.95 83 3
    endloop
  endfacet
  facet normal 1 0 0
    outer loop
      vertex -15.95 120.4 3
      vertex -15.95 118 16.6
      vertex -15.95 118 3
    endloop
  endfacet
  facet normal 0 1 0
    outer loop
      vertex -12.3 122 28.1
      vertex -17.55 122 28.0669
      vertex -17.4766 122 28.1
    endloop
  endfacet
  facet normal 0 1 -0
    outer loop
      vertex -12.3 122 3
      vertex -17.55 122 28.0669
      vertex -12.3 122 28.1
    endloop
  endfacet
  facet normal 0 1 0
    outer loop
      vertex -17.55 122 28.0669
      vertex -12.3 122 3
      vertex -17.55 122 3
    endloop
  endfacet
  facet normal 0 -1 0
    outer loop
      vertex -17.55 79.4 3
      vertex -11.95 79.4 28.1
      vertex -17.55 79.4 28.1
    endloop
  endfacet
  facet normal 0 -1 -0
    outer loop
      vertex -11.95 79.4 28.1
      vertex -17.55 79.4 3
      vertex -11.95 79.4 3
    endloop
  endfacet
  facet normal -1 0 0
    outer loop
      vertex -17.55 122 3
      vertex -17.55 117.767 28.1
      vertex -17.55 122 28.0669
    endloop
  endfacet
  facet normal -1 0 0
    outer loop
      vertex -17.55 79.4 3
      vertex -17.55 117.767 28.1
      vertex -17.55 122 3
    endloop
  endfacet
  facet normal -1 -0 0
    outer loop
      vertex -17.55 117.767 28.1
      vertex -17.55 79.4 3
      vertex -17.55 79.4 28.1
    endloop
  endfacet
  facet normal 0 0 1
    outer loop
      vertex -12.3 122 28.1
      vertex -15.95 120.4 28.1
      vertex -12.3 120.4 28.1
    endloop
  endfacet
  facet normal 0 0 1
    outer loop
      vertex -17.55 117.767 28.1
      vertex -15.95 120.4 28.1
      vertex -17.4766 122 28.1
    endloop
  endfacet
  facet normal -0 0 1
    outer loop
      vertex -17.4766 122 28.1
      vertex -15.95 120.4 28.1
      vertex -12.3 122 28.1
    endloop
  endfacet
  facet normal -0 0 1
    outer loop
      vertex -15.95 81 28.1
      vertex -11.95 79.4 28.1
      vertex -11.95 81 28.1
    endloop
  endfacet
  facet normal 0 0 1
    outer loop
      vertex -15.95 120.4 28.1
      vertex -17.55 117.767 28.1
      vertex -15.95 81 28.1
    endloop
  endfacet
  facet normal 0 0 1
    outer loop
      vertex -15.95 81 28.1
      vertex -17.55 79.4 28.1
      vertex -11.95 79.4 28.1
    endloop
  endfacet
  facet normal 0 0 1
    outer loop
      vertex -17.55 79.4 28.1
      vertex -15.95 81 28.1
      vertex -17.55 117.767 28.1
    endloop
  endfacet
  facet normal 1 0 0
    outer loop
      vertex 17.55 117.767 28.1
      vertex 17.55 122 3
      vertex 17.55 122 28.0669
    endloop
  endfacet
  facet normal 1 0 0
    outer loop
      vertex 17.55 79.4 3
      vertex 17.55 117.767 28.1
      vertex 17.55 79.4 28.1
    endloop
  endfacet
  facet normal 1 0 0
    outer loop
      vertex 17.55 117.767 28.1
      vertex 17.55 79.4 3
      vertex 17.55 122 3
    endloop
  endfacet
  facet normal 0 1 0
    outer loop
      vertex 17.55 122 28.0669
      vertex 12.3 122 28.1
      vertex 17.4766 122 28.1
    endloop
  endfacet
  facet normal 0 1 -0
    outer loop
      vertex 17.55 122 3
      vertex 12.3 122 28.1
      vertex 17.55 122 28.0669
    endloop
  endfacet
  facet normal 0 1 0
    outer loop
      vertex 12.3 122 28.1
      vertex 17.55 122 3
      vertex 12.3 122 3
    endloop
  endfacet
  facet normal 0 -1 0
    outer loop
      vertex 11.95 79.4 3
      vertex 17.55 79.4 28.1
      vertex 11.95 79.4 28.1
    endloop
  endfacet
  facet normal 0 -1 -0
    outer loop
      vertex 17.55 79.4 28.1
      vertex 11.95 79.4 3
      vertex 17.55 79.4 3
    endloop
  endfacet
  facet normal -1 0 0
    outer loop
      vertex 15.95 83 3
      vertex 15.95 81 3
      vertex 15.95 83 16.6
    endloop
  endfacet
  facet normal -1 0 0
    outer loop
      vertex 15.95 118 16.6
      vertex 15.95 120.4 3
      vertex 15.95 118 3
    endloop
  endfacet
  facet normal -1 0 0
    outer loop
      vertex 15.95 120.4 3
      vertex 15.95 118 16.6
      vertex 15.95 120.4 28.1
    endloop
  endfacet
  facet normal -1 0 0
    outer loop
      vertex 15.95 81 28.1
      vertex 15.95 118 16.6
      vertex 15.95 83 16.6
    endloop
  endfacet
  facet normal -1 0 0
    outer loop
      vertex 15.95 118 16.6
      vertex 15.95 81 28.1
      vertex 15.95 120.4 28.1
    endloop
  endfacet
  facet normal -1 0 0
    outer loop
      vertex 15.95 81 28.1
      vertex 15.95 83 16.6
      vertex 15.95 81 3
    endloop
  endfacet
  facet normal -0 0 1
    outer loop
      vertex 12.3 122 28.1
      vertex 15.95 120.4 28.1
      vertex 17.4766 122 28.1
    endloop
  endfacet
  facet normal 0 0 1
    outer loop
      vertex 15.95 120.4 28.1
      vertex 12.3 122 28.1
      vertex 12.3 120.4 28.1
    endloop
  endfacet
  facet normal -0 0 1
    outer loop
      vertex 15.95 120.4 28.1
      vertex 17.55 117.767 28.1
      vertex 17.4766 122 28.1
    endloop
  endfacet
  facet normal 0 0 1
    outer loop
      vertex 15.95 81 28.1
      vertex 17.55 117.767 28.1
      vertex 15.95 120.4 28.1
    endloop
  endfacet
  facet normal 0 0 1
    outer loop
      vertex 17.55 117.767 28.1
      vertex 15.95 81 28.1
      vertex 17.55 79.4 28.1
    endloop
  endfacet
  facet normal 0 0 1
    outer loop
      vertex 11.95 79.4 28.1
      vertex 15.95 81 28.1
      vertex 11.95 81 28.1
    endloop
  endfacet
  facet normal 0 0 1
    outer loop
      vertex 15.95 81 28.1
      vertex 11.95 79.4 28.1
      vertex 17.55 79.4 28.1
    endloop
  endfacet
  facet normal 1 -0 0
    outer loop
      vertex -11.95 79.4 28.1
      vertex -11.95 81 3
      vertex -11.95 81 28.1
    endloop
  endfacet
  facet normal 1 0 0
    outer loop
      vertex -11.95 81 3
      vertex -11.95 79.4 28.1
      vertex -11.95 79.4 3
    endloop
  endfacet
  facet normal 0 1 -0
    outer loop
      vertex -11.95 81 3
      vertex -15.95 81 28.1
      vertex -11.95 81 28.1
    endloop
  endfacet
  facet normal 0 1 0
    outer loop
      vertex -15.95 81 28.1
      vertex -11.95 81 3
      vertex -15.95 81 3
    endloop
  endfacet
  facet normal 0 -1 0
    outer loop
      vertex -15.95 120.4 28.1
      vertex -10 120.4 4
      vertex -12.3 120.4 28.1
    endloop
  endfacet
  facet normal 0 -1 0
    outer loop
      vertex -15.95 120.4 3
      vertex -10 120.4 4
      vertex -15.95 120.4 28.1
    endloop
  endfacet
  facet normal 0 -1 -0
    outer loop
      vertex -10 120.4 4
      vertex -15.95 120.4 3
      vertex -10 120.4 3
    endloop
  endfacet
  facet normal 0 -1 0
    outer loop
      vertex -12.3 120.4 28.1
      vertex -6.7 120.4 30.1
      vertex -12.3 120.4 30.1
    endloop
  endfacet
  facet normal 0 -1 0
    outer loop
      vertex -6.7 120.4 4
      vertex -12.3 120.4 28.1
      vertex -10 120.4 4
    endloop
  endfacet
  facet normal 0 -1 0
    outer loop
      vertex -12.3 120.4 28.1
      vertex -6.7 120.4 4
      vertex -6.7 120.4 30.1
    endloop
  endfacet
  facet normal 0 1 -0
    outer loop
      vertex 15.95 81 3
      vertex 11.95 81 28.1
      vertex 15.95 81 28.1
    endloop
  endfacet
  facet normal 0 1 0
    outer loop
      vertex 11.95 81 28.1
      vertex 15.95 81 3
      vertex 11.95 81 3
    endloop
  endfacet
  facet normal -1 0 0
    outer loop
      vertex 11.95 79.4 3
      vertex 11.95 81 28.1
      vertex 11.95 81 3
    endloop
  endfacet
  facet normal -1 -0 0
    outer loop
      vertex 11.95 81 28.1
      vertex 11.95 79.4 3
      vertex 11.95 79.4 28.1
    endloop
  endfacet
  facet normal 0 -1 0
    outer loop
      vertex 6.7 120.4 30.1
      vertex 12.3 120.4 28.1
      vertex 12.3 120.4 30.1
    endloop
  endfacet
  facet normal 0 -1 0
    outer loop
      vertex 6.7 120.4 4
      vertex 12.3 120.4 28.1
      vertex 6.7 120.4 30.1
    endloop
  endfacet
  facet normal 0 -1 0
    outer loop
      vertex 10 120.4 4
      vertex 12.3 120.4 28.1
      vertex 6.7 120.4 4
    endloop
  endfacet
  facet normal 0 -1 -0
    outer loop
      vertex 12.3 120.4 28.1
      vertex 10 120.4 4
      vertex 15.95 120.4 28.1
    endloop
  endfacet
  facet normal 0 -1 0
    outer loop
      vertex 15.95 120.4 3
      vertex 10 120.4 4
      vertex 10 120.4 3
    endloop
  endfacet
  facet normal 0 -1 0
    outer loop
      vertex 10 120.4 4
      vertex 15.95 120.4 3
      vertex 15.95 120.4 28.1
    endloop
  endfacet
  facet normal 1 -0 0
    outer loop
      vertex -10.25 83 16.6
      vertex -10.25 118 3
      vertex -10.25 118 16.6
    endloop
  endfacet
  facet normal 1 0 0
    outer loop
      vertex -10.25 118 3
      vertex -10.25 83 16.6
      vertex -10.25 83 3
    endloop
  endfacet
  facet normal 0 1 -0
    outer loop
      vertex -10.25 118 3
      vertex -15.95 118 16.6
      vertex -10.25 118 16.6
    endloop
  endfacet
  facet normal 0 1 0
    outer loop
      vertex -15.95 118 16.6
      vertex -10.25 118 3
      vertex -15.95 118 3
    endloop
  endfacet
  facet normal 0 -1 0
    outer loop
      vertex -15.95 83 3
      vertex -10.25 83 16.6
      vertex -15.95 83 16.6
    endloop
  endfacet
  facet normal 0 -1 -0
    outer loop
      vertex -10.25 83 16.6
      vertex -15.95 83 3
      vertex -10.25 83 3
    endloop
  endfacet
  facet normal -0 0 1
    outer loop
      vertex -15.95 118 16.6
      vertex -10.25 83 16.6
      vertex -10.25 118 16.6
    endloop
  endfacet
  facet normal 0 0 1
    outer loop
      vertex -10.25 83 16.6
      vertex -15.95 118 16.6
      vertex -15.95 83 16.6
    endloop
  endfacet
  facet normal 0 1 -0
    outer loop
      vertex 15.95 118 3
      vertex 10.25 118 16.6
      vertex 15.95 118 16.6
    endloop
  endfacet
  facet normal 0 1 0
    outer loop
      vertex 10.25 118 16.6
      vertex 15.95 118 3
      vertex 10.25 118 3
    endloop
  endfacet
  facet normal 0 -1 0
    outer loop
      vertex 10.25 83 3
      vertex 15.95 83 16.6
      vertex 10.25 83 16.6
    endloop
  endfacet
  facet normal 0 -1 -0
    outer loop
      vertex 15.95 83 16.6
      vertex 10.25 83 3
      vertex 15.95 83 3
    endloop
  endfacet
  facet normal -1 0 0
    outer loop
      vertex 10.25 83 3
      vertex 10.25 118 16.6
      vertex 10.25 118 3
    endloop
  endfacet
  facet normal -1 -0 0
    outer loop
      vertex 10.25 118 16.6
      vertex 10.25 83 3
      vertex 10.25 83 16.6
    endloop
  endfacet
  facet normal -0 0 1
    outer loop
      vertex 10.25 118 16.6
      vertex 15.95 83 16.6
      vertex 15.95 118 16.6
    endloop
  endfacet
  facet normal 0 0 1
    outer loop
      vertex 15.95 83 16.6
      vertex 10.25 118 16.6
      vertex 10.25 83 16.6
    endloop
  endfacet
  facet normal 1 -0 0
    outer loop
      vertex -10.7 122 30.1
      vertex -10.7 125.4 3
      vertex -10.7 125.4 30.1
    endloop
  endfacet
  facet normal 1 0 0
    outer loop
      vertex -10.7 125.4 3
      vertex -10.7 122 30.1
      vertex -10.7 122 3
    endloop
  endfacet
  facet normal 1 0 0
    outer loop
      vertex -10.7 140.2 30.1
      vertex -10.7 139 3
      vertex -10.7 140.2 2.99
    endloop
  endfacet
  facet normal 1 -0 0
    outer loop
      vertex -10.7 136.4 30.1
      vertex -10.7 139 3
      vertex -10.7 140.2 30.1
    endloop
  endfacet
  facet normal 1 0 0
    outer loop
      vertex -10.7 139 3
      vertex -10.7 136.4 30.1
      vertex -10.7 136.4 3
    endloop
  endfacet
  facet normal 1 0 0
    outer loop
      vertex -10.7 140.2 2.99
      vertex -10.7 139 3
      vertex -10.7 139 2.99
    endloop
  endfacet
  facet normal 0 1 0
    outer loop
      vertex -6.7 141.8 30.1
      vertex -12.3 141.8 30.0872
      vertex -12.2575 141.8 30.1
    endloop
  endfacet
  facet normal 0 1 -0
    outer loop
      vertex -6.7 141.8 2.99
      vertex -12.3 141.8 30.0872
      vertex -6.7 141.8 30.1
    endloop
  endfacet
  facet normal 0 1 0
    outer loop
      vertex -12.3 141.8 30.0872
      vertex -6.7 141.8 2.99
      vertex -12.3 141.8 2.99
    endloop
  endfacet
  facet normal -1 0 0
    outer loop
      vertex -12.3 139 3
      vertex -12.3 141.8 2.99
      vertex -12.3 139 2.99
    endloop
  endfacet
  facet normal -1 0 0
    outer loop
      vertex -12.3 141.8 2.99
      vertex -12.3 139 3
      vertex -12.3 141.8 30.0872
    endloop
  endfacet
  facet normal -1 0 0
    outer loop
      vertex -12.3 139 3
      vertex -12.3 138.211 30.1
      vertex -12.3 141.8 30.0872
    endloop
  endfacet
  facet normal -1 0 0
    outer loop
      vertex -12.3 136.4 3
      vertex -12.3 138.211 30.1
      vertex -12.3 139 3
    endloop
  endfacet
  facet normal -1 -0 0
    outer loop
      vertex -12.3 138.211 30.1
      vertex -12.3 136.4 3
      vertex -12.3 136.4 30.1
    endloop
  endfacet
  facet normal -1 0 0
    outer loop
      vertex -12.3 122 28.1
      vertex -12.3 125.4 3
      vertex -12.3 122 3
    endloop
  endfacet
  facet normal -1 0 0
    outer loop
      vertex -12.3 125.4 3
      vertex -12.3 122 28.1
      vertex -12.3 125.4 30.1
    endloop
  endfacet
  facet normal -1 0 0
    outer loop
      vertex -12.3 120.4 30.1
      vertex -12.3 122 28.1
      vertex -12.3 120.4 28.1
    endloop
  endfacet
  facet normal -1 0 0
    outer loop
      vertex -12.3 122 28.1
      vertex -12.3 120.4 30.1
      vertex -12.3 125.4 30.1
    endloop
  endfacet
  facet normal 0 0 -1
    outer loop
      vertex -10.7 139 2.99
      vertex -12.3 139 2.99
      vertex -10.7 140.2 2.99
    endloop
  endfacet
  facet normal 0 0 -1
    outer loop
      vertex -10.7 140.2 2.99
      vertex -6.7 141.8 2.99
      vertex -6.7 140.2 2.99
    endloop
  endfacet
  facet normal 0 0 -1
    outer loop
      vertex -10.7 140.2 2.99
      vertex -12.3 141.8 2.99
      vertex -6.7 141.8 2.99
    endloop
  endfacet
  facet normal 0 0 -1
    outer loop
      vertex -12.3 141.8 2.99
      vertex -10.7 140.2 2.99
      vertex -12.3 139 2.99
    endloop
  endfacet
  facet normal 0 0 1
    outer loop
      vertex -10.7 125.4 30.1
      vertex -12.3 125.4 30.1
      vertex -10.7 122 30.1
    endloop
  endfacet
  facet normal -0 0 1
    outer loop
      vertex -10.7 122 30.1
      vertex -6.7 120.4 30.1
      vertex -6.7 122 30.1
    endloop
  endfacet
  facet normal 0 0 1
    outer loop
      vertex -10.7 122 30.1
      vertex -12.3 120.4 30.1
      vertex -6.7 120.4 30.1
    endloop
  endfacet
  facet normal 0 0 1
    outer loop
      vertex -12.3 120.4 30.1
      vertex -10.7 122 30.1
      vertex -12.3 125.4 30.1
    endloop
  endfacet
  facet normal 0 0 1
    outer loop
      vertex -6.7 141.8 30.1
      vertex -10.7 140.2 30.1
      vertex -6.7 140.2 30.1
    endloop
  endfacet
  facet normal -0 0 1
    outer loop
      vertex -12.2575 141.8 30.1
      vertex -10.7 140.2 30.1
      vertex -6.7 141.8 30.1
    endloop
  endfacet
  facet normal 0 0 1
    outer loop
      vertex -12.3 138.211 30.1
      vertex -10.7 140.2 30.1
      vertex -12.2575 141.8 30.1
    endloop
  endfacet
  facet normal 0 0 1
    outer loop
      vertex -10.7 140.2 30.1
      vertex -12.3 138.211 30.1
      vertex -10.7 136.4 30.1
    endloop
  endfacet
  facet normal 0 0 1
    outer loop
      vertex -10.7 136.4 30.1
      vertex -12.3 138.211 30.1
      vertex -12.3 136.4 30.1
    endloop
  endfacet
  facet normal 1 0 0
    outer loop
      vertex 12.3 141.8 30.0872
      vertex 12.3 139 3
      vertex 12.3 141.8 2.99
    endloop
  endfacet
  facet normal 1 0 0
    outer loop
      vertex 12.3 138.211 30.1
      vertex 12.3 139 3
      vertex 12.3 141.8 30.0872
    endloop
  endfacet
  facet normal 1 0 0
    outer loop
      vertex 12.3 136.4 3
      vertex 12.3 138.211 30.1
      vertex 12.3 136.4 30.1
    endloop
  endfacet
  facet normal 1 0 0
    outer loop
      vertex 12.3 138.211 30.1
      vertex 12.3 136.4 3
      vertex 12.3 139 3
    endloop
  endfacet
  facet normal 1 0 0
    outer loop
      vertex 12.3 141.8 2.99
      vertex 12.3 139 3
      vertex 12.3 139 2.99
    endloop
  endfacet
  facet normal 1 0 0
    outer loop
      vertex 12.3 125.4 30.1
      vertex 12.3 122 28.1
      vertex 12.3 125.4 3
    endloop
  endfacet
  facet normal 1 -0 0
    outer loop
      vertex 12.3 120.4 30.1
      vertex 12.3 122 28.1
      vertex 12.3 125.4 30.1
    endloop
  endfacet
  facet normal 1 0 0
    outer loop
      vertex 12.3 122 28.1
      vertex 12.3 120.4 30.1
      vertex 12.3 120.4 28.1
    endloop
  endfacet
  facet normal 1 0 0
    outer loop
      vertex 12.3 125.4 3
      vertex 12.3 122 28.1
      vertex 12.3 122 3
    endloop
  endfacet
  facet normal 0 1 0
    outer loop
      vertex 12.3 141.8 30.0872
      vertex 6.7 141.8 30.1
      vertex 12.2575 141.8 30.1
    endloop
  endfacet
  facet normal 0 1 -0
    outer loop
      vertex 12.3 141.8 2.99
      vertex 6.7 141.8 30.1
      vertex 12.3 141.8 30.0872
    endloop
  endfacet
  facet normal 0 1 0
    outer loop
      vertex 6.7 141.8 30.1
      vertex 12.3 141.8 2.99
      vertex 6.7 141.8 2.99
    endloop
  endfacet
  facet normal -1 0 0
    outer loop
      vertex 10.7 122 3
      vertex 10.7 125.4 30.1
      vertex 10.7 125.4 3
    endloop
  endfacet
  facet normal -1 -0 0
    outer loop
      vertex 10.7 125.4 30.1
      vertex 10.7 122 3
      vertex 10.7 122 30.1
    endloop
  endfacet
  facet normal -1 0 0
    outer loop
      vertex 10.7 139 3
      vertex 10.7 140.2 2.99
      vertex 10.7 139 2.99
    endloop
  endfacet
  facet normal -1 0 0
    outer loop
      vertex 10.7 140.2 2.99
      vertex 10.7 139 3
      vertex 10.7 140.2 30.1
    endloop
  endfacet
  facet normal -1 0 0
    outer loop
      vertex 10.7 136.4 30.1
      vertex 10.7 139 3
      vertex 10.7 136.4 3
    endloop
  endfacet
  facet normal -1 0 0
    outer loop
      vertex 10.7 139 3
      vertex 10.7 136.4 30.1
      vertex 10.7 140.2 30.1
    endloop
  endfacet
  facet normal 0 0 -1
    outer loop
      vertex 10.7 140.2 2.99
      vertex 12.3 139 2.99
      vertex 10.7 139 2.99
    endloop
  endfacet
  facet normal 0 0 -1
    outer loop
      vertex 12.3 139 2.99
      vertex 10.7 140.2 2.99
      vertex 12.3 141.8 2.99
    endloop
  endfacet
  facet normal 0 0 -1
    outer loop
      vertex 6.7 141.8 2.99
      vertex 10.7 140.2 2.99
      vertex 6.7 140.2 2.99
    endloop
  endfacet
  facet normal 0 0 -1
    outer loop
      vertex 10.7 140.2 2.99
      vertex 6.7 141.8 2.99
      vertex 12.3 141.8 2.99
    endloop
  endfacet
  facet normal 0 0 1
    outer loop
      vertex 10.7 122 30.1
      vertex 12.3 125.4 30.1
      vertex 10.7 125.4 30.1
    endloop
  endfacet
  facet normal 0 0 1
    outer loop
      vertex 12.3 125.4 30.1
      vertex 10.7 122 30.1
      vertex 12.3 120.4 30.1
    endloop
  endfacet
  facet normal 0 0 1
    outer loop
      vertex 6.7 120.4 30.1
      vertex 10.7 122 30.1
      vertex 6.7 122 30.1
    endloop
  endfacet
  facet normal 0 0 1
    outer loop
      vertex 10.7 122 30.1
      vertex 6.7 120.4 30.1
      vertex 12.3 120.4 30.1
    endloop
  endfacet
  facet normal -0 0 1
    outer loop
      vertex 6.7 141.8 30.1
      vertex 10.7 140.2 30.1
      vertex 12.2575 141.8 30.1
    endloop
  endfacet
  facet normal 0 0 1
    outer loop
      vertex 10.7 140.2 30.1
      vertex 6.7 141.8 30.1
      vertex 6.7 140.2 30.1
    endloop
  endfacet
  facet normal -0 0 1
    outer loop
      vertex 10.7 140.2 30.1
      vertex 12.3 138.211 30.1
      vertex 12.2575 141.8 30.1
    endloop
  endfacet
  facet normal 0 0 1
    outer loop
      vertex 10.7 136.4 30.1
      vertex 12.3 138.211 30.1
      vertex 10.7 140.2 30.1
    endloop
  endfacet
  facet normal 0 0 1
    outer loop
      vertex 12.3 138.211 30.1
      vertex 10.7 136.4 30.1
      vertex 12.3 136.4 30.1
    endloop
  endfacet
  facet normal 1 -0 0
    outer loop
      vertex -6.7 120.4 30.1
      vertex -6.7 122 4
      vertex -6.7 122 30.1
    endloop
  endfacet
  facet normal 1 0 0
    outer loop
      vertex -6.7 122 4
      vertex -6.7 120.4 30.1
      vertex -6.7 120.4 4
    endloop
  endfacet
  facet normal 0 1 0
    outer loop
      vertex -10 122 4
      vertex -6.7 122 30.1
      vertex -6.7 122 4
    endloop
  endfacet
  facet normal 0 1 0
    outer loop
      vertex -6.7 122 30.1
      vertex -10 122 4
      vertex -10.7 122 30.1
    endloop
  endfacet
  facet normal 0 1 0
    outer loop
      vertex -10.7 122 3
      vertex -10 122 4
      vertex -10 122 3
    endloop
  endfacet
  facet normal 0 1 0
    outer loop
      vertex -10 122 4
      vertex -10.7 122 3
      vertex -10.7 122 30.1
    endloop
  endfacet
  facet normal 1 -0 0
    outer loop
      vertex -6.7 140.2 30.1
      vertex -6.7 141.8 2.99
      vertex -6.7 141.8 30.1
    endloop
  endfacet
  facet normal 1 0 0
    outer loop
      vertex -6.7 141.8 2.99
      vertex -6.7 140.2 30.1
      vertex -6.7 140.2 2.99
    endloop
  endfacet
  facet normal 0 -1 0
    outer loop
      vertex -10.7 140.2 2.99
      vertex -6.7 140.2 30.1
      vertex -10.7 140.2 30.1
    endloop
  endfacet
  facet normal 0 -1 -0
    outer loop
      vertex -6.7 140.2 30.1
      vertex -10.7 140.2 2.99
      vertex -6.7 140.2 2.99
    endloop
  endfacet
  facet normal 0 1 0
    outer loop
      vertex 10.7 122 30.1
      vertex 10 122 4
      vertex 6.7 122 30.1
    endloop
  endfacet
  facet normal 0 1 -0
    outer loop
      vertex 10.7 122 3
      vertex 10 122 4
      vertex 10.7 122 30.1
    endloop
  endfacet
  facet normal 0 1 0
    outer loop
      vertex 10 122 4
      vertex 10.7 122 3
      vertex 10 122 3
    endloop
  endfacet
  facet normal 0 1 0
    outer loop
      vertex 6.7 122 30.1
      vertex 10 122 4
      vertex 6.7 122 4
    endloop
  endfacet
  facet normal -1 0 0
    outer loop
      vertex 6.7 120.4 4
      vertex 6.7 122 30.1
      vertex 6.7 122 4
    endloop
  endfacet
  facet normal -1 -0 0
    outer loop
      vertex 6.7 122 30.1
      vertex 6.7 120.4 4
      vertex 6.7 120.4 30.1
    endloop
  endfacet
  facet normal 0 -1 0
    outer loop
      vertex 6.7 140.2 2.99
      vertex 10.7 140.2 30.1
      vertex 6.7 140.2 30.1
    endloop
  endfacet
  facet normal 0 -1 -0
    outer loop
      vertex 10.7 140.2 30.1
      vertex 6.7 140.2 2.99
      vertex 10.7 140.2 2.99
    endloop
  endfacet
  facet normal -1 0 0
    outer loop
      vertex 6.7 140.2 2.99
      vertex 6.7 141.8 30.1
      vertex 6.7 141.8 2.99
    endloop
  endfacet
  facet normal -1 -0 0
    outer loop
      vertex 6.7 141.8 30.1
      vertex 6.7 140.2 2.99
      vertex 6.7 140.2 30.1
    endloop
  endfacet
  facet normal 1 -0 0
    outer loop
      vertex 25 5.33687 3
      vertex 25 139 1.90735e-07
      vertex 25 139 3
    endloop
  endfacet
  facet normal 1 0 0
    outer loop
      vertex 25 5.33687 3
      vertex 25 2.57027 1.90735e-07
      vertex 25 139 1.90735e-07
    endloop
  endfacet
  facet normal 1 0 0
    outer loop
      vertex 25 0.509045 25.4218
      vertex 25 5.33687 3
      vertex 25 3.52237 25.3789
    endloop
  endfacet
  facet normal 1 0 0
    outer loop
      vertex 25 5.33687 3
      vertex 25 0.509045 25.4218
      vertex 25 2.57027 1.90735e-07
    endloop
  endfacet
  facet normal 0 1 0
    outer loop
      vertex -10 139 3
      vertex -10.7 139 2.99
      vertex -10.7 139 3
    endloop
  endfacet
  facet normal 0 1 0
    outer loop
      vertex -10.7 139 2.99
      vertex -10 139 1.90735e-07
      vertex -12.3 139 2.99
    endloop
  endfacet
  facet normal 0 1 -0
    outer loop
      vertex -10 139 1.90735e-07
      vertex -10.7 139 2.99
      vertex -10 139 3
    endloop
  endfacet
  facet normal 0 1 -0
    outer loop
      vertex -12.3 139 2.99
      vertex -25 139 3
      vertex -12.3 139 3
    endloop
  endfacet
  facet normal 0 1 0
    outer loop
      vertex -25 139 1.90735e-07
      vertex -12.3 139 2.99
      vertex -10 139 1.90735e-07
    endloop
  endfacet
  facet normal 0 1 0
    outer loop
      vertex -12.3 139 2.99
      vertex -25 139 1.90735e-07
      vertex -25 139 3
    endloop
  endfacet
  facet normal 0 1 0
    outer loop
      vertex 25 139 3
      vertex 12.3 139 2.99
      vertex 12.3 139 3
    endloop
  endfacet
  facet normal 0 1 0
    outer loop
      vertex 10 139 1.90735e-07
      vertex 12.3 139 2.99
      vertex 25 139 1.90735e-07
    endloop
  endfacet
  facet normal 0 1 -0
    outer loop
      vertex 25 139 1.90735e-07
      vertex 12.3 139 2.99
      vertex 25 139 3
    endloop
  endfacet
  facet normal 0 1 -0
    outer loop
      vertex 10.7 139 2.99
      vertex 10 139 3
      vertex 10.7 139 3
    endloop
  endfacet
  facet normal 0 1 0
    outer loop
      vertex 12.3 139 2.99
      vertex 10 139 1.90735e-07
      vertex 10.7 139 2.99
    endloop
  endfacet
  facet normal 0 1 0
    outer loop
      vertex 10.7 139 2.99
      vertex 10 139 1.90735e-07
      vertex 10 139 3
    endloop
  endfacet
  facet normal -1 0 0
    outer loop
      vertex -25 139 1.90735e-07
      vertex -25 5.33687 3
      vertex -25 139 3
    endloop
  endfacet
  facet normal -1 0 0
    outer loop
      vertex -25 2.57027 1.90735e-07
      vertex -25 5.33687 3
      vertex -25 139 1.90735e-07
    endloop
  endfacet
  facet normal -1 0 0
    outer loop
      vertex -25 0.509045 25.4218
      vertex -25 5.33687 3
      vertex -25 2.57027 1.90735e-07
    endloop
  endfacet
  facet normal -1 0 0
    outer loop
      vertex -25 5.33687 3
      vertex -25 0.509045 25.4218
      vertex -25 3.52237 25.3789
    endloop
  endfacet
  facet normal 0 0 -1
    outer loop
      vertex 6.94236 98.4147 1.90735e-07
      vertex 25 139 1.90735e-07
      vertex 6.94236 73.5853 1.90735e-07
    endloop
  endfacet
  facet normal 0 0 -1
    outer loop
      vertex 25 139 1.90735e-07
      vertex 6.94236 98.4147 1.90735e-07
      vertex 7 99 1.90735e-07
    endloop
  endfacet
  facet normal 0 0 -1
    outer loop
      vertex 6.77164 74.148 1.90735e-07
      vertex 6.94236 98.4147 1.90735e-07
      vertex 6.94236 73.5853 1.90735e-07
    endloop
  endfacet
  facet normal 0 0 -1
    outer loop
      vertex 6.77164 74.148 1.90735e-07
      vertex 6.77164 97.852 1.90735e-07
      vertex 6.94236 98.4147 1.90735e-07
    endloop
  endfacet
  facet normal 0 0 -1
    outer loop
      vertex 6.49441 74.6667 1.90735e-07
      vertex 6.77164 97.852 1.90735e-07
      vertex 6.77164 74.148 1.90735e-07
    endloop
  endfacet
  facet normal 0 0 -1
    outer loop
      vertex 6.49441 74.6667 1.90735e-07
      vertex 6.49441 97.3333 1.90735e-07
      vertex 6.77164 97.852 1.90735e-07
    endloop
  endfacet
  facet normal 0 0 -1
    outer loop
      vertex 6.12132 75.1213 1.90735e-07
      vertex 6.49441 97.3333 1.90735e-07
      vertex 6.49441 74.6667 1.90735e-07
    endloop
  endfacet
  facet normal 0 0 -1
    outer loop
      vertex 6.12132 75.1213 1.90735e-07
      vertex 6.12132 96.8787 1.90735e-07
      vertex 6.49441 97.3333 1.90735e-07
    endloop
  endfacet
  facet normal 0 0 -1
    outer loop
      vertex 5.66671 75.4944 1.90735e-07
      vertex 6.12132 96.8787 1.90735e-07
      vertex 6.12132 75.1213 1.90735e-07
    endloop
  endfacet
  facet normal 0 0 -1
    outer loop
      vertex 5.66671 75.4944 1.90735e-07
      vertex 5.66671 96.5056 1.90735e-07
      vertex 6.12132 96.8787 1.90735e-07
    endloop
  endfacet
  facet normal 0 0 -1
    outer loop
      vertex 5.14805 75.7716 1.90735e-07
      vertex 5.66671 96.5056 1.90735e-07
      vertex 5.66671 75.4944 1.90735e-07
    endloop
  endfacet
  facet normal 0 0 -1
    outer loop
      vertex 5.14805 75.7716 1.90735e-07
      vertex 5.14805 96.2284 1.90735e-07
      vertex 5.66671 96.5056 1.90735e-07
    endloop
  endfacet
  facet normal 0 0 -1
    outer loop
      vertex 4.58527 75.9424 1.90735e-07
      vertex 5.14805 96.2284 1.90735e-07
      vertex 5.14805 75.7716 1.90735e-07
    endloop
  endfacet
  facet normal 0 0 -1
    outer loop
      vertex 4.58527 75.9424 1.90735e-07
      vertex 4.58527 96.0576 1.90735e-07
      vertex 5.14805 96.2284 1.90735e-07
    endloop
  endfacet
  facet normal 0 0 -1
    outer loop
      vertex 4 76 1.90735e-07
      vertex 4.58527 96.0576 1.90735e-07
      vertex 4.58527 75.9424 1.90735e-07
    endloop
  endfacet
  facet normal 0 0 -1
    outer loop
      vertex 4 76 1.90735e-07
      vertex 4 96 1.90735e-07
      vertex 4.58527 96.0576 1.90735e-07
    endloop
  endfacet
  facet normal 0 0 -1
    outer loop
      vertex -4 76 1.90735e-07
      vertex 4 96 1.90735e-07
      vertex 4 76 1.90735e-07
    endloop
  endfacet
  facet normal 0 0 -1
    outer loop
      vertex -4 76 1.90735e-07
      vertex -4 96 1.90735e-07
      vertex 4 96 1.90735e-07
    endloop
  endfacet
  facet normal 0 0 -1
    outer loop
      vertex -4.58527 75.9424 1.90735e-07
      vertex -4 96 1.90735e-07
      vertex -4 76 1.90735e-07
    endloop
  endfacet
  facet normal 0 0 -1
    outer loop
      vertex -4.58527 75.9424 1.90735e-07
      vertex -4.58527 96.0576 1.90735e-07
      vertex -4 96 1.90735e-07
    endloop
  endfacet
  facet normal 0 0 -1
    outer loop
      vertex -5.14805 75.7716 1.90735e-07
      vertex -4.58527 96.0576 1.90735e-07
      vertex -4.58527 75.9424 1.90735e-07
    endloop
  endfacet
  facet normal 0 0 -1
    outer loop
      vertex -5.14805 75.7716 1.90735e-07
      vertex -5.14805 96.2284 1.90735e-07
      vertex -4.58527 96.0576 1.90735e-07
    endloop
  endfacet
  facet normal 0 0 -1
    outer loop
      vertex -5.66671 75.4944 1.90735e-07
      vertex -5.14805 96.2284 1.90735e-07
      vertex -5.14805 75.7716 1.90735e-07
    endloop
  endfacet
  facet normal 0 0 -1
    outer loop
      vertex -5.66671 75.4944 1.90735e-07
      vertex -5.66671 96.5056 1.90735e-07
      vertex -5.14805 96.2284 1.90735e-07
    endloop
  endfacet
  facet normal 0 0 -1
    outer loop
      vertex -6.12132 75.1213 1.90735e-07
      vertex -5.66671 96.5056 1.90735e-07
      vertex -5.66671 75.4944 1.90735e-07
    endloop
  endfacet
  facet normal 0 0 -1
    outer loop
      vertex -6.12132 75.1213 1.90735e-07
      vertex -6.12132 96.8787 1.90735e-07
      vertex -5.66671 96.5056 1.90735e-07
    endloop
  endfacet
  facet normal 0 0 -1
    outer loop
      vertex -6.49441 74.6667 1.90735e-07
      vertex -6.12132 96.8787 1.90735e-07
      vertex -6.12132 75.1213 1.90735e-07
    endloop
  endfacet
  facet normal 0 0 -1
    outer loop
      vertex -6.49441 74.6667 1.90735e-07
      vertex -6.49441 97.3333 1.90735e-07
      vertex -6.12132 96.8787 1.90735e-07
    endloop
  endfacet
  facet normal 0 0 -1
    outer loop
      vertex -6.77164 74.148 1.90735e-07
      vertex -6.49441 97.3333 1.90735e-07
      vertex -6.49441 74.6667 1.90735e-07
    endloop
  endfacet
  facet normal 0 0 -1
    outer loop
      vertex -6.77164 74.148 1.90735e-07
      vertex -6.77164 97.852 1.90735e-07
      vertex -6.49441 97.3333 1.90735e-07
    endloop
  endfacet
  facet normal 0 0 -1
    outer loop
      vertex -6.94236 73.5853 1.90735e-07
      vertex -6.77164 97.852 1.90735e-07
      vertex -6.77164 74.148 1.90735e-07
    endloop
  endfacet
  facet normal 0 0 -1
    outer loop
      vertex -6.94236 73.5853 1.90735e-07
      vertex -6.94236 98.4147 1.90735e-07
      vertex -6.77164 97.852 1.90735e-07
    endloop
  endfacet
  facet normal 0 0 -1
    outer loop
      vertex -25 139 1.90735e-07
      vertex -6.94236 73.5853 1.90735e-07
      vertex -7 73 1.90735e-07
    endloop
  endfacet
  facet normal 0 0 -1
    outer loop
      vertex -6.94236 73.5853 1.90735e-07
      vertex -25 139 1.90735e-07
      vertex -6.94236 98.4147 1.90735e-07
    endloop
  endfacet
  facet normal 0 0 -1
    outer loop
      vertex 6.94236 70.4147 1.90735e-07
      vertex 25 2.57027 1.90735e-07
      vertex 6.94236 35.5853 1.90735e-07
    endloop
  endfacet
  facet normal 0 0 -1
    outer loop
      vertex 25 2.57027 1.90735e-07
      vertex 6.94236 70.4147 1.90735e-07
      vertex 7 71 1.90735e-07
    endloop
  endfacet
  facet normal 0 0 -1
    outer loop
      vertex 6.77164 36.148 1.90735e-07
      vertex 6.94236 70.4147 1.90735e-07
      vertex 6.94236 35.5853 1.90735e-07
    endloop
  endfacet
  facet normal 0 0 -1
    outer loop
      vertex 6.77164 36.148 1.90735e-07
      vertex 6.77164 69.852 1.90735e-07
      vertex 6.94236 70.4147 1.90735e-07
    endloop
  endfacet
  facet normal 0 0 -1
    outer loop
      vertex 6.49441 36.6667 1.90735e-07
      vertex 6.77164 69.852 1.90735e-07
      vertex 6.77164 36.148 1.90735e-07
    endloop
  endfacet
  facet normal 0 0 -1
    outer loop
      vertex 6.49441 36.6667 1.90735e-07
      vertex 6.49441 69.3333 1.90735e-07
      vertex 6.77164 69.852 1.90735e-07
    endloop
  endfacet
  facet normal 0 0 -1
    outer loop
      vertex 6.12132 37.1213 1.90735e-07
      vertex 6.49441 69.3333 1.90735e-07
      vertex 6.49441 36.6667 1.90735e-07
    endloop
  endfacet
  facet normal 0 0 -1
    outer loop
      vertex 6.12132 37.1213 1.90735e-07
      vertex 6.12132 68.8787 1.90735e-07
      vertex 6.49441 69.3333 1.90735e-07
    endloop
  endfacet
  facet normal 0 0 -1
    outer loop
      vertex 5.66671 37.4944 1.90735e-07
      vertex 6.12132 68.8787 1.90735e-07
      vertex 6.12132 37.1213 1.90735e-07
    endloop
  endfacet
  facet normal 0 0 -1
    outer loop
      vertex 5.66671 37.4944 1.90735e-07
      vertex 5.66671 68.5056 1.90735e-07
      vertex 6.12132 68.8787 1.90735e-07
    endloop
  endfacet
  facet normal 0 0 -1
    outer loop
      vertex 5.14805 37.7716 1.90735e-07
      vertex 5.66671 68.5056 1.90735e-07
      vertex 5.66671 37.4944 1.90735e-07
    endloop
  endfacet
  facet normal 0 0 -1
    outer loop
      vertex 5.14805 37.7716 1.90735e-07
      vertex 5.14805 68.2284 1.90735e-07
      vertex 5.66671 68.5056 1.90735e-07
    endloop
  endfacet
  facet normal 0 0 -1
    outer loop
      vertex 4.58527 37.9424 1.90735e-07
      vertex 5.14805 68.2284 1.90735e-07
      vertex 5.14805 37.7716 1.90735e-07
    endloop
  endfacet
  facet normal 0 0 -1
    outer loop
      vertex 4.58527 37.9424 1.90735e-07
      vertex 4.58527 68.0576 1.90735e-07
      vertex 5.14805 68.2284 1.90735e-07
    endloop
  endfacet
  facet normal 0 0 -1
    outer loop
      vertex 4 38 1.90735e-07
      vertex 4.58527 68.0576 1.90735e-07
      vertex 4.58527 37.9424 1.90735e-07
    endloop
  endfacet
  facet normal 0 0 -1
    outer loop
      vertex 4 38 1.90735e-07
      vertex 4 68 1.90735e-07
      vertex 4.58527 68.0576 1.90735e-07
    endloop
  endfacet
  facet normal 0 0 -1
    outer loop
      vertex -4 38 1.90735e-07
      vertex 4 68 1.90735e-07
      vertex 4 38 1.90735e-07
    endloop
  endfacet
  facet normal 0 0 -1
    outer loop
      vertex -4 38 1.90735e-07
      vertex -4 68 1.90735e-07
      vertex 4 68 1.90735e-07
    endloop
  endfacet
  facet normal 0 0 -1
    outer loop
      vertex -4.58527 37.9424 1.90735e-07
      vertex -4 68 1.90735e-07
      vertex -4 38 1.90735e-07
    endloop
  endfacet
  facet normal 0 0 -1
    outer loop
      vertex -4.58527 37.9424 1.90735e-07
      vertex -4.58527 68.0576 1.90735e-07
      vertex -4 68 1.90735e-07
    endloop
  endfacet
  facet normal 0 0 -1
    outer loop
      vertex -5.14805 37.7716 1.90735e-07
      vertex -4.58527 68.0576 1.90735e-07
      vertex -4.58527 37.9424 1.90735e-07
    endloop
  endfacet
  facet normal 0 0 -1
    outer loop
      vertex -5.14805 37.7716 1.90735e-07
      vertex -5.14805 68.2284 1.90735e-07
      vertex -4.58527 68.0576 1.90735e-07
    endloop
  endfacet
  facet normal 0 0 -1
    outer loop
      vertex -5.66671 37.4944 1.90735e-07
      vertex -5.14805 68.2284 1.90735e-07
      vertex -5.14805 37.7716 1.90735e-07
    endloop
  endfacet
  facet normal 0 0 -1
    outer loop
      vertex -5.66671 37.4944 1.90735e-07
      vertex -5.66671 68.5056 1.90735e-07
      vertex -5.14805 68.2284 1.90735e-07
    endloop
  endfacet
  facet normal 0 0 -1
    outer loop
      vertex -6.12132 37.1213 1.90735e-07
      vertex -5.66671 68.5056 1.90735e-07
      vertex -5.66671 37.4944 1.90735e-07
    endloop
  endfacet
  facet normal 0 0 -1
    outer loop
      vertex -6.12132 37.1213 1.90735e-07
      vertex -6.12132 68.8787 1.90735e-07
      vertex -5.66671 68.5056 1.90735e-07
    endloop
  endfacet
  facet normal 0 0 -1
    outer loop
      vertex -6.49441 36.6667 1.90735e-07
      vertex -6.12132 68.8787 1.90735e-07
      vertex -6.12132 37.1213 1.90735e-07
    endloop
  endfacet
  facet normal 0 0 -1
    outer loop
      vertex -6.49441 36.6667 1.90735e-07
      vertex -6.49441 69.3333 1.90735e-07
      vertex -6.12132 68.8787 1.90735e-07
    endloop
  endfacet
  facet normal 0 0 -1
    outer loop
      vertex -6.77164 36.148 1.90735e-07
      vertex -6.49441 69.3333 1.90735e-07
      vertex -6.49441 36.6667 1.90735e-07
    endloop
  endfacet
  facet normal 0 0 -1
    outer loop
      vertex -6.77164 36.148 1.90735e-07
      vertex -6.77164 69.852 1.90735e-07
      vertex -6.49441 69.3333 1.90735e-07
    endloop
  endfacet
  facet normal 0 0 -1
    outer loop
      vertex -6.94236 35.5853 1.90735e-07
      vertex -6.77164 69.852 1.90735e-07
      vertex -6.77164 36.148 1.90735e-07
    endloop
  endfacet
  facet normal 0 0 -1
    outer loop
      vertex -6.94236 35.5853 1.90735e-07
      vertex -6.94236 70.4147 1.90735e-07
      vertex -6.77164 69.852 1.90735e-07
    endloop
  endfacet
  facet normal 0 0 -1
    outer loop
      vertex -25 2.57027 1.90735e-07
      vertex -6.94236 35.5853 1.90735e-07
      vertex -7 35 1.90735e-07
    endloop
  endfacet
  facet normal -0 0 -1
    outer loop
      vertex -6.94236 35.5853 1.90735e-07
      vertex -25 2.57027 1.90735e-07
      vertex -6.94236 70.4147 1.90735e-07
    endloop
  endfacet
  facet normal 0 0 -1
    outer loop
      vertex -10 126.9 1.90735e-07
      vertex 10 135.4 1.90735e-07
      vertex 10 126.9 1.90735e-07
    endloop
  endfacet
  facet normal -0 0 -1
    outer loop
      vertex 10 135.4 1.90735e-07
      vertex -10 126.9 1.90735e-07
      vertex -10 135.4 1.90735e-07
    endloop
  endfacet
  facet normal 0 0 -1
    outer loop
      vertex 7 73 1.90735e-07
      vertex 25 139 1.90735e-07
      vertex 25 2.57027 1.90735e-07
    endloop
  endfacet
  facet normal 0 0 -1
    outer loop
      vertex 7 35 1.90735e-07
      vertex 25 2.57027 1.90735e-07
      vertex 7 33 1.90735e-07
    endloop
  endfacet
  facet normal 0 0 -1
    outer loop
      vertex 25 2.57027 1.90735e-07
      vertex 6.94236 32.4147 1.90735e-07
      vertex 7 33 1.90735e-07
    endloop
  endfacet
  facet normal 0 0 -1
    outer loop
      vertex 25 2.57027 1.90735e-07
      vertex 6.77164 31.852 1.90735e-07
      vertex 6.94236 32.4147 1.90735e-07
    endloop
  endfacet
  facet normal 0 0 -1
    outer loop
      vertex 25 2.57027 1.90735e-07
      vertex 6.49441 31.3333 1.90735e-07
      vertex 6.77164 31.852 1.90735e-07
    endloop
  endfacet
  facet normal 0 0 -1
    outer loop
      vertex 25 2.57027 1.90735e-07
      vertex 6.12132 30.8787 1.90735e-07
      vertex 6.49441 31.3333 1.90735e-07
    endloop
  endfacet
  facet normal 0 0 -1
    outer loop
      vertex 25 2.57027 1.90735e-07
      vertex 5.66671 30.5056 1.90735e-07
      vertex 6.12132 30.8787 1.90735e-07
    endloop
  endfacet
  facet normal 0 0 -1
    outer loop
      vertex 25 2.57027 1.90735e-07
      vertex 5.14805 30.2284 1.90735e-07
      vertex 5.66671 30.5056 1.90735e-07
    endloop
  endfacet
  facet normal 0 0 -1
    outer loop
      vertex 25 2.57027 1.90735e-07
      vertex 4.58527 30.0576 1.90735e-07
      vertex 5.14805 30.2284 1.90735e-07
    endloop
  endfacet
  facet normal 0 0 -1
    outer loop
      vertex 25 2.57027 1.90735e-07
      vertex 4 30 1.90735e-07
      vertex 4.58527 30.0576 1.90735e-07
    endloop
  endfacet
  facet normal 0 0 -1
    outer loop
      vertex 25 2.57027 1.90735e-07
      vertex -4 30 1.90735e-07
      vertex 4 30 1.90735e-07
    endloop
  endfacet
  facet normal 0 0 -1
    outer loop
      vertex -25 2.57027 1.90735e-07
      vertex -4 30 1.90735e-07
      vertex 25 2.57027 1.90735e-07
    endloop
  endfacet
  facet normal -0 0 -1
    outer loop
      vertex -4 30 1.90735e-07
      vertex -25 2.57027 1.90735e-07
      vertex -4.58527 30.0576 1.90735e-07
    endloop
  endfacet
  facet normal -0 0 -1
    outer loop
      vertex -4.58527 30.0576 1.90735e-07
      vertex -25 2.57027 1.90735e-07
      vertex -5.14805 30.2284 1.90735e-07
    endloop
  endfacet
  facet normal -0 0 -1
    outer loop
      vertex -5.14805 30.2284 1.90735e-07
      vertex -25 2.57027 1.90735e-07
      vertex -5.66671 30.5056 1.90735e-07
    endloop
  endfacet
  facet normal 0 0 -1
    outer loop
      vertex -25 2.57027 1.90735e-07
      vertex -7 35 1.90735e-07
      vertex -7 33 1.90735e-07
    endloop
  endfacet
  facet normal -0 0 -1
    outer loop
      vertex -6.94236 70.4147 1.90735e-07
      vertex -25 2.57027 1.90735e-07
      vertex -7 71 1.90735e-07
    endloop
  endfacet
  facet normal -0 0 -1
    outer loop
      vertex -7 71 1.90735e-07
      vertex -25 2.57027 1.90735e-07
      vertex -7 73 1.90735e-07
    endloop
  endfacet
  facet normal 0 0 -1
    outer loop
      vertex -25 139 1.90735e-07
      vertex -7 73 1.90735e-07
      vertex -25 2.57027 1.90735e-07
    endloop
  endfacet
  facet normal 0 0 -1
    outer loop
      vertex -6.94236 98.4147 1.90735e-07
      vertex -25 139 1.90735e-07
      vertex -7 99 1.90735e-07
    endloop
  endfacet
  facet normal 0 0 -1
    outer loop
      vertex -25 139 1.90735e-07
      vertex -10 126.9 1.90735e-07
      vertex -10 119 1.90735e-07
    endloop
  endfacet
  facet normal 0 0 -1
    outer loop
      vertex -10 126.9 1.90735e-07
      vertex -25 139 1.90735e-07
      vertex -10 135.4 1.90735e-07
    endloop
  endfacet
  facet normal -0 0 -1
    outer loop
      vertex -5.66671 30.5056 1.90735e-07
      vertex -25 2.57027 1.90735e-07
      vertex -6.12132 30.8787 1.90735e-07
    endloop
  endfacet
  facet normal 0 0 -1
    outer loop
      vertex -25 2.57027 1.90735e-07
      vertex -6.49441 31.3333 1.90735e-07
      vertex -6.12132 30.8787 1.90735e-07
    endloop
  endfacet
  facet normal 0 0 -1
    outer loop
      vertex -25 2.57027 1.90735e-07
      vertex -6.77164 31.852 1.90735e-07
      vertex -6.49441 31.3333 1.90735e-07
    endloop
  endfacet
  facet normal 0 0 -1
    outer loop
      vertex -25 2.57027 1.90735e-07
      vertex -6.94236 32.4147 1.90735e-07
      vertex -6.77164 31.852 1.90735e-07
    endloop
  endfacet
  facet normal 0 0 -1
    outer loop
      vertex -25 2.57027 1.90735e-07
      vertex -7 33 1.90735e-07
      vertex -6.94236 32.4147 1.90735e-07
    endloop
  endfacet
  facet normal 0 0 -1
    outer loop
      vertex -7 99 1.90735e-07
      vertex -25 139 1.90735e-07
      vertex -7 101 1.90735e-07
    endloop
  endfacet
  facet normal 0 0 -1
    outer loop
      vertex -7 101 1.90735e-07
      vertex -25 139 1.90735e-07
      vertex -10 119 1.90735e-07
    endloop
  endfacet
  facet normal 0 0 -1
    outer loop
      vertex -10 135.4 1.90735e-07
      vertex -25 139 1.90735e-07
      vertex -10 139 1.90735e-07
    endloop
  endfacet
  facet normal 0 0 -1
    outer loop
      vertex 10 126.9 1.90735e-07
      vertex 25 139 1.90735e-07
      vertex 10 119 1.90735e-07
    endloop
  endfacet
  facet normal 0 0 -1
    outer loop
      vertex 10 135.4 1.90735e-07
      vertex 25 139 1.90735e-07
      vertex 10 126.9 1.90735e-07
    endloop
  endfacet
  facet normal -0 0 -1
    outer loop
      vertex 25 139 1.90735e-07
      vertex 10 135.4 1.90735e-07
      vertex 10 139 1.90735e-07
    endloop
  endfacet
  facet normal 0 0 -1
    outer loop
      vertex 6.94236 35.5853 1.90735e-07
      vertex 25 2.57027 1.90735e-07
      vertex 7 35 1.90735e-07
    endloop
  endfacet
  facet normal 0 0 -1
    outer loop
      vertex 7 73 1.90735e-07
      vertex 25 2.57027 1.90735e-07
      vertex 7 71 1.90735e-07
    endloop
  endfacet
  facet normal 0 0 -1
    outer loop
      vertex 6.94236 73.5853 1.90735e-07
      vertex 25 139 1.90735e-07
      vertex 7 73 1.90735e-07
    endloop
  endfacet
  facet normal 0 0 -1
    outer loop
      vertex 7 101 1.90735e-07
      vertex 25 139 1.90735e-07
      vertex 7 99 1.90735e-07
    endloop
  endfacet
  facet normal 0 0 -1
    outer loop
      vertex 25 139 1.90735e-07
      vertex 7 101 1.90735e-07
      vertex 10 119 1.90735e-07
    endloop
  endfacet
  facet normal 0 0 -1
    outer loop
      vertex 6.94236 101.585 1.90735e-07
      vertex 10 119 1.90735e-07
      vertex 7 101 1.90735e-07
    endloop
  endfacet
  facet normal 0 0 -1
    outer loop
      vertex 6.77164 102.148 1.90735e-07
      vertex 10 119 1.90735e-07
      vertex 6.94236 101.585 1.90735e-07
    endloop
  endfacet
  facet normal 0 0 -1
    outer loop
      vertex 6.49441 102.667 1.90735e-07
      vertex 10 119 1.90735e-07
      vertex 6.77164 102.148 1.90735e-07
    endloop
  endfacet
  facet normal 0 0 -1
    outer loop
      vertex 6.12132 103.121 1.90735e-07
      vertex 10 119 1.90735e-07
      vertex 6.49441 102.667 1.90735e-07
    endloop
  endfacet
  facet normal 0 0 -1
    outer loop
      vertex 5.66671 103.494 1.90735e-07
      vertex 10 119 1.90735e-07
      vertex 6.12132 103.121 1.90735e-07
    endloop
  endfacet
  facet normal 0 0 -1
    outer loop
      vertex 5.14805 103.772 1.90735e-07
      vertex 10 119 1.90735e-07
      vertex 5.66671 103.494 1.90735e-07
    endloop
  endfacet
  facet normal 0 0 -1
    outer loop
      vertex 4.58527 103.942 1.90735e-07
      vertex 10 119 1.90735e-07
      vertex 5.14805 103.772 1.90735e-07
    endloop
  endfacet
  facet normal 0 0 -1
    outer loop
      vertex 4 104 1.90735e-07
      vertex 10 119 1.90735e-07
      vertex 4.58527 103.942 1.90735e-07
    endloop
  endfacet
  facet normal 0 0 -1
    outer loop
      vertex -4 104 1.90735e-07
      vertex 10 119 1.90735e-07
      vertex 4 104 1.90735e-07
    endloop
  endfacet
  facet normal 0 0 -1
    outer loop
      vertex -10 119 1.90735e-07
      vertex -4 104 1.90735e-07
      vertex -4.58527 103.942 1.90735e-07
    endloop
  endfacet
  facet normal 0 0 -1
    outer loop
      vertex -10 119 1.90735e-07
      vertex -4.58527 103.942 1.90735e-07
      vertex -5.14805 103.772 1.90735e-07
    endloop
  endfacet
  facet normal 0 0 -1
    outer loop
      vertex -10 119 1.90735e-07
      vertex -5.14805 103.772 1.90735e-07
      vertex -5.66671 103.494 1.90735e-07
    endloop
  endfacet
  facet normal 0 0 -1
    outer loop
      vertex -10 119 1.90735e-07
      vertex -5.66671 103.494 1.90735e-07
      vertex -6.12132 103.121 1.90735e-07
    endloop
  endfacet
  facet normal 0 0 -1
    outer loop
      vertex -4 104 1.90735e-07
      vertex -10 119 1.90735e-07
      vertex 10 119 1.90735e-07
    endloop
  endfacet
  facet normal 0 0 -1
    outer loop
      vertex -6.49441 102.667 1.90735e-07
      vertex -10 119 1.90735e-07
      vertex -6.12132 103.121 1.90735e-07
    endloop
  endfacet
  facet normal 0 0 -1
    outer loop
      vertex -6.77164 102.148 1.90735e-07
      vertex -10 119 1.90735e-07
      vertex -6.49441 102.667 1.90735e-07
    endloop
  endfacet
  facet normal 0 0 -1
    outer loop
      vertex -6.94236 101.585 1.90735e-07
      vertex -10 119 1.90735e-07
      vertex -6.77164 102.148 1.90735e-07
    endloop
  endfacet
  facet normal 0 0 -1
    outer loop
      vertex -10 119 1.90735e-07
      vertex -6.94236 101.585 1.90735e-07
      vertex -7 101 1.90735e-07
    endloop
  endfacet
  facet normal -0 0 1
    outer loop
      vertex -23.8 60.4 3
      vertex -19.3 5.33687 3
      vertex -19.3 60.4 3
    endloop
  endfacet
  facet normal 0 0 1
    outer loop
      vertex -23.8 60.4 3
      vertex -25 5.33687 3
      vertex -19.3 5.33687 3
    endloop
  endfacet
  facet normal 0 0 1
    outer loop
      vertex -25 5.33687 3
      vertex -23.8 60.4 3
      vertex -25 139 3
    endloop
  endfacet
  facet normal 0 0 1
    outer loop
      vertex -12.3 139 3
      vertex -13.5 136.4 3
      vertex -12.3 136.4 3
    endloop
  endfacet
  facet normal 0 0 1
    outer loop
      vertex -25 139 3
      vertex -13.5 125.4 3
      vertex -13.5 136.4 3
    endloop
  endfacet
  facet normal 0 0 1
    outer loop
      vertex -23.8 79 3
      vertex -17.55 79.4 3
      vertex -17.55 122 3
    endloop
  endfacet
  facet normal 0 0 1
    outer loop
      vertex -17.55 79.4 3
      vertex -23.8 79 3
      vertex -18.2 79 3
    endloop
  endfacet
  facet normal 0 0 1
    outer loop
      vertex -23.8 79 3
      vertex -25 139 3
      vertex -23.8 60.4 3
    endloop
  endfacet
  facet normal 0 0 1
    outer loop
      vertex -17.55 122 3
      vertex -25 139 3
      vertex -23.8 79 3
    endloop
  endfacet
  facet normal 0 0 1
    outer loop
      vertex -13.5 125.4 3
      vertex -25 139 3
      vertex -17.55 122 3
    endloop
  endfacet
  facet normal -0 0 1
    outer loop
      vertex -25 139 3
      vertex -13.5 136.4 3
      vertex -12.3 139 3
    endloop
  endfacet
  facet normal -0 0 1
    outer loop
      vertex -13.5 125.4 3
      vertex -12.3 122 3
      vertex -12.3 125.4 3
    endloop
  endfacet
  facet normal 0 0 1
    outer loop
      vertex -12.3 122 3
      vertex -13.5 125.4 3
      vertex -17.55 122 3
    endloop
  endfacet
  facet normal 0 0 1
    outer loop
      vertex -17.7 6 3
      vertex -7 33 3
      vertex -17.7 60.4 3
    endloop
  endfacet
  facet normal 0 0 1
    outer loop
      vertex -7 33 3
      vertex -17.7 6 3
      vertex -13.7 6 3
    endloop
  endfacet
  facet normal 0 0 1
    outer loop
      vertex -11.95 79.4 3
      vertex -16.5 72.5 3
      vertex -13.7 62 3
    endloop
  endfacet
  facet normal 0 0 1
    outer loop
      vertex -18.2 77.4 3
      vertex -11.95 79.4 3
      vertex -17.55 79.4 3
    endloop
  endfacet
  facet normal 0 0 1
    outer loop
      vertex -18.2 77.4 3
      vertex -17.55 79.4 3
      vertex -18.2 79 3
    endloop
  endfacet
  facet normal 0 0 1
    outer loop
      vertex -11.95 79.4 3
      vertex -18.2 77.4 3
      vertex -16.5 72.5 3
    endloop
  endfacet
  facet normal 0 0 1
    outer loop
      vertex -18.2 77.4 3
      vertex -21.5 72.5 3
      vertex -16.5 72.5 3
    endloop
  endfacet
  facet normal 0 0 1
    outer loop
      vertex -22.2 62 3
      vertex -21.5 72.5 3
      vertex -22.2 77.4 3
    endloop
  endfacet
  facet normal -0 0 1
    outer loop
      vertex -22.2 77.4 3
      vertex -21.5 72.5 3
      vertex -18.2 77.4 3
    endloop
  endfacet
  facet normal -0 0 1
    outer loop
      vertex -15.95 83 3
      vertex -11.95 81 3
      vertex -10.25 83 3
    endloop
  endfacet
  facet normal 0 0 1
    outer loop
      vertex -11.95 81 3
      vertex -15.95 83 3
      vertex -15.95 81 3
    endloop
  endfacet
  facet normal -0 0 1
    outer loop
      vertex -15.95 120.4 3
      vertex -10 119 3
      vertex -10 120.4 3
    endloop
  endfacet
  facet normal 0 0 1
    outer loop
      vertex -10 119 3
      vertex -15.95 120.4 3
      vertex -10.25 118 3
    endloop
  endfacet
  facet normal 0 0 1
    outer loop
      vertex -10.25 118 3
      vertex -15.95 120.4 3
      vertex -15.95 118 3
    endloop
  endfacet
  facet normal 0 0 1
    outer loop
      vertex 15.95 120.4 3
      vertex 10.25 118 3
      vertex 15.95 118 3
    endloop
  endfacet
  facet normal 0 0 1
    outer loop
      vertex 15.95 120.4 3
      vertex 10 119 3
      vertex 10.25 118 3
    endloop
  endfacet
  facet normal 0 0 1
    outer loop
      vertex 10 119 3
      vertex 15.95 120.4 3
      vertex 10 120.4 3
    endloop
  endfacet
  facet normal 0 0 1
    outer loop
      vertex 15.95 83 3
      vertex 11.95 81 3
      vertex 15.95 81 3
    endloop
  endfacet
  facet normal 0 0 1
    outer loop
      vertex 11.95 81 3
      vertex 10.25 83 3
      vertex 11.95 79.4 3
    endloop
  endfacet
  facet normal -0 0 1
    outer loop
      vertex 10.25 83 3
      vertex 11.95 81 3
      vertex 15.95 83 3
    endloop
  endfacet
  facet normal 0 0 1
    outer loop
      vertex 25 139 3
      vertex 23.8 79 3
      vertex 25 5.33687 3
    endloop
  endfacet
  facet normal -0 0 1
    outer loop
      vertex 17.55 122 3
      vertex 23.8 79 3
      vertex 25 139 3
    endloop
  endfacet
  facet normal 0 0 1
    outer loop
      vertex 23.8 79 3
      vertex 17.55 79.4 3
      vertex 18.2 79 3
    endloop
  endfacet
  facet normal -0 0 1
    outer loop
      vertex 17.55 79.4 3
      vertex 23.8 79 3
      vertex 17.55 122 3
    endloop
  endfacet
  facet normal 0 0 1
    outer loop
      vertex 13.5 125.4 3
      vertex 25 139 3
      vertex 13.5 136.4 3
    endloop
  endfacet
  facet normal -0 0 1
    outer loop
      vertex 12.3 139 3
      vertex 13.5 136.4 3
      vertex 25 139 3
    endloop
  endfacet
  facet normal 0 0 1
    outer loop
      vertex 13.5 136.4 3
      vertex 12.3 139 3
      vertex 12.3 136.4 3
    endloop
  endfacet
  facet normal -0 0 1
    outer loop
      vertex 23.8 60.4 3
      vertex 25 5.33687 3
      vertex 23.8 79 3
    endloop
  endfacet
  facet normal 0 0 1
    outer loop
      vertex 19.3 5.33687 3
      vertex 23.8 60.4 3
      vertex 19.3 60.4 3
    endloop
  endfacet
  facet normal 0 0 1
    outer loop
      vertex 23.8 60.4 3
      vertex 19.3 5.33687 3
      vertex 25 5.33687 3
    endloop
  endfacet
  facet normal 0 0 1
    outer loop
      vertex 22.2 77.4 3
      vertex 21.5 72.5 3
      vertex 22.2 62 3
    endloop
  endfacet
  facet normal -0 0 1
    outer loop
      vertex 18.2 77.4 3
      vertex 21.5 72.5 3
      vertex 22.2 77.4 3
    endloop
  endfacet
  facet normal 0 0 1
    outer loop
      vertex 18.2 79 3
      vertex 17.55 79.4 3
      vertex 18.2 77.4 3
    endloop
  endfacet
  facet normal 0 0 1
    outer loop
      vertex 18.2 77.4 3
      vertex 16.5 72.5 3
      vertex 21.5 72.5 3
    endloop
  endfacet
  facet normal -0 0 1
    outer loop
      vertex 11.95 79.4 3
      vertex 18.2 77.4 3
      vertex 17.55 79.4 3
    endloop
  endfacet
  facet normal -0 0 1
    outer loop
      vertex 6.94236 70.4147 3
      vertex 16.5 66.5 3
      vertex 16.5 72.5 3
    endloop
  endfacet
  facet normal 0 0 1
    outer loop
      vertex 18.2 77.4 3
      vertex 11.95 79.4 3
      vertex 16.5 72.5 3
    endloop
  endfacet
  facet normal 0 0 1
    outer loop
      vertex 4.58527 68.0576 3
      vertex 13.7 60.4 3
      vertex 13.7 62 3
    endloop
  endfacet
  facet normal 0 0 1
    outer loop
      vertex 7 33 3
      vertex 13.7 60.4 3
      vertex 7 35 3
    endloop
  endfacet
  facet normal -0 0 1
    outer loop
      vertex 6.94236 73.5853 3
      vertex 16.5 72.5 3
      vertex 11.95 79.4 3
    endloop
  endfacet
  facet normal 0 0 1
    outer loop
      vertex 6.94236 70.4147 3
      vertex 16.5 72.5 3
      vertex 7 71 3
    endloop
  endfacet
  facet normal 0 0 1
    outer loop
      vertex 5.66671 75.4944 3
      vertex 11.95 79.4 3
      vertex 10.25 83 3
    endloop
  endfacet
  facet normal 0 0 1
    outer loop
      vertex -10.25 118 3
      vertex 10.25 118 3
      vertex 10 119 3
    endloop
  endfacet
  facet normal 0 0 1
    outer loop
      vertex 10.25 118 3
      vertex 7 101 3
      vertex 10.25 83 3
    endloop
  endfacet
  facet normal -0 0 1
    outer loop
      vertex 7 99 3
      vertex 10.25 83 3
      vertex 7 101 3
    endloop
  endfacet
  facet normal -0 0 1
    outer loop
      vertex 6.94236 98.4147 3
      vertex 10.25 83 3
      vertex 7 99 3
    endloop
  endfacet
  facet normal 0 0 1
    outer loop
      vertex 16.5 72.5 3
      vertex 7 73 3
      vertex 7 71 3
    endloop
  endfacet
  facet normal 0 0 1
    outer loop
      vertex 16.5 66.5 3
      vertex 6.94236 70.4147 3
      vertex 6.77164 69.852 3
    endloop
  endfacet
  facet normal -0 0 1
    outer loop
      vertex 6.49441 69.3333 3
      vertex 16.5 66.5 3
      vertex 6.77164 69.852 3
    endloop
  endfacet
  facet normal -0 0 1
    outer loop
      vertex 6.94236 32.4147 3
      vertex 13.7 6 3
      vertex 7 33 3
    endloop
  endfacet
  facet normal -0 0 1
    outer loop
      vertex 6.77164 31.852 3
      vertex 13.7 6 3
      vertex 6.94236 32.4147 3
    endloop
  endfacet
  facet normal -0 0 1
    outer loop
      vertex 6.49441 31.3333 3
      vertex 13.7 6 3
      vertex 6.77164 31.852 3
    endloop
  endfacet
  facet normal -0 0 1
    outer loop
      vertex 6.12132 30.8787 3
      vertex 13.7 6 3
      vertex 6.49441 31.3333 3
    endloop
  endfacet
  facet normal -0 0 1
    outer loop
      vertex 5.66671 30.5056 3
      vertex 13.7 6 3
      vertex 6.12132 30.8787 3
    endloop
  endfacet
  facet normal -0 0 1
    outer loop
      vertex 5.14805 30.2284 3
      vertex 13.7 6 3
      vertex 5.66671 30.5056 3
    endloop
  endfacet
  facet normal -0 0 1
    outer loop
      vertex 4.58527 30.0576 3
      vertex 13.7 6 3
      vertex 5.14805 30.2284 3
    endloop
  endfacet
  facet normal -0 0 1
    outer loop
      vertex 4 30 3
      vertex 13.7 6 3
      vertex 4.58527 30.0576 3
    endloop
  endfacet
  facet normal 0 0 1
    outer loop
      vertex -13.7 6 3
      vertex 13.7 6 3
      vertex 4 30 3
    endloop
  endfacet
  facet normal 0 0 1
    outer loop
      vertex -13.7 6 3
      vertex 4 30 3
      vertex -4 30 3
    endloop
  endfacet
  facet normal 0 0 1
    outer loop
      vertex -13.7 6 3
      vertex -4 30 3
      vertex -4.58527 30.0576 3
    endloop
  endfacet
  facet normal 0 0 1
    outer loop
      vertex -13.7 6 3
      vertex -4.58527 30.0576 3
      vertex -5.14805 30.2284 3
    endloop
  endfacet
  facet normal 0 0 1
    outer loop
      vertex -13.7 6 3
      vertex -5.14805 30.2284 3
      vertex -5.66671 30.5056 3
    endloop
  endfacet
  facet normal 0 0 1
    outer loop
      vertex -13.7 6 3
      vertex -5.66671 30.5056 3
      vertex -6.12132 30.8787 3
    endloop
  endfacet
  facet normal 0 0 1
    outer loop
      vertex -13.7 6 3
      vertex -6.12132 30.8787 3
      vertex -6.49441 31.3333 3
    endloop
  endfacet
  facet normal 0 0 1
    outer loop
      vertex -6.12132 37.1213 3
      vertex -17.7 60.4 3
      vertex -6.49441 36.6667 3
    endloop
  endfacet
  facet normal 0 0 1
    outer loop
      vertex -6.49441 36.6667 3
      vertex -17.7 60.4 3
      vertex -6.77164 36.148 3
    endloop
  endfacet
  facet normal 0 0 1
    outer loop
      vertex -11.95 79.4 3
      vertex -10.25 83 3
      vertex -11.95 81 3
    endloop
  endfacet
  facet normal 0 0 1
    outer loop
      vertex -13.7 62 3
      vertex -10.25 83 3
      vertex -11.95 79.4 3
    endloop
  endfacet
  facet normal 0 0 1
    outer loop
      vertex -6.77164 36.148 3
      vertex -17.7 60.4 3
      vertex -6.94236 35.5853 3
    endloop
  endfacet
  facet normal 0 0 1
    outer loop
      vertex -6.94236 35.5853 3
      vertex -17.7 60.4 3
      vertex -7 35 3
    endloop
  endfacet
  facet normal 0 0 1
    outer loop
      vertex -7 35 3
      vertex -17.7 60.4 3
      vertex -7 33 3
    endloop
  endfacet
  facet normal 0 0 1
    outer loop
      vertex -7 33 3
      vertex -13.7 6 3
      vertex -6.94236 32.4147 3
    endloop
  endfacet
  facet normal 0 0 1
    outer loop
      vertex -13.7 6 3
      vertex -6.77164 31.852 3
      vertex -6.94236 32.4147 3
    endloop
  endfacet
  facet normal 0 0 1
    outer loop
      vertex -13.7 6 3
      vertex -6.49441 31.3333 3
      vertex -6.77164 31.852 3
    endloop
  endfacet
  facet normal 0 0 1
    outer loop
      vertex 13.7 6 3
      vertex -13.7 6 3
      vertex 13.7 5.33687 3
    endloop
  endfacet
  facet normal 0 0 1
    outer loop
      vertex 13.7 5.33687 3
      vertex -13.7 6 3
      vertex -13.7 5.33687 3
    endloop
  endfacet
  facet normal -0 0 1
    outer loop
      vertex 21.5 66.5 3
      vertex 22.2 62 3
      vertex 21.5 72.5 3
    endloop
  endfacet
  facet normal -0 0 1
    outer loop
      vertex 16.5 66.5 3
      vertex 22.2 62 3
      vertex 21.5 66.5 3
    endloop
  endfacet
  facet normal 0 0 1
    outer loop
      vertex 22.2 62 3
      vertex 16.5 66.5 3
      vertex 13.7 62 3
    endloop
  endfacet
  facet normal -0 0 1
    outer loop
      vertex 13.7 60.4 3
      vertex 17.7 6 3
      vertex 17.7 60.4 3
    endloop
  endfacet
  facet normal 0 0 1
    outer loop
      vertex 17.7 6 3
      vertex 13.7 60.4 3
      vertex 13.7 6 3
    endloop
  endfacet
  facet normal 0 0 1
    outer loop
      vertex 25 139 3
      vertex 13.5 125.4 3
      vertex 17.55 122 3
    endloop
  endfacet
  facet normal 0 0 1
    outer loop
      vertex 12.3 122 3
      vertex 13.5 125.4 3
      vertex 12.3 125.4 3
    endloop
  endfacet
  facet normal 0 0 1
    outer loop
      vertex 13.5 125.4 3
      vertex 12.3 122 3
      vertex 17.55 122 3
    endloop
  endfacet
  facet normal -0 0 1
    outer loop
      vertex -16.5 66.5 3
      vertex -13.7 62 3
      vertex -16.5 72.5 3
    endloop
  endfacet
  facet normal 0 0 1
    outer loop
      vertex -22.2 62 3
      vertex -16.5 66.5 3
      vertex -21.5 66.5 3
    endloop
  endfacet
  facet normal 0 0 1
    outer loop
      vertex -16.5 66.5 3
      vertex -22.2 62 3
      vertex -13.7 62 3
    endloop
  endfacet
  facet normal 0 0 1
    outer loop
      vertex -21.5 72.5 3
      vertex -22.2 62 3
      vertex -21.5 66.5 3
    endloop
  endfacet
  facet normal 0 0 1
    outer loop
      vertex 13.7 60.4 3
      vertex 6.94236 35.5853 3
      vertex 7 35 3
    endloop
  endfacet
  facet normal 0 0 1
    outer loop
      vertex 13.7 60.4 3
      vertex 7 33 3
      vertex 13.7 6 3
    endloop
  endfacet
  facet normal 0 0 1
    outer loop
      vertex 16.5 66.5 3
      vertex 6.49441 69.3333 3
      vertex 13.7 62 3
    endloop
  endfacet
  facet normal 0 0 1
    outer loop
      vertex 13.7 60.4 3
      vertex 6.77164 36.148 3
      vertex 6.94236 35.5853 3
    endloop
  endfacet
  facet normal -0 0 1
    outer loop
      vertex 6.12132 68.8787 3
      vertex 13.7 62 3
      vertex 6.49441 69.3333 3
    endloop
  endfacet
  facet normal 0 0 1
    outer loop
      vertex 13.7 60.4 3
      vertex 6.49441 36.6667 3
      vertex 6.77164 36.148 3
    endloop
  endfacet
  facet normal -0 0 1
    outer loop
      vertex 5.66671 68.5056 3
      vertex 13.7 62 3
      vertex 6.12132 68.8787 3
    endloop
  endfacet
  facet normal 0 0 1
    outer loop
      vertex 13.7 60.4 3
      vertex 6.12132 37.1213 3
      vertex 6.49441 36.6667 3
    endloop
  endfacet
  facet normal -0 0 1
    outer loop
      vertex 5.14805 68.2284 3
      vertex 13.7 62 3
      vertex 5.66671 68.5056 3
    endloop
  endfacet
  facet normal 0 0 1
    outer loop
      vertex 13.7 60.4 3
      vertex 5.66671 37.4944 3
      vertex 6.12132 37.1213 3
    endloop
  endfacet
  facet normal -0 0 1
    outer loop
      vertex 4.58527 68.0576 3
      vertex 13.7 62 3
      vertex 5.14805 68.2284 3
    endloop
  endfacet
  facet normal 0 0 1
    outer loop
      vertex 13.7 60.4 3
      vertex 5.14805 37.7716 3
      vertex 5.66671 37.4944 3
    endloop
  endfacet
  facet normal 0 0 1
    outer loop
      vertex 13.7 60.4 3
      vertex 4.58527 68.0576 3
      vertex 4 68 3
    endloop
  endfacet
  facet normal 0 0 1
    outer loop
      vertex 13.7 60.4 3
      vertex 4.58527 37.9424 3
      vertex 5.14805 37.7716 3
    endloop
  endfacet
  facet normal 0 0 1
    outer loop
      vertex 13.7 60.4 3
      vertex 4 68 3
      vertex 4 38 3
    endloop
  endfacet
  facet normal 0 0 1
    outer loop
      vertex 13.7 60.4 3
      vertex 4 38 3
      vertex 4.58527 37.9424 3
    endloop
  endfacet
  facet normal -0 0 1
    outer loop
      vertex -4 68 3
      vertex 4 38 3
      vertex 4 68 3
    endloop
  endfacet
  facet normal 0 0 1
    outer loop
      vertex -4 68 3
      vertex -4 38 3
      vertex 4 38 3
    endloop
  endfacet
  facet normal 0 0 1
    outer loop
      vertex -13.7 60.4 3
      vertex -4.58527 68.0576 3
      vertex -13.7 62 3
    endloop
  endfacet
  facet normal 0 0 1
    outer loop
      vertex -4.58527 68.0576 3
      vertex -13.7 60.4 3
      vertex -4 68 3
    endloop
  endfacet
  facet normal 0 0 1
    outer loop
      vertex -13.7 62 3
      vertex -4.58527 68.0576 3
      vertex -5.14805 68.2284 3
    endloop
  endfacet
  facet normal 0 0 1
    outer loop
      vertex -4 68 3
      vertex -13.7 60.4 3
      vertex -4 38 3
    endloop
  endfacet
  facet normal 0 0 1
    outer loop
      vertex -13.7 62 3
      vertex -5.14805 68.2284 3
      vertex -5.66671 68.5056 3
    endloop
  endfacet
  facet normal 0 0 1
    outer loop
      vertex -4 38 3
      vertex -13.7 60.4 3
      vertex -4.58527 37.9424 3
    endloop
  endfacet
  facet normal 0 0 1
    outer loop
      vertex -13.7 62 3
      vertex -5.66671 68.5056 3
      vertex -6.12132 68.8787 3
    endloop
  endfacet
  facet normal 0 0 1
    outer loop
      vertex -4.58527 37.9424 3
      vertex -13.7 60.4 3
      vertex -5.14805 37.7716 3
    endloop
  endfacet
  facet normal 0 0 1
    outer loop
      vertex -13.7 62 3
      vertex -6.12132 68.8787 3
      vertex -6.49441 69.3333 3
    endloop
  endfacet
  facet normal 0 0 1
    outer loop
      vertex -5.14805 37.7716 3
      vertex -13.7 60.4 3
      vertex -5.66671 37.4944 3
    endloop
  endfacet
  facet normal 0 0 1
    outer loop
      vertex -13.7 62 3
      vertex -6.49441 69.3333 3
      vertex -6.77164 69.852 3
    endloop
  endfacet
  facet normal 0 0 1
    outer loop
      vertex -5.66671 37.4944 3
      vertex -13.7 60.4 3
      vertex -6.12132 37.1213 3
    endloop
  endfacet
  facet normal 0 0 1
    outer loop
      vertex -13.7 62 3
      vertex -6.77164 69.852 3
      vertex -6.94236 70.4147 3
    endloop
  endfacet
  facet normal -0 0 1
    outer loop
      vertex -17.7 60.4 3
      vertex -6.12132 37.1213 3
      vertex -13.7 60.4 3
    endloop
  endfacet
  facet normal 0 0 1
    outer loop
      vertex -7 73 3
      vertex -13.7 62 3
      vertex -7 71 3
    endloop
  endfacet
  facet normal 0 0 1
    outer loop
      vertex -7 71 3
      vertex -13.7 62 3
      vertex -6.94236 70.4147 3
    endloop
  endfacet
  facet normal -0 0 1
    outer loop
      vertex 6.77164 97.852 3
      vertex 10.25 83 3
      vertex 6.94236 98.4147 3
    endloop
  endfacet
  facet normal 0 0 1
    outer loop
      vertex 16.5 72.5 3
      vertex 6.94236 73.5853 3
      vertex 7 73 3
    endloop
  endfacet
  facet normal -0 0 1
    outer loop
      vertex 6.49441 97.3333 3
      vertex 10.25 83 3
      vertex 6.77164 97.852 3
    endloop
  endfacet
  facet normal 0 0 1
    outer loop
      vertex 11.95 79.4 3
      vertex 6.77164 74.148 3
      vertex 6.94236 73.5853 3
    endloop
  endfacet
  facet normal -0 0 1
    outer loop
      vertex 6.12132 96.8787 3
      vertex 10.25 83 3
      vertex 6.49441 97.3333 3
    endloop
  endfacet
  facet normal 0 0 1
    outer loop
      vertex 11.95 79.4 3
      vertex 6.49441 74.6667 3
      vertex 6.77164 74.148 3
    endloop
  endfacet
  facet normal -0 0 1
    outer loop
      vertex 5.66671 96.5056 3
      vertex 10.25 83 3
      vertex 6.12132 96.8787 3
    endloop
  endfacet
  facet normal 0 0 1
    outer loop
      vertex 11.95 79.4 3
      vertex 6.12132 75.1213 3
      vertex 6.49441 74.6667 3
    endloop
  endfacet
  facet normal -0 0 1
    outer loop
      vertex 5.14805 96.2284 3
      vertex 10.25 83 3
      vertex 5.66671 96.5056 3
    endloop
  endfacet
  facet normal 0 0 1
    outer loop
      vertex 11.95 79.4 3
      vertex 5.66671 75.4944 3
      vertex 6.12132 75.1213 3
    endloop
  endfacet
  facet normal -0 0 1
    outer loop
      vertex 4.58527 96.0576 3
      vertex 10.25 83 3
      vertex 5.14805 96.2284 3
    endloop
  endfacet
  facet normal 0 0 1
    outer loop
      vertex 10.25 83 3
      vertex 5.14805 75.7716 3
      vertex 5.66671 75.4944 3
    endloop
  endfacet
  facet normal -0 0 1
    outer loop
      vertex 4 96 3
      vertex 10.25 83 3
      vertex 4.58527 96.0576 3
    endloop
  endfacet
  facet normal 0 0 1
    outer loop
      vertex 10.25 83 3
      vertex 4.58527 75.9424 3
      vertex 5.14805 75.7716 3
    endloop
  endfacet
  facet normal -0 0 1
    outer loop
      vertex -4 96 3
      vertex 10.25 83 3
      vertex 4 96 3
    endloop
  endfacet
  facet normal 0 0 1
    outer loop
      vertex 10.25 83 3
      vertex 4 76 3
      vertex 4.58527 75.9424 3
    endloop
  endfacet
  facet normal 0 0 1
    outer loop
      vertex -10.25 83 3
      vertex 10.25 83 3
      vertex -4 96 3
    endloop
  endfacet
  facet normal 0 0 1
    outer loop
      vertex 10.25 83 3
      vertex -10.25 83 3
      vertex 4 76 3
    endloop
  endfacet
  facet normal 0 0 1
    outer loop
      vertex -10.25 83 3
      vertex -4 96 3
      vertex -4.58527 96.0576 3
    endloop
  endfacet
  facet normal 0 0 1
    outer loop
      vertex 4 76 3
      vertex -10.25 83 3
      vertex -4 76 3
    endloop
  endfacet
  facet normal 0 0 1
    outer loop
      vertex -10.25 83 3
      vertex -4.58527 96.0576 3
      vertex -5.14805 96.2284 3
    endloop
  endfacet
  facet normal 0 0 1
    outer loop
      vertex -4 76 3
      vertex -10.25 83 3
      vertex -4.58527 75.9424 3
    endloop
  endfacet
  facet normal 0 0 1
    outer loop
      vertex -10.25 83 3
      vertex -5.14805 96.2284 3
      vertex -5.66671 96.5056 3
    endloop
  endfacet
  facet normal 0 0 1
    outer loop
      vertex -4.58527 75.9424 3
      vertex -10.25 83 3
      vertex -5.14805 75.7716 3
    endloop
  endfacet
  facet normal 0 0 1
    outer loop
      vertex -10.25 83 3
      vertex -5.66671 96.5056 3
      vertex -6.12132 96.8787 3
    endloop
  endfacet
  facet normal 0 0 1
    outer loop
      vertex -5.14805 75.7716 3
      vertex -10.25 83 3
      vertex -5.66671 75.4944 3
    endloop
  endfacet
  facet normal 0 0 1
    outer loop
      vertex -10.25 83 3
      vertex -6.12132 96.8787 3
      vertex -6.49441 97.3333 3
    endloop
  endfacet
  facet normal 0 0 1
    outer loop
      vertex -5.66671 75.4944 3
      vertex -10.25 83 3
      vertex -6.12132 75.1213 3
    endloop
  endfacet
  facet normal 0 0 1
    outer loop
      vertex -10.25 83 3
      vertex -6.49441 97.3333 3
      vertex -6.77164 97.852 3
    endloop
  endfacet
  facet normal 0 0 1
    outer loop
      vertex -6.12132 75.1213 3
      vertex -10.25 83 3
      vertex -6.49441 74.6667 3
    endloop
  endfacet
  facet normal 0 0 1
    outer loop
      vertex -10.25 83 3
      vertex -6.77164 97.852 3
      vertex -6.94236 98.4147 3
    endloop
  endfacet
  facet normal 0 0 1
    outer loop
      vertex -6.49441 74.6667 3
      vertex -10.25 83 3
      vertex -6.77164 74.148 3
    endloop
  endfacet
  facet normal 0 0 1
    outer loop
      vertex -10.25 83 3
      vertex -6.94236 98.4147 3
      vertex -7 99 3
    endloop
  endfacet
  facet normal 0 0 1
    outer loop
      vertex -6.77164 74.148 3
      vertex -10.25 83 3
      vertex -6.94236 73.5853 3
    endloop
  endfacet
  facet normal 0 0 1
    outer loop
      vertex 10.25 118 3
      vertex 6.94236 101.585 3
      vertex 7 101 3
    endloop
  endfacet
  facet normal 0 0 1
    outer loop
      vertex 10.25 118 3
      vertex 6.77164 102.148 3
      vertex 6.94236 101.585 3
    endloop
  endfacet
  facet normal 0 0 1
    outer loop
      vertex 10.25 118 3
      vertex 6.49441 102.667 3
      vertex 6.77164 102.148 3
    endloop
  endfacet
  facet normal 0 0 1
    outer loop
      vertex 10.25 118 3
      vertex 6.12132 103.121 3
      vertex 6.49441 102.667 3
    endloop
  endfacet
  facet normal 0 0 1
    outer loop
      vertex 10.25 118 3
      vertex 5.66671 103.494 3
      vertex 6.12132 103.121 3
    endloop
  endfacet
  facet normal 0 0 1
    outer loop
      vertex 10.25 118 3
      vertex 5.14805 103.772 3
      vertex 5.66671 103.494 3
    endloop
  endfacet
  facet normal 0 0 1
    outer loop
      vertex 10.25 118 3
      vertex 4.58527 103.942 3
      vertex 5.14805 103.772 3
    endloop
  endfacet
  facet normal 0 0 1
    outer loop
      vertex 10.25 118 3
      vertex 4 104 3
      vertex 4.58527 103.942 3
    endloop
  endfacet
  facet normal 0 0 1
    outer loop
      vertex 10.25 118 3
      vertex -4 104 3
      vertex 4 104 3
    endloop
  endfacet
  facet normal 0 0 1
    outer loop
      vertex -10.25 118 3
      vertex 10 119 3
      vertex -10 119 3
    endloop
  endfacet
  facet normal 0 0 1
    outer loop
      vertex 10.25 118 3
      vertex -10.25 118 3
      vertex -4 104 3
    endloop
  endfacet
  facet normal 0 0 1
    outer loop
      vertex -4 104 3
      vertex -10.25 118 3
      vertex -4.58527 103.942 3
    endloop
  endfacet
  facet normal 0 0 1
    outer loop
      vertex -4.58527 103.942 3
      vertex -10.25 118 3
      vertex -5.14805 103.772 3
    endloop
  endfacet
  facet normal 0 0 1
    outer loop
      vertex -6.94236 101.585 3
      vertex -10.25 118 3
      vertex -7 101 3
    endloop
  endfacet
  facet normal 0 0 1
    outer loop
      vertex -10.25 83 3
      vertex -7 101 3
      vertex -10.25 118 3
    endloop
  endfacet
  facet normal 0 0 1
    outer loop
      vertex -7 101 3
      vertex -10.25 83 3
      vertex -7 99 3
    endloop
  endfacet
  facet normal 0 0 1
    outer loop
      vertex -6.94236 73.5853 3
      vertex -10.25 83 3
      vertex -7 73 3
    endloop
  endfacet
  facet normal 0 0 1
    outer loop
      vertex -13.7 62 3
      vertex -7 73 3
      vertex -10.25 83 3
    endloop
  endfacet
  facet normal 0 0 1
    outer loop
      vertex -6.77164 102.148 3
      vertex -10.25 118 3
      vertex -6.94236 101.585 3
    endloop
  endfacet
  facet normal 0 0 1
    outer loop
      vertex -6.49441 102.667 3
      vertex -10.25 118 3
      vertex -6.77164 102.148 3
    endloop
  endfacet
  facet normal 0 0 1
    outer loop
      vertex -6.12132 103.121 3
      vertex -10.25 118 3
      vertex -6.49441 102.667 3
    endloop
  endfacet
  facet normal 0 0 1
    outer loop
      vertex -5.66671 103.494 3
      vertex -10.25 118 3
      vertex -6.12132 103.121 3
    endloop
  endfacet
  facet normal 0 0 1
    outer loop
      vertex -5.14805 103.772 3
      vertex -10.25 118 3
      vertex -5.66671 103.494 3
    endloop
  endfacet
  facet normal 0 0 1
    outer loop
      vertex 9.5 135.4 3
      vertex 4 134.9 3
      vertex 9.5 126.9 3
    endloop
  endfacet
  facet normal 0 0 1
    outer loop
      vertex 9.5 135.4 3
      vertex -4 134.9 3
      vertex 4 134.9 3
    endloop
  endfacet
  facet normal -0 0 1
    outer loop
      vertex -9.5 135.4 3
      vertex -4 134.9 3
      vertex 9.5 135.4 3
    endloop
  endfacet
  facet normal 0 0 1
    outer loop
      vertex -9.5 126.9 3
      vertex -4 134.9 3
      vertex -9.5 135.4 3
    endloop
  endfacet
  facet normal 0 0 1
    outer loop
      vertex -4 134.9 3
      vertex -9.5 126.9 3
      vertex -4 126.9 3
    endloop
  endfacet
  facet normal 0 0 1
    outer loop
      vertex 9.5 126.9 3
      vertex 4 134.9 3
      vertex 4 126.9 3
    endloop
  endfacet
  facet normal -0 0 1
    outer loop
      vertex -10.7 125.4 3
      vertex -10 122 3
      vertex -10 125.4 3
    endloop
  endfacet
  facet normal 0 0 1
    outer loop
      vertex -10 122 3
      vertex -10.7 125.4 3
      vertex -10.7 122 3
    endloop
  endfacet
  facet normal -0 0 1
    outer loop
      vertex 10 125.4 3
      vertex 10.7 122 3
      vertex 10.7 125.4 3
    endloop
  endfacet
  facet normal 0 0 1
    outer loop
      vertex 10.7 122 3
      vertex 10 125.4 3
      vertex 10 122 3
    endloop
  endfacet
  facet normal -0 0 1
    outer loop
      vertex -10.7 139 3
      vertex -10 136.4 3
      vertex -10 139 3
    endloop
  endfacet
  facet normal 0 0 1
    outer loop
      vertex -10 136.4 3
      vertex -10.7 139 3
      vertex -10.7 136.4 3
    endloop
  endfacet
  facet normal -0 0 1
    outer loop
      vertex 10 139 3
      vertex 10.7 136.4 3
      vertex 10.7 139 3
    endloop
  endfacet
  facet normal 0 0 1
    outer loop
      vertex 10.7 136.4 3
      vertex 10 139 3
      vertex 10 136.4 3
    endloop
  endfacet
  facet normal 1 0 0
    outer loop
      vertex 4 126.9 4
      vertex 4 134.9 12.1
      vertex 4 126.9 12.1
    endloop
  endfacet
  facet normal 1 0 0
    outer loop
      vertex 4 134.9 12.1
      vertex 4 126.9 4
      vertex 4 134.9 3
    endloop
  endfacet
  facet normal 1 0 0
    outer loop
      vertex 4 134.9 3
      vertex 4 126.9 4
      vertex 4 126.9 3
    endloop
  endfacet
  facet normal 0 1 -0
    outer loop
      vertex 4 134.9 3
      vertex -4 134.9 12.1
      vertex 4 134.9 12.1
    endloop
  endfacet
  facet normal 0 1 0
    outer loop
      vertex -4 134.9 12.1
      vertex 4 134.9 3
      vertex -4 134.9 3
    endloop
  endfacet
  facet normal 0 -1 0
    outer loop
      vertex -4 126.9 4
      vertex 4 126.9 12.1
      vertex -4 126.9 12.1
    endloop
  endfacet
  facet normal 0 -1 -0
    outer loop
      vertex 4 126.9 12.1
      vertex -4 126.9 4
      vertex 4 126.9 4
    endloop
  endfacet
  facet normal 0 -1 0
    outer loop
      vertex -10 126.9 1.90735e-07
      vertex -9.5 126.9 2
      vertex -10 126.9 2
    endloop
  endfacet
  facet normal 0 -1 -0
    outer loop
      vertex -9.5 126.9 2
      vertex -10 126.9 1.90735e-07
      vertex 9.5 126.9 2
    endloop
  endfacet
  facet normal 0 -1 0
    outer loop
      vertex 10 126.9 1.90735e-07
      vertex 9.5 126.9 2
      vertex -10 126.9 1.90735e-07
    endloop
  endfacet
  facet normal 0 -1 0
    outer loop
      vertex 9.5 126.9 2
      vertex 10 126.9 1.90735e-07
      vertex 10 126.9 2
    endloop
  endfacet
  facet normal 0 -1 0
    outer loop
      vertex -9.5 126.9 2
      vertex -4 126.9 3
      vertex -9.5 126.9 3
    endloop
  endfacet
  facet normal 0 -1 -0
    outer loop
      vertex -4 126.9 3
      vertex -9.5 126.9 2
      vertex 4 126.9 3
    endloop
  endfacet
  facet normal 0 -1 0
    outer loop
      vertex 9.5 126.9 2
      vertex 4 126.9 3
      vertex -9.5 126.9 2
    endloop
  endfacet
  facet normal 0 -1 0
    outer loop
      vertex 4 126.9 3
      vertex 9.5 126.9 2
      vertex 9.5 126.9 3
    endloop
  endfacet
  facet normal 0 -1 0
    outer loop
      vertex -4 126.9 3
      vertex 4 126.9 4
      vertex -4 126.9 4
    endloop
  endfacet
  facet normal 0 -1 -0
    outer loop
      vertex 4 126.9 4
      vertex -4 126.9 3
      vertex 4 126.9 3
    endloop
  endfacet
  facet normal -1 0 0
    outer loop
      vertex -4 126.9 4
      vertex -4 134.9 3
      vertex -4 126.9 3
    endloop
  endfacet
  facet normal -1 0 0
    outer loop
      vertex -4 134.9 3
      vertex -4 126.9 4
      vertex -4 134.9 12.1
    endloop
  endfacet
  facet normal -1 -0 0
    outer loop
      vertex -4 134.9 12.1
      vertex -4 126.9 4
      vertex -4 126.9 12.1
    endloop
  endfacet
  facet normal -0 0 1
    outer loop
      vertex -4 134.9 12.1
      vertex 4 126.9 12.1
      vertex 4 134.9 12.1
    endloop
  endfacet
  facet normal 0 0 1
    outer loop
      vertex 4 126.9 12.1
      vertex -4 134.9 12.1
      vertex -4 126.9 12.1
    endloop
  endfacet
  facet normal 2.20597e-07 0.996729 0.0808161
    outer loop
      vertex -6 5.19093 4.8
      vertex -13.7 4.4 14.5548
      vertex -6 4 19.4881
    endloop
  endfacet
  facet normal -6.55225e-07 0.996729 0.0808154
    outer loop
      vertex -6 5.19093 4.8
      vertex -13.7 5.33687 3
      vertex -13.7 4.4 14.5548
    endloop
  endfacet
  facet normal -0 0.996729 0.0808126
    outer loop
      vertex -13.7 5.33687 3
      vertex -6 5.19093 4.8
      vertex 13.7 5.33687 3
    endloop
  endfacet
  facet normal 1.04083e-06 0.996729 0.0808161
    outer loop
      vertex 6 4 19.4881
      vertex 6.42868 3.0114 31.6808
      vertex 10.8742 3.74317 22.6556
    endloop
  endfacet
  facet normal -1.09442e-05 0.996728 0.08083
    outer loop
      vertex 0 2.97753 32.0986
      vertex -11.6635 3.69422 23.2594
      vertex -12 3.69064 23.3035
    endloop
  endfacet
  facet normal -1.5852e-06 0.996729 0.0808161
    outer loop
      vertex 6.42868 3.0114 31.6808
      vertex 6 4 19.4881
      vertex 3.25424 2.98613 31.9924
    endloop
  endfacet
  facet normal -5.70356e-08 0.996729 0.0808157
    outer loop
      vertex 0 2.97753 32.0986
      vertex -11.35 3.70472 23.1299
      vertex -11.6635 3.69422 23.2594
    endloop
  endfacet
  facet normal 0.000127192 0.996727 0.0808442
    outer loop
      vertex 3.25424 2.98613 31.9924
      vertex 6 4 19.4881
      vertex 3.18809 2.98596 31.9946
    endloop
  endfacet
  facet normal 8.56275e-06 0.99673 0.0808049
    outer loop
      vertex 0 2.97753 32.0986
      vertex -11.0808 3.72141 22.924
      vertex -11.35 3.70472 23.1299
    endloop
  endfacet
  facet normal 7.64682e-07 0.996729 0.080816
    outer loop
      vertex 3.18809 2.98596 31.9946
      vertex 6 4 19.4881
      vertex 0 2.97753 32.0986
    endloop
  endfacet
  facet normal -0 0.996729 0.0808156
    outer loop
      vertex -6 4 19.4881
      vertex 0 2.97753 32.0986
      vertex 6 4 19.4881
    endloop
  endfacet
  facet normal -4.55003e-06 0.996728 0.0808246
    outer loop
      vertex 6 4 19.4881
      vertex 10.8742 3.74317 22.6556
      vertex 10.7443 3.76851 22.3431
    endloop
  endfacet
  facet normal -1.00316e-06 0.996729 0.0808161
    outer loop
      vertex -10.8742 3.74317 22.6556
      vertex 0 2.97753 32.0986
      vertex -6 4 19.4881
    endloop
  endfacet
  facet normal -6.02616e-06 0.996728 0.080827
    outer loop
      vertex 6 4 19.4881
      vertex 10.7443 3.76851 22.3431
      vertex 10.7 3.7957 22.0078
    endloop
  endfacet
  facet normal 3.70399e-06 0.996729 0.0808107
    outer loop
      vertex 0 2.97753 32.0986
      vertex -10.8742 3.74317 22.6556
      vertex -11.0808 3.72141 22.924
    endloop
  endfacet
  facet normal 6.83597e-06 0.99673 0.0808032
    outer loop
      vertex 6 4 19.4881
      vertex 10.7 3.7957 22.0078
      vertex 10.7443 3.82289 21.6724
    endloop
  endfacet
  facet normal 4.55003e-06 0.996728 0.0808246
    outer loop
      vertex -10.8742 3.74317 22.6556
      vertex -6 4 19.4881
      vertex -10.7443 3.76851 22.3431
    endloop
  endfacet
  facet normal -1.85483e-06 0.996729 0.080822
    outer loop
      vertex 6 4 19.4881
      vertex 10.7443 3.82289 21.6724
      vertex 10.8742 3.84823 21.3599
    endloop
  endfacet
  facet normal 6.02616e-06 0.996728 0.080827
    outer loop
      vertex -10.7443 3.76851 22.3431
      vertex -6 4 19.4881
      vertex -10.7 3.7957 22.0078
    endloop
  endfacet
  facet normal 2.76388e-06 0.99673 0.08081
    outer loop
      vertex 6 4 19.4881
      vertex 10.8742 3.84823 21.3599
      vertex 11.0808 3.86999 21.0915
    endloop
  endfacet
  facet normal -6.83597e-06 0.99673 0.0808032
    outer loop
      vertex -10.7 3.7957 22.0078
      vertex -6 4 19.4881
      vertex -10.7443 3.82289 21.6724
    endloop
  endfacet
  facet normal -5.20766e-06 0.996727 0.0808351
    outer loop
      vertex 6 4 19.4881
      vertex 11.0808 3.86999 21.0915
      vertex 11.35 3.88669 20.8856
    endloop
  endfacet
  facet normal 1.85483e-06 0.996729 0.080822
    outer loop
      vertex -10.7443 3.82289 21.6724
      vertex -6 4 19.4881
      vertex -10.8742 3.84823 21.3599
    endloop
  endfacet
  facet normal 7.24855e-06 0.996729 0.0808188
    outer loop
      vertex 13.7 4.4 14.5548
      vertex 11.35 3.88669 20.8856
      vertex 11.6635 3.89718 20.7562
    endloop
  endfacet
  facet normal -2.76388e-06 0.99673 0.08081
    outer loop
      vertex -10.8742 3.84823 21.3599
      vertex -6 4 19.4881
      vertex -11.0808 3.86999 21.0915
    endloop
  endfacet
  facet normal 1.17965e-05 0.996729 0.0808203
    outer loop
      vertex 13.7 4.4 14.5548
      vertex 11.6635 3.89718 20.7562
      vertex 12 3.90076 20.712
    endloop
  endfacet
  facet normal 5.20766e-06 0.996727 0.0808351
    outer loop
      vertex -11.0808 3.86999 21.0915
      vertex -6 4 19.4881
      vertex -11.35 3.88669 20.8856
    endloop
  endfacet
  facet normal -5.8726e-06 0.996729 0.0808124
    outer loop
      vertex 10.8742 3.74317 22.6556
      vertex 6.49455 3.01193 31.6743
      vertex 11.0808 3.72141 22.924
    endloop
  endfacet
  facet normal 5.78106e-07 0.996729 0.0808157
    outer loop
      vertex 9.64174 3.05392 31.1564
      vertex 11.0808 3.72141 22.924
      vertex 6.49455 3.01193 31.6743
    endloop
  endfacet
  facet normal -4.73188e-05 0.996731 0.0807924
    outer loop
      vertex 6.49455 3.01193 31.6743
      vertex 10.8742 3.74317 22.6556
      vertex 6.42868 3.0114 31.6808
    endloop
  endfacet
  facet normal -1.4851e-05 0.996729 0.0808131
    outer loop
      vertex 11.0808 3.72141 22.924
      vertex 9.64174 3.05392 31.1564
      vertex 11.35 3.70472 23.1299
    endloop
  endfacet
  facet normal -7.71852e-07 0.996729 0.0808162
    outer loop
      vertex 0 2.97753 32.0986
      vertex -12 3.69064 23.3035
      vertex -3.18809 2.98596 31.9946
    endloop
  endfacet
  facet normal -3.84129e-05 0.99673 0.0808081
    outer loop
      vertex 9.70704 3.05479 31.1457
      vertex 11.35 3.70472 23.1299
      vertex 9.64174 3.05392 31.1564
    endloop
  endfacet
  facet normal -0.000130632 0.996718 0.080947
    outer loop
      vertex -3.18809 2.98596 31.9946
      vertex -12 3.69064 23.3035
      vertex -3.25424 2.98613 31.9924
    endloop
  endfacet
  facet normal -1.27987e-08 0.996729 0.0808159
    outer loop
      vertex 11.35 3.70472 23.1299
      vertex 9.70704 3.05479 31.1457
      vertex 11.6635 3.69422 23.2594
    endloop
  endfacet
  facet normal 1.73172e-06 0.996729 0.0808147
    outer loop
      vertex -3.25424 2.98613 31.9924
      vertex -12 3.69064 23.3035
      vertex -6.42868 3.0114 31.6808
    endloop
  endfacet
  facet normal 1.92473e-07 0.996729 0.080816
    outer loop
      vertex 12.8135 3.11333 30.4237
      vertex 11.6635 3.69422 23.2594
      vertex 9.70704 3.05479 31.1457
    endloop
  endfacet
  facet normal 4.81529e-05 0.996732 0.080784
    outer loop
      vertex -6.42868 3.0114 31.6808
      vertex -12 3.69064 23.3035
      vertex -6.49455 3.01193 31.6743
    endloop
  endfacet
  facet normal 1.3069e-05 0.996729 0.0808139
    outer loop
      vertex 11.6635 3.69422 23.2594
      vertex 12.8135 3.11333 30.4237
      vertex 12 3.69064 23.3035
    endloop
  endfacet
  facet normal -5.94689e-07 0.996729 0.0808158
    outer loop
      vertex -6.49455 3.01193 31.6743
      vertex -12 3.69064 23.3035
      vertex -9.64174 3.05392 31.1564
    endloop
  endfacet
  facet normal 0.000490445 0.996591 0.0825006
    outer loop
      vertex 12.9413 3.11609 30.3896
      vertex 12.8135 3.11333 30.4237
      vertex 12.878 3.11454 30.4087
    endloop
  endfacet
  facet normal 3.90853e-05 0.99673 0.080804
    outer loop
      vertex -9.64174 3.05392 31.1564
      vertex -12 3.69064 23.3035
      vertex -9.70704 3.05479 31.1457
    endloop
  endfacet
  facet normal 3.66919e-05 0.996729 0.0808112
    outer loop
      vertex 12.8135 3.11333 30.4237
      vertex 12.9413 3.11609 30.3896
      vertex 12 3.69064 23.3035
    endloop
  endfacet
  facet normal -5.75932e-08 0.996729 0.0808154
    outer loop
      vertex -9.70704 3.05479 31.1457
      vertex -12 3.69064 23.3035
      vertex -12.8135 3.11333 30.4237
    endloop
  endfacet
  facet normal -3.03581e-06 0.996729 0.0808169
    outer loop
      vertex 12.3365 3.69422 23.2594
      vertex 12.9413 3.11609 30.3896
      vertex 15.9938 3.19093 29.4667
    endloop
  endfacet
  facet normal -3.66919e-05 0.996729 0.0808112
    outer loop
      vertex -12.9413 3.11609 30.3896
      vertex -12.8135 3.11333 30.4237
      vertex -12 3.69064 23.3035
    endloop
  endfacet
  facet normal 2.62203e-06 0.996729 0.0808133
    outer loop
      vertex 12.9192 3.72141 22.924
      vertex 15.9938 3.19093 29.4667
      vertex 18.9791 3.28173 28.3467
    endloop
  endfacet
  facet normal -0.000490445 0.996591 0.0825006
    outer loop
      vertex -12.8135 3.11333 30.4237
      vertex -12.9413 3.11609 30.3896
      vertex -12.878 3.11454 30.4087
    endloop
  endfacet
  facet normal -0.000105608 0.996721 0.0809162
    outer loop
      vertex 13.2557 3.76851 22.3431
      vertex 18.9791 3.28173 28.3467
      vertex 19.0411 3.28362 28.3235
    endloop
  endfacet
  facet normal 1.25652e-05 0.996729 0.0808177
    outer loop
      vertex -12.3365 3.69422 23.2594
      vertex -12.9413 3.11609 30.3896
      vertex -12 3.69064 23.3035
    endloop
  endfacet
  facet normal -1.22112e-06 0.996729 0.0808158
    outer loop
      vertex 13.2557 3.76851 22.3431
      vertex 19.0411 3.28362 28.3235
      vertex 21.9465 3.39001 27.0114
    endloop
  endfacet
  facet normal 3.03581e-06 0.996729 0.0808169
    outer loop
      vertex -12.9413 3.11609 30.3896
      vertex -12.3365 3.69422 23.2594
      vertex -15.9938 3.19093 29.4667
    endloop
  endfacet
  facet normal 0.00133338 0.996528 0.0832514
    outer loop
      vertex 22.0652 3.39473 26.953
      vertex 21.9465 3.39001 27.0114
      vertex 22.0068 3.39221 26.9841
    endloop
  endfacet
  facet normal 2.45103e-07 0.996729 0.0808153
    outer loop
      vertex -12.65 3.70472 23.1299
      vertex -15.9938 3.19093 29.4667
      vertex -12.3365 3.69422 23.2594
    endloop
  endfacet
  facet normal 6.83043e-05 0.996739 0.0806972
    outer loop
      vertex 21.9465 3.39001 27.0114
      vertex 22.0652 3.39473 26.953
      vertex 13.3 3.7957 22.0078
    endloop
  endfacet
  facet normal -1.17263e-05 0.99673 0.080809
    outer loop
      vertex -12.9192 3.72141 22.924
      vertex -15.9938 3.19093 29.4667
      vertex -12.65 3.70472 23.1299
    endloop
  endfacet
  facet normal -7.94771e-07 0.996729 0.0808169
    outer loop
      vertex 19.3 4.4 14.5548
      vertex 22.0652 3.39473 26.953
      vertex 24.8783 3.51625 25.4543
    endloop
  endfacet
  facet normal -2.62203e-06 0.996729 0.0808133
    outer loop
      vertex -15.9938 3.19093 29.4667
      vertex -12.9192 3.72141 22.924
      vertex -18.9791 3.28173 28.3467
    endloop
  endfacet
  facet normal -4.00443e-05 0.996727 0.0808368
    outer loop
      vertex 19.3 4.4 14.5548
      vertex 24.8783 3.51625 25.4543
      vertex 25 3.52237 25.3789
    endloop
  endfacet
  facet normal -4.41248e-06 0.996729 0.0808113
    outer loop
      vertex -13.1258 3.74317 22.6556
      vertex -18.9791 3.28173 28.3467
      vertex -12.9192 3.72141 22.924
    endloop
  endfacet
  facet normal 4.84078e-06 0.996729 0.0808207
    outer loop
      vertex -13.2557 3.76851 22.3431
      vertex -18.9791 3.28173 28.3467
      vertex -13.1258 3.74317 22.6556
    endloop
  endfacet
  facet normal -1.25652e-05 0.996729 0.0808177
    outer loop
      vertex 12.9413 3.11609 30.3896
      vertex 12.3365 3.69422 23.2594
      vertex 12 3.69064 23.3035
    endloop
  endfacet
  facet normal -2.45103e-07 0.996729 0.0808153
    outer loop
      vertex 15.9938 3.19093 29.4667
      vertex 12.65 3.70472 23.1299
      vertex 12.3365 3.69422 23.2594
    endloop
  endfacet
  facet normal 1.17263e-05 0.99673 0.080809
    outer loop
      vertex 15.9938 3.19093 29.4667
      vertex 12.9192 3.72141 22.924
      vertex 12.65 3.70472 23.1299
    endloop
  endfacet
  facet normal 4.41248e-06 0.996729 0.0808113
    outer loop
      vertex 18.9791 3.28173 28.3467
      vertex 13.1258 3.74317 22.6556
      vertex 12.9192 3.72141 22.924
    endloop
  endfacet
  facet normal -4.84078e-06 0.996729 0.0808207
    outer loop
      vertex 18.9791 3.28173 28.3467
      vertex 13.2557 3.76851 22.3431
      vertex 13.1258 3.74317 22.6556
    endloop
  endfacet
  facet normal -6.39621e-06 0.996728 0.0808254
    outer loop
      vertex 21.9465 3.39001 27.0114
      vertex 13.3 3.7957 22.0078
      vertex 13.2557 3.76851 22.3431
    endloop
  endfacet
  facet normal 4.72668e-07 0.996729 0.0808166
    outer loop
      vertex 22.0652 3.39473 26.953
      vertex 19.3 4.4 14.5548
      vertex 13.3 3.7957 22.0078
    endloop
  endfacet
  facet normal -1.49558e-05 0.99673 0.0808043
    outer loop
      vertex 13.3 3.7957 22.0078
      vertex 19.3 4.4 14.5548
      vertex 13.2557 3.82289 21.6724
    endloop
  endfacet
  facet normal 4.64421e-06 0.996729 0.0808208
    outer loop
      vertex 13.2557 3.82289 21.6724
      vertex 19.3 4.4 14.5548
      vertex 13.1258 3.84823 21.3599
    endloop
  endfacet
  facet normal -5.23634e-06 0.996729 0.0808119
    outer loop
      vertex 13.1258 3.84823 21.3599
      vertex 19.3 4.4 14.5548
      vertex 12.9192 3.86999 21.0915
    endloop
  endfacet
  facet normal -0 0.996729 0.080817
    outer loop
      vertex 13.7 4.4 14.5548
      vertex 12.9192 3.86999 21.0915
      vertex 19.3 4.4 14.5548
    endloop
  endfacet
  facet normal 2.08634e-07 0.996729 0.0808161
    outer loop
      vertex -13.7 4.4 14.5548
      vertex -11.35 3.88669 20.8856
      vertex -6 4 19.4881
    endloop
  endfacet
  facet normal -1.09708e-05 0.996729 0.0808141
    outer loop
      vertex 13.7 4.4 14.5548
      vertex 12 3.90076 20.712
      vertex 12.3365 3.89718 20.7562
    endloop
  endfacet
  facet normal -5.74468e-06 0.996729 0.0808152
    outer loop
      vertex 12.65 3.88669 20.8856
      vertex 13.7 4.4 14.5548
      vertex 12.3365 3.89718 20.7562
    endloop
  endfacet
  facet normal 1.75586e-05 0.996729 0.0808191
    outer loop
      vertex 12.9192 3.86999 21.0915
      vertex 13.7 4.4 14.5548
      vertex 12.65 3.88669 20.8856
    endloop
  endfacet
  facet normal 5.04437e-07 0.996729 0.0808156
    outer loop
      vertex 25 5.33687 3
      vertex 19.3 4.4 14.5548
      vertex 25 3.52237 25.3789
    endloop
  endfacet
  facet normal 0 0.996729 0.0808154
    outer loop
      vertex 19.3 4.4 14.5548
      vertex 25 5.33687 3
      vertex 19.3 5.33687 3
    endloop
  endfacet
  facet normal 0.000105608 0.996721 0.0809162
    outer loop
      vertex -18.9791 3.28173 28.3467
      vertex -13.2557 3.76851 22.3431
      vertex -19.0411 3.28362 28.3235
    endloop
  endfacet
  facet normal 1.22112e-06 0.996729 0.0808158
    outer loop
      vertex -19.0411 3.28362 28.3235
      vertex -13.2557 3.76851 22.3431
      vertex -21.9465 3.39001 27.0114
    endloop
  endfacet
  facet normal 6.39621e-06 0.996728 0.0808254
    outer loop
      vertex -13.3 3.7957 22.0078
      vertex -21.9465 3.39001 27.0114
      vertex -13.2557 3.76851 22.3431
    endloop
  endfacet
  facet normal -6.83043e-05 0.996739 0.0806972
    outer loop
      vertex -22.0652 3.39473 26.953
      vertex -21.9465 3.39001 27.0114
      vertex -13.3 3.7957 22.0078
    endloop
  endfacet
  facet normal -0.00133338 0.996528 0.0832514
    outer loop
      vertex -21.9465 3.39001 27.0114
      vertex -22.0652 3.39473 26.953
      vertex -22.0068 3.39221 26.9841
    endloop
  endfacet
  facet normal -4.72668e-07 0.996729 0.0808166
    outer loop
      vertex -19.3 4.4 14.5548
      vertex -22.0652 3.39473 26.953
      vertex -13.3 3.7957 22.0078
    endloop
  endfacet
  facet normal 7.94771e-07 0.996729 0.0808169
    outer loop
      vertex -22.0652 3.39473 26.953
      vertex -19.3 4.4 14.5548
      vertex -24.8783 3.51625 25.4543
    endloop
  endfacet
  facet normal 1.49558e-05 0.99673 0.0808043
    outer loop
      vertex -19.3 4.4 14.5548
      vertex -13.3 3.7957 22.0078
      vertex -13.2557 3.82289 21.6724
    endloop
  endfacet
  facet normal -4.64421e-06 0.996729 0.0808208
    outer loop
      vertex -19.3 4.4 14.5548
      vertex -13.2557 3.82289 21.6724
      vertex -13.1258 3.84823 21.3599
    endloop
  endfacet
  facet normal 5.23634e-06 0.996729 0.0808119
    outer loop
      vertex -19.3 4.4 14.5548
      vertex -13.1258 3.84823 21.3599
      vertex -12.9192 3.86999 21.0915
    endloop
  endfacet
  facet normal -1.75586e-05 0.996729 0.0808191
    outer loop
      vertex -13.7 4.4 14.5548
      vertex -12.9192 3.86999 21.0915
      vertex -12.65 3.88669 20.8856
    endloop
  endfacet
  facet normal 5.74468e-06 0.996729 0.0808152
    outer loop
      vertex -13.7 4.4 14.5548
      vertex -12.65 3.88669 20.8856
      vertex -12.3365 3.89718 20.7562
    endloop
  endfacet
  facet normal -7.24855e-06 0.996729 0.0808188
    outer loop
      vertex -11.35 3.88669 20.8856
      vertex -13.7 4.4 14.5548
      vertex -11.6635 3.89718 20.7562
    endloop
  endfacet
  facet normal -1.17965e-05 0.996729 0.0808203
    outer loop
      vertex -11.6635 3.89718 20.7562
      vertex -13.7 4.4 14.5548
      vertex -12 3.90076 20.712
    endloop
  endfacet
  facet normal 1.09708e-05 0.996729 0.0808141
    outer loop
      vertex -12 3.90076 20.712
      vertex -13.7 4.4 14.5548
      vertex -12.3365 3.89718 20.7562
    endloop
  endfacet
  facet normal 0 0.996729 0.080817
    outer loop
      vertex -12.9192 3.86999 21.0915
      vertex -13.7 4.4 14.5548
      vertex -19.3 4.4 14.5548
    endloop
  endfacet
  facet normal 4.00443e-05 0.996727 0.0808368
    outer loop
      vertex -24.8783 3.51625 25.4543
      vertex -19.3 4.4 14.5548
      vertex -25 3.52237 25.3789
    endloop
  endfacet
  facet normal -0 0.996729 0.0808154
    outer loop
      vertex -25 5.33687 3
      vertex -19.3 4.4 14.5548
      vertex -19.3 5.33687 3
    endloop
  endfacet
  facet normal -5.04437e-07 0.996729 0.0808156
    outer loop
      vertex -19.3 4.4 14.5548
      vertex -25 5.33687 3
      vertex -25 3.52237 25.3789
    endloop
  endfacet
  facet normal -2.08634e-07 0.996729 0.0808161
    outer loop
      vertex 11.35 3.88669 20.8856
      vertex 13.7 4.4 14.5548
      vertex 6 4 19.4881
    endloop
  endfacet
  facet normal -2.20597e-07 0.996729 0.0808161
    outer loop
      vertex 13.7 4.4 14.5548
      vertex 6 5.19093 4.8
      vertex 6 4 19.4881
    endloop
  endfacet
  facet normal 0 0.996729 0.0808126
    outer loop
      vertex 6 5.19093 4.8
      vertex 13.7 5.33687 3
      vertex -6 5.19093 4.8
    endloop
  endfacet
  facet normal 6.55225e-07 0.996729 0.0808154
    outer loop
      vertex 13.7 5.33687 3
      vertex 6 5.19093 4.8
      vertex 13.7 4.4 14.5548
    endloop
  endfacet
  facet normal -9.46992e-07 -0.996729 -0.0808153
    outer loop
      vertex -6.50982 0.00211858 31.6739
      vertex -10.8742 0.752985 22.4132
      vertex -3.27015 -0.0236681 31.9919
    endloop
  endfacet
  facet normal 9.59796e-06 -0.99673 -0.0808037
    outer loop
      vertex 0 -0.0323197 32.0986
      vertex 11.6635 0.704035 23.0169
      vertex 12 0.700455 23.0611
    endloop
  endfacet
  facet normal 2.91419e-06 -0.996729 -0.0808183
    outer loop
      vertex -10.7443 0.778324 22.1007
      vertex -3.27015 -0.0236681 31.9919
      vertex -10.8742 0.752985 22.4132
    endloop
  endfacet
  facet normal -6.43913e-06 -0.996728 -0.0808242
    outer loop
      vertex 0 -0.0323197 32.0986
      vertex 11.35 0.71453 22.8875
      vertex 11.6635 0.704035 23.0169
    endloop
  endfacet
  facet normal -0.000200881 -0.996741 -0.0806654
    outer loop
      vertex -3.27015 -0.0236681 31.9919
      vertex -10.7443 0.778324 22.1007
      vertex -3.2536 -0.0237119 31.9924
    endloop
  endfacet
  facet normal 1.29331e-05 -0.99673 -0.0808004
    outer loop
      vertex 0 -0.0323197 32.0986
      vertex 11.0808 0.731226 22.6815
      vertex 11.35 0.71453 22.8875
    endloop
  endfacet
  facet normal -1.27104e-05 -0.99673 -0.0808069
    outer loop
      vertex -10.7 0.805515 21.7653
      vertex -3.2536 -0.0237119 31.9924
      vertex -10.7443 0.778324 22.1007
    endloop
  endfacet
  facet normal -9.59889e-06 -0.996728 -0.0808268
    outer loop
      vertex 0 -0.0323197 32.0986
      vertex 10.8742 0.752985 22.4132
      vertex 11.0808 0.731226 22.6815
    endloop
  endfacet
  facet normal 9.53199e-07 -0.996729 -0.0808168
    outer loop
      vertex -3.2536 -0.0237119 31.9924
      vertex -10.7 0.805515 21.7653
      vertex 0 -0.0323197 32.0986
    endloop
  endfacet
  facet normal -2.27585e-06 -0.996729 -0.0808186
    outer loop
      vertex 0 -0.0323197 32.0986
      vertex 10.7443 0.778324 22.1007
      vertex 10.8742 0.752985 22.4132
    endloop
  endfacet
  facet normal -0 -0.996729 -0.0808158
    outer loop
      vertex 10.7 0.805515 21.7653
      vertex 0 -0.0323197 32.0986
      vertex -10.7 0.805515 21.7653
    endloop
  endfacet
  facet normal 9.11323e-06 -0.99673 -0.0808065
    outer loop
      vertex 0 -0.0323197 32.0986
      vertex 10.7 0.805515 21.7653
      vertex 10.7443 0.778324 22.1007
    endloop
  endfacet
  facet normal 0 -0.99673 -0.0808082
    outer loop
      vertex -10.7443 0.832707 21.4299
      vertex 10.7 0.805515 21.7653
      vertex -10.7 0.805515 21.7653
    endloop
  endfacet
  facet normal 0 -0.99673 -0.0808082
    outer loop
      vertex -10.7443 0.832707 21.4299
      vertex 10.7443 0.832707 21.4299
      vertex 10.7 0.805515 21.7653
    endloop
  endfacet
  facet normal 0 -0.996729 -0.0808196
    outer loop
      vertex -10.8742 0.858046 21.1174
      vertex 10.7443 0.832707 21.4299
      vertex -10.7443 0.832707 21.4299
    endloop
  endfacet
  facet normal 0 -0.996729 -0.0808196
    outer loop
      vertex -10.8742 0.858046 21.1174
      vertex 10.8742 0.858046 21.1174
      vertex 10.7443 0.832707 21.4299
    endloop
  endfacet
  facet normal 0 -0.996728 -0.0808304
    outer loop
      vertex -11.0808 0.879804 20.8491
      vertex 10.8742 0.858046 21.1174
      vertex -10.8742 0.858046 21.1174
    endloop
  endfacet
  facet normal 0 -0.996728 -0.0808304
    outer loop
      vertex -11.0808 0.879804 20.8491
      vertex 11.0808 0.879804 20.8491
      vertex 10.8742 0.858046 21.1174
    endloop
  endfacet
  facet normal 0 -0.996729 -0.0808226
    outer loop
      vertex -11.35 0.8965 20.6432
      vertex 11.0808 0.879804 20.8491
      vertex -11.0808 0.879804 20.8491
    endloop
  endfacet
  facet normal 0 -0.996729 -0.0808226
    outer loop
      vertex -11.35 0.8965 20.6432
      vertex 11.35 0.8965 20.6432
      vertex 11.0808 0.879804 20.8491
    endloop
  endfacet
  facet normal 1.74153e-05 -0.996728 -0.0808272
    outer loop
      vertex -25 2.57027 1.90735e-07
      vertex -11.35 0.8965 20.6432
      vertex -11.6635 0.906996 20.5137
    endloop
  endfacet
  facet normal 0 -0.996729 -0.0808157
    outer loop
      vertex -11.35 0.8965 20.6432
      vertex -25 2.57027 1.90735e-07
      vertex 11.35 0.8965 20.6432
    endloop
  endfacet
  facet normal -1.39946e-05 -0.99673 -0.0808069
    outer loop
      vertex -25 2.57027 1.90735e-07
      vertex -11.6635 0.906996 20.5137
      vertex -12 0.910576 20.4696
    endloop
  endfacet
  facet normal -0 -0.996729 -0.0808157
    outer loop
      vertex 25 2.57027 1.90735e-07
      vertex 11.35 0.8965 20.6432
      vertex -25 2.57027 1.90735e-07
    endloop
  endfacet
  facet normal 1.50471e-05 -0.996729 -0.0808226
    outer loop
      vertex -10.8742 0.752985 22.4132
      vertex -6.5263 0.00224975 31.6723
      vertex -11.0808 0.731226 22.6815
    endloop
  endfacet
  facet normal 1.34288e-06 -0.996729 -0.0808157
    outer loop
      vertex -9.73816 0.0451048 31.1437
      vertex -11.0808 0.731226 22.6815
      vertex -6.5263 0.00224975 31.6723
    endloop
  endfacet
  facet normal -9.12989e-05 -0.996733 -0.080773
    outer loop
      vertex -6.5263 0.00224975 31.6723
      vertex -10.8742 0.752985 22.4132
      vertex -6.50982 0.00211858 31.6739
    endloop
  endfacet
  facet normal -2.18791e-05 -0.996729 -0.0808121
    outer loop
      vertex -11.0808 0.731226 22.6815
      vertex -9.73816 0.0451048 31.1437
      vertex -11.35 0.71453 22.8875
    endloop
  endfacet
  facet normal -9.80806e-07 -0.996729 -0.0808176
    outer loop
      vertex 0 -0.0323197 32.0986
      vertex 12 0.700455 23.0611
      vertex 3.2536 -0.0237119 31.9924
    endloop
  endfacet
  facet normal 5.79957e-05 -0.996728 -0.0808275
    outer loop
      vertex -9.7545 0.0453228 31.141
      vertex -11.35 0.71453 22.8875
      vertex -9.73816 0.0451048 31.1437
    endloop
  endfacet
  facet normal 0.000202264 -0.996745 -0.0806199
    outer loop
      vertex 3.2536 -0.0237119 31.9924
      vertex 12 0.700455 23.0611
      vertex 3.27015 -0.0236681 31.9919
    endloop
  endfacet
  facet normal 8.94396e-06 -0.996729 -0.0808181
    outer loop
      vertex -11.35 0.71453 22.8875
      vertex -9.7545 0.0453228 31.141
      vertex -11.6635 0.704035 23.0169
    endloop
  endfacet
  facet normal 9.34967e-07 -0.996729 -0.0808154
    outer loop
      vertex 3.27015 -0.0236681 31.9919
      vertex 12 0.700455 23.0611
      vertex 6.50982 0.00211858 31.6739
    endloop
  endfacet
  facet normal 1.55148e-07 -0.996729 -0.0808161
    outer loop
      vertex -12.9248 0.105063 30.4042
      vertex -11.6635 0.704035 23.0169
      vertex -9.7545 0.0453228 31.141
    endloop
  endfacet
  facet normal 9.28409e-05 -0.996734 -0.0807572
    outer loop
      vertex 6.50982 0.00211858 31.6739
      vertex 12 0.700455 23.0611
      vertex 6.5263 0.00224975 31.6723
    endloop
  endfacet
  facet normal -1.14962e-05 -0.996729 -0.0808181
    outer loop
      vertex -11.6635 0.704035 23.0169
      vertex -12.9248 0.105063 30.4042
      vertex -12 0.700455 23.0611
    endloop
  endfacet
  facet normal -1.52495e-06 -0.996729 -0.0808168
    outer loop
      vertex 6.5263 0.00224975 31.6723
      vertex 12 0.700455 23.0611
      vertex 9.73816 0.0451048 31.1437
    endloop
  endfacet
  facet normal -0.0012754 -0.997079 -0.0763724
    outer loop
      vertex -12.9568 0.105755 30.3957
      vertex -12.9248 0.105063 30.4042
      vertex -12.9409 0.105367 30.4005
    endloop
  endfacet
  facet normal -5.88618e-05 -0.996728 -0.0808328
    outer loop
      vertex 9.73816 0.0451048 31.1437
      vertex 12 0.700455 23.0611
      vertex 9.7545 0.0453228 31.141
    endloop
  endfacet
  facet normal -8.45241e-05 -0.996728 -0.0808272
    outer loop
      vertex -12.9248 0.105063 30.4042
      vertex -12.9568 0.105755 30.3957
      vertex -12 0.700455 23.0611
    endloop
  endfacet
  facet normal -2.73004e-07 -0.996729 -0.0808166
    outer loop
      vertex 9.7545 0.0453228 31.141
      vertex 12 0.700455 23.0611
      vertex 12.9248 0.105063 30.4042
    endloop
  endfacet
  facet normal 3.53309e-07 -0.996729 -0.0808157
    outer loop
      vertex -12.3365 0.704035 23.0169
      vertex -12.9568 0.105755 30.3957
      vertex -16.0719 0.182124 29.4538
    endloop
  endfacet
  facet normal 8.45241e-05 -0.996728 -0.0808272
    outer loop
      vertex 12.9568 0.105755 30.3957
      vertex 12.9248 0.105063 30.4042
      vertex 12 0.700455 23.0611
    endloop
  endfacet
  facet normal -1.11604e-06 -0.996729 -0.0808159
    outer loop
      vertex -12.9192 0.731226 22.6815
      vertex -16.0719 0.182124 29.4538
      vertex -19.1186 0.274795 28.3109
    endloop
  endfacet
  facet normal 0.0012754 -0.997079 -0.0763724
    outer loop
      vertex 12.9248 0.105063 30.4042
      vertex 12.9568 0.105755 30.3957
      vertex 12.9409 0.105367 30.4005
    endloop
  endfacet
  facet normal 0.000301706 -0.996752 -0.0805328
    outer loop
      vertex -13.2557 0.778324 22.1007
      vertex -19.1186 0.274795 28.3109
      vertex -19.1341 0.275267 28.305
    endloop
  endfacet
  facet normal -1.10664e-05 -0.996729 -0.0808148
    outer loop
      vertex 12.3365 0.704035 23.0169
      vertex 12.9568 0.105755 30.3957
      vertex 12 0.700455 23.0611
    endloop
  endfacet
  facet normal 2.10659e-07 -0.996729 -0.0808166
    outer loop
      vertex -13.2557 0.778324 22.1007
      vertex -19.1341 0.275267 28.305
      vertex -22.0993 0.383843 26.9659
    endloop
  endfacet
  facet normal -3.53309e-07 -0.996729 -0.0808157
    outer loop
      vertex 12.9568 0.105755 30.3957
      vertex 12.3365 0.704035 23.0169
      vertex 16.0719 0.182124 29.4538
    endloop
  endfacet
  facet normal -0.0015844 -0.996986 -0.0775602
    outer loop
      vertex -22.129 0.385026 26.9513
      vertex -22.0993 0.383843 26.9659
      vertex -22.1144 0.384396 26.9591
    endloop
  endfacet
  facet normal 7.96246e-06 -0.996729 -0.0808205
    outer loop
      vertex 12.65 0.71453 22.8875
      vertex 16.0719 0.182124 29.4538
      vertex 12.3365 0.704035 23.0169
    endloop
  endfacet
  facet normal 1.44489e-05 -0.996731 -0.0807919
    outer loop
      vertex -22.0993 0.383843 26.9659
      vertex -22.129 0.385026 26.9513
      vertex -13.3 0.805515 21.7653
    endloop
  endfacet
  facet normal -1.80158e-05 -0.99673 -0.080807
    outer loop
      vertex 12.9192 0.731226 22.6815
      vertex 16.0719 0.182124 29.4538
      vertex 12.65 0.71453 22.8875
    endloop
  endfacet
  facet normal -6.56306e-07 -0.996729 -0.0808169
    outer loop
      vertex -13.2557 0.832707 21.4299
      vertex -22.129 0.385026 26.9513
      vertex -25 0.509043 25.4218
    endloop
  endfacet
  facet normal 1.11604e-06 -0.996729 -0.0808159
    outer loop
      vertex 16.0719 0.182124 29.4538
      vertex 12.9192 0.731226 22.6815
      vertex 19.1186 0.274795 28.3109
    endloop
  endfacet
  facet normal -0.321819 0 -0.946801
    outer loop
      vertex -13.2557 0.832707 21.4299
      vertex -25 0.509043 25.4218
      vertex -25 0.509045 25.4218
    endloop
  endfacet
  facet normal 1.04659e-05 -0.996728 -0.0808261
    outer loop
      vertex 13.1258 0.752985 22.4132
      vertex 19.1186 0.274795 28.3109
      vertex 12.9192 0.731226 22.6815
    endloop
  endfacet
  facet normal 2.81218e-06 -0.996729 -0.0808184
    outer loop
      vertex 13.2557 0.778324 22.1007
      vertex 19.1186 0.274795 28.3109
      vertex 13.1258 0.752985 22.4132
    endloop
  endfacet
  facet normal 1.10664e-05 -0.996729 -0.0808148
    outer loop
      vertex -12.9568 0.105755 30.3957
      vertex -12.3365 0.704035 23.0169
      vertex -12 0.700455 23.0611
    endloop
  endfacet
  facet normal -7.96246e-06 -0.996729 -0.0808205
    outer loop
      vertex -16.0719 0.182124 29.4538
      vertex -12.65 0.71453 22.8875
      vertex -12.3365 0.704035 23.0169
    endloop
  endfacet
  facet normal 1.80158e-05 -0.99673 -0.080807
    outer loop
      vertex -16.0719 0.182124 29.4538
      vertex -12.9192 0.731226 22.6815
      vertex -12.65 0.71453 22.8875
    endloop
  endfacet
  facet normal -1.04659e-05 -0.996728 -0.0808261
    outer loop
      vertex -19.1186 0.274795 28.3109
      vertex -13.1258 0.752985 22.4132
      vertex -12.9192 0.731226 22.6815
    endloop
  endfacet
  facet normal -2.81218e-06 -0.996729 -0.0808184
    outer loop
      vertex -19.1186 0.274795 28.3109
      vertex -13.2557 0.778324 22.1007
      vertex -13.1258 0.752985 22.4132
    endloop
  endfacet
  facet normal 6.03807e-06 -0.99673 -0.080806
    outer loop
      vertex -22.0993 0.383843 26.9659
      vertex -13.3 0.805515 21.7653
      vertex -13.2557 0.778324 22.1007
    endloop
  endfacet
  facet normal 5.21757e-06 -0.99673 -0.0808075
    outer loop
      vertex -22.129 0.385026 26.9513
      vertex -13.2557 0.832707 21.4299
      vertex -13.3 0.805515 21.7653
    endloop
  endfacet
  facet normal -2.0175e-06 -0.996729 -0.0808204
    outer loop
      vertex -25 0.509045 25.4218
      vertex -13.1258 0.858046 21.1174
      vertex -13.2557 0.832707 21.4299
    endloop
  endfacet
  facet normal -7.8846e-06 -0.996727 -0.0808365
    outer loop
      vertex -25 0.509045 25.4218
      vertex -12.9192 0.879804 20.8491
      vertex -13.1258 0.858046 21.1174
    endloop
  endfacet
  facet normal -8.05526e-09 -0.996729 -0.0808158
    outer loop
      vertex -25 2.57027 1.90735e-07
      vertex -12.9192 0.879804 20.8491
      vertex -25 0.509045 25.4218
    endloop
  endfacet
  facet normal 3.64495e-06 -0.996729 -0.0808179
    outer loop
      vertex -12.9192 0.879804 20.8491
      vertex -25 2.57027 1.90735e-07
      vertex -12.65 0.8965 20.6432
    endloop
  endfacet
  facet normal -1.74153e-05 -0.996728 -0.0808272
    outer loop
      vertex 11.35 0.8965 20.6432
      vertex 25 2.57027 1.90735e-07
      vertex 11.6635 0.906996 20.5137
    endloop
  endfacet
  facet normal 1.1844e-05 -0.996728 -0.0808232
    outer loop
      vertex -12.3365 0.906996 20.5137
      vertex -25 2.57027 1.90735e-07
      vertex -12 0.910576 20.4696
    endloop
  endfacet
  facet normal -1.01501e-05 -0.99673 -0.0808097
    outer loop
      vertex -12.65 0.8965 20.6432
      vertex -25 2.57027 1.90735e-07
      vertex -12.3365 0.906996 20.5137
    endloop
  endfacet
  facet normal -0.000301706 -0.996752 -0.0805328
    outer loop
      vertex 19.1186 0.274795 28.3109
      vertex 13.2557 0.778324 22.1007
      vertex 19.1341 0.275267 28.305
    endloop
  endfacet
  facet normal -2.10659e-07 -0.996729 -0.0808166
    outer loop
      vertex 19.1341 0.275267 28.305
      vertex 13.2557 0.778324 22.1007
      vertex 22.0993 0.383843 26.9659
    endloop
  endfacet
  facet normal -6.03807e-06 -0.99673 -0.080806
    outer loop
      vertex 13.3 0.805515 21.7653
      vertex 22.0993 0.383843 26.9659
      vertex 13.2557 0.778324 22.1007
    endloop
  endfacet
  facet normal -1.44489e-05 -0.996731 -0.0807919
    outer loop
      vertex 22.129 0.385026 26.9513
      vertex 22.0993 0.383843 26.9659
      vertex 13.3 0.805515 21.7653
    endloop
  endfacet
  facet normal 0.0015844 -0.996986 -0.0775602
    outer loop
      vertex 22.0993 0.383843 26.9659
      vertex 22.129 0.385026 26.9513
      vertex 22.1144 0.384396 26.9591
    endloop
  endfacet
  facet normal -5.21757e-06 -0.99673 -0.0808075
    outer loop
      vertex 13.2557 0.832707 21.4299
      vertex 22.129 0.385026 26.9513
      vertex 13.3 0.805515 21.7653
    endloop
  endfacet
  facet normal 6.56306e-07 -0.996729 -0.0808169
    outer loop
      vertex 22.129 0.385026 26.9513
      vertex 13.2557 0.832707 21.4299
      vertex 25 0.509043 25.4218
    endloop
  endfacet
  facet normal 0.321819 0 -0.946801
    outer loop
      vertex 25 0.509043 25.4218
      vertex 13.2557 0.832707 21.4299
      vertex 25 0.509045 25.4218
    endloop
  endfacet
  facet normal 2.0175e-06 -0.996729 -0.0808204
    outer loop
      vertex 13.1258 0.858046 21.1174
      vertex 25 0.509045 25.4218
      vertex 13.2557 0.832707 21.4299
    endloop
  endfacet
  facet normal 7.8846e-06 -0.996727 -0.0808365
    outer loop
      vertex 12.9192 0.879804 20.8491
      vertex 25 0.509045 25.4218
      vertex 13.1258 0.858046 21.1174
    endloop
  endfacet
  facet normal -3.64495e-06 -0.996729 -0.0808179
    outer loop
      vertex 25 2.57027 1.90735e-07
      vertex 12.9192 0.879804 20.8491
      vertex 12.65 0.8965 20.6432
    endloop
  endfacet
  facet normal 1.01501e-05 -0.99673 -0.0808097
    outer loop
      vertex 25 2.57027 1.90735e-07
      vertex 12.65 0.8965 20.6432
      vertex 12.3365 0.906996 20.5137
    endloop
  endfacet
  facet normal 1.39946e-05 -0.99673 -0.0808069
    outer loop
      vertex 11.6635 0.906996 20.5137
      vertex 25 2.57027 1.90735e-07
      vertex 12 0.910576 20.4696
    endloop
  endfacet
  facet normal -1.1844e-05 -0.996728 -0.0808232
    outer loop
      vertex 12 0.910576 20.4696
      vertex 25 2.57027 1.90735e-07
      vertex 12.3365 0.906996 20.5137
    endloop
  endfacet
  facet normal 8.05526e-09 -0.996729 -0.0808158
    outer loop
      vertex 12.9192 0.879804 20.8491
      vertex 25 2.57027 1.90735e-07
      vertex 25 0.509045 25.4218
    endloop
  endfacet
  facet normal 0.226337 0.0020601 0.974047
    outer loop
      vertex 12.8135 3.11333 30.4237
      vertex 9.7545 0.0453228 31.141
      vertex 12.9248 0.105063 30.4042
    endloop
  endfacet
  facet normal 0.226348 0.00204835 0.974044
    outer loop
      vertex 9.7545 0.0453228 31.141
      vertex 12.8135 3.11333 30.4237
      vertex 9.70704 3.05479 31.1457
    endloop
  endfacet
  facet normal 0.0301977 -6.42111e-06 0.999544
    outer loop
      vertex 3.25424 2.98613 31.9924
      vertex 3.2536 -0.0237119 31.9924
      vertex 3.27015 -0.0236681 31.9919
    endloop
  endfacet
  facet normal 0.0332394 -7.06788e-06 0.999447
    outer loop
      vertex 3.2536 -0.0237119 31.9924
      vertex 3.25424 2.98613 31.9924
      vertex 3.18809 2.98596 31.9946
    endloop
  endfacet
  facet normal -0.161689 0.00101608 0.986841
    outer loop
      vertex -9.70704 3.05479 31.1457
      vertex -9.73816 0.0451048 31.1437
      vertex -9.64174 3.05392 31.1564
    endloop
  endfacet
  facet normal -0.163015 0.00102993 0.986623
    outer loop
      vertex -9.73816 0.0451048 31.1437
      vertex -9.70704 3.05479 31.1457
      vertex -9.7545 0.0453228 31.141
    endloop
  endfacet
  facet normal -0.351124 0.0050998 0.936315
    outer loop
      vertex -18.9791 3.28173 28.3467
      vertex -16.0719 0.182124 29.4538
      vertex -15.9938 3.19093 29.4667
    endloop
  endfacet
  facet normal -0.351086 0.0051401 0.936329
    outer loop
      vertex -16.0719 0.182124 29.4538
      vertex -18.9791 3.28173 28.3467
      vertex -19.1186 0.274795 28.3109
    endloop
  endfacet
  facet normal 0.288795 0.00342698 0.957385
    outer loop
      vertex 12.878 3.11454 30.4087
      vertex 12.9568 0.105755 30.3957
      vertex 12.9413 3.11609 30.3896
    endloop
  endfacet
  facet normal 0.288926 0.00343059 0.957345
    outer loop
      vertex 12.9568 0.105755 30.3957
      vertex 12.878 3.11454 30.4087
      vertex 12.9409 0.105367 30.4005
    endloop
  endfacet
  facet normal -0.526728 0.0121071 0.849948
    outer loop
      vertex -23.8 79 25.0472
      vertex -23.8 75.2933 25.1
      vertex -23.7148 79 25.1
    endloop
  endfacet
  facet normal -0.411223 0.00713442 0.911507
    outer loop
      vertex -19.3 62 27.7469
      vertex -19.2935 55.5905 27.8
      vertex -19.1823 62 27.8
    endloop
  endfacet
  facet normal -0.408349 0.00714803 0.912798
    outer loop
      vertex -19.2935 55.5905 27.8
      vertex -19.3 62 27.7469
      vertex -19.3 55.4618 27.7981
    endloop
  endfacet
  facet normal -0.411077 0.00712806 0.911573
    outer loop
      vertex -17.55 122 28.0669
      vertex -17.55 117.767 28.1
      vertex -17.4766 122 28.1
    endloop
  endfacet
  facet normal -0.412209 0.0071627 0.911061
    outer loop
      vertex -22.0068 3.39221 26.9841
      vertex -22.0993 0.383843 26.9659
      vertex -21.9465 3.39001 27.0114
    endloop
  endfacet
  facet normal -0.410389 0.00710177 0.911883
    outer loop
      vertex -22.0993 0.383843 26.9659
      vertex -22.0068 3.39221 26.9841
      vertex -22.1144 0.384396 26.9591
    endloop
  endfacet
  facet normal 0.405604 0.00699131 0.914022
    outer loop
      vertex 19.3 55.4618 27.7981
      vertex 19.2935 55.5905 27.8
      vertex 19.3 55.2134 27.8
    endloop
  endfacet
  facet normal 0.411354 0.00711339 0.911448
    outer loop
      vertex 21.9465 3.39001 27.0114
      vertex 19.1341 0.275267 28.305
      vertex 22.0993 0.383843 26.9659
    endloop
  endfacet
  facet normal 0.411356 0.00711164 0.911447
    outer loop
      vertex 19.1341 0.275267 28.305
      vertex 21.9465 3.39001 27.0114
      vertex 19.0411 3.28362 28.3235
    endloop
  endfacet
  facet normal -0.0332394 -7.06788e-06 0.999447
    outer loop
      vertex -3.25424 2.98613 31.9924
      vertex -3.2536 -0.0237119 31.9924
      vertex -3.18809 2.98596 31.9946
    endloop
  endfacet
  facet normal -0.0301977 -6.42111e-06 0.999544
    outer loop
      vertex -3.2536 -0.0237119 31.9924
      vertex -3.25424 2.98613 31.9924
      vertex -3.27015 -0.0236681 31.9919
    endloop
  endfacet
  facet normal -0.0326041 0 0.999468
    outer loop
      vertex -3.18809 2.98596 31.9946
      vertex 0 -0.0323197 32.0986
      vertex 0 2.97753 32.0986
    endloop
  endfacet
  facet normal -0.0326234 -2.04896e-05 0.999468
    outer loop
      vertex 0 -0.0323197 32.0986
      vertex -3.18809 2.98596 31.9946
      vertex -3.2536 -0.0237119 31.9924
    endloop
  endfacet
  facet normal -0.35032 0.00510115 0.936616
    outer loop
      vertex -19.0411 3.28362 28.3235
      vertex -19.1186 0.274795 28.3109
      vertex -18.9791 3.28173 28.3467
    endloop
  endfacet
  facet normal -0.3556 0.00524549 0.934623
    outer loop
      vertex -19.1186 0.274795 28.3109
      vertex -19.0411 3.28362 28.3235
      vertex -19.1341 0.275267 28.305
    endloop
  endfacet
  facet normal -0.526189 0.0121053 0.850282
    outer loop
      vertex -25 0.509045 25.4218
      vertex -24.8783 3.51625 25.4543
      vertex -25 3.52237 25.3789
    endloop
  endfacet
  facet normal -0.258009 0 0.966143
    outer loop
      vertex -24.8783 3.51625 25.4543
      vertex -25 0.509045 25.4218
      vertex -25 0.509043 25.4218
    endloop
  endfacet
  facet normal 0.3556 0.00524549 0.934623
    outer loop
      vertex 19.0411 3.28362 28.3235
      vertex 19.1186 0.274795 28.3109
      vertex 19.1341 0.275267 28.305
    endloop
  endfacet
  facet normal 0.35032 0.00510115 0.936616
    outer loop
      vertex 19.1186 0.274795 28.3109
      vertex 19.0411 3.28362 28.3235
      vertex 18.9791 3.28173 28.3467
    endloop
  endfacet
  facet normal 0.28838 0.00341491 0.95751
    outer loop
      vertex 12.3 141.8 30.0872
      vertex 12.2575 141.8 30.1
      vertex 12.3 138.211 30.1
    endloop
  endfacet
  facet normal 0.289326 0.00340606 0.957225
    outer loop
      vertex 12.9413 3.11609 30.3896
      vertex 16.0719 0.182124 29.4538
      vertex 15.9938 3.19093 29.4667
    endloop
  endfacet
  facet normal 0.289346 0.00342948 0.957218
    outer loop
      vertex 16.0719 0.182124 29.4538
      vertex 12.9413 3.11609 30.3896
      vertex 12.9568 0.105755 30.3957
    endloop
  endfacet
  facet normal -0.28838 0.00341491 0.95751
    outer loop
      vertex -12.3 141.8 30.0872
      vertex -12.3 138.211 30.1
      vertex -12.2575 141.8 30.1
    endloop
  endfacet
  facet normal -0.289326 0.00340606 0.957225
    outer loop
      vertex -16.0719 0.182124 29.4538
      vertex -12.9413 3.11609 30.3896
      vertex -15.9938 3.19093 29.4667
    endloop
  endfacet
  facet normal -0.289346 0.00342948 0.957218
    outer loop
      vertex -12.9413 3.11609 30.3896
      vertex -16.0719 0.182124 29.4538
      vertex -12.9568 0.105755 30.3957
    endloop
  endfacet
  facet normal 0.526189 0.0121053 0.850282
    outer loop
      vertex 24.8783 3.51625 25.4543
      vertex 25 0.509045 25.4218
      vertex 25 3.52237 25.3789
    endloop
  endfacet
  facet normal 0.258009 0 0.966143
    outer loop
      vertex 25 0.509045 25.4218
      vertex 24.8783 3.51625 25.4543
      vertex 25 0.509043 25.4218
    endloop
  endfacet
  facet normal 0.0966302 0.000357968 0.99532
    outer loop
      vertex 6.49455 3.01193 31.6743
      vertex 6.50982 0.00211858 31.6739
      vertex 6.5263 0.00224975 31.6723
    endloop
  endfacet
  facet normal 0.0981993 0.000365949 0.995167
    outer loop
      vertex 6.50982 0.00211858 31.6739
      vertex 6.49455 3.01193 31.6743
      vertex 6.42868 3.0114 31.6808
    endloop
  endfacet
  facet normal 0.411077 0.00712806 0.911573
    outer loop
      vertex 17.55 122 28.0669
      vertex 17.4766 122 28.1
      vertex 17.55 117.767 28.1
    endloop
  endfacet
  facet normal 0.408349 0.00714803 0.912798
    outer loop
      vertex 19.3 62 27.7469
      vertex 19.2935 55.5905 27.8
      vertex 19.3 55.4618 27.7981
    endloop
  endfacet
  facet normal 0.411223 0.00713442 0.911507
    outer loop
      vertex 19.2935 55.5905 27.8
      vertex 19.3 62 27.7469
      vertex 19.1823 62 27.8
    endloop
  endfacet
  facet normal 0.410389 0.00710177 0.911883
    outer loop
      vertex 22.0068 3.39221 26.9841
      vertex 22.0993 0.383843 26.9659
      vertex 22.1144 0.384396 26.9591
    endloop
  endfacet
  facet normal 0.412209 0.0071627 0.911061
    outer loop
      vertex 22.0993 0.383843 26.9659
      vertex 22.0068 3.39221 26.9841
      vertex 21.9465 3.39001 27.0114
    endloop
  endfacet
  facet normal 0.469853 0.00947507 0.882694
    outer loop
      vertex 22.0652 3.39473 26.953
      vertex 25 0.509043 25.4218
      vertex 24.8783 3.51625 25.4543
    endloop
  endfacet
  facet normal 0.469842 0.00946117 0.8827
    outer loop
      vertex 25 0.509043 25.4218
      vertex 22.0652 3.39473 26.953
      vertex 22.129 0.385026 26.9513
    endloop
  endfacet
  facet normal -0.405604 0.00699131 0.914022
    outer loop
      vertex -19.3 55.4618 27.7981
      vertex -19.3 55.2134 27.8
      vertex -19.2935 55.5905 27.8
    endloop
  endfacet
  facet normal -0.411356 0.00711164 0.911447
    outer loop
      vertex -21.9465 3.39001 27.0114
      vertex -19.1341 0.275267 28.305
      vertex -19.0411 3.28362 28.3235
    endloop
  endfacet
  facet normal -0.411354 0.00711339 0.911448
    outer loop
      vertex -19.1341 0.275267 28.305
      vertex -21.9465 3.39001 27.0114
      vertex -22.0993 0.383843 26.9659
    endloop
  endfacet
  facet normal 0.4697 0.00945812 0.882775
    outer loop
      vertex 22.0068 3.39221 26.9841
      vertex 22.129 0.385026 26.9513
      vertex 22.0652 3.39473 26.953
    endloop
  endfacet
  facet normal 0.470875 0.00951268 0.882149
    outer loop
      vertex 22.129 0.385026 26.9513
      vertex 22.0068 3.39221 26.9841
      vertex 22.1144 0.384396 26.9591
    endloop
  endfacet
  facet normal -0.226348 0.00204835 0.974044
    outer loop
      vertex -12.8135 3.11333 30.4237
      vertex -9.7545 0.0453228 31.141
      vertex -9.70704 3.05479 31.1457
    endloop
  endfacet
  facet normal -0.226337 0.0020601 0.974047
    outer loop
      vertex -9.7545 0.0453228 31.141
      vertex -12.8135 3.11333 30.4237
      vertex -12.9248 0.105063 30.4042
    endloop
  endfacet
  facet normal -0.226476 0.00206548 0.974014
    outer loop
      vertex -12.878 3.11454 30.4087
      vertex -12.9248 0.105063 30.4042
      vertex -12.8135 3.11333 30.4237
    endloop
  endfacet
  facet normal -0.223938 0.00202514 0.974601
    outer loop
      vertex -12.9248 0.105063 30.4042
      vertex -12.878 3.11454 30.4087
      vertex -12.9409 0.105367 30.4005
    endloop
  endfacet
  facet normal 0.223938 0.00202514 0.974601
    outer loop
      vertex 12.878 3.11454 30.4087
      vertex 12.9248 0.105063 30.4042
      vertex 12.9409 0.105367 30.4005
    endloop
  endfacet
  facet normal 0.226476 0.00206548 0.974014
    outer loop
      vertex 12.9248 0.105063 30.4042
      vertex 12.878 3.11454 30.4087
      vertex 12.8135 3.11333 30.4237
    endloop
  endfacet
  facet normal 0.0326041 -0 0.999468
    outer loop
      vertex 0 -0.0323197 32.0986
      vertex 3.18809 2.98596 31.9946
      vertex 0 2.97753 32.0986
    endloop
  endfacet
  facet normal 0.0326234 -2.04896e-05 0.999468
    outer loop
      vertex 3.18809 2.98596 31.9946
      vertex 0 -0.0323197 32.0986
      vertex 3.2536 -0.0237119 31.9924
    endloop
  endfacet
  facet normal -0.0976868 0.000351049 0.995217
    outer loop
      vertex -6.42868 3.0114 31.6808
      vertex -3.27015 -0.0236681 31.9919
      vertex -3.25424 2.98613 31.9924
    endloop
  endfacet
  facet normal -0.0976859 0.000351989 0.995217
    outer loop
      vertex -3.27015 -0.0236681 31.9919
      vertex -6.42868 3.0114 31.6808
      vertex -6.50982 0.00211858 31.6739
    endloop
  endfacet
  facet normal 0.351086 0.0051401 0.936329
    outer loop
      vertex 18.9791 3.28173 28.3467
      vertex 16.0719 0.182124 29.4538
      vertex 19.1186 0.274795 28.3109
    endloop
  endfacet
  facet normal 0.351124 0.0050998 0.936315
    outer loop
      vertex 16.0719 0.182124 29.4538
      vertex 18.9791 3.28173 28.3467
      vertex 15.9938 3.19093 29.4667
    endloop
  endfacet
  facet normal -0.4697 0.00945812 0.882775
    outer loop
      vertex -22.129 0.385026 26.9513
      vertex -22.0068 3.39221 26.9841
      vertex -22.0652 3.39473 26.953
    endloop
  endfacet
  facet normal -0.470875 0.00951268 0.882149
    outer loop
      vertex -22.0068 3.39221 26.9841
      vertex -22.129 0.385026 26.9513
      vertex -22.1144 0.384396 26.9591
    endloop
  endfacet
  facet normal -0.0981993 0.000365949 0.995167
    outer loop
      vertex -6.49455 3.01193 31.6743
      vertex -6.50982 0.00211858 31.6739
      vertex -6.42868 3.0114 31.6808
    endloop
  endfacet
  facet normal -0.0966302 0.000357968 0.99532
    outer loop
      vertex -6.50982 0.00211858 31.6739
      vertex -6.49455 3.01193 31.6743
      vertex -6.5263 0.00224975 31.6723
    endloop
  endfacet
  facet normal -0.162362 0.0010571 0.986731
    outer loop
      vertex -9.64174 3.05392 31.1564
      vertex -6.5263 0.00224975 31.6723
      vertex -6.49455 3.01193 31.6743
    endloop
  endfacet
  facet normal -0.162379 0.00103867 0.986728
    outer loop
      vertex -6.5263 0.00224975 31.6723
      vertex -9.64174 3.05392 31.1564
      vertex -9.73816 0.0451048 31.1437
    endloop
  endfacet
  facet normal -0.469853 0.00947507 0.882694
    outer loop
      vertex -25 0.509043 25.4218
      vertex -22.0652 3.39473 26.953
      vertex -24.8783 3.51625 25.4543
    endloop
  endfacet
  facet normal -0.469842 0.00946117 0.8827
    outer loop
      vertex -22.0652 3.39473 26.953
      vertex -25 0.509043 25.4218
      vertex -22.129 0.385026 26.9513
    endloop
  endfacet
  facet normal 0.0976859 0.000351989 0.995217
    outer loop
      vertex 6.42868 3.0114 31.6808
      vertex 3.27015 -0.0236681 31.9919
      vertex 6.50982 0.00211858 31.6739
    endloop
  endfacet
  facet normal 0.0976868 0.000351049 0.995217
    outer loop
      vertex 3.27015 -0.0236681 31.9919
      vertex 6.42868 3.0114 31.6808
      vertex 3.25424 2.98613 31.9924
    endloop
  endfacet
  facet normal 0.162379 0.00103867 0.986728
    outer loop
      vertex 9.64174 3.05392 31.1564
      vertex 6.5263 0.00224975 31.6723
      vertex 9.73816 0.0451048 31.1437
    endloop
  endfacet
  facet normal 0.162362 0.0010571 0.986731
    outer loop
      vertex 6.5263 0.00224975 31.6723
      vertex 9.64174 3.05392 31.1564
      vertex 6.49455 3.01193 31.6743
    endloop
  endfacet
  facet normal -0.288795 0.00342698 0.957385
    outer loop
      vertex -12.9568 0.105755 30.3957
      vertex -12.878 3.11454 30.4087
      vertex -12.9413 3.11609 30.3896
    endloop
  endfacet
  facet normal -0.288926 0.00343059 0.957345
    outer loop
      vertex -12.878 3.11454 30.4087
      vertex -12.9568 0.105755 30.3957
      vertex -12.9409 0.105367 30.4005
    endloop
  endfacet
  facet normal 0.163015 0.00102993 0.986623
    outer loop
      vertex 9.70704 3.05479 31.1457
      vertex 9.73816 0.0451048 31.1437
      vertex 9.7545 0.0453228 31.141
    endloop
  endfacet
  facet normal 0.161689 0.00101608 0.986841
    outer loop
      vertex 9.73816 0.0451048 31.1437
      vertex 9.70704 3.05479 31.1457
      vertex 9.64174 3.05392 31.1564
    endloop
  endfacet
  facet normal 0.526728 0.0121071 0.849948
    outer loop
      vertex 23.8 79 25.0472
      vertex 23.7148 79 25.1
      vertex 23.8 75.2933 25.1
    endloop
  endfacet
  facet normal -0.881936 -0.471369 0
    outer loop
      vertex 6.77164 36.148 1.90735e-07
      vertex 6.49441 36.6667 3
      vertex 6.49441 36.6667 1.90735e-07
    endloop
  endfacet
  facet normal -0.881936 -0.471369 0
    outer loop
      vertex 6.49441 36.6667 3
      vertex 6.77164 36.148 1.90735e-07
      vertex 6.77164 36.148 3
    endloop
  endfacet
  facet normal 0.956928 0.290326 0
    outer loop
      vertex -6.77164 31.852 3
      vertex -6.94236 32.4147 1.90735e-07
      vertex -6.94236 32.4147 3
    endloop
  endfacet
  facet normal 0.956928 0.290326 0
    outer loop
      vertex -6.94236 32.4147 1.90735e-07
      vertex -6.77164 31.852 3
      vertex -6.77164 31.852 1.90735e-07
    endloop
  endfacet
  facet normal -0.471358 -0.881942 0
    outer loop
      vertex 5.14805 37.7716 1.90735e-07
      vertex 5.66671 37.4944 3
      vertex 5.14805 37.7716 3
    endloop
  endfacet
  facet normal -0.471358 -0.881942 -0
    outer loop
      vertex 5.66671 37.4944 3
      vertex 5.14805 37.7716 1.90735e-07
      vertex 5.66671 37.4944 1.90735e-07
    endloop
  endfacet
  facet normal -0.0979429 -0.995192 0
    outer loop
      vertex 4 38 1.90735e-07
      vertex 4.58527 37.9424 3
      vertex 4 38 3
    endloop
  endfacet
  facet normal -0.0979429 -0.995192 -0
    outer loop
      vertex 4.58527 37.9424 3
      vertex 4 38 1.90735e-07
      vertex 4.58527 37.9424 1.90735e-07
    endloop
  endfacet
  facet normal 0.634405 0.773001 -0
    outer loop
      vertex -5.66671 30.5056 1.90735e-07
      vertex -6.12132 30.8787 3
      vertex -5.66671 30.5056 3
    endloop
  endfacet
  facet normal 0.634405 0.773001 0
    outer loop
      vertex -6.12132 30.8787 3
      vertex -5.66671 30.5056 1.90735e-07
      vertex -6.12132 30.8787 1.90735e-07
    endloop
  endfacet
  facet normal -0.773003 -0.634403 0
    outer loop
      vertex 6.49441 36.6667 1.90735e-07
      vertex 6.12132 37.1213 3
      vertex 6.12132 37.1213 1.90735e-07
    endloop
  endfacet
  facet normal -0.773003 -0.634403 0
    outer loop
      vertex 6.12132 37.1213 3
      vertex 6.49441 36.6667 1.90735e-07
      vertex 6.49441 36.6667 3
    endloop
  endfacet
  facet normal -0.290413 -0.956901 0
    outer loop
      vertex 4.58527 37.9424 1.90735e-07
      vertex 5.14805 37.7716 3
      vertex 4.58527 37.9424 3
    endloop
  endfacet
  facet normal -0.290413 -0.956901 -0
    outer loop
      vertex 5.14805 37.7716 3
      vertex 4.58527 37.9424 1.90735e-07
      vertex 5.14805 37.7716 1.90735e-07
    endloop
  endfacet
  facet normal 0 -1 0
    outer loop
      vertex -4 38 1.90735e-07
      vertex 4 38 3
      vertex -4 38 3
    endloop
  endfacet
  facet normal 0 -1 -0
    outer loop
      vertex 4 38 3
      vertex -4 38 1.90735e-07
      vertex 4 38 1.90735e-07
    endloop
  endfacet
  facet normal 0.773003 -0.634403 0
    outer loop
      vertex -6.49441 36.6667 3
      vertex -6.12132 37.1213 1.90735e-07
      vertex -6.12132 37.1213 3
    endloop
  endfacet
  facet normal 0.773003 -0.634403 0
    outer loop
      vertex -6.12132 37.1213 1.90735e-07
      vertex -6.49441 36.6667 3
      vertex -6.49441 36.6667 1.90735e-07
    endloop
  endfacet
  facet normal 0.471358 -0.881942 0
    outer loop
      vertex -5.66671 37.4944 1.90735e-07
      vertex -5.14805 37.7716 3
      vertex -5.66671 37.4944 3
    endloop
  endfacet
  facet normal 0.471358 -0.881942 0
    outer loop
      vertex -5.14805 37.7716 3
      vertex -5.66671 37.4944 1.90735e-07
      vertex -5.14805 37.7716 1.90735e-07
    endloop
  endfacet
  facet normal -1 0 0
    outer loop
      vertex 7 33 1.90735e-07
      vertex 7 35 3
      vertex 7 35 1.90735e-07
    endloop
  endfacet
  facet normal -1 -0 0
    outer loop
      vertex 7 35 3
      vertex 7 33 1.90735e-07
      vertex 7 33 3
    endloop
  endfacet
  facet normal -0.995186 -0.0980053 0
    outer loop
      vertex 7 35 1.90735e-07
      vertex 6.94236 35.5853 3
      vertex 6.94236 35.5853 1.90735e-07
    endloop
  endfacet
  facet normal -0.995186 -0.0980053 0
    outer loop
      vertex 6.94236 35.5853 3
      vertex 7 35 1.90735e-07
      vertex 7 35 3
    endloop
  endfacet
  facet normal 0.0979429 -0.995192 0
    outer loop
      vertex -4.58527 37.9424 1.90735e-07
      vertex -4 38 3
      vertex -4.58527 37.9424 3
    endloop
  endfacet
  facet normal 0.0979429 -0.995192 0
    outer loop
      vertex -4 38 3
      vertex -4.58527 37.9424 1.90735e-07
      vertex -4 38 1.90735e-07
    endloop
  endfacet
  facet normal 0.471358 0.881942 -0
    outer loop
      vertex -5.14805 30.2284 1.90735e-07
      vertex -5.66671 30.5056 3
      vertex -5.14805 30.2284 3
    endloop
  endfacet
  facet normal 0.471358 0.881942 0
    outer loop
      vertex -5.66671 30.5056 3
      vertex -5.14805 30.2284 1.90735e-07
      vertex -5.66671 30.5056 1.90735e-07
    endloop
  endfacet
  facet normal -0.995186 0.0980053 0
    outer loop
      vertex 6.94236 32.4147 1.90735e-07
      vertex 7 33 3
      vertex 7 33 1.90735e-07
    endloop
  endfacet
  facet normal -0.995186 0.0980053 0
    outer loop
      vertex 7 33 3
      vertex 6.94236 32.4147 1.90735e-07
      vertex 6.94236 32.4147 3
    endloop
  endfacet
  facet normal 0.290413 -0.956901 0
    outer loop
      vertex -5.14805 37.7716 1.90735e-07
      vertex -4.58527 37.9424 3
      vertex -5.14805 37.7716 3
    endloop
  endfacet
  facet normal 0.290413 -0.956901 0
    outer loop
      vertex -4.58527 37.9424 3
      vertex -5.14805 37.7716 1.90735e-07
      vertex -4.58527 37.9424 1.90735e-07
    endloop
  endfacet
  facet normal 0.995186 -0.0980053 0
    outer loop
      vertex -7 35 3
      vertex -6.94236 35.5853 1.90735e-07
      vertex -6.94236 35.5853 3
    endloop
  endfacet
  facet normal 0.995186 -0.0980053 0
    outer loop
      vertex -6.94236 35.5853 1.90735e-07
      vertex -7 35 3
      vertex -7 35 1.90735e-07
    endloop
  endfacet
  facet normal -0.956928 -0.290326 0
    outer loop
      vertex 6.94236 35.5853 1.90735e-07
      vertex 6.77164 36.148 3
      vertex 6.77164 36.148 1.90735e-07
    endloop
  endfacet
  facet normal -0.956928 -0.290326 0
    outer loop
      vertex 6.77164 36.148 3
      vertex 6.94236 35.5853 1.90735e-07
      vertex 6.94236 35.5853 3
    endloop
  endfacet
  facet normal 0.0979429 0.995192 -0
    outer loop
      vertex -4 30 1.90735e-07
      vertex -4.58527 30.0576 3
      vertex -4 30 3
    endloop
  endfacet
  facet normal 0.0979429 0.995192 0
    outer loop
      vertex -4.58527 30.0576 3
      vertex -4 30 1.90735e-07
      vertex -4.58527 30.0576 1.90735e-07
    endloop
  endfacet
  facet normal 1 -0 0
    outer loop
      vertex -7 33 3
      vertex -7 35 1.90735e-07
      vertex -7 35 3
    endloop
  endfacet
  facet normal 1 0 0
    outer loop
      vertex -7 35 1.90735e-07
      vertex -7 33 3
      vertex -7 33 1.90735e-07
    endloop
  endfacet
  facet normal 0.956928 -0.290326 0
    outer loop
      vertex -6.94236 35.5853 3
      vertex -6.77164 36.148 1.90735e-07
      vertex -6.77164 36.148 3
    endloop
  endfacet
  facet normal 0.956928 -0.290326 0
    outer loop
      vertex -6.77164 36.148 1.90735e-07
      vertex -6.94236 35.5853 3
      vertex -6.94236 35.5853 1.90735e-07
    endloop
  endfacet
  facet normal 0.634405 -0.773001 0
    outer loop
      vertex -6.12132 37.1213 1.90735e-07
      vertex -5.66671 37.4944 3
      vertex -6.12132 37.1213 3
    endloop
  endfacet
  facet normal 0.634405 -0.773001 0
    outer loop
      vertex -5.66671 37.4944 3
      vertex -6.12132 37.1213 1.90735e-07
      vertex -5.66671 37.4944 1.90735e-07
    endloop
  endfacet
  facet normal 0.290413 0.956901 -0
    outer loop
      vertex -4.58527 30.0576 1.90735e-07
      vertex -5.14805 30.2284 3
      vertex -4.58527 30.0576 3
    endloop
  endfacet
  facet normal 0.290413 0.956901 0
    outer loop
      vertex -5.14805 30.2284 3
      vertex -4.58527 30.0576 1.90735e-07
      vertex -5.14805 30.2284 1.90735e-07
    endloop
  endfacet
  facet normal 0.995186 0.0980053 0
    outer loop
      vertex -6.94236 32.4147 3
      vertex -7 33 1.90735e-07
      vertex -7 33 3
    endloop
  endfacet
  facet normal 0.995186 0.0980053 0
    outer loop
      vertex -7 33 1.90735e-07
      vertex -6.94236 32.4147 3
      vertex -6.94236 32.4147 1.90735e-07
    endloop
  endfacet
  facet normal -0.634405 -0.773001 0
    outer loop
      vertex 5.66671 37.4944 1.90735e-07
      vertex 6.12132 37.1213 3
      vertex 5.66671 37.4944 3
    endloop
  endfacet
  facet normal -0.634405 -0.773001 -0
    outer loop
      vertex 6.12132 37.1213 3
      vertex 5.66671 37.4944 1.90735e-07
      vertex 6.12132 37.1213 1.90735e-07
    endloop
  endfacet
  facet normal 0 1 -0
    outer loop
      vertex 4 30 1.90735e-07
      vertex -4 30 3
      vertex 4 30 3
    endloop
  endfacet
  facet normal 0 1 0
    outer loop
      vertex -4 30 3
      vertex 4 30 1.90735e-07
      vertex -4 30 1.90735e-07
    endloop
  endfacet
  facet normal 0.773003 0.634403 0
    outer loop
      vertex -6.12132 30.8787 3
      vertex -6.49441 31.3333 1.90735e-07
      vertex -6.49441 31.3333 3
    endloop
  endfacet
  facet normal 0.773003 0.634403 0
    outer loop
      vertex -6.49441 31.3333 1.90735e-07
      vertex -6.12132 30.8787 3
      vertex -6.12132 30.8787 1.90735e-07
    endloop
  endfacet
  facet normal 0.881936 -0.471369 0
    outer loop
      vertex -6.77164 36.148 3
      vertex -6.49441 36.6667 1.90735e-07
      vertex -6.49441 36.6667 3
    endloop
  endfacet
  facet normal 0.881936 -0.471369 0
    outer loop
      vertex -6.49441 36.6667 1.90735e-07
      vertex -6.77164 36.148 3
      vertex -6.77164 36.148 1.90735e-07
    endloop
  endfacet
  facet normal -0.471358 0.881942 0
    outer loop
      vertex 5.66671 30.5056 1.90735e-07
      vertex 5.14805 30.2284 3
      vertex 5.66671 30.5056 3
    endloop
  endfacet
  facet normal -0.471358 0.881942 0
    outer loop
      vertex 5.14805 30.2284 3
      vertex 5.66671 30.5056 1.90735e-07
      vertex 5.14805 30.2284 1.90735e-07
    endloop
  endfacet
  facet normal -0.290413 0.956901 0
    outer loop
      vertex 5.14805 30.2284 1.90735e-07
      vertex 4.58527 30.0576 3
      vertex 5.14805 30.2284 3
    endloop
  endfacet
  facet normal -0.290413 0.956901 0
    outer loop
      vertex 4.58527 30.0576 3
      vertex 5.14805 30.2284 1.90735e-07
      vertex 4.58527 30.0576 1.90735e-07
    endloop
  endfacet
  facet normal 0.881936 0.471369 0
    outer loop
      vertex -6.49441 31.3333 3
      vertex -6.77164 31.852 1.90735e-07
      vertex -6.77164 31.852 3
    endloop
  endfacet
  facet normal 0.881936 0.471369 0
    outer loop
      vertex -6.77164 31.852 1.90735e-07
      vertex -6.49441 31.3333 3
      vertex -6.49441 31.3333 1.90735e-07
    endloop
  endfacet
  facet normal -0.634405 0.773001 0
    outer loop
      vertex 6.12132 30.8787 1.90735e-07
      vertex 5.66671 30.5056 3
      vertex 6.12132 30.8787 3
    endloop
  endfacet
  facet normal -0.634405 0.773001 0
    outer loop
      vertex 5.66671 30.5056 3
      vertex 6.12132 30.8787 1.90735e-07
      vertex 5.66671 30.5056 1.90735e-07
    endloop
  endfacet
  facet normal -0.773003 0.634403 0
    outer loop
      vertex 6.12132 30.8787 1.90735e-07
      vertex 6.49441 31.3333 3
      vertex 6.49441 31.3333 1.90735e-07
    endloop
  endfacet
  facet normal -0.773003 0.634403 0
    outer loop
      vertex 6.49441 31.3333 3
      vertex 6.12132 30.8787 1.90735e-07
      vertex 6.12132 30.8787 3
    endloop
  endfacet
  facet normal -0.956928 0.290326 0
    outer loop
      vertex 6.77164 31.852 1.90735e-07
      vertex 6.94236 32.4147 3
      vertex 6.94236 32.4147 1.90735e-07
    endloop
  endfacet
  facet normal -0.956928 0.290326 0
    outer loop
      vertex 6.94236 32.4147 3
      vertex 6.77164 31.852 1.90735e-07
      vertex 6.77164 31.852 3
    endloop
  endfacet
  facet normal -0.881936 0.471369 0
    outer loop
      vertex 6.49441 31.3333 1.90735e-07
      vertex 6.77164 31.852 3
      vertex 6.77164 31.852 1.90735e-07
    endloop
  endfacet
  facet normal -0.881936 0.471369 0
    outer loop
      vertex 6.77164 31.852 3
      vertex 6.49441 31.3333 1.90735e-07
      vertex 6.49441 31.3333 3
    endloop
  endfacet
  facet normal -0.0979429 0.995192 0
    outer loop
      vertex 4.58527 30.0576 1.90735e-07
      vertex 4 30 3
      vertex 4.58527 30.0576 3
    endloop
  endfacet
  facet normal -0.0979429 0.995192 0
    outer loop
      vertex 4 30 3
      vertex 4.58527 30.0576 1.90735e-07
      vertex 4 30 1.90735e-07
    endloop
  endfacet
  facet normal -0.881936 -0.471369 0
    outer loop
      vertex 6.77164 74.148 1.90735e-07
      vertex 6.49441 74.6667 3
      vertex 6.49441 74.6667 1.90735e-07
    endloop
  endfacet
  facet normal -0.881936 -0.471369 0
    outer loop
      vertex 6.49441 74.6667 3
      vertex 6.77164 74.148 1.90735e-07
      vertex 6.77164 74.148 3
    endloop
  endfacet
  facet normal 0.956928 0.290326 0
    outer loop
      vertex -6.77164 69.852 3
      vertex -6.94236 70.4147 1.90735e-07
      vertex -6.94236 70.4147 3
    endloop
  endfacet
  facet normal 0.956928 0.290326 0
    outer loop
      vertex -6.94236 70.4147 1.90735e-07
      vertex -6.77164 69.852 3
      vertex -6.77164 69.852 1.90735e-07
    endloop
  endfacet
  facet normal -0.471358 -0.881942 0
    outer loop
      vertex 5.14805 75.7716 1.90735e-07
      vertex 5.66671 75.4944 3
      vertex 5.14805 75.7716 3
    endloop
  endfacet
  facet normal -0.471358 -0.881942 -0
    outer loop
      vertex 5.66671 75.4944 3
      vertex 5.14805 75.7716 1.90735e-07
      vertex 5.66671 75.4944 1.90735e-07
    endloop
  endfacet
  facet normal -0.0979429 -0.995192 0
    outer loop
      vertex 4 76 1.90735e-07
      vertex 4.58527 75.9424 3
      vertex 4 76 3
    endloop
  endfacet
  facet normal -0.0979429 -0.995192 -0
    outer loop
      vertex 4.58527 75.9424 3
      vertex 4 76 1.90735e-07
      vertex 4.58527 75.9424 1.90735e-07
    endloop
  endfacet
  facet normal 0.634405 0.773001 -0
    outer loop
      vertex -5.66671 68.5056 1.90735e-07
      vertex -6.12132 68.8787 3
      vertex -5.66671 68.5056 3
    endloop
  endfacet
  facet normal 0.634405 0.773001 0
    outer loop
      vertex -6.12132 68.8787 3
      vertex -5.66671 68.5056 1.90735e-07
      vertex -6.12132 68.8787 1.90735e-07
    endloop
  endfacet
  facet normal -0.773003 -0.634403 0
    outer loop
      vertex 6.49441 74.6667 1.90735e-07
      vertex 6.12132 75.1213 3
      vertex 6.12132 75.1213 1.90735e-07
    endloop
  endfacet
  facet normal -0.773003 -0.634403 0
    outer loop
      vertex 6.12132 75.1213 3
      vertex 6.49441 74.6667 1.90735e-07
      vertex 6.49441 74.6667 3
    endloop
  endfacet
  facet normal 0 -1 0
    outer loop
      vertex -4 76 1.90735e-07
      vertex 4 76 3
      vertex -4 76 3
    endloop
  endfacet
  facet normal 0 -1 -0
    outer loop
      vertex 4 76 3
      vertex -4 76 1.90735e-07
      vertex 4 76 1.90735e-07
    endloop
  endfacet
  facet normal 0.773003 -0.634403 0
    outer loop
      vertex -6.49441 74.6667 3
      vertex -6.12132 75.1213 1.90735e-07
      vertex -6.12132 75.1213 3
    endloop
  endfacet
  facet normal 0.773003 -0.634403 0
    outer loop
      vertex -6.12132 75.1213 1.90735e-07
      vertex -6.49441 74.6667 3
      vertex -6.49441 74.6667 1.90735e-07
    endloop
  endfacet
  facet normal 0.471358 -0.881942 0
    outer loop
      vertex -5.66671 75.4944 1.90735e-07
      vertex -5.14805 75.7716 3
      vertex -5.66671 75.4944 3
    endloop
  endfacet
  facet normal 0.471358 -0.881942 0
    outer loop
      vertex -5.14805 75.7716 3
      vertex -5.66671 75.4944 1.90735e-07
      vertex -5.14805 75.7716 1.90735e-07
    endloop
  endfacet
  facet normal -1 0 0
    outer loop
      vertex 7 71 1.90735e-07
      vertex 7 73 3
      vertex 7 73 1.90735e-07
    endloop
  endfacet
  facet normal -1 -0 0
    outer loop
      vertex 7 73 3
      vertex 7 71 1.90735e-07
      vertex 7 71 3
    endloop
  endfacet
  facet normal -0.995186 -0.0980053 0
    outer loop
      vertex 7 73 1.90735e-07
      vertex 6.94236 73.5853 3
      vertex 6.94236 73.5853 1.90735e-07
    endloop
  endfacet
  facet normal -0.995186 -0.0980053 0
    outer loop
      vertex 6.94236 73.5853 3
      vertex 7 73 1.90735e-07
      vertex 7 73 3
    endloop
  endfacet
  facet normal 0.0979429 -0.995192 0
    outer loop
      vertex -4.58527 75.9424 1.90735e-07
      vertex -4 76 3
      vertex -4.58527 75.9424 3
    endloop
  endfacet
  facet normal 0.0979429 -0.995192 0
    outer loop
      vertex -4 76 3
      vertex -4.58527 75.9424 1.90735e-07
      vertex -4 76 1.90735e-07
    endloop
  endfacet
  facet normal 0.471358 0.881942 -0
    outer loop
      vertex -5.14805 68.2284 1.90735e-07
      vertex -5.66671 68.5056 3
      vertex -5.14805 68.2284 3
    endloop
  endfacet
  facet normal 0.471358 0.881942 0
    outer loop
      vertex -5.66671 68.5056 3
      vertex -5.14805 68.2284 1.90735e-07
      vertex -5.66671 68.5056 1.90735e-07
    endloop
  endfacet
  facet normal -0.995186 0.0980053 0
    outer loop
      vertex 6.94236 70.4147 1.90735e-07
      vertex 7 71 3
      vertex 7 71 1.90735e-07
    endloop
  endfacet
  facet normal -0.995186 0.0980053 0
    outer loop
      vertex 7 71 3
      vertex 6.94236 70.4147 1.90735e-07
      vertex 6.94236 70.4147 3
    endloop
  endfacet
  facet normal 0.290413 -0.956901 0
    outer loop
      vertex -5.14805 75.7716 1.90735e-07
      vertex -4.58527 75.9424 3
      vertex -5.14805 75.7716 3
    endloop
  endfacet
  facet normal 0.290413 -0.956901 0
    outer loop
      vertex -4.58527 75.9424 3
      vertex -5.14805 75.7716 1.90735e-07
      vertex -4.58527 75.9424 1.90735e-07
    endloop
  endfacet
  facet normal 0.995186 -0.0980053 0
    outer loop
      vertex -7 73 3
      vertex -6.94236 73.5853 1.90735e-07
      vertex -6.94236 73.5853 3
    endloop
  endfacet
  facet normal 0.995186 -0.0980053 0
    outer loop
      vertex -6.94236 73.5853 1.90735e-07
      vertex -7 73 3
      vertex -7 73 1.90735e-07
    endloop
  endfacet
  facet normal -0.956928 -0.290326 0
    outer loop
      vertex 6.94236 73.5853 1.90735e-07
      vertex 6.77164 74.148 3
      vertex 6.77164 74.148 1.90735e-07
    endloop
  endfacet
  facet normal -0.956928 -0.290326 0
    outer loop
      vertex 6.77164 74.148 3
      vertex 6.94236 73.5853 1.90735e-07
      vertex 6.94236 73.5853 3
    endloop
  endfacet
  facet normal 0.0979429 0.995192 -0
    outer loop
      vertex -4 68 1.90735e-07
      vertex -4.58527 68.0576 3
      vertex -4 68 3
    endloop
  endfacet
  facet normal 0.0979429 0.995192 0
    outer loop
      vertex -4.58527 68.0576 3
      vertex -4 68 1.90735e-07
      vertex -4.58527 68.0576 1.90735e-07
    endloop
  endfacet
  facet normal 1 -0 0
    outer loop
      vertex -7 71 3
      vertex -7 73 1.90735e-07
      vertex -7 73 3
    endloop
  endfacet
  facet normal 1 0 0
    outer loop
      vertex -7 73 1.90735e-07
      vertex -7 71 3
      vertex -7 71 1.90735e-07
    endloop
  endfacet
  facet normal 0.956928 -0.290326 0
    outer loop
      vertex -6.94236 73.5853 3
      vertex -6.77164 74.148 1.90735e-07
      vertex -6.77164 74.148 3
    endloop
  endfacet
  facet normal 0.956928 -0.290326 0
    outer loop
      vertex -6.77164 74.148 1.90735e-07
      vertex -6.94236 73.5853 3
      vertex -6.94236 73.5853 1.90735e-07
    endloop
  endfacet
  facet normal -0.290413 -0.956901 0
    outer loop
      vertex 4.58527 75.9424 1.90735e-07
      vertex 5.14805 75.7716 3
      vertex 4.58527 75.9424 3
    endloop
  endfacet
  facet normal -0.290413 -0.956901 -0
    outer loop
      vertex 5.14805 75.7716 3
      vertex 4.58527 75.9424 1.90735e-07
      vertex 5.14805 75.7716 1.90735e-07
    endloop
  endfacet
  facet normal 0.634405 -0.773001 0
    outer loop
      vertex -6.12132 75.1213 1.90735e-07
      vertex -5.66671 75.4944 3
      vertex -6.12132 75.1213 3
    endloop
  endfacet
  facet normal 0.634405 -0.773001 0
    outer loop
      vertex -5.66671 75.4944 3
      vertex -6.12132 75.1213 1.90735e-07
      vertex -5.66671 75.4944 1.90735e-07
    endloop
  endfacet
  facet normal 0.290413 0.956901 -0
    outer loop
      vertex -4.58527 68.0576 1.90735e-07
      vertex -5.14805 68.2284 3
      vertex -4.58527 68.0576 3
    endloop
  endfacet
  facet normal 0.290413 0.956901 0
    outer loop
      vertex -5.14805 68.2284 3
      vertex -4.58527 68.0576 1.90735e-07
      vertex -5.14805 68.2284 1.90735e-07
    endloop
  endfacet
  facet normal 0.995186 0.0980053 0
    outer loop
      vertex -6.94236 70.4147 3
      vertex -7 71 1.90735e-07
      vertex -7 71 3
    endloop
  endfacet
  facet normal 0.995186 0.0980053 0
    outer loop
      vertex -7 71 1.90735e-07
      vertex -6.94236 70.4147 3
      vertex -6.94236 70.4147 1.90735e-07
    endloop
  endfacet
  facet normal -0.634405 -0.773001 0
    outer loop
      vertex 5.66671 75.4944 1.90735e-07
      vertex 6.12132 75.1213 3
      vertex 5.66671 75.4944 3
    endloop
  endfacet
  facet normal -0.634405 -0.773001 -0
    outer loop
      vertex 6.12132 75.1213 3
      vertex 5.66671 75.4944 1.90735e-07
      vertex 6.12132 75.1213 1.90735e-07
    endloop
  endfacet
  facet normal 0 1 -0
    outer loop
      vertex 4 68 1.90735e-07
      vertex -4 68 3
      vertex 4 68 3
    endloop
  endfacet
  facet normal 0 1 0
    outer loop
      vertex -4 68 3
      vertex 4 68 1.90735e-07
      vertex -4 68 1.90735e-07
    endloop
  endfacet
  facet normal 0.773003 0.634403 0
    outer loop
      vertex -6.12132 68.8787 3
      vertex -6.49441 69.3333 1.90735e-07
      vertex -6.49441 69.3333 3
    endloop
  endfacet
  facet normal 0.773003 0.634403 0
    outer loop
      vertex -6.49441 69.3333 1.90735e-07
      vertex -6.12132 68.8787 3
      vertex -6.12132 68.8787 1.90735e-07
    endloop
  endfacet
  facet normal 0.881936 -0.471369 0
    outer loop
      vertex -6.77164 74.148 3
      vertex -6.49441 74.6667 1.90735e-07
      vertex -6.49441 74.6667 3
    endloop
  endfacet
  facet normal 0.881936 -0.471369 0
    outer loop
      vertex -6.49441 74.6667 1.90735e-07
      vertex -6.77164 74.148 3
      vertex -6.77164 74.148 1.90735e-07
    endloop
  endfacet
  facet normal -0.471358 0.881942 0
    outer loop
      vertex 5.66671 68.5056 1.90735e-07
      vertex 5.14805 68.2284 3
      vertex 5.66671 68.5056 3
    endloop
  endfacet
  facet normal -0.471358 0.881942 0
    outer loop
      vertex 5.14805 68.2284 3
      vertex 5.66671 68.5056 1.90735e-07
      vertex 5.14805 68.2284 1.90735e-07
    endloop
  endfacet
  facet normal -0.290413 0.956901 0
    outer loop
      vertex 5.14805 68.2284 1.90735e-07
      vertex 4.58527 68.0576 3
      vertex 5.14805 68.2284 3
    endloop
  endfacet
  facet normal -0.290413 0.956901 0
    outer loop
      vertex 4.58527 68.0576 3
      vertex 5.14805 68.2284 1.90735e-07
      vertex 4.58527 68.0576 1.90735e-07
    endloop
  endfacet
  facet normal 0.881936 0.471369 0
    outer loop
      vertex -6.49441 69.3333 3
      vertex -6.77164 69.852 1.90735e-07
      vertex -6.77164 69.852 3
    endloop
  endfacet
  facet normal 0.881936 0.471369 0
    outer loop
      vertex -6.77164 69.852 1.90735e-07
      vertex -6.49441 69.3333 3
      vertex -6.49441 69.3333 1.90735e-07
    endloop
  endfacet
  facet normal -0.634405 0.773001 0
    outer loop
      vertex 6.12132 68.8787 1.90735e-07
      vertex 5.66671 68.5056 3
      vertex 6.12132 68.8787 3
    endloop
  endfacet
  facet normal -0.634405 0.773001 0
    outer loop
      vertex 5.66671 68.5056 3
      vertex 6.12132 68.8787 1.90735e-07
      vertex 5.66671 68.5056 1.90735e-07
    endloop
  endfacet
  facet normal -0.773003 0.634403 0
    outer loop
      vertex 6.12132 68.8787 1.90735e-07
      vertex 6.49441 69.3333 3
      vertex 6.49441 69.3333 1.90735e-07
    endloop
  endfacet
  facet normal -0.773003 0.634403 0
    outer loop
      vertex 6.49441 69.3333 3
      vertex 6.12132 68.8787 1.90735e-07
      vertex 6.12132 68.8787 3
    endloop
  endfacet
  facet normal -0.956928 0.290326 0
    outer loop
      vertex 6.77164 69.852 1.90735e-07
      vertex 6.94236 70.4147 3
      vertex 6.94236 70.4147 1.90735e-07
    endloop
  endfacet
  facet normal -0.956928 0.290326 0
    outer loop
      vertex 6.94236 70.4147 3
      vertex 6.77164 69.852 1.90735e-07
      vertex 6.77164 69.852 3
    endloop
  endfacet
  facet normal -0.881936 0.471369 0
    outer loop
      vertex 6.49441 69.3333 1.90735e-07
      vertex 6.77164 69.852 3
      vertex 6.77164 69.852 1.90735e-07
    endloop
  endfacet
  facet normal -0.881936 0.471369 0
    outer loop
      vertex 6.77164 69.852 3
      vertex 6.49441 69.3333 1.90735e-07
      vertex 6.49441 69.3333 3
    endloop
  endfacet
  facet normal -0.0979429 0.995192 0
    outer loop
      vertex 4.58527 68.0576 1.90735e-07
      vertex 4 68 3
      vertex 4.58527 68.0576 3
    endloop
  endfacet
  facet normal -0.0979429 0.995192 0
    outer loop
      vertex 4 68 3
      vertex 4.58527 68.0576 1.90735e-07
      vertex 4 68 1.90735e-07
    endloop
  endfacet
  facet normal -0.882049 -0.471157 0
    outer loop
      vertex 6.77164 102.148 1.90735e-07
      vertex 6.49441 102.667 3
      vertex 6.49441 102.667 1.90735e-07
    endloop
  endfacet
  facet normal -0.882049 -0.471157 0
    outer loop
      vertex 6.49441 102.667 3
      vertex 6.77164 102.148 1.90735e-07
      vertex 6.77164 102.148 3
    endloop
  endfacet
  facet normal 0.956928 0.290326 0
    outer loop
      vertex -6.77164 97.852 3
      vertex -6.94236 98.4147 1.90735e-07
      vertex -6.94236 98.4147 3
    endloop
  endfacet
  facet normal 0.956928 0.290326 0
    outer loop
      vertex -6.94236 98.4147 1.90735e-07
      vertex -6.77164 97.852 3
      vertex -6.77164 97.852 1.90735e-07
    endloop
  endfacet
  facet normal -0.472415 -0.881376 0
    outer loop
      vertex 5.14805 103.772 1.90735e-07
      vertex 5.66671 103.494 3
      vertex 5.14805 103.772 3
    endloop
  endfacet
  facet normal -0.472415 -0.881376 -0
    outer loop
      vertex 5.66671 103.494 3
      vertex 5.14805 103.772 1.90735e-07
      vertex 5.66671 103.494 1.90735e-07
    endloop
  endfacet
  facet normal -0.0986165 -0.995126 0
    outer loop
      vertex 4 104 1.90735e-07
      vertex 4.58527 103.942 3
      vertex 4 104 3
    endloop
  endfacet
  facet normal -0.0986165 -0.995126 -0
    outer loop
      vertex 4.58527 103.942 3
      vertex 4 104 1.90735e-07
      vertex 4.58527 103.942 1.90735e-07
    endloop
  endfacet
  facet normal 0.634405 0.773001 -0
    outer loop
      vertex -5.66671 96.5056 1.90735e-07
      vertex -6.12132 96.8787 3
      vertex -5.66671 96.5056 3
    endloop
  endfacet
  facet normal 0.634405 0.773001 0
    outer loop
      vertex -6.12132 96.8787 3
      vertex -5.66671 96.5056 1.90735e-07
      vertex -6.12132 96.8787 1.90735e-07
    endloop
  endfacet
  facet normal -0.772591 -0.634903 0
    outer loop
      vertex 6.49441 102.667 1.90735e-07
      vertex 6.12132 103.121 3
      vertex 6.12132 103.121 1.90735e-07
    endloop
  endfacet
  facet normal -0.772591 -0.634903 0
    outer loop
      vertex 6.12132 103.121 3
      vertex 6.49441 102.667 1.90735e-07
      vertex 6.49441 102.667 3
    endloop
  endfacet
  facet normal 0 -1 0
    outer loop
      vertex -4 104 1.90735e-07
      vertex 4 104 3
      vertex -4 104 3
    endloop
  endfacet
  facet normal 0 -1 -0
    outer loop
      vertex 4 104 3
      vertex -4 104 1.90735e-07
      vertex 4 104 1.90735e-07
    endloop
  endfacet
  facet normal 0.772591 -0.634903 0
    outer loop
      vertex -6.49441 102.667 3
      vertex -6.12132 103.121 1.90735e-07
      vertex -6.12132 103.121 3
    endloop
  endfacet
  facet normal 0.772591 -0.634903 0
    outer loop
      vertex -6.12132 103.121 1.90735e-07
      vertex -6.49441 102.667 3
      vertex -6.49441 102.667 1.90735e-07
    endloop
  endfacet
  facet normal 0.472415 -0.881376 0
    outer loop
      vertex -5.66671 103.494 1.90735e-07
      vertex -5.14805 103.772 3
      vertex -5.66671 103.494 3
    endloop
  endfacet
  facet normal 0.472415 -0.881376 0
    outer loop
      vertex -5.14805 103.772 3
      vertex -5.66671 103.494 1.90735e-07
      vertex -5.14805 103.772 1.90735e-07
    endloop
  endfacet
  facet normal -1 0 0
    outer loop
      vertex 7 99 1.90735e-07
      vertex 7 101 3
      vertex 7 101 1.90735e-07
    endloop
  endfacet
  facet normal -1 -0 0
    outer loop
      vertex 7 101 3
      vertex 7 99 1.90735e-07
      vertex 7 99 3
    endloop
  endfacet
  facet normal -0.995181 -0.0980551 0
    outer loop
      vertex 7 101 1.90735e-07
      vertex 6.94236 101.585 3
      vertex 6.94236 101.585 1.90735e-07
    endloop
  endfacet
  facet normal -0.995181 -0.0980551 0
    outer loop
      vertex 6.94236 101.585 3
      vertex 7 101 1.90735e-07
      vertex 7 101 3
    endloop
  endfacet
  facet normal 0.0986165 -0.995126 0
    outer loop
      vertex -4.58527 103.942 1.90735e-07
      vertex -4 104 3
      vertex -4.58527 103.942 3
    endloop
  endfacet
  facet normal 0.0986165 -0.995126 0
    outer loop
      vertex -4 104 3
      vertex -4.58527 103.942 1.90735e-07
      vertex -4 104 1.90735e-07
    endloop
  endfacet
  facet normal 0.471358 0.881942 -0
    outer loop
      vertex -5.14805 96.2284 1.90735e-07
      vertex -5.66671 96.5056 3
      vertex -5.14805 96.2284 3
    endloop
  endfacet
  facet normal 0.471358 0.881942 0
    outer loop
      vertex -5.66671 96.5056 3
      vertex -5.14805 96.2284 1.90735e-07
      vertex -5.66671 96.5056 1.90735e-07
    endloop
  endfacet
  facet normal -0.995186 0.0980053 0
    outer loop
      vertex 6.94236 98.4147 1.90735e-07
      vertex 7 99 3
      vertex 7 99 1.90735e-07
    endloop
  endfacet
  facet normal -0.995186 0.0980053 0
    outer loop
      vertex 7 99 3
      vertex 6.94236 98.4147 1.90735e-07
      vertex 6.94236 98.4147 3
    endloop
  endfacet
  facet normal 0.289167 -0.957279 0
    outer loop
      vertex -5.14805 103.772 1.90735e-07
      vertex -4.58527 103.942 3
      vertex -5.14805 103.772 3
    endloop
  endfacet
  facet normal 0.289167 -0.957279 0
    outer loop
      vertex -4.58527 103.942 3
      vertex -5.14805 103.772 1.90735e-07
      vertex -4.58527 103.942 1.90735e-07
    endloop
  endfacet
  facet normal 0.995181 -0.0980551 0
    outer loop
      vertex -7 101 3
      vertex -6.94236 101.585 1.90735e-07
      vertex -6.94236 101.585 3
    endloop
  endfacet
  facet normal 0.995181 -0.0980551 0
    outer loop
      vertex -6.94236 101.585 1.90735e-07
      vertex -7 101 3
      vertex -7 101 1.90735e-07
    endloop
  endfacet
  facet normal -0.956971 -0.290185 0
    outer loop
      vertex 6.94236 101.585 1.90735e-07
      vertex 6.77164 102.148 3
      vertex 6.77164 102.148 1.90735e-07
    endloop
  endfacet
  facet normal -0.956971 -0.290185 0
    outer loop
      vertex 6.77164 102.148 3
      vertex 6.94236 101.585 1.90735e-07
      vertex 6.94236 101.585 3
    endloop
  endfacet
  facet normal 0.0979429 0.995192 -0
    outer loop
      vertex -4 96 1.90735e-07
      vertex -4.58527 96.0576 3
      vertex -4 96 3
    endloop
  endfacet
  facet normal 0.0979429 0.995192 0
    outer loop
      vertex -4.58527 96.0576 3
      vertex -4 96 1.90735e-07
      vertex -4.58527 96.0576 1.90735e-07
    endloop
  endfacet
  facet normal 1 -0 0
    outer loop
      vertex -7 99 3
      vertex -7 101 1.90735e-07
      vertex -7 101 3
    endloop
  endfacet
  facet normal 1 0 0
    outer loop
      vertex -7 101 1.90735e-07
      vertex -7 99 3
      vertex -7 99 1.90735e-07
    endloop
  endfacet
  facet normal 0.956971 -0.290185 0
    outer loop
      vertex -6.94236 101.585 3
      vertex -6.77164 102.148 1.90735e-07
      vertex -6.77164 102.148 3
    endloop
  endfacet
  facet normal 0.956971 -0.290185 0
    outer loop
      vertex -6.77164 102.148 1.90735e-07
      vertex -6.94236 101.585 3
      vertex -6.94236 101.585 1.90735e-07
    endloop
  endfacet
  facet normal -0.289167 -0.957279 0
    outer loop
      vertex 4.58527 103.942 1.90735e-07
      vertex 5.14805 103.772 3
      vertex 4.58527 103.942 3
    endloop
  endfacet
  facet normal -0.289167 -0.957279 -0
    outer loop
      vertex 5.14805 103.772 3
      vertex 4.58527 103.942 1.90735e-07
      vertex 5.14805 103.772 1.90735e-07
    endloop
  endfacet
  facet normal 0.634303 -0.773084 0
    outer loop
      vertex -6.12132 103.121 1.90735e-07
      vertex -5.66671 103.494 3
      vertex -6.12132 103.121 3
    endloop
  endfacet
  facet normal 0.634303 -0.773084 0
    outer loop
      vertex -5.66671 103.494 3
      vertex -6.12132 103.121 1.90735e-07
      vertex -5.66671 103.494 1.90735e-07
    endloop
  endfacet
  facet normal 0.290413 0.956901 -0
    outer loop
      vertex -4.58527 96.0576 1.90735e-07
      vertex -5.14805 96.2284 3
      vertex -4.58527 96.0576 3
    endloop
  endfacet
  facet normal 0.290413 0.956901 0
    outer loop
      vertex -5.14805 96.2284 3
      vertex -4.58527 96.0576 1.90735e-07
      vertex -5.14805 96.2284 1.90735e-07
    endloop
  endfacet
  facet normal 0.995186 0.0980053 0
    outer loop
      vertex -6.94236 98.4147 3
      vertex -7 99 1.90735e-07
      vertex -7 99 3
    endloop
  endfacet
  facet normal 0.995186 0.0980053 0
    outer loop
      vertex -7 99 1.90735e-07
      vertex -6.94236 98.4147 3
      vertex -6.94236 98.4147 1.90735e-07
    endloop
  endfacet
  facet normal -0.634303 -0.773084 0
    outer loop
      vertex 5.66671 103.494 1.90735e-07
      vertex 6.12132 103.121 3
      vertex 5.66671 103.494 3
    endloop
  endfacet
  facet normal -0.634303 -0.773084 -0
    outer loop
      vertex 6.12132 103.121 3
      vertex 5.66671 103.494 1.90735e-07
      vertex 6.12132 103.121 1.90735e-07
    endloop
  endfacet
  facet normal 0 1 -0
    outer loop
      vertex 4 96 1.90735e-07
      vertex -4 96 3
      vertex 4 96 3
    endloop
  endfacet
  facet normal 0 1 0
    outer loop
      vertex -4 96 3
      vertex 4 96 1.90735e-07
      vertex -4 96 1.90735e-07
    endloop
  endfacet
  facet normal 0.773003 0.634403 0
    outer loop
      vertex -6.12132 96.8787 3
      vertex -6.49441 97.3333 1.90735e-07
      vertex -6.49441 97.3333 3
    endloop
  endfacet
  facet normal 0.773003 0.634403 0
    outer loop
      vertex -6.49441 97.3333 1.90735e-07
      vertex -6.12132 96.8787 3
      vertex -6.12132 96.8787 1.90735e-07
    endloop
  endfacet
  facet normal 0.882049 -0.471157 0
    outer loop
      vertex -6.77164 102.148 3
      vertex -6.49441 102.667 1.90735e-07
      vertex -6.49441 102.667 3
    endloop
  endfacet
  facet normal 0.882049 -0.471157 0
    outer loop
      vertex -6.49441 102.667 1.90735e-07
      vertex -6.77164 102.148 3
      vertex -6.77164 102.148 1.90735e-07
    endloop
  endfacet
  facet normal -0.471358 0.881942 0
    outer loop
      vertex 5.66671 96.5056 1.90735e-07
      vertex 5.14805 96.2284 3
      vertex 5.66671 96.5056 3
    endloop
  endfacet
  facet normal -0.471358 0.881942 0
    outer loop
      vertex 5.14805 96.2284 3
      vertex 5.66671 96.5056 1.90735e-07
      vertex 5.14805 96.2284 1.90735e-07
    endloop
  endfacet
  facet normal -0.290413 0.956901 0
    outer loop
      vertex 5.14805 96.2284 1.90735e-07
      vertex 4.58527 96.0576 3
      vertex 5.14805 96.2284 3
    endloop
  endfacet
  facet normal -0.290413 0.956901 0
    outer loop
      vertex 4.58527 96.0576 3
      vertex 5.14805 96.2284 1.90735e-07
      vertex 4.58527 96.0576 1.90735e-07
    endloop
  endfacet
  facet normal 0.881936 0.471369 0
    outer loop
      vertex -6.49441 97.3333 3
      vertex -6.77164 97.852 1.90735e-07
      vertex -6.77164 97.852 3
    endloop
  endfacet
  facet normal 0.881936 0.471369 0
    outer loop
      vertex -6.77164 97.852 1.90735e-07
      vertex -6.49441 97.3333 3
      vertex -6.49441 97.3333 1.90735e-07
    endloop
  endfacet
  facet normal -0.634405 0.773001 0
    outer loop
      vertex 6.12132 96.8787 1.90735e-07
      vertex 5.66671 96.5056 3
      vertex 6.12132 96.8787 3
    endloop
  endfacet
  facet normal -0.634405 0.773001 0
    outer loop
      vertex 5.66671 96.5056 3
      vertex 6.12132 96.8787 1.90735e-07
      vertex 5.66671 96.5056 1.90735e-07
    endloop
  endfacet
  facet normal -0.773003 0.634403 0
    outer loop
      vertex 6.12132 96.8787 1.90735e-07
      vertex 6.49441 97.3333 3
      vertex 6.49441 97.3333 1.90735e-07
    endloop
  endfacet
  facet normal -0.773003 0.634403 0
    outer loop
      vertex 6.49441 97.3333 3
      vertex 6.12132 96.8787 1.90735e-07
      vertex 6.12132 96.8787 3
    endloop
  endfacet
  facet normal -0.956928 0.290326 0
    outer loop
      vertex 6.77164 97.852 1.90735e-07
      vertex 6.94236 98.4147 3
      vertex 6.94236 98.4147 1.90735e-07
    endloop
  endfacet
  facet normal -0.956928 0.290326 0
    outer loop
      vertex 6.94236 98.4147 3
      vertex 6.77164 97.852 1.90735e-07
      vertex 6.77164 97.852 3
    endloop
  endfacet
  facet normal -0.881936 0.471369 0
    outer loop
      vertex 6.49441 97.3333 1.90735e-07
      vertex 6.77164 97.852 3
      vertex 6.77164 97.852 1.90735e-07
    endloop
  endfacet
  facet normal -0.881936 0.471369 0
    outer loop
      vertex 6.77164 97.852 3
      vertex 6.49441 97.3333 1.90735e-07
      vertex 6.49441 97.3333 3
    endloop
  endfacet
  facet normal -0.0979429 0.995192 0
    outer loop
      vertex 4.58527 96.0576 1.90735e-07
      vertex 4 96 3
      vertex 4.58527 96.0576 3
    endloop
  endfacet
  facet normal -0.0979429 0.995192 0
    outer loop
      vertex 4 96 3
      vertex 4.58527 96.0576 1.90735e-07
      vertex 4 96 1.90735e-07
    endloop
  endfacet
  facet normal -0.923845 -0.0309404 0.381515
    outer loop
      vertex -10.8742 0.858046 21.1174
      vertex -10.7443 3.82289 21.6724
      vertex -10.8742 3.84823 21.3599
    endloop
  endfacet
  facet normal -0.923845 -0.0309404 0.381515
    outer loop
      vertex -10.7443 3.82289 21.6724
      vertex -10.8742 0.858046 21.1174
      vertex -10.7443 0.832707 21.4299
    endloop
  endfacet
  facet normal -0.991445 -0.0105506 0.130096
    outer loop
      vertex -10.7443 0.832707 21.4299
      vertex -10.7 3.7957 22.0078
      vertex -10.7443 3.82289 21.6724
    endloop
  endfacet
  facet normal -0.991445 -0.0105506 0.130096
    outer loop
      vertex -10.7 3.7957 22.0078
      vertex -10.7443 0.832707 21.4299
      vertex -10.7 0.805515 21.7653
    endloop
  endfacet
  facet normal 0.130653 -0.0801076 0.988187
    outer loop
      vertex -12.3365 3.89718 20.7562
      vertex -12 0.910576 20.4696
      vertex -12 3.90076 20.712
    endloop
  endfacet
  facet normal 0.130364 -0.0801435 0.988222
    outer loop
      vertex -12 0.910576 20.4696
      vertex -12.3365 3.89718 20.7562
      vertex -12.3365 0.906996 20.5137
    endloop
  endfacet
  facet normal -0.99144 0.0105537 -0.130134
    outer loop
      vertex -10.7 0.805515 21.7653
      vertex -10.7443 3.76851 22.3431
      vertex -10.7 3.7957 22.0078
    endloop
  endfacet
  facet normal -0.991445 0.0105463 -0.130096
    outer loop
      vertex -10.7443 3.76851 22.3431
      vertex -10.7 0.805515 21.7653
      vertex -10.7443 0.778324 22.1007
    endloop
  endfacet
  facet normal -0.382605 0.0746828 -0.920889
    outer loop
      vertex -11.6635 3.69422 23.2594
      vertex -11.35 0.71453 22.8875
      vertex -11.6635 0.704035 23.0169
    endloop
  endfacet
  facet normal -0.382857 0.0746437 -0.920787
    outer loop
      vertex -11.35 0.71453 22.8875
      vertex -11.6635 3.69422 23.2594
      vertex -11.35 3.70472 23.1299
    endloop
  endfacet
  facet normal 0.923845 0.0309277 -0.381516
    outer loop
      vertex -13.1258 3.74317 22.6556
      vertex -13.2557 0.778324 22.1007
      vertex -13.2557 3.76851 22.3431
    endloop
  endfacet
  facet normal 0.923845 0.0309277 -0.381516
    outer loop
      vertex -13.2557 0.778324 22.1007
      vertex -13.1258 3.74317 22.6556
      vertex -13.1258 0.752985 22.4132
    endloop
  endfacet
  facet normal 0.608783 -0.0641016 0.790743
    outer loop
      vertex -12.9192 3.86999 21.0915
      vertex -12.65 0.8965 20.6432
      vertex -12.65 3.88669 20.8856
    endloop
  endfacet
  facet normal 0.608783 -0.0641017 0.790743
    outer loop
      vertex -12.65 0.8965 20.6432
      vertex -12.9192 3.86999 21.0915
      vertex -12.9192 0.879804 20.8491
    endloop
  endfacet
  facet normal -0.608967 0.0640902 -0.790602
    outer loop
      vertex -11.35 3.70472 23.1299
      vertex -11.0808 0.731226 22.6815
      vertex -11.35 0.71453 22.8875
    endloop
  endfacet
  facet normal -0.608782 0.0641281 -0.790742
    outer loop
      vertex -11.0808 0.731226 22.6815
      vertex -11.35 3.70472 23.1299
      vertex -11.0808 3.72141 22.924
    endloop
  endfacet
  facet normal 0.382604 -0.0746829 0.920889
    outer loop
      vertex -12.65 3.88669 20.8856
      vertex -12.3365 0.906996 20.5137
      vertex -12.3365 3.89718 20.7562
    endloop
  endfacet
  facet normal 0.382856 -0.0746437 0.920787
    outer loop
      vertex -12.3365 0.906996 20.5137
      vertex -12.65 3.88669 20.8856
      vertex -12.65 0.8965 20.6432
    endloop
  endfacet
  facet normal 0.923845 -0.0309404 0.381515
    outer loop
      vertex -13.2557 3.82289 21.6724
      vertex -13.1258 0.858046 21.1174
      vertex -13.1258 3.84823 21.3599
    endloop
  endfacet
  facet normal 0.923845 -0.0309404 0.381515
    outer loop
      vertex -13.1258 0.858046 21.1174
      vertex -13.2557 3.82289 21.6724
      vertex -13.2557 0.832707 21.4299
    endloop
  endfacet
  facet normal 0.991445 -0.0105506 0.130096
    outer loop
      vertex -13.3 3.7957 22.0078
      vertex -13.2557 0.832707 21.4299
      vertex -13.2557 3.82289 21.6724
    endloop
  endfacet
  facet normal 0.991445 -0.0105506 0.130096
    outer loop
      vertex -13.2557 0.832707 21.4299
      vertex -13.3 3.7957 22.0078
      vertex -13.3 0.805515 21.7653
    endloop
  endfacet
  facet normal -0.382604 -0.0746829 0.920889
    outer loop
      vertex -11.6635 0.906996 20.5137
      vertex -11.35 3.88669 20.8856
      vertex -11.6635 3.89718 20.7562
    endloop
  endfacet
  facet normal -0.382856 -0.0746437 0.920787
    outer loop
      vertex -11.35 3.88669 20.8856
      vertex -11.6635 0.906996 20.5137
      vertex -11.35 0.8965 20.6432
    endloop
  endfacet
  facet normal 0.793391 -0.0491841 0.606722
    outer loop
      vertex -13.1258 3.84823 21.3599
      vertex -12.9192 0.879804 20.8491
      vertex -12.9192 3.86999 21.0915
    endloop
  endfacet
  facet normal 0.793282 -0.0492157 0.606862
    outer loop
      vertex -12.9192 0.879804 20.8491
      vertex -13.1258 3.84823 21.3599
      vertex -13.1258 0.858046 21.1174
    endloop
  endfacet
  facet normal -0.793391 0.0491841 -0.606722
    outer loop
      vertex -10.8742 0.752985 22.4132
      vertex -11.0808 3.72141 22.924
      vertex -10.8742 3.74317 22.6556
    endloop
  endfacet
  facet normal -0.793282 0.0492157 -0.606862
    outer loop
      vertex -11.0808 3.72141 22.924
      vertex -10.8742 0.752985 22.4132
      vertex -11.0808 0.731226 22.6815
    endloop
  endfacet
  facet normal -0.923845 0.0309277 -0.381516
    outer loop
      vertex -10.7443 0.778324 22.1007
      vertex -10.8742 3.74317 22.6556
      vertex -10.7443 3.76851 22.3431
    endloop
  endfacet
  facet normal -0.923845 0.0309277 -0.381516
    outer loop
      vertex -10.8742 3.74317 22.6556
      vertex -10.7443 0.778324 22.1007
      vertex -10.8742 0.752985 22.4132
    endloop
  endfacet
  facet normal 0.608967 0.0640902 -0.790602
    outer loop
      vertex -12.9192 0.731226 22.6815
      vertex -12.65 3.70472 23.1299
      vertex -12.65 0.71453 22.8875
    endloop
  endfacet
  facet normal 0.608782 0.0641281 -0.790742
    outer loop
      vertex -12.65 3.70472 23.1299
      vertex -12.9192 0.731226 22.6815
      vertex -12.9192 3.72141 22.924
    endloop
  endfacet
  facet normal 0.130653 0.0801076 -0.988187
    outer loop
      vertex -12.3365 0.704035 23.0169
      vertex -12 3.69064 23.3035
      vertex -12 0.700455 23.0611
    endloop
  endfacet
  facet normal 0.130364 0.0801435 -0.988222
    outer loop
      vertex -12 3.69064 23.3035
      vertex -12.3365 0.704035 23.0169
      vertex -12.3365 3.69422 23.2594
    endloop
  endfacet
  facet normal -0.130653 0.0801076 -0.988187
    outer loop
      vertex -12 3.69064 23.3035
      vertex -11.6635 0.704035 23.0169
      vertex -12 0.700455 23.0611
    endloop
  endfacet
  facet normal -0.130364 0.0801435 -0.988222
    outer loop
      vertex -11.6635 0.704035 23.0169
      vertex -12 3.69064 23.3035
      vertex -11.6635 3.69422 23.2594
    endloop
  endfacet
  facet normal 0.99144 0.0105537 -0.130134
    outer loop
      vertex -13.2557 3.76851 22.3431
      vertex -13.3 0.805515 21.7653
      vertex -13.3 3.7957 22.0078
    endloop
  endfacet
  facet normal 0.991445 0.0105463 -0.130096
    outer loop
      vertex -13.3 0.805515 21.7653
      vertex -13.2557 3.76851 22.3431
      vertex -13.2557 0.778324 22.1007
    endloop
  endfacet
  facet normal -0.793391 -0.0491841 0.606722
    outer loop
      vertex -11.0808 0.879804 20.8491
      vertex -10.8742 3.84823 21.3599
      vertex -11.0808 3.86999 21.0915
    endloop
  endfacet
  facet normal -0.793282 -0.0492157 0.606862
    outer loop
      vertex -10.8742 3.84823 21.3599
      vertex -11.0808 0.879804 20.8491
      vertex -10.8742 0.858046 21.1174
    endloop
  endfacet
  facet normal -0.130653 -0.0801076 0.988187
    outer loop
      vertex -12 0.910576 20.4696
      vertex -11.6635 3.89718 20.7562
      vertex -12 3.90076 20.712
    endloop
  endfacet
  facet normal -0.130364 -0.0801435 0.988222
    outer loop
      vertex -11.6635 3.89718 20.7562
      vertex -12 0.910576 20.4696
      vertex -11.6635 0.906996 20.5137
    endloop
  endfacet
  facet normal -0.608783 -0.0641016 0.790743
    outer loop
      vertex -11.35 0.8965 20.6432
      vertex -11.0808 3.86999 21.0915
      vertex -11.35 3.88669 20.8856
    endloop
  endfacet
  facet normal -0.608783 -0.0641017 0.790743
    outer loop
      vertex -11.0808 3.86999 21.0915
      vertex -11.35 0.8965 20.6432
      vertex -11.0808 0.879804 20.8491
    endloop
  endfacet
  facet normal 0.382605 0.0746828 -0.920889
    outer loop
      vertex -12.65 0.71453 22.8875
      vertex -12.3365 3.69422 23.2594
      vertex -12.3365 0.704035 23.0169
    endloop
  endfacet
  facet normal 0.382857 0.0746437 -0.920787
    outer loop
      vertex -12.3365 3.69422 23.2594
      vertex -12.65 0.71453 22.8875
      vertex -12.65 3.70472 23.1299
    endloop
  endfacet
  facet normal 0.793391 0.0491841 -0.606722
    outer loop
      vertex -12.9192 3.72141 22.924
      vertex -13.1258 0.752985 22.4132
      vertex -13.1258 3.74317 22.6556
    endloop
  endfacet
  facet normal 0.793282 0.0492157 -0.606862
    outer loop
      vertex -13.1258 0.752985 22.4132
      vertex -12.9192 3.72141 22.924
      vertex -12.9192 0.731226 22.6815
    endloop
  endfacet
  facet normal -0.923845 -0.0309404 0.381515
    outer loop
      vertex 13.1258 0.858046 21.1174
      vertex 13.2557 3.82289 21.6724
      vertex 13.1258 3.84823 21.3599
    endloop
  endfacet
  facet normal -0.923845 -0.0309404 0.381515
    outer loop
      vertex 13.2557 3.82289 21.6724
      vertex 13.1258 0.858046 21.1174
      vertex 13.2557 0.832707 21.4299
    endloop
  endfacet
  facet normal -0.991445 -0.0105506 0.130096
    outer loop
      vertex 13.2557 0.832707 21.4299
      vertex 13.3 3.7957 22.0078
      vertex 13.2557 3.82289 21.6724
    endloop
  endfacet
  facet normal -0.991445 -0.0105506 0.130096
    outer loop
      vertex 13.3 3.7957 22.0078
      vertex 13.2557 0.832707 21.4299
      vertex 13.3 0.805515 21.7653
    endloop
  endfacet
  facet normal 0.130653 -0.0801076 0.988187
    outer loop
      vertex 11.6635 3.89718 20.7562
      vertex 12 0.910576 20.4696
      vertex 12 3.90076 20.712
    endloop
  endfacet
  facet normal 0.130364 -0.0801435 0.988222
    outer loop
      vertex 12 0.910576 20.4696
      vertex 11.6635 3.89718 20.7562
      vertex 11.6635 0.906996 20.5137
    endloop
  endfacet
  facet normal -0.99144 0.0105537 -0.130134
    outer loop
      vertex 13.3 0.805515 21.7653
      vertex 13.2557 3.76851 22.3431
      vertex 13.3 3.7957 22.0078
    endloop
  endfacet
  facet normal -0.991445 0.0105463 -0.130096
    outer loop
      vertex 13.2557 3.76851 22.3431
      vertex 13.3 0.805515 21.7653
      vertex 13.2557 0.778324 22.1007
    endloop
  endfacet
  facet normal -0.382605 0.0746828 -0.920889
    outer loop
      vertex 12.3365 3.69422 23.2594
      vertex 12.65 0.71453 22.8875
      vertex 12.3365 0.704035 23.0169
    endloop
  endfacet
  facet normal -0.382857 0.0746437 -0.920787
    outer loop
      vertex 12.65 0.71453 22.8875
      vertex 12.3365 3.69422 23.2594
      vertex 12.65 3.70472 23.1299
    endloop
  endfacet
  facet normal 0.923845 0.0309277 -0.381516
    outer loop
      vertex 10.8742 3.74317 22.6556
      vertex 10.7443 0.778324 22.1007
      vertex 10.7443 3.76851 22.3431
    endloop
  endfacet
  facet normal 0.923845 0.0309277 -0.381516
    outer loop
      vertex 10.7443 0.778324 22.1007
      vertex 10.8742 3.74317 22.6556
      vertex 10.8742 0.752985 22.4132
    endloop
  endfacet
  facet normal 0.608783 -0.0641016 0.790743
    outer loop
      vertex 11.0808 3.86999 21.0915
      vertex 11.35 0.8965 20.6432
      vertex 11.35 3.88669 20.8856
    endloop
  endfacet
  facet normal 0.608783 -0.0641017 0.790743
    outer loop
      vertex 11.35 0.8965 20.6432
      vertex 11.0808 3.86999 21.0915
      vertex 11.0808 0.879804 20.8491
    endloop
  endfacet
  facet normal -0.608967 0.0640902 -0.790602
    outer loop
      vertex 12.65 3.70472 23.1299
      vertex 12.9192 0.731226 22.6815
      vertex 12.65 0.71453 22.8875
    endloop
  endfacet
  facet normal -0.608782 0.0641281 -0.790742
    outer loop
      vertex 12.9192 0.731226 22.6815
      vertex 12.65 3.70472 23.1299
      vertex 12.9192 3.72141 22.924
    endloop
  endfacet
  facet normal 0.382604 -0.0746829 0.920889
    outer loop
      vertex 11.35 3.88669 20.8856
      vertex 11.6635 0.906996 20.5137
      vertex 11.6635 3.89718 20.7562
    endloop
  endfacet
  facet normal 0.382856 -0.0746437 0.920787
    outer loop
      vertex 11.6635 0.906996 20.5137
      vertex 11.35 3.88669 20.8856
      vertex 11.35 0.8965 20.6432
    endloop
  endfacet
  facet normal 0.923845 -0.0309404 0.381515
    outer loop
      vertex 10.7443 3.82289 21.6724
      vertex 10.8742 0.858046 21.1174
      vertex 10.8742 3.84823 21.3599
    endloop
  endfacet
  facet normal 0.923845 -0.0309404 0.381515
    outer loop
      vertex 10.8742 0.858046 21.1174
      vertex 10.7443 3.82289 21.6724
      vertex 10.7443 0.832707 21.4299
    endloop
  endfacet
  facet normal 0.991445 -0.0105506 0.130096
    outer loop
      vertex 10.7 3.7957 22.0078
      vertex 10.7443 0.832707 21.4299
      vertex 10.7443 3.82289 21.6724
    endloop
  endfacet
  facet normal 0.991445 -0.0105506 0.130096
    outer loop
      vertex 10.7443 0.832707 21.4299
      vertex 10.7 3.7957 22.0078
      vertex 10.7 0.805515 21.7653
    endloop
  endfacet
  facet normal -0.382604 -0.0746829 0.920889
    outer loop
      vertex 12.3365 0.906996 20.5137
      vertex 12.65 3.88669 20.8856
      vertex 12.3365 3.89718 20.7562
    endloop
  endfacet
  facet normal -0.382856 -0.0746437 0.920787
    outer loop
      vertex 12.65 3.88669 20.8856
      vertex 12.3365 0.906996 20.5137
      vertex 12.65 0.8965 20.6432
    endloop
  endfacet
  facet normal 0.793391 -0.0491841 0.606722
    outer loop
      vertex 10.8742 3.84823 21.3599
      vertex 11.0808 0.879804 20.8491
      vertex 11.0808 3.86999 21.0915
    endloop
  endfacet
  facet normal 0.793282 -0.0492157 0.606862
    outer loop
      vertex 11.0808 0.879804 20.8491
      vertex 10.8742 3.84823 21.3599
      vertex 10.8742 0.858046 21.1174
    endloop
  endfacet
  facet normal -0.793391 0.0491841 -0.606722
    outer loop
      vertex 13.1258 0.752985 22.4132
      vertex 12.9192 3.72141 22.924
      vertex 13.1258 3.74317 22.6556
    endloop
  endfacet
  facet normal -0.793282 0.0492157 -0.606862
    outer loop
      vertex 12.9192 3.72141 22.924
      vertex 13.1258 0.752985 22.4132
      vertex 12.9192 0.731226 22.6815
    endloop
  endfacet
  facet normal -0.923845 0.0309277 -0.381516
    outer loop
      vertex 13.2557 0.778324 22.1007
      vertex 13.1258 3.74317 22.6556
      vertex 13.2557 3.76851 22.3431
    endloop
  endfacet
  facet normal -0.923845 0.0309277 -0.381516
    outer loop
      vertex 13.1258 3.74317 22.6556
      vertex 13.2557 0.778324 22.1007
      vertex 13.1258 0.752985 22.4132
    endloop
  endfacet
  facet normal 0.608967 0.0640902 -0.790602
    outer loop
      vertex 11.0808 0.731226 22.6815
      vertex 11.35 3.70472 23.1299
      vertex 11.35 0.71453 22.8875
    endloop
  endfacet
  facet normal 0.608782 0.0641281 -0.790742
    outer loop
      vertex 11.35 3.70472 23.1299
      vertex 11.0808 0.731226 22.6815
      vertex 11.0808 3.72141 22.924
    endloop
  endfacet
  facet normal 0.130653 0.0801076 -0.988187
    outer loop
      vertex 11.6635 0.704035 23.0169
      vertex 12 3.69064 23.3035
      vertex 12 0.700455 23.0611
    endloop
  endfacet
  facet normal 0.130364 0.0801435 -0.988222
    outer loop
      vertex 12 3.69064 23.3035
      vertex 11.6635 0.704035 23.0169
      vertex 11.6635 3.69422 23.2594
    endloop
  endfacet
  facet normal -0.130653 0.0801076 -0.988187
    outer loop
      vertex 12 3.69064 23.3035
      vertex 12.3365 0.704035 23.0169
      vertex 12 0.700455 23.0611
    endloop
  endfacet
  facet normal -0.130364 0.0801435 -0.988222
    outer loop
      vertex 12.3365 0.704035 23.0169
      vertex 12 3.69064 23.3035
      vertex 12.3365 3.69422 23.2594
    endloop
  endfacet
  facet normal 0.99144 0.0105537 -0.130134
    outer loop
      vertex 10.7443 3.76851 22.3431
      vertex 10.7 0.805515 21.7653
      vertex 10.7 3.7957 22.0078
    endloop
  endfacet
  facet normal 0.991445 0.0105463 -0.130096
    outer loop
      vertex 10.7 0.805515 21.7653
      vertex 10.7443 3.76851 22.3431
      vertex 10.7443 0.778324 22.1007
    endloop
  endfacet
  facet normal -0.793391 -0.0491841 0.606722
    outer loop
      vertex 12.9192 0.879804 20.8491
      vertex 13.1258 3.84823 21.3599
      vertex 12.9192 3.86999 21.0915
    endloop
  endfacet
  facet normal -0.793282 -0.0492157 0.606862
    outer loop
      vertex 13.1258 3.84823 21.3599
      vertex 12.9192 0.879804 20.8491
      vertex 13.1258 0.858046 21.1174
    endloop
  endfacet
  facet normal -0.130653 -0.0801076 0.988187
    outer loop
      vertex 12 0.910576 20.4696
      vertex 12.3365 3.89718 20.7562
      vertex 12 3.90076 20.712
    endloop
  endfacet
  facet normal -0.130364 -0.0801435 0.988222
    outer loop
      vertex 12.3365 3.89718 20.7562
      vertex 12 0.910576 20.4696
      vertex 12.3365 0.906996 20.5137
    endloop
  endfacet
  facet normal -0.608783 -0.0641016 0.790743
    outer loop
      vertex 12.65 0.8965 20.6432
      vertex 12.9192 3.86999 21.0915
      vertex 12.65 3.88669 20.8856
    endloop
  endfacet
  facet normal -0.608783 -0.0641017 0.790743
    outer loop
      vertex 12.9192 3.86999 21.0915
      vertex 12.65 0.8965 20.6432
      vertex 12.9192 0.879804 20.8491
    endloop
  endfacet
  facet normal 0.382605 0.0746828 -0.920889
    outer loop
      vertex 11.35 0.71453 22.8875
      vertex 11.6635 3.69422 23.2594
      vertex 11.6635 0.704035 23.0169
    endloop
  endfacet
  facet normal 0.382857 0.0746437 -0.920787
    outer loop
      vertex 11.6635 3.69422 23.2594
      vertex 11.35 0.71453 22.8875
      vertex 11.35 3.70472 23.1299
    endloop
  endfacet
  facet normal 0.793391 0.0491841 -0.606722
    outer loop
      vertex 11.0808 3.72141 22.924
      vertex 10.8742 0.752985 22.4132
      vertex 10.8742 3.74317 22.6556
    endloop
  endfacet
  facet normal 0.793282 0.0492157 -0.606862
    outer loop
      vertex 10.8742 0.752985 22.4132
      vertex 11.0808 3.72141 22.924
      vertex 11.0808 0.731226 22.6815
    endloop
  endfacet
  facet normal -1 0 0
    outer loop
      vertex 10 126.9 1.90735e-07
      vertex 10 125.4 2
      vertex 10 126.9 2
    endloop
  endfacet
  facet normal -1 0 0
    outer loop
      vertex 10 125.4 2
      vertex 10 122 3
      vertex 10 125.4 3
    endloop
  endfacet
  facet normal -1 0 0
    outer loop
      vertex 10 119 1.90735e-07
      vertex 10 125.4 2
      vertex 10 126.9 1.90735e-07
    endloop
  endfacet
  facet normal -1 0 0
    outer loop
      vertex 10 122 3
      vertex 10 120.4 3
      vertex 10 122 4
    endloop
  endfacet
  facet normal -1 -0 0
    outer loop
      vertex 10 125.4 2
      vertex 10 119 1.90735e-07
      vertex 10 122 3
    endloop
  endfacet
  facet normal -1 -0 0
    outer loop
      vertex 10 122 3
      vertex 10 119 1.90735e-07
      vertex 10 120.4 3
    endloop
  endfacet
  facet normal -1 -0 0
    outer loop
      vertex 10 120.4 3
      vertex 10 119 1.90735e-07
      vertex 10 119 3
    endloop
  endfacet
  facet normal -1 -0 0
    outer loop
      vertex 10 122 4
      vertex 10 120.4 3
      vertex 10 120.4 4
    endloop
  endfacet
  facet normal 0 1 -0
    outer loop
      vertex 10 119 1.90735e-07
      vertex -10 119 3
      vertex 10 119 3
    endloop
  endfacet
  facet normal 0 1 0
    outer loop
      vertex -10 119 3
      vertex 10 119 1.90735e-07
      vertex -10 119 1.90735e-07
    endloop
  endfacet
  facet normal 1 0 0
    outer loop
      vertex -10 122 4
      vertex -10 120.4 4
      vertex -10 122 3
    endloop
  endfacet
  facet normal 1 0 0
    outer loop
      vertex -10 125.4 3
      vertex -10 122 3
      vertex -10 125.4 2
    endloop
  endfacet
  facet normal 1 -0 0
    outer loop
      vertex -10 125.4 2
      vertex -10 126.9 1.90735e-07
      vertex -10 126.9 2
    endloop
  endfacet
  facet normal 1 0 0
    outer loop
      vertex -10 119 1.90735e-07
      vertex -10 125.4 2
      vertex -10 122 3
    endloop
  endfacet
  facet normal 1 0 0
    outer loop
      vertex -10 120.4 3
      vertex -10 122 3
      vertex -10 120.4 4
    endloop
  endfacet
  facet normal 1 0 0
    outer loop
      vertex -10 119 1.90735e-07
      vertex -10 122 3
      vertex -10 120.4 3
    endloop
  endfacet
  facet normal 1 0 0
    outer loop
      vertex -10 119 1.90735e-07
      vertex -10 120.4 3
      vertex -10 119 3
    endloop
  endfacet
  facet normal 1 0 0
    outer loop
      vertex -10 125.4 2
      vertex -10 119 1.90735e-07
      vertex -10 126.9 1.90735e-07
    endloop
  endfacet
  facet normal 0 0 -1
    outer loop
      vertex -10 120.4 4
      vertex -6.7 122 4
      vertex -6.7 120.4 4
    endloop
  endfacet
  facet normal -0 0 -1
    outer loop
      vertex -6.7 122 4
      vertex -10 120.4 4
      vertex -10 122 4
    endloop
  endfacet
  facet normal 0 0 -1
    outer loop
      vertex 6.7 120.4 4
      vertex 10 122 4
      vertex 10 120.4 4
    endloop
  endfacet
  facet normal -0 0 -1
    outer loop
      vertex 10 122 4
      vertex 6.7 120.4 4
      vertex 6.7 122 4
    endloop
  endfacet
  facet normal -1 0 0
    outer loop
      vertex 10 139 1.90735e-07
      vertex 10 136.4 2
      vertex 10 139 3
    endloop
  endfacet
  facet normal -1 0 0
    outer loop
      vertex 10 135.4 1.90735e-07
      vertex 10 136.4 2
      vertex 10 139 1.90735e-07
    endloop
  endfacet
  facet normal -1 -0 0
    outer loop
      vertex 10 136.4 2
      vertex 10 135.4 1.90735e-07
      vertex 10 135.4 2
    endloop
  endfacet
  facet normal -1 -0 0
    outer loop
      vertex 10 139 3
      vertex 10 136.4 2
      vertex 10 136.4 3
    endloop
  endfacet
  facet normal 0 1 -0
    outer loop
      vertex 10 135.4 1.90735e-07
      vertex 9.5 135.4 2
      vertex 10 135.4 2
    endloop
  endfacet
  facet normal 0 1 0
    outer loop
      vertex 9.5 135.4 2
      vertex 10 135.4 1.90735e-07
      vertex -9.5 135.4 2
    endloop
  endfacet
  facet normal 0 1 0
    outer loop
      vertex -10 135.4 1.90735e-07
      vertex -9.5 135.4 2
      vertex 10 135.4 1.90735e-07
    endloop
  endfacet
  facet normal 0 1 0
    outer loop
      vertex -9.5 135.4 2
      vertex -10 135.4 1.90735e-07
      vertex -10 135.4 2
    endloop
  endfacet
  facet normal 0 1 -0
    outer loop
      vertex 9.5 135.4 2
      vertex -9.5 135.4 3
      vertex 9.5 135.4 3
    endloop
  endfacet
  facet normal 0 1 0
    outer loop
      vertex -9.5 135.4 3
      vertex 9.5 135.4 2
      vertex -9.5 135.4 2
    endloop
  endfacet
  facet normal 1 0 0
    outer loop
      vertex -10 136.4 2
      vertex -10 139 3
      vertex -10 136.4 3
    endloop
  endfacet
  facet normal 1 0 0
    outer loop
      vertex -10 139 3
      vertex -10 136.4 2
      vertex -10 139 1.90735e-07
    endloop
  endfacet
  facet normal 1 0 0
    outer loop
      vertex -10 135.4 1.90735e-07
      vertex -10 136.4 2
      vertex -10 135.4 2
    endloop
  endfacet
  facet normal 1 0 0
    outer loop
      vertex -10 136.4 2
      vertex -10 135.4 1.90735e-07
      vertex -10 139 1.90735e-07
    endloop
  endfacet
  facet normal -1 0 0
    outer loop
      vertex -9.5 126.9 2
      vertex -9.5 135.4 3
      vertex -9.5 135.4 2
    endloop
  endfacet
  facet normal -1 -0 0
    outer loop
      vertex -9.5 135.4 3
      vertex -9.5 126.9 2
      vertex -9.5 126.9 3
    endloop
  endfacet
  facet normal 0 -1 0
    outer loop
      vertex -13.5 136.4 2
      vertex -12.3 136.4 3
      vertex -13.5 136.4 3
    endloop
  endfacet
  facet normal 0 -1 0
    outer loop
      vertex -10 136.4 2
      vertex -12.3 136.4 3
      vertex -13.5 136.4 2
    endloop
  endfacet
  facet normal 0 -1 0
    outer loop
      vertex -12.3 136.4 3
      vertex -10 136.4 2
      vertex -10.7 136.4 3
    endloop
  endfacet
  facet normal 0 -1 0
    outer loop
      vertex -10.7 136.4 3
      vertex -10 136.4 2
      vertex -10 136.4 3
    endloop
  endfacet
  facet normal 0 -1 0
    outer loop
      vertex -12.3 136.4 3
      vertex -10.7 136.4 30.1
      vertex -12.3 136.4 30.1
    endloop
  endfacet
  facet normal 0 -1 -0
    outer loop
      vertex -10.7 136.4 30.1
      vertex -12.3 136.4 3
      vertex -10.7 136.4 3
    endloop
  endfacet
  facet normal 0 1 -0
    outer loop
      vertex -10 125.4 2
      vertex -10.7 125.4 3
      vertex -10 125.4 3
    endloop
  endfacet
  facet normal 0 1 0
    outer loop
      vertex -10.7 125.4 3
      vertex -10 125.4 2
      vertex -12.3 125.4 3
    endloop
  endfacet
  facet normal 0 1 0
    outer loop
      vertex -13.5 125.4 2
      vertex -12.3 125.4 3
      vertex -10 125.4 2
    endloop
  endfacet
  facet normal 0 1 0
    outer loop
      vertex -12.3 125.4 3
      vertex -13.5 125.4 2
      vertex -13.5 125.4 3
    endloop
  endfacet
  facet normal 0 1 -0
    outer loop
      vertex -10.7 125.4 3
      vertex -12.3 125.4 30.1
      vertex -10.7 125.4 30.1
    endloop
  endfacet
  facet normal 0 1 0
    outer loop
      vertex -12.3 125.4 30.1
      vertex -10.7 125.4 3
      vertex -12.3 125.4 3
    endloop
  endfacet
  facet normal 1 -0 0
    outer loop
      vertex -13.5 125.4 3
      vertex -13.5 136.4 2
      vertex -13.5 136.4 3
    endloop
  endfacet
  facet normal 1 0 0
    outer loop
      vertex -13.5 136.4 2
      vertex -13.5 125.4 3
      vertex -13.5 125.4 2
    endloop
  endfacet
  facet normal -0 0 1
    outer loop
      vertex -13.5 136.4 2
      vertex -10 135.4 2
      vertex -10 136.4 2
    endloop
  endfacet
  facet normal 0 0 1
    outer loop
      vertex -10 135.4 2
      vertex -13.5 136.4 2
      vertex -10 126.9 2
    endloop
  endfacet
  facet normal 0 0 1
    outer loop
      vertex -13.5 125.4 2
      vertex -10 126.9 2
      vertex -13.5 136.4 2
    endloop
  endfacet
  facet normal 0 0 1
    outer loop
      vertex -10 126.9 2
      vertex -13.5 125.4 2
      vertex -10 125.4 2
    endloop
  endfacet
  facet normal -0 0 1
    outer loop
      vertex -10 135.4 2
      vertex -9.5 126.9 2
      vertex -9.5 135.4 2
    endloop
  endfacet
  facet normal 0 0 1
    outer loop
      vertex -9.5 126.9 2
      vertex -10 135.4 2
      vertex -10 126.9 2
    endloop
  endfacet
  facet normal -1 0 0
    outer loop
      vertex 13.5 125.4 2
      vertex 13.5 136.4 3
      vertex 13.5 136.4 2
    endloop
  endfacet
  facet normal -1 -0 0
    outer loop
      vertex 13.5 136.4 3
      vertex 13.5 125.4 2
      vertex 13.5 125.4 3
    endloop
  endfacet
  facet normal 0 -1 0
    outer loop
      vertex 10 136.4 2
      vertex 10.7 136.4 3
      vertex 10 136.4 3
    endloop
  endfacet
  facet normal 0 -1 -0
    outer loop
      vertex 10.7 136.4 3
      vertex 10 136.4 2
      vertex 12.3 136.4 3
    endloop
  endfacet
  facet normal 0 -1 0
    outer loop
      vertex 13.5 136.4 2
      vertex 12.3 136.4 3
      vertex 10 136.4 2
    endloop
  endfacet
  facet normal 0 -1 0
    outer loop
      vertex 12.3 136.4 3
      vertex 13.5 136.4 2
      vertex 13.5 136.4 3
    endloop
  endfacet
  facet normal 0 -1 0
    outer loop
      vertex 10.7 136.4 3
      vertex 12.3 136.4 30.1
      vertex 10.7 136.4 30.1
    endloop
  endfacet
  facet normal 0 -1 -0
    outer loop
      vertex 12.3 136.4 30.1
      vertex 10.7 136.4 3
      vertex 12.3 136.4 3
    endloop
  endfacet
  facet normal 0 1 -0
    outer loop
      vertex 13.5 125.4 2
      vertex 12.3 125.4 3
      vertex 13.5 125.4 3
    endloop
  endfacet
  facet normal 0 1 0
    outer loop
      vertex 10 125.4 2
      vertex 12.3 125.4 3
      vertex 13.5 125.4 2
    endloop
  endfacet
  facet normal 0 1 0
    outer loop
      vertex 12.3 125.4 3
      vertex 10 125.4 2
      vertex 10.7 125.4 3
    endloop
  endfacet
  facet normal 0 1 0
    outer loop
      vertex 10.7 125.4 3
      vertex 10 125.4 2
      vertex 10 125.4 3
    endloop
  endfacet
  facet normal 0 1 -0
    outer loop
      vertex 12.3 125.4 3
      vertex 10.7 125.4 30.1
      vertex 12.3 125.4 30.1
    endloop
  endfacet
  facet normal 0 1 0
    outer loop
      vertex 10.7 125.4 30.1
      vertex 12.3 125.4 3
      vertex 10.7 125.4 3
    endloop
  endfacet
  facet normal 1 -0 0
    outer loop
      vertex 9.5 126.9 3
      vertex 9.5 135.4 2
      vertex 9.5 135.4 3
    endloop
  endfacet
  facet normal 1 0 0
    outer loop
      vertex 9.5 135.4 2
      vertex 9.5 126.9 3
      vertex 9.5 126.9 2
    endloop
  endfacet
  facet normal -0 0 1
    outer loop
      vertex 9.5 135.4 2
      vertex 10 126.9 2
      vertex 10 135.4 2
    endloop
  endfacet
  facet normal 0 0 1
    outer loop
      vertex 10 126.9 2
      vertex 9.5 135.4 2
      vertex 9.5 126.9 2
    endloop
  endfacet
  facet normal 0 0 1
    outer loop
      vertex 10 135.4 2
      vertex 13.5 136.4 2
      vertex 10 136.4 2
    endloop
  endfacet
  facet normal 0 0 1
    outer loop
      vertex 10 126.9 2
      vertex 13.5 136.4 2
      vertex 10 135.4 2
    endloop
  endfacet
  facet normal 0 0 1
    outer loop
      vertex 13.5 136.4 2
      vertex 10 126.9 2
      vertex 13.5 125.4 2
    endloop
  endfacet
  facet normal 0 0 1
    outer loop
      vertex 13.5 125.4 2
      vertex 10 126.9 2
      vertex 10 125.4 2
    endloop
  endfacet
  facet normal -1 0 0
    outer loop
      vertex 6 5.19093 4.8
      vertex 6 4 4.8
      vertex 6 4 19.4881
    endloop
  endfacet
  facet normal 0 1 -0
    outer loop
      vertex 6 4 4.8
      vertex -6 4 19.4881
      vertex 6 4 19.4881
    endloop
  endfacet
  facet normal 0 1 0
    outer loop
      vertex -6 4 19.4881
      vertex 6 4 4.8
      vertex -6 4 4.8
    endloop
  endfacet
  facet normal 1 0 0
    outer loop
      vertex -6 4 4.8
      vertex -6 5.19093 4.8
      vertex -6 4 19.4881
    endloop
  endfacet
  facet normal -0 0 1
    outer loop
      vertex -6 5.19093 4.8
      vertex 6 4 4.8
      vertex 6 5.19093 4.8
    endloop
  endfacet
  facet normal 0 0 1
    outer loop
      vertex 6 4 4.8
      vertex -6 5.19093 4.8
      vertex -6 4 4.8
    endloop
  endfacet
endsolid OpenSCAD_Model
