solid OpenSCAD_Model
  facet normal 0.608764 -0.793351 0
    outer loop
      vertex -24.4253 -6.07469 0
      vertex -24.125 -5.84426 2
      vertex -24.4253 -6.07469 2
    endloop
  endfacet
  facet normal 0.608764 -0.793351 0
    outer loop
      vertex -24.125 -5.84426 2
      vertex -24.4253 -6.07469 0
      vertex -24.125 -5.84426 0
    endloop
  endfacet
  facet normal 0.793389 0.608714 0
    outer loop
      vertex -24.4253 -10.5253 2
      vertex -24.6557 -10.225 0
      vertex -24.6557 -10.225 2
    endloop
  endfacet
  facet normal 0.793389 0.608714 0
    outer loop
      vertex -24.6557 -10.225 0
      vertex -24.4253 -10.5253 2
      vertex -24.4253 -10.5253 0
    endloop
  endfacet
  facet normal -0.608764 -0.793351 0
    outer loop
      vertex -22.675 -5.84426 0
      vertex -22.3747 -6.07469 2
      vertex -22.675 -5.84426 2
    endloop
  endfacet
  facet normal -0.608764 -0.793351 -0
    outer loop
      vertex -22.3747 -6.07469 2
      vertex -22.675 -5.84426 0
      vertex -22.3747 -6.07469 0
    endloop
  endfacet
  facet normal 0.793399 -0.608702 0
    outer loop
      vertex -24.6557 -6.375 2
      vertex -24.4253 -6.07469 0
      vertex -24.4253 -6.07469 2
    endloop
  endfacet
  facet normal 0.793399 -0.608702 0
    outer loop
      vertex -24.4253 -6.07469 0
      vertex -24.6557 -6.375 2
      vertex -24.6557 -6.375 0
    endloop
  endfacet
  facet normal -0.130502 0.991448 0
    outer loop
      vertex -23.0247 -10.9006 0
      vertex -23.4 -10.95 2
      vertex -23.0247 -10.9006 2
    endloop
  endfacet
  facet normal -0.130502 0.991448 0
    outer loop
      vertex -23.4 -10.95 2
      vertex -23.0247 -10.9006 0
      vertex -23.4 -10.95 0
    endloop
  endfacet
  facet normal 0.991448 0.130506 0
    outer loop
      vertex -24.8006 -9.87529 2
      vertex -24.85 -9.5 0
      vertex -24.85 -9.5 2
    endloop
  endfacet
  facet normal 0.991448 0.130506 0
    outer loop
      vertex -24.85 -9.5 0
      vertex -24.8006 -9.87529 2
      vertex -24.8006 -9.87529 0
    endloop
  endfacet
  facet normal 1 -0 0
    outer loop
      vertex -24.85 -9.5 2
      vertex -24.85 -7.1 0
      vertex -24.85 -7.1 2
    endloop
  endfacet
  facet normal 1 0 0
    outer loop
      vertex -24.85 -7.1 0
      vertex -24.85 -9.5 2
      vertex -24.85 -9.5 0
    endloop
  endfacet
  facet normal 0.382682 -0.92388 0
    outer loop
      vertex -24.125 -5.84426 0
      vertex -23.7753 -5.69941 2
      vertex -24.125 -5.84426 2
    endloop
  endfacet
  facet normal 0.382682 -0.92388 0
    outer loop
      vertex -23.7753 -5.69941 2
      vertex -24.125 -5.84426 0
      vertex -23.7753 -5.69941 0
    endloop
  endfacet
  facet normal 0.382795 0.923833 -0
    outer loop
      vertex -23.7753 -10.9006 0
      vertex -24.125 -10.7557 2
      vertex -23.7753 -10.9006 2
    endloop
  endfacet
  facet normal 0.382795 0.923833 0
    outer loop
      vertex -24.125 -10.7557 2
      vertex -23.7753 -10.9006 0
      vertex -24.125 -10.7557 0
    endloop
  endfacet
  facet normal 0.130502 0.991448 -0
    outer loop
      vertex -23.4 -10.95 0
      vertex -23.7753 -10.9006 2
      vertex -23.4 -10.95 2
    endloop
  endfacet
  facet normal 0.130502 0.991448 0
    outer loop
      vertex -23.7753 -10.9006 2
      vertex -23.4 -10.95 0
      vertex -23.7753 -10.9006 0
    endloop
  endfacet
  facet normal -0.991448 0.130506 0
    outer loop
      vertex -21.9994 -9.87529 0
      vertex -21.95 -9.5 2
      vertex -21.95 -9.5 0
    endloop
  endfacet
  facet normal -0.991448 0.130506 0
    outer loop
      vertex -21.95 -9.5 2
      vertex -21.9994 -9.87529 0
      vertex -21.9994 -9.87529 2
    endloop
  endfacet
  facet normal 0.130528 -0.991445 0
    outer loop
      vertex -23.7753 -5.69941 0
      vertex -23.4 -5.65 2
      vertex -23.7753 -5.69941 2
    endloop
  endfacet
  facet normal 0.130528 -0.991445 0
    outer loop
      vertex -23.4 -5.65 2
      vertex -23.7753 -5.69941 0
      vertex -23.4 -5.65 0
    endloop
  endfacet
  facet normal -0.130528 -0.991445 0
    outer loop
      vertex -23.4 -5.65 0
      vertex -23.0247 -5.69941 2
      vertex -23.4 -5.65 2
    endloop
  endfacet
  facet normal -0.130528 -0.991445 -0
    outer loop
      vertex -23.0247 -5.69941 2
      vertex -23.4 -5.65 0
      vertex -23.0247 -5.69941 0
    endloop
  endfacet
  facet normal 0.991448 -0.130506 0
    outer loop
      vertex -24.85 -7.1 2
      vertex -24.8006 -6.72471 0
      vertex -24.8006 -6.72471 2
    endloop
  endfacet
  facet normal 0.991448 -0.130506 0
    outer loop
      vertex -24.8006 -6.72471 0
      vertex -24.85 -7.1 2
      vertex -24.85 -7.1 0
    endloop
  endfacet
  facet normal 0.608714 0.793389 -0
    outer loop
      vertex -24.125 -10.7557 0
      vertex -24.4253 -10.5253 2
      vertex -24.125 -10.7557 2
    endloop
  endfacet
  facet normal 0.608714 0.793389 0
    outer loop
      vertex -24.4253 -10.5253 2
      vertex -24.125 -10.7557 0
      vertex -24.4253 -10.5253 0
    endloop
  endfacet
  facet normal 0.923837 -0.382786 0
    outer loop
      vertex -24.8006 -6.72471 2
      vertex -24.6557 -6.375 0
      vertex -24.6557 -6.375 2
    endloop
  endfacet
  facet normal 0.923837 -0.382786 0
    outer loop
      vertex -24.6557 -6.375 0
      vertex -24.8006 -6.72471 2
      vertex -24.8006 -6.72471 0
    endloop
  endfacet
  facet normal -0.793389 0.608714 0
    outer loop
      vertex -22.3747 -10.5253 0
      vertex -22.1443 -10.225 2
      vertex -22.1443 -10.225 0
    endloop
  endfacet
  facet normal -0.793389 0.608714 0
    outer loop
      vertex -22.1443 -10.225 2
      vertex -22.3747 -10.5253 0
      vertex -22.3747 -10.5253 2
    endloop
  endfacet
  facet normal 0.923837 0.382786 0
    outer loop
      vertex -24.6557 -10.225 2
      vertex -24.8006 -9.87529 0
      vertex -24.8006 -9.87529 2
    endloop
  endfacet
  facet normal 0.923837 0.382786 0
    outer loop
      vertex -24.8006 -9.87529 0
      vertex -24.6557 -10.225 2
      vertex -24.6557 -10.225 0
    endloop
  endfacet
  facet normal -0.923837 0.382786 0
    outer loop
      vertex -22.1443 -10.225 0
      vertex -21.9994 -9.87529 2
      vertex -21.9994 -9.87529 0
    endloop
  endfacet
  facet normal -0.923837 0.382786 0
    outer loop
      vertex -21.9994 -9.87529 2
      vertex -22.1443 -10.225 0
      vertex -22.1443 -10.225 2
    endloop
  endfacet
  facet normal -0.793399 -0.608702 0
    outer loop
      vertex -22.1443 -6.375 0
      vertex -22.3747 -6.07469 2
      vertex -22.3747 -6.07469 0
    endloop
  endfacet
  facet normal -0.793399 -0.608702 0
    outer loop
      vertex -22.3747 -6.07469 2
      vertex -22.1443 -6.375 0
      vertex -22.1443 -6.375 2
    endloop
  endfacet
  facet normal -0.991448 -0.130506 0
    outer loop
      vertex -21.95 -7.1 0
      vertex -21.9994 -6.72471 2
      vertex -21.9994 -6.72471 0
    endloop
  endfacet
  facet normal -0.991448 -0.130506 0
    outer loop
      vertex -21.9994 -6.72471 2
      vertex -21.95 -7.1 0
      vertex -21.95 -7.1 2
    endloop
  endfacet
  facet normal -0.608714 0.793389 0
    outer loop
      vertex -22.3747 -10.5253 0
      vertex -22.675 -10.7557 2
      vertex -22.3747 -10.5253 2
    endloop
  endfacet
  facet normal -0.608714 0.793389 0
    outer loop
      vertex -22.675 -10.7557 2
      vertex -22.3747 -10.5253 0
      vertex -22.675 -10.7557 0
    endloop
  endfacet
  facet normal -0.923837 -0.382786 0
    outer loop
      vertex -21.9994 -6.72471 0
      vertex -22.1443 -6.375 2
      vertex -22.1443 -6.375 0
    endloop
  endfacet
  facet normal -0.923837 -0.382786 0
    outer loop
      vertex -22.1443 -6.375 2
      vertex -21.9994 -6.72471 0
      vertex -21.9994 -6.72471 2
    endloop
  endfacet
  facet normal -0.382682 -0.92388 0
    outer loop
      vertex -23.0247 -5.69941 0
      vertex -22.675 -5.84426 2
      vertex -23.0247 -5.69941 2
    endloop
  endfacet
  facet normal -0.382682 -0.92388 -0
    outer loop
      vertex -22.675 -5.84426 2
      vertex -23.0247 -5.69941 0
      vertex -22.675 -5.84426 0
    endloop
  endfacet
  facet normal -1 0 0
    outer loop
      vertex -21.95 -9.5 0
      vertex -21.95 -7.1 2
      vertex -21.95 -7.1 0
    endloop
  endfacet
  facet normal -1 -0 0
    outer loop
      vertex -21.95 -7.1 2
      vertex -21.95 -9.5 0
      vertex -21.95 -9.5 2
    endloop
  endfacet
  facet normal -0.382795 0.923833 0
    outer loop
      vertex -22.675 -10.7557 0
      vertex -23.0247 -10.9006 2
      vertex -22.675 -10.7557 2
    endloop
  endfacet
  facet normal -0.382795 0.923833 0
    outer loop
      vertex -23.0247 -10.9006 2
      vertex -22.675 -10.7557 0
      vertex -23.0247 -10.9006 0
    endloop
  endfacet
  facet normal 0.608764 -0.793351 0
    outer loop
      vertex 22.3747 -6.07469 0
      vertex 22.675 -5.84426 2
      vertex 22.3747 -6.07469 2
    endloop
  endfacet
  facet normal 0.608764 -0.793351 0
    outer loop
      vertex 22.675 -5.84426 2
      vertex 22.3747 -6.07469 0
      vertex 22.675 -5.84426 0
    endloop
  endfacet
  facet normal 0.793389 0.608714 0
    outer loop
      vertex 22.3747 -10.5253 2
      vertex 22.1443 -10.225 0
      vertex 22.1443 -10.225 2
    endloop
  endfacet
  facet normal 0.793389 0.608714 0
    outer loop
      vertex 22.1443 -10.225 0
      vertex 22.3747 -10.5253 2
      vertex 22.3747 -10.5253 0
    endloop
  endfacet
  facet normal -0.608764 -0.793351 0
    outer loop
      vertex 24.125 -5.84426 0
      vertex 24.4253 -6.07469 2
      vertex 24.125 -5.84426 2
    endloop
  endfacet
  facet normal -0.608764 -0.793351 -0
    outer loop
      vertex 24.4253 -6.07469 2
      vertex 24.125 -5.84426 0
      vertex 24.4253 -6.07469 0
    endloop
  endfacet
  facet normal 0.793399 -0.608702 0
    outer loop
      vertex 22.1443 -6.375 2
      vertex 22.3747 -6.07469 0
      vertex 22.3747 -6.07469 2
    endloop
  endfacet
  facet normal 0.793399 -0.608702 0
    outer loop
      vertex 22.3747 -6.07469 0
      vertex 22.1443 -6.375 2
      vertex 22.1443 -6.375 0
    endloop
  endfacet
  facet normal -0.382682 -0.92388 0
    outer loop
      vertex 23.7753 -5.69941 0
      vertex 24.125 -5.84426 2
      vertex 23.7753 -5.69941 2
    endloop
  endfacet
  facet normal -0.382682 -0.92388 -0
    outer loop
      vertex 24.125 -5.84426 2
      vertex 23.7753 -5.69941 0
      vertex 24.125 -5.84426 0
    endloop
  endfacet
  facet normal -0.130502 0.991448 0
    outer loop
      vertex 23.7753 -10.9006 0
      vertex 23.4 -10.95 2
      vertex 23.7753 -10.9006 2
    endloop
  endfacet
  facet normal -0.130502 0.991448 0
    outer loop
      vertex 23.4 -10.95 2
      vertex 23.7753 -10.9006 0
      vertex 23.4 -10.95 0
    endloop
  endfacet
  facet normal 0.991448 0.130506 0
    outer loop
      vertex 21.9994 -9.87529 2
      vertex 21.95 -9.5 0
      vertex 21.95 -9.5 2
    endloop
  endfacet
  facet normal 0.991448 0.130506 0
    outer loop
      vertex 21.95 -9.5 0
      vertex 21.9994 -9.87529 2
      vertex 21.9994 -9.87529 0
    endloop
  endfacet
  facet normal 1 -0 0
    outer loop
      vertex 21.95 -9.5 2
      vertex 21.95 -7.1 0
      vertex 21.95 -7.1 2
    endloop
  endfacet
  facet normal 1 0 0
    outer loop
      vertex 21.95 -7.1 0
      vertex 21.95 -9.5 2
      vertex 21.95 -9.5 0
    endloop
  endfacet
  facet normal 0.382682 -0.92388 0
    outer loop
      vertex 22.675 -5.84426 0
      vertex 23.0247 -5.69941 2
      vertex 22.675 -5.84426 2
    endloop
  endfacet
  facet normal 0.382682 -0.92388 0
    outer loop
      vertex 23.0247 -5.69941 2
      vertex 22.675 -5.84426 0
      vertex 23.0247 -5.69941 0
    endloop
  endfacet
  facet normal 0.382795 0.923833 -0
    outer loop
      vertex 23.0247 -10.9006 0
      vertex 22.675 -10.7557 2
      vertex 23.0247 -10.9006 2
    endloop
  endfacet
  facet normal 0.382795 0.923833 0
    outer loop
      vertex 22.675 -10.7557 2
      vertex 23.0247 -10.9006 0
      vertex 22.675 -10.7557 0
    endloop
  endfacet
  facet normal 0.130502 0.991448 -0
    outer loop
      vertex 23.4 -10.95 0
      vertex 23.0247 -10.9006 2
      vertex 23.4 -10.95 2
    endloop
  endfacet
  facet normal 0.130502 0.991448 0
    outer loop
      vertex 23.0247 -10.9006 2
      vertex 23.4 -10.95 0
      vertex 23.0247 -10.9006 0
    endloop
  endfacet
  facet normal -0.991448 0.130506 0
    outer loop
      vertex 24.8006 -9.87529 0
      vertex 24.85 -9.5 2
      vertex 24.85 -9.5 0
    endloop
  endfacet
  facet normal -0.991448 0.130506 0
    outer loop
      vertex 24.85 -9.5 2
      vertex 24.8006 -9.87529 0
      vertex 24.8006 -9.87529 2
    endloop
  endfacet
  facet normal 0.130528 -0.991445 0
    outer loop
      vertex 23.0247 -5.69941 0
      vertex 23.4 -5.65 2
      vertex 23.0247 -5.69941 2
    endloop
  endfacet
  facet normal 0.130528 -0.991445 0
    outer loop
      vertex 23.4 -5.65 2
      vertex 23.0247 -5.69941 0
      vertex 23.4 -5.65 0
    endloop
  endfacet
  facet normal -0.130528 -0.991445 0
    outer loop
      vertex 23.4 -5.65 0
      vertex 23.7753 -5.69941 2
      vertex 23.4 -5.65 2
    endloop
  endfacet
  facet normal -0.130528 -0.991445 -0
    outer loop
      vertex 23.7753 -5.69941 2
      vertex 23.4 -5.65 0
      vertex 23.7753 -5.69941 0
    endloop
  endfacet
  facet normal 0.991448 -0.130506 0
    outer loop
      vertex 21.95 -7.1 2
      vertex 21.9994 -6.72471 0
      vertex 21.9994 -6.72471 2
    endloop
  endfacet
  facet normal 0.991448 -0.130506 0
    outer loop
      vertex 21.9994 -6.72471 0
      vertex 21.95 -7.1 2
      vertex 21.95 -7.1 0
    endloop
  endfacet
  facet normal 0.608714 0.793389 -0
    outer loop
      vertex 22.675 -10.7557 0
      vertex 22.3747 -10.5253 2
      vertex 22.675 -10.7557 2
    endloop
  endfacet
  facet normal 0.608714 0.793389 0
    outer loop
      vertex 22.3747 -10.5253 2
      vertex 22.675 -10.7557 0
      vertex 22.3747 -10.5253 0
    endloop
  endfacet
  facet normal 0.923837 -0.382786 0
    outer loop
      vertex 21.9994 -6.72471 2
      vertex 22.1443 -6.375 0
      vertex 22.1443 -6.375 2
    endloop
  endfacet
  facet normal 0.923837 -0.382786 0
    outer loop
      vertex 22.1443 -6.375 0
      vertex 21.9994 -6.72471 2
      vertex 21.9994 -6.72471 0
    endloop
  endfacet
  facet normal -0.793389 0.608714 0
    outer loop
      vertex 24.4253 -10.5253 0
      vertex 24.6557 -10.225 2
      vertex 24.6557 -10.225 0
    endloop
  endfacet
  facet normal -0.793389 0.608714 0
    outer loop
      vertex 24.6557 -10.225 2
      vertex 24.4253 -10.5253 0
      vertex 24.4253 -10.5253 2
    endloop
  endfacet
  facet normal 0.923837 0.382786 0
    outer loop
      vertex 22.1443 -10.225 2
      vertex 21.9994 -9.87529 0
      vertex 21.9994 -9.87529 2
    endloop
  endfacet
  facet normal 0.923837 0.382786 0
    outer loop
      vertex 21.9994 -9.87529 0
      vertex 22.1443 -10.225 2
      vertex 22.1443 -10.225 0
    endloop
  endfacet
  facet normal -0.923837 0.382786 0
    outer loop
      vertex 24.6557 -10.225 0
      vertex 24.8006 -9.87529 2
      vertex 24.8006 -9.87529 0
    endloop
  endfacet
  facet normal -0.923837 0.382786 0
    outer loop
      vertex 24.8006 -9.87529 2
      vertex 24.6557 -10.225 0
      vertex 24.6557 -10.225 2
    endloop
  endfacet
  facet normal -0.793399 -0.608702 0
    outer loop
      vertex 24.6557 -6.375 0
      vertex 24.4253 -6.07469 2
      vertex 24.4253 -6.07469 0
    endloop
  endfacet
  facet normal -0.793399 -0.608702 0
    outer loop
      vertex 24.4253 -6.07469 2
      vertex 24.6557 -6.375 0
      vertex 24.6557 -6.375 2
    endloop
  endfacet
  facet normal -0.991448 -0.130506 0
    outer loop
      vertex 24.85 -7.1 0
      vertex 24.8006 -6.72471 2
      vertex 24.8006 -6.72471 0
    endloop
  endfacet
  facet normal -0.991448 -0.130506 0
    outer loop
      vertex 24.8006 -6.72471 2
      vertex 24.85 -7.1 0
      vertex 24.85 -7.1 2
    endloop
  endfacet
  facet normal -0.608714 0.793389 0
    outer loop
      vertex 24.4253 -10.5253 0
      vertex 24.125 -10.7557 2
      vertex 24.4253 -10.5253 2
    endloop
  endfacet
  facet normal -0.608714 0.793389 0
    outer loop
      vertex 24.125 -10.7557 2
      vertex 24.4253 -10.5253 0
      vertex 24.125 -10.7557 0
    endloop
  endfacet
  facet normal -0.923837 -0.382786 0
    outer loop
      vertex 24.8006 -6.72471 0
      vertex 24.6557 -6.375 2
      vertex 24.6557 -6.375 0
    endloop
  endfacet
  facet normal -0.923837 -0.382786 0
    outer loop
      vertex 24.6557 -6.375 2
      vertex 24.8006 -6.72471 0
      vertex 24.8006 -6.72471 2
    endloop
  endfacet
  facet normal -1 0 0
    outer loop
      vertex 24.85 -9.5 0
      vertex 24.85 -7.1 2
      vertex 24.85 -7.1 0
    endloop
  endfacet
  facet normal -1 -0 0
    outer loop
      vertex 24.85 -7.1 2
      vertex 24.85 -9.5 0
      vertex 24.85 -9.5 2
    endloop
  endfacet
  facet normal -0.382795 0.923833 0
    outer loop
      vertex 24.125 -10.7557 0
      vertex 23.7753 -10.9006 2
      vertex 24.125 -10.7557 2
    endloop
  endfacet
  facet normal -0.382795 0.923833 0
    outer loop
      vertex 23.7753 -10.9006 2
      vertex 24.125 -10.7557 0
      vertex 23.7753 -10.9006 0
    endloop
  endfacet
  facet normal 0.608713 -0.79339 0
    outer loop
      vertex -1.0253 25.8253 0
      vertex -0.724999 26.0557 2
      vertex -1.0253 25.8253 2
    endloop
  endfacet
  facet normal 0.608713 -0.79339 0
    outer loop
      vertex -0.724999 26.0557 2
      vertex -1.0253 25.8253 0
      vertex -0.724999 26.0557 0
    endloop
  endfacet
  facet normal 0.793338 0.608781 0
    outer loop
      vertex -1.0253 21.3747 2
      vertex -1.25574 21.675 0
      vertex -1.25574 21.675 2
    endloop
  endfacet
  facet normal 0.793338 0.608781 0
    outer loop
      vertex -1.25574 21.675 0
      vertex -1.0253 21.3747 2
      vertex -1.0253 21.3747 0
    endloop
  endfacet
  facet normal -0.608713 -0.79339 0
    outer loop
      vertex 0.724999 26.0557 0
      vertex 1.0253 25.8253 2
      vertex 0.724999 26.0557 2
    endloop
  endfacet
  facet normal -0.608713 -0.79339 -0
    outer loop
      vertex 1.0253 25.8253 2
      vertex 0.724999 26.0557 0
      vertex 1.0253 25.8253 0
    endloop
  endfacet
  facet normal 0.793338 -0.608781 0
    outer loop
      vertex -1.25574 25.525 2
      vertex -1.0253 25.8253 0
      vertex -1.0253 25.8253 2
    endloop
  endfacet
  facet normal 0.793338 -0.608781 0
    outer loop
      vertex -1.0253 25.8253 0
      vertex -1.25574 25.525 2
      vertex -1.25574 25.525 0
    endloop
  endfacet
  facet normal -0.130507 0.991447 0
    outer loop
      vertex 0.375287 20.9994 0
      vertex 0 20.95 2
      vertex 0.375287 20.9994 2
    endloop
  endfacet
  facet normal -0.130507 0.991447 0
    outer loop
      vertex 0 20.95 2
      vertex 0.375287 20.9994 0
      vertex 0 20.95 0
    endloop
  endfacet
  facet normal 0.991445 0.130528 0
    outer loop
      vertex -1.40059 22.0247 2
      vertex -1.45 22.4 0
      vertex -1.45 22.4 2
    endloop
  endfacet
  facet normal 0.991445 0.130528 0
    outer loop
      vertex -1.45 22.4 0
      vertex -1.40059 22.0247 2
      vertex -1.40059 22.0247 0
    endloop
  endfacet
  facet normal 1 -0 0
    outer loop
      vertex -1.45 22.4 2
      vertex -1.45 24.8 0
      vertex -1.45 24.8 2
    endloop
  endfacet
  facet normal 1 0 0
    outer loop
      vertex -1.45 24.8 0
      vertex -1.45 22.4 2
      vertex -1.45 22.4 0
    endloop
  endfacet
  facet normal 0.382784 -0.923838 0
    outer loop
      vertex -0.724999 26.0557 0
      vertex -0.375287 26.2006 2
      vertex -0.724999 26.0557 2
    endloop
  endfacet
  facet normal 0.382784 -0.923838 0
    outer loop
      vertex -0.375287 26.2006 2
      vertex -0.724999 26.0557 0
      vertex -0.375287 26.2006 0
    endloop
  endfacet
  facet normal 0.382784 0.923838 -0
    outer loop
      vertex -0.375287 20.9994 0
      vertex -0.724999 21.1443 2
      vertex -0.375287 20.9994 2
    endloop
  endfacet
  facet normal 0.382784 0.923838 0
    outer loop
      vertex -0.724999 21.1443 2
      vertex -0.375287 20.9994 0
      vertex -0.724999 21.1443 0
    endloop
  endfacet
  facet normal 0.130507 0.991447 -0
    outer loop
      vertex 0 20.95 0
      vertex -0.375287 20.9994 2
      vertex 0 20.95 2
    endloop
  endfacet
  facet normal 0.130507 0.991447 0
    outer loop
      vertex -0.375287 20.9994 2
      vertex 0 20.95 0
      vertex -0.375287 20.9994 0
    endloop
  endfacet
  facet normal -0.991445 0.130528 0
    outer loop
      vertex 1.40059 22.0247 0
      vertex 1.45 22.4 2
      vertex 1.45 22.4 0
    endloop
  endfacet
  facet normal -0.991445 0.130528 0
    outer loop
      vertex 1.45 22.4 2
      vertex 1.40059 22.0247 0
      vertex 1.40059 22.0247 2
    endloop
  endfacet
  facet normal 0.130507 -0.991447 0
    outer loop
      vertex -0.375287 26.2006 0
      vertex 0 26.25 2
      vertex -0.375287 26.2006 2
    endloop
  endfacet
  facet normal 0.130507 -0.991447 0
    outer loop
      vertex 0 26.25 2
      vertex -0.375287 26.2006 0
      vertex 0 26.25 0
    endloop
  endfacet
  facet normal -0.130507 -0.991447 0
    outer loop
      vertex 0 26.25 0
      vertex 0.375287 26.2006 2
      vertex 0 26.25 2
    endloop
  endfacet
  facet normal -0.130507 -0.991447 -0
    outer loop
      vertex 0.375287 26.2006 2
      vertex 0 26.25 0
      vertex 0.375287 26.2006 0
    endloop
  endfacet
  facet normal 0.991445 -0.130528 0
    outer loop
      vertex -1.45 24.8 2
      vertex -1.40059 25.1753 0
      vertex -1.40059 25.1753 2
    endloop
  endfacet
  facet normal 0.991445 -0.130528 0
    outer loop
      vertex -1.40059 25.1753 0
      vertex -1.45 24.8 2
      vertex -1.45 24.8 0
    endloop
  endfacet
  facet normal 0.608713 0.79339 -0
    outer loop
      vertex -0.724999 21.1443 0
      vertex -1.0253 21.3747 2
      vertex -0.724999 21.1443 2
    endloop
  endfacet
  facet normal 0.608713 0.79339 0
    outer loop
      vertex -1.0253 21.3747 2
      vertex -0.724999 21.1443 0
      vertex -1.0253 21.3747 0
    endloop
  endfacet
  facet normal 0.92388 -0.382682 0
    outer loop
      vertex -1.40059 25.1753 2
      vertex -1.25574 25.525 0
      vertex -1.25574 25.525 2
    endloop
  endfacet
  facet normal 0.92388 -0.382682 0
    outer loop
      vertex -1.25574 25.525 0
      vertex -1.40059 25.1753 2
      vertex -1.40059 25.1753 0
    endloop
  endfacet
  facet normal -0.793338 0.608781 0
    outer loop
      vertex 1.0253 21.3747 0
      vertex 1.25574 21.675 2
      vertex 1.25574 21.675 0
    endloop
  endfacet
  facet normal -0.793338 0.608781 0
    outer loop
      vertex 1.25574 21.675 2
      vertex 1.0253 21.3747 0
      vertex 1.0253 21.3747 2
    endloop
  endfacet
  facet normal -0.608713 0.79339 0
    outer loop
      vertex 1.0253 21.3747 0
      vertex 0.724999 21.1443 2
      vertex 1.0253 21.3747 2
    endloop
  endfacet
  facet normal -0.608713 0.79339 0
    outer loop
      vertex 0.724999 21.1443 2
      vertex 1.0253 21.3747 0
      vertex 0.724999 21.1443 0
    endloop
  endfacet
  facet normal 0.92388 0.382682 0
    outer loop
      vertex -1.25574 21.675 2
      vertex -1.40059 22.0247 0
      vertex -1.40059 22.0247 2
    endloop
  endfacet
  facet normal 0.92388 0.382682 0
    outer loop
      vertex -1.40059 22.0247 0
      vertex -1.25574 21.675 2
      vertex -1.25574 21.675 0
    endloop
  endfacet
  facet normal -0.92388 0.382682 0
    outer loop
      vertex 1.25574 21.675 0
      vertex 1.40059 22.0247 2
      vertex 1.40059 22.0247 0
    endloop
  endfacet
  facet normal -0.92388 0.382682 0
    outer loop
      vertex 1.40059 22.0247 2
      vertex 1.25574 21.675 0
      vertex 1.25574 21.675 2
    endloop
  endfacet
  facet normal -0.793338 -0.608781 0
    outer loop
      vertex 1.25574 25.525 0
      vertex 1.0253 25.8253 2
      vertex 1.0253 25.8253 0
    endloop
  endfacet
  facet normal -0.793338 -0.608781 0
    outer loop
      vertex 1.0253 25.8253 2
      vertex 1.25574 25.525 0
      vertex 1.25574 25.525 2
    endloop
  endfacet
  facet normal -0.991445 -0.130528 0
    outer loop
      vertex 1.45 24.8 0
      vertex 1.40059 25.1753 2
      vertex 1.40059 25.1753 0
    endloop
  endfacet
  facet normal -0.991445 -0.130528 0
    outer loop
      vertex 1.40059 25.1753 2
      vertex 1.45 24.8 0
      vertex 1.45 24.8 2
    endloop
  endfacet
  facet normal -0.92388 -0.382682 0
    outer loop
      vertex 1.40059 25.1753 0
      vertex 1.25574 25.525 2
      vertex 1.25574 25.525 0
    endloop
  endfacet
  facet normal -0.92388 -0.382682 0
    outer loop
      vertex 1.25574 25.525 2
      vertex 1.40059 25.1753 0
      vertex 1.40059 25.1753 2
    endloop
  endfacet
  facet normal -0.382784 -0.923838 0
    outer loop
      vertex 0.375287 26.2006 0
      vertex 0.724999 26.0557 2
      vertex 0.375287 26.2006 2
    endloop
  endfacet
  facet normal -0.382784 -0.923838 -0
    outer loop
      vertex 0.724999 26.0557 2
      vertex 0.375287 26.2006 0
      vertex 0.724999 26.0557 0
    endloop
  endfacet
  facet normal -1 0 0
    outer loop
      vertex 1.45 22.4 0
      vertex 1.45 24.8 2
      vertex 1.45 24.8 0
    endloop
  endfacet
  facet normal -1 -0 0
    outer loop
      vertex 1.45 24.8 2
      vertex 1.45 22.4 0
      vertex 1.45 22.4 2
    endloop
  endfacet
  facet normal -0.382784 0.923838 0
    outer loop
      vertex 0.724999 21.1443 0
      vertex 0.375287 20.9994 2
      vertex 0.724999 21.1443 2
    endloop
  endfacet
  facet normal -0.382784 0.923838 0
    outer loop
      vertex 0.375287 20.9994 2
      vertex 0.724999 21.1443 0
      vertex 0.375287 20.9994 0
    endloop
  endfacet
  facet normal 0.0491626 -0.998791 0
    outer loop
      vertex 27 -29 0
      vertex 27.3921 -28.9807 2
      vertex 27 -29 2
    endloop
  endfacet
  facet normal 0.0491626 -0.998791 0
    outer loop
      vertex 27.3921 -28.9807 2
      vertex 27 -29 0
      vertex 27.3921 -28.9807 0
    endloop
  endfacet
  facet normal 0.242835 0.970068 -0
    outer loop
      vertex 28.1611 28.8278 0
      vertex 27.7804 28.9231 2
      vertex 28.1611 28.8278 2
    endloop
  endfacet
  facet normal 0.242835 0.970068 0
    outer loop
      vertex 27.7804 28.9231 2
      vertex 28.1611 28.8278 0
      vertex 27.7804 28.9231 0
    endloop
  endfacet
  facet normal 0.904044 -0.42744 0
    outer loop
      vertex 30.5277 -26.8856 2
      vertex 30.6955 -26.5307 0
      vertex 30.6955 -26.5307 2
    endloop
  endfacet
  facet normal 0.904044 -0.42744 0
    outer loop
      vertex 30.6955 -26.5307 0
      vertex 30.5277 -26.8856 2
      vertex 30.5277 -26.8856 0
    endloop
  endfacet
  facet normal 0.85774 -0.514084 0
    outer loop
      vertex 30.3259 -27.2223 2
      vertex 30.5277 -26.8856 0
      vertex 30.5277 -26.8856 2
    endloop
  endfacet
  facet normal 0.85774 -0.514084 0
    outer loop
      vertex 30.5277 -26.8856 0
      vertex 30.3259 -27.2223 2
      vertex 30.3259 -27.2223 0
    endloop
  endfacet
  facet normal -1 0 0
    outer loop
      vertex -31 -25 0
      vertex -31 25 2
      vertex -31 25 0
    endloop
  endfacet
  facet normal -1 -0 0
    outer loop
      vertex -31 25 2
      vertex -31 -25 0
      vertex -31 -25 2
    endloop
  endfacet
  facet normal -0.671607 -0.740908 0
    outer loop
      vertex -29.8284 -27.8284 0
      vertex -29.5376 -28.092 2
      vertex -29.8284 -27.8284 2
    endloop
  endfacet
  facet normal -0.671607 -0.740908 -0
    outer loop
      vertex -29.5376 -28.092 2
      vertex -29.8284 -27.8284 0
      vertex -29.5376 -28.092 0
    endloop
  endfacet
  facet normal -0.671607 0.740908 0
    outer loop
      vertex -29.5376 28.092 0
      vertex -29.8284 27.8284 2
      vertex -29.5376 28.092 2
    endloop
  endfacet
  facet normal -0.671607 0.740908 0
    outer loop
      vertex -29.8284 27.8284 2
      vertex -29.5376 28.092 0
      vertex -29.8284 27.8284 0
    endloop
  endfacet
  facet normal -0.998791 -0.0491626 0
    outer loop
      vertex -30.9807 -25.3921 0
      vertex -31 -25 2
      vertex -31 -25 0
    endloop
  endfacet
  facet normal -0.998791 -0.0491626 0
    outer loop
      vertex -31 -25 2
      vertex -30.9807 -25.3921 0
      vertex -30.9807 -25.3921 2
    endloop
  endfacet
  facet normal 0 -1 0
    outer loop
      vertex -27 -29 0
      vertex 27 -29 2
      vertex -27 -29 2
    endloop
  endfacet
  facet normal 0 -1 -0
    outer loop
      vertex 27 -29 2
      vertex -27 -29 0
      vertex 27 -29 0
    endloop
  endfacet
  facet normal -0.146733 0.989176 0
    outer loop
      vertex -27.3921 28.9807 0
      vertex -27.7804 28.9231 2
      vertex -27.3921 28.9807 2
    endloop
  endfacet
  facet normal -0.146733 0.989176 0
    outer loop
      vertex -27.7804 28.9231 2
      vertex -27.3921 28.9807 0
      vertex -27.7804 28.9231 0
    endloop
  endfacet
  facet normal 0 0 1
    outer loop
      vertex 27 29 2
      vertex 31 25 2
      vertex 30.9807 25.3921 2
    endloop
  endfacet
  facet normal 0 0 1
    outer loop
      vertex 31 25 2
      vertex 24.85 -7.1 2
      vertex 31 -25 2
    endloop
  endfacet
  facet normal 0 0 1
    outer loop
      vertex 27 29 2
      vertex 30.9807 25.3921 2
      vertex 30.9231 25.7804 2
    endloop
  endfacet
  facet normal -0 0 1
    outer loop
      vertex 24.85 -9.5 2
      vertex 31 -25 2
      vertex 24.85 -7.1 2
    endloop
  endfacet
  facet normal 0 0 1
    outer loop
      vertex 27 29 2
      vertex 30.9231 25.7804 2
      vertex 30.8278 26.1611 2
    endloop
  endfacet
  facet normal -0 0 1
    outer loop
      vertex 24.8006 -9.87529 2
      vertex 31 -25 2
      vertex 24.85 -9.5 2
    endloop
  endfacet
  facet normal 0 0 1
    outer loop
      vertex 27 29 2
      vertex 30.8278 26.1611 2
      vertex 30.6955 26.5307 2
    endloop
  endfacet
  facet normal -0 0 1
    outer loop
      vertex 24.6557 -10.225 2
      vertex 31 -25 2
      vertex 24.8006 -9.87529 2
    endloop
  endfacet
  facet normal 0 0 1
    outer loop
      vertex 27 29 2
      vertex 30.6955 26.5307 2
      vertex 30.5277 26.8856 2
    endloop
  endfacet
  facet normal -0 0 1
    outer loop
      vertex 24.4253 -10.5253 2
      vertex 31 -25 2
      vertex 24.6557 -10.225 2
    endloop
  endfacet
  facet normal 0 0 1
    outer loop
      vertex 27 29 2
      vertex 30.5277 26.8856 2
      vertex 30.3259 27.2223 2
    endloop
  endfacet
  facet normal -0 0 1
    outer loop
      vertex 24.125 -10.7557 2
      vertex 31 -25 2
      vertex 24.4253 -10.5253 2
    endloop
  endfacet
  facet normal 0 0 1
    outer loop
      vertex 27 29 2
      vertex 30.3259 27.2223 2
      vertex 30.092 27.5376 2
    endloop
  endfacet
  facet normal -0 0 1
    outer loop
      vertex 23.7753 -10.9006 2
      vertex 31 -25 2
      vertex 24.125 -10.7557 2
    endloop
  endfacet
  facet normal 0 0 1
    outer loop
      vertex 27 29 2
      vertex 30.092 27.5376 2
      vertex 29.8284 27.8284 2
    endloop
  endfacet
  facet normal -0 0 1
    outer loop
      vertex 23.4 -10.95 2
      vertex 31 -25 2
      vertex 23.7753 -10.9006 2
    endloop
  endfacet
  facet normal 0 0 1
    outer loop
      vertex 27 29 2
      vertex 29.8284 27.8284 2
      vertex 29.5376 28.092 2
    endloop
  endfacet
  facet normal 0 -0 1
    outer loop
      vertex 27 -29 2
      vertex 31 -25 2
      vertex 23.4 -10.95 2
    endloop
  endfacet
  facet normal 0 0 1
    outer loop
      vertex 27 29 2
      vertex 29.5376 28.092 2
      vertex 29.2223 28.3259 2
    endloop
  endfacet
  facet normal 0 0 1
    outer loop
      vertex 31 -25 2
      vertex 27 -29 2
      vertex 30.9807 -25.3921 2
    endloop
  endfacet
  facet normal 0 0 1
    outer loop
      vertex 27 29 2
      vertex 29.2223 28.3259 2
      vertex 28.8856 28.5277 2
    endloop
  endfacet
  facet normal 0 0 1
    outer loop
      vertex 30.9807 -25.3921 2
      vertex 27 -29 2
      vertex 30.9231 -25.7804 2
    endloop
  endfacet
  facet normal 0 0 1
    outer loop
      vertex 27 29 2
      vertex 28.8856 28.5277 2
      vertex 28.5307 28.6955 2
    endloop
  endfacet
  facet normal 0 0 1
    outer loop
      vertex 30.9231 -25.7804 2
      vertex 27 -29 2
      vertex 30.8278 -26.1611 2
    endloop
  endfacet
  facet normal 0 0 1
    outer loop
      vertex 27 29 2
      vertex 28.5307 28.6955 2
      vertex 28.1611 28.8278 2
    endloop
  endfacet
  facet normal 0 0 1
    outer loop
      vertex 30.8278 -26.1611 2
      vertex 27 -29 2
      vertex 30.6955 -26.5307 2
    endloop
  endfacet
  facet normal 0 0 1
    outer loop
      vertex 27 29 2
      vertex 28.1611 28.8278 2
      vertex 27.7804 28.9231 2
    endloop
  endfacet
  facet normal 0 0 1
    outer loop
      vertex 30.6955 -26.5307 2
      vertex 27 -29 2
      vertex 30.5277 -26.8856 2
    endloop
  endfacet
  facet normal 0 0 1
    outer loop
      vertex 27 29 2
      vertex 27.7804 28.9231 2
      vertex 27.3921 28.9807 2
    endloop
  endfacet
  facet normal 0 0 1
    outer loop
      vertex 30.5277 -26.8856 2
      vertex 27 -29 2
      vertex 30.3259 -27.2223 2
    endloop
  endfacet
  facet normal 0 0 1
    outer loop
      vertex 31 25 2
      vertex 27 29 2
      vertex 1.25574 21.675 2
    endloop
  endfacet
  facet normal 0 0 1
    outer loop
      vertex 30.092 -27.5376 2
      vertex 27 -29 2
      vertex 29.8284 -27.8284 2
    endloop
  endfacet
  facet normal 0 0 1
    outer loop
      vertex 29.8284 -27.8284 2
      vertex 27 -29 2
      vertex 29.5376 -28.092 2
    endloop
  endfacet
  facet normal 0 0 1
    outer loop
      vertex 31 25 2
      vertex 24.8006 -6.72471 2
      vertex 24.85 -7.1 2
    endloop
  endfacet
  facet normal 0 0 1
    outer loop
      vertex 31 25 2
      vertex 24.6557 -6.375 2
      vertex 24.8006 -6.72471 2
    endloop
  endfacet
  facet normal 0 0 1
    outer loop
      vertex 31 25 2
      vertex 24.4253 -6.07469 2
      vertex 24.6557 -6.375 2
    endloop
  endfacet
  facet normal 0 0 1
    outer loop
      vertex 31 25 2
      vertex 24.125 -5.84426 2
      vertex 24.4253 -6.07469 2
    endloop
  endfacet
  facet normal 0 0 1
    outer loop
      vertex 31 25 2
      vertex 23.7753 -5.69941 2
      vertex 24.125 -5.84426 2
    endloop
  endfacet
  facet normal 0 0 1
    outer loop
      vertex 31 25 2
      vertex 23.4 -5.65 2
      vertex 23.7753 -5.69941 2
    endloop
  endfacet
  facet normal 0 0 1
    outer loop
      vertex 31 25 2
      vertex 23.0247 -5.69941 2
      vertex 23.4 -5.65 2
    endloop
  endfacet
  facet normal 0 0 1
    outer loop
      vertex 31 25 2
      vertex 1.25574 21.675 2
      vertex 23.0247 -5.69941 2
    endloop
  endfacet
  facet normal -0 -0 1
    outer loop
      vertex 1.66294 1.11114 2
      vertex 23.0247 -5.69941 2
      vertex 1.25574 21.675 2
    endloop
  endfacet
  facet normal 0 0 1
    outer loop
      vertex 23.0247 -5.69941 2
      vertex 1.66294 1.11114 2
      vertex 22.675 -5.84426 2
    endloop
  endfacet
  facet normal -0 -0 1
    outer loop
      vertex 1.76384 0.942793 2
      vertex 22.675 -5.84426 2
      vertex 1.66294 1.11114 2
    endloop
  endfacet
  facet normal 0 0 1
    outer loop
      vertex 22.1443 -6.375 2
      vertex 1.96157 -0.390181 2
      vertex 21.9994 -6.72471 2
    endloop
  endfacet
  facet normal -0 0 1
    outer loop
      vertex 1.96157 -0.390181 2
      vertex 22.1443 -6.375 2
      vertex 1.99037 -0.196033 2
    endloop
  endfacet
  facet normal -0 -0 1
    outer loop
      vertex 1.84776 0.765367 2
      vertex 22.675 -5.84426 2
      vertex 1.76384 0.942793 2
    endloop
  endfacet
  facet normal -0 0 1
    outer loop
      vertex 1.99037 -0.196033 2
      vertex 22.1443 -6.375 2
      vertex 2 0 2
    endloop
  endfacet
  facet normal -0 -0 1
    outer loop
      vertex 2 0 2
      vertex 22.1443 -6.375 2
      vertex 1.99037 0.196033 2
    endloop
  endfacet
  facet normal 0 0 1
    outer loop
      vertex 22.3747 -6.07469 2
      vertex 1.99037 0.196033 2
      vertex 22.1443 -6.375 2
    endloop
  endfacet
  facet normal -0 -0 1
    outer loop
      vertex 1.99037 0.196033 2
      vertex 22.3747 -6.07469 2
      vertex 1.96157 0.390181 2
    endloop
  endfacet
  facet normal -0 -0 1
    outer loop
      vertex 1.96157 0.390181 2
      vertex 22.3747 -6.07469 2
      vertex 1.91388 0.580569 2
    endloop
  endfacet
  facet normal 0 0 1
    outer loop
      vertex 22.675 -5.84426 2
      vertex 1.91388 0.580569 2
      vertex 22.3747 -6.07469 2
    endloop
  endfacet
  facet normal -0 -0 1
    outer loop
      vertex 1.91388 0.580569 2
      vertex 22.675 -5.84426 2
      vertex 1.84776 0.765367 2
    endloop
  endfacet
  facet normal 0 0 1
    outer loop
      vertex 1.45 22.4 2
      vertex 27 29 2
      vertex 1.45 24.8 2
    endloop
  endfacet
  facet normal 0 0 1
    outer loop
      vertex 27 29 2
      vertex 1.40059 25.1753 2
      vertex 1.45 24.8 2
    endloop
  endfacet
  facet normal 0 0 1
    outer loop
      vertex 27 29 2
      vertex 1.25574 25.525 2
      vertex 1.40059 25.1753 2
    endloop
  endfacet
  facet normal 0 0 1
    outer loop
      vertex 27 29 2
      vertex 1.0253 25.8253 2
      vertex 1.25574 25.525 2
    endloop
  endfacet
  facet normal 0 0 1
    outer loop
      vertex 27 29 2
      vertex 0.724999 26.0557 2
      vertex 1.0253 25.8253 2
    endloop
  endfacet
  facet normal 0 0 1
    outer loop
      vertex 27 29 2
      vertex 0.375287 26.2006 2
      vertex 0.724999 26.0557 2
    endloop
  endfacet
  facet normal 0 0 1
    outer loop
      vertex 27 29 2
      vertex 0 26.25 2
      vertex 0.375287 26.2006 2
    endloop
  endfacet
  facet normal 0 0 1
    outer loop
      vertex -27 29 2
      vertex -1.45 22.4 2
      vertex -1.45 24.8 2
    endloop
  endfacet
  facet normal 0 -0 1
    outer loop
      vertex -23.0247 -5.69941 2
      vertex -1.45 22.4 2
      vertex -31 25 2
    endloop
  endfacet
  facet normal 0 0 1
    outer loop
      vertex -1.45 22.4 2
      vertex -1.66294 1.11114 2
      vertex -1.54602 1.26879 2
    endloop
  endfacet
  facet normal 0 0 1
    outer loop
      vertex -1.45 22.4 2
      vertex -23.0247 -5.69941 2
      vertex -1.66294 1.11114 2
    endloop
  endfacet
  facet normal 0 -0 1
    outer loop
      vertex -22.675 -5.84426 2
      vertex -1.66294 1.11114 2
      vertex -23.0247 -5.69941 2
    endloop
  endfacet
  facet normal 0 0 1
    outer loop
      vertex -1.66294 1.11114 2
      vertex -22.675 -5.84426 2
      vertex -1.76384 0.942793 2
    endloop
  endfacet
  facet normal 0 0 1
    outer loop
      vertex -1.76384 0.942793 2
      vertex -22.675 -5.84426 2
      vertex -1.84776 0.765367 2
    endloop
  endfacet
  facet normal 0 0 1
    outer loop
      vertex -1.84776 0.765367 2
      vertex -22.675 -5.84426 2
      vertex -1.91388 0.580569 2
    endloop
  endfacet
  facet normal 0 -0 1
    outer loop
      vertex -22.3747 -6.07469 2
      vertex -1.91388 0.580569 2
      vertex -22.675 -5.84426 2
    endloop
  endfacet
  facet normal 0 0 1
    outer loop
      vertex -27 29 2
      vertex -1.45 24.8 2
      vertex -1.40059 25.1753 2
    endloop
  endfacet
  facet normal 0 0 1
    outer loop
      vertex -27 29 2
      vertex -1.40059 25.1753 2
      vertex -1.25574 25.525 2
    endloop
  endfacet
  facet normal 0 0 1
    outer loop
      vertex -2 0 2
      vertex -21.9994 -6.72471 2
      vertex -21.95 -7.1 2
    endloop
  endfacet
  facet normal 0 0 1
    outer loop
      vertex -2 0 2
      vertex -22.1443 -6.375 2
      vertex -21.9994 -6.72471 2
    endloop
  endfacet
  facet normal 0 0 1
    outer loop
      vertex -2 0 2
      vertex -22.3747 -6.07469 2
      vertex -22.1443 -6.375 2
    endloop
  endfacet
  facet normal 0 0 1
    outer loop
      vertex -1.99037 0.196033 2
      vertex -22.3747 -6.07469 2
      vertex -2 0 2
    endloop
  endfacet
  facet normal 0 0 1
    outer loop
      vertex -1.96157 0.390181 2
      vertex -22.3747 -6.07469 2
      vertex -1.99037 0.196033 2
    endloop
  endfacet
  facet normal 0 0 1
    outer loop
      vertex -1.91388 0.580569 2
      vertex -22.3747 -6.07469 2
      vertex -1.96157 0.390181 2
    endloop
  endfacet
  facet normal 0 0 1
    outer loop
      vertex -23.0247 -5.69941 2
      vertex -31 25 2
      vertex -23.4 -5.65 2
    endloop
  endfacet
  facet normal 0 0 1
    outer loop
      vertex -23.4 -5.65 2
      vertex -31 25 2
      vertex -23.7753 -5.69941 2
    endloop
  endfacet
  facet normal 0 0 1
    outer loop
      vertex -23.7753 -5.69941 2
      vertex -31 25 2
      vertex -24.125 -5.84426 2
    endloop
  endfacet
  facet normal 0 0 1
    outer loop
      vertex -24.125 -5.84426 2
      vertex -31 25 2
      vertex -24.4253 -6.07469 2
    endloop
  endfacet
  facet normal 0 0 1
    outer loop
      vertex -24.8006 -6.72471 2
      vertex -31 25 2
      vertex -24.85 -7.1 2
    endloop
  endfacet
  facet normal 0 0 1
    outer loop
      vertex -24.6557 -6.375 2
      vertex -31 25 2
      vertex -24.8006 -6.72471 2
    endloop
  endfacet
  facet normal 0 0 1
    outer loop
      vertex -24.4253 -6.07469 2
      vertex -31 25 2
      vertex -24.6557 -6.375 2
    endloop
  endfacet
  facet normal 0 0 1
    outer loop
      vertex -1.45 22.4 2
      vertex -27 29 2
      vertex -31 25 2
    endloop
  endfacet
  facet normal 0 0 1
    outer loop
      vertex -1.0253 25.8253 2
      vertex -27 29 2
      vertex -1.25574 25.525 2
    endloop
  endfacet
  facet normal 0 0 1
    outer loop
      vertex -0.724999 26.0557 2
      vertex -27 29 2
      vertex -1.0253 25.8253 2
    endloop
  endfacet
  facet normal 0 0 1
    outer loop
      vertex -0.375287 26.2006 2
      vertex -27 29 2
      vertex -0.724999 26.0557 2
    endloop
  endfacet
  facet normal 0 0 1
    outer loop
      vertex 0 26.25 2
      vertex -27 29 2
      vertex -0.375287 26.2006 2
    endloop
  endfacet
  facet normal -0 0 1
    outer loop
      vertex -27 29 2
      vertex 0 26.25 2
      vertex 27 29 2
    endloop
  endfacet
  facet normal 0 0 1
    outer loop
      vertex 29.5376 -28.092 2
      vertex 27 -29 2
      vertex 29.2223 -28.3259 2
    endloop
  endfacet
  facet normal 0 0 1
    outer loop
      vertex 29.2223 -28.3259 2
      vertex 27 -29 2
      vertex 28.8856 -28.5277 2
    endloop
  endfacet
  facet normal 0 0 1
    outer loop
      vertex 28.8856 -28.5277 2
      vertex 27 -29 2
      vertex 28.5307 -28.6955 2
    endloop
  endfacet
  facet normal 0 0 1
    outer loop
      vertex 28.5307 -28.6955 2
      vertex 27 -29 2
      vertex 28.1611 -28.8278 2
    endloop
  endfacet
  facet normal 0 0 1
    outer loop
      vertex 28.1611 -28.8278 2
      vertex 27 -29 2
      vertex 27.7804 -28.9231 2
    endloop
  endfacet
  facet normal 0 0 1
    outer loop
      vertex 27.7804 -28.9231 2
      vertex 27 -29 2
      vertex 27.3921 -28.9807 2
    endloop
  endfacet
  facet normal 0 0 1
    outer loop
      vertex 30.3259 -27.2223 2
      vertex 27 -29 2
      vertex 30.092 -27.5376 2
    endloop
  endfacet
  facet normal 0 0 1
    outer loop
      vertex 23.0247 -10.9006 2
      vertex 27 -29 2
      vertex 23.4 -10.95 2
    endloop
  endfacet
  facet normal 0 0 1
    outer loop
      vertex 22.675 -10.7557 2
      vertex 27 -29 2
      vertex 23.0247 -10.9006 2
    endloop
  endfacet
  facet normal 0 0 1
    outer loop
      vertex 22.3747 -10.5253 2
      vertex 27 -29 2
      vertex 22.675 -10.7557 2
    endloop
  endfacet
  facet normal 0 0 1
    outer loop
      vertex 0.390181 -1.96157 2
      vertex 22.3747 -10.5253 2
      vertex 22.1443 -10.225 2
    endloop
  endfacet
  facet normal 0 0 1
    outer loop
      vertex 0.765367 -1.84776 2
      vertex 22.1443 -10.225 2
      vertex 21.9994 -9.87529 2
    endloop
  endfacet
  facet normal -0 0 1
    outer loop
      vertex 1.91388 -0.580569 2
      vertex 21.9994 -6.72471 2
      vertex 1.96157 -0.390181 2
    endloop
  endfacet
  facet normal -0 0 1
    outer loop
      vertex 1.84776 -0.765367 2
      vertex 21.9994 -6.72471 2
      vertex 1.91388 -0.580569 2
    endloop
  endfacet
  facet normal -0 0 1
    outer loop
      vertex 1.76384 -0.942793 2
      vertex 21.9994 -6.72471 2
      vertex 1.84776 -0.765367 2
    endloop
  endfacet
  facet normal 0 0 1
    outer loop
      vertex 21.9994 -6.72471 2
      vertex 1.76384 -0.942793 2
      vertex 21.95 -7.1 2
    endloop
  endfacet
  facet normal -0 0 1
    outer loop
      vertex 1.66294 -1.11114 2
      vertex 21.95 -7.1 2
      vertex 1.76384 -0.942793 2
    endloop
  endfacet
  facet normal -0 0 1
    outer loop
      vertex 1.54602 -1.26879 2
      vertex 21.95 -7.1 2
      vertex 1.66294 -1.11114 2
    endloop
  endfacet
  facet normal 0 0 1
    outer loop
      vertex 21.95 -7.1 2
      vertex 1.54602 -1.26879 2
      vertex 21.95 -9.5 2
    endloop
  endfacet
  facet normal -0 0 1
    outer loop
      vertex 1.41421 -1.41421 2
      vertex 21.95 -9.5 2
      vertex 1.54602 -1.26879 2
    endloop
  endfacet
  facet normal -0 0 1
    outer loop
      vertex 1.26879 -1.54602 2
      vertex 21.95 -9.5 2
      vertex 1.41421 -1.41421 2
    endloop
  endfacet
  facet normal 0 0 1
    outer loop
      vertex 21.95 -9.5 2
      vertex 1.26879 -1.54602 2
      vertex 21.9994 -9.87529 2
    endloop
  endfacet
  facet normal -0 0 1
    outer loop
      vertex 1.11114 -1.66294 2
      vertex 21.9994 -9.87529 2
      vertex 1.26879 -1.54602 2
    endloop
  endfacet
  facet normal -0 0 1
    outer loop
      vertex 0.942793 -1.76384 2
      vertex 21.9994 -9.87529 2
      vertex 1.11114 -1.66294 2
    endloop
  endfacet
  facet normal -0 0 1
    outer loop
      vertex 0.765367 -1.84776 2
      vertex 21.9994 -9.87529 2
      vertex 0.942793 -1.76384 2
    endloop
  endfacet
  facet normal 0 0 1
    outer loop
      vertex 22.1443 -10.225 2
      vertex 0.765367 -1.84776 2
      vertex 0.580569 -1.91388 2
    endloop
  endfacet
  facet normal 0 0 1
    outer loop
      vertex 22.1443 -10.225 2
      vertex 0.580569 -1.91388 2
      vertex 0.390181 -1.96157 2
    endloop
  endfacet
  facet normal 0 0 1
    outer loop
      vertex 22.3747 -10.5253 2
      vertex 0.390181 -1.96157 2
      vertex 27 -29 2
    endloop
  endfacet
  facet normal -0 0 1
    outer loop
      vertex 0.196033 -1.99037 2
      vertex 27 -29 2
      vertex 0.390181 -1.96157 2
    endloop
  endfacet
  facet normal -0 0 1
    outer loop
      vertex 0 -2 2
      vertex 27 -29 2
      vertex 0.196033 -1.99037 2
    endloop
  endfacet
  facet normal 0 0 1
    outer loop
      vertex -27 -29 2
      vertex 0 -2 2
      vertex -0.196033 -1.99037 2
    endloop
  endfacet
  facet normal 0 0 1
    outer loop
      vertex -27 -29 2
      vertex -0.196033 -1.99037 2
      vertex -0.390181 -1.96157 2
    endloop
  endfacet
  facet normal 0 0 1
    outer loop
      vertex -22.1443 -10.225 2
      vertex -0.390181 -1.96157 2
      vertex -0.580569 -1.91388 2
    endloop
  endfacet
  facet normal 0 0 1
    outer loop
      vertex -22.1443 -10.225 2
      vertex -0.580569 -1.91388 2
      vertex -0.765367 -1.84776 2
    endloop
  endfacet
  facet normal 0 0 1
    outer loop
      vertex -22.1443 -10.225 2
      vertex -0.765367 -1.84776 2
      vertex -0.942793 -1.76384 2
    endloop
  endfacet
  facet normal 0 0 1
    outer loop
      vertex -21.9994 -9.87529 2
      vertex -0.942793 -1.76384 2
      vertex -1.11114 -1.66294 2
    endloop
  endfacet
  facet normal 0 0 1
    outer loop
      vertex -21.9994 -9.87529 2
      vertex -1.11114 -1.66294 2
      vertex -1.26879 -1.54602 2
    endloop
  endfacet
  facet normal 0 0 1
    outer loop
      vertex -21.95 -9.5 2
      vertex -1.26879 -1.54602 2
      vertex -1.41421 -1.41421 2
    endloop
  endfacet
  facet normal 0 0 1
    outer loop
      vertex -21.95 -7.1 2
      vertex -1.99037 -0.196033 2
      vertex -2 0 2
    endloop
  endfacet
  facet normal 0 0 1
    outer loop
      vertex -21.95 -7.1 2
      vertex -1.96157 -0.390181 2
      vertex -1.99037 -0.196033 2
    endloop
  endfacet
  facet normal 0 0 1
    outer loop
      vertex -21.95 -7.1 2
      vertex -1.91388 -0.580569 2
      vertex -1.96157 -0.390181 2
    endloop
  endfacet
  facet normal 0 0 1
    outer loop
      vertex -21.95 -7.1 2
      vertex -1.84776 -0.765367 2
      vertex -1.91388 -0.580569 2
    endloop
  endfacet
  facet normal 0 0 1
    outer loop
      vertex -21.95 -7.1 2
      vertex -1.76384 -0.942793 2
      vertex -1.84776 -0.765367 2
    endloop
  endfacet
  facet normal 0 0 1
    outer loop
      vertex -21.95 -7.1 2
      vertex -1.66294 -1.11114 2
      vertex -1.76384 -0.942793 2
    endloop
  endfacet
  facet normal 0 0 1
    outer loop
      vertex -21.95 -7.1 2
      vertex -1.54602 -1.26879 2
      vertex -1.66294 -1.11114 2
    endloop
  endfacet
  facet normal 0 0 1
    outer loop
      vertex -21.95 -9.5 2
      vertex -1.54602 -1.26879 2
      vertex -21.95 -7.1 2
    endloop
  endfacet
  facet normal 0 0 1
    outer loop
      vertex -1.54602 -1.26879 2
      vertex -21.95 -9.5 2
      vertex -1.41421 -1.41421 2
    endloop
  endfacet
  facet normal 0 0 1
    outer loop
      vertex -1.26879 -1.54602 2
      vertex -21.95 -9.5 2
      vertex -21.9994 -9.87529 2
    endloop
  endfacet
  facet normal 0 0 1
    outer loop
      vertex -0.942793 -1.76384 2
      vertex -21.9994 -9.87529 2
      vertex -22.1443 -10.225 2
    endloop
  endfacet
  facet normal 0 0 1
    outer loop
      vertex -0.390181 -1.96157 2
      vertex -22.1443 -10.225 2
      vertex -22.3747 -10.5253 2
    endloop
  endfacet
  facet normal 0 0 1
    outer loop
      vertex -0.390181 -1.96157 2
      vertex -22.3747 -10.5253 2
      vertex -27 -29 2
    endloop
  endfacet
  facet normal 0 0 1
    outer loop
      vertex -27 -29 2
      vertex -22.3747 -10.5253 2
      vertex -22.675 -10.7557 2
    endloop
  endfacet
  facet normal 0 0 1
    outer loop
      vertex -27 -29 2
      vertex -22.675 -10.7557 2
      vertex -23.0247 -10.9006 2
    endloop
  endfacet
  facet normal 0 0 1
    outer loop
      vertex -27 -29 2
      vertex -23.0247 -10.9006 2
      vertex -23.4 -10.95 2
    endloop
  endfacet
  facet normal 0 0 1
    outer loop
      vertex -31 -25 2
      vertex -23.4 -10.95 2
      vertex -23.7753 -10.9006 2
    endloop
  endfacet
  facet normal 0 0 1
    outer loop
      vertex 0 -2 2
      vertex -27 -29 2
      vertex 27 -29 2
    endloop
  endfacet
  facet normal 0 0 1
    outer loop
      vertex -31 -25 2
      vertex -23.7753 -10.9006 2
      vertex -24.125 -10.7557 2
    endloop
  endfacet
  facet normal 0 0 1
    outer loop
      vertex -31 -25 2
      vertex -24.125 -10.7557 2
      vertex -24.4253 -10.5253 2
    endloop
  endfacet
  facet normal 0 0 1
    outer loop
      vertex -31 -25 2
      vertex -24.4253 -10.5253 2
      vertex -24.6557 -10.225 2
    endloop
  endfacet
  facet normal 0 0 1
    outer loop
      vertex -31 -25 2
      vertex -24.6557 -10.225 2
      vertex -24.8006 -9.87529 2
    endloop
  endfacet
  facet normal 0 0 1
    outer loop
      vertex -31 -25 2
      vertex -24.8006 -9.87529 2
      vertex -24.85 -9.5 2
    endloop
  endfacet
  facet normal 0 0 1
    outer loop
      vertex -31 -25 2
      vertex -24.85 -7.1 2
      vertex -31 25 2
    endloop
  endfacet
  facet normal 0 0 1
    outer loop
      vertex -31 25 2
      vertex -27 29 2
      vertex -27.3921 28.9807 2
    endloop
  endfacet
  facet normal 0 0 1
    outer loop
      vertex -24.85 -7.1 2
      vertex -31 -25 2
      vertex -24.85 -9.5 2
    endloop
  endfacet
  facet normal 0 0 1
    outer loop
      vertex -31 25 2
      vertex -27.3921 28.9807 2
      vertex -27.7804 28.9231 2
    endloop
  endfacet
  facet normal 0 0 1
    outer loop
      vertex -23.4 -10.95 2
      vertex -31 -25 2
      vertex -27 -29 2
    endloop
  endfacet
  facet normal 0 0 1
    outer loop
      vertex -31 25 2
      vertex -27.7804 28.9231 2
      vertex -28.1611 28.8278 2
    endloop
  endfacet
  facet normal 0 0 1
    outer loop
      vertex -27 -29 2
      vertex -31 -25 2
      vertex -27.3921 -28.9807 2
    endloop
  endfacet
  facet normal 0 0 1
    outer loop
      vertex -31 25 2
      vertex -28.1611 28.8278 2
      vertex -28.5307 28.6955 2
    endloop
  endfacet
  facet normal 0 0 1
    outer loop
      vertex -27.3921 -28.9807 2
      vertex -31 -25 2
      vertex -27.7804 -28.9231 2
    endloop
  endfacet
  facet normal 0 0 1
    outer loop
      vertex -31 25 2
      vertex -28.5307 28.6955 2
      vertex -28.8856 28.5277 2
    endloop
  endfacet
  facet normal 0 0 1
    outer loop
      vertex -27.7804 -28.9231 2
      vertex -31 -25 2
      vertex -28.1611 -28.8278 2
    endloop
  endfacet
  facet normal 0 0 1
    outer loop
      vertex -31 25 2
      vertex -28.8856 28.5277 2
      vertex -29.2223 28.3259 2
    endloop
  endfacet
  facet normal 0 0 1
    outer loop
      vertex -28.1611 -28.8278 2
      vertex -31 -25 2
      vertex -28.5307 -28.6955 2
    endloop
  endfacet
  facet normal 0 0 1
    outer loop
      vertex -31 25 2
      vertex -29.2223 28.3259 2
      vertex -29.5376 28.092 2
    endloop
  endfacet
  facet normal 0 0 1
    outer loop
      vertex -28.5307 -28.6955 2
      vertex -31 -25 2
      vertex -28.8856 -28.5277 2
    endloop
  endfacet
  facet normal 0 0 1
    outer loop
      vertex -31 25 2
      vertex -29.5376 28.092 2
      vertex -29.8284 27.8284 2
    endloop
  endfacet
  facet normal 0 0 1
    outer loop
      vertex -28.8856 -28.5277 2
      vertex -31 -25 2
      vertex -29.2223 -28.3259 2
    endloop
  endfacet
  facet normal 0 0 1
    outer loop
      vertex -31 25 2
      vertex -29.8284 27.8284 2
      vertex -30.092 27.5376 2
    endloop
  endfacet
  facet normal 0 0 1
    outer loop
      vertex -29.2223 -28.3259 2
      vertex -31 -25 2
      vertex -29.5376 -28.092 2
    endloop
  endfacet
  facet normal 0 0 1
    outer loop
      vertex -31 25 2
      vertex -30.092 27.5376 2
      vertex -30.3259 27.2223 2
    endloop
  endfacet
  facet normal 0 0 1
    outer loop
      vertex -29.5376 -28.092 2
      vertex -31 -25 2
      vertex -29.8284 -27.8284 2
    endloop
  endfacet
  facet normal 0 0 1
    outer loop
      vertex -31 25 2
      vertex -30.3259 27.2223 2
      vertex -30.5277 26.8856 2
    endloop
  endfacet
  facet normal 0 0 1
    outer loop
      vertex -29.8284 -27.8284 2
      vertex -31 -25 2
      vertex -30.092 -27.5376 2
    endloop
  endfacet
  facet normal 0 0 1
    outer loop
      vertex -31 25 2
      vertex -30.5277 26.8856 2
      vertex -30.6955 26.5307 2
    endloop
  endfacet
  facet normal 0 0 1
    outer loop
      vertex -30.092 -27.5376 2
      vertex -31 -25 2
      vertex -30.3259 -27.2223 2
    endloop
  endfacet
  facet normal 0 0 1
    outer loop
      vertex -31 25 2
      vertex -30.6955 26.5307 2
      vertex -30.8278 26.1611 2
    endloop
  endfacet
  facet normal 0 0 1
    outer loop
      vertex -30.3259 -27.2223 2
      vertex -31 -25 2
      vertex -30.5277 -26.8856 2
    endloop
  endfacet
  facet normal 0 0 1
    outer loop
      vertex -31 25 2
      vertex -30.8278 26.1611 2
      vertex -30.9231 25.7804 2
    endloop
  endfacet
  facet normal 0 0 1
    outer loop
      vertex -30.5277 -26.8856 2
      vertex -31 -25 2
      vertex -30.6955 -26.5307 2
    endloop
  endfacet
  facet normal 0 0 1
    outer loop
      vertex -31 25 2
      vertex -30.9231 25.7804 2
      vertex -30.9807 25.3921 2
    endloop
  endfacet
  facet normal 0 0 1
    outer loop
      vertex -30.6955 -26.5307 2
      vertex -31 -25 2
      vertex -30.8278 -26.1611 2
    endloop
  endfacet
  facet normal 0 0 1
    outer loop
      vertex -30.8278 -26.1611 2
      vertex -31 -25 2
      vertex -30.9231 -25.7804 2
    endloop
  endfacet
  facet normal 0 0 1
    outer loop
      vertex -30.9231 -25.7804 2
      vertex -31 -25 2
      vertex -30.9807 -25.3921 2
    endloop
  endfacet
  facet normal 0 0 1
    outer loop
      vertex 1.40059 22.0247 2
      vertex 27 29 2
      vertex 1.45 22.4 2
    endloop
  endfacet
  facet normal 0 0 1
    outer loop
      vertex 1.25574 21.675 2
      vertex 27 29 2
      vertex 1.40059 22.0247 2
    endloop
  endfacet
  facet normal 0 0 1
    outer loop
      vertex 1.66294 1.11114 2
      vertex 1.25574 21.675 2
      vertex 1.54602 1.26879 2
    endloop
  endfacet
  facet normal -0 0 1
    outer loop
      vertex 1.0253 21.3747 2
      vertex 1.54602 1.26879 2
      vertex 1.25574 21.675 2
    endloop
  endfacet
  facet normal 0 0 1
    outer loop
      vertex 1.54602 1.26879 2
      vertex 1.0253 21.3747 2
      vertex 1.41421 1.41421 2
    endloop
  endfacet
  facet normal 0 0 1
    outer loop
      vertex 1.41421 1.41421 2
      vertex 1.0253 21.3747 2
      vertex 1.26879 1.54602 2
    endloop
  endfacet
  facet normal 0 0 1
    outer loop
      vertex 1.26879 1.54602 2
      vertex 1.0253 21.3747 2
      vertex 1.11114 1.66294 2
    endloop
  endfacet
  facet normal -0 0 1
    outer loop
      vertex 0.724999 21.1443 2
      vertex 1.11114 1.66294 2
      vertex 1.0253 21.3747 2
    endloop
  endfacet
  facet normal 0 0 1
    outer loop
      vertex 1.11114 1.66294 2
      vertex 0.724999 21.1443 2
      vertex 0.942793 1.76384 2
    endloop
  endfacet
  facet normal 0 0 1
    outer loop
      vertex 0.942793 1.76384 2
      vertex 0.724999 21.1443 2
      vertex 0.765367 1.84776 2
    endloop
  endfacet
  facet normal -0 0 1
    outer loop
      vertex 0.375287 20.9994 2
      vertex 0.765367 1.84776 2
      vertex 0.724999 21.1443 2
    endloop
  endfacet
  facet normal 0 0 1
    outer loop
      vertex 0.765367 1.84776 2
      vertex 0.375287 20.9994 2
      vertex 0.580569 1.91388 2
    endloop
  endfacet
  facet normal 0 0 1
    outer loop
      vertex 0.580569 1.91388 2
      vertex 0.375287 20.9994 2
      vertex 0.390181 1.96157 2
    endloop
  endfacet
  facet normal 0 0 1
    outer loop
      vertex 0.375287 20.9994 2
      vertex 0.196033 1.99037 2
      vertex 0.390181 1.96157 2
    endloop
  endfacet
  facet normal -0 0 1
    outer loop
      vertex 0 20.95 2
      vertex 0.196033 1.99037 2
      vertex 0.375287 20.9994 2
    endloop
  endfacet
  facet normal 0 0 1
    outer loop
      vertex 0 20.95 2
      vertex 0 2 2
      vertex 0.196033 1.99037 2
    endloop
  endfacet
  facet normal 0 0 1
    outer loop
      vertex 0 20.95 2
      vertex -0.196033 1.99037 2
      vertex 0 2 2
    endloop
  endfacet
  facet normal 0 0 1
    outer loop
      vertex -0.375287 20.9994 2
      vertex -0.196033 1.99037 2
      vertex 0 20.95 2
    endloop
  endfacet
  facet normal 0 0 1
    outer loop
      vertex -0.375287 20.9994 2
      vertex -0.390181 1.96157 2
      vertex -0.196033 1.99037 2
    endloop
  endfacet
  facet normal 0 0 1
    outer loop
      vertex -0.375287 20.9994 2
      vertex -0.580569 1.91388 2
      vertex -0.390181 1.96157 2
    endloop
  endfacet
  facet normal 0 0 1
    outer loop
      vertex -0.765367 1.84776 2
      vertex -0.375287 20.9994 2
      vertex -0.724999 21.1443 2
    endloop
  endfacet
  facet normal 0 0 1
    outer loop
      vertex -0.375287 20.9994 2
      vertex -0.765367 1.84776 2
      vertex -0.580569 1.91388 2
    endloop
  endfacet
  facet normal 0 0 1
    outer loop
      vertex -0.724999 21.1443 2
      vertex -0.942793 1.76384 2
      vertex -0.765367 1.84776 2
    endloop
  endfacet
  facet normal 0 0 1
    outer loop
      vertex -1.11114 1.66294 2
      vertex -0.724999 21.1443 2
      vertex -1.0253 21.3747 2
    endloop
  endfacet
  facet normal 0 0 1
    outer loop
      vertex -0.724999 21.1443 2
      vertex -1.11114 1.66294 2
      vertex -0.942793 1.76384 2
    endloop
  endfacet
  facet normal 0 0 1
    outer loop
      vertex -1.54602 1.26879 2
      vertex -1.0253 21.3747 2
      vertex -1.25574 21.675 2
    endloop
  endfacet
  facet normal 0 0 1
    outer loop
      vertex -1.0253 21.3747 2
      vertex -1.26879 1.54602 2
      vertex -1.11114 1.66294 2
    endloop
  endfacet
  facet normal 0 0 1
    outer loop
      vertex -1.54602 1.26879 2
      vertex -1.25574 21.675 2
      vertex -1.40059 22.0247 2
    endloop
  endfacet
  facet normal 0 0 1
    outer loop
      vertex -1.0253 21.3747 2
      vertex -1.41421 1.41421 2
      vertex -1.26879 1.54602 2
    endloop
  endfacet
  facet normal 0 0 1
    outer loop
      vertex -1.54602 1.26879 2
      vertex -1.40059 22.0247 2
      vertex -1.45 22.4 2
    endloop
  endfacet
  facet normal 0 0 1
    outer loop
      vertex -1.0253 21.3747 2
      vertex -1.54602 1.26879 2
      vertex -1.41421 1.41421 2
    endloop
  endfacet
  facet normal 0 1 -0
    outer loop
      vertex 27 29 0
      vertex -27 29 2
      vertex 27 29 2
    endloop
  endfacet
  facet normal 0 1 0
    outer loop
      vertex -27 29 2
      vertex 27 29 0
      vertex -27 29 0
    endloop
  endfacet
  facet normal 0.42744 0.904044 -0
    outer loop
      vertex 28.8856 28.5277 0
      vertex 28.5307 28.6955 2
      vertex 28.8856 28.5277 2
    endloop
  endfacet
  facet normal 0.42744 0.904044 0
    outer loop
      vertex 28.5307 28.6955 2
      vertex 28.8856 28.5277 0
      vertex 28.5307 28.6955 0
    endloop
  endfacet
  facet normal -0.85774 0.514084 0
    outer loop
      vertex -30.5277 26.8856 0
      vertex -30.3259 27.2223 2
      vertex -30.3259 27.2223 0
    endloop
  endfacet
  facet normal -0.85774 0.514084 0
    outer loop
      vertex -30.3259 27.2223 2
      vertex -30.5277 26.8856 0
      vertex -30.5277 26.8856 2
    endloop
  endfacet
  facet normal 0.595794 -0.803137 0
    outer loop
      vertex 29.2223 -28.3259 0
      vertex 29.5376 -28.092 2
      vertex 29.2223 -28.3259 2
    endloop
  endfacet
  facet normal 0.595794 -0.803137 0
    outer loop
      vertex 29.5376 -28.092 2
      vertex 29.2223 -28.3259 0
      vertex 29.5376 -28.092 0
    endloop
  endfacet
  facet normal -0.595794 -0.803137 0
    outer loop
      vertex -29.5376 -28.092 0
      vertex -29.2223 -28.3259 2
      vertex -29.5376 -28.092 2
    endloop
  endfacet
  facet normal -0.595794 -0.803137 -0
    outer loop
      vertex -29.2223 -28.3259 2
      vertex -29.5376 -28.092 0
      vertex -29.2223 -28.3259 0
    endloop
  endfacet
  facet normal 1 -0 0
    outer loop
      vertex 31 -25 2
      vertex 31 25 0
      vertex 31 25 2
    endloop
  endfacet
  facet normal 1 0 0
    outer loop
      vertex 31 25 0
      vertex 31 -25 2
      vertex 31 -25 0
    endloop
  endfacet
  facet normal -0.989176 -0.146733 0
    outer loop
      vertex -30.9231 -25.7804 0
      vertex -30.9807 -25.3921 2
      vertex -30.9807 -25.3921 0
    endloop
  endfacet
  facet normal -0.989176 -0.146733 0
    outer loop
      vertex -30.9807 -25.3921 2
      vertex -30.9231 -25.7804 0
      vertex -30.9231 -25.7804 2
    endloop
  endfacet
  facet normal -0.0491626 0.998791 0
    outer loop
      vertex -27 29 0
      vertex -27.3921 28.9807 2
      vertex -27 29 2
    endloop
  endfacet
  facet normal -0.0491626 0.998791 0
    outer loop
      vertex -27.3921 28.9807 2
      vertex -27 29 0
      vertex -27.3921 28.9807 0
    endloop
  endfacet
  facet normal -0.904044 0.42744 0
    outer loop
      vertex -30.6955 26.5307 0
      vertex -30.5277 26.8856 2
      vertex -30.5277 26.8856 0
    endloop
  endfacet
  facet normal -0.904044 0.42744 0
    outer loop
      vertex -30.5277 26.8856 2
      vertex -30.6955 26.5307 0
      vertex -30.6955 26.5307 2
    endloop
  endfacet
  facet normal 0.998791 0.0491626 0
    outer loop
      vertex 31 25 2
      vertex 30.9807 25.3921 0
      vertex 30.9807 25.3921 2
    endloop
  endfacet
  facet normal 0.998791 0.0491626 0
    outer loop
      vertex 30.9807 25.3921 0
      vertex 31 25 2
      vertex 31 25 0
    endloop
  endfacet
  facet normal 0.671607 -0.740908 0
    outer loop
      vertex 29.5376 -28.092 0
      vertex 29.8284 -27.8284 2
      vertex 29.5376 -28.092 2
    endloop
  endfacet
  facet normal 0.671607 -0.740908 0
    outer loop
      vertex 29.8284 -27.8284 2
      vertex 29.5376 -28.092 0
      vertex 29.8284 -27.8284 0
    endloop
  endfacet
  facet normal 0.989176 0.146733 0
    outer loop
      vertex 30.9807 25.3921 2
      vertex 30.9231 25.7804 0
      vertex 30.9231 25.7804 2
    endloop
  endfacet
  facet normal 0.989176 0.146733 0
    outer loop
      vertex 30.9231 25.7804 0
      vertex 30.9807 25.3921 2
      vertex 30.9807 25.3921 0
    endloop
  endfacet
  facet normal 0.595794 0.803137 -0
    outer loop
      vertex 29.5376 28.092 0
      vertex 29.2223 28.3259 2
      vertex 29.5376 28.092 2
    endloop
  endfacet
  facet normal 0.595794 0.803137 0
    outer loop
      vertex 29.2223 28.3259 2
      vertex 29.5376 28.092 0
      vertex 29.2223 28.3259 0
    endloop
  endfacet
  facet normal -0.0491626 -0.998791 0
    outer loop
      vertex -27.3921 -28.9807 0
      vertex -27 -29 2
      vertex -27.3921 -28.9807 2
    endloop
  endfacet
  facet normal -0.0491626 -0.998791 -0
    outer loop
      vertex -27 -29 2
      vertex -27.3921 -28.9807 0
      vertex -27 -29 0
    endloop
  endfacet
  facet normal -0.146733 -0.989176 0
    outer loop
      vertex -27.7804 -28.9231 0
      vertex -27.3921 -28.9807 2
      vertex -27.7804 -28.9231 2
    endloop
  endfacet
  facet normal -0.146733 -0.989176 -0
    outer loop
      vertex -27.3921 -28.9807 2
      vertex -27.7804 -28.9231 0
      vertex -27.3921 -28.9807 0
    endloop
  endfacet
  facet normal -0.337014 -0.9415 0
    outer loop
      vertex -28.5307 -28.6955 0
      vertex -28.1611 -28.8278 2
      vertex -28.5307 -28.6955 2
    endloop
  endfacet
  facet normal -0.337014 -0.9415 -0
    outer loop
      vertex -28.1611 -28.8278 2
      vertex -28.5307 -28.6955 0
      vertex -28.1611 -28.8278 0
    endloop
  endfacet
  facet normal -0.9415 -0.337014 0
    outer loop
      vertex -30.6955 -26.5307 0
      vertex -30.8278 -26.1611 2
      vertex -30.8278 -26.1611 0
    endloop
  endfacet
  facet normal -0.9415 -0.337014 0
    outer loop
      vertex -30.8278 -26.1611 2
      vertex -30.6955 -26.5307 0
      vertex -30.6955 -26.5307 2
    endloop
  endfacet
  facet normal -0.514084 -0.85774 0
    outer loop
      vertex -29.2223 -28.3259 0
      vertex -28.8856 -28.5277 2
      vertex -29.2223 -28.3259 2
    endloop
  endfacet
  facet normal -0.514084 -0.85774 -0
    outer loop
      vertex -28.8856 -28.5277 2
      vertex -29.2223 -28.3259 0
      vertex -28.8856 -28.5277 0
    endloop
  endfacet
  facet normal -0.998791 0.0491626 0
    outer loop
      vertex -31 25 0
      vertex -30.9807 25.3921 2
      vertex -30.9807 25.3921 0
    endloop
  endfacet
  facet normal -0.998791 0.0491626 0
    outer loop
      vertex -30.9807 25.3921 2
      vertex -31 25 0
      vertex -31 25 2
    endloop
  endfacet
  facet normal 0.803137 -0.595794 0
    outer loop
      vertex 30.092 -27.5376 2
      vertex 30.3259 -27.2223 0
      vertex 30.3259 -27.2223 2
    endloop
  endfacet
  facet normal 0.803137 -0.595794 0
    outer loop
      vertex 30.3259 -27.2223 0
      vertex 30.092 -27.5376 2
      vertex 30.092 -27.5376 0
    endloop
  endfacet
  facet normal -0.242835 -0.970068 0
    outer loop
      vertex -28.1611 -28.8278 0
      vertex -27.7804 -28.9231 2
      vertex -28.1611 -28.8278 2
    endloop
  endfacet
  facet normal -0.242835 -0.970068 -0
    outer loop
      vertex -27.7804 -28.9231 2
      vertex -28.1611 -28.8278 0
      vertex -27.7804 -28.9231 0
    endloop
  endfacet
  facet normal -0.989176 0.146733 0
    outer loop
      vertex -30.9807 25.3921 0
      vertex -30.9231 25.7804 2
      vertex -30.9231 25.7804 0
    endloop
  endfacet
  facet normal -0.989176 0.146733 0
    outer loop
      vertex -30.9231 25.7804 2
      vertex -30.9807 25.3921 0
      vertex -30.9807 25.3921 2
    endloop
  endfacet
  facet normal 0.671607 0.740908 -0
    outer loop
      vertex 29.8284 27.8284 0
      vertex 29.5376 28.092 2
      vertex 29.8284 27.8284 2
    endloop
  endfacet
  facet normal 0.671607 0.740908 0
    outer loop
      vertex 29.5376 28.092 2
      vertex 29.8284 27.8284 0
      vertex 29.5376 28.092 0
    endloop
  endfacet
  facet normal 0.9415 -0.337014 0
    outer loop
      vertex 30.6955 -26.5307 2
      vertex 30.8278 -26.1611 0
      vertex 30.8278 -26.1611 2
    endloop
  endfacet
  facet normal 0.9415 -0.337014 0
    outer loop
      vertex 30.8278 -26.1611 0
      vertex 30.6955 -26.5307 2
      vertex 30.6955 -26.5307 0
    endloop
  endfacet
  facet normal 0.337014 0.9415 -0
    outer loop
      vertex 28.5307 28.6955 0
      vertex 28.1611 28.8278 2
      vertex 28.5307 28.6955 2
    endloop
  endfacet
  facet normal 0.337014 0.9415 0
    outer loop
      vertex 28.1611 28.8278 2
      vertex 28.5307 28.6955 0
      vertex 28.1611 28.8278 0
    endloop
  endfacet
  facet normal 0.514084 0.85774 -0
    outer loop
      vertex 29.2223 28.3259 0
      vertex 28.8856 28.5277 2
      vertex 29.2223 28.3259 2
    endloop
  endfacet
  facet normal 0.514084 0.85774 0
    outer loop
      vertex 28.8856 28.5277 2
      vertex 29.2223 28.3259 0
      vertex 28.8856 28.5277 0
    endloop
  endfacet
  facet normal -0.42744 -0.904044 0
    outer loop
      vertex -28.8856 -28.5277 0
      vertex -28.5307 -28.6955 2
      vertex -28.8856 -28.5277 2
    endloop
  endfacet
  facet normal -0.42744 -0.904044 -0
    outer loop
      vertex -28.5307 -28.6955 2
      vertex -28.8856 -28.5277 0
      vertex -28.5307 -28.6955 0
    endloop
  endfacet
  facet normal -0.9415 0.337014 0
    outer loop
      vertex -30.8278 26.1611 0
      vertex -30.6955 26.5307 2
      vertex -30.6955 26.5307 0
    endloop
  endfacet
  facet normal -0.9415 0.337014 0
    outer loop
      vertex -30.6955 26.5307 2
      vertex -30.8278 26.1611 0
      vertex -30.8278 26.1611 2
    endloop
  endfacet
  facet normal -0.970068 0.242835 0
    outer loop
      vertex -30.9231 25.7804 0
      vertex -30.8278 26.1611 2
      vertex -30.8278 26.1611 0
    endloop
  endfacet
  facet normal -0.970068 0.242835 0
    outer loop
      vertex -30.8278 26.1611 2
      vertex -30.9231 25.7804 0
      vertex -30.9231 25.7804 2
    endloop
  endfacet
  facet normal 0.970068 -0.242835 0
    outer loop
      vertex 30.8278 -26.1611 2
      vertex 30.9231 -25.7804 0
      vertex 30.9231 -25.7804 2
    endloop
  endfacet
  facet normal 0.970068 -0.242835 0
    outer loop
      vertex 30.9231 -25.7804 0
      vertex 30.8278 -26.1611 2
      vertex 30.8278 -26.1611 0
    endloop
  endfacet
  facet normal -0.85774 -0.514084 0
    outer loop
      vertex -30.3259 -27.2223 0
      vertex -30.5277 -26.8856 2
      vertex -30.5277 -26.8856 0
    endloop
  endfacet
  facet normal -0.85774 -0.514084 0
    outer loop
      vertex -30.5277 -26.8856 2
      vertex -30.3259 -27.2223 0
      vertex -30.3259 -27.2223 2
    endloop
  endfacet
  facet normal -0.242835 0.970068 0
    outer loop
      vertex -27.7804 28.9231 0
      vertex -28.1611 28.8278 2
      vertex -27.7804 28.9231 2
    endloop
  endfacet
  facet normal -0.242835 0.970068 0
    outer loop
      vertex -28.1611 28.8278 2
      vertex -27.7804 28.9231 0
      vertex -28.1611 28.8278 0
    endloop
  endfacet
  facet normal 0.740908 -0.671607 0
    outer loop
      vertex 29.8284 -27.8284 2
      vertex 30.092 -27.5376 0
      vertex 30.092 -27.5376 2
    endloop
  endfacet
  facet normal 0.740908 -0.671607 0
    outer loop
      vertex 30.092 -27.5376 0
      vertex 29.8284 -27.8284 2
      vertex 29.8284 -27.8284 0
    endloop
  endfacet
  facet normal 0.904044 0.42744 0
    outer loop
      vertex 30.6955 26.5307 2
      vertex 30.5277 26.8856 0
      vertex 30.5277 26.8856 2
    endloop
  endfacet
  facet normal 0.904044 0.42744 0
    outer loop
      vertex 30.5277 26.8856 0
      vertex 30.6955 26.5307 2
      vertex 30.6955 26.5307 0
    endloop
  endfacet
  facet normal 0.146733 0.989176 -0
    outer loop
      vertex 27.7804 28.9231 0
      vertex 27.3921 28.9807 2
      vertex 27.7804 28.9231 2
    endloop
  endfacet
  facet normal 0.146733 0.989176 0
    outer loop
      vertex 27.3921 28.9807 2
      vertex 27.7804 28.9231 0
      vertex 27.3921 28.9807 0
    endloop
  endfacet
  facet normal 0.42744 -0.904044 0
    outer loop
      vertex 28.5307 -28.6955 0
      vertex 28.8856 -28.5277 2
      vertex 28.5307 -28.6955 2
    endloop
  endfacet
  facet normal 0.42744 -0.904044 0
    outer loop
      vertex 28.8856 -28.5277 2
      vertex 28.5307 -28.6955 0
      vertex 28.8856 -28.5277 0
    endloop
  endfacet
  facet normal 0.0491626 0.998791 -0
    outer loop
      vertex 27.3921 28.9807 0
      vertex 27 29 2
      vertex 27.3921 28.9807 2
    endloop
  endfacet
  facet normal 0.0491626 0.998791 0
    outer loop
      vertex 27 29 2
      vertex 27.3921 28.9807 0
      vertex 27 29 0
    endloop
  endfacet
  facet normal -0.337014 0.9415 0
    outer loop
      vertex -28.1611 28.8278 0
      vertex -28.5307 28.6955 2
      vertex -28.1611 28.8278 2
    endloop
  endfacet
  facet normal -0.337014 0.9415 0
    outer loop
      vertex -28.5307 28.6955 2
      vertex -28.1611 28.8278 0
      vertex -28.5307 28.6955 0
    endloop
  endfacet
  facet normal 0.989176 -0.146733 0
    outer loop
      vertex 30.9231 -25.7804 2
      vertex 30.9807 -25.3921 0
      vertex 30.9807 -25.3921 2
    endloop
  endfacet
  facet normal 0.989176 -0.146733 0
    outer loop
      vertex 30.9807 -25.3921 0
      vertex 30.9231 -25.7804 2
      vertex 30.9231 -25.7804 0
    endloop
  endfacet
  facet normal -0.970068 -0.242835 0
    outer loop
      vertex -30.8278 -26.1611 0
      vertex -30.9231 -25.7804 2
      vertex -30.9231 -25.7804 0
    endloop
  endfacet
  facet normal -0.970068 -0.242835 0
    outer loop
      vertex -30.9231 -25.7804 2
      vertex -30.8278 -26.1611 0
      vertex -30.8278 -26.1611 2
    endloop
  endfacet
  facet normal 0.803137 0.595794 0
    outer loop
      vertex 30.3259 27.2223 2
      vertex 30.092 27.5376 0
      vertex 30.092 27.5376 2
    endloop
  endfacet
  facet normal 0.803137 0.595794 0
    outer loop
      vertex 30.092 27.5376 0
      vertex 30.3259 27.2223 2
      vertex 30.3259 27.2223 0
    endloop
  endfacet
  facet normal 0.146733 -0.989176 0
    outer loop
      vertex 27.3921 -28.9807 0
      vertex 27.7804 -28.9231 2
      vertex 27.3921 -28.9807 2
    endloop
  endfacet
  facet normal 0.146733 -0.989176 0
    outer loop
      vertex 27.7804 -28.9231 2
      vertex 27.3921 -28.9807 0
      vertex 27.7804 -28.9231 0
    endloop
  endfacet
  facet normal 0.514084 -0.85774 0
    outer loop
      vertex 28.8856 -28.5277 0
      vertex 29.2223 -28.3259 2
      vertex 28.8856 -28.5277 2
    endloop
  endfacet
  facet normal 0.514084 -0.85774 0
    outer loop
      vertex 29.2223 -28.3259 2
      vertex 28.8856 -28.5277 0
      vertex 29.2223 -28.3259 0
    endloop
  endfacet
  facet normal 0.337014 -0.9415 0
    outer loop
      vertex 28.1611 -28.8278 0
      vertex 28.5307 -28.6955 2
      vertex 28.1611 -28.8278 2
    endloop
  endfacet
  facet normal 0.337014 -0.9415 0
    outer loop
      vertex 28.5307 -28.6955 2
      vertex 28.1611 -28.8278 0
      vertex 28.5307 -28.6955 0
    endloop
  endfacet
  facet normal -0.904044 -0.42744 0
    outer loop
      vertex -30.5277 -26.8856 0
      vertex -30.6955 -26.5307 2
      vertex -30.6955 -26.5307 0
    endloop
  endfacet
  facet normal -0.904044 -0.42744 0
    outer loop
      vertex -30.6955 -26.5307 2
      vertex -30.5277 -26.8856 0
      vertex -30.5277 -26.8856 2
    endloop
  endfacet
  facet normal 0.85774 0.514084 0
    outer loop
      vertex 30.5277 26.8856 2
      vertex 30.3259 27.2223 0
      vertex 30.3259 27.2223 2
    endloop
  endfacet
  facet normal 0.85774 0.514084 0
    outer loop
      vertex 30.3259 27.2223 0
      vertex 30.5277 26.8856 2
      vertex 30.5277 26.8856 0
    endloop
  endfacet
  facet normal -0.740908 -0.671607 0
    outer loop
      vertex -29.8284 -27.8284 0
      vertex -30.092 -27.5376 2
      vertex -30.092 -27.5376 0
    endloop
  endfacet
  facet normal -0.740908 -0.671607 0
    outer loop
      vertex -30.092 -27.5376 2
      vertex -29.8284 -27.8284 0
      vertex -29.8284 -27.8284 2
    endloop
  endfacet
  facet normal -0.595794 0.803137 0
    outer loop
      vertex -29.2223 28.3259 0
      vertex -29.5376 28.092 2
      vertex -29.2223 28.3259 2
    endloop
  endfacet
  facet normal -0.595794 0.803137 0
    outer loop
      vertex -29.5376 28.092 2
      vertex -29.2223 28.3259 0
      vertex -29.5376 28.092 0
    endloop
  endfacet
  facet normal -0.803137 -0.595794 0
    outer loop
      vertex -30.092 -27.5376 0
      vertex -30.3259 -27.2223 2
      vertex -30.3259 -27.2223 0
    endloop
  endfacet
  facet normal -0.803137 -0.595794 0
    outer loop
      vertex -30.3259 -27.2223 2
      vertex -30.092 -27.5376 0
      vertex -30.092 -27.5376 2
    endloop
  endfacet
  facet normal -0.803137 0.595794 0
    outer loop
      vertex -30.3259 27.2223 0
      vertex -30.092 27.5376 2
      vertex -30.092 27.5376 0
    endloop
  endfacet
  facet normal -0.803137 0.595794 0
    outer loop
      vertex -30.092 27.5376 2
      vertex -30.3259 27.2223 0
      vertex -30.3259 27.2223 2
    endloop
  endfacet
  facet normal -0.740908 0.671607 0
    outer loop
      vertex -30.092 27.5376 0
      vertex -29.8284 27.8284 2
      vertex -29.8284 27.8284 0
    endloop
  endfacet
  facet normal -0.740908 0.671607 0
    outer loop
      vertex -29.8284 27.8284 2
      vertex -30.092 27.5376 0
      vertex -30.092 27.5376 2
    endloop
  endfacet
  facet normal 0.242835 -0.970068 0
    outer loop
      vertex 27.7804 -28.9231 0
      vertex 28.1611 -28.8278 2
      vertex 27.7804 -28.9231 2
    endloop
  endfacet
  facet normal 0.242835 -0.970068 0
    outer loop
      vertex 28.1611 -28.8278 2
      vertex 27.7804 -28.9231 0
      vertex 28.1611 -28.8278 0
    endloop
  endfacet
  facet normal -0.42744 0.904044 0
    outer loop
      vertex -28.5307 28.6955 0
      vertex -28.8856 28.5277 2
      vertex -28.5307 28.6955 2
    endloop
  endfacet
  facet normal -0.42744 0.904044 0
    outer loop
      vertex -28.8856 28.5277 2
      vertex -28.5307 28.6955 0
      vertex -28.8856 28.5277 0
    endloop
  endfacet
  facet normal -0.514084 0.85774 0
    outer loop
      vertex -28.8856 28.5277 0
      vertex -29.2223 28.3259 2
      vertex -28.8856 28.5277 2
    endloop
  endfacet
  facet normal -0.514084 0.85774 0
    outer loop
      vertex -29.2223 28.3259 2
      vertex -28.8856 28.5277 0
      vertex -29.2223 28.3259 0
    endloop
  endfacet
  facet normal 0.740908 0.671607 0
    outer loop
      vertex 30.092 27.5376 2
      vertex 29.8284 27.8284 0
      vertex 29.8284 27.8284 2
    endloop
  endfacet
  facet normal 0.740908 0.671607 0
    outer loop
      vertex 29.8284 27.8284 0
      vertex 30.092 27.5376 2
      vertex 30.092 27.5376 0
    endloop
  endfacet
  facet normal 0.998791 -0.0491626 0
    outer loop
      vertex 30.9807 -25.3921 2
      vertex 31 -25 0
      vertex 31 -25 2
    endloop
  endfacet
  facet normal 0.998791 -0.0491626 0
    outer loop
      vertex 31 -25 0
      vertex 30.9807 -25.3921 2
      vertex 30.9807 -25.3921 0
    endloop
  endfacet
  facet normal 0.9415 0.337014 0
    outer loop
      vertex 30.8278 26.1611 2
      vertex 30.6955 26.5307 0
      vertex 30.6955 26.5307 2
    endloop
  endfacet
  facet normal 0.9415 0.337014 0
    outer loop
      vertex 30.6955 26.5307 0
      vertex 30.8278 26.1611 2
      vertex 30.8278 26.1611 0
    endloop
  endfacet
  facet normal 0.970068 0.242835 0
    outer loop
      vertex 30.9231 25.7804 2
      vertex 30.8278 26.1611 0
      vertex 30.8278 26.1611 2
    endloop
  endfacet
  facet normal 0.970068 0.242835 0
    outer loop
      vertex 30.8278 26.1611 0
      vertex 30.9231 25.7804 2
      vertex 30.9231 25.7804 0
    endloop
  endfacet
  facet normal 0 0 -1
    outer loop
      vertex 1.0253 21.3747 0
      vertex 1.54602 1.26879 0
      vertex 1.41421 1.41421 0
    endloop
  endfacet
  facet normal 0 0 -1
    outer loop
      vertex 1.54602 1.26879 0
      vertex 1.40059 22.0247 0
      vertex 1.45 22.4 0
    endloop
  endfacet
  facet normal 0 0 -1
    outer loop
      vertex 1.0253 21.3747 0
      vertex 1.41421 1.41421 0
      vertex 1.26879 1.54602 0
    endloop
  endfacet
  facet normal 0 0 -1
    outer loop
      vertex 1.54602 1.26879 0
      vertex 1.25574 21.675 0
      vertex 1.40059 22.0247 0
    endloop
  endfacet
  facet normal 0 0 -1
    outer loop
      vertex 1.0253 21.3747 0
      vertex 1.26879 1.54602 0
      vertex 1.11114 1.66294 0
    endloop
  endfacet
  facet normal 0 0 -1
    outer loop
      vertex 1.54602 1.26879 0
      vertex 1.0253 21.3747 0
      vertex 1.25574 21.675 0
    endloop
  endfacet
  facet normal 0 0 -1
    outer loop
      vertex 0.724999 21.1443 0
      vertex 1.11114 1.66294 0
      vertex 0.942793 1.76384 0
    endloop
  endfacet
  facet normal 0 0 -1
    outer loop
      vertex 0.724999 21.1443 0
      vertex 0.942793 1.76384 0
      vertex 0.765367 1.84776 0
    endloop
  endfacet
  facet normal 0 0 -1
    outer loop
      vertex 1.11114 1.66294 0
      vertex 0.724999 21.1443 0
      vertex 1.0253 21.3747 0
    endloop
  endfacet
  facet normal 0 0 -1
    outer loop
      vertex 0.375287 20.9994 0
      vertex 0.765367 1.84776 0
      vertex 0.580569 1.91388 0
    endloop
  endfacet
  facet normal 0 0 -1
    outer loop
      vertex 0.375287 20.9994 0
      vertex 0.580569 1.91388 0
      vertex 0.390181 1.96157 0
    endloop
  endfacet
  facet normal 0 0 -1
    outer loop
      vertex 0.765367 1.84776 0
      vertex 0.375287 20.9994 0
      vertex 0.724999 21.1443 0
    endloop
  endfacet
  facet normal 0 0 -1
    outer loop
      vertex 0.196033 1.99037 0
      vertex 0.375287 20.9994 0
      vertex 0.390181 1.96157 0
    endloop
  endfacet
  facet normal 0 0 -1
    outer loop
      vertex 0 20.95 0
      vertex 0.196033 1.99037 0
      vertex 0 2 0
    endloop
  endfacet
  facet normal 0 0 -1
    outer loop
      vertex 0.196033 1.99037 0
      vertex 0 20.95 0
      vertex 0.375287 20.9994 0
    endloop
  endfacet
  facet normal 0 0 -1
    outer loop
      vertex -0.196033 1.99037 0
      vertex 0 20.95 0
      vertex 0 2 0
    endloop
  endfacet
  facet normal 0 0 -1
    outer loop
      vertex -0.196033 1.99037 0
      vertex -0.375287 20.9994 0
      vertex 0 20.95 0
    endloop
  endfacet
  facet normal 0 0 -1
    outer loop
      vertex -0.390181 1.96157 0
      vertex -0.375287 20.9994 0
      vertex -0.196033 1.99037 0
    endloop
  endfacet
  facet normal 0 0 -1
    outer loop
      vertex -0.580569 1.91388 0
      vertex -0.375287 20.9994 0
      vertex -0.390181 1.96157 0
    endloop
  endfacet
  facet normal 0 0 -1
    outer loop
      vertex -0.765367 1.84776 0
      vertex -0.375287 20.9994 0
      vertex -0.580569 1.91388 0
    endloop
  endfacet
  facet normal -0 0 -1
    outer loop
      vertex -0.375287 20.9994 0
      vertex -0.765367 1.84776 0
      vertex -0.724999 21.1443 0
    endloop
  endfacet
  facet normal 0 0 -1
    outer loop
      vertex -0.942793 1.76384 0
      vertex -0.724999 21.1443 0
      vertex -0.765367 1.84776 0
    endloop
  endfacet
  facet normal 0 0 -1
    outer loop
      vertex -1.11114 1.66294 0
      vertex -0.724999 21.1443 0
      vertex -0.942793 1.76384 0
    endloop
  endfacet
  facet normal -0 0 -1
    outer loop
      vertex -0.724999 21.1443 0
      vertex -1.11114 1.66294 0
      vertex -1.0253 21.3747 0
    endloop
  endfacet
  facet normal 0 0 -1
    outer loop
      vertex -1.26879 1.54602 0
      vertex -1.0253 21.3747 0
      vertex -1.11114 1.66294 0
    endloop
  endfacet
  facet normal 0 0 -1
    outer loop
      vertex -1.41421 1.41421 0
      vertex -1.0253 21.3747 0
      vertex -1.26879 1.54602 0
    endloop
  endfacet
  facet normal 0 0 -1
    outer loop
      vertex -1.54602 1.26879 0
      vertex -1.0253 21.3747 0
      vertex -1.41421 1.41421 0
    endloop
  endfacet
  facet normal -0 0 -1
    outer loop
      vertex -1.0253 21.3747 0
      vertex -1.54602 1.26879 0
      vertex -1.25574 21.675 0
    endloop
  endfacet
  facet normal 0 0 -1
    outer loop
      vertex -1.66294 1.11114 0
      vertex -1.25574 21.675 0
      vertex -1.54602 1.26879 0
    endloop
  endfacet
  facet normal 0 0 -1
    outer loop
      vertex -31 25 0
      vertex -1.25574 21.675 0
      vertex -23.0247 -5.69941 0
    endloop
  endfacet
  facet normal 0 0 -1
    outer loop
      vertex -23.0247 -5.69941 0
      vertex -1.25574 21.675 0
      vertex -1.66294 1.11114 0
    endloop
  endfacet
  facet normal 0 0 -1
    outer loop
      vertex 27 -29 0
      vertex 31 -25 0
      vertex 30.9807 -25.3921 0
    endloop
  endfacet
  facet normal 0 0 -1
    outer loop
      vertex 31 -25 0
      vertex 24.85 -7.1 0
      vertex 31 25 0
    endloop
  endfacet
  facet normal 0 0 -1
    outer loop
      vertex 27 -29 0
      vertex 30.9807 -25.3921 0
      vertex 30.9231 -25.7804 0
    endloop
  endfacet
  facet normal 0 0 -1
    outer loop
      vertex 24.8006 -6.72471 0
      vertex 31 25 0
      vertex 24.85 -7.1 0
    endloop
  endfacet
  facet normal 0 0 -1
    outer loop
      vertex 27 -29 0
      vertex 30.9231 -25.7804 0
      vertex 30.8278 -26.1611 0
    endloop
  endfacet
  facet normal 0 0 -1
    outer loop
      vertex 24.6557 -6.375 0
      vertex 31 25 0
      vertex 24.8006 -6.72471 0
    endloop
  endfacet
  facet normal 0 0 -1
    outer loop
      vertex 27 -29 0
      vertex 30.8278 -26.1611 0
      vertex 30.6955 -26.5307 0
    endloop
  endfacet
  facet normal 0 0 -1
    outer loop
      vertex 24.4253 -6.07469 0
      vertex 31 25 0
      vertex 24.6557 -6.375 0
    endloop
  endfacet
  facet normal 0 0 -1
    outer loop
      vertex 27 -29 0
      vertex 30.6955 -26.5307 0
      vertex 30.5277 -26.8856 0
    endloop
  endfacet
  facet normal 0 0 -1
    outer loop
      vertex 24.125 -5.84426 0
      vertex 31 25 0
      vertex 24.4253 -6.07469 0
    endloop
  endfacet
  facet normal 0 0 -1
    outer loop
      vertex 27 -29 0
      vertex 30.5277 -26.8856 0
      vertex 30.3259 -27.2223 0
    endloop
  endfacet
  facet normal 0 0 -1
    outer loop
      vertex 23.7753 -5.69941 0
      vertex 31 25 0
      vertex 24.125 -5.84426 0
    endloop
  endfacet
  facet normal 0 0 -1
    outer loop
      vertex 27 -29 0
      vertex 30.3259 -27.2223 0
      vertex 30.092 -27.5376 0
    endloop
  endfacet
  facet normal 0 0 -1
    outer loop
      vertex 23.4 -5.65 0
      vertex 31 25 0
      vertex 23.7753 -5.69941 0
    endloop
  endfacet
  facet normal 0 0 -1
    outer loop
      vertex 27 -29 0
      vertex 30.092 -27.5376 0
      vertex 29.8284 -27.8284 0
    endloop
  endfacet
  facet normal 0 0 -1
    outer loop
      vertex 23.0247 -5.69941 0
      vertex 31 25 0
      vertex 23.4 -5.65 0
    endloop
  endfacet
  facet normal 0 0 -1
    outer loop
      vertex 27 -29 0
      vertex 29.8284 -27.8284 0
      vertex 29.5376 -28.092 0
    endloop
  endfacet
  facet normal 0 0 -1
    outer loop
      vertex 1.45 22.4 0
      vertex 31 25 0
      vertex 23.0247 -5.69941 0
    endloop
  endfacet
  facet normal 0 0 -1
    outer loop
      vertex 27 -29 0
      vertex 29.5376 -28.092 0
      vertex 29.2223 -28.3259 0
    endloop
  endfacet
  facet normal 0 -0 -1
    outer loop
      vertex 27 29 0
      vertex 31 25 0
      vertex 1.45 22.4 0
    endloop
  endfacet
  facet normal 0 0 -1
    outer loop
      vertex 27 -29 0
      vertex 29.2223 -28.3259 0
      vertex 28.8856 -28.5277 0
    endloop
  endfacet
  facet normal 0 0 -1
    outer loop
      vertex 31 25 0
      vertex 27 29 0
      vertex 30.9807 25.3921 0
    endloop
  endfacet
  facet normal 0 0 -1
    outer loop
      vertex 27 -29 0
      vertex 28.8856 -28.5277 0
      vertex 28.5307 -28.6955 0
    endloop
  endfacet
  facet normal 0 0 -1
    outer loop
      vertex 30.9231 25.7804 0
      vertex 27 29 0
      vertex 30.8278 26.1611 0
    endloop
  endfacet
  facet normal 0 0 -1
    outer loop
      vertex 27 -29 0
      vertex 28.5307 -28.6955 0
      vertex 28.1611 -28.8278 0
    endloop
  endfacet
  facet normal 0 0 -1
    outer loop
      vertex 30.8278 26.1611 0
      vertex 27 29 0
      vertex 30.6955 26.5307 0
    endloop
  endfacet
  facet normal 0 0 -1
    outer loop
      vertex 27 -29 0
      vertex 28.1611 -28.8278 0
      vertex 27.7804 -28.9231 0
    endloop
  endfacet
  facet normal 0 0 -1
    outer loop
      vertex 30.6955 26.5307 0
      vertex 27 29 0
      vertex 30.5277 26.8856 0
    endloop
  endfacet
  facet normal 0 0 -1
    outer loop
      vertex 27 -29 0
      vertex 27.7804 -28.9231 0
      vertex 27.3921 -28.9807 0
    endloop
  endfacet
  facet normal 0 0 -1
    outer loop
      vertex 30.3259 27.2223 0
      vertex 27 29 0
      vertex 30.092 27.5376 0
    endloop
  endfacet
  facet normal -0 0 -1
    outer loop
      vertex 31 -25 0
      vertex 27 -29 0
      vertex 23.4 -10.95 0
    endloop
  endfacet
  facet normal 0 0 -1
    outer loop
      vertex 30.092 27.5376 0
      vertex 27 29 0
      vertex 29.8284 27.8284 0
    endloop
  endfacet
  facet normal 0 0 -1
    outer loop
      vertex 31 -25 0
      vertex 24.85 -9.5 0
      vertex 24.85 -7.1 0
    endloop
  endfacet
  facet normal 0 0 -1
    outer loop
      vertex 31 -25 0
      vertex 24.8006 -9.87529 0
      vertex 24.85 -9.5 0
    endloop
  endfacet
  facet normal 0 0 -1
    outer loop
      vertex 31 -25 0
      vertex 24.6557 -10.225 0
      vertex 24.8006 -9.87529 0
    endloop
  endfacet
  facet normal 0 0 -1
    outer loop
      vertex 31 -25 0
      vertex 24.4253 -10.5253 0
      vertex 24.6557 -10.225 0
    endloop
  endfacet
  facet normal 0 0 -1
    outer loop
      vertex 31 -25 0
      vertex 24.125 -10.7557 0
      vertex 24.4253 -10.5253 0
    endloop
  endfacet
  facet normal 0 0 -1
    outer loop
      vertex 31 -25 0
      vertex 23.7753 -10.9006 0
      vertex 24.125 -10.7557 0
    endloop
  endfacet
  facet normal 0 0 -1
    outer loop
      vertex 31 -25 0
      vertex 23.4 -10.95 0
      vertex 23.7753 -10.9006 0
    endloop
  endfacet
  facet normal 0 0 -1
    outer loop
      vertex 27 -29 0
      vertex 23.0247 -10.9006 0
      vertex 23.4 -10.95 0
    endloop
  endfacet
  facet normal 0 0 -1
    outer loop
      vertex 27 -29 0
      vertex 22.675 -10.7557 0
      vertex 23.0247 -10.9006 0
    endloop
  endfacet
  facet normal 0 0 -1
    outer loop
      vertex 27 -29 0
      vertex 22.3747 -10.5253 0
      vertex 22.675 -10.7557 0
    endloop
  endfacet
  facet normal 0 0 -1
    outer loop
      vertex 0.390181 -1.96157 0
      vertex 22.3747 -10.5253 0
      vertex 27 -29 0
    endloop
  endfacet
  facet normal 0 0 -1
    outer loop
      vertex 22.3747 -10.5253 0
      vertex 0.390181 -1.96157 0
      vertex 22.1443 -10.225 0
    endloop
  endfacet
  facet normal 0 0 -1
    outer loop
      vertex 1.54602 -1.26879 0
      vertex 21.95 -7.1 0
      vertex 21.95 -9.5 0
    endloop
  endfacet
  facet normal 0 0 -1
    outer loop
      vertex 1.26879 -1.54602 0
      vertex 21.95 -9.5 0
      vertex 21.9994 -9.87529 0
    endloop
  endfacet
  facet normal 0 -0 -1
    outer loop
      vertex 0.580569 -1.91388 0
      vertex 22.1443 -10.225 0
      vertex 0.390181 -1.96157 0
    endloop
  endfacet
  facet normal 0 0 -1
    outer loop
      vertex 21.95 -7.1 0
      vertex 1.99037 -0.196033 0
      vertex 2 0 0
    endloop
  endfacet
  facet normal 0 0 -1
    outer loop
      vertex 21.95 -7.1 0
      vertex 1.96157 -0.390181 0
      vertex 1.99037 -0.196033 0
    endloop
  endfacet
  facet normal 0 0 -1
    outer loop
      vertex 21.95 -7.1 0
      vertex 1.91388 -0.580569 0
      vertex 1.96157 -0.390181 0
    endloop
  endfacet
  facet normal 0 0 -1
    outer loop
      vertex 21.95 -7.1 0
      vertex 1.84776 -0.765367 0
      vertex 1.91388 -0.580569 0
    endloop
  endfacet
  facet normal 0 0 -1
    outer loop
      vertex 21.95 -7.1 0
      vertex 1.76384 -0.942793 0
      vertex 1.84776 -0.765367 0
    endloop
  endfacet
  facet normal 0 0 -1
    outer loop
      vertex 21.95 -7.1 0
      vertex 1.66294 -1.11114 0
      vertex 1.76384 -0.942793 0
    endloop
  endfacet
  facet normal 0 0 -1
    outer loop
      vertex 21.95 -7.1 0
      vertex 1.54602 -1.26879 0
      vertex 1.66294 -1.11114 0
    endloop
  endfacet
  facet normal 0 0 -1
    outer loop
      vertex 21.95 -9.5 0
      vertex 1.41421 -1.41421 0
      vertex 1.54602 -1.26879 0
    endloop
  endfacet
  facet normal 0 0 -1
    outer loop
      vertex 21.95 -9.5 0
      vertex 1.26879 -1.54602 0
      vertex 1.41421 -1.41421 0
    endloop
  endfacet
  facet normal 0 0 -1
    outer loop
      vertex 21.9994 -9.87529 0
      vertex 1.11114 -1.66294 0
      vertex 1.26879 -1.54602 0
    endloop
  endfacet
  facet normal 0 0 -1
    outer loop
      vertex 21.9994 -9.87529 0
      vertex 0.942793 -1.76384 0
      vertex 1.11114 -1.66294 0
    endloop
  endfacet
  facet normal 0 0 -1
    outer loop
      vertex 21.9994 -9.87529 0
      vertex 0.765367 -1.84776 0
      vertex 0.942793 -1.76384 0
    endloop
  endfacet
  facet normal 0 0 -1
    outer loop
      vertex 22.1443 -10.225 0
      vertex 0.765367 -1.84776 0
      vertex 21.9994 -9.87529 0
    endloop
  endfacet
  facet normal 0 -0 -1
    outer loop
      vertex 0.765367 -1.84776 0
      vertex 22.1443 -10.225 0
      vertex 0.580569 -1.91388 0
    endloop
  endfacet
  facet normal 0 0 -1
    outer loop
      vertex 27 -29 0
      vertex 0.196033 -1.99037 0
      vertex 0.390181 -1.96157 0
    endloop
  endfacet
  facet normal 0 0 -1
    outer loop
      vertex 27 -29 0
      vertex 0 -2 0
      vertex 0.196033 -1.99037 0
    endloop
  endfacet
  facet normal 0 0 -1
    outer loop
      vertex -27 -29 0
      vertex 0 -2 0
      vertex 27 -29 0
    endloop
  endfacet
  facet normal -0 0 -1
    outer loop
      vertex 0 -2 0
      vertex -27 -29 0
      vertex -0.196033 -1.99037 0
    endloop
  endfacet
  facet normal -0 0 -1
    outer loop
      vertex -0.196033 -1.99037 0
      vertex -27 -29 0
      vertex -0.390181 -1.96157 0
    endloop
  endfacet
  facet normal 0 -0 -1
    outer loop
      vertex -22.3747 -10.5253 0
      vertex -0.390181 -1.96157 0
      vertex -27 -29 0
    endloop
  endfacet
  facet normal 0 -0 -1
    outer loop
      vertex -22.1443 -10.225 0
      vertex -0.390181 -1.96157 0
      vertex -22.3747 -10.5253 0
    endloop
  endfacet
  facet normal -0 0 -1
    outer loop
      vertex -0.390181 -1.96157 0
      vertex -22.1443 -10.225 0
      vertex -0.580569 -1.91388 0
    endloop
  endfacet
  facet normal -0 0 -1
    outer loop
      vertex -0.580569 -1.91388 0
      vertex -22.1443 -10.225 0
      vertex -0.765367 -1.84776 0
    endloop
  endfacet
  facet normal -0 0 -1
    outer loop
      vertex -0.765367 -1.84776 0
      vertex -22.1443 -10.225 0
      vertex -0.942793 -1.76384 0
    endloop
  endfacet
  facet normal -0 0 -1
    outer loop
      vertex -1.91388 -0.580569 0
      vertex -21.9994 -6.72471 0
      vertex -1.96157 -0.390181 0
    endloop
  endfacet
  facet normal -0 0 -1
    outer loop
      vertex -1.84776 -0.765367 0
      vertex -21.9994 -6.72471 0
      vertex -1.91388 -0.580569 0
    endloop
  endfacet
  facet normal -0 0 -1
    outer loop
      vertex -1.76384 -0.942793 0
      vertex -21.9994 -6.72471 0
      vertex -1.84776 -0.765367 0
    endloop
  endfacet
  facet normal 0 0 -1
    outer loop
      vertex -21.9994 -6.72471 0
      vertex -1.76384 -0.942793 0
      vertex -21.95 -7.1 0
    endloop
  endfacet
  facet normal -0 0 -1
    outer loop
      vertex -1.66294 -1.11114 0
      vertex -21.95 -7.1 0
      vertex -1.76384 -0.942793 0
    endloop
  endfacet
  facet normal -0 0 -1
    outer loop
      vertex -1.54602 -1.26879 0
      vertex -21.95 -7.1 0
      vertex -1.66294 -1.11114 0
    endloop
  endfacet
  facet normal 0 0 -1
    outer loop
      vertex -21.95 -7.1 0
      vertex -1.54602 -1.26879 0
      vertex -21.95 -9.5 0
    endloop
  endfacet
  facet normal -0 0 -1
    outer loop
      vertex -1.41421 -1.41421 0
      vertex -21.95 -9.5 0
      vertex -1.54602 -1.26879 0
    endloop
  endfacet
  facet normal 0 -0 -1
    outer loop
      vertex -21.9994 -9.87529 0
      vertex -0.942793 -1.76384 0
      vertex -22.1443 -10.225 0
    endloop
  endfacet
  facet normal -0 0 -1
    outer loop
      vertex -1.26879 -1.54602 0
      vertex -21.95 -9.5 0
      vertex -1.41421 -1.41421 0
    endloop
  endfacet
  facet normal 0 -0 -1
    outer loop
      vertex -21.95 -9.5 0
      vertex -1.26879 -1.54602 0
      vertex -21.9994 -9.87529 0
    endloop
  endfacet
  facet normal -0 0 -1
    outer loop
      vertex -0.942793 -1.76384 0
      vertex -21.9994 -9.87529 0
      vertex -1.11114 -1.66294 0
    endloop
  endfacet
  facet normal -0 0 -1
    outer loop
      vertex -1.11114 -1.66294 0
      vertex -21.9994 -9.87529 0
      vertex -1.26879 -1.54602 0
    endloop
  endfacet
  facet normal 0 0 -1
    outer loop
      vertex -22.3747 -10.5253 0
      vertex -27 -29 0
      vertex -22.675 -10.7557 0
    endloop
  endfacet
  facet normal 0 0 -1
    outer loop
      vertex -22.675 -10.7557 0
      vertex -27 -29 0
      vertex -23.0247 -10.9006 0
    endloop
  endfacet
  facet normal 0 0 -1
    outer loop
      vertex -23.0247 -10.9006 0
      vertex -27 -29 0
      vertex -23.4 -10.95 0
    endloop
  endfacet
  facet normal -0 0 -1
    outer loop
      vertex -24.8006 -9.87529 0
      vertex -31 -25 0
      vertex -24.85 -9.5 0
    endloop
  endfacet
  facet normal -0 0 -1
    outer loop
      vertex -24.6557 -10.225 0
      vertex -31 -25 0
      vertex -24.8006 -9.87529 0
    endloop
  endfacet
  facet normal -0 0 -1
    outer loop
      vertex -24.4253 -10.5253 0
      vertex -31 -25 0
      vertex -24.6557 -10.225 0
    endloop
  endfacet
  facet normal -0 0 -1
    outer loop
      vertex -24.125 -10.7557 0
      vertex -31 -25 0
      vertex -24.4253 -10.5253 0
    endloop
  endfacet
  facet normal -0 0 -1
    outer loop
      vertex -23.7753 -10.9006 0
      vertex -31 -25 0
      vertex -24.125 -10.7557 0
    endloop
  endfacet
  facet normal -0 0 -1
    outer loop
      vertex -23.4 -10.95 0
      vertex -31 -25 0
      vertex -23.7753 -10.9006 0
    endloop
  endfacet
  facet normal 0 0 -1
    outer loop
      vertex -31 -25 0
      vertex -23.4 -10.95 0
      vertex -27 -29 0
    endloop
  endfacet
  facet normal 0 0 -1
    outer loop
      vertex 29.8284 27.8284 0
      vertex 27 29 0
      vertex 29.5376 28.092 0
    endloop
  endfacet
  facet normal 0 0 -1
    outer loop
      vertex 29.5376 28.092 0
      vertex 27 29 0
      vertex 29.2223 28.3259 0
    endloop
  endfacet
  facet normal 0 0 -1
    outer loop
      vertex 29.2223 28.3259 0
      vertex 27 29 0
      vertex 28.8856 28.5277 0
    endloop
  endfacet
  facet normal 0 0 -1
    outer loop
      vertex 28.8856 28.5277 0
      vertex 27 29 0
      vertex 28.5307 28.6955 0
    endloop
  endfacet
  facet normal 0 0 -1
    outer loop
      vertex 28.5307 28.6955 0
      vertex 27 29 0
      vertex 28.1611 28.8278 0
    endloop
  endfacet
  facet normal 0 0 -1
    outer loop
      vertex 27.7804 28.9231 0
      vertex 27 29 0
      vertex 27.3921 28.9807 0
    endloop
  endfacet
  facet normal 0 0 -1
    outer loop
      vertex 28.1611 28.8278 0
      vertex 27 29 0
      vertex 27.7804 28.9231 0
    endloop
  endfacet
  facet normal 0 0 -1
    outer loop
      vertex 30.5277 26.8856 0
      vertex 27 29 0
      vertex 30.3259 27.2223 0
    endloop
  endfacet
  facet normal 0 0 -1
    outer loop
      vertex 1.66294 1.11114 0
      vertex 23.0247 -5.69941 0
      vertex 22.675 -5.84426 0
    endloop
  endfacet
  facet normal 0 0 -1
    outer loop
      vertex 1.91388 0.580569 0
      vertex 22.675 -5.84426 0
      vertex 22.3747 -6.07469 0
    endloop
  endfacet
  facet normal 0 0 -1
    outer loop
      vertex 1.99037 0.196033 0
      vertex 22.3747 -6.07469 0
      vertex 22.1443 -6.375 0
    endloop
  endfacet
  facet normal 0 0 -1
    outer loop
      vertex 2 0 0
      vertex 22.1443 -6.375 0
      vertex 21.9994 -6.72471 0
    endloop
  endfacet
  facet normal 0 0 -1
    outer loop
      vertex 2 0 0
      vertex 21.9994 -6.72471 0
      vertex 21.95 -7.1 0
    endloop
  endfacet
  facet normal 0 0 -1
    outer loop
      vertex 22.1443 -6.375 0
      vertex 2 0 0
      vertex 1.99037 0.196033 0
    endloop
  endfacet
  facet normal 0 0 -1
    outer loop
      vertex 22.3747 -6.07469 0
      vertex 1.99037 0.196033 0
      vertex 1.96157 0.390181 0
    endloop
  endfacet
  facet normal 0 0 -1
    outer loop
      vertex 22.3747 -6.07469 0
      vertex 1.96157 0.390181 0
      vertex 1.91388 0.580569 0
    endloop
  endfacet
  facet normal 0 0 -1
    outer loop
      vertex 22.675 -5.84426 0
      vertex 1.91388 0.580569 0
      vertex 1.84776 0.765367 0
    endloop
  endfacet
  facet normal 0 0 -1
    outer loop
      vertex 22.675 -5.84426 0
      vertex 1.84776 0.765367 0
      vertex 1.76384 0.942793 0
    endloop
  endfacet
  facet normal 0 0 -1
    outer loop
      vertex 22.675 -5.84426 0
      vertex 1.76384 0.942793 0
      vertex 1.66294 1.11114 0
    endloop
  endfacet
  facet normal 0 0 -1
    outer loop
      vertex 23.0247 -5.69941 0
      vertex 1.66294 1.11114 0
      vertex 1.45 22.4 0
    endloop
  endfacet
  facet normal 0 0 -1
    outer loop
      vertex 1.45 22.4 0
      vertex 1.66294 1.11114 0
      vertex 1.54602 1.26879 0
    endloop
  endfacet
  facet normal 0 0 -1
    outer loop
      vertex 30.9807 25.3921 0
      vertex 27 29 0
      vertex 30.9231 25.7804 0
    endloop
  endfacet
  facet normal 0 0 -1
    outer loop
      vertex 1.45 24.8 0
      vertex 27 29 0
      vertex 1.45 22.4 0
    endloop
  endfacet
  facet normal 0 0 -1
    outer loop
      vertex 1.40059 25.1753 0
      vertex 27 29 0
      vertex 1.45 24.8 0
    endloop
  endfacet
  facet normal 0 0 -1
    outer loop
      vertex 1.25574 25.525 0
      vertex 27 29 0
      vertex 1.40059 25.1753 0
    endloop
  endfacet
  facet normal 0 0 -1
    outer loop
      vertex 1.0253 25.8253 0
      vertex 27 29 0
      vertex 1.25574 25.525 0
    endloop
  endfacet
  facet normal 0 0 -1
    outer loop
      vertex 0.724999 26.0557 0
      vertex 27 29 0
      vertex 1.0253 25.8253 0
    endloop
  endfacet
  facet normal 0 0 -1
    outer loop
      vertex 0.375287 26.2006 0
      vertex 27 29 0
      vertex 0.724999 26.0557 0
    endloop
  endfacet
  facet normal 0 0 -1
    outer loop
      vertex 0 26.25 0
      vertex 27 29 0
      vertex 0.375287 26.2006 0
    endloop
  endfacet
  facet normal 0 -0 -1
    outer loop
      vertex -27 29 0
      vertex -1.25574 21.675 0
      vertex -31 25 0
    endloop
  endfacet
  facet normal 0 0 -1
    outer loop
      vertex -22.675 -5.84426 0
      vertex -1.66294 1.11114 0
      vertex -1.76384 0.942793 0
    endloop
  endfacet
  facet normal 0 0 -1
    outer loop
      vertex -22.675 -5.84426 0
      vertex -1.76384 0.942793 0
      vertex -1.84776 0.765367 0
    endloop
  endfacet
  facet normal 0 0 -1
    outer loop
      vertex -22.675 -5.84426 0
      vertex -1.84776 0.765367 0
      vertex -1.91388 0.580569 0
    endloop
  endfacet
  facet normal 0 0 -1
    outer loop
      vertex -22.3747 -6.07469 0
      vertex -1.91388 0.580569 0
      vertex -1.96157 0.390181 0
    endloop
  endfacet
  facet normal 0 0 -1
    outer loop
      vertex -22.3747 -6.07469 0
      vertex -1.96157 0.390181 0
      vertex -1.99037 0.196033 0
    endloop
  endfacet
  facet normal 0 0 -1
    outer loop
      vertex -22.3747 -6.07469 0
      vertex -1.99037 0.196033 0
      vertex -2 0 0
    endloop
  endfacet
  facet normal 0 0 -1
    outer loop
      vertex -22.1443 -6.375 0
      vertex -1.96157 -0.390181 0
      vertex -21.9994 -6.72471 0
    endloop
  endfacet
  facet normal -0 0 -1
    outer loop
      vertex -1.96157 -0.390181 0
      vertex -22.1443 -6.375 0
      vertex -1.99037 -0.196033 0
    endloop
  endfacet
  facet normal -0 0 -1
    outer loop
      vertex -1.99037 -0.196033 0
      vertex -22.1443 -6.375 0
      vertex -2 0 0
    endloop
  endfacet
  facet normal 0 0 -1
    outer loop
      vertex -22.3747 -6.07469 0
      vertex -2 0 0
      vertex -22.1443 -6.375 0
    endloop
  endfacet
  facet normal 0 0 -1
    outer loop
      vertex -1.91388 0.580569 0
      vertex -22.3747 -6.07469 0
      vertex -22.675 -5.84426 0
    endloop
  endfacet
  facet normal 0 0 -1
    outer loop
      vertex -1.66294 1.11114 0
      vertex -22.675 -5.84426 0
      vertex -23.0247 -5.69941 0
    endloop
  endfacet
  facet normal 0 0 -1
    outer loop
      vertex -1.25574 21.675 0
      vertex -27 29 0
      vertex -1.40059 22.0247 0
    endloop
  endfacet
  facet normal 0 0 -1
    outer loop
      vertex -1.40059 22.0247 0
      vertex -27 29 0
      vertex -1.45 22.4 0
    endloop
  endfacet
  facet normal 0 0 -1
    outer loop
      vertex -1.45 22.4 0
      vertex -27 29 0
      vertex -1.45 24.8 0
    endloop
  endfacet
  facet normal 0 0 -1
    outer loop
      vertex -31 25 0
      vertex -23.0247 -5.69941 0
      vertex -23.4 -5.65 0
    endloop
  endfacet
  facet normal 0 0 -1
    outer loop
      vertex -31 25 0
      vertex -23.4 -5.65 0
      vertex -23.7753 -5.69941 0
    endloop
  endfacet
  facet normal 0 0 -1
    outer loop
      vertex -31 25 0
      vertex -23.7753 -5.69941 0
      vertex -24.125 -5.84426 0
    endloop
  endfacet
  facet normal 0 0 -1
    outer loop
      vertex -31 25 0
      vertex -24.125 -5.84426 0
      vertex -24.4253 -6.07469 0
    endloop
  endfacet
  facet normal 0 0 -1
    outer loop
      vertex -31 25 0
      vertex -24.4253 -6.07469 0
      vertex -24.6557 -6.375 0
    endloop
  endfacet
  facet normal 0 0 -1
    outer loop
      vertex 0 26.25 0
      vertex -27 29 0
      vertex 27 29 0
    endloop
  endfacet
  facet normal 0 0 -1
    outer loop
      vertex -0.375287 26.2006 0
      vertex -27 29 0
      vertex 0 26.25 0
    endloop
  endfacet
  facet normal 0 0 -1
    outer loop
      vertex -0.724999 26.0557 0
      vertex -27 29 0
      vertex -0.375287 26.2006 0
    endloop
  endfacet
  facet normal 0 0 -1
    outer loop
      vertex -1.0253 25.8253 0
      vertex -27 29 0
      vertex -0.724999 26.0557 0
    endloop
  endfacet
  facet normal 0 0 -1
    outer loop
      vertex -1.25574 25.525 0
      vertex -27 29 0
      vertex -1.0253 25.8253 0
    endloop
  endfacet
  facet normal 0 0 -1
    outer loop
      vertex -1.45 24.8 0
      vertex -27 29 0
      vertex -1.40059 25.1753 0
    endloop
  endfacet
  facet normal 0 0 -1
    outer loop
      vertex -31 25 0
      vertex -24.6557 -6.375 0
      vertex -24.8006 -6.72471 0
    endloop
  endfacet
  facet normal 0 0 -1
    outer loop
      vertex -31 25 0
      vertex -24.8006 -6.72471 0
      vertex -24.85 -7.1 0
    endloop
  endfacet
  facet normal -0 0 -1
    outer loop
      vertex -24.85 -9.5 0
      vertex -31 -25 0
      vertex -24.85 -7.1 0
    endloop
  endfacet
  facet normal 0 0 -1
    outer loop
      vertex -31 -25 0
      vertex -27 -29 0
      vertex -27.3921 -28.9807 0
    endloop
  endfacet
  facet normal 0 0 -1
    outer loop
      vertex -31 25 0
      vertex -24.85 -7.1 0
      vertex -31 -25 0
    endloop
  endfacet
  facet normal 0 0 -1
    outer loop
      vertex -31 -25 0
      vertex -27.3921 -28.9807 0
      vertex -27.7804 -28.9231 0
    endloop
  endfacet
  facet normal 0 0 -1
    outer loop
      vertex -1.40059 25.1753 0
      vertex -27 29 0
      vertex -1.25574 25.525 0
    endloop
  endfacet
  facet normal 0 0 -1
    outer loop
      vertex -31 -25 0
      vertex -27.7804 -28.9231 0
      vertex -28.1611 -28.8278 0
    endloop
  endfacet
  facet normal 0 0 -1
    outer loop
      vertex -27 29 0
      vertex -31 25 0
      vertex -27.3921 28.9807 0
    endloop
  endfacet
  facet normal 0 0 -1
    outer loop
      vertex -31 -25 0
      vertex -28.1611 -28.8278 0
      vertex -28.5307 -28.6955 0
    endloop
  endfacet
  facet normal 0 0 -1
    outer loop
      vertex -27.3921 28.9807 0
      vertex -31 25 0
      vertex -27.7804 28.9231 0
    endloop
  endfacet
  facet normal 0 0 -1
    outer loop
      vertex -31 -25 0
      vertex -28.5307 -28.6955 0
      vertex -28.8856 -28.5277 0
    endloop
  endfacet
  facet normal 0 0 -1
    outer loop
      vertex -27.7804 28.9231 0
      vertex -31 25 0
      vertex -28.1611 28.8278 0
    endloop
  endfacet
  facet normal 0 0 -1
    outer loop
      vertex -31 -25 0
      vertex -28.8856 -28.5277 0
      vertex -29.2223 -28.3259 0
    endloop
  endfacet
  facet normal 0 0 -1
    outer loop
      vertex -28.1611 28.8278 0
      vertex -31 25 0
      vertex -28.5307 28.6955 0
    endloop
  endfacet
  facet normal 0 0 -1
    outer loop
      vertex -31 -25 0
      vertex -29.2223 -28.3259 0
      vertex -29.5376 -28.092 0
    endloop
  endfacet
  facet normal 0 0 -1
    outer loop
      vertex -28.5307 28.6955 0
      vertex -31 25 0
      vertex -28.8856 28.5277 0
    endloop
  endfacet
  facet normal 0 0 -1
    outer loop
      vertex -31 -25 0
      vertex -29.5376 -28.092 0
      vertex -29.8284 -27.8284 0
    endloop
  endfacet
  facet normal 0 0 -1
    outer loop
      vertex -28.8856 28.5277 0
      vertex -31 25 0
      vertex -29.2223 28.3259 0
    endloop
  endfacet
  facet normal 0 0 -1
    outer loop
      vertex -31 -25 0
      vertex -29.8284 -27.8284 0
      vertex -30.092 -27.5376 0
    endloop
  endfacet
  facet normal 0 0 -1
    outer loop
      vertex -29.2223 28.3259 0
      vertex -31 25 0
      vertex -29.5376 28.092 0
    endloop
  endfacet
  facet normal 0 0 -1
    outer loop
      vertex -31 -25 0
      vertex -30.092 -27.5376 0
      vertex -30.3259 -27.2223 0
    endloop
  endfacet
  facet normal 0 0 -1
    outer loop
      vertex -29.5376 28.092 0
      vertex -31 25 0
      vertex -29.8284 27.8284 0
    endloop
  endfacet
  facet normal 0 0 -1
    outer loop
      vertex -31 -25 0
      vertex -30.3259 -27.2223 0
      vertex -30.5277 -26.8856 0
    endloop
  endfacet
  facet normal 0 0 -1
    outer loop
      vertex -29.8284 27.8284 0
      vertex -31 25 0
      vertex -30.092 27.5376 0
    endloop
  endfacet
  facet normal 0 0 -1
    outer loop
      vertex -31 -25 0
      vertex -30.5277 -26.8856 0
      vertex -30.6955 -26.5307 0
    endloop
  endfacet
  facet normal 0 0 -1
    outer loop
      vertex -30.092 27.5376 0
      vertex -31 25 0
      vertex -30.3259 27.2223 0
    endloop
  endfacet
  facet normal 0 0 -1
    outer loop
      vertex -31 -25 0
      vertex -30.6955 -26.5307 0
      vertex -30.8278 -26.1611 0
    endloop
  endfacet
  facet normal 0 0 -1
    outer loop
      vertex -30.3259 27.2223 0
      vertex -31 25 0
      vertex -30.5277 26.8856 0
    endloop
  endfacet
  facet normal 0 0 -1
    outer loop
      vertex -31 -25 0
      vertex -30.8278 -26.1611 0
      vertex -30.9231 -25.7804 0
    endloop
  endfacet
  facet normal 0 0 -1
    outer loop
      vertex -30.5277 26.8856 0
      vertex -31 25 0
      vertex -30.6955 26.5307 0
    endloop
  endfacet
  facet normal 0 0 -1
    outer loop
      vertex -31 -25 0
      vertex -30.9231 -25.7804 0
      vertex -30.9807 -25.3921 0
    endloop
  endfacet
  facet normal 0 0 -1
    outer loop
      vertex -30.6955 26.5307 0
      vertex -31 25 0
      vertex -30.8278 26.1611 0
    endloop
  endfacet
  facet normal 0 0 -1
    outer loop
      vertex -30.8278 26.1611 0
      vertex -31 25 0
      vertex -30.9231 25.7804 0
    endloop
  endfacet
  facet normal 0 0 -1
    outer loop
      vertex -30.9231 25.7804 0
      vertex -31 25 0
      vertex -30.9807 25.3921 0
    endloop
  endfacet
  facet normal -0.989176 -0.146735 0
    outer loop
      vertex 1.99037 0.196033 0
      vertex 1.96157 0.390181 2
      vertex 1.96157 0.390181 0
    endloop
  endfacet
  facet normal -0.989176 -0.146735 0
    outer loop
      vertex 1.96157 0.390181 2
      vertex 1.99037 0.196033 0
      vertex 1.99037 0.196033 2
    endloop
  endfacet
  facet normal -0.998796 -0.0490652 0
    outer loop
      vertex 2 0 0
      vertex 1.99037 0.196033 2
      vertex 1.99037 0.196033 0
    endloop
  endfacet
  facet normal -0.998796 -0.0490652 0
    outer loop
      vertex 1.99037 0.196033 2
      vertex 2 0 0
      vertex 2 0 2
    endloop
  endfacet
  facet normal -0.970031 -0.242982 0
    outer loop
      vertex 1.96157 0.390181 0
      vertex 1.91388 0.580569 2
      vertex 1.91388 0.580569 0
    endloop
  endfacet
  facet normal -0.970031 -0.242982 0
    outer loop
      vertex 1.91388 0.580569 2
      vertex 1.96157 0.390181 0
      vertex 1.96157 0.390181 2
    endloop
  endfacet
  facet normal 0.51409 0.857736 -0
    outer loop
      vertex -0.942793 -1.76384 0
      vertex -1.11114 -1.66294 2
      vertex -0.942793 -1.76384 2
    endloop
  endfacet
  facet normal 0.51409 0.857736 0
    outer loop
      vertex -1.11114 -1.66294 2
      vertex -0.942793 -1.76384 0
      vertex -1.11114 -1.66294 0
    endloop
  endfacet
  facet normal 0.51409 -0.857736 0
    outer loop
      vertex -1.11114 1.66294 0
      vertex -0.942793 1.76384 2
      vertex -1.11114 1.66294 2
    endloop
  endfacet
  facet normal 0.51409 -0.857736 0
    outer loop
      vertex -0.942793 1.76384 2
      vertex -1.11114 1.66294 0
      vertex -0.942793 1.76384 0
    endloop
  endfacet
  facet normal 0.941547 -0.336882 0
    outer loop
      vertex -1.91388 0.580569 2
      vertex -1.84776 0.765367 0
      vertex -1.84776 0.765367 2
    endloop
  endfacet
  facet normal 0.941547 -0.336882 0
    outer loop
      vertex -1.84776 0.765367 0
      vertex -1.91388 0.580569 2
      vertex -1.91388 0.580569 0
    endloop
  endfacet
  facet normal -0.336882 -0.941547 0
    outer loop
      vertex 0.580569 1.91388 0
      vertex 0.765367 1.84776 2
      vertex 0.580569 1.91388 2
    endloop
  endfacet
  facet normal -0.336882 -0.941547 -0
    outer loop
      vertex 0.765367 1.84776 2
      vertex 0.580569 1.91388 0
      vertex 0.765367 1.84776 0
    endloop
  endfacet
  facet normal 0.941547 0.336882 0
    outer loop
      vertex -1.84776 -0.765367 2
      vertex -1.91388 -0.580569 0
      vertex -1.91388 -0.580569 2
    endloop
  endfacet
  facet normal 0.941547 0.336882 0
    outer loop
      vertex -1.91388 -0.580569 0
      vertex -1.84776 -0.765367 2
      vertex -1.84776 -0.765367 0
    endloop
  endfacet
  facet normal 0.146735 -0.989176 0
    outer loop
      vertex -0.390181 1.96157 0
      vertex -0.196033 1.99037 2
      vertex -0.390181 1.96157 2
    endloop
  endfacet
  facet normal 0.146735 -0.989176 0
    outer loop
      vertex -0.196033 1.99037 2
      vertex -0.390181 1.96157 0
      vertex -0.196033 1.99037 0
    endloop
  endfacet
  facet normal -0.146735 0.989176 0
    outer loop
      vertex 0.390181 -1.96157 0
      vertex 0.196033 -1.99037 2
      vertex 0.390181 -1.96157 2
    endloop
  endfacet
  facet normal -0.146735 0.989176 0
    outer loop
      vertex 0.196033 -1.99037 2
      vertex 0.390181 -1.96157 0
      vertex 0.196033 -1.99037 0
    endloop
  endfacet
  facet normal 0.740928 -0.671584 0
    outer loop
      vertex -1.54602 1.26879 2
      vertex -1.41421 1.41421 0
      vertex -1.41421 1.41421 2
    endloop
  endfacet
  facet normal 0.740928 -0.671584 0
    outer loop
      vertex -1.41421 1.41421 0
      vertex -1.54602 1.26879 2
      vertex -1.54602 1.26879 0
    endloop
  endfacet
  facet normal -0.427571 0.903982 0
    outer loop
      vertex 0.942793 -1.76384 0
      vertex 0.765367 -1.84776 2
      vertex 0.942793 -1.76384 2
    endloop
  endfacet
  facet normal -0.427571 0.903982 0
    outer loop
      vertex 0.765367 -1.84776 2
      vertex 0.942793 -1.76384 0
      vertex 0.765367 -1.84776 0
    endloop
  endfacet
  facet normal -0.80321 0.595695 0
    outer loop
      vertex 1.54602 -1.26879 0
      vertex 1.66294 -1.11114 2
      vertex 1.66294 -1.11114 0
    endloop
  endfacet
  facet normal -0.80321 0.595695 0
    outer loop
      vertex 1.66294 -1.11114 2
      vertex 1.54602 -1.26879 0
      vertex 1.54602 -1.26879 2
    endloop
  endfacet
  facet normal -0.336882 0.941547 0
    outer loop
      vertex 0.765367 -1.84776 0
      vertex 0.580569 -1.91388 2
      vertex 0.765367 -1.84776 2
    endloop
  endfacet
  facet normal -0.336882 0.941547 0
    outer loop
      vertex 0.580569 -1.91388 2
      vertex 0.765367 -1.84776 0
      vertex 0.580569 -1.91388 0
    endloop
  endfacet
  facet normal -0.989176 0.146735 0
    outer loop
      vertex 1.96157 -0.390181 0
      vertex 1.99037 -0.196033 2
      vertex 1.99037 -0.196033 0
    endloop
  endfacet
  facet normal -0.989176 0.146735 0
    outer loop
      vertex 1.99037 -0.196033 2
      vertex 1.96157 -0.390181 0
      vertex 1.96157 -0.390181 2
    endloop
  endfacet
  facet normal -0.671584 0.740928 0
    outer loop
      vertex 1.41421 -1.41421 0
      vertex 1.26879 -1.54602 2
      vertex 1.41421 -1.41421 2
    endloop
  endfacet
  facet normal -0.671584 0.740928 0
    outer loop
      vertex 1.26879 -1.54602 2
      vertex 1.41421 -1.41421 0
      vertex 1.26879 -1.54602 0
    endloop
  endfacet
  facet normal -0.0490652 -0.998796 0
    outer loop
      vertex 0 2 0
      vertex 0.196033 1.99037 2
      vertex 0 2 2
    endloop
  endfacet
  facet normal -0.0490652 -0.998796 -0
    outer loop
      vertex 0.196033 1.99037 2
      vertex 0 2 0
      vertex 0.196033 1.99037 0
    endloop
  endfacet
  facet normal -0.427571 -0.903982 0
    outer loop
      vertex 0.765367 1.84776 0
      vertex 0.942793 1.76384 2
      vertex 0.765367 1.84776 2
    endloop
  endfacet
  facet normal -0.427571 -0.903982 -0
    outer loop
      vertex 0.942793 1.76384 2
      vertex 0.765367 1.84776 0
      vertex 0.942793 1.76384 0
    endloop
  endfacet
  facet normal 0.427571 -0.903982 0
    outer loop
      vertex -0.942793 1.76384 0
      vertex -0.765367 1.84776 2
      vertex -0.942793 1.76384 2
    endloop
  endfacet
  facet normal 0.427571 -0.903982 0
    outer loop
      vertex -0.765367 1.84776 2
      vertex -0.942793 1.76384 0
      vertex -0.765367 1.84776 0
    endloop
  endfacet
  facet normal 0.857736 0.51409 0
    outer loop
      vertex -1.66294 -1.11114 2
      vertex -1.76384 -0.942793 0
      vertex -1.76384 -0.942793 2
    endloop
  endfacet
  facet normal 0.857736 0.51409 0
    outer loop
      vertex -1.76384 -0.942793 0
      vertex -1.66294 -1.11114 2
      vertex -1.66294 -1.11114 0
    endloop
  endfacet
  facet normal 0.242982 0.970031 -0
    outer loop
      vertex -0.390181 -1.96157 0
      vertex -0.580569 -1.91388 2
      vertex -0.390181 -1.96157 2
    endloop
  endfacet
  facet normal 0.242982 0.970031 0
    outer loop
      vertex -0.580569 -1.91388 2
      vertex -0.390181 -1.96157 0
      vertex -0.580569 -1.91388 0
    endloop
  endfacet
  facet normal -0.740928 0.671584 0
    outer loop
      vertex 1.41421 -1.41421 0
      vertex 1.54602 -1.26879 2
      vertex 1.54602 -1.26879 0
    endloop
  endfacet
  facet normal -0.740928 0.671584 0
    outer loop
      vertex 1.54602 -1.26879 2
      vertex 1.41421 -1.41421 0
      vertex 1.41421 -1.41421 2
    endloop
  endfacet
  facet normal 0.970031 0.242982 0
    outer loop
      vertex -1.91388 -0.580569 2
      vertex -1.96157 -0.390181 0
      vertex -1.96157 -0.390181 2
    endloop
  endfacet
  facet normal 0.970031 0.242982 0
    outer loop
      vertex -1.96157 -0.390181 0
      vertex -1.91388 -0.580569 2
      vertex -1.91388 -0.580569 0
    endloop
  endfacet
  facet normal 0.671584 0.740928 -0
    outer loop
      vertex -1.26879 -1.54602 0
      vertex -1.41421 -1.41421 2
      vertex -1.26879 -1.54602 2
    endloop
  endfacet
  facet normal 0.671584 0.740928 0
    outer loop
      vertex -1.41421 -1.41421 2
      vertex -1.26879 -1.54602 0
      vertex -1.41421 -1.41421 0
    endloop
  endfacet
  facet normal -0.970031 0.242982 0
    outer loop
      vertex 1.91388 -0.580569 0
      vertex 1.96157 -0.390181 2
      vertex 1.96157 -0.390181 0
    endloop
  endfacet
  facet normal -0.970031 0.242982 0
    outer loop
      vertex 1.96157 -0.390181 2
      vertex 1.91388 -0.580569 0
      vertex 1.91388 -0.580569 2
    endloop
  endfacet
  facet normal 0.336882 -0.941547 0
    outer loop
      vertex -0.765367 1.84776 0
      vertex -0.580569 1.91388 2
      vertex -0.765367 1.84776 2
    endloop
  endfacet
  facet normal 0.336882 -0.941547 0
    outer loop
      vertex -0.580569 1.91388 2
      vertex -0.765367 1.84776 0
      vertex -0.580569 1.91388 0
    endloop
  endfacet
  facet normal 0.595695 -0.80321 0
    outer loop
      vertex -1.26879 1.54602 0
      vertex -1.11114 1.66294 2
      vertex -1.26879 1.54602 2
    endloop
  endfacet
  facet normal 0.595695 -0.80321 0
    outer loop
      vertex -1.11114 1.66294 2
      vertex -1.26879 1.54602 0
      vertex -1.11114 1.66294 0
    endloop
  endfacet
  facet normal -0.242982 0.970031 0
    outer loop
      vertex 0.580569 -1.91388 0
      vertex 0.390181 -1.96157 2
      vertex 0.580569 -1.91388 2
    endloop
  endfacet
  facet normal -0.242982 0.970031 0
    outer loop
      vertex 0.390181 -1.96157 2
      vertex 0.580569 -1.91388 0
      vertex 0.390181 -1.96157 0
    endloop
  endfacet
  facet normal 0.242982 -0.970031 0
    outer loop
      vertex -0.580569 1.91388 0
      vertex -0.390181 1.96157 2
      vertex -0.580569 1.91388 2
    endloop
  endfacet
  facet normal 0.242982 -0.970031 0
    outer loop
      vertex -0.390181 1.96157 2
      vertex -0.580569 1.91388 0
      vertex -0.390181 1.96157 0
    endloop
  endfacet
  facet normal -0.80321 -0.595695 0
    outer loop
      vertex 1.66294 1.11114 0
      vertex 1.54602 1.26879 2
      vertex 1.54602 1.26879 0
    endloop
  endfacet
  facet normal -0.80321 -0.595695 0
    outer loop
      vertex 1.54602 1.26879 2
      vertex 1.66294 1.11114 0
      vertex 1.66294 1.11114 2
    endloop
  endfacet
  facet normal 0.857736 -0.51409 0
    outer loop
      vertex -1.76384 0.942793 2
      vertex -1.66294 1.11114 0
      vertex -1.66294 1.11114 2
    endloop
  endfacet
  facet normal 0.857736 -0.51409 0
    outer loop
      vertex -1.66294 1.11114 0
      vertex -1.76384 0.942793 2
      vertex -1.76384 0.942793 0
    endloop
  endfacet
  facet normal -0.146735 -0.989176 0
    outer loop
      vertex 0.196033 1.99037 0
      vertex 0.390181 1.96157 2
      vertex 0.196033 1.99037 2
    endloop
  endfacet
  facet normal -0.146735 -0.989176 -0
    outer loop
      vertex 0.390181 1.96157 2
      vertex 0.196033 1.99037 0
      vertex 0.390181 1.96157 0
    endloop
  endfacet
  facet normal -0.998796 0.0490652 0
    outer loop
      vertex 1.99037 -0.196033 0
      vertex 2 0 2
      vertex 2 0 0
    endloop
  endfacet
  facet normal -0.998796 0.0490652 0
    outer loop
      vertex 2 0 2
      vertex 1.99037 -0.196033 0
      vertex 1.99037 -0.196033 2
    endloop
  endfacet
  facet normal -0.903982 0.427571 0
    outer loop
      vertex 1.76384 -0.942793 0
      vertex 1.84776 -0.765367 2
      vertex 1.84776 -0.765367 0
    endloop
  endfacet
  facet normal -0.903982 0.427571 0
    outer loop
      vertex 1.84776 -0.765367 2
      vertex 1.76384 -0.942793 0
      vertex 1.76384 -0.942793 2
    endloop
  endfacet
  facet normal -0.242982 -0.970031 0
    outer loop
      vertex 0.390181 1.96157 0
      vertex 0.580569 1.91388 2
      vertex 0.390181 1.96157 2
    endloop
  endfacet
  facet normal -0.242982 -0.970031 -0
    outer loop
      vertex 0.580569 1.91388 2
      vertex 0.390181 1.96157 0
      vertex 0.580569 1.91388 0
    endloop
  endfacet
  facet normal -0.51409 -0.857736 0
    outer loop
      vertex 0.942793 1.76384 0
      vertex 1.11114 1.66294 2
      vertex 0.942793 1.76384 2
    endloop
  endfacet
  facet normal -0.51409 -0.857736 -0
    outer loop
      vertex 1.11114 1.66294 2
      vertex 0.942793 1.76384 0
      vertex 1.11114 1.66294 0
    endloop
  endfacet
  facet normal -0.595695 -0.80321 0
    outer loop
      vertex 1.11114 1.66294 0
      vertex 1.26879 1.54602 2
      vertex 1.11114 1.66294 2
    endloop
  endfacet
  facet normal -0.595695 -0.80321 -0
    outer loop
      vertex 1.26879 1.54602 2
      vertex 1.11114 1.66294 0
      vertex 1.26879 1.54602 0
    endloop
  endfacet
  facet normal -0.0490652 0.998796 0
    outer loop
      vertex 0.196033 -1.99037 0
      vertex 0 -2 2
      vertex 0.196033 -1.99037 2
    endloop
  endfacet
  facet normal -0.0490652 0.998796 0
    outer loop
      vertex 0 -2 2
      vertex 0.196033 -1.99037 0
      vertex 0 -2 0
    endloop
  endfacet
  facet normal -0.941547 -0.336882 0
    outer loop
      vertex 1.91388 0.580569 0
      vertex 1.84776 0.765367 2
      vertex 1.84776 0.765367 0
    endloop
  endfacet
  facet normal -0.941547 -0.336882 0
    outer loop
      vertex 1.84776 0.765367 2
      vertex 1.91388 0.580569 0
      vertex 1.91388 0.580569 2
    endloop
  endfacet
  facet normal -0.857736 0.51409 0
    outer loop
      vertex 1.66294 -1.11114 0
      vertex 1.76384 -0.942793 2
      vertex 1.76384 -0.942793 0
    endloop
  endfacet
  facet normal -0.857736 0.51409 0
    outer loop
      vertex 1.76384 -0.942793 2
      vertex 1.66294 -1.11114 0
      vertex 1.66294 -1.11114 2
    endloop
  endfacet
  facet normal 0.998796 -0.0490652 0
    outer loop
      vertex -2 0 2
      vertex -1.99037 0.196033 0
      vertex -1.99037 0.196033 2
    endloop
  endfacet
  facet normal 0.998796 -0.0490652 0
    outer loop
      vertex -1.99037 0.196033 0
      vertex -2 0 2
      vertex -2 0 0
    endloop
  endfacet
  facet normal -0.941547 0.336882 0
    outer loop
      vertex 1.84776 -0.765367 0
      vertex 1.91388 -0.580569 2
      vertex 1.91388 -0.580569 0
    endloop
  endfacet
  facet normal -0.941547 0.336882 0
    outer loop
      vertex 1.91388 -0.580569 2
      vertex 1.84776 -0.765367 0
      vertex 1.84776 -0.765367 2
    endloop
  endfacet
  facet normal -0.740928 -0.671584 0
    outer loop
      vertex 1.54602 1.26879 0
      vertex 1.41421 1.41421 2
      vertex 1.41421 1.41421 0
    endloop
  endfacet
  facet normal -0.740928 -0.671584 0
    outer loop
      vertex 1.41421 1.41421 2
      vertex 1.54602 1.26879 0
      vertex 1.54602 1.26879 2
    endloop
  endfacet
  facet normal -0.903982 -0.427571 0
    outer loop
      vertex 1.84776 0.765367 0
      vertex 1.76384 0.942793 2
      vertex 1.76384 0.942793 0
    endloop
  endfacet
  facet normal -0.903982 -0.427571 0
    outer loop
      vertex 1.76384 0.942793 2
      vertex 1.84776 0.765367 0
      vertex 1.84776 0.765367 2
    endloop
  endfacet
  facet normal -0.595695 0.80321 0
    outer loop
      vertex 1.26879 -1.54602 0
      vertex 1.11114 -1.66294 2
      vertex 1.26879 -1.54602 2
    endloop
  endfacet
  facet normal -0.595695 0.80321 0
    outer loop
      vertex 1.11114 -1.66294 2
      vertex 1.26879 -1.54602 0
      vertex 1.11114 -1.66294 0
    endloop
  endfacet
  facet normal -0.857736 -0.51409 0
    outer loop
      vertex 1.76384 0.942793 0
      vertex 1.66294 1.11114 2
      vertex 1.66294 1.11114 0
    endloop
  endfacet
  facet normal -0.857736 -0.51409 0
    outer loop
      vertex 1.66294 1.11114 2
      vertex 1.76384 0.942793 0
      vertex 1.76384 0.942793 2
    endloop
  endfacet
  facet normal 0.671584 -0.740928 0
    outer loop
      vertex -1.41421 1.41421 0
      vertex -1.26879 1.54602 2
      vertex -1.41421 1.41421 2
    endloop
  endfacet
  facet normal 0.671584 -0.740928 0
    outer loop
      vertex -1.26879 1.54602 2
      vertex -1.41421 1.41421 0
      vertex -1.26879 1.54602 0
    endloop
  endfacet
  facet normal 0.903982 -0.427571 0
    outer loop
      vertex -1.84776 0.765367 2
      vertex -1.76384 0.942793 0
      vertex -1.76384 0.942793 2
    endloop
  endfacet
  facet normal 0.903982 -0.427571 0
    outer loop
      vertex -1.76384 0.942793 0
      vertex -1.84776 0.765367 2
      vertex -1.84776 0.765367 0
    endloop
  endfacet
  facet normal -0.671584 -0.740928 0
    outer loop
      vertex 1.26879 1.54602 0
      vertex 1.41421 1.41421 2
      vertex 1.26879 1.54602 2
    endloop
  endfacet
  facet normal -0.671584 -0.740928 -0
    outer loop
      vertex 1.41421 1.41421 2
      vertex 1.26879 1.54602 0
      vertex 1.41421 1.41421 0
    endloop
  endfacet
  facet normal 0.0490652 -0.998796 0
    outer loop
      vertex -0.196033 1.99037 0
      vertex 0 2 2
      vertex -0.196033 1.99037 2
    endloop
  endfacet
  facet normal 0.0490652 -0.998796 0
    outer loop
      vertex 0 2 2
      vertex -0.196033 1.99037 0
      vertex 0 2 0
    endloop
  endfacet
  facet normal 0.740928 0.671584 0
    outer loop
      vertex -1.41421 -1.41421 2
      vertex -1.54602 -1.26879 0
      vertex -1.54602 -1.26879 2
    endloop
  endfacet
  facet normal 0.740928 0.671584 0
    outer loop
      vertex -1.54602 -1.26879 0
      vertex -1.41421 -1.41421 2
      vertex -1.41421 -1.41421 0
    endloop
  endfacet
  facet normal 0.595695 0.80321 -0
    outer loop
      vertex -1.11114 -1.66294 0
      vertex -1.26879 -1.54602 2
      vertex -1.11114 -1.66294 2
    endloop
  endfacet
  facet normal 0.595695 0.80321 0
    outer loop
      vertex -1.26879 -1.54602 2
      vertex -1.11114 -1.66294 0
      vertex -1.26879 -1.54602 0
    endloop
  endfacet
  facet normal 0.989176 0.146735 0
    outer loop
      vertex -1.96157 -0.390181 2
      vertex -1.99037 -0.196033 0
      vertex -1.99037 -0.196033 2
    endloop
  endfacet
  facet normal 0.989176 0.146735 0
    outer loop
      vertex -1.99037 -0.196033 0
      vertex -1.96157 -0.390181 2
      vertex -1.96157 -0.390181 0
    endloop
  endfacet
  facet normal 0.80321 0.595695 0
    outer loop
      vertex -1.54602 -1.26879 2
      vertex -1.66294 -1.11114 0
      vertex -1.66294 -1.11114 2
    endloop
  endfacet
  facet normal 0.80321 0.595695 0
    outer loop
      vertex -1.66294 -1.11114 0
      vertex -1.54602 -1.26879 2
      vertex -1.54602 -1.26879 0
    endloop
  endfacet
  facet normal 0.998796 0.0490652 0
    outer loop
      vertex -1.99037 -0.196033 2
      vertex -2 0 0
      vertex -2 0 2
    endloop
  endfacet
  facet normal 0.998796 0.0490652 0
    outer loop
      vertex -2 0 0
      vertex -1.99037 -0.196033 2
      vertex -1.99037 -0.196033 0
    endloop
  endfacet
  facet normal 0.970031 -0.242982 0
    outer loop
      vertex -1.96157 0.390181 2
      vertex -1.91388 0.580569 0
      vertex -1.91388 0.580569 2
    endloop
  endfacet
  facet normal 0.970031 -0.242982 0
    outer loop
      vertex -1.91388 0.580569 0
      vertex -1.96157 0.390181 2
      vertex -1.96157 0.390181 0
    endloop
  endfacet
  facet normal 0.80321 -0.595695 0
    outer loop
      vertex -1.66294 1.11114 2
      vertex -1.54602 1.26879 0
      vertex -1.54602 1.26879 2
    endloop
  endfacet
  facet normal 0.80321 -0.595695 0
    outer loop
      vertex -1.54602 1.26879 0
      vertex -1.66294 1.11114 2
      vertex -1.66294 1.11114 0
    endloop
  endfacet
  facet normal -0.51409 0.857736 0
    outer loop
      vertex 1.11114 -1.66294 0
      vertex 0.942793 -1.76384 2
      vertex 1.11114 -1.66294 2
    endloop
  endfacet
  facet normal -0.51409 0.857736 0
    outer loop
      vertex 0.942793 -1.76384 2
      vertex 1.11114 -1.66294 0
      vertex 0.942793 -1.76384 0
    endloop
  endfacet
  facet normal 0.427571 0.903982 -0
    outer loop
      vertex -0.765367 -1.84776 0
      vertex -0.942793 -1.76384 2
      vertex -0.765367 -1.84776 2
    endloop
  endfacet
  facet normal 0.427571 0.903982 0
    outer loop
      vertex -0.942793 -1.76384 2
      vertex -0.765367 -1.84776 0
      vertex -0.942793 -1.76384 0
    endloop
  endfacet
  facet normal 0.0490652 0.998796 -0
    outer loop
      vertex 0 -2 0
      vertex -0.196033 -1.99037 2
      vertex 0 -2 2
    endloop
  endfacet
  facet normal 0.0490652 0.998796 0
    outer loop
      vertex -0.196033 -1.99037 2
      vertex 0 -2 0
      vertex -0.196033 -1.99037 0
    endloop
  endfacet
  facet normal 0.146735 0.989176 -0
    outer loop
      vertex -0.196033 -1.99037 0
      vertex -0.390181 -1.96157 2
      vertex -0.196033 -1.99037 2
    endloop
  endfacet
  facet normal 0.146735 0.989176 0
    outer loop
      vertex -0.390181 -1.96157 2
      vertex -0.196033 -1.99037 0
      vertex -0.390181 -1.96157 0
    endloop
  endfacet
  facet normal 0.903982 0.427571 0
    outer loop
      vertex -1.76384 -0.942793 2
      vertex -1.84776 -0.765367 0
      vertex -1.84776 -0.765367 2
    endloop
  endfacet
  facet normal 0.903982 0.427571 0
    outer loop
      vertex -1.84776 -0.765367 0
      vertex -1.76384 -0.942793 2
      vertex -1.76384 -0.942793 0
    endloop
  endfacet
  facet normal 0.989176 -0.146735 0
    outer loop
      vertex -1.99037 0.196033 2
      vertex -1.96157 0.390181 0
      vertex -1.96157 0.390181 2
    endloop
  endfacet
  facet normal 0.989176 -0.146735 0
    outer loop
      vertex -1.96157 0.390181 0
      vertex -1.99037 0.196033 2
      vertex -1.99037 0.196033 0
    endloop
  endfacet
  facet normal 0.336882 0.941547 -0
    outer loop
      vertex -0.580569 -1.91388 0
      vertex -0.765367 -1.84776 2
      vertex -0.580569 -1.91388 2
    endloop
  endfacet
  facet normal 0.336882 0.941547 0
    outer loop
      vertex -0.765367 -1.84776 2
      vertex -0.580569 -1.91388 0
      vertex -0.765367 -1.84776 0
    endloop
  endfacet
endsolid OpenSCAD_Model
