solid OpenSCAD_Model
  facet normal 0 -1 0
    outer loop
      vertex 15.6084 -84 59.9743
      vertex 32 -84 62
      vertex -32 -84 62
    endloop
  endfacet
  facet normal 0 -1 0
    outer loop
      vertex 32 -84 62
      vertex 15.6084 -84 59.9743
      vertex 16 -84 60
    endloop
  endfacet
  facet normal 0 -1 0
    outer loop
      vertex -32 -84 62
      vertex 15.2235 -84 59.8978
      vertex 15.6084 -84 59.9743
    endloop
  endfacet
  facet normal 0 -1 0
    outer loop
      vertex 0 -84 57.25
      vertex 15.2235 -84 59.8978
      vertex -32 -84 62
    endloop
  endfacet
  facet normal 0 -1 0
    outer loop
      vertex 15.2235 -84 59.8978
      vertex 0 -84 57.25
      vertex 14.852 -84 59.7716
    endloop
  endfacet
  facet normal 0 -1 0
    outer loop
      vertex 0.189262 -84 57.2376
      vertex 14.852 -84 59.7716
      vertex 0 -84 57.25
    endloop
  endfacet
  facet normal 0 -1 0
    outer loop
      vertex 14.852 -84 59.7716
      vertex 0.189262 -84 57.2376
      vertex 14.5 -84 59.5981
    endloop
  endfacet
  facet normal 0 -1 0
    outer loop
      vertex 0.375287 -84 57.2006
      vertex 14.5 -84 59.5981
      vertex 0.189262 -84 57.2376
    endloop
  endfacet
  facet normal 0 -1 0
    outer loop
      vertex 14.5 -84 59.5981
      vertex 0.375287 -84 57.2006
      vertex 14.1737 -84 59.3801
    endloop
  endfacet
  facet normal 0 -1 0
    outer loop
      vertex 0.554891 -84 57.1396
      vertex 14.1737 -84 59.3801
      vertex 0.375287 -84 57.2006
    endloop
  endfacet
  facet normal 0 -1 0
    outer loop
      vertex 14.1737 -84 59.3801
      vertex 0.554891 -84 57.1396
      vertex 13.8787 -84 59.1213
    endloop
  endfacet
  facet normal 0 -1 0
    outer loop
      vertex 0.724999 -84 57.0557
      vertex 13.8787 -84 59.1213
      vertex 0.554891 -84 57.1396
    endloop
  endfacet
  facet normal 0 -1 0
    outer loop
      vertex 13.8787 -84 59.1213
      vertex 0.724999 -84 57.0557
      vertex 13.6199 -84 58.8263
    endloop
  endfacet
  facet normal 0 -1 0
    outer loop
      vertex -32 -84 62
      vertex -0.189262 -84 57.2376
      vertex 0 -84 57.25
    endloop
  endfacet
  facet normal 0 -1 0
    outer loop
      vertex -32 -84 62
      vertex -0.375287 -84 57.2006
      vertex -0.189262 -84 57.2376
    endloop
  endfacet
  facet normal 0 -1 0
    outer loop
      vertex -32 -84 62
      vertex -0.554891 -84 57.1396
      vertex -0.375287 -84 57.2006
    endloop
  endfacet
  facet normal 0 -1 0
    outer loop
      vertex -32 -84 62
      vertex -0.724999 -84 57.0557
      vertex -0.554891 -84 57.1396
    endloop
  endfacet
  facet normal 0 -1 0
    outer loop
      vertex -32 -84 62
      vertex -0.882704 -84 56.9504
      vertex -0.724999 -84 57.0557
    endloop
  endfacet
  facet normal 0 -1 0
    outer loop
      vertex -32 -84 62
      vertex -1.0253 -84 56.8253
      vertex -0.882704 -84 56.9504
    endloop
  endfacet
  facet normal 0 -1 0
    outer loop
      vertex -32 -84 62
      vertex -1.15036 -84 56.6827
      vertex -1.0253 -84 56.8253
    endloop
  endfacet
  facet normal 0 -1 0
    outer loop
      vertex -32 -84 62
      vertex -1.25574 -84 56.525
      vertex -1.15036 -84 56.6827
    endloop
  endfacet
  facet normal 0 -1 0
    outer loop
      vertex -32 -84 62
      vertex -1.33962 -84 56.3549
      vertex -1.25574 -84 56.525
    endloop
  endfacet
  facet normal 0 -1 0
    outer loop
      vertex -32 -84 62
      vertex -1.40059 -84 56.1753
      vertex -1.33962 -84 56.3549
    endloop
  endfacet
  facet normal 0 -1 0
    outer loop
      vertex -32 -84 62
      vertex -1.43759 -84 55.9893
      vertex -1.40059 -84 56.1753
    endloop
  endfacet
  facet normal 0 -1 0
    outer loop
      vertex -32 -84 62
      vertex -1.45 -84 55.8
      vertex -1.43759 -84 55.9893
    endloop
  endfacet
  facet normal 0 -1 0
    outer loop
      vertex -32 -84 62
      vertex -1.45 -84 53.4
      vertex -1.45 -84 55.8
    endloop
  endfacet
  facet normal 0 -1 0
    outer loop
      vertex -32 -84 62
      vertex -1.43759 -84 53.2107
      vertex -1.45 -84 53.4
    endloop
  endfacet
  facet normal 0 -1 0
    outer loop
      vertex -32 -84 62
      vertex -1.40059 -84 53.0247
      vertex -1.43759 -84 53.2107
    endloop
  endfacet
  facet normal 0 -1 0
    outer loop
      vertex -32 -84 62
      vertex -1.33962 -84 52.8451
      vertex -1.40059 -84 53.0247
    endloop
  endfacet
  facet normal 0 -1 0
    outer loop
      vertex -23.2107 -84 25.3376
      vertex -1.33962 -84 52.8451
      vertex -32 -84 62
    endloop
  endfacet
  facet normal 0 -1 0
    outer loop
      vertex -23.0247 -84 25.3006
      vertex -1.33962 -84 52.8451
      vertex -23.2107 -84 25.3376
    endloop
  endfacet
  facet normal 0 -1 -0
    outer loop
      vertex -1.33962 -84 52.8451
      vertex -23.0247 -84 25.3006
      vertex -1.25574 -84 52.675
    endloop
  endfacet
  facet normal 0 -1 0
    outer loop
      vertex -22.8451 -84 25.2396
      vertex -1.25574 -84 52.675
      vertex -23.0247 -84 25.3006
    endloop
  endfacet
  facet normal 0 -1 -0
    outer loop
      vertex -1.25574 -84 52.675
      vertex -22.8451 -84 25.2396
      vertex -1.15036 -84 52.5173
    endloop
  endfacet
  facet normal 0 -1 0
    outer loop
      vertex -22.675 -84 25.1557
      vertex -1.15036 -84 52.5173
      vertex -22.8451 -84 25.2396
    endloop
  endfacet
  facet normal 0 -1 -0
    outer loop
      vertex -1.15036 -84 52.5173
      vertex -22.675 -84 25.1557
      vertex -1.0253 -84 52.3747
    endloop
  endfacet
  facet normal 0 -1 -0
    outer loop
      vertex -1.0253 -84 52.3747
      vertex -22.5173 -84 25.0504
      vertex -0.882704 -84 52.2496
    endloop
  endfacet
  facet normal 0 -1 0
    outer loop
      vertex -22.5173 -84 25.0504
      vertex -1.0253 -84 52.3747
      vertex -22.675 -84 25.1557
    endloop
  endfacet
  facet normal 0 -1 0
    outer loop
      vertex -23.2107 -84 25.3376
      vertex -32 -84 62
      vertex -23.4 -84 25.35
    endloop
  endfacet
  facet normal 0 -1 0
    outer loop
      vertex -32 -84 62
      vertex -23.5893 -84 25.3376
      vertex -23.4 -84 25.35
    endloop
  endfacet
  facet normal 0 -1 0
    outer loop
      vertex -32 -84 62
      vertex -23.7753 -84 25.3006
      vertex -23.5893 -84 25.3376
    endloop
  endfacet
  facet normal 0 -1 0
    outer loop
      vertex -32 -84 62
      vertex -23.9549 -84 25.2396
      vertex -23.7753 -84 25.3006
    endloop
  endfacet
  facet normal 0 -1 0
    outer loop
      vertex -32 -84 62
      vertex -24.125 -84 25.1557
      vertex -23.9549 -84 25.2396
    endloop
  endfacet
  facet normal 0 -1 0
    outer loop
      vertex -32 -84 62
      vertex -24.2827 -84 25.0504
      vertex -24.125 -84 25.1557
    endloop
  endfacet
  facet normal 0 -1 0
    outer loop
      vertex -32 -84 62
      vertex -24.4253 -84 24.9253
      vertex -24.2827 -84 25.0504
    endloop
  endfacet
  facet normal 0 -1 0
    outer loop
      vertex -32 -84 62
      vertex -24.5504 -84 24.7827
      vertex -24.4253 -84 24.9253
    endloop
  endfacet
  facet normal 0 -1 0
    outer loop
      vertex -32 -84 62
      vertex -24.6557 -84 24.625
      vertex -24.5504 -84 24.7827
    endloop
  endfacet
  facet normal 0 -1 0
    outer loop
      vertex -32 -84 62
      vertex -24.7396 -84 24.4549
      vertex -24.6557 -84 24.625
    endloop
  endfacet
  facet normal 0 -1 0
    outer loop
      vertex -32 -84 62
      vertex -24.8006 -84 24.2753
      vertex -24.7396 -84 24.4549
    endloop
  endfacet
  facet normal 0 -1 0
    outer loop
      vertex -32 -84 62
      vertex -24.8376 -84 24.0893
      vertex -24.8006 -84 24.2753
    endloop
  endfacet
  facet normal 0 -1 0
    outer loop
      vertex -32 -84 0
      vertex -24.8376 -84 24.0893
      vertex -32 -84 62
    endloop
  endfacet
  facet normal 0 -1 0
    outer loop
      vertex -24.8376 -84 24.0893
      vertex -32 -84 0
      vertex -24.85 -84 23.9
    endloop
  endfacet
  facet normal 0 -1 -0
    outer loop
      vertex -24.85 -84 23.9
      vertex -32 -84 0
      vertex -24.85 -84 21.5
    endloop
  endfacet
  facet normal 0 -1 0
    outer loop
      vertex 23.0247 -84 20.0994
      vertex 32 -84 0
      vertex 23.2107 -84 20.0624
    endloop
  endfacet
  facet normal 0 -1 -0
    outer loop
      vertex -23.5893 -84 20.0624
      vertex -32 -84 0
      vertex -23.4 -84 20.05
    endloop
  endfacet
  facet normal 0 -1 -0
    outer loop
      vertex -23.7753 -84 20.0994
      vertex -32 -84 0
      vertex -23.5893 -84 20.0624
    endloop
  endfacet
  facet normal 0 -1 -0
    outer loop
      vertex -23.9549 -84 20.1604
      vertex -32 -84 0
      vertex -23.7753 -84 20.0994
    endloop
  endfacet
  facet normal 0 -1 -0
    outer loop
      vertex -24.125 -84 20.2443
      vertex -32 -84 0
      vertex -23.9549 -84 20.1604
    endloop
  endfacet
  facet normal 0 -1 -0
    outer loop
      vertex -24.2827 -84 20.3496
      vertex -32 -84 0
      vertex -24.125 -84 20.2443
    endloop
  endfacet
  facet normal 0 -1 -0
    outer loop
      vertex -24.4253 -84 20.4747
      vertex -32 -84 0
      vertex -24.2827 -84 20.3496
    endloop
  endfacet
  facet normal 0 -1 -0
    outer loop
      vertex -24.5504 -84 20.6173
      vertex -32 -84 0
      vertex -24.4253 -84 20.4747
    endloop
  endfacet
  facet normal 0 -1 -0
    outer loop
      vertex -24.6557 -84 20.775
      vertex -32 -84 0
      vertex -24.5504 -84 20.6173
    endloop
  endfacet
  facet normal 0 -1 -0
    outer loop
      vertex -24.7396 -84 20.9451
      vertex -32 -84 0
      vertex -24.6557 -84 20.775
    endloop
  endfacet
  facet normal 0 -1 -0
    outer loop
      vertex -24.8006 -84 21.1247
      vertex -32 -84 0
      vertex -24.7396 -84 20.9451
    endloop
  endfacet
  facet normal 0 -1 -0
    outer loop
      vertex -24.8376 -84 21.3107
      vertex -32 -84 0
      vertex -24.8006 -84 21.1247
    endloop
  endfacet
  facet normal 0 -1 -0
    outer loop
      vertex -24.85 -84 21.5
      vertex -32 -84 0
      vertex -24.8376 -84 21.3107
    endloop
  endfacet
  facet normal 0 -1 0
    outer loop
      vertex 20 -84 60
      vertex 32 -84 62
      vertex 16 -84 60
    endloop
  endfacet
  facet normal 0 -1 0
    outer loop
      vertex 20.3916 -84 59.9743
      vertex 32 -84 62
      vertex 20 -84 60
    endloop
  endfacet
  facet normal 0 -1 0
    outer loop
      vertex 20.7765 -84 59.8978
      vertex 32 -84 62
      vertex 20.3916 -84 59.9743
    endloop
  endfacet
  facet normal 0 -1 0
    outer loop
      vertex 21.148 -84 59.7716
      vertex 32 -84 62
      vertex 20.7765 -84 59.8978
    endloop
  endfacet
  facet normal 0 -1 0
    outer loop
      vertex 21.5 -84 59.5981
      vertex 32 -84 62
      vertex 21.148 -84 59.7716
    endloop
  endfacet
  facet normal 0 -1 0
    outer loop
      vertex 21.8263 -84 59.3801
      vertex 32 -84 62
      vertex 21.5 -84 59.5981
    endloop
  endfacet
  facet normal 0 -1 0
    outer loop
      vertex 22.1213 -84 59.1213
      vertex 32 -84 62
      vertex 21.8263 -84 59.3801
    endloop
  endfacet
  facet normal 0 -1 0
    outer loop
      vertex 22.3801 -84 58.8263
      vertex 32 -84 62
      vertex 22.1213 -84 59.1213
    endloop
  endfacet
  facet normal 0 -1 0
    outer loop
      vertex 22.5981 -84 58.5
      vertex 32 -84 62
      vertex 22.3801 -84 58.8263
    endloop
  endfacet
  facet normal 0 -1 0
    outer loop
      vertex 22.7716 -84 58.148
      vertex 32 -84 62
      vertex 22.5981 -84 58.5
    endloop
  endfacet
  facet normal 0 -1 0
    outer loop
      vertex 22.8978 -84 57.7765
      vertex 32 -84 62
      vertex 22.7716 -84 58.148
    endloop
  endfacet
  facet normal 0 -1 0
    outer loop
      vertex 22.9743 -84 57.3916
      vertex 32 -84 62
      vertex 22.8978 -84 57.7765
    endloop
  endfacet
  facet normal 0 -1 0
    outer loop
      vertex 23 -84 57
      vertex 32 -84 62
      vertex 22.9743 -84 57.3916
    endloop
  endfacet
  facet normal 0 -1 0
    outer loop
      vertex 23 -84 55
      vertex 32 -84 62
      vertex 23 -84 57
    endloop
  endfacet
  facet normal 0 -1 0
    outer loop
      vertex 22.9743 -84 54.6084
      vertex 32 -84 62
      vertex 23 -84 55
    endloop
  endfacet
  facet normal 0 -1 0
    outer loop
      vertex 22.8978 -84 54.2235
      vertex 32 -84 62
      vertex 22.9743 -84 54.6084
    endloop
  endfacet
  facet normal 0 -1 0
    outer loop
      vertex 22.7716 -84 53.852
      vertex 32 -84 62
      vertex 22.8978 -84 54.2235
    endloop
  endfacet
  facet normal 0 -1 0
    outer loop
      vertex 22.5981 -84 53.5
      vertex 32 -84 62
      vertex 22.7716 -84 53.852
    endloop
  endfacet
  facet normal 0 -1 0
    outer loop
      vertex 24.5504 -84 24.7827
      vertex 22.5981 -84 53.5
      vertex 22.3801 -84 53.1737
    endloop
  endfacet
  facet normal 0 -1 0
    outer loop
      vertex 24.2827 -84 25.0504
      vertex 22.3801 -84 53.1737
      vertex 22.1213 -84 52.8787
    endloop
  endfacet
  facet normal -0 -1 0
    outer loop
      vertex 22.5173 -84 25.0504
      vertex 15.2235 -84 52.1022
      vertex 22.3747 -84 24.9253
    endloop
  endfacet
  facet normal 0 -1 0
    outer loop
      vertex 21.9994 -84 24.2753
      vertex 0.189262 -84 51.9624
      vertex 0 -84 51.95
    endloop
  endfacet
  facet normal 0 -1 0
    outer loop
      vertex -22.3747 -84 24.9253
      vertex -0.882704 -84 52.2496
      vertex -22.5173 -84 25.0504
    endloop
  endfacet
  facet normal 0 -1 -0
    outer loop
      vertex -0.882704 -84 52.2496
      vertex -22.3747 -84 24.9253
      vertex -0.724999 -84 52.1443
    endloop
  endfacet
  facet normal 0 -1 0
    outer loop
      vertex -22.2496 -84 24.7827
      vertex -0.724999 -84 52.1443
      vertex -22.3747 -84 24.9253
    endloop
  endfacet
  facet normal 0 -1 -0
    outer loop
      vertex -0.724999 -84 52.1443
      vertex -22.2496 -84 24.7827
      vertex -0.554891 -84 52.0604
    endloop
  endfacet
  facet normal 0 -1 0
    outer loop
      vertex -22.1443 -84 24.625
      vertex -0.554891 -84 52.0604
      vertex -22.2496 -84 24.7827
    endloop
  endfacet
  facet normal 0 -1 -0
    outer loop
      vertex -0.554891 -84 52.0604
      vertex -22.1443 -84 24.625
      vertex -0.375287 -84 51.9994
    endloop
  endfacet
  facet normal 0 -1 0
    outer loop
      vertex 23.7753 -84 25.3006
      vertex 21.148 -84 52.2284
      vertex 23.5893 -84 25.3376
    endloop
  endfacet
  facet normal 0 -1 0
    outer loop
      vertex 21.148 -84 52.2284
      vertex 23.7753 -84 25.3006
      vertex 21.5 -84 52.4019
    endloop
  endfacet
  facet normal 0 -1 0
    outer loop
      vertex 23.9549 -84 25.2396
      vertex 21.5 -84 52.4019
      vertex 23.7753 -84 25.3006
    endloop
  endfacet
  facet normal 0 -1 0
    outer loop
      vertex 21.5 -84 52.4019
      vertex 23.9549 -84 25.2396
      vertex 21.8263 -84 52.6199
    endloop
  endfacet
  facet normal 0 -1 0
    outer loop
      vertex 24.125 -84 25.1557
      vertex 21.8263 -84 52.6199
      vertex 23.9549 -84 25.2396
    endloop
  endfacet
  facet normal 0 -1 0
    outer loop
      vertex 21.8263 -84 52.6199
      vertex 24.125 -84 25.1557
      vertex 22.1213 -84 52.8787
    endloop
  endfacet
  facet normal 0 -1 0
    outer loop
      vertex 24.2827 -84 25.0504
      vertex 22.1213 -84 52.8787
      vertex 24.125 -84 25.1557
    endloop
  endfacet
  facet normal 0 -1 0
    outer loop
      vertex 22.3801 -84 53.1737
      vertex 24.2827 -84 25.0504
      vertex 24.4253 -84 24.9253
    endloop
  endfacet
  facet normal 0 -1 0
    outer loop
      vertex 22.3801 -84 53.1737
      vertex 24.4253 -84 24.9253
      vertex 24.5504 -84 24.7827
    endloop
  endfacet
  facet normal 0 -1 0
    outer loop
      vertex 22.5981 -84 53.5
      vertex 24.5504 -84 24.7827
      vertex 32 -84 62
    endloop
  endfacet
  facet normal 0 -1 0
    outer loop
      vertex 24.6557 -84 24.625
      vertex 32 -84 62
      vertex 24.5504 -84 24.7827
    endloop
  endfacet
  facet normal 0 -1 0
    outer loop
      vertex 24.7396 -84 24.4549
      vertex 32 -84 62
      vertex 24.6557 -84 24.625
    endloop
  endfacet
  facet normal 0 -1 0
    outer loop
      vertex 24.8006 -84 24.2753
      vertex 32 -84 62
      vertex 24.7396 -84 24.4549
    endloop
  endfacet
  facet normal 0 -1 0
    outer loop
      vertex 24.8376 -84 24.0893
      vertex 32 -84 62
      vertex 24.8006 -84 24.2753
    endloop
  endfacet
  facet normal 0 -1 0
    outer loop
      vertex 32 -84 0
      vertex 24.8376 -84 24.0893
      vertex 24.85 -84 23.9
    endloop
  endfacet
  facet normal 0 -1 0
    outer loop
      vertex 32 -84 0
      vertex 24.85 -84 23.9
      vertex 24.85 -84 21.5
    endloop
  endfacet
  facet normal 0 -1 0
    outer loop
      vertex 32 -84 0
      vertex 24.85 -84 21.5
      vertex 24.8376 -84 21.3107
    endloop
  endfacet
  facet normal 0 -1 0
    outer loop
      vertex 23.2107 -84 20.0624
      vertex 32 -84 0
      vertex 23.4 -84 20.05
    endloop
  endfacet
  facet normal 0 -1 0
    outer loop
      vertex 23.4 -84 20.05
      vertex 32 -84 0
      vertex 23.5893 -84 20.0624
    endloop
  endfacet
  facet normal 0 -1 0
    outer loop
      vertex 23.5893 -84 20.0624
      vertex 32 -84 0
      vertex 23.7753 -84 20.0994
    endloop
  endfacet
  facet normal 0 -1 0
    outer loop
      vertex 24.8376 -84 24.0893
      vertex 32 -84 0
      vertex 32 -84 62
    endloop
  endfacet
  facet normal 0 -1 0
    outer loop
      vertex 24.8006 -84 21.1247
      vertex 32 -84 0
      vertex 24.8376 -84 21.3107
    endloop
  endfacet
  facet normal 0 -1 0
    outer loop
      vertex 24.7396 -84 20.9451
      vertex 32 -84 0
      vertex 24.8006 -84 21.1247
    endloop
  endfacet
  facet normal 0 -1 0
    outer loop
      vertex 24.6557 -84 20.775
      vertex 32 -84 0
      vertex 24.7396 -84 20.9451
    endloop
  endfacet
  facet normal 0 -1 0
    outer loop
      vertex 24.5504 -84 20.6173
      vertex 32 -84 0
      vertex 24.6557 -84 20.775
    endloop
  endfacet
  facet normal 0 -1 0
    outer loop
      vertex 24.4253 -84 20.4747
      vertex 32 -84 0
      vertex 24.5504 -84 20.6173
    endloop
  endfacet
  facet normal 0 -1 0
    outer loop
      vertex 24.2827 -84 20.3496
      vertex 32 -84 0
      vertex 24.4253 -84 20.4747
    endloop
  endfacet
  facet normal 0 -1 0
    outer loop
      vertex 24.125 -84 20.2443
      vertex 32 -84 0
      vertex 24.2827 -84 20.3496
    endloop
  endfacet
  facet normal 0 -1 0
    outer loop
      vertex 23.9549 -84 20.1604
      vertex 32 -84 0
      vertex 24.125 -84 20.2443
    endloop
  endfacet
  facet normal 0 -1 0
    outer loop
      vertex 23.7753 -84 20.0994
      vertex 32 -84 0
      vertex 23.9549 -84 20.1604
    endloop
  endfacet
  facet normal 0 -1 0
    outer loop
      vertex 0.882704 -84 56.9504
      vertex 13.6199 -84 58.8263
      vertex 0.724999 -84 57.0557
    endloop
  endfacet
  facet normal 0 -1 0
    outer loop
      vertex 13.6199 -84 58.8263
      vertex 0.882704 -84 56.9504
      vertex 13.4019 -84 58.5
    endloop
  endfacet
  facet normal 0 -1 0
    outer loop
      vertex 1.0253 -84 56.8253
      vertex 13.4019 -84 58.5
      vertex 0.882704 -84 56.9504
    endloop
  endfacet
  facet normal 0 -1 0
    outer loop
      vertex 13.4019 -84 58.5
      vertex 1.0253 -84 56.8253
      vertex 13.2284 -84 58.148
    endloop
  endfacet
  facet normal 0 -1 0
    outer loop
      vertex 1.15036 -84 56.6827
      vertex 13.2284 -84 58.148
      vertex 1.0253 -84 56.8253
    endloop
  endfacet
  facet normal 0 -1 0
    outer loop
      vertex 1.25574 -84 56.525
      vertex 13.2284 -84 58.148
      vertex 1.15036 -84 56.6827
    endloop
  endfacet
  facet normal 0 -1 0
    outer loop
      vertex 13.2284 -84 58.148
      vertex 1.25574 -84 56.525
      vertex 13.1022 -84 57.7765
    endloop
  endfacet
  facet normal 0 -1 0
    outer loop
      vertex 1.33962 -84 56.3549
      vertex 13.1022 -84 57.7765
      vertex 1.25574 -84 56.525
    endloop
  endfacet
  facet normal 0 -1 0
    outer loop
      vertex 13.1022 -84 57.7765
      vertex 1.33962 -84 56.3549
      vertex 13.0257 -84 57.3916
    endloop
  endfacet
  facet normal 0 -1 0
    outer loop
      vertex 1.40059 -84 56.1753
      vertex 13.0257 -84 57.3916
      vertex 1.33962 -84 56.3549
    endloop
  endfacet
  facet normal 0 -1 0
    outer loop
      vertex 13.0257 -84 57.3916
      vertex 1.40059 -84 56.1753
      vertex 13 -84 57
    endloop
  endfacet
  facet normal 0 -1 0
    outer loop
      vertex 1.43759 -84 55.9893
      vertex 13 -84 57
      vertex 1.40059 -84 56.1753
    endloop
  endfacet
  facet normal 0 -1 0
    outer loop
      vertex 1.45 -84 55.8
      vertex 13 -84 57
      vertex 1.43759 -84 55.9893
    endloop
  endfacet
  facet normal 0 -1 0
    outer loop
      vertex 1.45 -84 55.8
      vertex 13 -84 55
      vertex 13 -84 57
    endloop
  endfacet
  facet normal 0 -1 0
    outer loop
      vertex 1.45 -84 53.4
      vertex 13 -84 55
      vertex 1.45 -84 55.8
    endloop
  endfacet
  facet normal 0 -1 -0
    outer loop
      vertex 13 -84 55
      vertex 1.45 -84 53.4
      vertex 13.0257 -84 54.6084
    endloop
  endfacet
  facet normal 0 -1 -0
    outer loop
      vertex 13.0257 -84 54.6084
      vertex 1.45 -84 53.4
      vertex 13.1022 -84 54.2235
    endloop
  endfacet
  facet normal 0 -1 0
    outer loop
      vertex 1.43759 -84 53.2107
      vertex 13.1022 -84 54.2235
      vertex 1.45 -84 53.4
    endloop
  endfacet
  facet normal 0 -1 -0
    outer loop
      vertex 13.1022 -84 54.2235
      vertex 1.43759 -84 53.2107
      vertex 13.2284 -84 53.852
    endloop
  endfacet
  facet normal 0 -1 0
    outer loop
      vertex 1.40059 -84 53.0247
      vertex 13.2284 -84 53.852
      vertex 1.43759 -84 53.2107
    endloop
  endfacet
  facet normal 0 -1 -0
    outer loop
      vertex 13.2284 -84 53.852
      vertex 1.40059 -84 53.0247
      vertex 13.4019 -84 53.5
    endloop
  endfacet
  facet normal 0 -1 0
    outer loop
      vertex 1.33962 -84 52.8451
      vertex 13.4019 -84 53.5
      vertex 1.40059 -84 53.0247
    endloop
  endfacet
  facet normal 0 -1 0
    outer loop
      vertex 1.25574 -84 52.675
      vertex 13.4019 -84 53.5
      vertex 1.33962 -84 52.8451
    endloop
  endfacet
  facet normal 0 -1 -0
    outer loop
      vertex 13.4019 -84 53.5
      vertex 1.25574 -84 52.675
      vertex 13.6199 -84 53.1737
    endloop
  endfacet
  facet normal 0 -1 0
    outer loop
      vertex 1.15036 -84 52.5173
      vertex 13.6199 -84 53.1737
      vertex 1.25574 -84 52.675
    endloop
  endfacet
  facet normal 0 -1 -0
    outer loop
      vertex 13.6199 -84 53.1737
      vertex 1.15036 -84 52.5173
      vertex 13.8787 -84 52.8787
    endloop
  endfacet
  facet normal 0 -1 0
    outer loop
      vertex 1.0253 -84 52.3747
      vertex 13.8787 -84 52.8787
      vertex 1.15036 -84 52.5173
    endloop
  endfacet
  facet normal 0 -1 -0
    outer loop
      vertex 13.8787 -84 52.8787
      vertex 1.0253 -84 52.3747
      vertex 14.1737 -84 52.6199
    endloop
  endfacet
  facet normal 0 -1 0
    outer loop
      vertex 0.882704 -84 52.2496
      vertex 14.1737 -84 52.6199
      vertex 1.0253 -84 52.3747
    endloop
  endfacet
  facet normal 0 -1 -0
    outer loop
      vertex 14.1737 -84 52.6199
      vertex 0.882704 -84 52.2496
      vertex 14.5 -84 52.4019
    endloop
  endfacet
  facet normal 0 -1 0
    outer loop
      vertex 0.724999 -84 52.1443
      vertex 14.5 -84 52.4019
      vertex 0.882704 -84 52.2496
    endloop
  endfacet
  facet normal 0 -1 -0
    outer loop
      vertex 14.5 -84 52.4019
      vertex 0.724999 -84 52.1443
      vertex 14.852 -84 52.2284
    endloop
  endfacet
  facet normal 0 -1 0
    outer loop
      vertex 0.554891 -84 52.0604
      vertex 14.852 -84 52.2284
      vertex 0.724999 -84 52.1443
    endloop
  endfacet
  facet normal 0 -1 0
    outer loop
      vertex 22.2496 -84 24.7827
      vertex 14.852 -84 52.2284
      vertex 0.554891 -84 52.0604
    endloop
  endfacet
  facet normal 0 -1 0
    outer loop
      vertex 22.2496 -84 24.7827
      vertex 0.554891 -84 52.0604
      vertex 0.375287 -84 51.9994
    endloop
  endfacet
  facet normal 0 -1 0
    outer loop
      vertex 14.852 -84 52.2284
      vertex 22.2496 -84 24.7827
      vertex 15.2235 -84 52.1022
    endloop
  endfacet
  facet normal -0 -1 0
    outer loop
      vertex 22.3747 -84 24.9253
      vertex 15.2235 -84 52.1022
      vertex 22.2496 -84 24.7827
    endloop
  endfacet
  facet normal 0 -1 0
    outer loop
      vertex 22.2496 -84 24.7827
      vertex 0.375287 -84 51.9994
      vertex 0.189262 -84 51.9624
    endloop
  endfacet
  facet normal 0 -1 0
    outer loop
      vertex -22.0604 -84 24.4549
      vertex -0.375287 -84 51.9994
      vertex -22.1443 -84 24.625
    endloop
  endfacet
  facet normal 0 -1 0
    outer loop
      vertex 20.7765 -84 52.1022
      vertex 23.5893 -84 25.3376
      vertex 21.148 -84 52.2284
    endloop
  endfacet
  facet normal 0 -1 -0
    outer loop
      vertex -0.375287 -84 51.9994
      vertex -22.0604 -84 24.4549
      vertex -0.189262 -84 51.9624
    endloop
  endfacet
  facet normal 0 -1 0
    outer loop
      vertex 23.5893 -84 25.3376
      vertex 20.7765 -84 52.1022
      vertex 23.4 -84 25.35
    endloop
  endfacet
  facet normal 0 -1 0
    outer loop
      vertex -21.9994 -84 24.2753
      vertex -0.189262 -84 51.9624
      vertex -22.0604 -84 24.4549
    endloop
  endfacet
  facet normal 0 -1 0
    outer loop
      vertex 20.3916 -84 52.0257
      vertex 23.4 -84 25.35
      vertex 20.7765 -84 52.1022
    endloop
  endfacet
  facet normal 0 -1 0
    outer loop
      vertex 0.189262 -84 51.9624
      vertex 22.1443 -84 24.625
      vertex 22.2496 -84 24.7827
    endloop
  endfacet
  facet normal -0 -1 0
    outer loop
      vertex 23.4 -84 25.35
      vertex 20.3916 -84 52.0257
      vertex 23.2107 -84 25.3376
    endloop
  endfacet
  facet normal 0 -1 0
    outer loop
      vertex 15.2235 -84 52.1022
      vertex 22.5173 -84 25.0504
      vertex 15.6084 -84 52.0257
    endloop
  endfacet
  facet normal 0 -1 0
    outer loop
      vertex 20 -84 52
      vertex 23.2107 -84 25.3376
      vertex 20.3916 -84 52.0257
    endloop
  endfacet
  facet normal -0 -1 0
    outer loop
      vertex 22.675 -84 25.1557
      vertex 15.6084 -84 52.0257
      vertex 22.5173 -84 25.0504
    endloop
  endfacet
  facet normal -0 -1 0
    outer loop
      vertex 23.2107 -84 25.3376
      vertex 20 -84 52
      vertex 23.0247 -84 25.3006
    endloop
  endfacet
  facet normal 0 -1 0
    outer loop
      vertex 15.6084 -84 52.0257
      vertex 22.675 -84 25.1557
      vertex 16 -84 52
    endloop
  endfacet
  facet normal -0 -1 0
    outer loop
      vertex 23.0247 -84 25.3006
      vertex 20 -84 52
      vertex 22.8451 -84 25.2396
    endloop
  endfacet
  facet normal -0 -1 0
    outer loop
      vertex 22.8451 -84 25.2396
      vertex 16 -84 52
      vertex 22.675 -84 25.1557
    endloop
  endfacet
  facet normal 0 -1 0
    outer loop
      vertex 16 -84 52
      vertex 22.8451 -84 25.2396
      vertex 20 -84 52
    endloop
  endfacet
  facet normal 0 -1 -0
    outer loop
      vertex -0.189262 -84 51.9624
      vertex -21.9994 -84 24.2753
      vertex 0 -84 51.95
    endloop
  endfacet
  facet normal 0 -1 0
    outer loop
      vertex 0.189262 -84 51.9624
      vertex 22.0604 -84 24.4549
      vertex 22.1443 -84 24.625
    endloop
  endfacet
  facet normal 0 -1 0
    outer loop
      vertex 21.9994 -84 24.2753
      vertex 0 -84 51.95
      vertex -21.9994 -84 24.2753
    endloop
  endfacet
  facet normal 0 -1 0
    outer loop
      vertex 0.189262 -84 51.9624
      vertex 21.9994 -84 24.2753
      vertex 22.0604 -84 24.4549
    endloop
  endfacet
  facet normal 0 -1 0
    outer loop
      vertex -21.9624 -84 24.0893
      vertex 21.9994 -84 24.2753
      vertex -21.9994 -84 24.2753
    endloop
  endfacet
  facet normal 0 -1 0
    outer loop
      vertex -21.9624 -84 24.0893
      vertex 21.9624 -84 24.0893
      vertex 21.9994 -84 24.2753
    endloop
  endfacet
  facet normal 0 -1 0
    outer loop
      vertex -21.95 -84 23.9
      vertex 21.9624 -84 24.0893
      vertex -21.9624 -84 24.0893
    endloop
  endfacet
  facet normal 0 -1 0
    outer loop
      vertex -21.95 -84 23.9
      vertex 21.95 -84 23.9
      vertex 21.9624 -84 24.0893
    endloop
  endfacet
  facet normal 0 -1 0
    outer loop
      vertex -21.95 -84 21.5
      vertex 21.95 -84 23.9
      vertex -21.95 -84 23.9
    endloop
  endfacet
  facet normal 0 -1 0
    outer loop
      vertex -21.95 -84 21.5
      vertex 21.95 -84 21.5
      vertex 21.95 -84 23.9
    endloop
  endfacet
  facet normal 0 -1 0
    outer loop
      vertex -21.9624 -84 21.3107
      vertex 21.95 -84 21.5
      vertex -21.95 -84 21.5
    endloop
  endfacet
  facet normal 0 -1 0
    outer loop
      vertex -21.9624 -84 21.3107
      vertex 21.9624 -84 21.3107
      vertex 21.95 -84 21.5
    endloop
  endfacet
  facet normal 0 -1 0
    outer loop
      vertex -21.9994 -84 21.1247
      vertex 21.9624 -84 21.3107
      vertex -21.9624 -84 21.3107
    endloop
  endfacet
  facet normal 0 -1 0
    outer loop
      vertex -21.9994 -84 21.1247
      vertex 21.9994 -84 21.1247
      vertex 21.9624 -84 21.3107
    endloop
  endfacet
  facet normal 0 -1 0
    outer loop
      vertex -22.0604 -84 20.9451
      vertex 21.9994 -84 21.1247
      vertex -21.9994 -84 21.1247
    endloop
  endfacet
  facet normal 0 -1 0
    outer loop
      vertex -22.0604 -84 20.9451
      vertex 22.0604 -84 20.9451
      vertex 21.9994 -84 21.1247
    endloop
  endfacet
  facet normal 0 -1 0
    outer loop
      vertex -22.1443 -84 20.775
      vertex 22.0604 -84 20.9451
      vertex -22.0604 -84 20.9451
    endloop
  endfacet
  facet normal 0 -1 0
    outer loop
      vertex -22.1443 -84 20.775
      vertex 22.1443 -84 20.775
      vertex 22.0604 -84 20.9451
    endloop
  endfacet
  facet normal 0 -1 0
    outer loop
      vertex -22.2496 -84 20.6173
      vertex 22.1443 -84 20.775
      vertex -22.1443 -84 20.775
    endloop
  endfacet
  facet normal 0 -1 0
    outer loop
      vertex -22.2496 -84 20.6173
      vertex 22.2496 -84 20.6173
      vertex 22.1443 -84 20.775
    endloop
  endfacet
  facet normal 0 -1 0
    outer loop
      vertex -22.3747 -84 20.4747
      vertex 22.2496 -84 20.6173
      vertex -22.2496 -84 20.6173
    endloop
  endfacet
  facet normal 0 -1 0
    outer loop
      vertex -22.3747 -84 20.4747
      vertex 22.3747 -84 20.4747
      vertex 22.2496 -84 20.6173
    endloop
  endfacet
  facet normal 0 -1 0
    outer loop
      vertex -32 -84 0
      vertex -22.3747 -84 20.4747
      vertex -22.5173 -84 20.3496
    endloop
  endfacet
  facet normal 0 -1 -0
    outer loop
      vertex -22.3747 -84 20.4747
      vertex -32 -84 0
      vertex 22.3747 -84 20.4747
    endloop
  endfacet
  facet normal 0 -1 0
    outer loop
      vertex -32 -84 0
      vertex -22.5173 -84 20.3496
      vertex -22.675 -84 20.2443
    endloop
  endfacet
  facet normal 0 -1 0
    outer loop
      vertex 32 -84 0
      vertex 22.3747 -84 20.4747
      vertex -32 -84 0
    endloop
  endfacet
  facet normal 0 -1 0
    outer loop
      vertex -32 -84 0
      vertex -22.675 -84 20.2443
      vertex -22.8451 -84 20.1604
    endloop
  endfacet
  facet normal 0 -1 0
    outer loop
      vertex 22.3747 -84 20.4747
      vertex 32 -84 0
      vertex 22.5173 -84 20.3496
    endloop
  endfacet
  facet normal 0 -1 0
    outer loop
      vertex -32 -84 0
      vertex -22.8451 -84 20.1604
      vertex -23.0247 -84 20.0994
    endloop
  endfacet
  facet normal 0 -1 0
    outer loop
      vertex 22.5173 -84 20.3496
      vertex 32 -84 0
      vertex 22.675 -84 20.2443
    endloop
  endfacet
  facet normal 0 -1 0
    outer loop
      vertex -32 -84 0
      vertex -23.0247 -84 20.0994
      vertex -23.2107 -84 20.0624
    endloop
  endfacet
  facet normal 0 -1 0
    outer loop
      vertex 22.675 -84 20.2443
      vertex 32 -84 0
      vertex 22.8451 -84 20.1604
    endloop
  endfacet
  facet normal 0 -1 0
    outer loop
      vertex -32 -84 0
      vertex -23.2107 -84 20.0624
      vertex -23.4 -84 20.05
    endloop
  endfacet
  facet normal 0 -1 0
    outer loop
      vertex 22.8451 -84 20.1604
      vertex 32 -84 0
      vertex 23.0247 -84 20.0994
    endloop
  endfacet
  facet normal 0.751787 -0.659406 0
    outer loop
      vertex 36.2426 -82.2426 62
      vertex 36.7601 -81.6526 0
      vertex 36.7601 -81.6526 62
    endloop
  endfacet
  facet normal 0.751787 -0.659406 0
    outer loop
      vertex 36.7601 -81.6526 0
      vertex 36.2426 -82.2426 62
      vertex 36.2426 -82.2426 0
    endloop
  endfacet
  facet normal -0.0653605 -0.997862 0
    outer loop
      vertex -32.7832 -83.9487 0
      vertex -32 -84 62
      vertex -32.7832 -83.9487 62
    endloop
  endfacet
  facet normal -0.0653605 -0.997862 -0
    outer loop
      vertex -32 -84 62
      vertex -32.7832 -83.9487 0
      vertex -32 -84 0
    endloop
  endfacet
  facet normal -0.195104 0.980782 0
    outer loop
      vertex -32.7832 -0.0513306 0
      vertex -33.5529 -0.204445 62
      vertex -32.7832 -0.0513306 62
    endloop
  endfacet
  facet normal -0.195104 0.980782 0
    outer loop
      vertex -33.5529 -0.204445 62
      vertex -32.7832 -0.0513306 0
      vertex -33.5529 -0.204445 0
    endloop
  endfacet
  facet normal -0.442289 0.896873 0
    outer loop
      vertex -34.2961 -0.456722 0
      vertex -35 -0.803847 62
      vertex -34.2961 -0.456722 62
    endloop
  endfacet
  facet normal -0.442289 0.896873 0
    outer loop
      vertex -35 -0.803847 62
      vertex -34.2961 -0.456722 0
      vertex -35 -0.803847 0
    endloop
  endfacet
  facet normal 0.659392 0.751799 -0
    outer loop
      vertex 36.2426 -1.75736 0
      vertex 35.6526 -1.23988 62
      vertex 36.2426 -1.75736 62
    endloop
  endfacet
  facet normal 0.659392 0.751799 0
    outer loop
      vertex 35.6526 -1.23988 62
      vertex 36.2426 -1.75736 0
      vertex 35.6526 -1.23988 0
    endloop
  endfacet
  facet normal -0.751826 0.659362 0
    outer loop
      vertex -36.7601 -2.34743 0
      vertex -36.2426 -1.75736 62
      vertex -36.2426 -1.75736 0
    endloop
  endfacet
  facet normal -0.751826 0.659362 0
    outer loop
      vertex -36.2426 -1.75736 62
      vertex -36.7601 -2.34743 0
      vertex -36.7601 -2.34743 62
    endloop
  endfacet
  facet normal -0.555611 -0.831442 0
    outer loop
      vertex -35.6526 -82.7601 0
      vertex -35 -83.1962 62
      vertex -35.6526 -82.7601 62
    endloop
  endfacet
  facet normal -0.555611 -0.831442 -0
    outer loop
      vertex -35 -83.1962 62
      vertex -35.6526 -82.7601 0
      vertex -35 -83.1962 0
    endloop
  endfacet
  facet normal -0.896885 -0.442263 0
    outer loop
      vertex -37.1962 -81 0
      vertex -37.5433 -80.2961 62
      vertex -37.5433 -80.2961 0
    endloop
  endfacet
  facet normal -0.896885 -0.442263 0
    outer loop
      vertex -37.5433 -80.2961 62
      vertex -37.1962 -81 0
      vertex -37.1962 -81 62
    endloop
  endfacet
  facet normal -1 0 0
    outer loop
      vertex -38 -53 49.5
      vertex -38 -55 51
      vertex -38 -53 52.5
    endloop
  endfacet
  facet normal -1 0 0
    outer loop
      vertex -38 -53 49.5
      vertex -38 -55.0086 50.8695
      vertex -38 -55 51
    endloop
  endfacet
  facet normal -1 0 0
    outer loop
      vertex -38 -53 49.5
      vertex -38 -55.0341 50.7412
      vertex -38 -55.0086 50.8695
    endloop
  endfacet
  facet normal -1 0 0
    outer loop
      vertex -38 -53 49.5
      vertex -38 -55.0761 50.6173
      vertex -38 -55.0341 50.7412
    endloop
  endfacet
  facet normal -1 0 0
    outer loop
      vertex -38 -53 49.5
      vertex -38 -55.134 50.5
      vertex -38 -55.0761 50.6173
    endloop
  endfacet
  facet normal -1 0 0
    outer loop
      vertex -38 -53 49.5
      vertex -38 -55.2066 50.3912
      vertex -38 -55.134 50.5
    endloop
  endfacet
  facet normal -1 0 0
    outer loop
      vertex -38 -53 49.5
      vertex -38 -55.2929 50.2929
      vertex -38 -55.2066 50.3912
    endloop
  endfacet
  facet normal -1 0 0
    outer loop
      vertex -38 -53 49.5
      vertex -38 -55.3912 50.2066
      vertex -38 -55.2929 50.2929
    endloop
  endfacet
  facet normal -1 0 0
    outer loop
      vertex -38 -53 49.5
      vertex -38 -55.5 50.134
      vertex -38 -55.3912 50.2066
    endloop
  endfacet
  facet normal -1 0 0
    outer loop
      vertex -38 -53 49.5
      vertex -38 -55.6173 50.0761
      vertex -38 -55.5 50.134
    endloop
  endfacet
  facet normal -1 0 0
    outer loop
      vertex -38 -53 49.5
      vertex -38 -55.7412 50.0341
      vertex -38 -55.6173 50.0761
    endloop
  endfacet
  facet normal -1 0 0
    outer loop
      vertex -38 -53 49.5
      vertex -38 -55.8695 50.0086
      vertex -38 -55.7412 50.0341
    endloop
  endfacet
  facet normal -1 0 0
    outer loop
      vertex -38 -53 49.5
      vertex -38 -56 50
      vertex -38 -55.8695 50.0086
    endloop
  endfacet
  facet normal -1 0 0
    outer loop
      vertex -38 -53 49.5
      vertex -38 -56.1305 50.0086
      vertex -38 -56 50
    endloop
  endfacet
  facet normal -1 0 0
    outer loop
      vertex -38 -56.9914 50.8695
      vertex -38 -63 51
      vertex -38 -57 51
    endloop
  endfacet
  facet normal -1 0 0
    outer loop
      vertex -38 -63.0086 50.8695
      vertex -38 -56.9914 50.8695
      vertex -38 -56.9659 50.7412
    endloop
  endfacet
  facet normal -1 0 0
    outer loop
      vertex -38 -63.0341 50.7412
      vertex -38 -56.9659 50.7412
      vertex -38 -56.9239 50.6173
    endloop
  endfacet
  facet normal -1 0 0
    outer loop
      vertex -38 -63.0761 50.6173
      vertex -38 -56.9239 50.6173
      vertex -38 -56.866 50.5
    endloop
  endfacet
  facet normal -1 0 0
    outer loop
      vertex -38 -63.134 50.5
      vertex -38 -56.866 50.5
      vertex -38 -56.7934 50.3912
    endloop
  endfacet
  facet normal -1 0 0
    outer loop
      vertex -38 -63.2066 50.3912
      vertex -38 -56.7934 50.3912
      vertex -38 -56.7071 50.2929
    endloop
  endfacet
  facet normal -1 0 0
    outer loop
      vertex -38 -63.2929 50.2929
      vertex -38 -56.7071 50.2929
      vertex -38 -56.6088 50.2066
    endloop
  endfacet
  facet normal -1 0 0
    outer loop
      vertex -38 -63.3912 50.2066
      vertex -38 -56.6088 50.2066
      vertex -38 -56.5 50.134
    endloop
  endfacet
  facet normal -1 0 0
    outer loop
      vertex -38 -63.5 50.134
      vertex -38 -56.5 50.134
      vertex -38 -56.3827 50.0761
    endloop
  endfacet
  facet normal -1 0 0
    outer loop
      vertex -38 -63.6173 50.0761
      vertex -38 -56.3827 50.0761
      vertex -38 -56.2588 50.0341
    endloop
  endfacet
  facet normal -1 0 0
    outer loop
      vertex -38 -63.7412 50.0341
      vertex -38 -56.2588 50.0341
      vertex -38 -56.1305 50.0086
    endloop
  endfacet
  facet normal -1 0 0
    outer loop
      vertex -38 -63.8695 50.0086
      vertex -38 -56.1305 50.0086
      vertex -38 -53 49.5
    endloop
  endfacet
  facet normal -1 0 0
    outer loop
      vertex -38 -56.9914 50.8695
      vertex -38 -63.0086 50.8695
      vertex -38 -63 51
    endloop
  endfacet
  facet normal -1 0 0
    outer loop
      vertex -38 -56.9659 50.7412
      vertex -38 -63.0341 50.7412
      vertex -38 -63.0086 50.8695
    endloop
  endfacet
  facet normal -1 0 0
    outer loop
      vertex -38 -56.9239 50.6173
      vertex -38 -63.0761 50.6173
      vertex -38 -63.0341 50.7412
    endloop
  endfacet
  facet normal -1 0 0
    outer loop
      vertex -38 -56.866 50.5
      vertex -38 -63.134 50.5
      vertex -38 -63.0761 50.6173
    endloop
  endfacet
  facet normal -1 0 0
    outer loop
      vertex -38 -56.7934 50.3912
      vertex -38 -63.2066 50.3912
      vertex -38 -63.134 50.5
    endloop
  endfacet
  facet normal -1 0 0
    outer loop
      vertex -38 -56.7071 50.2929
      vertex -38 -63.2929 50.2929
      vertex -38 -63.2066 50.3912
    endloop
  endfacet
  facet normal -1 0 0
    outer loop
      vertex -38 -56.6088 50.2066
      vertex -38 -63.3912 50.2066
      vertex -38 -63.2929 50.2929
    endloop
  endfacet
  facet normal -1 0 0
    outer loop
      vertex -38 -56.5 50.134
      vertex -38 -63.5 50.134
      vertex -38 -63.3912 50.2066
    endloop
  endfacet
  facet normal -1 0 0
    outer loop
      vertex -38 -56.3827 50.0761
      vertex -38 -63.6173 50.0761
      vertex -38 -63.5 50.134
    endloop
  endfacet
  facet normal -1 0 0
    outer loop
      vertex -38 -56.2588 50.0341
      vertex -38 -63.7412 50.0341
      vertex -38 -63.6173 50.0761
    endloop
  endfacet
  facet normal -1 0 0
    outer loop
      vertex -38 -56.1305 50.0086
      vertex -38 -63.8695 50.0086
      vertex -38 -63.7412 50.0341
    endloop
  endfacet
  facet normal -1 0 0
    outer loop
      vertex -38 -67 49.5
      vertex -38 -63.8695 50.0086
      vertex -38 -53 49.5
    endloop
  endfacet
  facet normal -1 -0 0
    outer loop
      vertex -38 -64.9914 50.8695
      vertex -38 -67 49.5
      vertex -38 -65 51
    endloop
  endfacet
  facet normal -1 -0 0
    outer loop
      vertex -38 -64.9659 50.7412
      vertex -38 -67 49.5
      vertex -38 -64.9914 50.8695
    endloop
  endfacet
  facet normal -1 -0 0
    outer loop
      vertex -38 -64.9239 50.6173
      vertex -38 -67 49.5
      vertex -38 -64.9659 50.7412
    endloop
  endfacet
  facet normal -1 -0 0
    outer loop
      vertex -38 -64.866 50.5
      vertex -38 -67 49.5
      vertex -38 -64.9239 50.6173
    endloop
  endfacet
  facet normal -1 -0 0
    outer loop
      vertex -38 -64.7934 50.3912
      vertex -38 -67 49.5
      vertex -38 -64.866 50.5
    endloop
  endfacet
  facet normal -1 -0 0
    outer loop
      vertex -38 -64.7071 50.2929
      vertex -38 -67 49.5
      vertex -38 -64.7934 50.3912
    endloop
  endfacet
  facet normal -1 -0 0
    outer loop
      vertex -38 -64.6088 50.2066
      vertex -38 -67 49.5
      vertex -38 -64.7071 50.2929
    endloop
  endfacet
  facet normal -1 -0 0
    outer loop
      vertex -38 -64.5 50.134
      vertex -38 -67 49.5
      vertex -38 -64.6088 50.2066
    endloop
  endfacet
  facet normal -1 -0 0
    outer loop
      vertex -38 -64.3827 50.0761
      vertex -38 -67 49.5
      vertex -38 -64.5 50.134
    endloop
  endfacet
  facet normal -1 -0 0
    outer loop
      vertex -38 -64.2588 50.0341
      vertex -38 -67 49.5
      vertex -38 -64.3827 50.0761
    endloop
  endfacet
  facet normal -1 -0 0
    outer loop
      vertex -38 -64.1305 50.0086
      vertex -38 -67 49.5
      vertex -38 -64.2588 50.0341
    endloop
  endfacet
  facet normal -1 -0 0
    outer loop
      vertex -38 -64 50
      vertex -38 -67 49.5
      vertex -38 -64.1305 50.0086
    endloop
  endfacet
  facet normal -1 0 0
    outer loop
      vertex -38 -63.8695 50.0086
      vertex -38 -67 49.5
      vertex -38 -64 50
    endloop
  endfacet
  facet normal -1 0 0
    outer loop
      vertex -38 -53 43.5
      vertex -38 -55 45
      vertex -38 -53 46.5
    endloop
  endfacet
  facet normal -1 0 0
    outer loop
      vertex -38 -53 43.5
      vertex -38 -55.0086 44.8695
      vertex -38 -55 45
    endloop
  endfacet
  facet normal -1 0 0
    outer loop
      vertex -38 -53 43.5
      vertex -38 -55.0341 44.7412
      vertex -38 -55.0086 44.8695
    endloop
  endfacet
  facet normal -1 0 0
    outer loop
      vertex -38 -53 43.5
      vertex -38 -55.0761 44.6173
      vertex -38 -55.0341 44.7412
    endloop
  endfacet
  facet normal -1 0 0
    outer loop
      vertex -38 -53 43.5
      vertex -38 -55.134 44.5
      vertex -38 -55.0761 44.6173
    endloop
  endfacet
  facet normal -1 0 0
    outer loop
      vertex -38 -53 43.5
      vertex -38 -55.2066 44.3912
      vertex -38 -55.134 44.5
    endloop
  endfacet
  facet normal -1 0 0
    outer loop
      vertex -38 -53 43.5
      vertex -38 -55.2929 44.2929
      vertex -38 -55.2066 44.3912
    endloop
  endfacet
  facet normal -1 0 0
    outer loop
      vertex -38 -53 43.5
      vertex -38 -55.3912 44.2066
      vertex -38 -55.2929 44.2929
    endloop
  endfacet
  facet normal -1 0 0
    outer loop
      vertex -38 -53 43.5
      vertex -38 -55.5 44.134
      vertex -38 -55.3912 44.2066
    endloop
  endfacet
  facet normal -1 0 0
    outer loop
      vertex -38 -53 43.5
      vertex -38 -55.6173 44.0761
      vertex -38 -55.5 44.134
    endloop
  endfacet
  facet normal -1 0 0
    outer loop
      vertex -38 -53 43.5
      vertex -38 -55.7412 44.0341
      vertex -38 -55.6173 44.0761
    endloop
  endfacet
  facet normal -1 0 0
    outer loop
      vertex -38 -53 43.5
      vertex -38 -55.8695 44.0086
      vertex -38 -55.7412 44.0341
    endloop
  endfacet
  facet normal -1 0 0
    outer loop
      vertex -38 -53 43.5
      vertex -38 -56 44
      vertex -38 -55.8695 44.0086
    endloop
  endfacet
  facet normal -1 0 0
    outer loop
      vertex -38 -53 43.5
      vertex -38 -56.1305 44.0086
      vertex -38 -56 44
    endloop
  endfacet
  facet normal -1 0 0
    outer loop
      vertex -38 -56.9914 44.8695
      vertex -38 -63 45
      vertex -38 -57 45
    endloop
  endfacet
  facet normal -1 0 0
    outer loop
      vertex -38 -63.0086 44.8695
      vertex -38 -56.9914 44.8695
      vertex -38 -56.9659 44.7412
    endloop
  endfacet
  facet normal -1 0 0
    outer loop
      vertex -38 -63.0341 44.7412
      vertex -38 -56.9659 44.7412
      vertex -38 -56.9239 44.6173
    endloop
  endfacet
  facet normal -1 0 0
    outer loop
      vertex -38 -63.0761 44.6173
      vertex -38 -56.9239 44.6173
      vertex -38 -56.866 44.5
    endloop
  endfacet
  facet normal -1 0 0
    outer loop
      vertex -38 -63.134 44.5
      vertex -38 -56.866 44.5
      vertex -38 -56.7934 44.3912
    endloop
  endfacet
  facet normal -1 0 0
    outer loop
      vertex -38 -63.2066 44.3912
      vertex -38 -56.7934 44.3912
      vertex -38 -56.7071 44.2929
    endloop
  endfacet
  facet normal -1 0 0
    outer loop
      vertex -38 -63.2929 44.2929
      vertex -38 -56.7071 44.2929
      vertex -38 -56.6088 44.2066
    endloop
  endfacet
  facet normal -1 0 0
    outer loop
      vertex -38 -63.3912 44.2066
      vertex -38 -56.6088 44.2066
      vertex -38 -56.5 44.134
    endloop
  endfacet
  facet normal -1 0 0
    outer loop
      vertex -38 -63.5 44.134
      vertex -38 -56.5 44.134
      vertex -38 -56.3827 44.0761
    endloop
  endfacet
  facet normal -1 0 0
    outer loop
      vertex -38 -63.6173 44.0761
      vertex -38 -56.3827 44.0761
      vertex -38 -56.2588 44.0341
    endloop
  endfacet
  facet normal -1 0 0
    outer loop
      vertex -38 -63.7412 44.0341
      vertex -38 -56.2588 44.0341
      vertex -38 -56.1305 44.0086
    endloop
  endfacet
  facet normal -1 0 0
    outer loop
      vertex -38 -63.8695 44.0086
      vertex -38 -56.1305 44.0086
      vertex -38 -53 43.5
    endloop
  endfacet
  facet normal -1 0 0
    outer loop
      vertex -38 -56.9914 44.8695
      vertex -38 -63.0086 44.8695
      vertex -38 -63 45
    endloop
  endfacet
  facet normal -1 0 0
    outer loop
      vertex -38 -56.9659 44.7412
      vertex -38 -63.0341 44.7412
      vertex -38 -63.0086 44.8695
    endloop
  endfacet
  facet normal -1 0 0
    outer loop
      vertex -38 -56.9239 44.6173
      vertex -38 -63.0761 44.6173
      vertex -38 -63.0341 44.7412
    endloop
  endfacet
  facet normal -1 0 0
    outer loop
      vertex -38 -56.866 44.5
      vertex -38 -63.134 44.5
      vertex -38 -63.0761 44.6173
    endloop
  endfacet
  facet normal -1 0 0
    outer loop
      vertex -38 -56.7934 44.3912
      vertex -38 -63.2066 44.3912
      vertex -38 -63.134 44.5
    endloop
  endfacet
  facet normal -1 0 0
    outer loop
      vertex -38 -56.7071 44.2929
      vertex -38 -63.2929 44.2929
      vertex -38 -63.2066 44.3912
    endloop
  endfacet
  facet normal -1 0 0
    outer loop
      vertex -38 -56.6088 44.2066
      vertex -38 -63.3912 44.2066
      vertex -38 -63.2929 44.2929
    endloop
  endfacet
  facet normal -1 0 0
    outer loop
      vertex -38 -56.5 44.134
      vertex -38 -63.5 44.134
      vertex -38 -63.3912 44.2066
    endloop
  endfacet
  facet normal -1 0 0
    outer loop
      vertex -38 -56.3827 44.0761
      vertex -38 -63.6173 44.0761
      vertex -38 -63.5 44.134
    endloop
  endfacet
  facet normal -1 0 0
    outer loop
      vertex -38 -56.2588 44.0341
      vertex -38 -63.7412 44.0341
      vertex -38 -63.6173 44.0761
    endloop
  endfacet
  facet normal -1 0 0
    outer loop
      vertex -38 -56.1305 44.0086
      vertex -38 -63.8695 44.0086
      vertex -38 -63.7412 44.0341
    endloop
  endfacet
  facet normal -1 0 0
    outer loop
      vertex -38 -67 43.5
      vertex -38 -63.8695 44.0086
      vertex -38 -53 43.5
    endloop
  endfacet
  facet normal -1 -0 0
    outer loop
      vertex -38 -64.9914 44.8695
      vertex -38 -67 43.5
      vertex -38 -65 45
    endloop
  endfacet
  facet normal -1 -0 0
    outer loop
      vertex -38 -64.9659 44.7412
      vertex -38 -67 43.5
      vertex -38 -64.9914 44.8695
    endloop
  endfacet
  facet normal -1 -0 0
    outer loop
      vertex -38 -64.9239 44.6173
      vertex -38 -67 43.5
      vertex -38 -64.9659 44.7412
    endloop
  endfacet
  facet normal -1 -0 0
    outer loop
      vertex -38 -64.866 44.5
      vertex -38 -67 43.5
      vertex -38 -64.9239 44.6173
    endloop
  endfacet
  facet normal -1 -0 0
    outer loop
      vertex -38 -64.7934 44.3912
      vertex -38 -67 43.5
      vertex -38 -64.866 44.5
    endloop
  endfacet
  facet normal -1 -0 0
    outer loop
      vertex -38 -64.7071 44.2929
      vertex -38 -67 43.5
      vertex -38 -64.7934 44.3912
    endloop
  endfacet
  facet normal -1 -0 0
    outer loop
      vertex -38 -64.6088 44.2066
      vertex -38 -67 43.5
      vertex -38 -64.7071 44.2929
    endloop
  endfacet
  facet normal -1 -0 0
    outer loop
      vertex -38 -64.5 44.134
      vertex -38 -67 43.5
      vertex -38 -64.6088 44.2066
    endloop
  endfacet
  facet normal -1 -0 0
    outer loop
      vertex -38 -64.3827 44.0761
      vertex -38 -67 43.5
      vertex -38 -64.5 44.134
    endloop
  endfacet
  facet normal -1 -0 0
    outer loop
      vertex -38 -64.2588 44.0341
      vertex -38 -67 43.5
      vertex -38 -64.3827 44.0761
    endloop
  endfacet
  facet normal -1 -0 0
    outer loop
      vertex -38 -64.1305 44.0086
      vertex -38 -67 43.5
      vertex -38 -64.2588 44.0341
    endloop
  endfacet
  facet normal -1 -0 0
    outer loop
      vertex -38 -64 44
      vertex -38 -67 43.5
      vertex -38 -64.1305 44.0086
    endloop
  endfacet
  facet normal -1 0 0
    outer loop
      vertex -38 -63.8695 44.0086
      vertex -38 -67 43.5
      vertex -38 -64 44
    endloop
  endfacet
  facet normal -1 0 0
    outer loop
      vertex -38 -53 37.5
      vertex -38 -55 39
      vertex -38 -53 40.5
    endloop
  endfacet
  facet normal -1 0 0
    outer loop
      vertex -38 -53 37.5
      vertex -38 -55.0086 38.8695
      vertex -38 -55 39
    endloop
  endfacet
  facet normal -1 0 0
    outer loop
      vertex -38 -53 37.5
      vertex -38 -55.0341 38.7412
      vertex -38 -55.0086 38.8695
    endloop
  endfacet
  facet normal -1 0 0
    outer loop
      vertex -38 -53 37.5
      vertex -38 -55.0761 38.6173
      vertex -38 -55.0341 38.7412
    endloop
  endfacet
  facet normal -1 0 0
    outer loop
      vertex -38 -53 37.5
      vertex -38 -55.134 38.5
      vertex -38 -55.0761 38.6173
    endloop
  endfacet
  facet normal -1 0 0
    outer loop
      vertex -38 -53 37.5
      vertex -38 -55.2066 38.3912
      vertex -38 -55.134 38.5
    endloop
  endfacet
  facet normal -1 0 0
    outer loop
      vertex -38 -53 37.5
      vertex -38 -55.2929 38.2929
      vertex -38 -55.2066 38.3912
    endloop
  endfacet
  facet normal -1 0 0
    outer loop
      vertex -38 -53 37.5
      vertex -38 -55.3912 38.2066
      vertex -38 -55.2929 38.2929
    endloop
  endfacet
  facet normal -1 0 0
    outer loop
      vertex -38 -53 37.5
      vertex -38 -55.5 38.134
      vertex -38 -55.3912 38.2066
    endloop
  endfacet
  facet normal -1 0 0
    outer loop
      vertex -38 -53 37.5
      vertex -38 -55.6173 38.0761
      vertex -38 -55.5 38.134
    endloop
  endfacet
  facet normal -1 0 0
    outer loop
      vertex -38 -53 37.5
      vertex -38 -55.7412 38.0341
      vertex -38 -55.6173 38.0761
    endloop
  endfacet
  facet normal -1 0 0
    outer loop
      vertex -38 -53 37.5
      vertex -38 -55.8695 38.0086
      vertex -38 -55.7412 38.0341
    endloop
  endfacet
  facet normal -1 0 0
    outer loop
      vertex -38 -53 37.5
      vertex -38 -56 38
      vertex -38 -55.8695 38.0086
    endloop
  endfacet
  facet normal -1 0 0
    outer loop
      vertex -38 -53 37.5
      vertex -38 -56.1305 38.0086
      vertex -38 -56 38
    endloop
  endfacet
  facet normal -1 0 0
    outer loop
      vertex -38 -56.9914 38.8695
      vertex -38 -63 39
      vertex -38 -57 39
    endloop
  endfacet
  facet normal -1 0 0
    outer loop
      vertex -38 -63.0086 38.8695
      vertex -38 -56.9914 38.8695
      vertex -38 -56.9659 38.7412
    endloop
  endfacet
  facet normal -1 0 0
    outer loop
      vertex -38 -63.0341 38.7412
      vertex -38 -56.9659 38.7412
      vertex -38 -56.9239 38.6173
    endloop
  endfacet
  facet normal -1 0 0
    outer loop
      vertex -38 -63.0761 38.6173
      vertex -38 -56.9239 38.6173
      vertex -38 -56.866 38.5
    endloop
  endfacet
  facet normal -1 0 0
    outer loop
      vertex -38 -63.134 38.5
      vertex -38 -56.866 38.5
      vertex -38 -56.7934 38.3912
    endloop
  endfacet
  facet normal -1 0 0
    outer loop
      vertex -38 -63.2066 38.3912
      vertex -38 -56.7934 38.3912
      vertex -38 -56.7071 38.2929
    endloop
  endfacet
  facet normal -1 0 0
    outer loop
      vertex -38 -63.2929 38.2929
      vertex -38 -56.7071 38.2929
      vertex -38 -56.6088 38.2066
    endloop
  endfacet
  facet normal -1 0 0
    outer loop
      vertex -38 -63.3912 38.2066
      vertex -38 -56.6088 38.2066
      vertex -38 -56.5 38.134
    endloop
  endfacet
  facet normal -1 0 0
    outer loop
      vertex -38 -63.5 38.134
      vertex -38 -56.5 38.134
      vertex -38 -56.3827 38.0761
    endloop
  endfacet
  facet normal -1 0 0
    outer loop
      vertex -38 -63.6173 38.0761
      vertex -38 -56.3827 38.0761
      vertex -38 -56.2588 38.0341
    endloop
  endfacet
  facet normal -1 0 0
    outer loop
      vertex -38 -63.7412 38.0341
      vertex -38 -56.2588 38.0341
      vertex -38 -56.1305 38.0086
    endloop
  endfacet
  facet normal -1 0 0
    outer loop
      vertex -38 -63.8695 38.0086
      vertex -38 -56.1305 38.0086
      vertex -38 -53 37.5
    endloop
  endfacet
  facet normal -1 0 0
    outer loop
      vertex -38 -56.9914 38.8695
      vertex -38 -63.0086 38.8695
      vertex -38 -63 39
    endloop
  endfacet
  facet normal -1 0 0
    outer loop
      vertex -38 -56.9659 38.7412
      vertex -38 -63.0341 38.7412
      vertex -38 -63.0086 38.8695
    endloop
  endfacet
  facet normal -1 0 0
    outer loop
      vertex -38 -56.9239 38.6173
      vertex -38 -63.0761 38.6173
      vertex -38 -63.0341 38.7412
    endloop
  endfacet
  facet normal -1 0 0
    outer loop
      vertex -38 -56.866 38.5
      vertex -38 -63.134 38.5
      vertex -38 -63.0761 38.6173
    endloop
  endfacet
  facet normal -1 0 0
    outer loop
      vertex -38 -56.7934 38.3912
      vertex -38 -63.2066 38.3912
      vertex -38 -63.134 38.5
    endloop
  endfacet
  facet normal -1 0 0
    outer loop
      vertex -38 -56.7071 38.2929
      vertex -38 -63.2929 38.2929
      vertex -38 -63.2066 38.3912
    endloop
  endfacet
  facet normal -1 0 0
    outer loop
      vertex -38 -56.6088 38.2066
      vertex -38 -63.3912 38.2066
      vertex -38 -63.2929 38.2929
    endloop
  endfacet
  facet normal -1 0 0
    outer loop
      vertex -38 -56.5 38.134
      vertex -38 -63.5 38.134
      vertex -38 -63.3912 38.2066
    endloop
  endfacet
  facet normal -1 0 0
    outer loop
      vertex -38 -56.3827 38.0761
      vertex -38 -63.6173 38.0761
      vertex -38 -63.5 38.134
    endloop
  endfacet
  facet normal -1 0 0
    outer loop
      vertex -38 -56.2588 38.0341
      vertex -38 -63.7412 38.0341
      vertex -38 -63.6173 38.0761
    endloop
  endfacet
  facet normal -1 0 0
    outer loop
      vertex -38 -56.1305 38.0086
      vertex -38 -63.8695 38.0086
      vertex -38 -63.7412 38.0341
    endloop
  endfacet
  facet normal -1 0 0
    outer loop
      vertex -38 -67 37.5
      vertex -38 -63.8695 38.0086
      vertex -38 -53 37.5
    endloop
  endfacet
  facet normal -1 -0 0
    outer loop
      vertex -38 -64.9914 38.8695
      vertex -38 -67 37.5
      vertex -38 -65 39
    endloop
  endfacet
  facet normal -1 -0 0
    outer loop
      vertex -38 -64.9659 38.7412
      vertex -38 -67 37.5
      vertex -38 -64.9914 38.8695
    endloop
  endfacet
  facet normal -1 -0 0
    outer loop
      vertex -38 -64.9239 38.6173
      vertex -38 -67 37.5
      vertex -38 -64.9659 38.7412
    endloop
  endfacet
  facet normal -1 -0 0
    outer loop
      vertex -38 -64.866 38.5
      vertex -38 -67 37.5
      vertex -38 -64.9239 38.6173
    endloop
  endfacet
  facet normal -1 -0 0
    outer loop
      vertex -38 -64.7934 38.3912
      vertex -38 -67 37.5
      vertex -38 -64.866 38.5
    endloop
  endfacet
  facet normal -1 -0 0
    outer loop
      vertex -38 -64.7071 38.2929
      vertex -38 -67 37.5
      vertex -38 -64.7934 38.3912
    endloop
  endfacet
  facet normal -1 -0 0
    outer loop
      vertex -38 -64.6088 38.2066
      vertex -38 -67 37.5
      vertex -38 -64.7071 38.2929
    endloop
  endfacet
  facet normal -1 -0 0
    outer loop
      vertex -38 -64.5 38.134
      vertex -38 -67 37.5
      vertex -38 -64.6088 38.2066
    endloop
  endfacet
  facet normal -1 -0 0
    outer loop
      vertex -38 -64.3827 38.0761
      vertex -38 -67 37.5
      vertex -38 -64.5 38.134
    endloop
  endfacet
  facet normal -1 -0 0
    outer loop
      vertex -38 -64.2588 38.0341
      vertex -38 -67 37.5
      vertex -38 -64.3827 38.0761
    endloop
  endfacet
  facet normal -1 -0 0
    outer loop
      vertex -38 -64.1305 38.0086
      vertex -38 -67 37.5
      vertex -38 -64.2588 38.0341
    endloop
  endfacet
  facet normal -1 -0 0
    outer loop
      vertex -38 -64 38
      vertex -38 -67 37.5
      vertex -38 -64.1305 38.0086
    endloop
  endfacet
  facet normal -1 0 0
    outer loop
      vertex -38 -63.8695 38.0086
      vertex -38 -67 37.5
      vertex -38 -64 38
    endloop
  endfacet
  facet normal -1 0 0
    outer loop
      vertex -38 -6 0
      vertex -38 -53 34.5
      vertex -38 -6 62
    endloop
  endfacet
  facet normal -1 0 0
    outer loop
      vertex -38 -78 0
      vertex -38 -53 34.5
      vertex -38 -6 0
    endloop
  endfacet
  facet normal -1 0 0
    outer loop
      vertex -38 -78 62
      vertex -38 -67 37.5
      vertex -38 -67 34.5
    endloop
  endfacet
  facet normal -1 0 0
    outer loop
      vertex -38 -67 37.5
      vertex -38 -78 62
      vertex -38 -67 40.5
    endloop
  endfacet
  facet normal -1 0 0
    outer loop
      vertex -38 -67 40.5
      vertex -38 -78 62
      vertex -38 -67 43.5
    endloop
  endfacet
  facet normal -1 0 0
    outer loop
      vertex -38 -67 43.5
      vertex -38 -78 62
      vertex -38 -67 46.5
    endloop
  endfacet
  facet normal -1 0 0
    outer loop
      vertex -38 -67 46.5
      vertex -38 -78 62
      vertex -38 -67 49.5
    endloop
  endfacet
  facet normal -1 0 0
    outer loop
      vertex -38 -67 49.5
      vertex -38 -78 62
      vertex -38 -67 52.5
    endloop
  endfacet
  facet normal -1 0 0
    outer loop
      vertex -38 -78 62
      vertex -38 -67 34.5
      vertex -38 -78 0
    endloop
  endfacet
  facet normal -1 -0 0
    outer loop
      vertex -38 -53 34.5
      vertex -38 -78 0
      vertex -38 -67 34.5
    endloop
  endfacet
  facet normal -1 0 0
    outer loop
      vertex -38 -53 37.5
      vertex -38 -6 62
      vertex -38 -53 34.5
    endloop
  endfacet
  facet normal -1 0 0
    outer loop
      vertex -38 -53 40.5
      vertex -38 -6 62
      vertex -38 -53 37.5
    endloop
  endfacet
  facet normal -1 0 0
    outer loop
      vertex -38 -53 43.5
      vertex -38 -6 62
      vertex -38 -53 40.5
    endloop
  endfacet
  facet normal -1 0 0
    outer loop
      vertex -38 -53 46.5
      vertex -38 -6 62
      vertex -38 -53 43.5
    endloop
  endfacet
  facet normal -1 0 0
    outer loop
      vertex -38 -53 49.5
      vertex -38 -6 62
      vertex -38 -53 46.5
    endloop
  endfacet
  facet normal -1 0 0
    outer loop
      vertex -38 -53 52.5
      vertex -38 -6 62
      vertex -38 -53 49.5
    endloop
  endfacet
  facet normal -1 0 0
    outer loop
      vertex -38 -53 55.5
      vertex -38 -6 62
      vertex -38 -53 52.5
    endloop
  endfacet
  facet normal -1 0 0
    outer loop
      vertex -38 -78 62
      vertex -38 -53 55.5
      vertex -38 -67 55.5
    endloop
  endfacet
  facet normal -1 0 0
    outer loop
      vertex -38 -53 55.5
      vertex -38 -78 62
      vertex -38 -6 62
    endloop
  endfacet
  facet normal -1 0 0
    outer loop
      vertex -38 -67 52.5
      vertex -38 -78 62
      vertex -38 -67 55.5
    endloop
  endfacet
  facet normal -1 0 0
    outer loop
      vertex -38 -55.0086 39.1305
      vertex -38 -53 40.5
      vertex -38 -55 39
    endloop
  endfacet
  facet normal -1 0 0
    outer loop
      vertex -38 -55.0341 39.2588
      vertex -38 -53 40.5
      vertex -38 -55.0086 39.1305
    endloop
  endfacet
  facet normal -1 0 0
    outer loop
      vertex -38 -55.0761 39.3827
      vertex -38 -53 40.5
      vertex -38 -55.0341 39.2588
    endloop
  endfacet
  facet normal -1 0 0
    outer loop
      vertex -38 -55.134 39.5
      vertex -38 -53 40.5
      vertex -38 -55.0761 39.3827
    endloop
  endfacet
  facet normal -1 0 0
    outer loop
      vertex -38 -55.2066 39.6088
      vertex -38 -53 40.5
      vertex -38 -55.134 39.5
    endloop
  endfacet
  facet normal -1 0 0
    outer loop
      vertex -38 -55.2929 39.7071
      vertex -38 -53 40.5
      vertex -38 -55.2066 39.6088
    endloop
  endfacet
  facet normal -1 0 0
    outer loop
      vertex -38 -55.3912 39.7934
      vertex -38 -53 40.5
      vertex -38 -55.2929 39.7071
    endloop
  endfacet
  facet normal -1 0 0
    outer loop
      vertex -38 -55.5 39.866
      vertex -38 -53 40.5
      vertex -38 -55.3912 39.7934
    endloop
  endfacet
  facet normal -1 0 0
    outer loop
      vertex -38 -55.6173 39.9239
      vertex -38 -53 40.5
      vertex -38 -55.5 39.866
    endloop
  endfacet
  facet normal -1 0 0
    outer loop
      vertex -38 -55.7412 39.9659
      vertex -38 -53 40.5
      vertex -38 -55.6173 39.9239
    endloop
  endfacet
  facet normal -1 0 0
    outer loop
      vertex -38 -55.8695 39.9914
      vertex -38 -53 40.5
      vertex -38 -55.7412 39.9659
    endloop
  endfacet
  facet normal -1 0 0
    outer loop
      vertex -38 -56 40
      vertex -38 -53 40.5
      vertex -38 -55.8695 39.9914
    endloop
  endfacet
  facet normal -1 0 0
    outer loop
      vertex -38 -56.1305 39.9914
      vertex -38 -53 40.5
      vertex -38 -56 40
    endloop
  endfacet
  facet normal -1 0 0
    outer loop
      vertex -38 -63 39
      vertex -38 -56.9914 39.1305
      vertex -38 -57 39
    endloop
  endfacet
  facet normal -1 0 0
    outer loop
      vertex -38 -63.0086 39.1305
      vertex -38 -56.9914 39.1305
      vertex -38 -63 39
    endloop
  endfacet
  facet normal -1 0 0
    outer loop
      vertex -38 -56.9914 39.1305
      vertex -38 -63.0086 39.1305
      vertex -38 -56.9659 39.2588
    endloop
  endfacet
  facet normal -1 0 0
    outer loop
      vertex -38 -63.0341 39.2588
      vertex -38 -56.9659 39.2588
      vertex -38 -63.0086 39.1305
    endloop
  endfacet
  facet normal -1 0 0
    outer loop
      vertex -38 -56.9659 39.2588
      vertex -38 -63.0341 39.2588
      vertex -38 -56.9239 39.3827
    endloop
  endfacet
  facet normal -1 0 0
    outer loop
      vertex -38 -63.0761 39.3827
      vertex -38 -56.9239 39.3827
      vertex -38 -63.0341 39.2588
    endloop
  endfacet
  facet normal -1 0 0
    outer loop
      vertex -38 -56.9239 39.3827
      vertex -38 -63.0761 39.3827
      vertex -38 -56.866 39.5
    endloop
  endfacet
  facet normal -1 0 0
    outer loop
      vertex -38 -63.134 39.5
      vertex -38 -56.866 39.5
      vertex -38 -63.0761 39.3827
    endloop
  endfacet
  facet normal -1 0 0
    outer loop
      vertex -38 -56.866 39.5
      vertex -38 -63.134 39.5
      vertex -38 -56.7934 39.6088
    endloop
  endfacet
  facet normal -1 0 0
    outer loop
      vertex -38 -63.2066 39.6088
      vertex -38 -56.7934 39.6088
      vertex -38 -63.134 39.5
    endloop
  endfacet
  facet normal -1 0 0
    outer loop
      vertex -38 -56.7934 39.6088
      vertex -38 -63.2066 39.6088
      vertex -38 -56.7071 39.7071
    endloop
  endfacet
  facet normal -1 0 0
    outer loop
      vertex -38 -63.2929 39.7071
      vertex -38 -56.7071 39.7071
      vertex -38 -63.2066 39.6088
    endloop
  endfacet
  facet normal -1 0 0
    outer loop
      vertex -38 -56.7071 39.7071
      vertex -38 -63.2929 39.7071
      vertex -38 -56.6088 39.7934
    endloop
  endfacet
  facet normal -1 0 0
    outer loop
      vertex -38 -63.3912 39.7934
      vertex -38 -56.6088 39.7934
      vertex -38 -63.2929 39.7071
    endloop
  endfacet
  facet normal -1 0 0
    outer loop
      vertex -38 -56.6088 39.7934
      vertex -38 -63.3912 39.7934
      vertex -38 -56.5 39.866
    endloop
  endfacet
  facet normal -1 0 0
    outer loop
      vertex -38 -63.5 39.866
      vertex -38 -56.5 39.866
      vertex -38 -63.3912 39.7934
    endloop
  endfacet
  facet normal -1 0 0
    outer loop
      vertex -38 -56.5 39.866
      vertex -38 -63.5 39.866
      vertex -38 -56.3827 39.9239
    endloop
  endfacet
  facet normal -1 0 0
    outer loop
      vertex -38 -63.6173 39.9239
      vertex -38 -56.3827 39.9239
      vertex -38 -63.5 39.866
    endloop
  endfacet
  facet normal -1 0 0
    outer loop
      vertex -38 -56.3827 39.9239
      vertex -38 -63.6173 39.9239
      vertex -38 -56.2588 39.9659
    endloop
  endfacet
  facet normal -1 0 0
    outer loop
      vertex -38 -63.7412 39.9659
      vertex -38 -56.2588 39.9659
      vertex -38 -63.6173 39.9239
    endloop
  endfacet
  facet normal -1 0 0
    outer loop
      vertex -38 -56.2588 39.9659
      vertex -38 -63.7412 39.9659
      vertex -38 -56.1305 39.9914
    endloop
  endfacet
  facet normal -1 0 0
    outer loop
      vertex -38 -63.8695 39.9914
      vertex -38 -56.1305 39.9914
      vertex -38 -63.7412 39.9659
    endloop
  endfacet
  facet normal -1 0 0
    outer loop
      vertex -38 -56.1305 39.9914
      vertex -38 -63.8695 39.9914
      vertex -38 -53 40.5
    endloop
  endfacet
  facet normal -1 0 0
    outer loop
      vertex -38 -67 40.5
      vertex -38 -63.8695 39.9914
      vertex -38 -64 40
    endloop
  endfacet
  facet normal -1 0 0
    outer loop
      vertex -38 -67 40.5
      vertex -38 -65 39
      vertex -38 -67 37.5
    endloop
  endfacet
  facet normal -1 0 0
    outer loop
      vertex -38 -65 39
      vertex -38 -67 40.5
      vertex -38 -64.9914 39.1305
    endloop
  endfacet
  facet normal -1 0 0
    outer loop
      vertex -38 -64.9914 39.1305
      vertex -38 -67 40.5
      vertex -38 -64.9659 39.2588
    endloop
  endfacet
  facet normal -1 0 0
    outer loop
      vertex -38 -64.9659 39.2588
      vertex -38 -67 40.5
      vertex -38 -64.9239 39.3827
    endloop
  endfacet
  facet normal -1 0 0
    outer loop
      vertex -38 -64.9239 39.3827
      vertex -38 -67 40.5
      vertex -38 -64.866 39.5
    endloop
  endfacet
  facet normal -1 0 0
    outer loop
      vertex -38 -64.866 39.5
      vertex -38 -67 40.5
      vertex -38 -64.7934 39.6088
    endloop
  endfacet
  facet normal -1 0 0
    outer loop
      vertex -38 -63.8695 39.9914
      vertex -38 -67 40.5
      vertex -38 -53 40.5
    endloop
  endfacet
  facet normal -1 0 0
    outer loop
      vertex -38 -64.1305 39.9914
      vertex -38 -67 40.5
      vertex -38 -64 40
    endloop
  endfacet
  facet normal -1 0 0
    outer loop
      vertex -38 -64.2588 39.9659
      vertex -38 -67 40.5
      vertex -38 -64.1305 39.9914
    endloop
  endfacet
  facet normal -1 0 0
    outer loop
      vertex -38 -64.3827 39.9239
      vertex -38 -67 40.5
      vertex -38 -64.2588 39.9659
    endloop
  endfacet
  facet normal -1 0 0
    outer loop
      vertex -38 -64.5 39.866
      vertex -38 -67 40.5
      vertex -38 -64.3827 39.9239
    endloop
  endfacet
  facet normal -1 0 0
    outer loop
      vertex -38 -64.6088 39.7934
      vertex -38 -67 40.5
      vertex -38 -64.5 39.866
    endloop
  endfacet
  facet normal -1 0 0
    outer loop
      vertex -38 -64.7071 39.7071
      vertex -38 -67 40.5
      vertex -38 -64.6088 39.7934
    endloop
  endfacet
  facet normal -1 0 0
    outer loop
      vertex -38 -64.7934 39.6088
      vertex -38 -67 40.5
      vertex -38 -64.7071 39.7071
    endloop
  endfacet
  facet normal -1 0 0
    outer loop
      vertex -38 -55.0086 45.1305
      vertex -38 -53 46.5
      vertex -38 -55 45
    endloop
  endfacet
  facet normal -1 0 0
    outer loop
      vertex -38 -55.0341 45.2588
      vertex -38 -53 46.5
      vertex -38 -55.0086 45.1305
    endloop
  endfacet
  facet normal -1 0 0
    outer loop
      vertex -38 -55.0761 45.3827
      vertex -38 -53 46.5
      vertex -38 -55.0341 45.2588
    endloop
  endfacet
  facet normal -1 0 0
    outer loop
      vertex -38 -55.134 45.5
      vertex -38 -53 46.5
      vertex -38 -55.0761 45.3827
    endloop
  endfacet
  facet normal -1 0 0
    outer loop
      vertex -38 -55.2066 45.6088
      vertex -38 -53 46.5
      vertex -38 -55.134 45.5
    endloop
  endfacet
  facet normal -1 0 0
    outer loop
      vertex -38 -55.2929 45.7071
      vertex -38 -53 46.5
      vertex -38 -55.2066 45.6088
    endloop
  endfacet
  facet normal -1 0 0
    outer loop
      vertex -38 -55.3912 45.7934
      vertex -38 -53 46.5
      vertex -38 -55.2929 45.7071
    endloop
  endfacet
  facet normal -1 0 0
    outer loop
      vertex -38 -55.5 45.866
      vertex -38 -53 46.5
      vertex -38 -55.3912 45.7934
    endloop
  endfacet
  facet normal -1 0 0
    outer loop
      vertex -38 -55.6173 45.9239
      vertex -38 -53 46.5
      vertex -38 -55.5 45.866
    endloop
  endfacet
  facet normal -1 0 0
    outer loop
      vertex -38 -55.7412 45.9659
      vertex -38 -53 46.5
      vertex -38 -55.6173 45.9239
    endloop
  endfacet
  facet normal -1 0 0
    outer loop
      vertex -38 -55.8695 45.9914
      vertex -38 -53 46.5
      vertex -38 -55.7412 45.9659
    endloop
  endfacet
  facet normal -1 0 0
    outer loop
      vertex -38 -56 46
      vertex -38 -53 46.5
      vertex -38 -55.8695 45.9914
    endloop
  endfacet
  facet normal -1 0 0
    outer loop
      vertex -38 -56.1305 45.9914
      vertex -38 -53 46.5
      vertex -38 -56 46
    endloop
  endfacet
  facet normal -1 0 0
    outer loop
      vertex -38 -63 45
      vertex -38 -56.9914 45.1305
      vertex -38 -57 45
    endloop
  endfacet
  facet normal -1 0 0
    outer loop
      vertex -38 -63.0086 45.1305
      vertex -38 -56.9914 45.1305
      vertex -38 -63 45
    endloop
  endfacet
  facet normal -1 0 0
    outer loop
      vertex -38 -56.9914 45.1305
      vertex -38 -63.0086 45.1305
      vertex -38 -56.9659 45.2588
    endloop
  endfacet
  facet normal -1 0 0
    outer loop
      vertex -38 -63.0341 45.2588
      vertex -38 -56.9659 45.2588
      vertex -38 -63.0086 45.1305
    endloop
  endfacet
  facet normal -1 0 0
    outer loop
      vertex -38 -56.9659 45.2588
      vertex -38 -63.0341 45.2588
      vertex -38 -56.9239 45.3827
    endloop
  endfacet
  facet normal -1 0 0
    outer loop
      vertex -38 -63.0761 45.3827
      vertex -38 -56.9239 45.3827
      vertex -38 -63.0341 45.2588
    endloop
  endfacet
  facet normal -1 0 0
    outer loop
      vertex -38 -56.9239 45.3827
      vertex -38 -63.0761 45.3827
      vertex -38 -56.866 45.5
    endloop
  endfacet
  facet normal -1 0 0
    outer loop
      vertex -38 -63.134 45.5
      vertex -38 -56.866 45.5
      vertex -38 -63.0761 45.3827
    endloop
  endfacet
  facet normal -1 0 0
    outer loop
      vertex -38 -56.866 45.5
      vertex -38 -63.134 45.5
      vertex -38 -56.7934 45.6088
    endloop
  endfacet
  facet normal -1 0 0
    outer loop
      vertex -38 -63.2066 45.6088
      vertex -38 -56.7934 45.6088
      vertex -38 -63.134 45.5
    endloop
  endfacet
  facet normal -1 0 0
    outer loop
      vertex -38 -56.7934 45.6088
      vertex -38 -63.2066 45.6088
      vertex -38 -56.7071 45.7071
    endloop
  endfacet
  facet normal -1 0 0
    outer loop
      vertex -38 -63.2929 45.7071
      vertex -38 -56.7071 45.7071
      vertex -38 -63.2066 45.6088
    endloop
  endfacet
  facet normal -1 0 0
    outer loop
      vertex -38 -56.7071 45.7071
      vertex -38 -63.2929 45.7071
      vertex -38 -56.6088 45.7934
    endloop
  endfacet
  facet normal -1 0 0
    outer loop
      vertex -38 -63.3912 45.7934
      vertex -38 -56.6088 45.7934
      vertex -38 -63.2929 45.7071
    endloop
  endfacet
  facet normal -1 0 0
    outer loop
      vertex -38 -56.6088 45.7934
      vertex -38 -63.3912 45.7934
      vertex -38 -56.5 45.866
    endloop
  endfacet
  facet normal -1 0 0
    outer loop
      vertex -38 -63.5 45.866
      vertex -38 -56.5 45.866
      vertex -38 -63.3912 45.7934
    endloop
  endfacet
  facet normal -1 0 0
    outer loop
      vertex -38 -56.5 45.866
      vertex -38 -63.5 45.866
      vertex -38 -56.3827 45.9239
    endloop
  endfacet
  facet normal -1 0 0
    outer loop
      vertex -38 -63.6173 45.9239
      vertex -38 -56.3827 45.9239
      vertex -38 -63.5 45.866
    endloop
  endfacet
  facet normal -1 0 0
    outer loop
      vertex -38 -56.3827 45.9239
      vertex -38 -63.6173 45.9239
      vertex -38 -56.2588 45.9659
    endloop
  endfacet
  facet normal -1 0 0
    outer loop
      vertex -38 -63.7412 45.9659
      vertex -38 -56.2588 45.9659
      vertex -38 -63.6173 45.9239
    endloop
  endfacet
  facet normal -1 0 0
    outer loop
      vertex -38 -56.2588 45.9659
      vertex -38 -63.7412 45.9659
      vertex -38 -56.1305 45.9914
    endloop
  endfacet
  facet normal -1 0 0
    outer loop
      vertex -38 -63.8695 45.9914
      vertex -38 -56.1305 45.9914
      vertex -38 -63.7412 45.9659
    endloop
  endfacet
  facet normal -1 0 0
    outer loop
      vertex -38 -56.1305 45.9914
      vertex -38 -63.8695 45.9914
      vertex -38 -53 46.5
    endloop
  endfacet
  facet normal -1 0 0
    outer loop
      vertex -38 -67 46.5
      vertex -38 -63.8695 45.9914
      vertex -38 -64 46
    endloop
  endfacet
  facet normal -1 0 0
    outer loop
      vertex -38 -67 46.5
      vertex -38 -65 45
      vertex -38 -67 43.5
    endloop
  endfacet
  facet normal -1 0 0
    outer loop
      vertex -38 -65 45
      vertex -38 -67 46.5
      vertex -38 -64.9914 45.1305
    endloop
  endfacet
  facet normal -1 0 0
    outer loop
      vertex -38 -64.9914 45.1305
      vertex -38 -67 46.5
      vertex -38 -64.9659 45.2588
    endloop
  endfacet
  facet normal -1 0 0
    outer loop
      vertex -38 -64.9659 45.2588
      vertex -38 -67 46.5
      vertex -38 -64.9239 45.3827
    endloop
  endfacet
  facet normal -1 0 0
    outer loop
      vertex -38 -64.9239 45.3827
      vertex -38 -67 46.5
      vertex -38 -64.866 45.5
    endloop
  endfacet
  facet normal -1 0 0
    outer loop
      vertex -38 -64.866 45.5
      vertex -38 -67 46.5
      vertex -38 -64.7934 45.6088
    endloop
  endfacet
  facet normal -1 0 0
    outer loop
      vertex -38 -63.8695 45.9914
      vertex -38 -67 46.5
      vertex -38 -53 46.5
    endloop
  endfacet
  facet normal -1 0 0
    outer loop
      vertex -38 -64.1305 45.9914
      vertex -38 -67 46.5
      vertex -38 -64 46
    endloop
  endfacet
  facet normal -1 0 0
    outer loop
      vertex -38 -64.2588 45.9659
      vertex -38 -67 46.5
      vertex -38 -64.1305 45.9914
    endloop
  endfacet
  facet normal -1 0 0
    outer loop
      vertex -38 -64.3827 45.9239
      vertex -38 -67 46.5
      vertex -38 -64.2588 45.9659
    endloop
  endfacet
  facet normal -1 0 0
    outer loop
      vertex -38 -64.5 45.866
      vertex -38 -67 46.5
      vertex -38 -64.3827 45.9239
    endloop
  endfacet
  facet normal -1 0 0
    outer loop
      vertex -38 -64.6088 45.7934
      vertex -38 -67 46.5
      vertex -38 -64.5 45.866
    endloop
  endfacet
  facet normal -1 0 0
    outer loop
      vertex -38 -64.7071 45.7071
      vertex -38 -67 46.5
      vertex -38 -64.6088 45.7934
    endloop
  endfacet
  facet normal -1 0 0
    outer loop
      vertex -38 -64.7934 45.6088
      vertex -38 -67 46.5
      vertex -38 -64.7071 45.7071
    endloop
  endfacet
  facet normal -1 0 0
    outer loop
      vertex -38 -55.0086 51.1305
      vertex -38 -53 52.5
      vertex -38 -55 51
    endloop
  endfacet
  facet normal -1 0 0
    outer loop
      vertex -38 -55.0341 51.2588
      vertex -38 -53 52.5
      vertex -38 -55.0086 51.1305
    endloop
  endfacet
  facet normal -1 0 0
    outer loop
      vertex -38 -55.0761 51.3827
      vertex -38 -53 52.5
      vertex -38 -55.0341 51.2588
    endloop
  endfacet
  facet normal -1 0 0
    outer loop
      vertex -38 -55.134 51.5
      vertex -38 -53 52.5
      vertex -38 -55.0761 51.3827
    endloop
  endfacet
  facet normal -1 0 0
    outer loop
      vertex -38 -55.2066 51.6088
      vertex -38 -53 52.5
      vertex -38 -55.134 51.5
    endloop
  endfacet
  facet normal -1 0 0
    outer loop
      vertex -38 -55.2929 51.7071
      vertex -38 -53 52.5
      vertex -38 -55.2066 51.6088
    endloop
  endfacet
  facet normal -1 0 0
    outer loop
      vertex -38 -55.3912 51.7934
      vertex -38 -53 52.5
      vertex -38 -55.2929 51.7071
    endloop
  endfacet
  facet normal -1 0 0
    outer loop
      vertex -38 -55.5 51.866
      vertex -38 -53 52.5
      vertex -38 -55.3912 51.7934
    endloop
  endfacet
  facet normal -1 0 0
    outer loop
      vertex -38 -55.6173 51.9239
      vertex -38 -53 52.5
      vertex -38 -55.5 51.866
    endloop
  endfacet
  facet normal -1 0 0
    outer loop
      vertex -38 -55.7412 51.9659
      vertex -38 -53 52.5
      vertex -38 -55.6173 51.9239
    endloop
  endfacet
  facet normal -1 0 0
    outer loop
      vertex -38 -55.8695 51.9914
      vertex -38 -53 52.5
      vertex -38 -55.7412 51.9659
    endloop
  endfacet
  facet normal -1 0 0
    outer loop
      vertex -38 -56 52
      vertex -38 -53 52.5
      vertex -38 -55.8695 51.9914
    endloop
  endfacet
  facet normal -1 0 0
    outer loop
      vertex -38 -56.1305 51.9914
      vertex -38 -53 52.5
      vertex -38 -56 52
    endloop
  endfacet
  facet normal -1 0 0
    outer loop
      vertex -38 -63 51
      vertex -38 -56.9914 51.1305
      vertex -38 -57 51
    endloop
  endfacet
  facet normal -1 0 0
    outer loop
      vertex -38 -63.0086 51.1305
      vertex -38 -56.9914 51.1305
      vertex -38 -63 51
    endloop
  endfacet
  facet normal -1 0 0
    outer loop
      vertex -38 -56.9914 51.1305
      vertex -38 -63.0086 51.1305
      vertex -38 -56.9659 51.2588
    endloop
  endfacet
  facet normal -1 0 0
    outer loop
      vertex -38 -63.0341 51.2588
      vertex -38 -56.9659 51.2588
      vertex -38 -63.0086 51.1305
    endloop
  endfacet
  facet normal -1 0 0
    outer loop
      vertex -38 -56.9659 51.2588
      vertex -38 -63.0341 51.2588
      vertex -38 -56.9239 51.3827
    endloop
  endfacet
  facet normal -1 0 0
    outer loop
      vertex -38 -63.0761 51.3827
      vertex -38 -56.9239 51.3827
      vertex -38 -63.0341 51.2588
    endloop
  endfacet
  facet normal -1 0 0
    outer loop
      vertex -38 -56.9239 51.3827
      vertex -38 -63.0761 51.3827
      vertex -38 -56.866 51.5
    endloop
  endfacet
  facet normal -1 0 0
    outer loop
      vertex -38 -63.134 51.5
      vertex -38 -56.866 51.5
      vertex -38 -63.0761 51.3827
    endloop
  endfacet
  facet normal -1 0 0
    outer loop
      vertex -38 -56.866 51.5
      vertex -38 -63.134 51.5
      vertex -38 -56.7934 51.6088
    endloop
  endfacet
  facet normal -1 0 0
    outer loop
      vertex -38 -63.2066 51.6088
      vertex -38 -56.7934 51.6088
      vertex -38 -63.134 51.5
    endloop
  endfacet
  facet normal -1 0 0
    outer loop
      vertex -38 -56.7934 51.6088
      vertex -38 -63.2066 51.6088
      vertex -38 -56.7071 51.7071
    endloop
  endfacet
  facet normal -1 0 0
    outer loop
      vertex -38 -63.2929 51.7071
      vertex -38 -56.7071 51.7071
      vertex -38 -63.2066 51.6088
    endloop
  endfacet
  facet normal -1 0 0
    outer loop
      vertex -38 -56.7071 51.7071
      vertex -38 -63.2929 51.7071
      vertex -38 -56.6088 51.7934
    endloop
  endfacet
  facet normal -1 0 0
    outer loop
      vertex -38 -63.3912 51.7934
      vertex -38 -56.6088 51.7934
      vertex -38 -63.2929 51.7071
    endloop
  endfacet
  facet normal -1 0 0
    outer loop
      vertex -38 -56.6088 51.7934
      vertex -38 -63.3912 51.7934
      vertex -38 -56.5 51.866
    endloop
  endfacet
  facet normal -1 0 0
    outer loop
      vertex -38 -63.5 51.866
      vertex -38 -56.5 51.866
      vertex -38 -63.3912 51.7934
    endloop
  endfacet
  facet normal -1 0 0
    outer loop
      vertex -38 -56.5 51.866
      vertex -38 -63.5 51.866
      vertex -38 -56.3827 51.9239
    endloop
  endfacet
  facet normal -1 0 0
    outer loop
      vertex -38 -63.6173 51.9239
      vertex -38 -56.3827 51.9239
      vertex -38 -63.5 51.866
    endloop
  endfacet
  facet normal -1 0 0
    outer loop
      vertex -38 -56.3827 51.9239
      vertex -38 -63.6173 51.9239
      vertex -38 -56.2588 51.9659
    endloop
  endfacet
  facet normal -1 0 0
    outer loop
      vertex -38 -63.7412 51.9659
      vertex -38 -56.2588 51.9659
      vertex -38 -63.6173 51.9239
    endloop
  endfacet
  facet normal -1 0 0
    outer loop
      vertex -38 -56.2588 51.9659
      vertex -38 -63.7412 51.9659
      vertex -38 -56.1305 51.9914
    endloop
  endfacet
  facet normal -1 0 0
    outer loop
      vertex -38 -63.8695 51.9914
      vertex -38 -56.1305 51.9914
      vertex -38 -63.7412 51.9659
    endloop
  endfacet
  facet normal -1 0 0
    outer loop
      vertex -38 -56.1305 51.9914
      vertex -38 -63.8695 51.9914
      vertex -38 -53 52.5
    endloop
  endfacet
  facet normal -1 0 0
    outer loop
      vertex -38 -67 52.5
      vertex -38 -63.8695 51.9914
      vertex -38 -64 52
    endloop
  endfacet
  facet normal -1 0 0
    outer loop
      vertex -38 -67 52.5
      vertex -38 -65 51
      vertex -38 -67 49.5
    endloop
  endfacet
  facet normal -1 0 0
    outer loop
      vertex -38 -65 51
      vertex -38 -67 52.5
      vertex -38 -64.9914 51.1305
    endloop
  endfacet
  facet normal -1 0 0
    outer loop
      vertex -38 -64.9914 51.1305
      vertex -38 -67 52.5
      vertex -38 -64.9659 51.2588
    endloop
  endfacet
  facet normal -1 0 0
    outer loop
      vertex -38 -64.9659 51.2588
      vertex -38 -67 52.5
      vertex -38 -64.9239 51.3827
    endloop
  endfacet
  facet normal -1 0 0
    outer loop
      vertex -38 -64.9239 51.3827
      vertex -38 -67 52.5
      vertex -38 -64.866 51.5
    endloop
  endfacet
  facet normal -1 0 0
    outer loop
      vertex -38 -64.866 51.5
      vertex -38 -67 52.5
      vertex -38 -64.7934 51.6088
    endloop
  endfacet
  facet normal -1 0 0
    outer loop
      vertex -38 -63.8695 51.9914
      vertex -38 -67 52.5
      vertex -38 -53 52.5
    endloop
  endfacet
  facet normal -1 0 0
    outer loop
      vertex -38 -64.1305 51.9914
      vertex -38 -67 52.5
      vertex -38 -64 52
    endloop
  endfacet
  facet normal -1 0 0
    outer loop
      vertex -38 -64.2588 51.9659
      vertex -38 -67 52.5
      vertex -38 -64.1305 51.9914
    endloop
  endfacet
  facet normal -1 0 0
    outer loop
      vertex -38 -64.3827 51.9239
      vertex -38 -67 52.5
      vertex -38 -64.2588 51.9659
    endloop
  endfacet
  facet normal -1 0 0
    outer loop
      vertex -38 -64.5 51.866
      vertex -38 -67 52.5
      vertex -38 -64.3827 51.9239
    endloop
  endfacet
  facet normal -1 0 0
    outer loop
      vertex -38 -64.6088 51.7934
      vertex -38 -67 52.5
      vertex -38 -64.5 51.866
    endloop
  endfacet
  facet normal -1 0 0
    outer loop
      vertex -38 -64.7071 51.7071
      vertex -38 -67 52.5
      vertex -38 -64.6088 51.7934
    endloop
  endfacet
  facet normal -1 0 0
    outer loop
      vertex -38 -64.7934 51.6088
      vertex -38 -67 52.5
      vertex -38 -64.7071 51.7071
    endloop
  endfacet
  facet normal 0.0653993 0.997859 -0
    outer loop
      vertex 32.7832 -0.0513306 0
      vertex 32 0 62
      vertex 32.7832 -0.0513306 62
    endloop
  endfacet
  facet normal 0.0653993 0.997859 0
    outer loop
      vertex 32 0 62
      vertex 32.7832 -0.0513306 0
      vertex 32 0 0
    endloop
  endfacet
  facet normal 1 0 0
    outer loop
      vertex 38 -53 34.5
      vertex 38 -62.5385 19.2874
      vertex 38 -62.5 18.7
    endloop
  endfacet
  facet normal 1 0 0
    outer loop
      vertex 38 -53 34.5
      vertex 38 -62.6533 19.8647
      vertex 38 -62.5385 19.2874
    endloop
  endfacet
  facet normal 1 0 0
    outer loop
      vertex 38 -53 34.5
      vertex 38 -62.8425 20.4221
      vertex 38 -62.6533 19.8647
    endloop
  endfacet
  facet normal 1 0 0
    outer loop
      vertex 38 -53 34.5
      vertex 38 -63.1029 20.95
      vertex 38 -62.8425 20.4221
    endloop
  endfacet
  facet normal 1 0 0
    outer loop
      vertex 38 -53 34.5
      vertex 38 -63.4299 21.4394
      vertex 38 -63.1029 20.95
    endloop
  endfacet
  facet normal 1 0 0
    outer loop
      vertex 38 -53 34.5
      vertex 38 -63.818 21.882
      vertex 38 -63.4299 21.4394
    endloop
  endfacet
  facet normal 1 0 0
    outer loop
      vertex 38 -53 34.5
      vertex 38 -64.2606 22.2701
      vertex 38 -63.818 21.882
    endloop
  endfacet
  facet normal 1 0 0
    outer loop
      vertex 38 -53 34.5
      vertex 38 -64.75 22.5971
      vertex 38 -64.2606 22.2701
    endloop
  endfacet
  facet normal 1 -0 0
    outer loop
      vertex 38 -67 34.5
      vertex 38 -64.75 22.5971
      vertex 38 -53 34.5
    endloop
  endfacet
  facet normal 1 0 0
    outer loop
      vertex 38 -64.75 22.5971
      vertex 38 -67 34.5
      vertex 38 -65.2779 22.8575
    endloop
  endfacet
  facet normal 1 0 0
    outer loop
      vertex 38 -65.2779 22.8575
      vertex 38 -67 34.5
      vertex 38 -65.8353 23.0467
    endloop
  endfacet
  facet normal 1 0 0
    outer loop
      vertex 38 -65.8353 23.0467
      vertex 38 -67 34.5
      vertex 38 -66.4126 23.1615
    endloop
  endfacet
  facet normal 1 0 0
    outer loop
      vertex 38 -66.4126 23.1615
      vertex 38 -67 34.5
      vertex 38 -67 23.2
    endloop
  endfacet
  facet normal 1 -0 0
    outer loop
      vertex 38 -67 40.5
      vertex 38 -53 37.5
      vertex 38 -53 40.5
    endloop
  endfacet
  facet normal 1 0 0
    outer loop
      vertex 38 -53 37.5
      vertex 38 -67 40.5
      vertex 38 -67 37.5
    endloop
  endfacet
  facet normal 1 -0 0
    outer loop
      vertex 38 -67 46.5
      vertex 38 -53 43.5
      vertex 38 -53 46.5
    endloop
  endfacet
  facet normal 1 0 0
    outer loop
      vertex 38 -53 43.5
      vertex 38 -67 46.5
      vertex 38 -67 43.5
    endloop
  endfacet
  facet normal 1 -0 0
    outer loop
      vertex 38 -67 52.5
      vertex 38 -53 49.5
      vertex 38 -53 52.5
    endloop
  endfacet
  facet normal 1 0 0
    outer loop
      vertex 38 -53 49.5
      vertex 38 -67 52.5
      vertex 38 -67 49.5
    endloop
  endfacet
  facet normal 1 0 0
    outer loop
      vertex 38 -53 52.5
      vertex 38 -6 62
      vertex 38 -53 55.5
    endloop
  endfacet
  facet normal 1 -0 0
    outer loop
      vertex 38 -78 62
      vertex 38 -53 55.5
      vertex 38 -6 62
    endloop
  endfacet
  facet normal 1 0 0
    outer loop
      vertex 38 -78 62
      vertex 38 -67 52.5
      vertex 38 -67 55.5
    endloop
  endfacet
  facet normal 1 0 0
    outer loop
      vertex 38 -67 52.5
      vertex 38 -78 62
      vertex 38 -67 49.5
    endloop
  endfacet
  facet normal 1 0 0
    outer loop
      vertex 38 -67 49.5
      vertex 38 -78 62
      vertex 38 -67 46.5
    endloop
  endfacet
  facet normal 1 0 0
    outer loop
      vertex 38 -67 46.5
      vertex 38 -78 62
      vertex 38 -67 43.5
    endloop
  endfacet
  facet normal 1 0 0
    outer loop
      vertex 38 -67 43.5
      vertex 38 -78 62
      vertex 38 -67 40.5
    endloop
  endfacet
  facet normal 1 0 0
    outer loop
      vertex 38 -67 40.5
      vertex 38 -78 62
      vertex 38 -67 37.5
    endloop
  endfacet
  facet normal 1 0 -0
    outer loop
      vertex 38 -70.8971 20.95
      vertex 38 -67 37.5
      vertex 38 -78 62
    endloop
  endfacet
  facet normal 1 0 0
    outer loop
      vertex 38 -67 34.5
      vertex 38 -67.5874 23.1615
      vertex 38 -67 23.2
    endloop
  endfacet
  facet normal 1 0 0
    outer loop
      vertex 38 -67 34.5
      vertex 38 -68.1647 23.0467
      vertex 38 -67.5874 23.1615
    endloop
  endfacet
  facet normal 1 0 0
    outer loop
      vertex 38 -67 34.5
      vertex 38 -68.7221 22.8575
      vertex 38 -68.1647 23.0467
    endloop
  endfacet
  facet normal 1 0 0
    outer loop
      vertex 38 -67 34.5
      vertex 38 -69.25 22.5971
      vertex 38 -68.7221 22.8575
    endloop
  endfacet
  facet normal 1 0 0
    outer loop
      vertex 38 -67 34.5
      vertex 38 -69.7394 22.2701
      vertex 38 -69.25 22.5971
    endloop
  endfacet
  facet normal 1 0 0
    outer loop
      vertex 38 -67 37.5
      vertex 38 -70.8971 20.95
      vertex 38 -67 34.5
    endloop
  endfacet
  facet normal 1 0 0
    outer loop
      vertex 38 -67 34.5
      vertex 38 -70.182 21.882
      vertex 38 -69.7394 22.2701
    endloop
  endfacet
  facet normal 1 0 0
    outer loop
      vertex 38 -67 34.5
      vertex 38 -70.5701 21.4394
      vertex 38 -70.182 21.882
    endloop
  endfacet
  facet normal 1 0 0
    outer loop
      vertex 38 -67 34.5
      vertex 38 -70.8971 20.95
      vertex 38 -70.5701 21.4394
    endloop
  endfacet
  facet normal 1 0 0
    outer loop
      vertex 38 -70.8971 20.95
      vertex 38 -78 62
      vertex 38 -71.1575 20.4221
    endloop
  endfacet
  facet normal 1 0 0
    outer loop
      vertex 38 -71.1575 20.4221
      vertex 38 -78 62
      vertex 38 -71.3467 19.8647
    endloop
  endfacet
  facet normal 1 0 0
    outer loop
      vertex 38 -71.4615 19.2874
      vertex 38 -78 0
      vertex 38 -71.5 18.7
    endloop
  endfacet
  facet normal 1 0 0
    outer loop
      vertex 38 -78 0
      vertex 38 -71.4615 19.2874
      vertex 38 -78 62
    endloop
  endfacet
  facet normal 1 0 0
    outer loop
      vertex 38 -71.3467 19.8647
      vertex 38 -78 62
      vertex 38 -71.4615 19.2874
    endloop
  endfacet
  facet normal 1 0 0
    outer loop
      vertex 38 -53 55.5
      vertex 38 -78 62
      vertex 38 -67 55.5
    endloop
  endfacet
  facet normal 1 0 0
    outer loop
      vertex 38 -53 49.5
      vertex 38 -6 62
      vertex 38 -53 52.5
    endloop
  endfacet
  facet normal 1 0 0
    outer loop
      vertex 38 -53 46.5
      vertex 38 -6 62
      vertex 38 -53 49.5
    endloop
  endfacet
  facet normal 1 0 0
    outer loop
      vertex 38 -53 43.5
      vertex 38 -6 62
      vertex 38 -53 46.5
    endloop
  endfacet
  facet normal 1 0 0
    outer loop
      vertex 38 -53 40.5
      vertex 38 -6 62
      vertex 38 -53 43.5
    endloop
  endfacet
  facet normal 1 0 0
    outer loop
      vertex 38 -53 37.5
      vertex 38 -6 62
      vertex 38 -53 40.5
    endloop
  endfacet
  facet normal 1 0 0
    outer loop
      vertex 38 -53 34.5
      vertex 38 -6 62
      vertex 38 -53 37.5
    endloop
  endfacet
  facet normal 1 0 0
    outer loop
      vertex 38 -6 62
      vertex 38 -53 34.5
      vertex 38 -6 0
    endloop
  endfacet
  facet normal 1 0 0
    outer loop
      vertex 38 -62.5 13.1
      vertex 38 -53 34.5
      vertex 38 -62.5 18.7
    endloop
  endfacet
  facet normal 1 0 0
    outer loop
      vertex 38 -53 34.5
      vertex 38 -62.5 13.1
      vertex 38 -6 0
    endloop
  endfacet
  facet normal 1 -0 0
    outer loop
      vertex 38 -62.5385 12.5126
      vertex 38 -6 0
      vertex 38 -62.5 13.1
    endloop
  endfacet
  facet normal 1 -0 0
    outer loop
      vertex 38 -62.6533 11.9353
      vertex 38 -6 0
      vertex 38 -62.5385 12.5126
    endloop
  endfacet
  facet normal 1 -0 0
    outer loop
      vertex 38 -62.8425 11.3779
      vertex 38 -6 0
      vertex 38 -62.6533 11.9353
    endloop
  endfacet
  facet normal 1 -0 0
    outer loop
      vertex 38 -63.1029 10.85
      vertex 38 -6 0
      vertex 38 -62.8425 11.3779
    endloop
  endfacet
  facet normal 1 -0 0
    outer loop
      vertex 38 -63.4299 10.3606
      vertex 38 -6 0
      vertex 38 -63.1029 10.85
    endloop
  endfacet
  facet normal 1 -0 0
    outer loop
      vertex 38 -63.818 9.91802
      vertex 38 -6 0
      vertex 38 -63.4299 10.3606
    endloop
  endfacet
  facet normal 1 -0 0
    outer loop
      vertex 38 -64.2606 9.52991
      vertex 38 -6 0
      vertex 38 -63.818 9.91802
    endloop
  endfacet
  facet normal 1 -0 0
    outer loop
      vertex 38 -64.75 9.20289
      vertex 38 -6 0
      vertex 38 -64.2606 9.52991
    endloop
  endfacet
  facet normal 1 -0 0
    outer loop
      vertex 38 -65.2779 8.94254
      vertex 38 -6 0
      vertex 38 -64.75 9.20289
    endloop
  endfacet
  facet normal 1 0 0
    outer loop
      vertex 38 -78 0
      vertex 38 -65.2779 8.94254
      vertex 38 -65.8353 8.75333
    endloop
  endfacet
  facet normal 1 0 0
    outer loop
      vertex 38 -78 0
      vertex 38 -65.8353 8.75333
      vertex 38 -66.4126 8.6385
    endloop
  endfacet
  facet normal 1 0 0
    outer loop
      vertex 38 -78 0
      vertex 38 -66.4126 8.6385
      vertex 38 -67 8.6
    endloop
  endfacet
  facet normal 1 0 0
    outer loop
      vertex 38 -78 0
      vertex 38 -67 8.6
      vertex 38 -67.5874 8.6385
    endloop
  endfacet
  facet normal 1 0 0
    outer loop
      vertex 38 -71.5 18.7
      vertex 38 -78 0
      vertex 38 -71.5 13.1
    endloop
  endfacet
  facet normal 1 0 0
    outer loop
      vertex 38 -65.2779 8.94254
      vertex 38 -78 0
      vertex 38 -6 0
    endloop
  endfacet
  facet normal 1 0 0
    outer loop
      vertex 38 -68.1647 8.75333
      vertex 38 -78 0
      vertex 38 -67.5874 8.6385
    endloop
  endfacet
  facet normal 1 0 0
    outer loop
      vertex 38 -68.7221 8.94254
      vertex 38 -78 0
      vertex 38 -68.1647 8.75333
    endloop
  endfacet
  facet normal 1 0 0
    outer loop
      vertex 38 -69.25 9.20289
      vertex 38 -78 0
      vertex 38 -68.7221 8.94254
    endloop
  endfacet
  facet normal 1 0 0
    outer loop
      vertex 38 -69.7394 9.52991
      vertex 38 -78 0
      vertex 38 -69.25 9.20289
    endloop
  endfacet
  facet normal 1 0 0
    outer loop
      vertex 38 -70.182 9.91802
      vertex 38 -78 0
      vertex 38 -69.7394 9.52991
    endloop
  endfacet
  facet normal 1 0 0
    outer loop
      vertex 38 -70.5701 10.3606
      vertex 38 -78 0
      vertex 38 -70.182 9.91802
    endloop
  endfacet
  facet normal 1 0 0
    outer loop
      vertex 38 -70.8971 10.85
      vertex 38 -78 0
      vertex 38 -70.5701 10.3606
    endloop
  endfacet
  facet normal 1 0 0
    outer loop
      vertex 38 -71.1575 11.3779
      vertex 38 -78 0
      vertex 38 -70.8971 10.85
    endloop
  endfacet
  facet normal 1 0 0
    outer loop
      vertex 38 -71.3467 11.9353
      vertex 38 -78 0
      vertex 38 -71.1575 11.3779
    endloop
  endfacet
  facet normal 1 0 0
    outer loop
      vertex 38 -71.4615 12.5126
      vertex 38 -78 0
      vertex 38 -71.3467 11.9353
    endloop
  endfacet
  facet normal 1 0 0
    outer loop
      vertex 38 -71.5 13.1
      vertex 38 -78 0
      vertex 38 -71.4615 12.5126
    endloop
  endfacet
  facet normal -0.0653993 0.997859 0
    outer loop
      vertex -32 0 0
      vertex -32.7832 -0.0513306 62
      vertex -32 0 62
    endloop
  endfacet
  facet normal -0.0653993 0.997859 0
    outer loop
      vertex -32.7832 -0.0513306 62
      vertex -32 0 0
      vertex -32.7832 -0.0513306 0
    endloop
  endfacet
  facet normal 0.980788 0.195075 0
    outer loop
      vertex 37.9487 -5.21684 62
      vertex 37.7956 -4.44709 0
      vertex 37.7956 -4.44709 62
    endloop
  endfacet
  facet normal 0.980788 0.195075 0
    outer loop
      vertex 37.7956 -4.44709 0
      vertex 37.9487 -5.21684 62
      vertex 37.9487 -5.21684 0
    endloop
  endfacet
  facet normal 0 1 0
    outer loop
      vertex 32 0 62
      vertex 0 0 57.7
      vertex -32 0 62
    endloop
  endfacet
  facet normal 0 1 0
    outer loop
      vertex 32 0 62
      vertex 0.221894 0 57.6855
      vertex 0 0 57.7
    endloop
  endfacet
  facet normal 0 1 0
    outer loop
      vertex 32 0 62
      vertex 0.439992 0 57.6421
      vertex 0.221894 0 57.6855
    endloop
  endfacet
  facet normal 0 1 0
    outer loop
      vertex 32 0 62
      vertex 0.650561 0 57.5706
      vertex 0.439992 0 57.6421
    endloop
  endfacet
  facet normal 0 1 0
    outer loop
      vertex 32 0 62
      vertex 0.849999 0 57.4722
      vertex 0.650561 0 57.5706
    endloop
  endfacet
  facet normal 0 1 0
    outer loop
      vertex 32 0 62
      vertex 1.03489 0 57.3487
      vertex 0.849999 0 57.4722
    endloop
  endfacet
  facet normal 0 1 0
    outer loop
      vertex 32 0 62
      vertex 1.20208 0 57.2021
      vertex 1.03489 0 57.3487
    endloop
  endfacet
  facet normal 0 1 0
    outer loop
      vertex 32 0 62
      vertex 1.3487 0 57.0349
      vertex 1.20208 0 57.2021
    endloop
  endfacet
  facet normal 0 1 0
    outer loop
      vertex 32 0 62
      vertex 1.47224 0 56.85
      vertex 1.3487 0 57.0349
    endloop
  endfacet
  facet normal 0 1 0
    outer loop
      vertex 32 0 62
      vertex 1.57059 0 56.6506
      vertex 1.47224 0 56.85
    endloop
  endfacet
  facet normal 0 1 0
    outer loop
      vertex 32 0 62
      vertex 1.64207 0 56.44
      vertex 1.57059 0 56.6506
    endloop
  endfacet
  facet normal 0 1 0
    outer loop
      vertex 32 0 62
      vertex 1.68546 0 56.2219
      vertex 1.64207 0 56.44
    endloop
  endfacet
  facet normal 0 1 0
    outer loop
      vertex 32 0 62
      vertex 1.7 0 56
      vertex 1.68546 0 56.2219
    endloop
  endfacet
  facet normal 0 1 -0
    outer loop
      vertex 4.33013 0 46.5
      vertex 1.7 0 56
      vertex 32 0 62
    endloop
  endfacet
  facet normal 0 1 0
    outer loop
      vertex 1.7 0 56
      vertex 4.33013 0 46.5
      vertex 1.68546 0 55.7781
    endloop
  endfacet
  facet normal -0 1 -0
    outer loop
      vertex 3.96677 0 47.0438
      vertex 1.68546 0 55.7781
      vertex 4.33013 0 46.5
    endloop
  endfacet
  facet normal 0 1 0
    outer loop
      vertex 1.68546 0 55.7781
      vertex 3.96677 0 47.0438
      vertex 1.64207 0 55.56
    endloop
  endfacet
  facet normal 0 1 0
    outer loop
      vertex 1.64207 0 55.56
      vertex 3.53553 0 47.5355
      vertex 1.57059 0 55.3494
    endloop
  endfacet
  facet normal -0 1 -0
    outer loop
      vertex 3.04381 0 47.9668
      vertex 1.57059 0 55.3494
      vertex 3.53553 0 47.5355
    endloop
  endfacet
  facet normal 0 1 0
    outer loop
      vertex 1.57059 0 55.3494
      vertex 3.04381 0 47.9668
      vertex 1.47224 0 55.15
    endloop
  endfacet
  facet normal 0 1 0
    outer loop
      vertex 1.47224 0 55.15
      vertex 3.04381 0 47.9668
      vertex 1.3487 0 54.9651
    endloop
  endfacet
  facet normal -0 1 -0
    outer loop
      vertex 2.5 0 48.3301
      vertex 1.3487 0 54.9651
      vertex 3.04381 0 47.9668
    endloop
  endfacet
  facet normal 0 1 0
    outer loop
      vertex 1.3487 0 54.9651
      vertex 2.5 0 48.3301
      vertex 1.20208 0 54.7979
    endloop
  endfacet
  facet normal 0 1 0
    outer loop
      vertex 0.221894 0 54.3145
      vertex 0 0 49
      vertex 0 0 54.3
    endloop
  endfacet
  facet normal 0 1 0
    outer loop
      vertex 0.652631 0 48.9572
      vertex 0.221894 0 54.3145
      vertex 0.439992 0 54.3579
    endloop
  endfacet
  facet normal -0 1 -0
    outer loop
      vertex 1.91342 0 48.6194
      vertex 1.20208 0 54.7979
      vertex 2.5 0 48.3301
    endloop
  endfacet
  facet normal 0 1 0
    outer loop
      vertex 0.221894 0 54.3145
      vertex 0.652631 0 48.9572
      vertex 0 0 49
    endloop
  endfacet
  facet normal 0 1 0
    outer loop
      vertex 0.650561 0 54.4294
      vertex 0.652631 0 48.9572
      vertex 0.439992 0 54.3579
    endloop
  endfacet
  facet normal -0 1 -0
    outer loop
      vertex 0.652631 0 48.9572
      vertex 0.650561 0 54.4294
      vertex 1.2941 0 48.8296
    endloop
  endfacet
  facet normal 0 1 0
    outer loop
      vertex 0.849999 0 54.5278
      vertex 1.2941 0 48.8296
      vertex 0.650561 0 54.4294
    endloop
  endfacet
  facet normal -0 1 -0
    outer loop
      vertex 1.2941 0 48.8296
      vertex 0.849999 0 54.5278
      vertex 1.91342 0 48.6194
    endloop
  endfacet
  facet normal 0 1 0
    outer loop
      vertex 1.03489 0 54.6513
      vertex 1.91342 0 48.6194
      vertex 0.849999 0 54.5278
    endloop
  endfacet
  facet normal 0 1 0
    outer loop
      vertex 1.20208 0 54.7979
      vertex 1.91342 0 48.6194
      vertex 1.03489 0 54.6513
    endloop
  endfacet
  facet normal -0 1 -0
    outer loop
      vertex 3.53553 0 47.5355
      vertex 1.64207 0 55.56
      vertex 3.96677 0 47.0438
    endloop
  endfacet
  facet normal 0 1 0
    outer loop
      vertex 32 0 62
      vertex 4.6194 0 45.9134
      vertex 4.33013 0 46.5
    endloop
  endfacet
  facet normal 0 1 0
    outer loop
      vertex 32 0 62
      vertex 4.82963 0 45.2941
      vertex 4.6194 0 45.9134
    endloop
  endfacet
  facet normal 0 1 0
    outer loop
      vertex 32 0 62
      vertex 4.95722 0 44.6526
      vertex 4.82963 0 45.2941
    endloop
  endfacet
  facet normal 0 1 0
    outer loop
      vertex 32 0 62
      vertex 5 0 44
      vertex 4.95722 0 44.6526
    endloop
  endfacet
  facet normal 0 1 0
    outer loop
      vertex 32 0 62
      vertex 4.95722 0 43.3474
      vertex 5 0 44
    endloop
  endfacet
  facet normal 0 1 0
    outer loop
      vertex 32 0 62
      vertex 4.82963 0 42.7059
      vertex 4.95722 0 43.3474
    endloop
  endfacet
  facet normal 0 1 0
    outer loop
      vertex 32 0 62
      vertex 4.6194 0 42.0866
      vertex 4.82963 0 42.7059
    endloop
  endfacet
  facet normal 0 1 -0
    outer loop
      vertex 32 0 0
      vertex 4.6194 0 42.0866
      vertex 32 0 62
    endloop
  endfacet
  facet normal 0 1 0
    outer loop
      vertex 4.6194 0 42.0866
      vertex 32 0 0
      vertex 4.33013 0 41.5
    endloop
  endfacet
  facet normal -0 1 0
    outer loop
      vertex 1.68546 0 31.7781
      vertex 4.33013 0 41.5
      vertex 32 0 0
    endloop
  endfacet
  facet normal -0 1 0
    outer loop
      vertex 1.7 0 32
      vertex 4.33013 0 41.5
      vertex 1.68546 0 31.7781
    endloop
  endfacet
  facet normal 0 1 -0
    outer loop
      vertex 0.221894 0 33.6855
      vertex 0 0 39
      vertex 0.652631 0 39.0428
    endloop
  endfacet
  facet normal 0 1 0
    outer loop
      vertex 0.650561 0 33.5706
      vertex 0.652631 0 39.0428
      vertex 1.2941 0 39.1704
    endloop
  endfacet
  facet normal 0 1 0
    outer loop
      vertex 0.849999 0 33.4722
      vertex 1.2941 0 39.1704
      vertex 1.91342 0 39.3806
    endloop
  endfacet
  facet normal 0 1 0
    outer loop
      vertex 1.20208 0 33.2021
      vertex 1.91342 0 39.3806
      vertex 2.5 0 39.6699
    endloop
  endfacet
  facet normal 0 1 0
    outer loop
      vertex 1.3487 0 33.0349
      vertex 2.5 0 39.6699
      vertex 3.04381 0 40.0332
    endloop
  endfacet
  facet normal -0 1 0
    outer loop
      vertex 1.64207 0 32.44
      vertex 3.96677 0 40.9562
      vertex 1.68546 0 32.2219
    endloop
  endfacet
  facet normal 0 1 0
    outer loop
      vertex 0 0 39
      vertex 0.221894 0 33.6855
      vertex 0 0 33.7
    endloop
  endfacet
  facet normal 0 1 0
    outer loop
      vertex 0.652631 0 39.0428
      vertex 0.439992 0 33.6421
      vertex 0.221894 0 33.6855
    endloop
  endfacet
  facet normal 0 1 0
    outer loop
      vertex 0.652631 0 39.0428
      vertex 0.650561 0 33.5706
      vertex 0.439992 0 33.6421
    endloop
  endfacet
  facet normal 0 1 0
    outer loop
      vertex 1.2941 0 39.1704
      vertex 0.849999 0 33.4722
      vertex 0.650561 0 33.5706
    endloop
  endfacet
  facet normal 0 1 0
    outer loop
      vertex 1.91342 0 39.3806
      vertex 1.03489 0 33.3487
      vertex 0.849999 0 33.4722
    endloop
  endfacet
  facet normal 0 1 0
    outer loop
      vertex 1.91342 0 39.3806
      vertex 1.20208 0 33.2021
      vertex 1.03489 0 33.3487
    endloop
  endfacet
  facet normal 0 1 0
    outer loop
      vertex 2.5 0 39.6699
      vertex 1.3487 0 33.0349
      vertex 1.20208 0 33.2021
    endloop
  endfacet
  facet normal 0 1 0
    outer loop
      vertex 3.04381 0 40.0332
      vertex 1.47224 0 32.85
      vertex 1.3487 0 33.0349
    endloop
  endfacet
  facet normal 0 1 0
    outer loop
      vertex 3.04381 0 40.0332
      vertex 1.57059 0 32.6506
      vertex 1.47224 0 32.85
    endloop
  endfacet
  facet normal 0 1 0
    outer loop
      vertex 3.53553 0 40.4645
      vertex 1.57059 0 32.6506
      vertex 3.04381 0 40.0332
    endloop
  endfacet
  facet normal -0 1 0
    outer loop
      vertex 1.57059 0 32.6506
      vertex 3.53553 0 40.4645
      vertex 1.64207 0 32.44
    endloop
  endfacet
  facet normal 0 1 0
    outer loop
      vertex 3.96677 0 40.9562
      vertex 1.64207 0 32.44
      vertex 3.53553 0 40.4645
    endloop
  endfacet
  facet normal -0 1 0
    outer loop
      vertex 1.68546 0 32.2219
      vertex 3.96677 0 40.9562
      vertex 1.7 0 32
    endloop
  endfacet
  facet normal 0 1 0
    outer loop
      vertex 4.33013 0 41.5
      vertex 1.7 0 32
      vertex 3.96677 0 40.9562
    endloop
  endfacet
  facet normal 0 1 0
    outer loop
      vertex 1.68546 0 31.7781
      vertex 32 0 0
      vertex 1.64207 0 31.56
    endloop
  endfacet
  facet normal 0 1 0
    outer loop
      vertex 1.64207 0 31.56
      vertex 32 0 0
      vertex 1.57059 0 31.3494
    endloop
  endfacet
  facet normal 0 1 0
    outer loop
      vertex 1.57059 0 31.3494
      vertex 32 0 0
      vertex 1.47224 0 31.15
    endloop
  endfacet
  facet normal 0 1 0
    outer loop
      vertex 1.47224 0 31.15
      vertex 32 0 0
      vertex 1.3487 0 30.9651
    endloop
  endfacet
  facet normal 0 1 0
    outer loop
      vertex 0.221894 0 30.3145
      vertex 32 0 0
      vertex 0 0 30.3
    endloop
  endfacet
  facet normal 0 1 0
    outer loop
      vertex 0.439992 0 30.3579
      vertex 32 0 0
      vertex 0.221894 0 30.3145
    endloop
  endfacet
  facet normal 0 1 0
    outer loop
      vertex 0.650561 0 30.4294
      vertex 32 0 0
      vertex 0.439992 0 30.3579
    endloop
  endfacet
  facet normal 0 1 0
    outer loop
      vertex 0.849999 0 30.5278
      vertex 32 0 0
      vertex 0.650561 0 30.4294
    endloop
  endfacet
  facet normal 0 1 0
    outer loop
      vertex 1.03489 0 30.6513
      vertex 32 0 0
      vertex 0.849999 0 30.5278
    endloop
  endfacet
  facet normal 0 1 0
    outer loop
      vertex 1.20208 0 30.7979
      vertex 32 0 0
      vertex 1.03489 0 30.6513
    endloop
  endfacet
  facet normal 0 1 0
    outer loop
      vertex 1.3487 0 30.9651
      vertex 32 0 0
      vertex 1.20208 0 30.7979
    endloop
  endfacet
  facet normal 0 1 -0
    outer loop
      vertex -0.221894 0 57.6855
      vertex -32 0 62
      vertex 0 0 57.7
    endloop
  endfacet
  facet normal 0 1 -0
    outer loop
      vertex -0.439992 0 57.6421
      vertex -32 0 62
      vertex -0.221894 0 57.6855
    endloop
  endfacet
  facet normal 0 1 -0
    outer loop
      vertex -0.650561 0 57.5706
      vertex -32 0 62
      vertex -0.439992 0 57.6421
    endloop
  endfacet
  facet normal 0 1 -0
    outer loop
      vertex -0.849999 0 57.4722
      vertex -32 0 62
      vertex -0.650561 0 57.5706
    endloop
  endfacet
  facet normal 0 1 -0
    outer loop
      vertex -1.03489 0 57.3487
      vertex -32 0 62
      vertex -0.849999 0 57.4722
    endloop
  endfacet
  facet normal 0 1 -0
    outer loop
      vertex -1.20208 0 57.2021
      vertex -32 0 62
      vertex -1.03489 0 57.3487
    endloop
  endfacet
  facet normal 0 1 -0
    outer loop
      vertex -1.3487 0 57.0349
      vertex -32 0 62
      vertex -1.20208 0 57.2021
    endloop
  endfacet
  facet normal 0 1 -0
    outer loop
      vertex -1.47224 0 56.85
      vertex -32 0 62
      vertex -1.3487 0 57.0349
    endloop
  endfacet
  facet normal 0 1 -0
    outer loop
      vertex -1.57059 0 56.6506
      vertex -32 0 62
      vertex -1.47224 0 56.85
    endloop
  endfacet
  facet normal 0 1 -0
    outer loop
      vertex -1.64207 0 56.44
      vertex -32 0 62
      vertex -1.57059 0 56.6506
    endloop
  endfacet
  facet normal 0 1 -0
    outer loop
      vertex -1.68546 0 56.2219
      vertex -32 0 62
      vertex -1.64207 0 56.44
    endloop
  endfacet
  facet normal 0 1 -0
    outer loop
      vertex -1.7 0 56
      vertex -32 0 62
      vertex -1.68546 0 56.2219
    endloop
  endfacet
  facet normal 0 1 0
    outer loop
      vertex -4.33013 0 46.5
      vertex -1.7 0 56
      vertex -1.68546 0 55.7781
    endloop
  endfacet
  facet normal 0 1 0
    outer loop
      vertex -3.96677 0 47.0438
      vertex -1.68546 0 55.7781
      vertex -1.64207 0 55.56
    endloop
  endfacet
  facet normal 0 1 0
    outer loop
      vertex -3.53553 0 47.5355
      vertex -1.64207 0 55.56
      vertex -1.57059 0 55.3494
    endloop
  endfacet
  facet normal 0 1 0
    outer loop
      vertex -3.04381 0 47.9668
      vertex -1.57059 0 55.3494
      vertex -1.47224 0 55.15
    endloop
  endfacet
  facet normal 0 1 0
    outer loop
      vertex -3.04381 0 47.9668
      vertex -1.47224 0 55.15
      vertex -1.3487 0 54.9651
    endloop
  endfacet
  facet normal 0 1 0
    outer loop
      vertex -2.5 0 48.3301
      vertex -1.3487 0 54.9651
      vertex -1.20208 0 54.7979
    endloop
  endfacet
  facet normal 0 1 0
    outer loop
      vertex -1.91342 0 48.6194
      vertex -1.20208 0 54.7979
      vertex -1.03489 0 54.6513
    endloop
  endfacet
  facet normal 0 1 0
    outer loop
      vertex -1.91342 0 48.6194
      vertex -1.03489 0 54.6513
      vertex -0.849999 0 54.5278
    endloop
  endfacet
  facet normal 0 1 0
    outer loop
      vertex -1.2941 0 48.8296
      vertex -0.849999 0 54.5278
      vertex -0.650561 0 54.4294
    endloop
  endfacet
  facet normal 0 1 0
    outer loop
      vertex -0.652631 0 48.9572
      vertex -0.650561 0 54.4294
      vertex -0.439992 0 54.3579
    endloop
  endfacet
  facet normal 0 1 -0
    outer loop
      vertex 0 0 49
      vertex -0.221894 0 54.3145
      vertex 0 0 54.3
    endloop
  endfacet
  facet normal 0 1 0
    outer loop
      vertex -0.652631 0 48.9572
      vertex -0.221894 0 54.3145
      vertex 0 0 49
    endloop
  endfacet
  facet normal 0 1 0
    outer loop
      vertex -0.221894 0 54.3145
      vertex -0.652631 0 48.9572
      vertex -0.439992 0 54.3579
    endloop
  endfacet
  facet normal 0 1 0
    outer loop
      vertex -0.650561 0 54.4294
      vertex -0.652631 0 48.9572
      vertex -1.2941 0 48.8296
    endloop
  endfacet
  facet normal 0 1 0
    outer loop
      vertex -0.849999 0 54.5278
      vertex -1.2941 0 48.8296
      vertex -1.91342 0 48.6194
    endloop
  endfacet
  facet normal 0 1 0
    outer loop
      vertex -1.20208 0 54.7979
      vertex -1.91342 0 48.6194
      vertex -2.5 0 48.3301
    endloop
  endfacet
  facet normal 0 1 0
    outer loop
      vertex -1.3487 0 54.9651
      vertex -2.5 0 48.3301
      vertex -3.04381 0 47.9668
    endloop
  endfacet
  facet normal 0 1 0
    outer loop
      vertex -1.57059 0 55.3494
      vertex -3.04381 0 47.9668
      vertex -3.53553 0 47.5355
    endloop
  endfacet
  facet normal 0 1 0
    outer loop
      vertex -1.64207 0 55.56
      vertex -3.53553 0 47.5355
      vertex -3.96677 0 47.0438
    endloop
  endfacet
  facet normal 0 1 0
    outer loop
      vertex -1.68546 0 55.7781
      vertex -3.96677 0 47.0438
      vertex -4.33013 0 46.5
    endloop
  endfacet
  facet normal 0 1 0
    outer loop
      vertex -1.7 0 56
      vertex -4.33013 0 46.5
      vertex -32 0 62
    endloop
  endfacet
  facet normal 0 1 -0
    outer loop
      vertex -4.6194 0 45.9134
      vertex -32 0 62
      vertex -4.33013 0 46.5
    endloop
  endfacet
  facet normal 0 1 -0
    outer loop
      vertex -4.82963 0 45.2941
      vertex -32 0 62
      vertex -4.6194 0 45.9134
    endloop
  endfacet
  facet normal 0 1 -0
    outer loop
      vertex -4.95722 0 44.6526
      vertex -32 0 62
      vertex -4.82963 0 45.2941
    endloop
  endfacet
  facet normal 0 1 -0
    outer loop
      vertex -5 0 44
      vertex -32 0 62
      vertex -4.95722 0 44.6526
    endloop
  endfacet
  facet normal 0 1 0
    outer loop
      vertex -4.95722 0 43.3474
      vertex -32 0 62
      vertex -5 0 44
    endloop
  endfacet
  facet normal 0 1 0
    outer loop
      vertex -4.82963 0 42.7059
      vertex -32 0 62
      vertex -4.95722 0 43.3474
    endloop
  endfacet
  facet normal 0 1 0
    outer loop
      vertex -4.6194 0 42.0866
      vertex -32 0 62
      vertex -4.82963 0 42.7059
    endloop
  endfacet
  facet normal 0 1 0
    outer loop
      vertex -32 0 0
      vertex -4.6194 0 42.0866
      vertex -4.33013 0 41.5
    endloop
  endfacet
  facet normal 0 1 0
    outer loop
      vertex -1.7 0 32
      vertex -4.33013 0 41.5
      vertex -3.96677 0 40.9562
    endloop
  endfacet
  facet normal 0 1 0
    outer loop
      vertex -1.64207 0 32.44
      vertex -3.96677 0 40.9562
      vertex -3.53553 0 40.4645
    endloop
  endfacet
  facet normal 0 1 0
    outer loop
      vertex -1.57059 0 32.6506
      vertex -3.53553 0 40.4645
      vertex -3.04381 0 40.0332
    endloop
  endfacet
  facet normal 0 1 0
    outer loop
      vertex -0.221894 0 33.6855
      vertex 0 0 39
      vertex 0 0 33.7
    endloop
  endfacet
  facet normal 0 1 0
    outer loop
      vertex 0 0 39
      vertex -0.221894 0 33.6855
      vertex -0.652631 0 39.0428
    endloop
  endfacet
  facet normal 0 1 -0
    outer loop
      vertex -0.439992 0 33.6421
      vertex -0.652631 0 39.0428
      vertex -0.221894 0 33.6855
    endloop
  endfacet
  facet normal 0 1 -0
    outer loop
      vertex -0.650561 0 33.5706
      vertex -0.652631 0 39.0428
      vertex -0.439992 0 33.6421
    endloop
  endfacet
  facet normal 0 1 0
    outer loop
      vertex -0.652631 0 39.0428
      vertex -0.650561 0 33.5706
      vertex -1.2941 0 39.1704
    endloop
  endfacet
  facet normal 0 1 -0
    outer loop
      vertex -0.849999 0 33.4722
      vertex -1.2941 0 39.1704
      vertex -0.650561 0 33.5706
    endloop
  endfacet
  facet normal 0 1 0
    outer loop
      vertex -1.2941 0 39.1704
      vertex -0.849999 0 33.4722
      vertex -1.91342 0 39.3806
    endloop
  endfacet
  facet normal 0 1 -0
    outer loop
      vertex -1.03489 0 33.3487
      vertex -1.91342 0 39.3806
      vertex -0.849999 0 33.4722
    endloop
  endfacet
  facet normal 0 1 -0
    outer loop
      vertex -1.20208 0 33.2021
      vertex -1.91342 0 39.3806
      vertex -1.03489 0 33.3487
    endloop
  endfacet
  facet normal 0 1 0
    outer loop
      vertex -1.91342 0 39.3806
      vertex -1.20208 0 33.2021
      vertex -2.5 0 39.6699
    endloop
  endfacet
  facet normal 0 1 -0
    outer loop
      vertex -1.3487 0 33.0349
      vertex -2.5 0 39.6699
      vertex -1.20208 0 33.2021
    endloop
  endfacet
  facet normal 0 1 0
    outer loop
      vertex -2.5 0 39.6699
      vertex -1.3487 0 33.0349
      vertex -3.04381 0 40.0332
    endloop
  endfacet
  facet normal 0 1 -0
    outer loop
      vertex -1.47224 0 32.85
      vertex -3.04381 0 40.0332
      vertex -1.3487 0 33.0349
    endloop
  endfacet
  facet normal 0 1 -0
    outer loop
      vertex -1.57059 0 32.6506
      vertex -3.04381 0 40.0332
      vertex -1.47224 0 32.85
    endloop
  endfacet
  facet normal 0 1 0
    outer loop
      vertex -3.53553 0 40.4645
      vertex -1.57059 0 32.6506
      vertex -1.64207 0 32.44
    endloop
  endfacet
  facet normal 0 1 0
    outer loop
      vertex -3.96677 0 40.9562
      vertex -1.64207 0 32.44
      vertex -1.68546 0 32.2219
    endloop
  endfacet
  facet normal 0 1 0
    outer loop
      vertex -3.96677 0 40.9562
      vertex -1.68546 0 32.2219
      vertex -1.7 0 32
    endloop
  endfacet
  facet normal 0 1 0
    outer loop
      vertex -4.33013 0 41.5
      vertex -1.7 0 32
      vertex -1.68546 0 31.7781
    endloop
  endfacet
  facet normal 0 1 0
    outer loop
      vertex -4.33013 0 41.5
      vertex -1.68546 0 31.7781
      vertex -32 0 0
    endloop
  endfacet
  facet normal 0 1 0
    outer loop
      vertex -32 0 0
      vertex -1.68546 0 31.7781
      vertex -1.64207 0 31.56
    endloop
  endfacet
  facet normal 0 1 0
    outer loop
      vertex -32 0 0
      vertex -1.64207 0 31.56
      vertex -1.57059 0 31.3494
    endloop
  endfacet
  facet normal 0 1 0
    outer loop
      vertex -32 0 0
      vertex -1.57059 0 31.3494
      vertex -1.47224 0 31.15
    endloop
  endfacet
  facet normal 0 1 0
    outer loop
      vertex -32 0 0
      vertex -1.47224 0 31.15
      vertex -1.3487 0 30.9651
    endloop
  endfacet
  facet normal 0 1 0
    outer loop
      vertex -32 0 0
      vertex -1.3487 0 30.9651
      vertex -1.20208 0 30.7979
    endloop
  endfacet
  facet normal 0 1 0
    outer loop
      vertex -32 0 0
      vertex 0 0 30.3
      vertex 32 0 0
    endloop
  endfacet
  facet normal 0 1 0
    outer loop
      vertex 0 0 30.3
      vertex -32 0 0
      vertex -0.221894 0 30.3145
    endloop
  endfacet
  facet normal 0 1 0
    outer loop
      vertex -0.221894 0 30.3145
      vertex -32 0 0
      vertex -0.439992 0 30.3579
    endloop
  endfacet
  facet normal 0 1 0
    outer loop
      vertex -0.439992 0 30.3579
      vertex -32 0 0
      vertex -0.650561 0 30.4294
    endloop
  endfacet
  facet normal 0 1 0
    outer loop
      vertex -0.650561 0 30.4294
      vertex -32 0 0
      vertex -0.849999 0 30.5278
    endloop
  endfacet
  facet normal 0 1 0
    outer loop
      vertex -0.849999 0 30.5278
      vertex -32 0 0
      vertex -1.03489 0 30.6513
    endloop
  endfacet
  facet normal 0 1 0
    outer loop
      vertex -4.6194 0 42.0866
      vertex -32 0 0
      vertex -32 0 62
    endloop
  endfacet
  facet normal 0 1 0
    outer loop
      vertex -1.03489 0 30.6513
      vertex -32 0 0
      vertex -1.20208 0 30.7979
    endloop
  endfacet
  facet normal 0.751826 0.659362 0
    outer loop
      vertex 36.7601 -2.34743 62
      vertex 36.2426 -1.75736 0
      vertex 36.2426 -1.75736 62
    endloop
  endfacet
  facet normal 0.751826 0.659362 0
    outer loop
      vertex 36.2426 -1.75736 0
      vertex 36.7601 -2.34743 62
      vertex 36.7601 -2.34743 0
    endloop
  endfacet
  facet normal -0.442263 -0.896885 0
    outer loop
      vertex -35 -83.1962 0
      vertex -34.2961 -83.5433 62
      vertex -35 -83.1962 62
    endloop
  endfacet
  facet normal -0.442263 -0.896885 -0
    outer loop
      vertex -34.2961 -83.5433 62
      vertex -35 -83.1962 0
      vertex -34.2961 -83.5433 0
    endloop
  endfacet
  facet normal 0.442289 0.896873 -0
    outer loop
      vertex 35 -0.803847 0
      vertex 34.2961 -0.456722 62
      vertex 35 -0.803847 62
    endloop
  endfacet
  facet normal 0.442289 0.896873 0
    outer loop
      vertex 34.2961 -0.456722 62
      vertex 35 -0.803847 0
      vertex 34.2961 -0.456722 0
    endloop
  endfacet
  facet normal 0.946922 0.321463 0
    outer loop
      vertex 37.7956 -4.44709 62
      vertex 37.5433 -3.7039 0
      vertex 37.5433 -3.7039 62
    endloop
  endfacet
  facet normal 0.946922 0.321463 0
    outer loop
      vertex 37.5433 -3.7039 0
      vertex 37.7956 -4.44709 62
      vertex 37.7956 -4.44709 0
    endloop
  endfacet
  facet normal 0.195104 0.980782 -0
    outer loop
      vertex 33.5529 -0.204445 0
      vertex 32.7832 -0.0513306 62
      vertex 33.5529 -0.204445 62
    endloop
  endfacet
  facet normal 0.195104 0.980782 0
    outer loop
      vertex 32.7832 -0.0513306 62
      vertex 33.5529 -0.204445 0
      vertex 32.7832 -0.0513306 0
    endloop
  endfacet
  facet normal 0.831442 -0.555611 0
    outer loop
      vertex 36.7601 -81.6526 62
      vertex 37.1962 -81 0
      vertex 37.1962 -81 62
    endloop
  endfacet
  facet normal 0.831442 -0.555611 0
    outer loop
      vertex 37.1962 -81 0
      vertex 36.7601 -81.6526 62
      vertex 36.7601 -81.6526 0
    endloop
  endfacet
  facet normal -0.555552 0.831482 0
    outer loop
      vertex -35 -0.803847 0
      vertex -35.6526 -1.23988 62
      vertex -35 -0.803847 62
    endloop
  endfacet
  facet normal -0.555552 0.831482 0
    outer loop
      vertex -35.6526 -1.23988 62
      vertex -35 -0.803847 0
      vertex -35.6526 -1.23988 0
    endloop
  endfacet
  facet normal 0.997862 0.0653638 0
    outer loop
      vertex 38 -6 62
      vertex 37.9487 -5.21684 0
      vertex 37.9487 -5.21684 62
    endloop
  endfacet
  facet normal 0.997862 0.0653638 0
    outer loop
      vertex 37.9487 -5.21684 0
      vertex 38 -6 62
      vertex 38 -6 0
    endloop
  endfacet
  facet normal 0.195087 -0.980786 0
    outer loop
      vertex 32.7832 -83.9487 0
      vertex 33.5529 -83.7956 62
      vertex 32.7832 -83.9487 62
    endloop
  endfacet
  facet normal 0.195087 -0.980786 0
    outer loop
      vertex 33.5529 -83.7956 62
      vertex 32.7832 -83.9487 0
      vertex 33.5529 -83.7956 0
    endloop
  endfacet
  facet normal -0.659406 -0.751787 0
    outer loop
      vertex -36.2426 -82.2426 0
      vertex -35.6526 -82.7601 62
      vertex -36.2426 -82.2426 62
    endloop
  endfacet
  facet normal -0.659406 -0.751787 -0
    outer loop
      vertex -35.6526 -82.7601 62
      vertex -36.2426 -82.2426 0
      vertex -35.6526 -82.7601 0
    endloop
  endfacet
  facet normal 0.896885 -0.442263 0
    outer loop
      vertex 37.1962 -81 62
      vertex 37.5433 -80.2961 0
      vertex 37.5433 -80.2961 62
    endloop
  endfacet
  facet normal 0.896885 -0.442263 0
    outer loop
      vertex 37.5433 -80.2961 0
      vertex 37.1962 -81 62
      vertex 37.1962 -81 0
    endloop
  endfacet
  facet normal 0.0653605 -0.997862 0
    outer loop
      vertex 32 -84 0
      vertex 32.7832 -83.9487 62
      vertex 32 -84 62
    endloop
  endfacet
  facet normal 0.0653605 -0.997862 0
    outer loop
      vertex 32.7832 -83.9487 62
      vertex 32 -84 0
      vertex 32.7832 -83.9487 0
    endloop
  endfacet
  facet normal 0.321433 0.946932 -0
    outer loop
      vertex 34.2961 -0.456722 0
      vertex 33.5529 -0.204445 62
      vertex 34.2961 -0.456722 62
    endloop
  endfacet
  facet normal 0.321433 0.946932 0
    outer loop
      vertex 33.5529 -0.204445 62
      vertex 34.2961 -0.456722 0
      vertex 33.5529 -0.204445 0
    endloop
  endfacet
  facet normal 0.442263 -0.896885 0
    outer loop
      vertex 34.2961 -83.5433 0
      vertex 35 -83.1962 62
      vertex 34.2961 -83.5433 62
    endloop
  endfacet
  facet normal 0.442263 -0.896885 0
    outer loop
      vertex 35 -83.1962 62
      vertex 34.2961 -83.5433 0
      vertex 35 -83.1962 0
    endloop
  endfacet
  facet normal -0.980788 0.195075 0
    outer loop
      vertex -37.9487 -5.21684 0
      vertex -37.7956 -4.44709 62
      vertex -37.7956 -4.44709 0
    endloop
  endfacet
  facet normal -0.980788 0.195075 0
    outer loop
      vertex -37.7956 -4.44709 62
      vertex -37.9487 -5.21684 0
      vertex -37.9487 -5.21684 62
    endloop
  endfacet
  facet normal 0.32146 -0.946923 0
    outer loop
      vertex 33.5529 -83.7956 0
      vertex 34.2961 -83.5433 62
      vertex 33.5529 -83.7956 62
    endloop
  endfacet
  facet normal 0.32146 -0.946923 0
    outer loop
      vertex 34.2961 -83.5433 62
      vertex 33.5529 -83.7956 0
      vertex 34.2961 -83.5433 0
    endloop
  endfacet
  facet normal -0.997862 -0.0653605 0
    outer loop
      vertex -37.9487 -78.7832 0
      vertex -38 -78 62
      vertex -38 -78 0
    endloop
  endfacet
  facet normal -0.997862 -0.0653605 0
    outer loop
      vertex -38 -78 62
      vertex -37.9487 -78.7832 0
      vertex -37.9487 -78.7832 62
    endloop
  endfacet
  facet normal 0.659406 -0.751787 0
    outer loop
      vertex 35.6526 -82.7601 0
      vertex 36.2426 -82.2426 62
      vertex 35.6526 -82.7601 62
    endloop
  endfacet
  facet normal 0.659406 -0.751787 0
    outer loop
      vertex 36.2426 -82.2426 62
      vertex 35.6526 -82.7601 0
      vertex 36.2426 -82.2426 0
    endloop
  endfacet
  facet normal -0.751787 -0.659406 0
    outer loop
      vertex -36.2426 -82.2426 0
      vertex -36.7601 -81.6526 62
      vertex -36.7601 -81.6526 0
    endloop
  endfacet
  facet normal -0.751787 -0.659406 0
    outer loop
      vertex -36.7601 -81.6526 62
      vertex -36.2426 -82.2426 0
      vertex -36.2426 -82.2426 62
    endloop
  endfacet
  facet normal -0.32146 -0.946923 0
    outer loop
      vertex -34.2961 -83.5433 0
      vertex -33.5529 -83.7956 62
      vertex -34.2961 -83.5433 62
    endloop
  endfacet
  facet normal -0.32146 -0.946923 -0
    outer loop
      vertex -33.5529 -83.7956 62
      vertex -34.2961 -83.5433 0
      vertex -33.5529 -83.7956 0
    endloop
  endfacet
  facet normal 0.946923 -0.32146 0
    outer loop
      vertex 37.5433 -80.2961 62
      vertex 37.7956 -79.5529 0
      vertex 37.7956 -79.5529 62
    endloop
  endfacet
  facet normal 0.946923 -0.32146 0
    outer loop
      vertex 37.7956 -79.5529 0
      vertex 37.5433 -80.2961 62
      vertex 37.5433 -80.2961 0
    endloop
  endfacet
  facet normal 0.555552 0.831482 -0
    outer loop
      vertex 35.6526 -1.23988 0
      vertex 35 -0.803847 62
      vertex 35.6526 -1.23988 62
    endloop
  endfacet
  facet normal 0.555552 0.831482 0
    outer loop
      vertex 35 -0.803847 62
      vertex 35.6526 -1.23988 0
      vertex 35 -0.803847 0
    endloop
  endfacet
  facet normal -0.659392 0.751799 0
    outer loop
      vertex -35.6526 -1.23988 0
      vertex -36.2426 -1.75736 62
      vertex -35.6526 -1.23988 62
    endloop
  endfacet
  facet normal -0.659392 0.751799 0
    outer loop
      vertex -36.2426 -1.75736 62
      vertex -35.6526 -1.23988 0
      vertex -36.2426 -1.75736 0
    endloop
  endfacet
  facet normal -0.831442 -0.555611 0
    outer loop
      vertex -36.7601 -81.6526 0
      vertex -37.1962 -81 62
      vertex -37.1962 -81 0
    endloop
  endfacet
  facet normal -0.831442 -0.555611 0
    outer loop
      vertex -37.1962 -81 62
      vertex -36.7601 -81.6526 0
      vertex -36.7601 -81.6526 62
    endloop
  endfacet
  facet normal -0.321433 0.946932 0
    outer loop
      vertex -33.5529 -0.204445 0
      vertex -34.2961 -0.456722 62
      vertex -33.5529 -0.204445 62
    endloop
  endfacet
  facet normal -0.321433 0.946932 0
    outer loop
      vertex -34.2961 -0.456722 62
      vertex -33.5529 -0.204445 0
      vertex -34.2961 -0.456722 0
    endloop
  endfacet
  facet normal 0.83143 0.555629 0
    outer loop
      vertex 37.1962 -3 62
      vertex 36.7601 -2.34743 0
      vertex 36.7601 -2.34743 62
    endloop
  endfacet
  facet normal 0.83143 0.555629 0
    outer loop
      vertex 36.7601 -2.34743 0
      vertex 37.1962 -3 62
      vertex 37.1962 -3 0
    endloop
  endfacet
  facet normal 0 0 1
    outer loop
      vertex -30.7 -78 62
      vertex -27.75 -78 62
      vertex -27.7864 -77.4453 62
    endloop
  endfacet
  facet normal 0 0 1
    outer loop
      vertex -30.7111 -77.8303 62
      vertex -27.7864 -77.4453 62
      vertex -27.8948 -76.9 62
    endloop
  endfacet
  facet normal 0 0 1
    outer loop
      vertex -27.75 -78 62
      vertex -30.7 -78 62
      vertex -27.7864 -78.5547 62
    endloop
  endfacet
  facet normal 0 0 1
    outer loop
      vertex -30.7111 -77.8303 62
      vertex -27.8948 -76.9 62
      vertex -28.0735 -76.3736 62
    endloop
  endfacet
  facet normal -0 0 1
    outer loop
      vertex -30.7111 -78.1697 62
      vertex -27.7864 -78.5547 62
      vertex -30.7 -78 62
    endloop
  endfacet
  facet normal 0 0 1
    outer loop
      vertex -30.7111 -77.8303 62
      vertex -28.0735 -76.3736 62
      vertex -28.3194 -75.875 62
    endloop
  endfacet
  facet normal 0 0 1
    outer loop
      vertex -27.7864 -78.5547 62
      vertex -30.7111 -78.1697 62
      vertex -27.8948 -79.1 62
    endloop
  endfacet
  facet normal 0 0 1
    outer loop
      vertex -30.7111 -77.8303 62
      vertex -28.3194 -75.875 62
      vertex -28.6282 -75.4128 62
    endloop
  endfacet
  facet normal -0 0 1
    outer loop
      vertex -30.7443 -78.3365 62
      vertex -27.8948 -79.1 62
      vertex -30.7111 -78.1697 62
    endloop
  endfacet
  facet normal 0 0 1
    outer loop
      vertex -27.8948 -79.1 62
      vertex -30.7443 -78.3365 62
      vertex -28.0735 -79.6264 62
    endloop
  endfacet
  facet normal 0 0 1
    outer loop
      vertex -30.7111 -77.8303 62
      vertex -28.6282 -75.4128 62
      vertex -28.9948 -74.9948 62
    endloop
  endfacet
  facet normal -0 0 1
    outer loop
      vertex 27.8948 -76.9 62
      vertex 30.7443 -77.6635 62
      vertex 28.0735 -76.3736 62
    endloop
  endfacet
  facet normal 0 0 1
    outer loop
      vertex 30.7 -78 62
      vertex 28.6282 -80.5872 62
      vertex 28.9902 -81 62
    endloop
  endfacet
  facet normal 0 0 1
    outer loop
      vertex 30.7443 -77.6635 62
      vertex 27.8948 -76.9 62
      vertex 30.7111 -77.8303 62
    endloop
  endfacet
  facet normal 0 0 1
    outer loop
      vertex 30.7 -78 62
      vertex 28.3194 -80.125 62
      vertex 28.6282 -80.5872 62
    endloop
  endfacet
  facet normal -0 0 1
    outer loop
      vertex 27.7864 -77.4453 62
      vertex 30.7111 -77.8303 62
      vertex 27.8948 -76.9 62
    endloop
  endfacet
  facet normal 0 0 1
    outer loop
      vertex 30.7 -78 62
      vertex 28.0735 -79.6264 62
      vertex 28.3194 -80.125 62
    endloop
  endfacet
  facet normal 0 0 1
    outer loop
      vertex 30.7111 -77.8303 62
      vertex 27.7864 -77.4453 62
      vertex 30.7 -78 62
    endloop
  endfacet
  facet normal 0 0 1
    outer loop
      vertex 30.7 -78 62
      vertex 27.8948 -79.1 62
      vertex 28.0735 -79.6264 62
    endloop
  endfacet
  facet normal 0 0 1
    outer loop
      vertex 27.75 -78 62
      vertex 30.7 -78 62
      vertex 27.7864 -77.4453 62
    endloop
  endfacet
  facet normal 0 0 1
    outer loop
      vertex 30.7 -78 62
      vertex 27.7864 -78.5547 62
      vertex 27.8948 -79.1 62
    endloop
  endfacet
  facet normal 0 0 1
    outer loop
      vertex 30.7 -78 62
      vertex 27.75 -78 62
      vertex 27.7864 -78.5547 62
    endloop
  endfacet
  facet normal -0 0 1
    outer loop
      vertex 28.0735 -4.3736 62
      vertex 30.799 -5.50251 62
      vertex 28.3194 -3.875 62
    endloop
  endfacet
  facet normal 0 0 1
    outer loop
      vertex 30.7 -6 62
      vertex 29.4128 -9.37175 62
      vertex 29.875 -9.68061 62
    endloop
  endfacet
  facet normal 0 0 1
    outer loop
      vertex 30.799 -5.50251 62
      vertex 28.0735 -4.3736 62
      vertex 30.7443 -5.66354 62
    endloop
  endfacet
  facet normal 0 0 1
    outer loop
      vertex 30.7 -6 62
      vertex 28.9948 -9.0052 62
      vertex 29.4128 -9.37175 62
    endloop
  endfacet
  facet normal -0 0 1
    outer loop
      vertex 27.8948 -4.90002 62
      vertex 30.7443 -5.66354 62
      vertex 28.0735 -4.3736 62
    endloop
  endfacet
  facet normal 0 0 1
    outer loop
      vertex 30.7 -6 62
      vertex 28.6282 -8.58724 62
      vertex 28.9948 -9.0052 62
    endloop
  endfacet
  facet normal 0 0 1
    outer loop
      vertex 30.7443 -5.66354 62
      vertex 27.8948 -4.90002 62
      vertex 30.7111 -5.83032 62
    endloop
  endfacet
  facet normal 0 0 1
    outer loop
      vertex 30.7 -6 62
      vertex 28.3194 -8.125 62
      vertex 28.6282 -8.58724 62
    endloop
  endfacet
  facet normal -0 0 1
    outer loop
      vertex 27.7864 -5.44526 62
      vertex 30.7111 -5.83032 62
      vertex 27.8948 -4.90002 62
    endloop
  endfacet
  facet normal 0 0 1
    outer loop
      vertex 30.7 -6 62
      vertex 28.0735 -7.6264 62
      vertex 28.3194 -8.125 62
    endloop
  endfacet
  facet normal 0 0 1
    outer loop
      vertex 30.7111 -5.83032 62
      vertex 27.7864 -5.44526 62
      vertex 30.7 -6 62
    endloop
  endfacet
  facet normal 0 0 1
    outer loop
      vertex 30.7 -6 62
      vertex 27.8948 -7.09998 62
      vertex 28.0735 -7.6264 62
    endloop
  endfacet
  facet normal 0 0 1
    outer loop
      vertex 27.75 -6 62
      vertex 30.7 -6 62
      vertex 27.7864 -5.44526 62
    endloop
  endfacet
  facet normal 0 0 1
    outer loop
      vertex 30.7 -6 62
      vertex 27.7864 -6.55474 62
      vertex 27.8948 -7.09998 62
    endloop
  endfacet
  facet normal 0 0 1
    outer loop
      vertex 30.7 -6 62
      vertex 27.75 -6 62
      vertex 27.7864 -6.55474 62
    endloop
  endfacet
  facet normal 0 0 1
    outer loop
      vertex -27.7864 -77.4453 62
      vertex -30.7111 -77.8303 62
      vertex -30.7 -78 62
    endloop
  endfacet
  facet normal 0 0 1
    outer loop
      vertex -29.875 -74.3194 62
      vertex -30.7443 -77.6635 62
      vertex -30.7111 -77.8303 62
    endloop
  endfacet
  facet normal 0 0 1
    outer loop
      vertex -29.875 -74.3194 62
      vertex -30.799 -77.5025 62
      vertex -30.7443 -77.6635 62
    endloop
  endfacet
  facet normal 0 0 1
    outer loop
      vertex -29.875 -74.3194 62
      vertex -30.8742 -77.35 62
      vertex -30.799 -77.5025 62
    endloop
  endfacet
  facet normal 0 0 1
    outer loop
      vertex -31.5025 -76.799 62
      vertex -30.3736 -74.0735 62
      vertex -30.9 -73.8948 62
    endloop
  endfacet
  facet normal 0 0 1
    outer loop
      vertex -29.875 -74.3194 62
      vertex -30.9686 -77.2086 62
      vertex -30.8742 -77.35 62
    endloop
  endfacet
  facet normal 0 0 1
    outer loop
      vertex -29.875 -74.3194 62
      vertex -31.0808 -77.0808 62
      vertex -30.9686 -77.2086 62
    endloop
  endfacet
  facet normal 0 0 1
    outer loop
      vertex -29.875 -74.3194 62
      vertex -31.2086 -76.9686 62
      vertex -31.0808 -77.0808 62
    endloop
  endfacet
  facet normal 0 0 1
    outer loop
      vertex -29.875 -74.3194 62
      vertex -31.35 -76.8742 62
      vertex -31.2086 -76.9686 62
    endloop
  endfacet
  facet normal 0 0 1
    outer loop
      vertex -31.6635 -76.7443 62
      vertex -30.9 -73.8948 62
      vertex -31.4453 -73.7864 62
    endloop
  endfacet
  facet normal 0 0 1
    outer loop
      vertex -30.3736 -74.0735 62
      vertex -31.5025 -76.799 62
      vertex -31.35 -76.8742 62
    endloop
  endfacet
  facet normal 0 0 1
    outer loop
      vertex -30.9 -73.8948 62
      vertex -31.6635 -76.7443 62
      vertex -31.5025 -76.799 62
    endloop
  endfacet
  facet normal 0 0 1
    outer loop
      vertex -31.4453 -73.7864 62
      vertex -31.8303 -76.7111 62
      vertex -31.6635 -76.7443 62
    endloop
  endfacet
  facet normal 0 0 1
    outer loop
      vertex -32 -73.75 62
      vertex -31.8303 -76.7111 62
      vertex -31.4453 -73.7864 62
    endloop
  endfacet
  facet normal 0 0 1
    outer loop
      vertex -32 -73.75 62
      vertex -32 -76.7 62
      vertex -31.8303 -76.7111 62
    endloop
  endfacet
  facet normal 0 0 1
    outer loop
      vertex -32 -73.75 62
      vertex -32.1697 -76.7111 62
      vertex -32 -76.7 62
    endloop
  endfacet
  facet normal -0 0 1
    outer loop
      vertex -32.5547 -73.7864 62
      vertex -32.1697 -76.7111 62
      vertex -32 -73.75 62
    endloop
  endfacet
  facet normal 0 0 1
    outer loop
      vertex -32.1697 -76.7111 62
      vertex -32.5547 -73.7864 62
      vertex -32.3365 -76.7443 62
    endloop
  endfacet
  facet normal -0 0 1
    outer loop
      vertex -33.1 -73.8948 62
      vertex -32.3365 -76.7443 62
      vertex -32.5547 -73.7864 62
    endloop
  endfacet
  facet normal 0 0 1
    outer loop
      vertex -32.3365 -76.7443 62
      vertex -33.1 -73.8948 62
      vertex -32.4975 -76.799 62
    endloop
  endfacet
  facet normal -0 0 1
    outer loop
      vertex -33.6264 -74.0735 62
      vertex -32.4975 -76.799 62
      vertex -33.1 -73.8948 62
    endloop
  endfacet
  facet normal 0 0 1
    outer loop
      vertex -32.4975 -76.799 62
      vertex -33.6264 -74.0735 62
      vertex -32.65 -76.8742 62
    endloop
  endfacet
  facet normal -0 0 1
    outer loop
      vertex -34.125 -74.3194 62
      vertex -32.65 -76.8742 62
      vertex -33.6264 -74.0735 62
    endloop
  endfacet
  facet normal 0 0 1
    outer loop
      vertex -32.65 -76.8742 62
      vertex -34.125 -74.3194 62
      vertex -32.7914 -76.9686 62
    endloop
  endfacet
  facet normal -0 0 1
    outer loop
      vertex -34.5872 -74.6283 62
      vertex -32.7914 -76.9686 62
      vertex -34.125 -74.3194 62
    endloop
  endfacet
  facet normal 0 0 1
    outer loop
      vertex -32.7914 -76.9686 62
      vertex -34.5872 -74.6283 62
      vertex -32.9192 -77.0808 62
    endloop
  endfacet
  facet normal -0 0 1
    outer loop
      vertex -35.0052 -74.9948 62
      vertex -32.9192 -77.0808 62
      vertex -34.5872 -74.6283 62
    endloop
  endfacet
  facet normal 0 0 1
    outer loop
      vertex -32.9192 -77.0808 62
      vertex -35.0052 -74.9948 62
      vertex -33.0314 -77.2086 62
    endloop
  endfacet
  facet normal -0 0 1
    outer loop
      vertex -35.3717 -75.4128 62
      vertex -33.0314 -77.2086 62
      vertex -35.0052 -74.9948 62
    endloop
  endfacet
  facet normal -0 0 1
    outer loop
      vertex -35.6 -75.7544 62
      vertex -33.0314 -77.2086 62
      vertex -35.3717 -75.4128 62
    endloop
  endfacet
  facet normal 0 0 1
    outer loop
      vertex -33.0314 -77.2086 62
      vertex -35.6 -75.7544 62
      vertex -33.1258 -77.35 62
    endloop
  endfacet
  facet normal 0 0 1
    outer loop
      vertex -33.1258 -77.35 62
      vertex -35.6 -75.7544 62
      vertex -33.201 -77.5025 62
    endloop
  endfacet
  facet normal 0 0 1
    outer loop
      vertex -38 -78 62
      vertex -33.3 -78 62
      vertex -35.6 -75.7544 62
    endloop
  endfacet
  facet normal 0 0 1
    outer loop
      vertex -33.201 -77.5025 62
      vertex -35.6 -75.7544 62
      vertex -33.2557 -77.6635 62
    endloop
  endfacet
  facet normal 0 0 1
    outer loop
      vertex -33.3 -78 62
      vertex -34.2961 -83.5433 62
      vertex -33.5529 -83.7956 62
    endloop
  endfacet
  facet normal 0 0 1
    outer loop
      vertex -33.2557 -77.6635 62
      vertex -35.6 -75.7544 62
      vertex -33.2889 -77.8303 62
    endloop
  endfacet
  facet normal 0 0 1
    outer loop
      vertex -33.2889 -77.8303 62
      vertex -35.6 -75.7544 62
      vertex -33.3 -78 62
    endloop
  endfacet
  facet normal 0 0 1
    outer loop
      vertex -33.3 -78 62
      vertex -35 -83.1962 62
      vertex -34.2961 -83.5433 62
    endloop
  endfacet
  facet normal 0 0 1
    outer loop
      vertex -33.3 -78 62
      vertex -35.6526 -82.7601 62
      vertex -35 -83.1962 62
    endloop
  endfacet
  facet normal 0 0 1
    outer loop
      vertex -35.6 -8.24564 62
      vertex -38 -6 62
      vertex -35.6 -75.7544 62
    endloop
  endfacet
  facet normal 0 0 1
    outer loop
      vertex -38 -6 62
      vertex -35.6526 -1.23988 62
      vertex -36.2426 -1.75736 62
    endloop
  endfacet
  facet normal 0 0 1
    outer loop
      vertex -38 -78 62
      vertex -35.6 -75.7544 62
      vertex -38 -6 62
    endloop
  endfacet
  facet normal 0 0 1
    outer loop
      vertex -38 -6 62
      vertex -36.2426 -1.75736 62
      vertex -36.7601 -2.34743 62
    endloop
  endfacet
  facet normal 0 0 1
    outer loop
      vertex -33.3 -78 62
      vertex -38 -78 62
      vertex -37.9487 -78.7832 62
    endloop
  endfacet
  facet normal 0 0 1
    outer loop
      vertex -38 -6 62
      vertex -36.7601 -2.34743 62
      vertex -37.1962 -3 62
    endloop
  endfacet
  facet normal 0 0 1
    outer loop
      vertex -33.3 -78 62
      vertex -36.2426 -82.2426 62
      vertex -35.6526 -82.7601 62
    endloop
  endfacet
  facet normal 0 0 1
    outer loop
      vertex -38 -6 62
      vertex -37.1962 -3 62
      vertex -37.5433 -3.7039 62
    endloop
  endfacet
  facet normal 0 0 1
    outer loop
      vertex -33.3 -78 62
      vertex -36.7601 -81.6526 62
      vertex -36.2426 -82.2426 62
    endloop
  endfacet
  facet normal 0 0 1
    outer loop
      vertex -38 -6 62
      vertex -37.5433 -3.7039 62
      vertex -37.7956 -4.44709 62
    endloop
  endfacet
  facet normal 0 0 1
    outer loop
      vertex -33.3 -78 62
      vertex -37.1962 -81 62
      vertex -36.7601 -81.6526 62
    endloop
  endfacet
  facet normal 0 0 1
    outer loop
      vertex -38 -6 62
      vertex -37.7956 -4.44709 62
      vertex -37.9487 -5.21684 62
    endloop
  endfacet
  facet normal 0 0 1
    outer loop
      vertex -33.3 -78 62
      vertex -37.5433 -80.2961 62
      vertex -37.1962 -81 62
    endloop
  endfacet
  facet normal 0 0 1
    outer loop
      vertex -33.3 -78 62
      vertex -37.7956 -79.5529 62
      vertex -37.5433 -80.2961 62
    endloop
  endfacet
  facet normal 0 0 1
    outer loop
      vertex -33.3 -78 62
      vertex -37.9487 -78.7832 62
      vertex -37.7956 -79.5529 62
    endloop
  endfacet
  facet normal 0 0 1
    outer loop
      vertex -30.7 -6 62
      vertex -27.75 -6 62
      vertex -27.7864 -5.44526 62
    endloop
  endfacet
  facet normal 0 0 1
    outer loop
      vertex -30.7111 -5.83032 62
      vertex -27.7864 -5.44526 62
      vertex -27.8948 -4.90002 62
    endloop
  endfacet
  facet normal 0 0 1
    outer loop
      vertex -27.75 -6 62
      vertex -30.7 -6 62
      vertex -27.7864 -6.55474 62
    endloop
  endfacet
  facet normal 0 0 1
    outer loop
      vertex -30.7443 -5.66354 62
      vertex -27.8948 -4.90002 62
      vertex -28.0735 -4.3736 62
    endloop
  endfacet
  facet normal -0 0 1
    outer loop
      vertex -30.7111 -6.16968 62
      vertex -27.7864 -6.55474 62
      vertex -30.7 -6 62
    endloop
  endfacet
  facet normal 0 0 1
    outer loop
      vertex -30.799 -5.50251 62
      vertex -28.0735 -4.3736 62
      vertex -28.3194 -3.875 62
    endloop
  endfacet
  facet normal 0 0 1
    outer loop
      vertex -27.7864 -6.55474 62
      vertex -30.7111 -6.16968 62
      vertex -27.8948 -7.09998 62
    endloop
  endfacet
  facet normal 0 0 1
    outer loop
      vertex -30.8742 -5.35 62
      vertex -28.3194 -3.875 62
      vertex -28.6282 -3.41276 62
    endloop
  endfacet
  facet normal -0 0 1
    outer loop
      vertex -30.7443 -6.33646 62
      vertex -27.8948 -7.09998 62
      vertex -30.7111 -6.16968 62
    endloop
  endfacet
  facet normal 0 0 1
    outer loop
      vertex -30.9686 -5.20861 62
      vertex -28.6282 -3.41276 62
      vertex -28.9948 -2.9948 62
    endloop
  endfacet
  facet normal 0 0 1
    outer loop
      vertex -27.8948 -7.09998 62
      vertex -30.7443 -6.33646 62
      vertex -28.0735 -7.6264 62
    endloop
  endfacet
  facet normal 0 0 1
    outer loop
      vertex -31.0808 -5.08076 62
      vertex -28.9948 -2.9948 62
      vertex -29.4128 -2.62825 62
    endloop
  endfacet
  facet normal -0 0 1
    outer loop
      vertex -30.799 -6.49749 62
      vertex -28.0735 -7.6264 62
      vertex -30.7443 -6.33646 62
    endloop
  endfacet
  facet normal 0 0 1
    outer loop
      vertex -31.2086 -4.96864 62
      vertex -29.4128 -2.62825 62
      vertex -29.7544 -2.4 62
    endloop
  endfacet
  facet normal 0 0 1
    outer loop
      vertex -28.0735 -7.6264 62
      vertex -30.799 -6.49749 62
      vertex -28.3194 -8.125 62
    endloop
  endfacet
  facet normal -0 0 1
    outer loop
      vertex -30.9686 -6.79139 62
      vertex -28.6282 -8.58724 62
      vertex -30.8742 -6.65 62
    endloop
  endfacet
  facet normal 0 0 1
    outer loop
      vertex -28.6282 -8.58724 62
      vertex -30.9686 -6.79139 62
      vertex -28.9948 -9.0052 62
    endloop
  endfacet
  facet normal -0 0 1
    outer loop
      vertex -31.0808 -6.91924 62
      vertex -28.9948 -9.0052 62
      vertex -30.9686 -6.79139 62
    endloop
  endfacet
  facet normal 0 0 1
    outer loop
      vertex -28.9948 -9.0052 62
      vertex -31.0808 -6.91924 62
      vertex -29.4128 -9.37175 62
    endloop
  endfacet
  facet normal -0 0 1
    outer loop
      vertex -31.2086 -7.03136 62
      vertex -29.4128 -9.37175 62
      vertex -31.0808 -6.91924 62
    endloop
  endfacet
  facet normal 0 0 1
    outer loop
      vertex -29.4128 -9.37175 62
      vertex -31.2086 -7.03136 62
      vertex -29.875 -9.68061 62
    endloop
  endfacet
  facet normal -0 0 1
    outer loop
      vertex -31.35 -7.12583 62
      vertex -29.875 -9.68061 62
      vertex -31.2086 -7.03136 62
    endloop
  endfacet
  facet normal 0 0 1
    outer loop
      vertex -29.875 -9.68061 62
      vertex -31.35 -7.12583 62
      vertex -30.3736 -9.92649 62
    endloop
  endfacet
  facet normal -0 0 1
    outer loop
      vertex -31.5025 -7.20104 62
      vertex -30.3736 -9.92649 62
      vertex -31.35 -7.12583 62
    endloop
  endfacet
  facet normal 0 0 1
    outer loop
      vertex -30.3736 -9.92649 62
      vertex -31.5025 -7.20104 62
      vertex -30.9 -10.1052 62
    endloop
  endfacet
  facet normal -0 0 1
    outer loop
      vertex -31.6635 -7.2557 62
      vertex -30.9 -10.1052 62
      vertex -31.5025 -7.20104 62
    endloop
  endfacet
  facet normal 0 0 1
    outer loop
      vertex -30.9 -10.1052 62
      vertex -31.6635 -7.2557 62
      vertex -31.4453 -10.2136 62
    endloop
  endfacet
  facet normal -0 0 1
    outer loop
      vertex -31.8303 -7.28888 62
      vertex -31.4453 -10.2136 62
      vertex -31.6635 -7.2557 62
    endloop
  endfacet
  facet normal -0 0 1
    outer loop
      vertex -32 -7.3 62
      vertex -31.4453 -10.2136 62
      vertex -31.8303 -7.28888 62
    endloop
  endfacet
  facet normal 0 0 1
    outer loop
      vertex -32 -7.3 62
      vertex -32 -10.25 62
      vertex -31.4453 -10.2136 62
    endloop
  endfacet
  facet normal 0 0 1
    outer loop
      vertex -32.1697 -7.28888 62
      vertex -32 -10.25 62
      vertex -32 -7.3 62
    endloop
  endfacet
  facet normal 0 0 1
    outer loop
      vertex -32.5547 -10.2136 62
      vertex -32.1697 -7.28888 62
      vertex -32.3365 -7.2557 62
    endloop
  endfacet
  facet normal 0 0 1
    outer loop
      vertex -33.1 -10.1052 62
      vertex -32.3365 -7.2557 62
      vertex -32.4975 -7.20104 62
    endloop
  endfacet
  facet normal 0 0 1
    outer loop
      vertex -32.1697 -7.28888 62
      vertex -32.5547 -10.2136 62
      vertex -32 -10.25 62
    endloop
  endfacet
  facet normal 0 0 1
    outer loop
      vertex -33.6264 -9.92649 62
      vertex -32.4975 -7.20104 62
      vertex -32.65 -7.12583 62
    endloop
  endfacet
  facet normal 0 0 1
    outer loop
      vertex -34.125 -9.68061 62
      vertex -32.65 -7.12583 62
      vertex -32.7914 -7.03136 62
    endloop
  endfacet
  facet normal 0 0 1
    outer loop
      vertex -34.5872 -9.37175 62
      vertex -32.7914 -7.03136 62
      vertex -32.9192 -6.91924 62
    endloop
  endfacet
  facet normal 0 0 1
    outer loop
      vertex -35.0052 -9.0052 62
      vertex -32.9192 -6.91924 62
      vertex -33.0314 -6.79139 62
    endloop
  endfacet
  facet normal 0 0 1
    outer loop
      vertex -32.3365 -7.2557 62
      vertex -33.1 -10.1052 62
      vertex -32.5547 -10.2136 62
    endloop
  endfacet
  facet normal 0 0 1
    outer loop
      vertex -35.6 -8.24564 62
      vertex -33.0314 -6.79139 62
      vertex -33.1258 -6.65 62
    endloop
  endfacet
  facet normal 0 0 1
    outer loop
      vertex -35.6 -8.24564 62
      vertex -33.1258 -6.65 62
      vertex -33.201 -6.49749 62
    endloop
  endfacet
  facet normal 0 0 1
    outer loop
      vertex -35.6 -8.24564 62
      vertex -33.201 -6.49749 62
      vertex -33.2557 -6.33646 62
    endloop
  endfacet
  facet normal 0 0 1
    outer loop
      vertex -35.6 -8.24564 62
      vertex -33.2557 -6.33646 62
      vertex -33.2889 -6.16968 62
    endloop
  endfacet
  facet normal 0 0 1
    outer loop
      vertex -35.6 -8.24564 62
      vertex -33.2889 -6.16968 62
      vertex -33.3 -6 62
    endloop
  endfacet
  facet normal 0 0 1
    outer loop
      vertex -32.4975 -7.20104 62
      vertex -33.6264 -9.92649 62
      vertex -33.1 -10.1052 62
    endloop
  endfacet
  facet normal 0 0 1
    outer loop
      vertex -38 -6 62
      vertex -33.201 -5.50251 62
      vertex -35.6526 -1.23988 62
    endloop
  endfacet
  facet normal 0 0 1
    outer loop
      vertex -33.0314 -6.79139 62
      vertex -35.6 -8.24564 62
      vertex -35.3717 -8.58724 62
    endloop
  endfacet
  facet normal 0 0 1
    outer loop
      vertex -33.201 -5.50251 62
      vertex -38 -6 62
      vertex -33.2557 -5.66354 62
    endloop
  endfacet
  facet normal 0 0 1
    outer loop
      vertex -32.65 -7.12583 62
      vertex -34.125 -9.68061 62
      vertex -33.6264 -9.92649 62
    endloop
  endfacet
  facet normal 0 0 1
    outer loop
      vertex -38 -6 62
      vertex -33.2889 -5.83032 62
      vertex -33.2557 -5.66354 62
    endloop
  endfacet
  facet normal 0 0 1
    outer loop
      vertex -32.7914 -7.03136 62
      vertex -34.5872 -9.37175 62
      vertex -34.125 -9.68061 62
    endloop
  endfacet
  facet normal 0 0 1
    outer loop
      vertex -32.9192 -6.91924 62
      vertex -35.0052 -9.0052 62
      vertex -34.5872 -9.37175 62
    endloop
  endfacet
  facet normal 0 0 1
    outer loop
      vertex -33.0314 -6.79139 62
      vertex -35.3717 -8.58724 62
      vertex -35.0052 -9.0052 62
    endloop
  endfacet
  facet normal 0 0 1
    outer loop
      vertex -33.3 -6 62
      vertex -38 -6 62
      vertex -35.6 -8.24564 62
    endloop
  endfacet
  facet normal 0 0 1
    outer loop
      vertex -38 -6 62
      vertex -33.3 -6 62
      vertex -33.2889 -5.83032 62
    endloop
  endfacet
  facet normal 0 0 1
    outer loop
      vertex 37.9487 -5.21684 62
      vertex 33.2889 -5.83032 62
      vertex 33.3 -6 62
    endloop
  endfacet
  facet normal 0 0 1
    outer loop
      vertex 34.2961 -0.456722 62
      vertex 33.2557 -5.66354 62
      vertex 33.2889 -5.83032 62
    endloop
  endfacet
  facet normal 0 0 1
    outer loop
      vertex 34.2961 -0.456722 62
      vertex 33.201 -5.50251 62
      vertex 33.2557 -5.66354 62
    endloop
  endfacet
  facet normal 0 0 1
    outer loop
      vertex 34.2961 -0.456722 62
      vertex 33.1258 -5.35 62
      vertex 33.201 -5.50251 62
    endloop
  endfacet
  facet normal 0 0 1
    outer loop
      vertex 34.2961 -0.456722 62
      vertex 33.0314 -5.20861 62
      vertex 33.1258 -5.35 62
    endloop
  endfacet
  facet normal 0 0 1
    outer loop
      vertex 34.2961 -0.456722 62
      vertex 32.9192 -5.08076 62
      vertex 33.0314 -5.20861 62
    endloop
  endfacet
  facet normal 0 0 1
    outer loop
      vertex 34.2961 -0.456722 62
      vertex 32.7914 -4.96864 62
      vertex 32.9192 -5.08076 62
    endloop
  endfacet
  facet normal 0 0 1
    outer loop
      vertex 32.3365 -4.7443 62
      vertex 33.5529 -0.204445 62
      vertex 32.7832 -0.0513306 62
    endloop
  endfacet
  facet normal 0 0 1
    outer loop
      vertex 34.2961 -0.456722 62
      vertex 32.65 -4.87417 62
      vertex 32.7914 -4.96864 62
    endloop
  endfacet
  facet normal 0 0 1
    outer loop
      vertex 34.2961 -0.456722 62
      vertex 32.4975 -4.79896 62
      vertex 32.65 -4.87417 62
    endloop
  endfacet
  facet normal 0 0 1
    outer loop
      vertex 33.5529 -0.204445 62
      vertex 32.3365 -4.7443 62
      vertex 32.4975 -4.79896 62
    endloop
  endfacet
  facet normal 0 0 1
    outer loop
      vertex 32.7832 -0.0513306 62
      vertex 32.1697 -4.71112 62
      vertex 32.3365 -4.7443 62
    endloop
  endfacet
  facet normal 0 0 1
    outer loop
      vertex 32 0 62
      vertex 32.1697 -4.71112 62
      vertex 32.7832 -0.0513306 62
    endloop
  endfacet
  facet normal 0 0 1
    outer loop
      vertex 32 0 62
      vertex 32 -4.7 62
      vertex 32.1697 -4.71112 62
    endloop
  endfacet
  facet normal -0 0 1
    outer loop
      vertex 29.7544 -2.4 62
      vertex 32 -4.7 62
      vertex 32 0 62
    endloop
  endfacet
  facet normal 0 0 1
    outer loop
      vertex 32 -4.7 62
      vertex 29.7544 -2.4 62
      vertex 31.8303 -4.71112 62
    endloop
  endfacet
  facet normal 0 0 1
    outer loop
      vertex 31.8303 -4.71112 62
      vertex 29.7544 -2.4 62
      vertex 31.6635 -4.7443 62
    endloop
  endfacet
  facet normal 0 0 1
    outer loop
      vertex 31.6635 -4.7443 62
      vertex 29.7544 -2.4 62
      vertex 31.5025 -4.79896 62
    endloop
  endfacet
  facet normal 0 0 1
    outer loop
      vertex 31.5025 -4.79896 62
      vertex 29.7544 -2.4 62
      vertex 31.35 -4.87417 62
    endloop
  endfacet
  facet normal 0 0 1
    outer loop
      vertex 31.35 -4.87417 62
      vertex 29.7544 -2.4 62
      vertex 31.2086 -4.96864 62
    endloop
  endfacet
  facet normal -0 0 1
    outer loop
      vertex 29.4128 -2.62825 62
      vertex 31.2086 -4.96864 62
      vertex 29.7544 -2.4 62
    endloop
  endfacet
  facet normal 0 0 1
    outer loop
      vertex 31.2086 -4.96864 62
      vertex 29.4128 -2.62825 62
      vertex 31.0808 -5.08076 62
    endloop
  endfacet
  facet normal -0 0 1
    outer loop
      vertex 28.9948 -2.9948 62
      vertex 31.0808 -5.08076 62
      vertex 29.4128 -2.62825 62
    endloop
  endfacet
  facet normal 0 0 1
    outer loop
      vertex 31.0808 -5.08076 62
      vertex 28.9948 -2.9948 62
      vertex 30.9686 -5.20861 62
    endloop
  endfacet
  facet normal -0 0 1
    outer loop
      vertex 28.3194 -3.875 62
      vertex 30.8742 -5.35 62
      vertex 28.6282 -3.41276 62
    endloop
  endfacet
  facet normal 0 0 1
    outer loop
      vertex 30.7 -6 62
      vertex 29.875 -9.68061 62
      vertex 30.3736 -9.92649 62
    endloop
  endfacet
  facet normal 0 0 1
    outer loop
      vertex 30.9686 -5.20861 62
      vertex 28.6282 -3.41276 62
      vertex 30.8742 -5.35 62
    endloop
  endfacet
  facet normal 0 0 1
    outer loop
      vertex 30.8742 -5.35 62
      vertex 28.3194 -3.875 62
      vertex 30.799 -5.50251 62
    endloop
  endfacet
  facet normal -0 0 1
    outer loop
      vertex 28.6282 -3.41276 62
      vertex 30.9686 -5.20861 62
      vertex 28.9948 -2.9948 62
    endloop
  endfacet
  facet normal 0 0 1
    outer loop
      vertex 32 0 62
      vertex -29.7544 -2.4 62
      vertex 29.7544 -2.4 62
    endloop
  endfacet
  facet normal -0 0 1
    outer loop
      vertex -30.8742 -6.65 62
      vertex -28.3194 -8.125 62
      vertex -30.799 -6.49749 62
    endloop
  endfacet
  facet normal 0 0 1
    outer loop
      vertex -28.3194 -8.125 62
      vertex -30.8742 -6.65 62
      vertex -28.6282 -8.58724 62
    endloop
  endfacet
  facet normal 0 0 1
    outer loop
      vertex -27.7864 -5.44526 62
      vertex -30.7111 -5.83032 62
      vertex -30.7 -6 62
    endloop
  endfacet
  facet normal 0 0 1
    outer loop
      vertex -27.8948 -4.90002 62
      vertex -30.7443 -5.66354 62
      vertex -30.7111 -5.83032 62
    endloop
  endfacet
  facet normal 0 0 1
    outer loop
      vertex -28.0735 -4.3736 62
      vertex -30.799 -5.50251 62
      vertex -30.7443 -5.66354 62
    endloop
  endfacet
  facet normal 0 0 1
    outer loop
      vertex -28.3194 -3.875 62
      vertex -30.8742 -5.35 62
      vertex -30.799 -5.50251 62
    endloop
  endfacet
  facet normal 0 0 1
    outer loop
      vertex -28.6282 -3.41276 62
      vertex -30.9686 -5.20861 62
      vertex -30.8742 -5.35 62
    endloop
  endfacet
  facet normal 0 0 1
    outer loop
      vertex -28.9948 -2.9948 62
      vertex -31.0808 -5.08076 62
      vertex -30.9686 -5.20861 62
    endloop
  endfacet
  facet normal 0 0 1
    outer loop
      vertex -29.4128 -2.62825 62
      vertex -31.2086 -4.96864 62
      vertex -31.0808 -5.08076 62
    endloop
  endfacet
  facet normal 0 0 1
    outer loop
      vertex -29.7544 -2.4 62
      vertex -31.35 -4.87417 62
      vertex -31.2086 -4.96864 62
    endloop
  endfacet
  facet normal 0 0 1
    outer loop
      vertex -29.7544 -2.4 62
      vertex -31.5025 -4.79896 62
      vertex -31.35 -4.87417 62
    endloop
  endfacet
  facet normal 0 0 1
    outer loop
      vertex -29.7544 -2.4 62
      vertex -31.6635 -4.7443 62
      vertex -31.5025 -4.79896 62
    endloop
  endfacet
  facet normal 0 0 1
    outer loop
      vertex -29.7544 -2.4 62
      vertex -31.8303 -4.71112 62
      vertex -31.6635 -4.7443 62
    endloop
  endfacet
  facet normal -0 0 1
    outer loop
      vertex -32 0 62
      vertex -29.7544 -2.4 62
      vertex 32 0 62
    endloop
  endfacet
  facet normal 0 0 1
    outer loop
      vertex -32 -4.7 62
      vertex -29.7544 -2.4 62
      vertex -32 0 62
    endloop
  endfacet
  facet normal 0 0 1
    outer loop
      vertex -29.7544 -2.4 62
      vertex -32 -4.7 62
      vertex -31.8303 -4.71112 62
    endloop
  endfacet
  facet normal 0 0 1
    outer loop
      vertex -32 0 62
      vertex -32.1697 -4.71112 62
      vertex -32 -4.7 62
    endloop
  endfacet
  facet normal -0 0 1
    outer loop
      vertex -32.7832 -0.0513306 62
      vertex -32.1697 -4.71112 62
      vertex -32 0 62
    endloop
  endfacet
  facet normal 0 0 1
    outer loop
      vertex -32.1697 -4.71112 62
      vertex -32.7832 -0.0513306 62
      vertex -32.3365 -4.7443 62
    endloop
  endfacet
  facet normal -0 0 1
    outer loop
      vertex -33.5529 -0.204445 62
      vertex -32.3365 -4.7443 62
      vertex -32.7832 -0.0513306 62
    endloop
  endfacet
  facet normal 0 0 1
    outer loop
      vertex -32.3365 -4.7443 62
      vertex -33.5529 -0.204445 62
      vertex -32.4975 -4.79896 62
    endloop
  endfacet
  facet normal -0 0 1
    outer loop
      vertex -34.2961 -0.456722 62
      vertex -32.4975 -4.79896 62
      vertex -33.5529 -0.204445 62
    endloop
  endfacet
  facet normal 0 0 1
    outer loop
      vertex -32.4975 -4.79896 62
      vertex -34.2961 -0.456722 62
      vertex -32.65 -4.87417 62
    endloop
  endfacet
  facet normal -0 0 1
    outer loop
      vertex -35 -0.803847 62
      vertex -32.65 -4.87417 62
      vertex -34.2961 -0.456722 62
    endloop
  endfacet
  facet normal 0 0 1
    outer loop
      vertex -32.65 -4.87417 62
      vertex -35 -0.803847 62
      vertex -32.7914 -4.96864 62
    endloop
  endfacet
  facet normal -0 0 1
    outer loop
      vertex -35.6526 -1.23988 62
      vertex -32.7914 -4.96864 62
      vertex -35 -0.803847 62
    endloop
  endfacet
  facet normal 0 0 1
    outer loop
      vertex -32.7914 -4.96864 62
      vertex -35.6526 -1.23988 62
      vertex -32.9192 -5.08076 62
    endloop
  endfacet
  facet normal 0 0 1
    outer loop
      vertex -32.9192 -5.08076 62
      vertex -35.6526 -1.23988 62
      vertex -33.0314 -5.20861 62
    endloop
  endfacet
  facet normal 0 0 1
    outer loop
      vertex -33.1258 -5.35 62
      vertex -35.6526 -1.23988 62
      vertex -33.201 -5.50251 62
    endloop
  endfacet
  facet normal 0 0 1
    outer loop
      vertex -33.0314 -5.20861 62
      vertex -35.6526 -1.23988 62
      vertex -33.1258 -5.35 62
    endloop
  endfacet
  facet normal 0 0 1
    outer loop
      vertex 33.3 -6 62
      vertex 38 -6 62
      vertex 37.9487 -5.21684 62
    endloop
  endfacet
  facet normal 0 0 1
    outer loop
      vertex 38 -6 62
      vertex 35.6 -8.24564 62
      vertex 38 -78 62
    endloop
  endfacet
  facet normal 0 0 1
    outer loop
      vertex 33.2889 -5.83032 62
      vertex 37.9487 -5.21684 62
      vertex 37.7956 -4.44709 62
    endloop
  endfacet
  facet normal -0 0 1
    outer loop
      vertex 35.6 -75.7544 62
      vertex 38 -78 62
      vertex 35.6 -8.24564 62
    endloop
  endfacet
  facet normal 0 0 1
    outer loop
      vertex 33.2889 -5.83032 62
      vertex 37.7956 -4.44709 62
      vertex 37.5433 -3.7039 62
    endloop
  endfacet
  facet normal 0 0 1
    outer loop
      vertex 33.3 -78 62
      vertex 38 -78 62
      vertex 35.6 -75.7544 62
    endloop
  endfacet
  facet normal 0 0 1
    outer loop
      vertex 33.2889 -5.83032 62
      vertex 37.5433 -3.7039 62
      vertex 37.1962 -3 62
    endloop
  endfacet
  facet normal 0 0 1
    outer loop
      vertex 38 -78 62
      vertex 33.3 -78 62
      vertex 37.9487 -78.7832 62
    endloop
  endfacet
  facet normal 0 0 1
    outer loop
      vertex 33.2889 -5.83032 62
      vertex 37.1962 -3 62
      vertex 36.7601 -2.34743 62
    endloop
  endfacet
  facet normal -0 0 1
    outer loop
      vertex 33.2889 -78.1697 62
      vertex 37.9487 -78.7832 62
      vertex 33.3 -78 62
    endloop
  endfacet
  facet normal 0 0 1
    outer loop
      vertex 33.2889 -5.83032 62
      vertex 36.7601 -2.34743 62
      vertex 36.2426 -1.75736 62
    endloop
  endfacet
  facet normal -0 0 1
    outer loop
      vertex 33.2557 -78.3365 62
      vertex 37.7956 -79.5529 62
      vertex 33.2889 -78.1697 62
    endloop
  endfacet
  facet normal 0 0 1
    outer loop
      vertex 33.2889 -5.83032 62
      vertex 36.2426 -1.75736 62
      vertex 35.6526 -1.23988 62
    endloop
  endfacet
  facet normal 0 0 1
    outer loop
      vertex 37.7956 -79.5529 62
      vertex 33.2557 -78.3365 62
      vertex 37.5433 -80.2961 62
    endloop
  endfacet
  facet normal -0 0 1
    outer loop
      vertex 33.201 -78.4975 62
      vertex 37.5433 -80.2961 62
      vertex 33.2557 -78.3365 62
    endloop
  endfacet
  facet normal 0 0 1
    outer loop
      vertex 38 -6 62
      vertex 33.3 -6 62
      vertex 35.6 -8.24564 62
    endloop
  endfacet
  facet normal -0 0 1
    outer loop
      vertex 33.2889 -6.16968 62
      vertex 35.6 -8.24564 62
      vertex 33.3 -6 62
    endloop
  endfacet
  facet normal 0 0 1
    outer loop
      vertex 33.2889 -5.83032 62
      vertex 35.6526 -1.23988 62
      vertex 35 -0.803847 62
    endloop
  endfacet
  facet normal -0 0 1
    outer loop
      vertex 33.2557 -6.33646 62
      vertex 35.6 -8.24564 62
      vertex 33.2889 -6.16968 62
    endloop
  endfacet
  facet normal 0 0 1
    outer loop
      vertex 33.2889 -5.83032 62
      vertex 35 -0.803847 62
      vertex 34.2961 -0.456722 62
    endloop
  endfacet
  facet normal -0 0 1
    outer loop
      vertex 33.201 -6.49749 62
      vertex 35.6 -8.24564 62
      vertex 33.2557 -6.33646 62
    endloop
  endfacet
  facet normal -0 0 1
    outer loop
      vertex 33.1258 -6.65 62
      vertex 35.6 -8.24564 62
      vertex 33.201 -6.49749 62
    endloop
  endfacet
  facet normal 0 0 1
    outer loop
      vertex 32.4975 -4.79896 62
      vertex 34.2961 -0.456722 62
      vertex 33.5529 -0.204445 62
    endloop
  endfacet
  facet normal -0 0 1
    outer loop
      vertex 33.0314 -6.79139 62
      vertex 35.6 -8.24564 62
      vertex 33.1258 -6.65 62
    endloop
  endfacet
  facet normal 0 0 1
    outer loop
      vertex 35.6 -8.24564 62
      vertex 33.0314 -6.79139 62
      vertex 35.3717 -8.58724 62
    endloop
  endfacet
  facet normal 0 0 1
    outer loop
      vertex 35.3717 -8.58724 62
      vertex 33.0314 -6.79139 62
      vertex 35.0052 -9.0052 62
    endloop
  endfacet
  facet normal -0 0 1
    outer loop
      vertex 32.9192 -6.91924 62
      vertex 35.0052 -9.0052 62
      vertex 33.0314 -6.79139 62
    endloop
  endfacet
  facet normal 0 0 1
    outer loop
      vertex 35.0052 -9.0052 62
      vertex 32.9192 -6.91924 62
      vertex 34.5872 -9.37175 62
    endloop
  endfacet
  facet normal -0 0 1
    outer loop
      vertex 32.7914 -7.03136 62
      vertex 34.5872 -9.37175 62
      vertex 32.9192 -6.91924 62
    endloop
  endfacet
  facet normal 0 0 1
    outer loop
      vertex 34.5872 -9.37175 62
      vertex 32.7914 -7.03136 62
      vertex 34.125 -9.68061 62
    endloop
  endfacet
  facet normal -0 0 1
    outer loop
      vertex 32.65 -7.12583 62
      vertex 34.125 -9.68061 62
      vertex 32.7914 -7.03136 62
    endloop
  endfacet
  facet normal 0 0 1
    outer loop
      vertex 34.125 -9.68061 62
      vertex 32.65 -7.12583 62
      vertex 33.6264 -9.92649 62
    endloop
  endfacet
  facet normal -0 0 1
    outer loop
      vertex 32.4975 -7.20104 62
      vertex 33.6264 -9.92649 62
      vertex 32.65 -7.12583 62
    endloop
  endfacet
  facet normal 0 0 1
    outer loop
      vertex 33.6264 -9.92649 62
      vertex 32.4975 -7.20104 62
      vertex 33.1 -10.1052 62
    endloop
  endfacet
  facet normal -0 0 1
    outer loop
      vertex 32.3365 -7.2557 62
      vertex 33.1 -10.1052 62
      vertex 32.4975 -7.20104 62
    endloop
  endfacet
  facet normal 0 0 1
    outer loop
      vertex 33.1 -10.1052 62
      vertex 32.3365 -7.2557 62
      vertex 32.5547 -10.2136 62
    endloop
  endfacet
  facet normal -0 0 1
    outer loop
      vertex 32.1697 -7.28888 62
      vertex 32.5547 -10.2136 62
      vertex 32.3365 -7.2557 62
    endloop
  endfacet
  facet normal -0 0 1
    outer loop
      vertex 32 -7.3 62
      vertex 32.5547 -10.2136 62
      vertex 32.1697 -7.28888 62
    endloop
  endfacet
  facet normal 0 0 1
    outer loop
      vertex 32 -7.3 62
      vertex 32 -10.25 62
      vertex 32.5547 -10.2136 62
    endloop
  endfacet
  facet normal 0 0 1
    outer loop
      vertex 31.8303 -7.28888 62
      vertex 32 -10.25 62
      vertex 32 -7.3 62
    endloop
  endfacet
  facet normal 0 0 1
    outer loop
      vertex 31.4453 -10.2136 62
      vertex 31.8303 -7.28888 62
      vertex 31.6635 -7.2557 62
    endloop
  endfacet
  facet normal 0 0 1
    outer loop
      vertex 30.9 -10.1052 62
      vertex 31.6635 -7.2557 62
      vertex 31.5025 -7.20104 62
    endloop
  endfacet
  facet normal 0 0 1
    outer loop
      vertex 31.8303 -7.28888 62
      vertex 31.4453 -10.2136 62
      vertex 32 -10.25 62
    endloop
  endfacet
  facet normal 0 0 1
    outer loop
      vertex 30.3736 -9.92649 62
      vertex 31.5025 -7.20104 62
      vertex 31.35 -7.12583 62
    endloop
  endfacet
  facet normal 0 0 1
    outer loop
      vertex 30.3736 -9.92649 62
      vertex 31.35 -7.12583 62
      vertex 31.2086 -7.03136 62
    endloop
  endfacet
  facet normal 0 0 1
    outer loop
      vertex 30.3736 -9.92649 62
      vertex 31.2086 -7.03136 62
      vertex 31.0808 -6.91924 62
    endloop
  endfacet
  facet normal 0 0 1
    outer loop
      vertex 30.3736 -9.92649 62
      vertex 31.0808 -6.91924 62
      vertex 30.9686 -6.79139 62
    endloop
  endfacet
  facet normal 0 0 1
    outer loop
      vertex 31.6635 -7.2557 62
      vertex 30.9 -10.1052 62
      vertex 31.4453 -10.2136 62
    endloop
  endfacet
  facet normal 0 0 1
    outer loop
      vertex 30.3736 -9.92649 62
      vertex 30.9686 -6.79139 62
      vertex 30.8742 -6.65 62
    endloop
  endfacet
  facet normal 0 0 1
    outer loop
      vertex 30.3736 -9.92649 62
      vertex 30.8742 -6.65 62
      vertex 30.799 -6.49749 62
    endloop
  endfacet
  facet normal 0 0 1
    outer loop
      vertex 30.3736 -9.92649 62
      vertex 30.799 -6.49749 62
      vertex 30.7443 -6.33646 62
    endloop
  endfacet
  facet normal 0 0 1
    outer loop
      vertex 30.3736 -9.92649 62
      vertex 30.7443 -6.33646 62
      vertex 30.7111 -6.16968 62
    endloop
  endfacet
  facet normal 0 0 1
    outer loop
      vertex 30.3736 -9.92649 62
      vertex 30.7111 -6.16968 62
      vertex 30.7 -6 62
    endloop
  endfacet
  facet normal 0 0 1
    outer loop
      vertex 31.5025 -7.20104 62
      vertex 30.3736 -9.92649 62
      vertex 30.9 -10.1052 62
    endloop
  endfacet
  facet normal -0 0 1
    outer loop
      vertex 33.1258 -78.65 62
      vertex 37.1962 -81 62
      vertex 33.201 -78.4975 62
    endloop
  endfacet
  facet normal 0 0 1
    outer loop
      vertex 33.0314 -77.2086 62
      vertex 35.6 -75.7544 62
      vertex 35.3717 -75.4128 62
    endloop
  endfacet
  facet normal 0 0 1
    outer loop
      vertex 33.0314 -77.2086 62
      vertex 35.3717 -75.4128 62
      vertex 35.0052 -74.9948 62
    endloop
  endfacet
  facet normal 0 0 1
    outer loop
      vertex 37.5433 -80.2961 62
      vertex 33.201 -78.4975 62
      vertex 37.1962 -81 62
    endloop
  endfacet
  facet normal 0 0 1
    outer loop
      vertex 32.9192 -77.0808 62
      vertex 35.0052 -74.9948 62
      vertex 34.5872 -74.6283 62
    endloop
  endfacet
  facet normal 0 0 1
    outer loop
      vertex 37.1962 -81 62
      vertex 33.1258 -78.65 62
      vertex 36.7601 -81.6526 62
    endloop
  endfacet
  facet normal 0 0 1
    outer loop
      vertex 32.7914 -76.9686 62
      vertex 34.5872 -74.6283 62
      vertex 34.125 -74.3194 62
    endloop
  endfacet
  facet normal 0 0 1
    outer loop
      vertex 32.65 -76.8742 62
      vertex 34.125 -74.3194 62
      vertex 33.6264 -74.0735 62
    endloop
  endfacet
  facet normal 0 0 1
    outer loop
      vertex 37.9487 -78.7832 62
      vertex 33.2889 -78.1697 62
      vertex 37.7956 -79.5529 62
    endloop
  endfacet
  facet normal -0 0 1
    outer loop
      vertex 33.0314 -78.7914 62
      vertex 36.7601 -81.6526 62
      vertex 33.1258 -78.65 62
    endloop
  endfacet
  facet normal 0 0 1
    outer loop
      vertex 35.6 -75.7544 62
      vertex 33.2889 -77.8303 62
      vertex 33.3 -78 62
    endloop
  endfacet
  facet normal 0 0 1
    outer loop
      vertex 35.6 -75.7544 62
      vertex 33.2557 -77.6635 62
      vertex 33.2889 -77.8303 62
    endloop
  endfacet
  facet normal 0 0 1
    outer loop
      vertex 35.6 -75.7544 62
      vertex 33.201 -77.5025 62
      vertex 33.2557 -77.6635 62
    endloop
  endfacet
  facet normal 0 0 1
    outer loop
      vertex 35.6 -75.7544 62
      vertex 33.1258 -77.35 62
      vertex 33.201 -77.5025 62
    endloop
  endfacet
  facet normal 0 0 1
    outer loop
      vertex 32.4975 -76.799 62
      vertex 33.6264 -74.0735 62
      vertex 33.1 -73.8948 62
    endloop
  endfacet
  facet normal 0 0 1
    outer loop
      vertex 35.6 -75.7544 62
      vertex 33.0314 -77.2086 62
      vertex 33.1258 -77.35 62
    endloop
  endfacet
  facet normal 0 0 1
    outer loop
      vertex 35.0052 -74.9948 62
      vertex 32.9192 -77.0808 62
      vertex 33.0314 -77.2086 62
    endloop
  endfacet
  facet normal 0 0 1
    outer loop
      vertex 34.5872 -74.6283 62
      vertex 32.7914 -76.9686 62
      vertex 32.9192 -77.0808 62
    endloop
  endfacet
  facet normal 0 0 1
    outer loop
      vertex 34.125 -74.3194 62
      vertex 32.65 -76.8742 62
      vertex 32.7914 -76.9686 62
    endloop
  endfacet
  facet normal 0 0 1
    outer loop
      vertex 32.3365 -76.7443 62
      vertex 33.1 -73.8948 62
      vertex 32.5547 -73.7864 62
    endloop
  endfacet
  facet normal 0 0 1
    outer loop
      vertex 33.6264 -74.0735 62
      vertex 32.4975 -76.799 62
      vertex 32.65 -76.8742 62
    endloop
  endfacet
  facet normal 0 0 1
    outer loop
      vertex 33.1 -73.8948 62
      vertex 32.3365 -76.7443 62
      vertex 32.4975 -76.799 62
    endloop
  endfacet
  facet normal 0 0 1
    outer loop
      vertex 32.5547 -73.7864 62
      vertex 32.1697 -76.7111 62
      vertex 32.3365 -76.7443 62
    endloop
  endfacet
  facet normal 0 0 1
    outer loop
      vertex 32 -73.75 62
      vertex 32.1697 -76.7111 62
      vertex 32.5547 -73.7864 62
    endloop
  endfacet
  facet normal 0 0 1
    outer loop
      vertex 32 -73.75 62
      vertex 32 -76.7 62
      vertex 32.1697 -76.7111 62
    endloop
  endfacet
  facet normal 0 0 1
    outer loop
      vertex 32 -73.75 62
      vertex 31.8303 -76.7111 62
      vertex 32 -76.7 62
    endloop
  endfacet
  facet normal -0 0 1
    outer loop
      vertex 31.4453 -73.7864 62
      vertex 31.8303 -76.7111 62
      vertex 32 -73.75 62
    endloop
  endfacet
  facet normal 0 0 1
    outer loop
      vertex 31.8303 -76.7111 62
      vertex 31.4453 -73.7864 62
      vertex 31.6635 -76.7443 62
    endloop
  endfacet
  facet normal -0 0 1
    outer loop
      vertex 30.9 -73.8948 62
      vertex 31.6635 -76.7443 62
      vertex 31.4453 -73.7864 62
    endloop
  endfacet
  facet normal 0 0 1
    outer loop
      vertex 31.6635 -76.7443 62
      vertex 30.9 -73.8948 62
      vertex 31.5025 -76.799 62
    endloop
  endfacet
  facet normal -0 0 1
    outer loop
      vertex 30.3736 -74.0735 62
      vertex 31.5025 -76.799 62
      vertex 30.9 -73.8948 62
    endloop
  endfacet
  facet normal 0 0 1
    outer loop
      vertex 31.5025 -76.799 62
      vertex 30.3736 -74.0735 62
      vertex 31.35 -76.8742 62
    endloop
  endfacet
  facet normal -0 0 1
    outer loop
      vertex 29.875 -74.3194 62
      vertex 31.35 -76.8742 62
      vertex 30.3736 -74.0735 62
    endloop
  endfacet
  facet normal 0 0 1
    outer loop
      vertex 31.35 -76.8742 62
      vertex 29.875 -74.3194 62
      vertex 31.2086 -76.9686 62
    endloop
  endfacet
  facet normal -0 0 1
    outer loop
      vertex 29.4128 -74.6283 62
      vertex 31.2086 -76.9686 62
      vertex 29.875 -74.3194 62
    endloop
  endfacet
  facet normal 0 0 1
    outer loop
      vertex 31.2086 -76.9686 62
      vertex 29.4128 -74.6283 62
      vertex 31.0808 -77.0808 62
    endloop
  endfacet
  facet normal -0 0 1
    outer loop
      vertex 28.9948 -74.9948 62
      vertex 31.0808 -77.0808 62
      vertex 29.4128 -74.6283 62
    endloop
  endfacet
  facet normal 0 0 1
    outer loop
      vertex 31.0808 -77.0808 62
      vertex 28.9948 -74.9948 62
      vertex 30.9686 -77.2086 62
    endloop
  endfacet
  facet normal -0 0 1
    outer loop
      vertex 28.6282 -75.4128 62
      vertex 30.9686 -77.2086 62
      vertex 28.9948 -74.9948 62
    endloop
  endfacet
  facet normal 0 0 1
    outer loop
      vertex 30.9686 -77.2086 62
      vertex 28.6282 -75.4128 62
      vertex 30.8742 -77.35 62
    endloop
  endfacet
  facet normal 0 0 1
    outer loop
      vertex 36.7601 -81.6526 62
      vertex 33.0314 -78.7914 62
      vertex 36.2426 -82.2426 62
    endloop
  endfacet
  facet normal -0 0 1
    outer loop
      vertex 32.9192 -78.9192 62
      vertex 36.2426 -82.2426 62
      vertex 33.0314 -78.7914 62
    endloop
  endfacet
  facet normal 0 0 1
    outer loop
      vertex 36.2426 -82.2426 62
      vertex 32.9192 -78.9192 62
      vertex 35.6526 -82.7601 62
    endloop
  endfacet
  facet normal -0 0 1
    outer loop
      vertex 32.7914 -79.0314 62
      vertex 35.6526 -82.7601 62
      vertex 32.9192 -78.9192 62
    endloop
  endfacet
  facet normal 0 0 1
    outer loop
      vertex 35.6526 -82.7601 62
      vertex 32.7914 -79.0314 62
      vertex 35 -83.1962 62
    endloop
  endfacet
  facet normal -0 0 1
    outer loop
      vertex 32.65 -79.1258 62
      vertex 35 -83.1962 62
      vertex 32.7914 -79.0314 62
    endloop
  endfacet
  facet normal 0 0 1
    outer loop
      vertex 35 -83.1962 62
      vertex 32.65 -79.1258 62
      vertex 34.2961 -83.5433 62
    endloop
  endfacet
  facet normal -0 0 1
    outer loop
      vertex 32.4975 -79.201 62
      vertex 34.2961 -83.5433 62
      vertex 32.65 -79.1258 62
    endloop
  endfacet
  facet normal 0 0 1
    outer loop
      vertex 34.2961 -83.5433 62
      vertex 32.4975 -79.201 62
      vertex 33.5529 -83.7956 62
    endloop
  endfacet
  facet normal -0 0 1
    outer loop
      vertex 32.3365 -79.2557 62
      vertex 33.5529 -83.7956 62
      vertex 32.4975 -79.201 62
    endloop
  endfacet
  facet normal 0 0 1
    outer loop
      vertex 33.5529 -83.7956 62
      vertex 32.3365 -79.2557 62
      vertex 32.7832 -83.9487 62
    endloop
  endfacet
  facet normal -0 0 1
    outer loop
      vertex 32.1697 -79.2889 62
      vertex 32.7832 -83.9487 62
      vertex 32.3365 -79.2557 62
    endloop
  endfacet
  facet normal -0 0 1
    outer loop
      vertex 32 -79.3 62
      vertex 32.7832 -83.9487 62
      vertex 32.1697 -79.2889 62
    endloop
  endfacet
  facet normal 0 0 1
    outer loop
      vertex 32 -79.3 62
      vertex 32 -84 62
      vertex 32.7832 -83.9487 62
    endloop
  endfacet
  facet normal 0 0 1
    outer loop
      vertex 31.8303 -79.2889 62
      vertex 32 -84 62
      vertex 32 -79.3 62
    endloop
  endfacet
  facet normal 0 0 1
    outer loop
      vertex 28.9902 -81 62
      vertex 31.8303 -79.2889 62
      vertex 31.6635 -79.2557 62
    endloop
  endfacet
  facet normal 0 0 1
    outer loop
      vertex 28.9902 -81 62
      vertex 31.6635 -79.2557 62
      vertex 31.5025 -79.201 62
    endloop
  endfacet
  facet normal 0 0 1
    outer loop
      vertex 28.9902 -81 62
      vertex 31.5025 -79.201 62
      vertex 31.35 -79.1258 62
    endloop
  endfacet
  facet normal 0 0 1
    outer loop
      vertex 28.9902 -81 62
      vertex 31.35 -79.1258 62
      vertex 31.2086 -79.0314 62
    endloop
  endfacet
  facet normal 0 0 1
    outer loop
      vertex 28.9902 -81 62
      vertex 31.2086 -79.0314 62
      vertex 31.0808 -78.9192 62
    endloop
  endfacet
  facet normal 0 0 1
    outer loop
      vertex 28.9902 -81 62
      vertex 31.0808 -78.9192 62
      vertex 30.9686 -78.7914 62
    endloop
  endfacet
  facet normal 0 0 1
    outer loop
      vertex 28.9902 -81 62
      vertex 30.9686 -78.7914 62
      vertex 30.8742 -78.65 62
    endloop
  endfacet
  facet normal 0 0 1
    outer loop
      vertex 28.9902 -81 62
      vertex 30.8742 -78.65 62
      vertex 30.799 -78.4975 62
    endloop
  endfacet
  facet normal 0 0 1
    outer loop
      vertex 28.9902 -81 62
      vertex 30.799 -78.4975 62
      vertex 30.7443 -78.3365 62
    endloop
  endfacet
  facet normal -0 0 1
    outer loop
      vertex 28.3194 -75.875 62
      vertex 30.8742 -77.35 62
      vertex 28.6282 -75.4128 62
    endloop
  endfacet
  facet normal 0 0 1
    outer loop
      vertex 30.8742 -77.35 62
      vertex 28.3194 -75.875 62
      vertex 30.799 -77.5025 62
    endloop
  endfacet
  facet normal -0 0 1
    outer loop
      vertex 28.0735 -76.3736 62
      vertex 30.799 -77.5025 62
      vertex 28.3194 -75.875 62
    endloop
  endfacet
  facet normal 0 0 1
    outer loop
      vertex 30.799 -77.5025 62
      vertex 28.0735 -76.3736 62
      vertex 30.7443 -77.6635 62
    endloop
  endfacet
  facet normal 0 0 1
    outer loop
      vertex 30.7 -78 62
      vertex 28.9902 -81 62
      vertex 30.7111 -78.1697 62
    endloop
  endfacet
  facet normal 0 0 1
    outer loop
      vertex 30.7111 -78.1697 62
      vertex 28.9902 -81 62
      vertex 30.7443 -78.3365 62
    endloop
  endfacet
  facet normal 0 0 1
    outer loop
      vertex 31.8303 -79.2889 62
      vertex 28.9902 -81 62
      vertex 32 -84 62
    endloop
  endfacet
  facet normal -0 0 1
    outer loop
      vertex -28.9902 -81 62
      vertex 32 -84 62
      vertex 28.9902 -81 62
    endloop
  endfacet
  facet normal 0 0 1
    outer loop
      vertex -30.7111 -77.8303 62
      vertex -28.9948 -74.9948 62
      vertex -29.4128 -74.6283 62
    endloop
  endfacet
  facet normal 0 0 1
    outer loop
      vertex -30.7111 -77.8303 62
      vertex -29.4128 -74.6283 62
      vertex -29.875 -74.3194 62
    endloop
  endfacet
  facet normal 0 0 1
    outer loop
      vertex -31.35 -76.8742 62
      vertex -29.875 -74.3194 62
      vertex -30.3736 -74.0735 62
    endloop
  endfacet
  facet normal -0 0 1
    outer loop
      vertex -30.799 -78.4975 62
      vertex -28.0735 -79.6264 62
      vertex -30.7443 -78.3365 62
    endloop
  endfacet
  facet normal 0 0 1
    outer loop
      vertex -28.0735 -79.6264 62
      vertex -30.799 -78.4975 62
      vertex -28.3194 -80.125 62
    endloop
  endfacet
  facet normal -0 0 1
    outer loop
      vertex -30.8742 -78.65 62
      vertex -28.3194 -80.125 62
      vertex -30.799 -78.4975 62
    endloop
  endfacet
  facet normal 0 0 1
    outer loop
      vertex -28.3194 -80.125 62
      vertex -30.8742 -78.65 62
      vertex -28.6282 -80.5872 62
    endloop
  endfacet
  facet normal -0 0 1
    outer loop
      vertex -30.9686 -78.7914 62
      vertex -28.6282 -80.5872 62
      vertex -30.8742 -78.65 62
    endloop
  endfacet
  facet normal 0 0 1
    outer loop
      vertex -28.6282 -80.5872 62
      vertex -30.9686 -78.7914 62
      vertex -28.9902 -81 62
    endloop
  endfacet
  facet normal -0 0 1
    outer loop
      vertex -31.0808 -78.9192 62
      vertex -28.9902 -81 62
      vertex -30.9686 -78.7914 62
    endloop
  endfacet
  facet normal -0 0 1
    outer loop
      vertex -31.2086 -79.0314 62
      vertex -28.9902 -81 62
      vertex -31.0808 -78.9192 62
    endloop
  endfacet
  facet normal -0 0 1
    outer loop
      vertex -31.35 -79.1258 62
      vertex -28.9902 -81 62
      vertex -31.2086 -79.0314 62
    endloop
  endfacet
  facet normal -0 0 1
    outer loop
      vertex -31.5025 -79.201 62
      vertex -28.9902 -81 62
      vertex -31.35 -79.1258 62
    endloop
  endfacet
  facet normal -0 0 1
    outer loop
      vertex -31.6635 -79.2557 62
      vertex -28.9902 -81 62
      vertex -31.5025 -79.201 62
    endloop
  endfacet
  facet normal -0 0 1
    outer loop
      vertex -31.8303 -79.2889 62
      vertex -28.9902 -81 62
      vertex -31.6635 -79.2557 62
    endloop
  endfacet
  facet normal 0 0 1
    outer loop
      vertex -32 -84 62
      vertex -31.8303 -79.2889 62
      vertex -32 -79.3 62
    endloop
  endfacet
  facet normal 0 0 1
    outer loop
      vertex -28.9902 -81 62
      vertex -32 -84 62
      vertex 32 -84 62
    endloop
  endfacet
  facet normal 0 0 1
    outer loop
      vertex -31.8303 -79.2889 62
      vertex -32 -84 62
      vertex -28.9902 -81 62
    endloop
  endfacet
  facet normal 0 0 1
    outer loop
      vertex -32.1697 -79.2889 62
      vertex -32 -84 62
      vertex -32 -79.3 62
    endloop
  endfacet
  facet normal 0 0 1
    outer loop
      vertex -32.7832 -83.9487 62
      vertex -32.1697 -79.2889 62
      vertex -32.3365 -79.2557 62
    endloop
  endfacet
  facet normal 0 0 1
    outer loop
      vertex -33.5529 -83.7956 62
      vertex -32.3365 -79.2557 62
      vertex -32.4975 -79.201 62
    endloop
  endfacet
  facet normal 0 0 1
    outer loop
      vertex -33.5529 -83.7956 62
      vertex -32.4975 -79.201 62
      vertex -32.65 -79.1258 62
    endloop
  endfacet
  facet normal 0 0 1
    outer loop
      vertex -32.1697 -79.2889 62
      vertex -32.7832 -83.9487 62
      vertex -32 -84 62
    endloop
  endfacet
  facet normal 0 0 1
    outer loop
      vertex -33.5529 -83.7956 62
      vertex -32.65 -79.1258 62
      vertex -32.7914 -79.0314 62
    endloop
  endfacet
  facet normal 0 0 1
    outer loop
      vertex -33.5529 -83.7956 62
      vertex -32.7914 -79.0314 62
      vertex -32.9192 -78.9192 62
    endloop
  endfacet
  facet normal 0 0 1
    outer loop
      vertex -33.5529 -83.7956 62
      vertex -32.9192 -78.9192 62
      vertex -33.0314 -78.7914 62
    endloop
  endfacet
  facet normal 0 0 1
    outer loop
      vertex -33.5529 -83.7956 62
      vertex -33.0314 -78.7914 62
      vertex -33.1258 -78.65 62
    endloop
  endfacet
  facet normal 0 0 1
    outer loop
      vertex -33.5529 -83.7956 62
      vertex -33.1258 -78.65 62
      vertex -33.201 -78.4975 62
    endloop
  endfacet
  facet normal 0 0 1
    outer loop
      vertex -33.5529 -83.7956 62
      vertex -33.201 -78.4975 62
      vertex -33.2557 -78.3365 62
    endloop
  endfacet
  facet normal 0 0 1
    outer loop
      vertex -33.5529 -83.7956 62
      vertex -33.2557 -78.3365 62
      vertex -33.2889 -78.1697 62
    endloop
  endfacet
  facet normal 0 0 1
    outer loop
      vertex -32.3365 -79.2557 62
      vertex -33.5529 -83.7956 62
      vertex -32.7832 -83.9487 62
    endloop
  endfacet
  facet normal 0 0 1
    outer loop
      vertex -33.5529 -83.7956 62
      vertex -33.2889 -78.1697 62
      vertex -33.3 -78 62
    endloop
  endfacet
  facet normal 0 0 -1
    outer loop
      vertex -20.5 -42.5 0
      vertex 17.6 -36.6 0
      vertex 20.5 -42.5 0
    endloop
  endfacet
  facet normal 0 0 -1
    outer loop
      vertex -20.5 -42.5 0
      vertex -32.4 -36.6 0
      vertex 17.6 -36.6 0
    endloop
  endfacet
  facet normal 0 0 -1
    outer loop
      vertex -20.5 -54.5 0
      vertex -32.4 -36.6 0
      vertex -20.5 -42.5 0
    endloop
  endfacet
  facet normal -0 0 -1
    outer loop
      vertex -20.5 -54.5 0
      vertex -38 -78 0
      vertex -32.4 -36.6 0
    endloop
  endfacet
  facet normal 0 0 -1
    outer loop
      vertex -38 -78 0
      vertex -32 -84 0
      vertex -32.7832 -83.9487 0
    endloop
  endfacet
  facet normal 0 0 -1
    outer loop
      vertex 32 -84 0
      vertex 38 -78 0
      vertex 37.9487 -78.7832 0
    endloop
  endfacet
  facet normal 0 0 -1
    outer loop
      vertex 38 -78 0
      vertex 20.5 -42.5 0
      vertex 38 -6 0
    endloop
  endfacet
  facet normal 0 0 -1
    outer loop
      vertex 32 -84 0
      vertex 37.9487 -78.7832 0
      vertex 37.7956 -79.5529 0
    endloop
  endfacet
  facet normal 0 0 -1
    outer loop
      vertex 17.6 -36.6 0
      vertex 38 -6 0
      vertex 20.5 -42.5 0
    endloop
  endfacet
  facet normal 0 0 -1
    outer loop
      vertex 32 -84 0
      vertex 37.7956 -79.5529 0
      vertex 37.5433 -80.2961 0
    endloop
  endfacet
  facet normal 0 0 -1
    outer loop
      vertex 17.6 -5.6 0
      vertex 38 -6 0
      vertex 17.6 -36.6 0
    endloop
  endfacet
  facet normal 0 0 -1
    outer loop
      vertex 32 -84 0
      vertex 37.5433 -80.2961 0
      vertex 37.1962 -81 0
    endloop
  endfacet
  facet normal 0 -0 -1
    outer loop
      vertex 32 0 0
      vertex 38 -6 0
      vertex 17.6 -5.6 0
    endloop
  endfacet
  facet normal 0 0 -1
    outer loop
      vertex 32 -84 0
      vertex 37.1962 -81 0
      vertex 36.7601 -81.6526 0
    endloop
  endfacet
  facet normal 0 0 -1
    outer loop
      vertex 38 -6 0
      vertex 32 0 0
      vertex 37.9487 -5.21684 0
    endloop
  endfacet
  facet normal 0 0 -1
    outer loop
      vertex 32 -84 0
      vertex 36.7601 -81.6526 0
      vertex 36.2426 -82.2426 0
    endloop
  endfacet
  facet normal 0 0 -1
    outer loop
      vertex 37.9487 -5.21684 0
      vertex 32 0 0
      vertex 37.7956 -4.44709 0
    endloop
  endfacet
  facet normal 0 0 -1
    outer loop
      vertex 32 -84 0
      vertex 36.2426 -82.2426 0
      vertex 35.6526 -82.7601 0
    endloop
  endfacet
  facet normal 0 0 -1
    outer loop
      vertex 37.7956 -4.44709 0
      vertex 32 0 0
      vertex 37.5433 -3.7039 0
    endloop
  endfacet
  facet normal 0 0 -1
    outer loop
      vertex 32 -84 0
      vertex 35.6526 -82.7601 0
      vertex 35 -83.1962 0
    endloop
  endfacet
  facet normal 0 0 -1
    outer loop
      vertex 37.5433 -3.7039 0
      vertex 32 0 0
      vertex 37.1962 -3 0
    endloop
  endfacet
  facet normal 0 0 -1
    outer loop
      vertex 32 -84 0
      vertex 35 -83.1962 0
      vertex 34.2961 -83.5433 0
    endloop
  endfacet
  facet normal 0 0 -1
    outer loop
      vertex 37.1962 -3 0
      vertex 32 0 0
      vertex 36.7601 -2.34743 0
    endloop
  endfacet
  facet normal 0 0 -1
    outer loop
      vertex 32 -84 0
      vertex 34.2961 -83.5433 0
      vertex 33.5529 -83.7956 0
    endloop
  endfacet
  facet normal 0 0 -1
    outer loop
      vertex 36.7601 -2.34743 0
      vertex 32 0 0
      vertex 36.2426 -1.75736 0
    endloop
  endfacet
  facet normal 0 0 -1
    outer loop
      vertex 32 -84 0
      vertex 33.5529 -83.7956 0
      vertex 32.7832 -83.9487 0
    endloop
  endfacet
  facet normal 0 0 -1
    outer loop
      vertex 36.2426 -1.75736 0
      vertex 32 0 0
      vertex 35.6526 -1.23988 0
    endloop
  endfacet
  facet normal -0 0 -1
    outer loop
      vertex 38 -78 0
      vertex 32 -84 0
      vertex 11 -76.5 0
    endloop
  endfacet
  facet normal 0 0 -1
    outer loop
      vertex 35.6526 -1.23988 0
      vertex 32 0 0
      vertex 35 -0.803847 0
    endloop
  endfacet
  facet normal 0 0 -1
    outer loop
      vertex 38 -78 0
      vertex 20.5 -54.5 0
      vertex 20.5 -42.5 0
    endloop
  endfacet
  facet normal 0 0 -1
    outer loop
      vertex 38 -78 0
      vertex 11 -76.5 0
      vertex 20.5 -54.5 0
    endloop
  endfacet
  facet normal 0 0 -1
    outer loop
      vertex 32 -84 0
      vertex -11 -76.5 0
      vertex 11 -76.5 0
    endloop
  endfacet
  facet normal 0 0 -1
    outer loop
      vertex -11 -76.5 0
      vertex -20.5 -54.5 0
      vertex -11 -57.5 0
    endloop
  endfacet
  facet normal -0 0 -1
    outer loop
      vertex -11 -76.5 0
      vertex -38 -78 0
      vertex -20.5 -54.5 0
    endloop
  endfacet
  facet normal 0 0 -1
    outer loop
      vertex -38 -78 0
      vertex -11 -76.5 0
      vertex -32 -84 0
    endloop
  endfacet
  facet normal 0 0 -1
    outer loop
      vertex -32 -84 0
      vertex -11 -76.5 0
      vertex 32 -84 0
    endloop
  endfacet
  facet normal 0 0 -1
    outer loop
      vertex 35 -0.803847 0
      vertex 32 0 0
      vertex 34.2961 -0.456722 0
    endloop
  endfacet
  facet normal 0 0 -1
    outer loop
      vertex 34.2961 -0.456722 0
      vertex 32 0 0
      vertex 33.5529 -0.204445 0
    endloop
  endfacet
  facet normal 0 0 -1
    outer loop
      vertex 33.5529 -0.204445 0
      vertex 32 0 0
      vertex 32.7832 -0.0513306 0
    endloop
  endfacet
  facet normal 0 0 -1
    outer loop
      vertex 17.6 -5.6 0
      vertex -32 0 0
      vertex 32 0 0
    endloop
  endfacet
  facet normal 0 0 -1
    outer loop
      vertex -32.4 -5.6 0
      vertex -32 0 0
      vertex 17.6 -5.6 0
    endloop
  endfacet
  facet normal 0 0 -1
    outer loop
      vertex -32.4 -5.6 0
      vertex -32.7832 -0.0513306 0
      vertex -32 0 0
    endloop
  endfacet
  facet normal 0 0 -1
    outer loop
      vertex -38 -6 0
      vertex -32.4 -36.6 0
      vertex -38 -78 0
    endloop
  endfacet
  facet normal 0 0 -1
    outer loop
      vertex -38 -78 0
      vertex -32.7832 -83.9487 0
      vertex -33.5529 -83.7956 0
    endloop
  endfacet
  facet normal 0 0 -1
    outer loop
      vertex -32.4 -36.6 0
      vertex -38 -6 0
      vertex -32.4 -5.6 0
    endloop
  endfacet
  facet normal 0 0 -1
    outer loop
      vertex -38 -78 0
      vertex -33.5529 -83.7956 0
      vertex -34.2961 -83.5433 0
    endloop
  endfacet
  facet normal 0 -0 -1
    outer loop
      vertex -37.9487 -5.21684 0
      vertex -32.4 -5.6 0
      vertex -38 -6 0
    endloop
  endfacet
  facet normal 0 0 -1
    outer loop
      vertex -38 -78 0
      vertex -34.2961 -83.5433 0
      vertex -35 -83.1962 0
    endloop
  endfacet
  facet normal 0 0 -1
    outer loop
      vertex -32.4 -5.6 0
      vertex -33.5529 -0.204445 0
      vertex -32.7832 -0.0513306 0
    endloop
  endfacet
  facet normal 0 0 -1
    outer loop
      vertex -38 -78 0
      vertex -35 -83.1962 0
      vertex -35.6526 -82.7601 0
    endloop
  endfacet
  facet normal 0 0 -1
    outer loop
      vertex -32.4 -5.6 0
      vertex -34.2961 -0.456722 0
      vertex -33.5529 -0.204445 0
    endloop
  endfacet
  facet normal 0 0 -1
    outer loop
      vertex -38 -78 0
      vertex -35.6526 -82.7601 0
      vertex -36.2426 -82.2426 0
    endloop
  endfacet
  facet normal 0 0 -1
    outer loop
      vertex -32.4 -5.6 0
      vertex -35 -0.803847 0
      vertex -34.2961 -0.456722 0
    endloop
  endfacet
  facet normal 0 0 -1
    outer loop
      vertex -38 -78 0
      vertex -36.2426 -82.2426 0
      vertex -36.7601 -81.6526 0
    endloop
  endfacet
  facet normal 0 0 -1
    outer loop
      vertex -32.4 -5.6 0
      vertex -35.6526 -1.23988 0
      vertex -35 -0.803847 0
    endloop
  endfacet
  facet normal 0 0 -1
    outer loop
      vertex -38 -78 0
      vertex -36.7601 -81.6526 0
      vertex -37.1962 -81 0
    endloop
  endfacet
  facet normal 0 0 -1
    outer loop
      vertex -32.4 -5.6 0
      vertex -36.2426 -1.75736 0
      vertex -35.6526 -1.23988 0
    endloop
  endfacet
  facet normal 0 0 -1
    outer loop
      vertex -38 -78 0
      vertex -37.1962 -81 0
      vertex -37.5433 -80.2961 0
    endloop
  endfacet
  facet normal 0 0 -1
    outer loop
      vertex -32.4 -5.6 0
      vertex -36.7601 -2.34743 0
      vertex -36.2426 -1.75736 0
    endloop
  endfacet
  facet normal 0 0 -1
    outer loop
      vertex -38 -78 0
      vertex -37.5433 -80.2961 0
      vertex -37.7956 -79.5529 0
    endloop
  endfacet
  facet normal 0 0 -1
    outer loop
      vertex -32.4 -5.6 0
      vertex -37.1962 -3 0
      vertex -36.7601 -2.34743 0
    endloop
  endfacet
  facet normal 0 0 -1
    outer loop
      vertex -38 -78 0
      vertex -37.7956 -79.5529 0
      vertex -37.9487 -78.7832 0
    endloop
  endfacet
  facet normal 0 0 -1
    outer loop
      vertex -32.4 -5.6 0
      vertex -37.5433 -3.7039 0
      vertex -37.1962 -3 0
    endloop
  endfacet
  facet normal 0 0 -1
    outer loop
      vertex -32.4 -5.6 0
      vertex -37.7956 -4.44709 0
      vertex -37.5433 -3.7039 0
    endloop
  endfacet
  facet normal 0 0 -1
    outer loop
      vertex -32.4 -5.6 0
      vertex -37.9487 -5.21684 0
      vertex -37.7956 -4.44709 0
    endloop
  endfacet
  facet normal 0 0 -1
    outer loop
      vertex 11 -57.5 0
      vertex 20.5 -54.5 0
      vertex 11 -76.5 0
    endloop
  endfacet
  facet normal 0 0 -1
    outer loop
      vertex -11 -57.5 0
      vertex 20.5 -54.5 0
      vertex 11 -57.5 0
    endloop
  endfacet
  facet normal -0 0 -1
    outer loop
      vertex 20.5 -54.5 0
      vertex -11 -57.5 0
      vertex -20.5 -54.5 0
    endloop
  endfacet
  facet normal 0.896885 0.442263 0
    outer loop
      vertex 37.5433 -3.7039 62
      vertex 37.1962 -3 0
      vertex 37.1962 -3 62
    endloop
  endfacet
  facet normal 0.896885 0.442263 0
    outer loop
      vertex 37.1962 -3 0
      vertex 37.5433 -3.7039 62
      vertex 37.5433 -3.7039 0
    endloop
  endfacet
  facet normal -0.946922 0.321463 0
    outer loop
      vertex -37.7956 -4.44709 0
      vertex -37.5433 -3.7039 62
      vertex -37.5433 -3.7039 0
    endloop
  endfacet
  facet normal -0.946922 0.321463 0
    outer loop
      vertex -37.5433 -3.7039 62
      vertex -37.7956 -4.44709 0
      vertex -37.7956 -4.44709 62
    endloop
  endfacet
  facet normal -0.896885 0.442263 0
    outer loop
      vertex -37.5433 -3.7039 0
      vertex -37.1962 -3 62
      vertex -37.1962 -3 0
    endloop
  endfacet
  facet normal -0.896885 0.442263 0
    outer loop
      vertex -37.1962 -3 62
      vertex -37.5433 -3.7039 0
      vertex -37.5433 -3.7039 62
    endloop
  endfacet
  facet normal -0.83143 0.555629 0
    outer loop
      vertex -37.1962 -3 0
      vertex -36.7601 -2.34743 62
      vertex -36.7601 -2.34743 0
    endloop
  endfacet
  facet normal -0.83143 0.555629 0
    outer loop
      vertex -36.7601 -2.34743 62
      vertex -37.1962 -3 0
      vertex -37.1962 -3 62
    endloop
  endfacet
  facet normal 0.980786 -0.195087 0
    outer loop
      vertex 37.7956 -79.5529 62
      vertex 37.9487 -78.7832 0
      vertex 37.9487 -78.7832 62
    endloop
  endfacet
  facet normal 0.980786 -0.195087 0
    outer loop
      vertex 37.9487 -78.7832 0
      vertex 37.7956 -79.5529 62
      vertex 37.7956 -79.5529 0
    endloop
  endfacet
  facet normal -0.195087 -0.980786 0
    outer loop
      vertex -33.5529 -83.7956 0
      vertex -32.7832 -83.9487 62
      vertex -33.5529 -83.7956 62
    endloop
  endfacet
  facet normal -0.195087 -0.980786 -0
    outer loop
      vertex -32.7832 -83.9487 62
      vertex -33.5529 -83.7956 0
      vertex -32.7832 -83.9487 0
    endloop
  endfacet
  facet normal -0.946923 -0.32146 0
    outer loop
      vertex -37.5433 -80.2961 0
      vertex -37.7956 -79.5529 62
      vertex -37.7956 -79.5529 0
    endloop
  endfacet
  facet normal -0.946923 -0.32146 0
    outer loop
      vertex -37.7956 -79.5529 62
      vertex -37.5433 -80.2961 0
      vertex -37.5433 -80.2961 62
    endloop
  endfacet
  facet normal 0.997862 -0.0653605 0
    outer loop
      vertex 37.9487 -78.7832 62
      vertex 38 -78 0
      vertex 38 -78 62
    endloop
  endfacet
  facet normal 0.997862 -0.0653605 0
    outer loop
      vertex 38 -78 0
      vertex 37.9487 -78.7832 62
      vertex 37.9487 -78.7832 0
    endloop
  endfacet
  facet normal -0.997862 0.0653638 0
    outer loop
      vertex -38 -6 0
      vertex -37.9487 -5.21684 62
      vertex -37.9487 -5.21684 0
    endloop
  endfacet
  facet normal -0.997862 0.0653638 0
    outer loop
      vertex -37.9487 -5.21684 62
      vertex -38 -6 0
      vertex -38 -6 62
    endloop
  endfacet
  facet normal -0.980786 -0.195087 0
    outer loop
      vertex -37.7956 -79.5529 0
      vertex -37.9487 -78.7832 62
      vertex -37.9487 -78.7832 0
    endloop
  endfacet
  facet normal -0.980786 -0.195087 0
    outer loop
      vertex -37.9487 -78.7832 62
      vertex -37.7956 -79.5529 0
      vertex -37.7956 -79.5529 62
    endloop
  endfacet
  facet normal 0.555611 -0.831442 0
    outer loop
      vertex 35 -83.1962 0
      vertex 35.6526 -82.7601 62
      vertex 35 -83.1962 62
    endloop
  endfacet
  facet normal 0.555611 -0.831442 0
    outer loop
      vertex 35.6526 -82.7601 62
      vertex 35 -83.1962 0
      vertex 35.6526 -82.7601 0
    endloop
  endfacet
  facet normal 0.0654055 -0.997859 0
    outer loop
      vertex -32.4699 -2.4308 24.39
      vertex -32 -2.4 50
      vertex -32.4699 -2.4308 50
    endloop
  endfacet
  facet normal 0.0654055 -0.997859 0
    outer loop
      vertex -32 -2.4 50
      vertex -32.4699 -2.4308 24.39
      vertex -32 -2.4 24.39
    endloop
  endfacet
  facet normal -0.831488 -0.555543 0
    outer loop
      vertex 35.1177 -4.2 2.4
      vertex 34.8561 -3.80846 50
      vertex 34.8561 -3.80846 2.4
    endloop
  endfacet
  facet normal -0.831488 -0.555543 0
    outer loop
      vertex 34.8561 -3.80846 50
      vertex 35.1177 -4.2 2.4
      vertex 35.1177 -4.2 50
    endloop
  endfacet
  facet normal 0.980768 0.195177 0
    outer loop
      vertex -35.4773 -78.3317 50
      vertex -35.5692 -77.8699 2.4
      vertex -35.5692 -77.8699 50
    endloop
  endfacet
  facet normal 0.980768 0.195177 0
    outer loop
      vertex -35.5692 -77.8699 2.4
      vertex -35.4773 -78.3317 50
      vertex -35.4773 -78.3317 2.4
    endloop
  endfacet
  facet normal -0.195115 -0.98078 0
    outer loop
      vertex 32.4699 -2.4308 2.4
      vertex 32.9317 -2.52267 50
      vertex 32.4699 -2.4308 50
    endloop
  endfacet
  facet normal -0.195115 -0.98078 -0
    outer loop
      vertex 32.9317 -2.52267 50
      vertex 32.4699 -2.4308 2.4
      vertex 32.9317 -2.52267 2.4
    endloop
  endfacet
  facet normal 0 -1 0
    outer loop
      vertex -32 -2.4 24.39
      vertex -29.7544 -2.4 50
      vertex -32 -2.4 50
    endloop
  endfacet
  facet normal 0 -1 0
    outer loop
      vertex -29.7544 -2.4 50
      vertex 0 -2.4 49
      vertex 29.7544 -2.4 50
    endloop
  endfacet
  facet normal 0 -1 0
    outer loop
      vertex 0.652631 -2.4 48.9572
      vertex 29.7544 -2.4 50
      vertex 0 -2.4 49
    endloop
  endfacet
  facet normal 0 -1 0
    outer loop
      vertex -29.7544 -2.4 50
      vertex -0.652631 -2.4 48.9572
      vertex 0 -2.4 49
    endloop
  endfacet
  facet normal 0 -1 0
    outer loop
      vertex -29.7544 -2.4 50
      vertex -1.2941 -2.4 48.8296
      vertex -0.652631 -2.4 48.9572
    endloop
  endfacet
  facet normal 0 -1 0
    outer loop
      vertex -29.7544 -2.4 50
      vertex -1.91342 -2.4 48.6194
      vertex -1.2941 -2.4 48.8296
    endloop
  endfacet
  facet normal 0 -1 0
    outer loop
      vertex -29.7544 -2.4 50
      vertex -2.5 -2.4 48.3301
      vertex -1.91342 -2.4 48.6194
    endloop
  endfacet
  facet normal 0 -1 0
    outer loop
      vertex -29.7544 -2.4 50
      vertex -3.04381 -2.4 47.9668
      vertex -2.5 -2.4 48.3301
    endloop
  endfacet
  facet normal 0 -1 0
    outer loop
      vertex -29.7544 -2.4 50
      vertex -3.53553 -2.4 47.5355
      vertex -3.04381 -2.4 47.9668
    endloop
  endfacet
  facet normal 0 -1 0
    outer loop
      vertex -29.7544 -2.4 50
      vertex -3.96677 -2.4 47.0438
      vertex -3.53553 -2.4 47.5355
    endloop
  endfacet
  facet normal 0 -1 0
    outer loop
      vertex -29.7544 -2.4 50
      vertex -4.33013 -2.4 46.5
      vertex -3.96677 -2.4 47.0438
    endloop
  endfacet
  facet normal 0 -1 0
    outer loop
      vertex -29.7544 -2.4 50
      vertex -4.6194 -2.4 45.9134
      vertex -4.33013 -2.4 46.5
    endloop
  endfacet
  facet normal 0 -1 0
    outer loop
      vertex -29.7544 -2.4 50
      vertex -4.82963 -2.4 45.2941
      vertex -4.6194 -2.4 45.9134
    endloop
  endfacet
  facet normal 0 -1 0
    outer loop
      vertex -29.7544 -2.4 50
      vertex -4.95722 -2.4 44.6526
      vertex -4.82963 -2.4 45.2941
    endloop
  endfacet
  facet normal 0 -1 0
    outer loop
      vertex -29.7544 -2.4 50
      vertex -5 -2.4 44
      vertex -4.95722 -2.4 44.6526
    endloop
  endfacet
  facet normal 0 -1 0
    outer loop
      vertex -29.7544 -2.4 50
      vertex -4.95722 -2.4 43.3474
      vertex -5 -2.4 44
    endloop
  endfacet
  facet normal 0 -1 0
    outer loop
      vertex -29.7544 -2.4 50
      vertex -4.82963 -2.4 42.7059
      vertex -4.95722 -2.4 43.3474
    endloop
  endfacet
  facet normal -0 -1 0
    outer loop
      vertex -4.6194 -2.4 42.0866
      vertex -29.7544 -2.4 50
      vertex -32 -2.4 24.39
    endloop
  endfacet
  facet normal 0 -1 0
    outer loop
      vertex -29.7544 -2.4 50
      vertex -4.6194 -2.4 42.0866
      vertex -4.82963 -2.4 42.7059
    endloop
  endfacet
  facet normal 0 -1 -0
    outer loop
      vertex -4.6194 -2.4 42.0866
      vertex -32 -2.4 24.39
      vertex -4.33013 -2.4 41.5
    endloop
  endfacet
  facet normal -0 -1 0
    outer loop
      vertex -1.7 -2.4 32
      vertex -4.33013 -2.4 41.5
      vertex -32 -2.4 24.39
    endloop
  endfacet
  facet normal 0 -1 0
    outer loop
      vertex -4.33013 -2.4 41.5
      vertex -1.7 -2.4 32
      vertex -3.96677 -2.4 40.9562
    endloop
  endfacet
  facet normal -0 -1 0
    outer loop
      vertex -1.68546 -2.4 32.2219
      vertex -3.96677 -2.4 40.9562
      vertex -1.7 -2.4 32
    endloop
  endfacet
  facet normal 0 -1 0
    outer loop
      vertex -3.96677 -2.4 40.9562
      vertex -1.64207 -2.4 32.44
      vertex -3.53553 -2.4 40.4645
    endloop
  endfacet
  facet normal 0 -1 0
    outer loop
      vertex -0.221894 -2.4 33.6855
      vertex 0 -2.4 39
      vertex -0.652631 -2.4 39.0428
    endloop
  endfacet
  facet normal 0 -1 0
    outer loop
      vertex -0.650561 -2.4 33.5706
      vertex -0.652631 -2.4 39.0428
      vertex -1.2941 -2.4 39.1704
    endloop
  endfacet
  facet normal 0 -1 0
    outer loop
      vertex -0.849999 -2.4 33.4722
      vertex -1.2941 -2.4 39.1704
      vertex -1.91342 -2.4 39.3806
    endloop
  endfacet
  facet normal -0 -1 0
    outer loop
      vertex -1.57059 -2.4 32.6506
      vertex -3.53553 -2.4 40.4645
      vertex -1.64207 -2.4 32.44
    endloop
  endfacet
  facet normal 0 -1 -0
    outer loop
      vertex 0 -2.4 39
      vertex -0.221894 -2.4 33.6855
      vertex 0 -2.4 33.7
    endloop
  endfacet
  facet normal 0 -1 0
    outer loop
      vertex -0.652631 -2.4 39.0428
      vertex -0.439992 -2.4 33.6421
      vertex -0.221894 -2.4 33.6855
    endloop
  endfacet
  facet normal 0 -1 0
    outer loop
      vertex -0.652631 -2.4 39.0428
      vertex -0.650561 -2.4 33.5706
      vertex -0.439992 -2.4 33.6421
    endloop
  endfacet
  facet normal 0 -1 0
    outer loop
      vertex -1.2941 -2.4 39.1704
      vertex -0.849999 -2.4 33.4722
      vertex -0.650561 -2.4 33.5706
    endloop
  endfacet
  facet normal 0 -1 0
    outer loop
      vertex -1.91342 -2.4 39.3806
      vertex -1.03489 -2.4 33.3487
      vertex -0.849999 -2.4 33.4722
    endloop
  endfacet
  facet normal 0 -1 0
    outer loop
      vertex -1.91342 -2.4 39.3806
      vertex -1.20208 -2.4 33.2021
      vertex -1.03489 -2.4 33.3487
    endloop
  endfacet
  facet normal 0 -1 0
    outer loop
      vertex -2.5 -2.4 39.6699
      vertex -1.20208 -2.4 33.2021
      vertex -1.91342 -2.4 39.3806
    endloop
  endfacet
  facet normal -0 -1 0
    outer loop
      vertex -1.20208 -2.4 33.2021
      vertex -2.5 -2.4 39.6699
      vertex -1.3487 -2.4 33.0349
    endloop
  endfacet
  facet normal -0 -1 0
    outer loop
      vertex -1.3487 -2.4 33.0349
      vertex -2.5 -2.4 39.6699
      vertex -1.47224 -2.4 32.85
    endloop
  endfacet
  facet normal 0 -1 0
    outer loop
      vertex -3.04381 -2.4 40.0332
      vertex -1.47224 -2.4 32.85
      vertex -2.5 -2.4 39.6699
    endloop
  endfacet
  facet normal 0 -1 0
    outer loop
      vertex -3.53553 -2.4 40.4645
      vertex -1.57059 -2.4 32.6506
      vertex -3.04381 -2.4 40.0332
    endloop
  endfacet
  facet normal -0 -1 0
    outer loop
      vertex -1.47224 -2.4 32.85
      vertex -3.04381 -2.4 40.0332
      vertex -1.57059 -2.4 32.6506
    endloop
  endfacet
  facet normal -0 -1 0
    outer loop
      vertex -1.64207 -2.4 32.44
      vertex -3.96677 -2.4 40.9562
      vertex -1.68546 -2.4 32.2219
    endloop
  endfacet
  facet normal 0 -1 -0
    outer loop
      vertex -1.7 -2.4 32
      vertex -32 -2.4 24.39
      vertex -1.68546 -2.4 31.7781
    endloop
  endfacet
  facet normal 0 -1 -0
    outer loop
      vertex -1.68546 -2.4 31.7781
      vertex -32 -2.4 24.39
      vertex -1.64207 -2.4 31.56
    endloop
  endfacet
  facet normal 0 -1 -0
    outer loop
      vertex -1.64207 -2.4 31.56
      vertex -32 -2.4 24.39
      vertex -1.57059 -2.4 31.3494
    endloop
  endfacet
  facet normal 0 -1 -0
    outer loop
      vertex -1.57059 -2.4 31.3494
      vertex -32 -2.4 24.39
      vertex -1.47224 -2.4 31.15
    endloop
  endfacet
  facet normal 0 -1 -0
    outer loop
      vertex -1.47224 -2.4 31.15
      vertex -32 -2.4 24.39
      vertex -1.3487 -2.4 30.9651
    endloop
  endfacet
  facet normal 0 -1 -0
    outer loop
      vertex -1.3487 -2.4 30.9651
      vertex -32 -2.4 24.39
      vertex -1.20208 -2.4 30.7979
    endloop
  endfacet
  facet normal 0 -1 -0
    outer loop
      vertex -1.20208 -2.4 30.7979
      vertex -32 -2.4 24.39
      vertex -1.03489 -2.4 30.6513
    endloop
  endfacet
  facet normal 0 -1 0
    outer loop
      vertex 19.8 -2.4 24.39
      vertex -0.221894 -2.4 30.3145
      vertex -32 -2.4 24.39
    endloop
  endfacet
  facet normal 0 -1 -0
    outer loop
      vertex -0.439992 -2.4 30.3579
      vertex -32 -2.4 24.39
      vertex -0.221894 -2.4 30.3145
    endloop
  endfacet
  facet normal 0 -1 -0
    outer loop
      vertex -0.650561 -2.4 30.4294
      vertex -32 -2.4 24.39
      vertex -0.439992 -2.4 30.3579
    endloop
  endfacet
  facet normal 0 -1 -0
    outer loop
      vertex -0.849999 -2.4 30.5278
      vertex -32 -2.4 24.39
      vertex -0.650561 -2.4 30.4294
    endloop
  endfacet
  facet normal 0 -1 -0
    outer loop
      vertex -1.03489 -2.4 30.6513
      vertex -32 -2.4 24.39
      vertex -0.849999 -2.4 30.5278
    endloop
  endfacet
  facet normal 0 -1 0
    outer loop
      vertex 1.2941 -2.4 48.8296
      vertex 29.7544 -2.4 50
      vertex 0.652631 -2.4 48.9572
    endloop
  endfacet
  facet normal 0 -1 0
    outer loop
      vertex 1.91342 -2.4 48.6194
      vertex 29.7544 -2.4 50
      vertex 1.2941 -2.4 48.8296
    endloop
  endfacet
  facet normal 0 -1 0
    outer loop
      vertex 2.5 -2.4 48.3301
      vertex 29.7544 -2.4 50
      vertex 1.91342 -2.4 48.6194
    endloop
  endfacet
  facet normal 0 -1 0
    outer loop
      vertex 3.04381 -2.4 47.9668
      vertex 29.7544 -2.4 50
      vertex 2.5 -2.4 48.3301
    endloop
  endfacet
  facet normal 0 -1 0
    outer loop
      vertex 3.53553 -2.4 47.5355
      vertex 29.7544 -2.4 50
      vertex 3.04381 -2.4 47.9668
    endloop
  endfacet
  facet normal 0 -1 0
    outer loop
      vertex 3.96677 -2.4 47.0438
      vertex 29.7544 -2.4 50
      vertex 3.53553 -2.4 47.5355
    endloop
  endfacet
  facet normal 0 -1 0
    outer loop
      vertex 4.33013 -2.4 46.5
      vertex 29.7544 -2.4 50
      vertex 3.96677 -2.4 47.0438
    endloop
  endfacet
  facet normal 0 -1 0
    outer loop
      vertex 4.6194 -2.4 45.9134
      vertex 29.7544 -2.4 50
      vertex 4.33013 -2.4 46.5
    endloop
  endfacet
  facet normal 0 -1 0
    outer loop
      vertex 4.82963 -2.4 45.2941
      vertex 29.7544 -2.4 50
      vertex 4.6194 -2.4 45.9134
    endloop
  endfacet
  facet normal 0 -1 0
    outer loop
      vertex 4.95722 -2.4 44.6526
      vertex 29.7544 -2.4 50
      vertex 4.82963 -2.4 45.2941
    endloop
  endfacet
  facet normal 0 -1 0
    outer loop
      vertex 5 -2.4 44
      vertex 29.7544 -2.4 50
      vertex 4.95722 -2.4 44.6526
    endloop
  endfacet
  facet normal 0 -1 0
    outer loop
      vertex 4.95722 -2.4 43.3474
      vertex 29.7544 -2.4 50
      vertex 5 -2.4 44
    endloop
  endfacet
  facet normal 0 -1 0
    outer loop
      vertex 4.82963 -2.4 42.7059
      vertex 29.7544 -2.4 50
      vertex 4.95722 -2.4 43.3474
    endloop
  endfacet
  facet normal 0 -1 0
    outer loop
      vertex 19.8 -2.4 24.39
      vertex 29.7544 -2.4 50
      vertex 4.82963 -2.4 42.7059
    endloop
  endfacet
  facet normal 0 -1 0
    outer loop
      vertex 19.8 -2.4 24.39
      vertex 4.82963 -2.4 42.7059
      vertex 4.6194 -2.4 42.0866
    endloop
  endfacet
  facet normal 0 -1 0
    outer loop
      vertex 19.8 -2.4 24.39
      vertex 4.6194 -2.4 42.0866
      vertex 4.33013 -2.4 41.5
    endloop
  endfacet
  facet normal 0 -1 0
    outer loop
      vertex 19.8 -2.4 24.39
      vertex 4.33013 -2.4 41.5
      vertex 3.96677 -2.4 40.9562
    endloop
  endfacet
  facet normal 0 -1 0
    outer loop
      vertex 1.64207 -2.4 32.44
      vertex 3.96677 -2.4 40.9562
      vertex 3.53553 -2.4 40.4645
    endloop
  endfacet
  facet normal 0 -1 0
    outer loop
      vertex 1.57059 -2.4 32.6506
      vertex 3.53553 -2.4 40.4645
      vertex 3.04381 -2.4 40.0332
    endloop
  endfacet
  facet normal 0 -1 0
    outer loop
      vertex 1.47224 -2.4 32.85
      vertex 3.04381 -2.4 40.0332
      vertex 2.5 -2.4 39.6699
    endloop
  endfacet
  facet normal 0 -1 0
    outer loop
      vertex 1.20208 -2.4 33.2021
      vertex 2.5 -2.4 39.6699
      vertex 1.91342 -2.4 39.3806
    endloop
  endfacet
  facet normal 0 -1 0
    outer loop
      vertex 0.221894 -2.4 33.6855
      vertex 0 -2.4 39
      vertex 0 -2.4 33.7
    endloop
  endfacet
  facet normal 0 -1 0
    outer loop
      vertex 0 -2.4 39
      vertex 0.221894 -2.4 33.6855
      vertex 0.652631 -2.4 39.0428
    endloop
  endfacet
  facet normal 0 -1 0
    outer loop
      vertex 0.439992 -2.4 33.6421
      vertex 0.652631 -2.4 39.0428
      vertex 0.221894 -2.4 33.6855
    endloop
  endfacet
  facet normal 0 -1 0
    outer loop
      vertex 0.650561 -2.4 33.5706
      vertex 0.652631 -2.4 39.0428
      vertex 0.439992 -2.4 33.6421
    endloop
  endfacet
  facet normal 0 -1 -0
    outer loop
      vertex 0.652631 -2.4 39.0428
      vertex 0.650561 -2.4 33.5706
      vertex 1.2941 -2.4 39.1704
    endloop
  endfacet
  facet normal 0 -1 0
    outer loop
      vertex 0.849999 -2.4 33.4722
      vertex 1.2941 -2.4 39.1704
      vertex 0.650561 -2.4 33.5706
    endloop
  endfacet
  facet normal 0 -1 -0
    outer loop
      vertex 1.2941 -2.4 39.1704
      vertex 0.849999 -2.4 33.4722
      vertex 1.91342 -2.4 39.3806
    endloop
  endfacet
  facet normal 0 -1 0
    outer loop
      vertex 1.03489 -2.4 33.3487
      vertex 1.91342 -2.4 39.3806
      vertex 0.849999 -2.4 33.4722
    endloop
  endfacet
  facet normal 0 -1 0
    outer loop
      vertex 1.20208 -2.4 33.2021
      vertex 1.91342 -2.4 39.3806
      vertex 1.03489 -2.4 33.3487
    endloop
  endfacet
  facet normal 0 -1 0
    outer loop
      vertex 2.5 -2.4 39.6699
      vertex 1.20208 -2.4 33.2021
      vertex 1.3487 -2.4 33.0349
    endloop
  endfacet
  facet normal 0 -1 0
    outer loop
      vertex 2.5 -2.4 39.6699
      vertex 1.3487 -2.4 33.0349
      vertex 1.47224 -2.4 32.85
    endloop
  endfacet
  facet normal 0 -1 0
    outer loop
      vertex 3.04381 -2.4 40.0332
      vertex 1.47224 -2.4 32.85
      vertex 1.57059 -2.4 32.6506
    endloop
  endfacet
  facet normal 0 -1 0
    outer loop
      vertex 3.53553 -2.4 40.4645
      vertex 1.57059 -2.4 32.6506
      vertex 1.64207 -2.4 32.44
    endloop
  endfacet
  facet normal 0 -1 0
    outer loop
      vertex 3.96677 -2.4 40.9562
      vertex 1.64207 -2.4 32.44
      vertex 1.68546 -2.4 32.2219
    endloop
  endfacet
  facet normal 0 -1 -0
    outer loop
      vertex 3.96677 -2.4 40.9562
      vertex 1.68546 -2.4 32.2219
      vertex 19.8 -2.4 24.39
    endloop
  endfacet
  facet normal 0 -1 0
    outer loop
      vertex 19.8 -2.4 24.39
      vertex 1.68546 -2.4 32.2219
      vertex 1.7 -2.4 32
    endloop
  endfacet
  facet normal 0 -1 0
    outer loop
      vertex 19.8 -2.4 24.39
      vertex 1.7 -2.4 32
      vertex 1.68546 -2.4 31.7781
    endloop
  endfacet
  facet normal 0 -1 0
    outer loop
      vertex 19.8 -2.4 24.39
      vertex 1.68546 -2.4 31.7781
      vertex 1.64207 -2.4 31.56
    endloop
  endfacet
  facet normal 0 -1 0
    outer loop
      vertex 19.8 -2.4 24.39
      vertex 1.64207 -2.4 31.56
      vertex 1.57059 -2.4 31.3494
    endloop
  endfacet
  facet normal 0 -1 0
    outer loop
      vertex 19.8 -2.4 24.39
      vertex 1.57059 -2.4 31.3494
      vertex 1.47224 -2.4 31.15
    endloop
  endfacet
  facet normal 0 -1 0
    outer loop
      vertex 19.8 -2.4 24.39
      vertex 1.47224 -2.4 31.15
      vertex 1.3487 -2.4 30.9651
    endloop
  endfacet
  facet normal 0 -1 0
    outer loop
      vertex 19.8 -2.4 24.39
      vertex 1.3487 -2.4 30.9651
      vertex 1.20208 -2.4 30.7979
    endloop
  endfacet
  facet normal 0 -1 0
    outer loop
      vertex 19.8 -2.4 24.39
      vertex 1.20208 -2.4 30.7979
      vertex 1.03489 -2.4 30.6513
    endloop
  endfacet
  facet normal 0 -1 0
    outer loop
      vertex 19.8 -2.4 24.39
      vertex 1.03489 -2.4 30.6513
      vertex 0.849999 -2.4 30.5278
    endloop
  endfacet
  facet normal 0 -1 0
    outer loop
      vertex -0.221894 -2.4 30.3145
      vertex 19.8 -2.4 24.39
      vertex 0 -2.4 30.3
    endloop
  endfacet
  facet normal 0 -1 0
    outer loop
      vertex 0 -2.4 30.3
      vertex 19.8 -2.4 24.39
      vertex 0.221894 -2.4 30.3145
    endloop
  endfacet
  facet normal 0 -1 0
    outer loop
      vertex 19.8 -2.4 24.39
      vertex 0.439992 -2.4 30.3579
      vertex 0.221894 -2.4 30.3145
    endloop
  endfacet
  facet normal 0 -1 0
    outer loop
      vertex 19.8 -2.4 24.39
      vertex 0.650561 -2.4 30.4294
      vertex 0.439992 -2.4 30.3579
    endloop
  endfacet
  facet normal 0 -1 0
    outer loop
      vertex 19.8 -2.4 24.39
      vertex 0.849999 -2.4 30.5278
      vertex 0.650561 -2.4 30.4294
    endloop
  endfacet
  facet normal 0 -1 -0
    outer loop
      vertex 29.7544 -2.4 50
      vertex 19.8 -2.4 24.39
      vertex 32 -2.4 50
    endloop
  endfacet
  facet normal 0 -1 0
    outer loop
      vertex 32 -2.4 2.4
      vertex 19.8 -2.4 24.39
      vertex 19.8 -2.4 2.4
    endloop
  endfacet
  facet normal 0 -1 0
    outer loop
      vertex 19.8 -2.4 24.39
      vertex 32 -2.4 2.4
      vertex 32 -2.4 50
    endloop
  endfacet
  facet normal 0 -1 0
    outer loop
      vertex -29.7544 -2.4 62
      vertex 0 -2.4 57.7
      vertex 29.7544 -2.4 62
    endloop
  endfacet
  facet normal 0 -1 0
    outer loop
      vertex -29.7544 -2.4 62
      vertex -0.221894 -2.4 57.6855
      vertex 0 -2.4 57.7
    endloop
  endfacet
  facet normal 0 -1 0
    outer loop
      vertex -29.7544 -2.4 62
      vertex -0.439992 -2.4 57.6421
      vertex -0.221894 -2.4 57.6855
    endloop
  endfacet
  facet normal 0 -1 0
    outer loop
      vertex -29.7544 -2.4 62
      vertex -0.650561 -2.4 57.5706
      vertex -0.439992 -2.4 57.6421
    endloop
  endfacet
  facet normal 0 -1 0
    outer loop
      vertex -29.7544 -2.4 62
      vertex -0.849999 -2.4 57.4722
      vertex -0.650561 -2.4 57.5706
    endloop
  endfacet
  facet normal 0 -1 0
    outer loop
      vertex -29.7544 -2.4 62
      vertex -1.03489 -2.4 57.3487
      vertex -0.849999 -2.4 57.4722
    endloop
  endfacet
  facet normal 0 -1 0
    outer loop
      vertex -29.7544 -2.4 62
      vertex -1.20208 -2.4 57.2021
      vertex -1.03489 -2.4 57.3487
    endloop
  endfacet
  facet normal 0 -1 0
    outer loop
      vertex -29.7544 -2.4 62
      vertex -1.3487 -2.4 57.0349
      vertex -1.20208 -2.4 57.2021
    endloop
  endfacet
  facet normal 0 -1 0
    outer loop
      vertex -29.7544 -2.4 62
      vertex -1.47224 -2.4 56.85
      vertex -1.3487 -2.4 57.0349
    endloop
  endfacet
  facet normal 0 -1 0
    outer loop
      vertex -29.7544 -2.4 62
      vertex -1.57059 -2.4 56.6506
      vertex -1.47224 -2.4 56.85
    endloop
  endfacet
  facet normal 0 -1 0
    outer loop
      vertex -29.7544 -2.4 62
      vertex -1.64207 -2.4 56.44
      vertex -1.57059 -2.4 56.6506
    endloop
  endfacet
  facet normal 0 -1 0
    outer loop
      vertex -29.7544 -2.4 62
      vertex -1.68546 -2.4 56.2219
      vertex -1.64207 -2.4 56.44
    endloop
  endfacet
  facet normal 0 -1 0
    outer loop
      vertex -29.7544 -2.4 62
      vertex -1.7 -2.4 56
      vertex -1.68546 -2.4 56.2219
    endloop
  endfacet
  facet normal 0 -1 0
    outer loop
      vertex -29.7544 -2.4 50
      vertex -1.7 -2.4 56
      vertex -29.7544 -2.4 62
    endloop
  endfacet
  facet normal 0 -1 -0
    outer loop
      vertex -1.7 -2.4 56
      vertex -29.7544 -2.4 50
      vertex -1.68546 -2.4 55.7781
    endloop
  endfacet
  facet normal 0 -1 -0
    outer loop
      vertex -1.68546 -2.4 55.7781
      vertex -29.7544 -2.4 50
      vertex -1.64207 -2.4 55.56
    endloop
  endfacet
  facet normal 0 -1 -0
    outer loop
      vertex -1.64207 -2.4 55.56
      vertex -29.7544 -2.4 50
      vertex -1.57059 -2.4 55.3494
    endloop
  endfacet
  facet normal 0 -1 -0
    outer loop
      vertex -1.57059 -2.4 55.3494
      vertex -29.7544 -2.4 50
      vertex -1.47224 -2.4 55.15
    endloop
  endfacet
  facet normal 0 -1 -0
    outer loop
      vertex -1.47224 -2.4 55.15
      vertex -29.7544 -2.4 50
      vertex -1.3487 -2.4 54.9651
    endloop
  endfacet
  facet normal 0 -1 -0
    outer loop
      vertex -1.3487 -2.4 54.9651
      vertex -29.7544 -2.4 50
      vertex -1.20208 -2.4 54.7979
    endloop
  endfacet
  facet normal 0 -1 -0
    outer loop
      vertex -1.20208 -2.4 54.7979
      vertex -29.7544 -2.4 50
      vertex -1.03489 -2.4 54.6513
    endloop
  endfacet
  facet normal 0 -1 -0
    outer loop
      vertex -1.03489 -2.4 54.6513
      vertex -29.7544 -2.4 50
      vertex -0.849999 -2.4 54.5278
    endloop
  endfacet
  facet normal 0 -1 -0
    outer loop
      vertex -0.849999 -2.4 54.5278
      vertex -29.7544 -2.4 50
      vertex -0.650561 -2.4 54.4294
    endloop
  endfacet
  facet normal 0 -1 -0
    outer loop
      vertex -0.221894 -2.4 54.3145
      vertex -29.7544 -2.4 50
      vertex 0 -2.4 54.3
    endloop
  endfacet
  facet normal 0 -1 -0
    outer loop
      vertex -0.439992 -2.4 54.3579
      vertex -29.7544 -2.4 50
      vertex -0.221894 -2.4 54.3145
    endloop
  endfacet
  facet normal 0 -1 -0
    outer loop
      vertex -0.650561 -2.4 54.4294
      vertex -29.7544 -2.4 50
      vertex -0.439992 -2.4 54.3579
    endloop
  endfacet
  facet normal 0 -1 0
    outer loop
      vertex 0.221894 -2.4 57.6855
      vertex 29.7544 -2.4 62
      vertex 0 -2.4 57.7
    endloop
  endfacet
  facet normal 0 -1 0
    outer loop
      vertex 0.439992 -2.4 57.6421
      vertex 29.7544 -2.4 62
      vertex 0.221894 -2.4 57.6855
    endloop
  endfacet
  facet normal 0 -1 0
    outer loop
      vertex 0.650561 -2.4 57.5706
      vertex 29.7544 -2.4 62
      vertex 0.439992 -2.4 57.6421
    endloop
  endfacet
  facet normal 0 -1 0
    outer loop
      vertex 0.849999 -2.4 57.4722
      vertex 29.7544 -2.4 62
      vertex 0.650561 -2.4 57.5706
    endloop
  endfacet
  facet normal 0 -1 0
    outer loop
      vertex 1.03489 -2.4 57.3487
      vertex 29.7544 -2.4 62
      vertex 0.849999 -2.4 57.4722
    endloop
  endfacet
  facet normal 0 -1 0
    outer loop
      vertex 1.20208 -2.4 57.2021
      vertex 29.7544 -2.4 62
      vertex 1.03489 -2.4 57.3487
    endloop
  endfacet
  facet normal 0 -1 0
    outer loop
      vertex 1.3487 -2.4 57.0349
      vertex 29.7544 -2.4 62
      vertex 1.20208 -2.4 57.2021
    endloop
  endfacet
  facet normal 0 -1 0
    outer loop
      vertex 1.47224 -2.4 56.85
      vertex 29.7544 -2.4 62
      vertex 1.3487 -2.4 57.0349
    endloop
  endfacet
  facet normal 0 -1 0
    outer loop
      vertex 1.57059 -2.4 56.6506
      vertex 29.7544 -2.4 62
      vertex 1.47224 -2.4 56.85
    endloop
  endfacet
  facet normal 0 -1 0
    outer loop
      vertex 1.64207 -2.4 56.44
      vertex 29.7544 -2.4 62
      vertex 1.57059 -2.4 56.6506
    endloop
  endfacet
  facet normal 0 -1 0
    outer loop
      vertex 1.68546 -2.4 56.2219
      vertex 29.7544 -2.4 62
      vertex 1.64207 -2.4 56.44
    endloop
  endfacet
  facet normal 0 -1 0
    outer loop
      vertex 1.7 -2.4 56
      vertex 29.7544 -2.4 62
      vertex 1.68546 -2.4 56.2219
    endloop
  endfacet
  facet normal 0 -1 0
    outer loop
      vertex 29.7544 -2.4 50
      vertex 1.7 -2.4 56
      vertex 1.68546 -2.4 55.7781
    endloop
  endfacet
  facet normal 0 -1 0
    outer loop
      vertex 29.7544 -2.4 50
      vertex 1.68546 -2.4 55.7781
      vertex 1.64207 -2.4 55.56
    endloop
  endfacet
  facet normal 0 -1 0
    outer loop
      vertex 29.7544 -2.4 50
      vertex 1.64207 -2.4 55.56
      vertex 1.57059 -2.4 55.3494
    endloop
  endfacet
  facet normal 0 -1 0
    outer loop
      vertex 29.7544 -2.4 50
      vertex 1.57059 -2.4 55.3494
      vertex 1.47224 -2.4 55.15
    endloop
  endfacet
  facet normal 0 -1 0
    outer loop
      vertex 29.7544 -2.4 50
      vertex 1.47224 -2.4 55.15
      vertex 1.3487 -2.4 54.9651
    endloop
  endfacet
  facet normal 0 -1 0
    outer loop
      vertex 29.7544 -2.4 50
      vertex 1.3487 -2.4 54.9651
      vertex 1.20208 -2.4 54.7979
    endloop
  endfacet
  facet normal 0 -1 0
    outer loop
      vertex 29.7544 -2.4 50
      vertex 1.20208 -2.4 54.7979
      vertex 1.03489 -2.4 54.6513
    endloop
  endfacet
  facet normal 0 -1 0
    outer loop
      vertex 29.7544 -2.4 50
      vertex 1.03489 -2.4 54.6513
      vertex 0.849999 -2.4 54.5278
    endloop
  endfacet
  facet normal 0 -1 0
    outer loop
      vertex 29.7544 -2.4 50
      vertex 0.849999 -2.4 54.5278
      vertex 0.650561 -2.4 54.4294
    endloop
  endfacet
  facet normal 0 -1 0
    outer loop
      vertex 29.7544 -2.4 50
      vertex 0.650561 -2.4 54.4294
      vertex 0.439992 -2.4 54.3579
    endloop
  endfacet
  facet normal 0 -1 0
    outer loop
      vertex 29.7544 -2.4 50
      vertex 0 -2.4 54.3
      vertex -29.7544 -2.4 50
    endloop
  endfacet
  facet normal 0 -1 0
    outer loop
      vertex 1.7 -2.4 56
      vertex 29.7544 -2.4 50
      vertex 29.7544 -2.4 62
    endloop
  endfacet
  facet normal 0 -1 0
    outer loop
      vertex 0.221894 -2.4 54.3145
      vertex 29.7544 -2.4 50
      vertex 0.439992 -2.4 54.3579
    endloop
  endfacet
  facet normal 0 -1 0
    outer loop
      vertex 0 -2.4 54.3
      vertex 29.7544 -2.4 50
      vertex 0.221894 -2.4 54.3145
    endloop
  endfacet
  facet normal 0.751879 0.659301 0
    outer loop
      vertex -34.5456 -79.9456 50
      vertex -34.8561 -79.5915 2.4
      vertex -34.8561 -79.5915 50
    endloop
  endfacet
  facet normal 0.751879 0.659301 0
    outer loop
      vertex -34.8561 -79.5915 2.4
      vertex -34.5456 -79.9456 50
      vertex -34.5456 -79.9456 2.4
    endloop
  endfacet
  facet normal -0.32137 -0.946954 0
    outer loop
      vertex 32.9317 -2.52267 2.4
      vertex 33.3777 -2.67403 50
      vertex 32.9317 -2.52267 50
    endloop
  endfacet
  facet normal -0.32137 -0.946954 -0
    outer loop
      vertex 33.3777 -2.67403 50
      vertex 32.9317 -2.52267 2.4
      vertex 33.3777 -2.67403 2.4
    endloop
  endfacet
  facet normal 0.195115 -0.98078 0
    outer loop
      vertex -32.9317 -2.52267 24.39
      vertex -32.4699 -2.4308 50
      vertex -32.9317 -2.52267 50
    endloop
  endfacet
  facet normal 0.195115 -0.98078 0
    outer loop
      vertex -32.4699 -2.4308 50
      vertex -32.9317 -2.52267 24.39
      vertex -32.4699 -2.4308 24.39
    endloop
  endfacet
  facet normal 0.997859 0.0654055 0
    outer loop
      vertex -35.5692 -77.8699 50
      vertex -35.6 -77.4 2.4
      vertex -35.6 -77.4 50
    endloop
  endfacet
  facet normal 0.997859 0.0654055 0
    outer loop
      vertex -35.6 -77.4 2.4
      vertex -35.5692 -77.8699 50
      vertex -35.5692 -77.8699 2.4
    endloop
  endfacet
  facet normal -1 0 0
    outer loop
      vertex 35.6 -67 49.5
      vertex 35.6 -53 52.5
      vertex 35.6 -53 49.5
    endloop
  endfacet
  facet normal -1 -0 0
    outer loop
      vertex 35.6 -53 52.5
      vertex 35.6 -67 49.5
      vertex 35.6 -67 52.5
    endloop
  endfacet
  facet normal -1 0 0
    outer loop
      vertex 35.6 -67 43.5
      vertex 35.6 -53 46.5
      vertex 35.6 -53 43.5
    endloop
  endfacet
  facet normal -1 -0 0
    outer loop
      vertex 35.6 -53 46.5
      vertex 35.6 -67 43.5
      vertex 35.6 -67 46.5
    endloop
  endfacet
  facet normal -1 0 0
    outer loop
      vertex 35.6 -67 37.5
      vertex 35.6 -53 40.5
      vertex 35.6 -53 37.5
    endloop
  endfacet
  facet normal -1 -0 0
    outer loop
      vertex 35.6 -53 40.5
      vertex 35.6 -67 37.5
      vertex 35.6 -67 40.5
    endloop
  endfacet
  facet normal -1 0 0
    outer loop
      vertex 35.6 -6 2.4
      vertex 35.6 -8.24564 50
      vertex 35.6 -6 50
    endloop
  endfacet
  facet normal -1 0 0
    outer loop
      vertex 35.6 -53 37.5
      vertex 35.6 -8.24564 50
      vertex 35.6 -53 34.5
    endloop
  endfacet
  facet normal -1 0 0
    outer loop
      vertex 35.6 -6 2.4
      vertex 35.6 -53 34.5
      vertex 35.6 -8.24564 50
    endloop
  endfacet
  facet normal -1 0 0
    outer loop
      vertex 35.6 -6 2.4
      vertex 35.6 -62.5 13.1
      vertex 35.6 -53 34.5
    endloop
  endfacet
  facet normal -1 0 0
    outer loop
      vertex 35.6 -6 2.4
      vertex 35.6 -62.5385 12.5126
      vertex 35.6 -62.5 13.1
    endloop
  endfacet
  facet normal -1 0 0
    outer loop
      vertex 35.6 -6 2.4
      vertex 35.6 -62.6533 11.9353
      vertex 35.6 -62.5385 12.5126
    endloop
  endfacet
  facet normal -1 0 0
    outer loop
      vertex 35.6 -6 2.4
      vertex 35.6 -62.8425 11.3779
      vertex 35.6 -62.6533 11.9353
    endloop
  endfacet
  facet normal -1 0 0
    outer loop
      vertex 35.6 -6 2.4
      vertex 35.6 -63.1029 10.85
      vertex 35.6 -62.8425 11.3779
    endloop
  endfacet
  facet normal -1 0 0
    outer loop
      vertex 35.6 -6 2.4
      vertex 35.6 -63.4299 10.3606
      vertex 35.6 -63.1029 10.85
    endloop
  endfacet
  facet normal -1 0 0
    outer loop
      vertex 35.6 -6 2.4
      vertex 35.6 -63.818 9.91802
      vertex 35.6 -63.4299 10.3606
    endloop
  endfacet
  facet normal -1 0 0
    outer loop
      vertex 35.6 -6 2.4
      vertex 35.6 -64.2606 9.52991
      vertex 35.6 -63.818 9.91802
    endloop
  endfacet
  facet normal -1 0 0
    outer loop
      vertex 35.6 -6 2.4
      vertex 35.6 -64.75 9.20289
      vertex 35.6 -64.2606 9.52991
    endloop
  endfacet
  facet normal -1 0 0
    outer loop
      vertex 35.6 -6 2.4
      vertex 35.6 -65.2779 8.94254
      vertex 35.6 -64.75 9.20289
    endloop
  endfacet
  facet normal -1 0 0
    outer loop
      vertex 35.6 -77.4 2.4
      vertex 35.6 -65.2779 8.94254
      vertex 35.6 -6 2.4
    endloop
  endfacet
  facet normal -1 0 0
    outer loop
      vertex 35.6 -65.2779 8.94254
      vertex 35.6 -77.4 2.4
      vertex 35.6 -65.8353 8.75333
    endloop
  endfacet
  facet normal -1 0 0
    outer loop
      vertex 35.6 -65.8353 8.75333
      vertex 35.6 -77.4 2.4
      vertex 35.6 -66.4126 8.6385
    endloop
  endfacet
  facet normal -1 0 0
    outer loop
      vertex 35.6 -66.4126 8.6385
      vertex 35.6 -77.4 2.4
      vertex 35.6 -67 8.6
    endloop
  endfacet
  facet normal -1 0 0
    outer loop
      vertex 35.6 -77.4 2.4
      vertex 35.6 -71.5 18.7
      vertex 35.6 -71.5 13.1
    endloop
  endfacet
  facet normal -1 0 0
    outer loop
      vertex 35.6 -77.4 2.4
      vertex 35.6 -71.5 13.1
      vertex 35.6 -71.4615 12.5126
    endloop
  endfacet
  facet normal -1 -0 0
    outer loop
      vertex 35.6 -67 8.6
      vertex 35.6 -77.4 2.4
      vertex 35.6 -67.5874 8.6385
    endloop
  endfacet
  facet normal -1 0 0
    outer loop
      vertex 35.6 -77.4 2.4
      vertex 35.6 -68.1647 8.75333
      vertex 35.6 -67.5874 8.6385
    endloop
  endfacet
  facet normal -1 0 0
    outer loop
      vertex 35.6 -77.4 2.4
      vertex 35.6 -68.7221 8.94254
      vertex 35.6 -68.1647 8.75333
    endloop
  endfacet
  facet normal -1 0 0
    outer loop
      vertex 35.6 -77.4 2.4
      vertex 35.6 -69.25 9.20289
      vertex 35.6 -68.7221 8.94254
    endloop
  endfacet
  facet normal -1 0 0
    outer loop
      vertex 35.6 -77.4 2.4
      vertex 35.6 -69.7394 9.52991
      vertex 35.6 -69.25 9.20289
    endloop
  endfacet
  facet normal -1 0 0
    outer loop
      vertex 35.6 -77.4 2.4
      vertex 35.6 -70.182 9.91802
      vertex 35.6 -69.7394 9.52991
    endloop
  endfacet
  facet normal -1 0 0
    outer loop
      vertex 35.6 -77.4 2.4
      vertex 35.6 -70.5701 10.3606
      vertex 35.6 -70.182 9.91802
    endloop
  endfacet
  facet normal -1 0 0
    outer loop
      vertex 35.6 -77.4 2.4
      vertex 35.6 -70.8971 10.85
      vertex 35.6 -70.5701 10.3606
    endloop
  endfacet
  facet normal -1 0 0
    outer loop
      vertex 35.6 -77.4 2.4
      vertex 35.6 -71.1575 11.3779
      vertex 35.6 -70.8971 10.85
    endloop
  endfacet
  facet normal -1 0 0
    outer loop
      vertex 35.6 -77.4 2.4
      vertex 35.6 -71.3467 11.9353
      vertex 35.6 -71.1575 11.3779
    endloop
  endfacet
  facet normal -1 0 0
    outer loop
      vertex 35.6 -77.4 2.4
      vertex 35.6 -71.4615 12.5126
      vertex 35.6 -71.3467 11.9353
    endloop
  endfacet
  facet normal -1 -0 0
    outer loop
      vertex 35.6 -71.5 18.7
      vertex 35.6 -77.4 2.4
      vertex 35.6 -77.4 50
    endloop
  endfacet
  facet normal -1 0 0
    outer loop
      vertex 35.6 -71.5 18.7
      vertex 35.6 -77.4 50
      vertex 35.6 -75.7544 50
    endloop
  endfacet
  facet normal -1 0 0
    outer loop
      vertex 35.6 -53 40.5
      vertex 35.6 -8.24564 50
      vertex 35.6 -53 37.5
    endloop
  endfacet
  facet normal -1 0 0
    outer loop
      vertex 35.6 -53 43.5
      vertex 35.6 -8.24564 50
      vertex 35.6 -53 40.5
    endloop
  endfacet
  facet normal -1 0 0
    outer loop
      vertex 35.6 -53 46.5
      vertex 35.6 -8.24564 50
      vertex 35.6 -53 43.5
    endloop
  endfacet
  facet normal -1 0 0
    outer loop
      vertex 35.6 -53 49.5
      vertex 35.6 -8.24564 50
      vertex 35.6 -53 46.5
    endloop
  endfacet
  facet normal -1 0 0
    outer loop
      vertex 35.6 -53 52.5
      vertex 35.6 -8.24564 50
      vertex 35.6 -53 49.5
    endloop
  endfacet
  facet normal -1 0 0
    outer loop
      vertex 35.6 -53 55.5
      vertex 35.6 -8.24564 50
      vertex 35.6 -53 52.5
    endloop
  endfacet
  facet normal -1 0 0
    outer loop
      vertex 35.6 -8.24564 50
      vertex 35.6 -53 55.5
      vertex 35.6 -8.24564 62
    endloop
  endfacet
  facet normal -1 0 0
    outer loop
      vertex 35.6 -75.7544 62
      vertex 35.6 -53 55.5
      vertex 35.6 -67 55.5
    endloop
  endfacet
  facet normal -1 0 0
    outer loop
      vertex 35.6 -67 49.5
      vertex 35.6 -75.7544 50
      vertex 35.6 -67 52.5
    endloop
  endfacet
  facet normal -1 0 0
    outer loop
      vertex 35.6 -75.7544 50
      vertex 35.6 -68.1647 23.0467
      vertex 35.6 -68.7221 22.8575
    endloop
  endfacet
  facet normal -1 0 0
    outer loop
      vertex 35.6 -75.7544 50
      vertex 35.6 -68.7221 22.8575
      vertex 35.6 -69.25 22.5971
    endloop
  endfacet
  facet normal -1 0 0
    outer loop
      vertex 35.6 -75.7544 50
      vertex 35.6 -69.25 22.5971
      vertex 35.6 -69.7394 22.2701
    endloop
  endfacet
  facet normal -1 0 0
    outer loop
      vertex 35.6 -75.7544 50
      vertex 35.6 -69.7394 22.2701
      vertex 35.6 -70.182 21.882
    endloop
  endfacet
  facet normal -1 0 0
    outer loop
      vertex 35.6 -75.7544 50
      vertex 35.6 -70.182 21.882
      vertex 35.6 -70.5701 21.4394
    endloop
  endfacet
  facet normal -1 0 0
    outer loop
      vertex 35.6 -75.7544 50
      vertex 35.6 -70.5701 21.4394
      vertex 35.6 -70.8971 20.95
    endloop
  endfacet
  facet normal -1 0 0
    outer loop
      vertex 35.6 -75.7544 50
      vertex 35.6 -70.8971 20.95
      vertex 35.6 -71.1575 20.4221
    endloop
  endfacet
  facet normal -1 0 0
    outer loop
      vertex 35.6 -75.7544 50
      vertex 35.6 -71.1575 20.4221
      vertex 35.6 -71.3467 19.8647
    endloop
  endfacet
  facet normal -1 0 0
    outer loop
      vertex 35.6 -75.7544 50
      vertex 35.6 -71.3467 19.8647
      vertex 35.6 -71.4615 19.2874
    endloop
  endfacet
  facet normal -1 0 0
    outer loop
      vertex 35.6 -75.7544 50
      vertex 35.6 -71.4615 19.2874
      vertex 35.6 -71.5 18.7
    endloop
  endfacet
  facet normal -1 -0 0
    outer loop
      vertex 35.6 -67 52.5
      vertex 35.6 -75.7544 50
      vertex 35.6 -67 55.5
    endloop
  endfacet
  facet normal -1 0 0
    outer loop
      vertex 35.6 -53 55.5
      vertex 35.6 -75.7544 62
      vertex 35.6 -8.24564 62
    endloop
  endfacet
  facet normal -1 0 0
    outer loop
      vertex 35.6 -75.7544 62
      vertex 35.6 -67 55.5
      vertex 35.6 -75.7544 50
    endloop
  endfacet
  facet normal -1 0 0
    outer loop
      vertex 35.6 -62.5 18.7
      vertex 35.6 -53 34.5
      vertex 35.6 -62.5 13.1
    endloop
  endfacet
  facet normal -1 0 0
    outer loop
      vertex 35.6 -62.5385 19.2874
      vertex 35.6 -53 34.5
      vertex 35.6 -62.5 18.7
    endloop
  endfacet
  facet normal -1 0 0
    outer loop
      vertex 35.6 -62.6533 19.8647
      vertex 35.6 -53 34.5
      vertex 35.6 -62.5385 19.2874
    endloop
  endfacet
  facet normal -1 0 0
    outer loop
      vertex 35.6 -62.8425 20.4221
      vertex 35.6 -53 34.5
      vertex 35.6 -62.6533 19.8647
    endloop
  endfacet
  facet normal -1 0 0
    outer loop
      vertex 35.6 -63.1029 20.95
      vertex 35.6 -53 34.5
      vertex 35.6 -62.8425 20.4221
    endloop
  endfacet
  facet normal -1 0 0
    outer loop
      vertex 35.6 -63.4299 21.4394
      vertex 35.6 -53 34.5
      vertex 35.6 -63.1029 20.95
    endloop
  endfacet
  facet normal -1 0 0
    outer loop
      vertex 35.6 -63.818 21.882
      vertex 35.6 -53 34.5
      vertex 35.6 -63.4299 21.4394
    endloop
  endfacet
  facet normal -1 0 0
    outer loop
      vertex 35.6 -64.2606 22.2701
      vertex 35.6 -53 34.5
      vertex 35.6 -63.818 21.882
    endloop
  endfacet
  facet normal -1 0 0
    outer loop
      vertex 35.6 -64.75 22.5971
      vertex 35.6 -53 34.5
      vertex 35.6 -64.2606 22.2701
    endloop
  endfacet
  facet normal -1 0 0
    outer loop
      vertex 35.6 -67 34.5
      vertex 35.6 -64.75 22.5971
      vertex 35.6 -65.2779 22.8575
    endloop
  endfacet
  facet normal -1 0 0
    outer loop
      vertex 35.6 -67 34.5
      vertex 35.6 -65.2779 22.8575
      vertex 35.6 -65.8353 23.0467
    endloop
  endfacet
  facet normal -1 0 0
    outer loop
      vertex 35.6 -67 34.5
      vertex 35.6 -65.8353 23.0467
      vertex 35.6 -66.4126 23.1615
    endloop
  endfacet
  facet normal -1 0 0
    outer loop
      vertex 35.6 -67 34.5
      vertex 35.6 -66.4126 23.1615
      vertex 35.6 -67 23.2
    endloop
  endfacet
  facet normal -1 0 0
    outer loop
      vertex 35.6 -64.75 22.5971
      vertex 35.6 -67 34.5
      vertex 35.6 -53 34.5
    endloop
  endfacet
  facet normal -1 0 0
    outer loop
      vertex 35.6 -67.5874 23.1615
      vertex 35.6 -67 34.5
      vertex 35.6 -67 23.2
    endloop
  endfacet
  facet normal -1 0 0
    outer loop
      vertex 35.6 -68.1647 23.0467
      vertex 35.6 -67 34.5
      vertex 35.6 -67.5874 23.1615
    endloop
  endfacet
  facet normal -1 0 0
    outer loop
      vertex 35.6 -75.7544 50
      vertex 35.6 -67 34.5
      vertex 35.6 -68.1647 23.0467
    endloop
  endfacet
  facet normal -1 0 0
    outer loop
      vertex 35.6 -67 34.5
      vertex 35.6 -75.7544 50
      vertex 35.6 -67 37.5
    endloop
  endfacet
  facet normal -1 0 0
    outer loop
      vertex 35.6 -67 37.5
      vertex 35.6 -75.7544 50
      vertex 35.6 -67 40.5
    endloop
  endfacet
  facet normal -1 0 0
    outer loop
      vertex 35.6 -67 40.5
      vertex 35.6 -75.7544 50
      vertex 35.6 -67 43.5
    endloop
  endfacet
  facet normal -1 0 0
    outer loop
      vertex 35.6 -67 43.5
      vertex 35.6 -75.7544 50
      vertex 35.6 -67 46.5
    endloop
  endfacet
  facet normal -1 0 0
    outer loop
      vertex 35.6 -67 46.5
      vertex 35.6 -75.7544 50
      vertex 35.6 -67 49.5
    endloop
  endfacet
  facet normal 0.946973 -0.321314 0
    outer loop
      vertex -35.4773 -5.06825 50
      vertex -35.326 -4.62234 24.39
      vertex -35.326 -4.62234 50
    endloop
  endfacet
  facet normal 0.946973 -0.321314 0
    outer loop
      vertex -35.326 -4.62234 24.39
      vertex -35.4773 -5.06825 50
      vertex -35.4773 -5.06825 24.39
    endloop
  endfacet
  facet normal 0.659301 0.751879 -0
    outer loop
      vertex -34.1915 -80.2561 2.4
      vertex -34.5456 -79.9456 50
      vertex -34.1915 -80.2561 50
    endloop
  endfacet
  facet normal 0.659301 0.751879 0
    outer loop
      vertex -34.5456 -79.9456 50
      vertex -34.1915 -80.2561 2.4
      vertex -34.5456 -79.9456 2.4
    endloop
  endfacet
  facet normal -0.997859 0.0654055 0
    outer loop
      vertex 35.5692 -77.8699 2.4
      vertex 35.6 -77.4 50
      vertex 35.6 -77.4 2.4
    endloop
  endfacet
  facet normal -0.997859 0.0654055 0
    outer loop
      vertex 35.6 -77.4 50
      vertex 35.5692 -77.8699 2.4
      vertex 35.5692 -77.8699 50
    endloop
  endfacet
  facet normal -0.442331 -0.896852 0
    outer loop
      vertex 33.3777 -2.67403 2.4
      vertex 33.8 -2.88231 50
      vertex 33.3777 -2.67403 50
    endloop
  endfacet
  facet normal -0.442331 -0.896852 -0
    outer loop
      vertex 33.8 -2.88231 50
      vertex 33.3777 -2.67403 2.4
      vertex 33.8 -2.88231 2.4
    endloop
  endfacet
  facet normal -0.980768 0.195177 0
    outer loop
      vertex 35.4773 -78.3317 2.4
      vertex 35.5692 -77.8699 50
      vertex 35.5692 -77.8699 2.4
    endloop
  endfacet
  facet normal -0.980768 0.195177 0
    outer loop
      vertex 35.5692 -77.8699 50
      vertex 35.4773 -78.3317 2.4
      vertex 35.4773 -78.3317 50
    endloop
  endfacet
  facet normal 0.997859 -0.0654055 0
    outer loop
      vertex -35.6 -6 50
      vertex -35.5692 -5.5301 24.39
      vertex -35.5692 -5.5301 50
    endloop
  endfacet
  facet normal 0.997859 -0.0654055 0
    outer loop
      vertex -35.5692 -5.5301 24.39
      vertex -35.6 -6 50
      vertex -35.6 -6 24.39
    endloop
  endfacet
  facet normal 0.442365 0.896835 -0
    outer loop
      vertex -33.3777 -80.726 2.4
      vertex -33.8 -80.5177 50
      vertex -33.3777 -80.726 50
    endloop
  endfacet
  facet normal 0.442365 0.896835 0
    outer loop
      vertex -33.8 -80.5177 50
      vertex -33.3777 -80.726 2.4
      vertex -33.8 -80.5177 2.4
    endloop
  endfacet
  facet normal 0 1 0
    outer loop
      vertex 2.73943 -81 49.8299
      vertex 20.218 -81 27.082
      vertex 2.25 -81 49.5029
    endloop
  endfacet
  facet normal 0 1 0
    outer loop
      vertex 0 -81 48.9
      vertex -22.8126 -81 28.3615
      vertex -23.4 -81 28.4
    endloop
  endfacet
  facet normal 0 1 -0
    outer loop
      vertex 19.8299 -81 26.6394
      vertex 2.25 -81 49.5029
      vertex 20.218 -81 27.082
    endloop
  endfacet
  facet normal 0 1 0
    outer loop
      vertex 0 -81 48.9
      vertex -22.2353 -81 28.2467
      vertex -22.8126 -81 28.3615
    endloop
  endfacet
  facet normal 0 1 0
    outer loop
      vertex 2.25 -81 49.5029
      vertex 19.8299 -81 26.6394
      vertex 1.72207 -81 49.2425
    endloop
  endfacet
  facet normal 0 1 0
    outer loop
      vertex 0 -81 48.9
      vertex -21.6779 -81 28.0575
      vertex -22.2353 -81 28.2467
    endloop
  endfacet
  facet normal 0 1 -0
    outer loop
      vertex 19.5029 -81 26.15
      vertex 1.72207 -81 49.2425
      vertex 19.8299 -81 26.6394
    endloop
  endfacet
  facet normal 0 1 0
    outer loop
      vertex 0 -81 48.9
      vertex -21.15 -81 27.7971
      vertex -21.6779 -81 28.0575
    endloop
  endfacet
  facet normal 0 1 0
    outer loop
      vertex 1.72207 -81 49.2425
      vertex 19.5029 -81 26.15
      vertex 1.16469 -81 49.0533
    endloop
  endfacet
  facet normal 0 1 0
    outer loop
      vertex 0 -81 48.9
      vertex -20.6606 -81 27.4701
      vertex -21.15 -81 27.7971
    endloop
  endfacet
  facet normal 0 1 -0
    outer loop
      vertex 19.2425 -81 25.6221
      vertex 1.16469 -81 49.0533
      vertex 19.5029 -81 26.15
    endloop
  endfacet
  facet normal 0 1 0
    outer loop
      vertex 0 -81 48.9
      vertex -20.218 -81 27.082
      vertex -20.6606 -81 27.4701
    endloop
  endfacet
  facet normal 0 1 0
    outer loop
      vertex 1.16469 -81 49.0533
      vertex 19.2425 -81 25.6221
      vertex 0.587367 -81 48.9385
    endloop
  endfacet
  facet normal 0 1 0
    outer loop
      vertex 0 -81 48.9
      vertex -19.8299 -81 26.6394
      vertex -20.218 -81 27.082
    endloop
  endfacet
  facet normal 0 1 -0
    outer loop
      vertex 19.0533 -81 25.0647
      vertex 0.587367 -81 48.9385
      vertex 19.2425 -81 25.6221
    endloop
  endfacet
  facet normal 0 1 0
    outer loop
      vertex 0 -81 48.9
      vertex -19.5029 -81 26.15
      vertex -19.8299 -81 26.6394
    endloop
  endfacet
  facet normal 0 1 0
    outer loop
      vertex 0.587367 -81 48.9385
      vertex 19.0533 -81 25.0647
      vertex 0 -81 48.9
    endloop
  endfacet
  facet normal 0 1 0
    outer loop
      vertex 0 -81 48.9
      vertex -19.2425 -81 25.6221
      vertex -19.5029 -81 26.15
    endloop
  endfacet
  facet normal 0 1 0
    outer loop
      vertex -19.0533 -81 25.0647
      vertex 0 -81 48.9
      vertex 19.0533 -81 25.0647
    endloop
  endfacet
  facet normal 0 1 0
    outer loop
      vertex 0 -81 48.9
      vertex -19.0533 -81 25.0647
      vertex -19.2425 -81 25.6221
    endloop
  endfacet
  facet normal 0 1 -0
    outer loop
      vertex 18.9385 -81 24.4874
      vertex -19.0533 -81 25.0647
      vertex 19.0533 -81 25.0647
    endloop
  endfacet
  facet normal 0 1 0
    outer loop
      vertex 18.9385 -81 24.4874
      vertex -18.9385 -81 24.4874
      vertex -19.0533 -81 25.0647
    endloop
  endfacet
  facet normal 0 1 -0
    outer loop
      vertex 18.9 -81 23.9
      vertex -18.9385 -81 24.4874
      vertex 18.9385 -81 24.4874
    endloop
  endfacet
  facet normal 0 1 0
    outer loop
      vertex 18.9 -81 23.9
      vertex -18.9 -81 23.9
      vertex -18.9385 -81 24.4874
    endloop
  endfacet
  facet normal 0 1 -0
    outer loop
      vertex 18.9 -81 21.5
      vertex -18.9 -81 23.9
      vertex 18.9 -81 23.9
    endloop
  endfacet
  facet normal 0 1 0
    outer loop
      vertex 18.9 -81 21.5
      vertex -18.9 -81 21.5
      vertex -18.9 -81 23.9
    endloop
  endfacet
  facet normal 0 1 0
    outer loop
      vertex 18.9385 -81 20.9126
      vertex -18.9 -81 21.5
      vertex 18.9 -81 21.5
    endloop
  endfacet
  facet normal 0 1 0
    outer loop
      vertex 18.9385 -81 20.9126
      vertex -18.9385 -81 20.9126
      vertex -18.9 -81 21.5
    endloop
  endfacet
  facet normal 0 1 0
    outer loop
      vertex 19.0533 -81 20.3353
      vertex -18.9385 -81 20.9126
      vertex 18.9385 -81 20.9126
    endloop
  endfacet
  facet normal 0 1 0
    outer loop
      vertex 19.0533 -81 20.3353
      vertex -19.0533 -81 20.3353
      vertex -18.9385 -81 20.9126
    endloop
  endfacet
  facet normal 0 1 0
    outer loop
      vertex 19.2425 -81 19.7779
      vertex -19.0533 -81 20.3353
      vertex 19.0533 -81 20.3353
    endloop
  endfacet
  facet normal 0 1 0
    outer loop
      vertex 19.2425 -81 19.7779
      vertex -19.2425 -81 19.7779
      vertex -19.0533 -81 20.3353
    endloop
  endfacet
  facet normal 0 1 0
    outer loop
      vertex 19.5029 -81 19.25
      vertex -19.2425 -81 19.7779
      vertex 19.2425 -81 19.7779
    endloop
  endfacet
  facet normal 0 1 0
    outer loop
      vertex 19.5029 -81 19.25
      vertex -19.5029 -81 19.25
      vertex -19.2425 -81 19.7779
    endloop
  endfacet
  facet normal 0 1 0
    outer loop
      vertex 19.8299 -81 18.7606
      vertex -19.5029 -81 19.25
      vertex 19.5029 -81 19.25
    endloop
  endfacet
  facet normal 0 1 0
    outer loop
      vertex 19.8299 -81 18.7606
      vertex -19.8299 -81 18.7606
      vertex -19.5029 -81 19.25
    endloop
  endfacet
  facet normal 0 1 0
    outer loop
      vertex 20.218 -81 18.318
      vertex -19.8299 -81 18.7606
      vertex 19.8299 -81 18.7606
    endloop
  endfacet
  facet normal 0 1 0
    outer loop
      vertex 20.218 -81 18.318
      vertex -20.218 -81 18.318
      vertex -19.8299 -81 18.7606
    endloop
  endfacet
  facet normal 0 1 0
    outer loop
      vertex 20.6606 -81 17.9299
      vertex -20.218 -81 18.318
      vertex 20.218 -81 18.318
    endloop
  endfacet
  facet normal 0 1 0
    outer loop
      vertex 20.6606 -81 17.9299
      vertex -20.6606 -81 17.9299
      vertex -20.218 -81 18.318
    endloop
  endfacet
  facet normal 0 1 0
    outer loop
      vertex 32 -81 2.4
      vertex 20.6606 -81 17.9299
      vertex 21.15 -81 17.6029
    endloop
  endfacet
  facet normal 0 1 0
    outer loop
      vertex 20.6606 -81 17.9299
      vertex 32 -81 2.4
      vertex -20.6606 -81 17.9299
    endloop
  endfacet
  facet normal 0 1 0
    outer loop
      vertex 32 -81 2.4
      vertex 21.15 -81 17.6029
      vertex 21.6779 -81 17.3425
    endloop
  endfacet
  facet normal 0 1 0
    outer loop
      vertex -32 -81 2.4
      vertex -20.6606 -81 17.9299
      vertex 32 -81 2.4
    endloop
  endfacet
  facet normal 0 1 0
    outer loop
      vertex 32 -81 2.4
      vertex 21.6779 -81 17.3425
      vertex 22.2353 -81 17.1533
    endloop
  endfacet
  facet normal 0 1 0
    outer loop
      vertex -20.6606 -81 17.9299
      vertex -32 -81 2.4
      vertex -21.15 -81 17.6029
    endloop
  endfacet
  facet normal 0 1 0
    outer loop
      vertex 32 -81 2.4
      vertex 22.2353 -81 17.1533
      vertex 22.8126 -81 17.0385
    endloop
  endfacet
  facet normal 0 1 0
    outer loop
      vertex -21.15 -81 17.6029
      vertex -32 -81 2.4
      vertex -21.6779 -81 17.3425
    endloop
  endfacet
  facet normal 0 1 0
    outer loop
      vertex 32 -81 2.4
      vertex 22.8126 -81 17.0385
      vertex 23.4 -81 17
    endloop
  endfacet
  facet normal 0 1 0
    outer loop
      vertex -21.6779 -81 17.3425
      vertex -32 -81 2.4
      vertex -22.2353 -81 17.1533
    endloop
  endfacet
  facet normal 0 1 0
    outer loop
      vertex 25.1221 -81 28.0575
      vertex 28.9902 -81 50
      vertex 32 -81 50
    endloop
  endfacet
  facet normal 0 1 0
    outer loop
      vertex 22.8126 -81 28.3615
      vertex 28.9902 -81 50
      vertex 23.4 -81 28.4
    endloop
  endfacet
  facet normal 0 1 0
    outer loop
      vertex 20 -81 52
      vertex 22.2353 -81 28.2467
      vertex 16 -81 52
    endloop
  endfacet
  facet normal 0 1 -0
    outer loop
      vertex 21.6779 -81 28.0575
      vertex 16 -81 52
      vertex 22.2353 -81 28.2467
    endloop
  endfacet
  facet normal 0 1 -0
    outer loop
      vertex 21.15 -81 27.7971
      vertex 16 -81 52
      vertex 21.6779 -81 28.0575
    endloop
  endfacet
  facet normal 0 1 -0
    outer loop
      vertex 20.6606 -81 27.4701
      vertex 16 -81 52
      vertex 21.15 -81 27.7971
    endloop
  endfacet
  facet normal 0 1 0
    outer loop
      vertex 16 -81 52
      vertex 20.6606 -81 27.4701
      vertex 2.73943 -81 49.8299
    endloop
  endfacet
  facet normal 0 1 0
    outer loop
      vertex 28.9902 -81 50
      vertex 23.9874 -81 28.3615
      vertex 23.4 -81 28.4
    endloop
  endfacet
  facet normal 0 1 0
    outer loop
      vertex 28.9902 -81 50
      vertex 24.5647 -81 28.2467
      vertex 23.9874 -81 28.3615
    endloop
  endfacet
  facet normal 0 1 0
    outer loop
      vertex 28.9902 -81 50
      vertex 25.1221 -81 28.0575
      vertex 24.5647 -81 28.2467
    endloop
  endfacet
  facet normal 0 1 0
    outer loop
      vertex 32 -81 50
      vertex 25.65 -81 27.7971
      vertex 25.1221 -81 28.0575
    endloop
  endfacet
  facet normal 0 1 0
    outer loop
      vertex 32 -81 50
      vertex 26.1394 -81 27.4701
      vertex 25.65 -81 27.7971
    endloop
  endfacet
  facet normal 0 1 0
    outer loop
      vertex 32 -81 50
      vertex 26.582 -81 27.082
      vertex 26.1394 -81 27.4701
    endloop
  endfacet
  facet normal 0 1 0
    outer loop
      vertex 32 -81 50
      vertex 26.9701 -81 26.6394
      vertex 26.582 -81 27.082
    endloop
  endfacet
  facet normal 0 1 0
    outer loop
      vertex 32 -81 50
      vertex 27.2971 -81 26.15
      vertex 26.9701 -81 26.6394
    endloop
  endfacet
  facet normal 0 1 0
    outer loop
      vertex 32 -81 50
      vertex 27.5575 -81 25.6221
      vertex 27.2971 -81 26.15
    endloop
  endfacet
  facet normal 0 1 0
    outer loop
      vertex 32 -81 50
      vertex 27.7467 -81 25.0647
      vertex 27.5575 -81 25.6221
    endloop
  endfacet
  facet normal 0 1 0
    outer loop
      vertex 32 -81 50
      vertex 27.8615 -81 24.4874
      vertex 27.7467 -81 25.0647
    endloop
  endfacet
  facet normal 0 1 0
    outer loop
      vertex 32 -81 50
      vertex 27.9 -81 23.9
      vertex 27.8615 -81 24.4874
    endloop
  endfacet
  facet normal 0 1 -0
    outer loop
      vertex 32 -81 2.4
      vertex 27.9 -81 23.9
      vertex 32 -81 50
    endloop
  endfacet
  facet normal 0 1 0
    outer loop
      vertex 27.9 -81 23.9
      vertex 32 -81 2.4
      vertex 27.9 -81 21.5
    endloop
  endfacet
  facet normal 0 1 0
    outer loop
      vertex -22.2353 -81 17.1533
      vertex -32 -81 2.4
      vertex -22.8126 -81 17.0385
    endloop
  endfacet
  facet normal 0 1 0
    outer loop
      vertex 23.9874 -81 17.0385
      vertex 32 -81 2.4
      vertex 23.4 -81 17
    endloop
  endfacet
  facet normal 0 1 0
    outer loop
      vertex 24.5647 -81 17.1533
      vertex 32 -81 2.4
      vertex 23.9874 -81 17.0385
    endloop
  endfacet
  facet normal 0 1 0
    outer loop
      vertex 25.1221 -81 17.3425
      vertex 32 -81 2.4
      vertex 24.5647 -81 17.1533
    endloop
  endfacet
  facet normal 0 1 0
    outer loop
      vertex 25.65 -81 17.6029
      vertex 32 -81 2.4
      vertex 25.1221 -81 17.3425
    endloop
  endfacet
  facet normal 0 1 0
    outer loop
      vertex 26.1394 -81 17.9299
      vertex 32 -81 2.4
      vertex 25.65 -81 17.6029
    endloop
  endfacet
  facet normal 0 1 0
    outer loop
      vertex 26.582 -81 18.318
      vertex 32 -81 2.4
      vertex 26.1394 -81 17.9299
    endloop
  endfacet
  facet normal 0 1 0
    outer loop
      vertex 26.9701 -81 18.7606
      vertex 32 -81 2.4
      vertex 26.582 -81 18.318
    endloop
  endfacet
  facet normal 0 1 0
    outer loop
      vertex 27.2971 -81 19.25
      vertex 32 -81 2.4
      vertex 26.9701 -81 18.7606
    endloop
  endfacet
  facet normal 0 1 0
    outer loop
      vertex 27.5575 -81 19.7779
      vertex 32 -81 2.4
      vertex 27.2971 -81 19.25
    endloop
  endfacet
  facet normal 0 1 0
    outer loop
      vertex 27.7467 -81 20.3353
      vertex 32 -81 2.4
      vertex 27.5575 -81 19.7779
    endloop
  endfacet
  facet normal 0 1 0
    outer loop
      vertex 27.8615 -81 20.9126
      vertex 32 -81 2.4
      vertex 27.7467 -81 20.3353
    endloop
  endfacet
  facet normal 0 1 0
    outer loop
      vertex 27.9 -81 21.5
      vertex 32 -81 2.4
      vertex 27.8615 -81 20.9126
    endloop
  endfacet
  facet normal 0 1 0
    outer loop
      vertex 28.9902 -81 62
      vertex 0 -81 60.3
      vertex -28.9902 -81 62
    endloop
  endfacet
  facet normal 0 1 0
    outer loop
      vertex 28.9902 -81 62
      vertex 0.587367 -81 60.2615
      vertex 0 -81 60.3
    endloop
  endfacet
  facet normal 0 1 -0
    outer loop
      vertex 16 -81 60
      vertex 0.587367 -81 60.2615
      vertex 28.9902 -81 62
    endloop
  endfacet
  facet normal 0 1 0
    outer loop
      vertex 16 -81 60
      vertex 28.9902 -81 62
      vertex 20 -81 60
    endloop
  endfacet
  facet normal 0 1 0
    outer loop
      vertex 28.9902 -81 62
      vertex 20.3916 -81 59.9743
      vertex 20 -81 60
    endloop
  endfacet
  facet normal 0 1 0
    outer loop
      vertex 28.9902 -81 62
      vertex 20.7765 -81 59.8978
      vertex 20.3916 -81 59.9743
    endloop
  endfacet
  facet normal 0 1 0
    outer loop
      vertex 28.9902 -81 62
      vertex 21.148 -81 59.7716
      vertex 20.7765 -81 59.8978
    endloop
  endfacet
  facet normal 0 1 0
    outer loop
      vertex 28.9902 -81 62
      vertex 21.5 -81 59.5981
      vertex 21.148 -81 59.7716
    endloop
  endfacet
  facet normal 0 1 0
    outer loop
      vertex 28.9902 -81 62
      vertex 21.8263 -81 59.3801
      vertex 21.5 -81 59.5981
    endloop
  endfacet
  facet normal 0 1 0
    outer loop
      vertex 28.9902 -81 62
      vertex 22.1213 -81 59.1213
      vertex 21.8263 -81 59.3801
    endloop
  endfacet
  facet normal 0 1 0
    outer loop
      vertex 28.9902 -81 62
      vertex 22.3801 -81 58.8263
      vertex 22.1213 -81 59.1213
    endloop
  endfacet
  facet normal 0 1 0
    outer loop
      vertex 28.9902 -81 62
      vertex 22.5981 -81 58.5
      vertex 22.3801 -81 58.8263
    endloop
  endfacet
  facet normal 0 1 0
    outer loop
      vertex 28.9902 -81 62
      vertex 22.7716 -81 58.148
      vertex 22.5981 -81 58.5
    endloop
  endfacet
  facet normal 0 1 0
    outer loop
      vertex 28.9902 -81 62
      vertex 22.8978 -81 57.7765
      vertex 22.7716 -81 58.148
    endloop
  endfacet
  facet normal 0 1 0
    outer loop
      vertex 28.9902 -81 62
      vertex 22.9743 -81 57.3916
      vertex 22.8978 -81 57.7765
    endloop
  endfacet
  facet normal 0 1 0
    outer loop
      vertex 28.9902 -81 62
      vertex 23 -81 57
      vertex 22.9743 -81 57.3916
    endloop
  endfacet
  facet normal 0 1 0
    outer loop
      vertex 28.9902 -81 62
      vertex 23 -81 55
      vertex 23 -81 57
    endloop
  endfacet
  facet normal 0 1 -0
    outer loop
      vertex 28.9902 -81 50
      vertex 23 -81 55
      vertex 28.9902 -81 62
    endloop
  endfacet
  facet normal 0 1 0
    outer loop
      vertex 23 -81 55
      vertex 28.9902 -81 50
      vertex 22.9743 -81 54.6084
    endloop
  endfacet
  facet normal 0 1 0
    outer loop
      vertex 22.9743 -81 54.6084
      vertex 28.9902 -81 50
      vertex 22.8978 -81 54.2235
    endloop
  endfacet
  facet normal 0 1 0
    outer loop
      vertex 22.8978 -81 54.2235
      vertex 28.9902 -81 50
      vertex 22.7716 -81 53.852
    endloop
  endfacet
  facet normal 0 1 0
    outer loop
      vertex 22.7716 -81 53.852
      vertex 28.9902 -81 50
      vertex 22.5981 -81 53.5
    endloop
  endfacet
  facet normal 0 1 0
    outer loop
      vertex 20.3916 -81 52.0257
      vertex 22.8126 -81 28.3615
      vertex 20 -81 52
    endloop
  endfacet
  facet normal 0 1 0
    outer loop
      vertex 16 -81 52
      vertex 3.89711 -81 51.15
      vertex 4.15746 -81 51.6779
    endloop
  endfacet
  facet normal 0 1 0
    outer loop
      vertex 16 -81 52
      vertex 3.57009 -81 50.6606
      vertex 3.89711 -81 51.15
    endloop
  endfacet
  facet normal 0 1 -0
    outer loop
      vertex 22.8126 -81 28.3615
      vertex 20.3916 -81 52.0257
      vertex 28.9902 -81 50
    endloop
  endfacet
  facet normal 0 1 0
    outer loop
      vertex 16 -81 52
      vertex 3.18198 -81 50.218
      vertex 3.57009 -81 50.6606
    endloop
  endfacet
  facet normal 0 1 0
    outer loop
      vertex 22.5981 -81 53.5
      vertex 28.9902 -81 50
      vertex 22.3801 -81 53.1737
    endloop
  endfacet
  facet normal 0 1 0
    outer loop
      vertex 28.9902 -81 50
      vertex 22.1213 -81 52.8787
      vertex 22.3801 -81 53.1737
    endloop
  endfacet
  facet normal 0 1 0
    outer loop
      vertex 28.9902 -81 50
      vertex 21.8263 -81 52.6199
      vertex 22.1213 -81 52.8787
    endloop
  endfacet
  facet normal 0 1 0
    outer loop
      vertex 28.9902 -81 50
      vertex 21.5 -81 52.4019
      vertex 21.8263 -81 52.6199
    endloop
  endfacet
  facet normal 0 1 0
    outer loop
      vertex 28.9902 -81 50
      vertex 21.148 -81 52.2284
      vertex 21.5 -81 52.4019
    endloop
  endfacet
  facet normal 0 1 0
    outer loop
      vertex 28.9902 -81 50
      vertex 20.7765 -81 52.1022
      vertex 21.148 -81 52.2284
    endloop
  endfacet
  facet normal 0 1 0
    outer loop
      vertex 28.9902 -81 50
      vertex 20.3916 -81 52.0257
      vertex 20.7765 -81 52.1022
    endloop
  endfacet
  facet normal 0 1 -0
    outer loop
      vertex 22.2353 -81 28.2467
      vertex 20 -81 52
      vertex 22.8126 -81 28.3615
    endloop
  endfacet
  facet normal 0 1 0
    outer loop
      vertex 16 -81 52
      vertex 2.73943 -81 49.8299
      vertex 3.18198 -81 50.218
    endloop
  endfacet
  facet normal 0 1 -0
    outer loop
      vertex -0.587367 -81 60.2615
      vertex -28.9902 -81 62
      vertex 0 -81 60.3
    endloop
  endfacet
  facet normal 0 1 -0
    outer loop
      vertex -1.16469 -81 60.1467
      vertex -28.9902 -81 62
      vertex -0.587367 -81 60.2615
    endloop
  endfacet
  facet normal 0 1 -0
    outer loop
      vertex -1.72207 -81 59.9575
      vertex -28.9902 -81 62
      vertex -1.16469 -81 60.1467
    endloop
  endfacet
  facet normal 0 1 -0
    outer loop
      vertex -2.25 -81 59.6971
      vertex -28.9902 -81 62
      vertex -1.72207 -81 59.9575
    endloop
  endfacet
  facet normal 0 1 -0
    outer loop
      vertex -2.73943 -81 59.3701
      vertex -28.9902 -81 62
      vertex -2.25 -81 59.6971
    endloop
  endfacet
  facet normal 0 1 -0
    outer loop
      vertex -3.18198 -81 58.982
      vertex -28.9902 -81 62
      vertex -2.73943 -81 59.3701
    endloop
  endfacet
  facet normal 0 1 -0
    outer loop
      vertex -3.57009 -81 58.5394
      vertex -28.9902 -81 62
      vertex -3.18198 -81 58.982
    endloop
  endfacet
  facet normal 0 1 -0
    outer loop
      vertex -3.89711 -81 58.05
      vertex -28.9902 -81 62
      vertex -3.57009 -81 58.5394
    endloop
  endfacet
  facet normal 0 1 -0
    outer loop
      vertex -4.15746 -81 57.5221
      vertex -28.9902 -81 62
      vertex -3.89711 -81 58.05
    endloop
  endfacet
  facet normal 0 1 -0
    outer loop
      vertex -4.34667 -81 56.9647
      vertex -28.9902 -81 62
      vertex -4.15746 -81 57.5221
    endloop
  endfacet
  facet normal 0 1 -0
    outer loop
      vertex -4.4615 -81 56.3874
      vertex -28.9902 -81 62
      vertex -4.34667 -81 56.9647
    endloop
  endfacet
  facet normal 0 1 -0
    outer loop
      vertex -4.5 -81 55.8
      vertex -28.9902 -81 62
      vertex -4.4615 -81 56.3874
    endloop
  endfacet
  facet normal 0 1 0
    outer loop
      vertex -28.9902 -81 50
      vertex -4.5 -81 55.8
      vertex -4.5 -81 53.4
    endloop
  endfacet
  facet normal 0 1 0
    outer loop
      vertex -28.9902 -81 50
      vertex -4.5 -81 53.4
      vertex -4.4615 -81 52.8126
    endloop
  endfacet
  facet normal 0 1 0
    outer loop
      vertex -28.9902 -81 50
      vertex -4.4615 -81 52.8126
      vertex -4.34667 -81 52.2353
    endloop
  endfacet
  facet normal 0 1 0
    outer loop
      vertex -28.9902 -81 50
      vertex -4.34667 -81 52.2353
      vertex -4.15746 -81 51.6779
    endloop
  endfacet
  facet normal 0 1 0
    outer loop
      vertex -28.9902 -81 50
      vertex -4.15746 -81 51.6779
      vertex -3.89711 -81 51.15
    endloop
  endfacet
  facet normal 0 1 0
    outer loop
      vertex -28.9902 -81 50
      vertex -3.89711 -81 51.15
      vertex -3.57009 -81 50.6606
    endloop
  endfacet
  facet normal 0 1 0
    outer loop
      vertex -23.4 -81 28.4
      vertex -3.57009 -81 50.6606
      vertex -3.18198 -81 50.218
    endloop
  endfacet
  facet normal 0 1 0
    outer loop
      vertex -4.5 -81 55.8
      vertex -28.9902 -81 50
      vertex -28.9902 -81 62
    endloop
  endfacet
  facet normal 0 1 0
    outer loop
      vertex -23.4 -81 28.4
      vertex -3.18198 -81 50.218
      vertex -2.73943 -81 49.8299
    endloop
  endfacet
  facet normal 0 1 0
    outer loop
      vertex -3.57009 -81 50.6606
      vertex -23.4 -81 28.4
      vertex -28.9902 -81 50
    endloop
  endfacet
  facet normal 0 1 0
    outer loop
      vertex -23.4 -81 28.4
      vertex -2.73943 -81 49.8299
      vertex -2.25 -81 49.5029
    endloop
  endfacet
  facet normal 0 1 0
    outer loop
      vertex -23.4 -81 28.4
      vertex -2.25 -81 49.5029
      vertex -1.72207 -81 49.2425
    endloop
  endfacet
  facet normal 0 1 0
    outer loop
      vertex -23.4 -81 28.4
      vertex -1.72207 -81 49.2425
      vertex -1.16469 -81 49.0533
    endloop
  endfacet
  facet normal 0 1 0
    outer loop
      vertex -23.4 -81 28.4
      vertex -1.16469 -81 49.0533
      vertex -0.587367 -81 48.9385
    endloop
  endfacet
  facet normal 0 1 0
    outer loop
      vertex -23.4 -81 28.4
      vertex -0.587367 -81 48.9385
      vertex 0 -81 48.9
    endloop
  endfacet
  facet normal 0 1 -0
    outer loop
      vertex 20.218 -81 27.082
      vertex 2.73943 -81 49.8299
      vertex 20.6606 -81 27.4701
    endloop
  endfacet
  facet normal 0 1 -0
    outer loop
      vertex -23.9874 -81 28.3615
      vertex -28.9902 -81 50
      vertex -23.4 -81 28.4
    endloop
  endfacet
  facet normal 0 1 -0
    outer loop
      vertex -24.5647 -81 28.2467
      vertex -28.9902 -81 50
      vertex -23.9874 -81 28.3615
    endloop
  endfacet
  facet normal 0 1 -0
    outer loop
      vertex -25.1221 -81 28.0575
      vertex -28.9902 -81 50
      vertex -24.5647 -81 28.2467
    endloop
  endfacet
  facet normal 0 1 0
    outer loop
      vertex -28.9902 -81 50
      vertex -25.1221 -81 28.0575
      vertex -32 -81 50
    endloop
  endfacet
  facet normal 0 1 -0
    outer loop
      vertex -25.65 -81 27.7971
      vertex -32 -81 50
      vertex -25.1221 -81 28.0575
    endloop
  endfacet
  facet normal 0 1 -0
    outer loop
      vertex -26.1394 -81 27.4701
      vertex -32 -81 50
      vertex -25.65 -81 27.7971
    endloop
  endfacet
  facet normal 0 1 -0
    outer loop
      vertex -26.582 -81 27.082
      vertex -32 -81 50
      vertex -26.1394 -81 27.4701
    endloop
  endfacet
  facet normal 0 1 -0
    outer loop
      vertex -26.9701 -81 26.6394
      vertex -32 -81 50
      vertex -26.582 -81 27.082
    endloop
  endfacet
  facet normal 0 1 -0
    outer loop
      vertex -27.2971 -81 26.15
      vertex -32 -81 50
      vertex -26.9701 -81 26.6394
    endloop
  endfacet
  facet normal 0 1 -0
    outer loop
      vertex -27.5575 -81 25.6221
      vertex -32 -81 50
      vertex -27.2971 -81 26.15
    endloop
  endfacet
  facet normal 0 1 -0
    outer loop
      vertex -27.7467 -81 25.0647
      vertex -32 -81 50
      vertex -27.5575 -81 25.6221
    endloop
  endfacet
  facet normal 0 1 -0
    outer loop
      vertex -27.8615 -81 24.4874
      vertex -32 -81 50
      vertex -27.7467 -81 25.0647
    endloop
  endfacet
  facet normal 0 1 -0
    outer loop
      vertex -27.9 -81 23.9
      vertex -32 -81 50
      vertex -27.8615 -81 24.4874
    endloop
  endfacet
  facet normal 0 1 0
    outer loop
      vertex -32 -81 2.4
      vertex -27.9 -81 23.9
      vertex -27.9 -81 21.5
    endloop
  endfacet
  facet normal 0 1 0
    outer loop
      vertex -32 -81 2.4
      vertex -27.9 -81 21.5
      vertex -27.8615 -81 20.9126
    endloop
  endfacet
  facet normal 0 1 0
    outer loop
      vertex -22.8126 -81 17.0385
      vertex -32 -81 2.4
      vertex -23.4 -81 17
    endloop
  endfacet
  facet normal 0 1 0
    outer loop
      vertex -23.4 -81 17
      vertex -32 -81 2.4
      vertex -23.9874 -81 17.0385
    endloop
  endfacet
  facet normal 0 1 0
    outer loop
      vertex -27.9 -81 23.9
      vertex -32 -81 2.4
      vertex -32 -81 50
    endloop
  endfacet
  facet normal 0 1 0
    outer loop
      vertex -27.7467 -81 20.3353
      vertex -32 -81 2.4
      vertex -27.8615 -81 20.9126
    endloop
  endfacet
  facet normal 0 1 0
    outer loop
      vertex -27.5575 -81 19.7779
      vertex -32 -81 2.4
      vertex -27.7467 -81 20.3353
    endloop
  endfacet
  facet normal 0 1 0
    outer loop
      vertex -27.2971 -81 19.25
      vertex -32 -81 2.4
      vertex -27.5575 -81 19.7779
    endloop
  endfacet
  facet normal 0 1 0
    outer loop
      vertex -26.9701 -81 18.7606
      vertex -32 -81 2.4
      vertex -27.2971 -81 19.25
    endloop
  endfacet
  facet normal 0 1 0
    outer loop
      vertex -26.582 -81 18.318
      vertex -32 -81 2.4
      vertex -26.9701 -81 18.7606
    endloop
  endfacet
  facet normal 0 1 0
    outer loop
      vertex -26.1394 -81 17.9299
      vertex -32 -81 2.4
      vertex -26.582 -81 18.318
    endloop
  endfacet
  facet normal 0 1 0
    outer loop
      vertex -25.65 -81 17.6029
      vertex -32 -81 2.4
      vertex -26.1394 -81 17.9299
    endloop
  endfacet
  facet normal 0 1 0
    outer loop
      vertex -25.1221 -81 17.3425
      vertex -32 -81 2.4
      vertex -25.65 -81 17.6029
    endloop
  endfacet
  facet normal 0 1 0
    outer loop
      vertex -24.5647 -81 17.1533
      vertex -32 -81 2.4
      vertex -25.1221 -81 17.3425
    endloop
  endfacet
  facet normal 0 1 0
    outer loop
      vertex -23.9874 -81 17.0385
      vertex -32 -81 2.4
      vertex -24.5647 -81 17.1533
    endloop
  endfacet
  facet normal 0 1 -0
    outer loop
      vertex 15.6084 -81 59.9743
      vertex 0.587367 -81 60.2615
      vertex 16 -81 60
    endloop
  endfacet
  facet normal 0 1 0
    outer loop
      vertex 0.587367 -81 60.2615
      vertex 15.6084 -81 59.9743
      vertex 1.16469 -81 60.1467
    endloop
  endfacet
  facet normal 0 1 -0
    outer loop
      vertex 15.2235 -81 59.8978
      vertex 1.16469 -81 60.1467
      vertex 15.6084 -81 59.9743
    endloop
  endfacet
  facet normal 0 1 0
    outer loop
      vertex 1.16469 -81 60.1467
      vertex 15.2235 -81 59.8978
      vertex 1.72207 -81 59.9575
    endloop
  endfacet
  facet normal 0 1 -0
    outer loop
      vertex 14.852 -81 59.7716
      vertex 1.72207 -81 59.9575
      vertex 15.2235 -81 59.8978
    endloop
  endfacet
  facet normal 0 1 0
    outer loop
      vertex 14.852 -81 59.7716
      vertex 2.25 -81 59.6971
      vertex 1.72207 -81 59.9575
    endloop
  endfacet
  facet normal 0 1 -0
    outer loop
      vertex 14.5 -81 59.5981
      vertex 2.25 -81 59.6971
      vertex 14.852 -81 59.7716
    endloop
  endfacet
  facet normal 0 1 -0
    outer loop
      vertex 14.1737 -81 59.3801
      vertex 2.25 -81 59.6971
      vertex 14.5 -81 59.5981
    endloop
  endfacet
  facet normal 0 1 0
    outer loop
      vertex 14.1737 -81 59.3801
      vertex 2.73943 -81 59.3701
      vertex 2.25 -81 59.6971
    endloop
  endfacet
  facet normal 0 1 -0
    outer loop
      vertex 13.8787 -81 59.1213
      vertex 2.73943 -81 59.3701
      vertex 14.1737 -81 59.3801
    endloop
  endfacet
  facet normal 0 1 0
    outer loop
      vertex 13.8787 -81 59.1213
      vertex 3.18198 -81 58.982
      vertex 2.73943 -81 59.3701
    endloop
  endfacet
  facet normal 0 1 -0
    outer loop
      vertex 13.6199 -81 58.8263
      vertex 3.18198 -81 58.982
      vertex 13.8787 -81 59.1213
    endloop
  endfacet
  facet normal 0 1 0
    outer loop
      vertex 13.6199 -81 58.8263
      vertex 3.57009 -81 58.5394
      vertex 3.18198 -81 58.982
    endloop
  endfacet
  facet normal 0 1 -0
    outer loop
      vertex 13.4019 -81 58.5
      vertex 3.57009 -81 58.5394
      vertex 13.6199 -81 58.8263
    endloop
  endfacet
  facet normal 0 1 0
    outer loop
      vertex 3.89711 -81 58.05
      vertex 13.4019 -81 58.5
      vertex 13.2284 -81 58.148
    endloop
  endfacet
  facet normal 0 1 0
    outer loop
      vertex 13.4019 -81 58.5
      vertex 3.89711 -81 58.05
      vertex 3.57009 -81 58.5394
    endloop
  endfacet
  facet normal 0 1 0
    outer loop
      vertex 4.15746 -81 57.5221
      vertex 13.2284 -81 58.148
      vertex 13.1022 -81 57.7765
    endloop
  endfacet
  facet normal 0 1 0
    outer loop
      vertex 13.2284 -81 58.148
      vertex 4.15746 -81 57.5221
      vertex 3.89711 -81 58.05
    endloop
  endfacet
  facet normal 0 1 0
    outer loop
      vertex 4.34667 -81 56.9647
      vertex 13.1022 -81 57.7765
      vertex 13.0257 -81 57.3916
    endloop
  endfacet
  facet normal 0 1 0
    outer loop
      vertex 4.4615 -81 56.3874
      vertex 13.0257 -81 57.3916
      vertex 13 -81 57
    endloop
  endfacet
  facet normal 0 1 0
    outer loop
      vertex 13.1022 -81 57.7765
      vertex 4.34667 -81 56.9647
      vertex 4.15746 -81 57.5221
    endloop
  endfacet
  facet normal 0 1 0
    outer loop
      vertex 13.0257 -81 57.3916
      vertex 4.4615 -81 56.3874
      vertex 4.34667 -81 56.9647
    endloop
  endfacet
  facet normal 0 1 0
    outer loop
      vertex 13 -81 57
      vertex 4.5 -81 55.8
      vertex 4.4615 -81 56.3874
    endloop
  endfacet
  facet normal 0 1 -0
    outer loop
      vertex 13 -81 55
      vertex 4.5 -81 55.8
      vertex 13 -81 57
    endloop
  endfacet
  facet normal 0 1 0
    outer loop
      vertex 4.5 -81 53.4
      vertex 13 -81 55
      vertex 13.0257 -81 54.6084
    endloop
  endfacet
  facet normal 0 1 0
    outer loop
      vertex 4.5 -81 53.4
      vertex 13.0257 -81 54.6084
      vertex 13.1022 -81 54.2235
    endloop
  endfacet
  facet normal 0 1 0
    outer loop
      vertex 4.4615 -81 52.8126
      vertex 13.1022 -81 54.2235
      vertex 13.2284 -81 53.852
    endloop
  endfacet
  facet normal 0 1 0
    outer loop
      vertex 4.4615 -81 52.8126
      vertex 13.2284 -81 53.852
      vertex 13.4019 -81 53.5
    endloop
  endfacet
  facet normal 0 1 0
    outer loop
      vertex 13 -81 55
      vertex 4.5 -81 53.4
      vertex 4.5 -81 55.8
    endloop
  endfacet
  facet normal 0 1 0
    outer loop
      vertex 4.34667 -81 52.2353
      vertex 13.4019 -81 53.5
      vertex 13.6199 -81 53.1737
    endloop
  endfacet
  facet normal 0 1 0
    outer loop
      vertex 4.15746 -81 51.6779
      vertex 13.6199 -81 53.1737
      vertex 13.8787 -81 52.8787
    endloop
  endfacet
  facet normal 0 1 0
    outer loop
      vertex 13.1022 -81 54.2235
      vertex 4.4615 -81 52.8126
      vertex 4.5 -81 53.4
    endloop
  endfacet
  facet normal 0 1 0
    outer loop
      vertex 4.15746 -81 51.6779
      vertex 13.8787 -81 52.8787
      vertex 14.1737 -81 52.6199
    endloop
  endfacet
  facet normal 0 1 0
    outer loop
      vertex 4.15746 -81 51.6779
      vertex 14.1737 -81 52.6199
      vertex 14.5 -81 52.4019
    endloop
  endfacet
  facet normal 0 1 0
    outer loop
      vertex 13.4019 -81 53.5
      vertex 4.34667 -81 52.2353
      vertex 4.4615 -81 52.8126
    endloop
  endfacet
  facet normal 0 1 0
    outer loop
      vertex 4.15746 -81 51.6779
      vertex 14.5 -81 52.4019
      vertex 14.852 -81 52.2284
    endloop
  endfacet
  facet normal 0 1 0
    outer loop
      vertex 4.15746 -81 51.6779
      vertex 14.852 -81 52.2284
      vertex 15.2235 -81 52.1022
    endloop
  endfacet
  facet normal 0 1 0
    outer loop
      vertex 4.15746 -81 51.6779
      vertex 15.2235 -81 52.1022
      vertex 15.6084 -81 52.0257
    endloop
  endfacet
  facet normal 0 1 0
    outer loop
      vertex 4.15746 -81 51.6779
      vertex 15.6084 -81 52.0257
      vertex 16 -81 52
    endloop
  endfacet
  facet normal 0 1 0
    outer loop
      vertex 13.6199 -81 53.1737
      vertex 4.15746 -81 51.6779
      vertex 4.34667 -81 52.2353
    endloop
  endfacet
  facet normal 0.0654055 0.997859 -0
    outer loop
      vertex -32 -81 2.4
      vertex -32.4699 -80.9692 50
      vertex -32 -81 50
    endloop
  endfacet
  facet normal 0.0654055 0.997859 0
    outer loop
      vertex -32.4699 -80.9692 50
      vertex -32 -81 2.4
      vertex -32.4699 -80.9692 2.4
    endloop
  endfacet
  facet normal 0.831488 -0.555543 0
    outer loop
      vertex -35.1177 -4.2 50
      vertex -34.8561 -3.80846 24.39
      vertex -34.8561 -3.80846 50
    endloop
  endfacet
  facet normal 0.831488 -0.555543 0
    outer loop
      vertex -34.8561 -3.80846 24.39
      vertex -35.1177 -4.2 50
      vertex -35.1177 -4.2 24.39
    endloop
  endfacet
  facet normal 0.32137 -0.946954 0
    outer loop
      vertex -33.3777 -2.67403 24.39
      vertex -32.9317 -2.52267 50
      vertex -33.3777 -2.67403 50
    endloop
  endfacet
  facet normal 0.32137 -0.946954 0
    outer loop
      vertex -32.9317 -2.52267 50
      vertex -33.3777 -2.67403 24.39
      vertex -32.9317 -2.52267 24.39
    endloop
  endfacet
  facet normal 0.442331 -0.896852 0
    outer loop
      vertex -33.8 -2.88231 24.39
      vertex -33.3777 -2.67403 50
      vertex -33.8 -2.88231 50
    endloop
  endfacet
  facet normal 0.442331 -0.896852 0
    outer loop
      vertex -33.3777 -2.67403 50
      vertex -33.8 -2.88231 24.39
      vertex -33.3777 -2.67403 24.39
    endloop
  endfacet
  facet normal 1 -0 0
    outer loop
      vertex -35.6 -48.6 61.4
      vertex -35.6 -8.24564 50
      vertex -35.6 -8.24564 62
    endloop
  endfacet
  facet normal 1 -0 0
    outer loop
      vertex -35.6 -48.6 28.6
      vertex -35.6 -40.4 24.39
      vertex -35.6 -48.6 61.4
    endloop
  endfacet
  facet normal 1 0 0
    outer loop
      vertex -35.6 -8.24564 50
      vertex -35.6 -48.6 61.4
      vertex -35.6 -40.4 24.39
    endloop
  endfacet
  facet normal 1 -0 0
    outer loop
      vertex -35.6 -75.7544 62
      vertex -35.6 -48.6 61.4
      vertex -35.6 -8.24564 62
    endloop
  endfacet
  facet normal 1 0 0
    outer loop
      vertex -35.6 -75.7544 50
      vertex -35.6 -71.4 61.4
      vertex -35.6 -75.7544 62
    endloop
  endfacet
  facet normal 1 0 0
    outer loop
      vertex -35.6 -48.6 61.4
      vertex -35.6 -75.7544 62
      vertex -35.6 -71.4 61.4
    endloop
  endfacet
  facet normal 1 -0 0
    outer loop
      vertex -35.6 -8.24564 50
      vertex -35.6 -6 24.39
      vertex -35.6 -6 50
    endloop
  endfacet
  facet normal 1 0 0
    outer loop
      vertex -35.6 -6 24.39
      vertex -35.6 -8.24564 50
      vertex -35.6 -40.4 24.39
    endloop
  endfacet
  facet normal 1 0 0
    outer loop
      vertex -35.6 -40.4 24.39
      vertex -35.6 -48.6 28.6
      vertex -35.6 -40.4 2.4
    endloop
  endfacet
  facet normal 1 0 0
    outer loop
      vertex -35.6 -77.4 2.4
      vertex -35.6 -48.6 28.6
      vertex -35.6 -71.4 28.6
    endloop
  endfacet
  facet normal 1 0 0
    outer loop
      vertex -35.6 -71.4 61.4
      vertex -35.6 -75.7544 50
      vertex -35.6 -71.4 28.6
    endloop
  endfacet
  facet normal 1 -0 0
    outer loop
      vertex -35.6 -77.4 50
      vertex -35.6 -71.4 28.6
      vertex -35.6 -75.7544 50
    endloop
  endfacet
  facet normal 1 0 0
    outer loop
      vertex -35.6 -48.6 28.6
      vertex -35.6 -77.4 2.4
      vertex -35.6 -40.4 2.4
    endloop
  endfacet
  facet normal 1 0 0
    outer loop
      vertex -35.6 -77.4 2.4
      vertex -35.6 -71.4 28.6
      vertex -35.6 -77.4 50
    endloop
  endfacet
  facet normal 1 0 0
    outer loop
      vertex -35.6 -53 40.5
      vertex -35.6 -55 39
      vertex -35.6 -53 37.5
    endloop
  endfacet
  facet normal 1 0 0
    outer loop
      vertex -35.6 -53 40.5
      vertex -35.6 -55.0086 39.1305
      vertex -35.6 -55 39
    endloop
  endfacet
  facet normal 1 0 0
    outer loop
      vertex -35.6 -53 40.5
      vertex -35.6 -55.0341 39.2588
      vertex -35.6 -55.0086 39.1305
    endloop
  endfacet
  facet normal 1 0 0
    outer loop
      vertex -35.6 -53 40.5
      vertex -35.6 -55.0761 39.3827
      vertex -35.6 -55.0341 39.2588
    endloop
  endfacet
  facet normal 1 0 0
    outer loop
      vertex -35.6 -53 40.5
      vertex -35.6 -55.134 39.5
      vertex -35.6 -55.0761 39.3827
    endloop
  endfacet
  facet normal 1 0 0
    outer loop
      vertex -35.6 -53 40.5
      vertex -35.6 -55.2066 39.6088
      vertex -35.6 -55.134 39.5
    endloop
  endfacet
  facet normal 1 0 0
    outer loop
      vertex -35.6 -53 40.5
      vertex -35.6 -55.2929 39.7071
      vertex -35.6 -55.2066 39.6088
    endloop
  endfacet
  facet normal 1 0 0
    outer loop
      vertex -35.6 -53 40.5
      vertex -35.6 -55.3912 39.7934
      vertex -35.6 -55.2929 39.7071
    endloop
  endfacet
  facet normal 1 0 0
    outer loop
      vertex -35.6 -53 40.5
      vertex -35.6 -55.5 39.866
      vertex -35.6 -55.3912 39.7934
    endloop
  endfacet
  facet normal 1 0 0
    outer loop
      vertex -35.6 -53 40.5
      vertex -35.6 -55.6173 39.9239
      vertex -35.6 -55.5 39.866
    endloop
  endfacet
  facet normal 1 0 0
    outer loop
      vertex -35.6 -53 40.5
      vertex -35.6 -55.7412 39.9659
      vertex -35.6 -55.6173 39.9239
    endloop
  endfacet
  facet normal 1 0 0
    outer loop
      vertex -35.6 -53 40.5
      vertex -35.6 -55.8695 39.9914
      vertex -35.6 -55.7412 39.9659
    endloop
  endfacet
  facet normal 1 0 0
    outer loop
      vertex -35.6 -53 40.5
      vertex -35.6 -56 40
      vertex -35.6 -55.8695 39.9914
    endloop
  endfacet
  facet normal 1 0 0
    outer loop
      vertex -35.6 -53 40.5
      vertex -35.6 -56.1305 39.9914
      vertex -35.6 -56 40
    endloop
  endfacet
  facet normal 1 0 0
    outer loop
      vertex -35.6 -56.9914 39.1305
      vertex -35.6 -63 39
      vertex -35.6 -57 39
    endloop
  endfacet
  facet normal 1 0 0
    outer loop
      vertex -35.6 -63.0086 39.1305
      vertex -35.6 -56.9914 39.1305
      vertex -35.6 -56.9659 39.2588
    endloop
  endfacet
  facet normal 1 0 0
    outer loop
      vertex -35.6 -63.0341 39.2588
      vertex -35.6 -56.9659 39.2588
      vertex -35.6 -56.9239 39.3827
    endloop
  endfacet
  facet normal 1 0 0
    outer loop
      vertex -35.6 -63.0761 39.3827
      vertex -35.6 -56.9239 39.3827
      vertex -35.6 -56.866 39.5
    endloop
  endfacet
  facet normal 1 0 0
    outer loop
      vertex -35.6 -63.134 39.5
      vertex -35.6 -56.866 39.5
      vertex -35.6 -56.7934 39.6088
    endloop
  endfacet
  facet normal 1 0 0
    outer loop
      vertex -35.6 -63.2066 39.6088
      vertex -35.6 -56.7934 39.6088
      vertex -35.6 -56.7071 39.7071
    endloop
  endfacet
  facet normal 1 0 0
    outer loop
      vertex -35.6 -63.2929 39.7071
      vertex -35.6 -56.7071 39.7071
      vertex -35.6 -56.6088 39.7934
    endloop
  endfacet
  facet normal 1 0 0
    outer loop
      vertex -35.6 -63.3912 39.7934
      vertex -35.6 -56.6088 39.7934
      vertex -35.6 -56.5 39.866
    endloop
  endfacet
  facet normal 1 0 0
    outer loop
      vertex -35.6 -63.5 39.866
      vertex -35.6 -56.5 39.866
      vertex -35.6 -56.3827 39.9239
    endloop
  endfacet
  facet normal 1 0 0
    outer loop
      vertex -35.6 -63.6173 39.9239
      vertex -35.6 -56.3827 39.9239
      vertex -35.6 -56.2588 39.9659
    endloop
  endfacet
  facet normal 1 0 0
    outer loop
      vertex -35.6 -63.7412 39.9659
      vertex -35.6 -56.2588 39.9659
      vertex -35.6 -56.1305 39.9914
    endloop
  endfacet
  facet normal 1 0 0
    outer loop
      vertex -35.6 -63.8695 39.9914
      vertex -35.6 -56.1305 39.9914
      vertex -35.6 -53 40.5
    endloop
  endfacet
  facet normal 1 0 0
    outer loop
      vertex -35.6 -56.9914 39.1305
      vertex -35.6 -63.0086 39.1305
      vertex -35.6 -63 39
    endloop
  endfacet
  facet normal 1 0 0
    outer loop
      vertex -35.6 -56.9659 39.2588
      vertex -35.6 -63.0341 39.2588
      vertex -35.6 -63.0086 39.1305
    endloop
  endfacet
  facet normal 1 0 0
    outer loop
      vertex -35.6 -56.9239 39.3827
      vertex -35.6 -63.0761 39.3827
      vertex -35.6 -63.0341 39.2588
    endloop
  endfacet
  facet normal 1 0 0
    outer loop
      vertex -35.6 -56.866 39.5
      vertex -35.6 -63.134 39.5
      vertex -35.6 -63.0761 39.3827
    endloop
  endfacet
  facet normal 1 0 0
    outer loop
      vertex -35.6 -56.7934 39.6088
      vertex -35.6 -63.2066 39.6088
      vertex -35.6 -63.134 39.5
    endloop
  endfacet
  facet normal 1 0 0
    outer loop
      vertex -35.6 -56.7071 39.7071
      vertex -35.6 -63.2929 39.7071
      vertex -35.6 -63.2066 39.6088
    endloop
  endfacet
  facet normal 1 0 0
    outer loop
      vertex -35.6 -56.6088 39.7934
      vertex -35.6 -63.3912 39.7934
      vertex -35.6 -63.2929 39.7071
    endloop
  endfacet
  facet normal 1 0 0
    outer loop
      vertex -35.6 -56.5 39.866
      vertex -35.6 -63.5 39.866
      vertex -35.6 -63.3912 39.7934
    endloop
  endfacet
  facet normal 1 0 0
    outer loop
      vertex -35.6 -56.3827 39.9239
      vertex -35.6 -63.6173 39.9239
      vertex -35.6 -63.5 39.866
    endloop
  endfacet
  facet normal 1 0 0
    outer loop
      vertex -35.6 -56.2588 39.9659
      vertex -35.6 -63.7412 39.9659
      vertex -35.6 -63.6173 39.9239
    endloop
  endfacet
  facet normal 1 0 0
    outer loop
      vertex -35.6 -56.1305 39.9914
      vertex -35.6 -63.8695 39.9914
      vertex -35.6 -63.7412 39.9659
    endloop
  endfacet
  facet normal 1 -0 0
    outer loop
      vertex -35.6 -67 40.5
      vertex -35.6 -63.8695 39.9914
      vertex -35.6 -53 40.5
    endloop
  endfacet
  facet normal 1 0 0
    outer loop
      vertex -35.6 -64.9914 39.1305
      vertex -35.6 -67 40.5
      vertex -35.6 -65 39
    endloop
  endfacet
  facet normal 1 0 0
    outer loop
      vertex -35.6 -64.9659 39.2588
      vertex -35.6 -67 40.5
      vertex -35.6 -64.9914 39.1305
    endloop
  endfacet
  facet normal 1 0 0
    outer loop
      vertex -35.6 -64.9239 39.3827
      vertex -35.6 -67 40.5
      vertex -35.6 -64.9659 39.2588
    endloop
  endfacet
  facet normal 1 0 0
    outer loop
      vertex -35.6 -64.866 39.5
      vertex -35.6 -67 40.5
      vertex -35.6 -64.9239 39.3827
    endloop
  endfacet
  facet normal 1 0 0
    outer loop
      vertex -35.6 -64.7934 39.6088
      vertex -35.6 -67 40.5
      vertex -35.6 -64.866 39.5
    endloop
  endfacet
  facet normal 1 0 0
    outer loop
      vertex -35.6 -64.7071 39.7071
      vertex -35.6 -67 40.5
      vertex -35.6 -64.7934 39.6088
    endloop
  endfacet
  facet normal 1 0 0
    outer loop
      vertex -35.6 -64.6088 39.7934
      vertex -35.6 -67 40.5
      vertex -35.6 -64.7071 39.7071
    endloop
  endfacet
  facet normal 1 0 0
    outer loop
      vertex -35.6 -64.5 39.866
      vertex -35.6 -67 40.5
      vertex -35.6 -64.6088 39.7934
    endloop
  endfacet
  facet normal 1 0 0
    outer loop
      vertex -35.6 -64.3827 39.9239
      vertex -35.6 -67 40.5
      vertex -35.6 -64.5 39.866
    endloop
  endfacet
  facet normal 1 0 0
    outer loop
      vertex -35.6 -64.2588 39.9659
      vertex -35.6 -67 40.5
      vertex -35.6 -64.3827 39.9239
    endloop
  endfacet
  facet normal 1 0 0
    outer loop
      vertex -35.6 -64.1305 39.9914
      vertex -35.6 -67 40.5
      vertex -35.6 -64.2588 39.9659
    endloop
  endfacet
  facet normal 1 0 0
    outer loop
      vertex -35.6 -64 40
      vertex -35.6 -67 40.5
      vertex -35.6 -64.1305 39.9914
    endloop
  endfacet
  facet normal 1 0 0
    outer loop
      vertex -35.6 -63.8695 39.9914
      vertex -35.6 -67 40.5
      vertex -35.6 -64 40
    endloop
  endfacet
  facet normal 1 0 0
    outer loop
      vertex -35.6 -53 46.5
      vertex -35.6 -55 45
      vertex -35.6 -53 43.5
    endloop
  endfacet
  facet normal 1 0 0
    outer loop
      vertex -35.6 -53 46.5
      vertex -35.6 -55.0086 45.1305
      vertex -35.6 -55 45
    endloop
  endfacet
  facet normal 1 0 0
    outer loop
      vertex -35.6 -53 46.5
      vertex -35.6 -55.0341 45.2588
      vertex -35.6 -55.0086 45.1305
    endloop
  endfacet
  facet normal 1 0 0
    outer loop
      vertex -35.6 -53 46.5
      vertex -35.6 -55.0761 45.3827
      vertex -35.6 -55.0341 45.2588
    endloop
  endfacet
  facet normal 1 0 0
    outer loop
      vertex -35.6 -53 46.5
      vertex -35.6 -55.134 45.5
      vertex -35.6 -55.0761 45.3827
    endloop
  endfacet
  facet normal 1 0 0
    outer loop
      vertex -35.6 -53 46.5
      vertex -35.6 -55.2066 45.6088
      vertex -35.6 -55.134 45.5
    endloop
  endfacet
  facet normal 1 0 0
    outer loop
      vertex -35.6 -53 46.5
      vertex -35.6 -55.2929 45.7071
      vertex -35.6 -55.2066 45.6088
    endloop
  endfacet
  facet normal 1 0 0
    outer loop
      vertex -35.6 -53 46.5
      vertex -35.6 -55.3912 45.7934
      vertex -35.6 -55.2929 45.7071
    endloop
  endfacet
  facet normal 1 0 0
    outer loop
      vertex -35.6 -53 46.5
      vertex -35.6 -55.5 45.866
      vertex -35.6 -55.3912 45.7934
    endloop
  endfacet
  facet normal 1 0 0
    outer loop
      vertex -35.6 -53 46.5
      vertex -35.6 -55.6173 45.9239
      vertex -35.6 -55.5 45.866
    endloop
  endfacet
  facet normal 1 0 0
    outer loop
      vertex -35.6 -53 46.5
      vertex -35.6 -55.7412 45.9659
      vertex -35.6 -55.6173 45.9239
    endloop
  endfacet
  facet normal 1 0 0
    outer loop
      vertex -35.6 -53 46.5
      vertex -35.6 -55.8695 45.9914
      vertex -35.6 -55.7412 45.9659
    endloop
  endfacet
  facet normal 1 0 0
    outer loop
      vertex -35.6 -53 46.5
      vertex -35.6 -56 46
      vertex -35.6 -55.8695 45.9914
    endloop
  endfacet
  facet normal 1 0 0
    outer loop
      vertex -35.6 -53 46.5
      vertex -35.6 -56.1305 45.9914
      vertex -35.6 -56 46
    endloop
  endfacet
  facet normal 1 0 0
    outer loop
      vertex -35.6 -56.9914 45.1305
      vertex -35.6 -63 45
      vertex -35.6 -57 45
    endloop
  endfacet
  facet normal 1 0 0
    outer loop
      vertex -35.6 -63.0086 45.1305
      vertex -35.6 -56.9914 45.1305
      vertex -35.6 -56.9659 45.2588
    endloop
  endfacet
  facet normal 1 0 0
    outer loop
      vertex -35.6 -63.0341 45.2588
      vertex -35.6 -56.9659 45.2588
      vertex -35.6 -56.9239 45.3827
    endloop
  endfacet
  facet normal 1 0 0
    outer loop
      vertex -35.6 -63.0761 45.3827
      vertex -35.6 -56.9239 45.3827
      vertex -35.6 -56.866 45.5
    endloop
  endfacet
  facet normal 1 0 0
    outer loop
      vertex -35.6 -63.134 45.5
      vertex -35.6 -56.866 45.5
      vertex -35.6 -56.7934 45.6088
    endloop
  endfacet
  facet normal 1 0 0
    outer loop
      vertex -35.6 -63.2066 45.6088
      vertex -35.6 -56.7934 45.6088
      vertex -35.6 -56.7071 45.7071
    endloop
  endfacet
  facet normal 1 0 0
    outer loop
      vertex -35.6 -63.2929 45.7071
      vertex -35.6 -56.7071 45.7071
      vertex -35.6 -56.6088 45.7934
    endloop
  endfacet
  facet normal 1 0 0
    outer loop
      vertex -35.6 -63.3912 45.7934
      vertex -35.6 -56.6088 45.7934
      vertex -35.6 -56.5 45.866
    endloop
  endfacet
  facet normal 1 0 0
    outer loop
      vertex -35.6 -63.5 45.866
      vertex -35.6 -56.5 45.866
      vertex -35.6 -56.3827 45.9239
    endloop
  endfacet
  facet normal 1 0 0
    outer loop
      vertex -35.6 -63.6173 45.9239
      vertex -35.6 -56.3827 45.9239
      vertex -35.6 -56.2588 45.9659
    endloop
  endfacet
  facet normal 1 0 0
    outer loop
      vertex -35.6 -63.7412 45.9659
      vertex -35.6 -56.2588 45.9659
      vertex -35.6 -56.1305 45.9914
    endloop
  endfacet
  facet normal 1 0 0
    outer loop
      vertex -35.6 -63.8695 45.9914
      vertex -35.6 -56.1305 45.9914
      vertex -35.6 -53 46.5
    endloop
  endfacet
  facet normal 1 0 0
    outer loop
      vertex -35.6 -56.9914 45.1305
      vertex -35.6 -63.0086 45.1305
      vertex -35.6 -63 45
    endloop
  endfacet
  facet normal 1 0 0
    outer loop
      vertex -35.6 -56.9659 45.2588
      vertex -35.6 -63.0341 45.2588
      vertex -35.6 -63.0086 45.1305
    endloop
  endfacet
  facet normal 1 0 0
    outer loop
      vertex -35.6 -56.9239 45.3827
      vertex -35.6 -63.0761 45.3827
      vertex -35.6 -63.0341 45.2588
    endloop
  endfacet
  facet normal 1 0 0
    outer loop
      vertex -35.6 -56.866 45.5
      vertex -35.6 -63.134 45.5
      vertex -35.6 -63.0761 45.3827
    endloop
  endfacet
  facet normal 1 0 0
    outer loop
      vertex -35.6 -56.7934 45.6088
      vertex -35.6 -63.2066 45.6088
      vertex -35.6 -63.134 45.5
    endloop
  endfacet
  facet normal 1 0 0
    outer loop
      vertex -35.6 -56.7071 45.7071
      vertex -35.6 -63.2929 45.7071
      vertex -35.6 -63.2066 45.6088
    endloop
  endfacet
  facet normal 1 0 0
    outer loop
      vertex -35.6 -56.6088 45.7934
      vertex -35.6 -63.3912 45.7934
      vertex -35.6 -63.2929 45.7071
    endloop
  endfacet
  facet normal 1 0 0
    outer loop
      vertex -35.6 -56.5 45.866
      vertex -35.6 -63.5 45.866
      vertex -35.6 -63.3912 45.7934
    endloop
  endfacet
  facet normal 1 0 0
    outer loop
      vertex -35.6 -56.3827 45.9239
      vertex -35.6 -63.6173 45.9239
      vertex -35.6 -63.5 45.866
    endloop
  endfacet
  facet normal 1 0 0
    outer loop
      vertex -35.6 -56.2588 45.9659
      vertex -35.6 -63.7412 45.9659
      vertex -35.6 -63.6173 45.9239
    endloop
  endfacet
  facet normal 1 0 0
    outer loop
      vertex -35.6 -56.1305 45.9914
      vertex -35.6 -63.8695 45.9914
      vertex -35.6 -63.7412 45.9659
    endloop
  endfacet
  facet normal 1 -0 0
    outer loop
      vertex -35.6 -67 46.5
      vertex -35.6 -63.8695 45.9914
      vertex -35.6 -53 46.5
    endloop
  endfacet
  facet normal 1 0 0
    outer loop
      vertex -35.6 -64.9914 45.1305
      vertex -35.6 -67 46.5
      vertex -35.6 -65 45
    endloop
  endfacet
  facet normal 1 0 0
    outer loop
      vertex -35.6 -64.9659 45.2588
      vertex -35.6 -67 46.5
      vertex -35.6 -64.9914 45.1305
    endloop
  endfacet
  facet normal 1 0 0
    outer loop
      vertex -35.6 -64.9239 45.3827
      vertex -35.6 -67 46.5
      vertex -35.6 -64.9659 45.2588
    endloop
  endfacet
  facet normal 1 0 0
    outer loop
      vertex -35.6 -64.866 45.5
      vertex -35.6 -67 46.5
      vertex -35.6 -64.9239 45.3827
    endloop
  endfacet
  facet normal 1 0 0
    outer loop
      vertex -35.6 -64.7934 45.6088
      vertex -35.6 -67 46.5
      vertex -35.6 -64.866 45.5
    endloop
  endfacet
  facet normal 1 0 0
    outer loop
      vertex -35.6 -64.7071 45.7071
      vertex -35.6 -67 46.5
      vertex -35.6 -64.7934 45.6088
    endloop
  endfacet
  facet normal 1 0 0
    outer loop
      vertex -35.6 -64.6088 45.7934
      vertex -35.6 -67 46.5
      vertex -35.6 -64.7071 45.7071
    endloop
  endfacet
  facet normal 1 0 0
    outer loop
      vertex -35.6 -64.5 45.866
      vertex -35.6 -67 46.5
      vertex -35.6 -64.6088 45.7934
    endloop
  endfacet
  facet normal 1 0 0
    outer loop
      vertex -35.6 -64.3827 45.9239
      vertex -35.6 -67 46.5
      vertex -35.6 -64.5 45.866
    endloop
  endfacet
  facet normal 1 0 0
    outer loop
      vertex -35.6 -64.2588 45.9659
      vertex -35.6 -67 46.5
      vertex -35.6 -64.3827 45.9239
    endloop
  endfacet
  facet normal 1 0 0
    outer loop
      vertex -35.6 -64.1305 45.9914
      vertex -35.6 -67 46.5
      vertex -35.6 -64.2588 45.9659
    endloop
  endfacet
  facet normal 1 0 0
    outer loop
      vertex -35.6 -64 46
      vertex -35.6 -67 46.5
      vertex -35.6 -64.1305 45.9914
    endloop
  endfacet
  facet normal 1 0 0
    outer loop
      vertex -35.6 -63.8695 45.9914
      vertex -35.6 -67 46.5
      vertex -35.6 -64 46
    endloop
  endfacet
  facet normal 1 0 0
    outer loop
      vertex -35.6 -53 52.5
      vertex -35.6 -55 51
      vertex -35.6 -53 49.5
    endloop
  endfacet
  facet normal 1 0 0
    outer loop
      vertex -35.6 -53 52.5
      vertex -35.6 -55.0086 51.1305
      vertex -35.6 -55 51
    endloop
  endfacet
  facet normal 1 0 0
    outer loop
      vertex -35.6 -53 52.5
      vertex -35.6 -55.0341 51.2588
      vertex -35.6 -55.0086 51.1305
    endloop
  endfacet
  facet normal 1 0 0
    outer loop
      vertex -35.6 -53 52.5
      vertex -35.6 -55.0761 51.3827
      vertex -35.6 -55.0341 51.2588
    endloop
  endfacet
  facet normal 1 0 0
    outer loop
      vertex -35.6 -53 52.5
      vertex -35.6 -55.134 51.5
      vertex -35.6 -55.0761 51.3827
    endloop
  endfacet
  facet normal 1 0 0
    outer loop
      vertex -35.6 -53 52.5
      vertex -35.6 -55.2066 51.6088
      vertex -35.6 -55.134 51.5
    endloop
  endfacet
  facet normal 1 0 0
    outer loop
      vertex -35.6 -53 52.5
      vertex -35.6 -55.2929 51.7071
      vertex -35.6 -55.2066 51.6088
    endloop
  endfacet
  facet normal 1 0 0
    outer loop
      vertex -35.6 -53 52.5
      vertex -35.6 -55.3912 51.7934
      vertex -35.6 -55.2929 51.7071
    endloop
  endfacet
  facet normal 1 0 0
    outer loop
      vertex -35.6 -53 52.5
      vertex -35.6 -55.5 51.866
      vertex -35.6 -55.3912 51.7934
    endloop
  endfacet
  facet normal 1 0 0
    outer loop
      vertex -35.6 -53 52.5
      vertex -35.6 -55.6173 51.9239
      vertex -35.6 -55.5 51.866
    endloop
  endfacet
  facet normal 1 0 0
    outer loop
      vertex -35.6 -53 52.5
      vertex -35.6 -55.7412 51.9659
      vertex -35.6 -55.6173 51.9239
    endloop
  endfacet
  facet normal 1 0 0
    outer loop
      vertex -35.6 -53 52.5
      vertex -35.6 -55.8695 51.9914
      vertex -35.6 -55.7412 51.9659
    endloop
  endfacet
  facet normal 1 0 0
    outer loop
      vertex -35.6 -53 52.5
      vertex -35.6 -56 52
      vertex -35.6 -55.8695 51.9914
    endloop
  endfacet
  facet normal 1 0 0
    outer loop
      vertex -35.6 -53 52.5
      vertex -35.6 -56.1305 51.9914
      vertex -35.6 -56 52
    endloop
  endfacet
  facet normal 1 0 0
    outer loop
      vertex -35.6 -56.9914 51.1305
      vertex -35.6 -63 51
      vertex -35.6 -57 51
    endloop
  endfacet
  facet normal 1 0 0
    outer loop
      vertex -35.6 -63.0086 51.1305
      vertex -35.6 -56.9914 51.1305
      vertex -35.6 -56.9659 51.2588
    endloop
  endfacet
  facet normal 1 0 0
    outer loop
      vertex -35.6 -63.0341 51.2588
      vertex -35.6 -56.9659 51.2588
      vertex -35.6 -56.9239 51.3827
    endloop
  endfacet
  facet normal 1 0 0
    outer loop
      vertex -35.6 -63.0761 51.3827
      vertex -35.6 -56.9239 51.3827
      vertex -35.6 -56.866 51.5
    endloop
  endfacet
  facet normal 1 0 0
    outer loop
      vertex -35.6 -63.134 51.5
      vertex -35.6 -56.866 51.5
      vertex -35.6 -56.7934 51.6088
    endloop
  endfacet
  facet normal 1 0 0
    outer loop
      vertex -35.6 -63.2066 51.6088
      vertex -35.6 -56.7934 51.6088
      vertex -35.6 -56.7071 51.7071
    endloop
  endfacet
  facet normal 1 0 0
    outer loop
      vertex -35.6 -63.2929 51.7071
      vertex -35.6 -56.7071 51.7071
      vertex -35.6 -56.6088 51.7934
    endloop
  endfacet
  facet normal 1 0 0
    outer loop
      vertex -35.6 -63.3912 51.7934
      vertex -35.6 -56.6088 51.7934
      vertex -35.6 -56.5 51.866
    endloop
  endfacet
  facet normal 1 0 0
    outer loop
      vertex -35.6 -63.5 51.866
      vertex -35.6 -56.5 51.866
      vertex -35.6 -56.3827 51.9239
    endloop
  endfacet
  facet normal 1 0 0
    outer loop
      vertex -35.6 -63.6173 51.9239
      vertex -35.6 -56.3827 51.9239
      vertex -35.6 -56.2588 51.9659
    endloop
  endfacet
  facet normal 1 0 0
    outer loop
      vertex -35.6 -63.7412 51.9659
      vertex -35.6 -56.2588 51.9659
      vertex -35.6 -56.1305 51.9914
    endloop
  endfacet
  facet normal 1 0 0
    outer loop
      vertex -35.6 -63.8695 51.9914
      vertex -35.6 -56.1305 51.9914
      vertex -35.6 -53 52.5
    endloop
  endfacet
  facet normal 1 0 0
    outer loop
      vertex -35.6 -56.9914 51.1305
      vertex -35.6 -63.0086 51.1305
      vertex -35.6 -63 51
    endloop
  endfacet
  facet normal 1 0 0
    outer loop
      vertex -35.6 -56.9659 51.2588
      vertex -35.6 -63.0341 51.2588
      vertex -35.6 -63.0086 51.1305
    endloop
  endfacet
  facet normal 1 0 0
    outer loop
      vertex -35.6 -56.9239 51.3827
      vertex -35.6 -63.0761 51.3827
      vertex -35.6 -63.0341 51.2588
    endloop
  endfacet
  facet normal 1 0 0
    outer loop
      vertex -35.6 -56.866 51.5
      vertex -35.6 -63.134 51.5
      vertex -35.6 -63.0761 51.3827
    endloop
  endfacet
  facet normal 1 0 0
    outer loop
      vertex -35.6 -56.7934 51.6088
      vertex -35.6 -63.2066 51.6088
      vertex -35.6 -63.134 51.5
    endloop
  endfacet
  facet normal 1 0 0
    outer loop
      vertex -35.6 -56.7071 51.7071
      vertex -35.6 -63.2929 51.7071
      vertex -35.6 -63.2066 51.6088
    endloop
  endfacet
  facet normal 1 0 0
    outer loop
      vertex -35.6 -56.6088 51.7934
      vertex -35.6 -63.3912 51.7934
      vertex -35.6 -63.2929 51.7071
    endloop
  endfacet
  facet normal 1 0 0
    outer loop
      vertex -35.6 -56.5 51.866
      vertex -35.6 -63.5 51.866
      vertex -35.6 -63.3912 51.7934
    endloop
  endfacet
  facet normal 1 0 0
    outer loop
      vertex -35.6 -56.3827 51.9239
      vertex -35.6 -63.6173 51.9239
      vertex -35.6 -63.5 51.866
    endloop
  endfacet
  facet normal 1 0 0
    outer loop
      vertex -35.6 -56.2588 51.9659
      vertex -35.6 -63.7412 51.9659
      vertex -35.6 -63.6173 51.9239
    endloop
  endfacet
  facet normal 1 0 0
    outer loop
      vertex -35.6 -56.1305 51.9914
      vertex -35.6 -63.8695 51.9914
      vertex -35.6 -63.7412 51.9659
    endloop
  endfacet
  facet normal 1 -0 0
    outer loop
      vertex -35.6 -67 52.5
      vertex -35.6 -63.8695 51.9914
      vertex -35.6 -53 52.5
    endloop
  endfacet
  facet normal 1 0 0
    outer loop
      vertex -35.6 -64.9914 51.1305
      vertex -35.6 -67 52.5
      vertex -35.6 -65 51
    endloop
  endfacet
  facet normal 1 0 0
    outer loop
      vertex -35.6 -64.9659 51.2588
      vertex -35.6 -67 52.5
      vertex -35.6 -64.9914 51.1305
    endloop
  endfacet
  facet normal 1 0 0
    outer loop
      vertex -35.6 -64.9239 51.3827
      vertex -35.6 -67 52.5
      vertex -35.6 -64.9659 51.2588
    endloop
  endfacet
  facet normal 1 0 0
    outer loop
      vertex -35.6 -64.866 51.5
      vertex -35.6 -67 52.5
      vertex -35.6 -64.9239 51.3827
    endloop
  endfacet
  facet normal 1 0 0
    outer loop
      vertex -35.6 -64.7934 51.6088
      vertex -35.6 -67 52.5
      vertex -35.6 -64.866 51.5
    endloop
  endfacet
  facet normal 1 0 0
    outer loop
      vertex -35.6 -64.7071 51.7071
      vertex -35.6 -67 52.5
      vertex -35.6 -64.7934 51.6088
    endloop
  endfacet
  facet normal 1 0 0
    outer loop
      vertex -35.6 -64.6088 51.7934
      vertex -35.6 -67 52.5
      vertex -35.6 -64.7071 51.7071
    endloop
  endfacet
  facet normal 1 0 0
    outer loop
      vertex -35.6 -64.5 51.866
      vertex -35.6 -67 52.5
      vertex -35.6 -64.6088 51.7934
    endloop
  endfacet
  facet normal 1 0 0
    outer loop
      vertex -35.6 -64.3827 51.9239
      vertex -35.6 -67 52.5
      vertex -35.6 -64.5 51.866
    endloop
  endfacet
  facet normal 1 0 0
    outer loop
      vertex -35.6 -64.2588 51.9659
      vertex -35.6 -67 52.5
      vertex -35.6 -64.3827 51.9239
    endloop
  endfacet
  facet normal 1 0 0
    outer loop
      vertex -35.6 -64.1305 51.9914
      vertex -35.6 -67 52.5
      vertex -35.6 -64.2588 51.9659
    endloop
  endfacet
  facet normal 1 0 0
    outer loop
      vertex -35.6 -64 52
      vertex -35.6 -67 52.5
      vertex -35.6 -64.1305 51.9914
    endloop
  endfacet
  facet normal 1 0 0
    outer loop
      vertex -35.6 -63.8695 51.9914
      vertex -35.6 -67 52.5
      vertex -35.6 -64 52
    endloop
  endfacet
  facet normal 1 0 0
    outer loop
      vertex -35.6 -53 52.5
      vertex -35.6 -49.8 60.2
      vertex -35.6 -53 55.5
    endloop
  endfacet
  facet normal 1 0 0
    outer loop
      vertex -35.6 -49.8 60.2
      vertex -35.6 -67 55.5
      vertex -35.6 -53 55.5
    endloop
  endfacet
  facet normal 1 0 0
    outer loop
      vertex -35.6 -70.2 60.2
      vertex -35.6 -67 52.5
      vertex -35.6 -67 55.5
    endloop
  endfacet
  facet normal 1 0 0
    outer loop
      vertex -35.6 -67 52.5
      vertex -35.6 -70.2 60.2
      vertex -35.6 -67 49.5
    endloop
  endfacet
  facet normal 1 0 0
    outer loop
      vertex -35.6 -67 49.5
      vertex -35.6 -70.2 60.2
      vertex -35.6 -67 46.5
    endloop
  endfacet
  facet normal 1 0 0
    outer loop
      vertex -35.6 -67 46.5
      vertex -35.6 -70.2 60.2
      vertex -35.6 -67 43.5
    endloop
  endfacet
  facet normal 1 0 0
    outer loop
      vertex -35.6 -70.2 29.8
      vertex -35.6 -67 43.5
      vertex -35.6 -70.2 60.2
    endloop
  endfacet
  facet normal 1 0 0
    outer loop
      vertex -35.6 -67 43.5
      vertex -35.6 -70.2 29.8
      vertex -35.6 -67 40.5
    endloop
  endfacet
  facet normal 1 0 0
    outer loop
      vertex -35.6 -67 40.5
      vertex -35.6 -70.2 29.8
      vertex -35.6 -67 37.5
    endloop
  endfacet
  facet normal 1 -0 0
    outer loop
      vertex -35.6 -70.2 60.2
      vertex -35.6 -67 55.5
      vertex -35.6 -49.8 60.2
    endloop
  endfacet
  facet normal 1 0 0
    outer loop
      vertex -35.6 -53 49.5
      vertex -35.6 -49.8 60.2
      vertex -35.6 -53 52.5
    endloop
  endfacet
  facet normal 1 0 0
    outer loop
      vertex -35.6 -53 46.5
      vertex -35.6 -49.8 60.2
      vertex -35.6 -53 49.5
    endloop
  endfacet
  facet normal 1 0 0
    outer loop
      vertex -35.6 -49.8 60.2
      vertex -35.6 -53 46.5
      vertex -35.6 -49.8 29.8
    endloop
  endfacet
  facet normal 1 -0 0
    outer loop
      vertex -35.6 -53 43.5
      vertex -35.6 -49.8 29.8
      vertex -35.6 -53 46.5
    endloop
  endfacet
  facet normal 1 -0 0
    outer loop
      vertex -35.6 -53 40.5
      vertex -35.6 -49.8 29.8
      vertex -35.6 -53 43.5
    endloop
  endfacet
  facet normal 1 -0 0
    outer loop
      vertex -35.6 -53 37.5
      vertex -35.6 -49.8 29.8
      vertex -35.6 -53 40.5
    endloop
  endfacet
  facet normal 1 -0 0
    outer loop
      vertex -35.6 -53 34.5
      vertex -35.6 -49.8 29.8
      vertex -35.6 -53 37.5
    endloop
  endfacet
  facet normal 1 -0 0
    outer loop
      vertex -35.6 -67 34.5
      vertex -35.6 -49.8 29.8
      vertex -35.6 -53 34.5
    endloop
  endfacet
  facet normal 1 0 0
    outer loop
      vertex -35.6 -67 34.5
      vertex -35.6 -70.2 29.8
      vertex -35.6 -49.8 29.8
    endloop
  endfacet
  facet normal 1 0 0
    outer loop
      vertex -35.6 -67 37.5
      vertex -35.6 -70.2 29.8
      vertex -35.6 -67 34.5
    endloop
  endfacet
  facet normal 1 -0 0
    outer loop
      vertex -35.6 -55.0086 50.8695
      vertex -35.6 -53 49.5
      vertex -35.6 -55 51
    endloop
  endfacet
  facet normal 1 -0 0
    outer loop
      vertex -35.6 -55.0341 50.7412
      vertex -35.6 -53 49.5
      vertex -35.6 -55.0086 50.8695
    endloop
  endfacet
  facet normal 1 -0 0
    outer loop
      vertex -35.6 -55.0761 50.6173
      vertex -35.6 -53 49.5
      vertex -35.6 -55.0341 50.7412
    endloop
  endfacet
  facet normal 1 -0 0
    outer loop
      vertex -35.6 -55.134 50.5
      vertex -35.6 -53 49.5
      vertex -35.6 -55.0761 50.6173
    endloop
  endfacet
  facet normal 1 -0 0
    outer loop
      vertex -35.6 -55.2066 50.3912
      vertex -35.6 -53 49.5
      vertex -35.6 -55.134 50.5
    endloop
  endfacet
  facet normal 1 -0 0
    outer loop
      vertex -35.6 -55.2929 50.2929
      vertex -35.6 -53 49.5
      vertex -35.6 -55.2066 50.3912
    endloop
  endfacet
  facet normal 1 -0 0
    outer loop
      vertex -35.6 -55.3912 50.2066
      vertex -35.6 -53 49.5
      vertex -35.6 -55.2929 50.2929
    endloop
  endfacet
  facet normal 1 -0 0
    outer loop
      vertex -35.6 -55.5 50.134
      vertex -35.6 -53 49.5
      vertex -35.6 -55.3912 50.2066
    endloop
  endfacet
  facet normal 1 -0 0
    outer loop
      vertex -35.6 -55.6173 50.0761
      vertex -35.6 -53 49.5
      vertex -35.6 -55.5 50.134
    endloop
  endfacet
  facet normal 1 -0 0
    outer loop
      vertex -35.6 -55.7412 50.0341
      vertex -35.6 -53 49.5
      vertex -35.6 -55.6173 50.0761
    endloop
  endfacet
  facet normal 1 -0 0
    outer loop
      vertex -35.6 -55.8695 50.0086
      vertex -35.6 -53 49.5
      vertex -35.6 -55.7412 50.0341
    endloop
  endfacet
  facet normal 1 -0 0
    outer loop
      vertex -35.6 -56 50
      vertex -35.6 -53 49.5
      vertex -35.6 -55.8695 50.0086
    endloop
  endfacet
  facet normal 1 0 0
    outer loop
      vertex -35.6 -56.1305 50.0086
      vertex -35.6 -53 49.5
      vertex -35.6 -56 50
    endloop
  endfacet
  facet normal 1 -0 0
    outer loop
      vertex -35.6 -63 51
      vertex -35.6 -56.9914 50.8695
      vertex -35.6 -57 51
    endloop
  endfacet
  facet normal 1 0 0
    outer loop
      vertex -35.6 -63.0086 50.8695
      vertex -35.6 -56.9914 50.8695
      vertex -35.6 -63 51
    endloop
  endfacet
  facet normal 1 0 0
    outer loop
      vertex -35.6 -56.9914 50.8695
      vertex -35.6 -63.0086 50.8695
      vertex -35.6 -56.9659 50.7412
    endloop
  endfacet
  facet normal 1 0 0
    outer loop
      vertex -35.6 -63.0341 50.7412
      vertex -35.6 -56.9659 50.7412
      vertex -35.6 -63.0086 50.8695
    endloop
  endfacet
  facet normal 1 0 0
    outer loop
      vertex -35.6 -56.9659 50.7412
      vertex -35.6 -63.0341 50.7412
      vertex -35.6 -56.9239 50.6173
    endloop
  endfacet
  facet normal 1 0 0
    outer loop
      vertex -35.6 -63.0761 50.6173
      vertex -35.6 -56.9239 50.6173
      vertex -35.6 -63.0341 50.7412
    endloop
  endfacet
  facet normal 1 0 0
    outer loop
      vertex -35.6 -56.9239 50.6173
      vertex -35.6 -63.0761 50.6173
      vertex -35.6 -56.866 50.5
    endloop
  endfacet
  facet normal 1 0 0
    outer loop
      vertex -35.6 -63.134 50.5
      vertex -35.6 -56.866 50.5
      vertex -35.6 -63.0761 50.6173
    endloop
  endfacet
  facet normal 1 0 0
    outer loop
      vertex -35.6 -56.866 50.5
      vertex -35.6 -63.134 50.5
      vertex -35.6 -56.7934 50.3912
    endloop
  endfacet
  facet normal 1 0 0
    outer loop
      vertex -35.6 -63.2066 50.3912
      vertex -35.6 -56.7934 50.3912
      vertex -35.6 -63.134 50.5
    endloop
  endfacet
  facet normal 1 0 0
    outer loop
      vertex -35.6 -56.7934 50.3912
      vertex -35.6 -63.2066 50.3912
      vertex -35.6 -56.7071 50.2929
    endloop
  endfacet
  facet normal 1 0 0
    outer loop
      vertex -35.6 -63.2929 50.2929
      vertex -35.6 -56.7071 50.2929
      vertex -35.6 -63.2066 50.3912
    endloop
  endfacet
  facet normal 1 0 0
    outer loop
      vertex -35.6 -56.7071 50.2929
      vertex -35.6 -63.2929 50.2929
      vertex -35.6 -56.6088 50.2066
    endloop
  endfacet
  facet normal 1 0 0
    outer loop
      vertex -35.6 -63.3912 50.2066
      vertex -35.6 -56.6088 50.2066
      vertex -35.6 -63.2929 50.2929
    endloop
  endfacet
  facet normal 1 0 0
    outer loop
      vertex -35.6 -56.6088 50.2066
      vertex -35.6 -63.3912 50.2066
      vertex -35.6 -56.5 50.134
    endloop
  endfacet
  facet normal 1 0 0
    outer loop
      vertex -35.6 -63.5 50.134
      vertex -35.6 -56.5 50.134
      vertex -35.6 -63.3912 50.2066
    endloop
  endfacet
  facet normal 1 0 0
    outer loop
      vertex -35.6 -56.5 50.134
      vertex -35.6 -63.5 50.134
      vertex -35.6 -56.3827 50.0761
    endloop
  endfacet
  facet normal 1 0 0
    outer loop
      vertex -35.6 -63.6173 50.0761
      vertex -35.6 -56.3827 50.0761
      vertex -35.6 -63.5 50.134
    endloop
  endfacet
  facet normal 1 0 0
    outer loop
      vertex -35.6 -56.3827 50.0761
      vertex -35.6 -63.6173 50.0761
      vertex -35.6 -56.2588 50.0341
    endloop
  endfacet
  facet normal 1 0 0
    outer loop
      vertex -35.6 -63.7412 50.0341
      vertex -35.6 -56.2588 50.0341
      vertex -35.6 -63.6173 50.0761
    endloop
  endfacet
  facet normal 1 0 0
    outer loop
      vertex -35.6 -56.2588 50.0341
      vertex -35.6 -63.7412 50.0341
      vertex -35.6 -56.1305 50.0086
    endloop
  endfacet
  facet normal 1 0 0
    outer loop
      vertex -35.6 -63.8695 50.0086
      vertex -35.6 -56.1305 50.0086
      vertex -35.6 -63.7412 50.0341
    endloop
  endfacet
  facet normal 1 0 0
    outer loop
      vertex -35.6 -56.1305 50.0086
      vertex -35.6 -63.8695 50.0086
      vertex -35.6 -53 49.5
    endloop
  endfacet
  facet normal 1 0 0
    outer loop
      vertex -35.6 -67 49.5
      vertex -35.6 -63.8695 50.0086
      vertex -35.6 -64 50
    endloop
  endfacet
  facet normal 1 0 0
    outer loop
      vertex -35.6 -67 49.5
      vertex -35.6 -65 51
      vertex -35.6 -67 52.5
    endloop
  endfacet
  facet normal 1 0 0
    outer loop
      vertex -35.6 -65 51
      vertex -35.6 -67 49.5
      vertex -35.6 -64.9914 50.8695
    endloop
  endfacet
  facet normal 1 0 0
    outer loop
      vertex -35.6 -64.9914 50.8695
      vertex -35.6 -67 49.5
      vertex -35.6 -64.9659 50.7412
    endloop
  endfacet
  facet normal 1 0 0
    outer loop
      vertex -35.6 -64.9659 50.7412
      vertex -35.6 -67 49.5
      vertex -35.6 -64.9239 50.6173
    endloop
  endfacet
  facet normal 1 0 0
    outer loop
      vertex -35.6 -64.9239 50.6173
      vertex -35.6 -67 49.5
      vertex -35.6 -64.866 50.5
    endloop
  endfacet
  facet normal 1 0 0
    outer loop
      vertex -35.6 -64.866 50.5
      vertex -35.6 -67 49.5
      vertex -35.6 -64.7934 50.3912
    endloop
  endfacet
  facet normal 1 0 0
    outer loop
      vertex -35.6 -63.8695 50.0086
      vertex -35.6 -67 49.5
      vertex -35.6 -53 49.5
    endloop
  endfacet
  facet normal 1 0 0
    outer loop
      vertex -35.6 -64.1305 50.0086
      vertex -35.6 -67 49.5
      vertex -35.6 -64 50
    endloop
  endfacet
  facet normal 1 0 0
    outer loop
      vertex -35.6 -64.2588 50.0341
      vertex -35.6 -67 49.5
      vertex -35.6 -64.1305 50.0086
    endloop
  endfacet
  facet normal 1 0 0
    outer loop
      vertex -35.6 -64.3827 50.0761
      vertex -35.6 -67 49.5
      vertex -35.6 -64.2588 50.0341
    endloop
  endfacet
  facet normal 1 0 0
    outer loop
      vertex -35.6 -64.5 50.134
      vertex -35.6 -67 49.5
      vertex -35.6 -64.3827 50.0761
    endloop
  endfacet
  facet normal 1 0 0
    outer loop
      vertex -35.6 -64.6088 50.2066
      vertex -35.6 -67 49.5
      vertex -35.6 -64.5 50.134
    endloop
  endfacet
  facet normal 1 0 0
    outer loop
      vertex -35.6 -64.7071 50.2929
      vertex -35.6 -67 49.5
      vertex -35.6 -64.6088 50.2066
    endloop
  endfacet
  facet normal 1 0 0
    outer loop
      vertex -35.6 -64.7934 50.3912
      vertex -35.6 -67 49.5
      vertex -35.6 -64.7071 50.2929
    endloop
  endfacet
  facet normal 1 -0 0
    outer loop
      vertex -35.6 -55.0086 44.8695
      vertex -35.6 -53 43.5
      vertex -35.6 -55 45
    endloop
  endfacet
  facet normal 1 -0 0
    outer loop
      vertex -35.6 -55.0341 44.7412
      vertex -35.6 -53 43.5
      vertex -35.6 -55.0086 44.8695
    endloop
  endfacet
  facet normal 1 -0 0
    outer loop
      vertex -35.6 -55.0761 44.6173
      vertex -35.6 -53 43.5
      vertex -35.6 -55.0341 44.7412
    endloop
  endfacet
  facet normal 1 -0 0
    outer loop
      vertex -35.6 -55.134 44.5
      vertex -35.6 -53 43.5
      vertex -35.6 -55.0761 44.6173
    endloop
  endfacet
  facet normal 1 -0 0
    outer loop
      vertex -35.6 -55.2066 44.3912
      vertex -35.6 -53 43.5
      vertex -35.6 -55.134 44.5
    endloop
  endfacet
  facet normal 1 -0 0
    outer loop
      vertex -35.6 -55.2929 44.2929
      vertex -35.6 -53 43.5
      vertex -35.6 -55.2066 44.3912
    endloop
  endfacet
  facet normal 1 -0 0
    outer loop
      vertex -35.6 -55.3912 44.2066
      vertex -35.6 -53 43.5
      vertex -35.6 -55.2929 44.2929
    endloop
  endfacet
  facet normal 1 -0 0
    outer loop
      vertex -35.6 -55.5 44.134
      vertex -35.6 -53 43.5
      vertex -35.6 -55.3912 44.2066
    endloop
  endfacet
  facet normal 1 -0 0
    outer loop
      vertex -35.6 -55.6173 44.0761
      vertex -35.6 -53 43.5
      vertex -35.6 -55.5 44.134
    endloop
  endfacet
  facet normal 1 -0 0
    outer loop
      vertex -35.6 -55.7412 44.0341
      vertex -35.6 -53 43.5
      vertex -35.6 -55.6173 44.0761
    endloop
  endfacet
  facet normal 1 -0 0
    outer loop
      vertex -35.6 -55.8695 44.0086
      vertex -35.6 -53 43.5
      vertex -35.6 -55.7412 44.0341
    endloop
  endfacet
  facet normal 1 -0 0
    outer loop
      vertex -35.6 -56 44
      vertex -35.6 -53 43.5
      vertex -35.6 -55.8695 44.0086
    endloop
  endfacet
  facet normal 1 0 0
    outer loop
      vertex -35.6 -56.1305 44.0086
      vertex -35.6 -53 43.5
      vertex -35.6 -56 44
    endloop
  endfacet
  facet normal 1 -0 0
    outer loop
      vertex -35.6 -63 45
      vertex -35.6 -56.9914 44.8695
      vertex -35.6 -57 45
    endloop
  endfacet
  facet normal 1 0 0
    outer loop
      vertex -35.6 -63.0086 44.8695
      vertex -35.6 -56.9914 44.8695
      vertex -35.6 -63 45
    endloop
  endfacet
  facet normal 1 0 0
    outer loop
      vertex -35.6 -56.9914 44.8695
      vertex -35.6 -63.0086 44.8695
      vertex -35.6 -56.9659 44.7412
    endloop
  endfacet
  facet normal 1 0 0
    outer loop
      vertex -35.6 -63.0341 44.7412
      vertex -35.6 -56.9659 44.7412
      vertex -35.6 -63.0086 44.8695
    endloop
  endfacet
  facet normal 1 0 0
    outer loop
      vertex -35.6 -56.9659 44.7412
      vertex -35.6 -63.0341 44.7412
      vertex -35.6 -56.9239 44.6173
    endloop
  endfacet
  facet normal 1 0 0
    outer loop
      vertex -35.6 -63.0761 44.6173
      vertex -35.6 -56.9239 44.6173
      vertex -35.6 -63.0341 44.7412
    endloop
  endfacet
  facet normal 1 0 0
    outer loop
      vertex -35.6 -56.9239 44.6173
      vertex -35.6 -63.0761 44.6173
      vertex -35.6 -56.866 44.5
    endloop
  endfacet
  facet normal 1 0 0
    outer loop
      vertex -35.6 -63.134 44.5
      vertex -35.6 -56.866 44.5
      vertex -35.6 -63.0761 44.6173
    endloop
  endfacet
  facet normal 1 0 0
    outer loop
      vertex -35.6 -56.866 44.5
      vertex -35.6 -63.134 44.5
      vertex -35.6 -56.7934 44.3912
    endloop
  endfacet
  facet normal 1 0 0
    outer loop
      vertex -35.6 -63.2066 44.3912
      vertex -35.6 -56.7934 44.3912
      vertex -35.6 -63.134 44.5
    endloop
  endfacet
  facet normal 1 0 0
    outer loop
      vertex -35.6 -56.7934 44.3912
      vertex -35.6 -63.2066 44.3912
      vertex -35.6 -56.7071 44.2929
    endloop
  endfacet
  facet normal 1 0 0
    outer loop
      vertex -35.6 -63.2929 44.2929
      vertex -35.6 -56.7071 44.2929
      vertex -35.6 -63.2066 44.3912
    endloop
  endfacet
  facet normal 1 0 0
    outer loop
      vertex -35.6 -56.7071 44.2929
      vertex -35.6 -63.2929 44.2929
      vertex -35.6 -56.6088 44.2066
    endloop
  endfacet
  facet normal 1 0 0
    outer loop
      vertex -35.6 -63.3912 44.2066
      vertex -35.6 -56.6088 44.2066
      vertex -35.6 -63.2929 44.2929
    endloop
  endfacet
  facet normal 1 0 0
    outer loop
      vertex -35.6 -56.6088 44.2066
      vertex -35.6 -63.3912 44.2066
      vertex -35.6 -56.5 44.134
    endloop
  endfacet
  facet normal 1 0 0
    outer loop
      vertex -35.6 -63.5 44.134
      vertex -35.6 -56.5 44.134
      vertex -35.6 -63.3912 44.2066
    endloop
  endfacet
  facet normal 1 0 0
    outer loop
      vertex -35.6 -56.5 44.134
      vertex -35.6 -63.5 44.134
      vertex -35.6 -56.3827 44.0761
    endloop
  endfacet
  facet normal 1 0 0
    outer loop
      vertex -35.6 -63.6173 44.0761
      vertex -35.6 -56.3827 44.0761
      vertex -35.6 -63.5 44.134
    endloop
  endfacet
  facet normal 1 0 0
    outer loop
      vertex -35.6 -56.3827 44.0761
      vertex -35.6 -63.6173 44.0761
      vertex -35.6 -56.2588 44.0341
    endloop
  endfacet
  facet normal 1 0 0
    outer loop
      vertex -35.6 -63.7412 44.0341
      vertex -35.6 -56.2588 44.0341
      vertex -35.6 -63.6173 44.0761
    endloop
  endfacet
  facet normal 1 0 0
    outer loop
      vertex -35.6 -56.2588 44.0341
      vertex -35.6 -63.7412 44.0341
      vertex -35.6 -56.1305 44.0086
    endloop
  endfacet
  facet normal 1 0 0
    outer loop
      vertex -35.6 -63.8695 44.0086
      vertex -35.6 -56.1305 44.0086
      vertex -35.6 -63.7412 44.0341
    endloop
  endfacet
  facet normal 1 0 0
    outer loop
      vertex -35.6 -56.1305 44.0086
      vertex -35.6 -63.8695 44.0086
      vertex -35.6 -53 43.5
    endloop
  endfacet
  facet normal 1 0 0
    outer loop
      vertex -35.6 -67 43.5
      vertex -35.6 -63.8695 44.0086
      vertex -35.6 -64 44
    endloop
  endfacet
  facet normal 1 0 0
    outer loop
      vertex -35.6 -67 43.5
      vertex -35.6 -65 45
      vertex -35.6 -67 46.5
    endloop
  endfacet
  facet normal 1 0 0
    outer loop
      vertex -35.6 -65 45
      vertex -35.6 -67 43.5
      vertex -35.6 -64.9914 44.8695
    endloop
  endfacet
  facet normal 1 0 0
    outer loop
      vertex -35.6 -64.9914 44.8695
      vertex -35.6 -67 43.5
      vertex -35.6 -64.9659 44.7412
    endloop
  endfacet
  facet normal 1 0 0
    outer loop
      vertex -35.6 -64.9659 44.7412
      vertex -35.6 -67 43.5
      vertex -35.6 -64.9239 44.6173
    endloop
  endfacet
  facet normal 1 0 0
    outer loop
      vertex -35.6 -64.9239 44.6173
      vertex -35.6 -67 43.5
      vertex -35.6 -64.866 44.5
    endloop
  endfacet
  facet normal 1 0 0
    outer loop
      vertex -35.6 -64.866 44.5
      vertex -35.6 -67 43.5
      vertex -35.6 -64.7934 44.3912
    endloop
  endfacet
  facet normal 1 0 0
    outer loop
      vertex -35.6 -63.8695 44.0086
      vertex -35.6 -67 43.5
      vertex -35.6 -53 43.5
    endloop
  endfacet
  facet normal 1 0 0
    outer loop
      vertex -35.6 -64.1305 44.0086
      vertex -35.6 -67 43.5
      vertex -35.6 -64 44
    endloop
  endfacet
  facet normal 1 0 0
    outer loop
      vertex -35.6 -64.2588 44.0341
      vertex -35.6 -67 43.5
      vertex -35.6 -64.1305 44.0086
    endloop
  endfacet
  facet normal 1 0 0
    outer loop
      vertex -35.6 -64.3827 44.0761
      vertex -35.6 -67 43.5
      vertex -35.6 -64.2588 44.0341
    endloop
  endfacet
  facet normal 1 0 0
    outer loop
      vertex -35.6 -64.5 44.134
      vertex -35.6 -67 43.5
      vertex -35.6 -64.3827 44.0761
    endloop
  endfacet
  facet normal 1 0 0
    outer loop
      vertex -35.6 -64.6088 44.2066
      vertex -35.6 -67 43.5
      vertex -35.6 -64.5 44.134
    endloop
  endfacet
  facet normal 1 0 0
    outer loop
      vertex -35.6 -64.7071 44.2929
      vertex -35.6 -67 43.5
      vertex -35.6 -64.6088 44.2066
    endloop
  endfacet
  facet normal 1 0 0
    outer loop
      vertex -35.6 -64.7934 44.3912
      vertex -35.6 -67 43.5
      vertex -35.6 -64.7071 44.2929
    endloop
  endfacet
  facet normal 1 -0 0
    outer loop
      vertex -35.6 -55.0086 38.8695
      vertex -35.6 -53 37.5
      vertex -35.6 -55 39
    endloop
  endfacet
  facet normal 1 -0 0
    outer loop
      vertex -35.6 -55.0341 38.7412
      vertex -35.6 -53 37.5
      vertex -35.6 -55.0086 38.8695
    endloop
  endfacet
  facet normal 1 -0 0
    outer loop
      vertex -35.6 -55.0761 38.6173
      vertex -35.6 -53 37.5
      vertex -35.6 -55.0341 38.7412
    endloop
  endfacet
  facet normal 1 -0 0
    outer loop
      vertex -35.6 -55.134 38.5
      vertex -35.6 -53 37.5
      vertex -35.6 -55.0761 38.6173
    endloop
  endfacet
  facet normal 1 -0 0
    outer loop
      vertex -35.6 -55.2066 38.3912
      vertex -35.6 -53 37.5
      vertex -35.6 -55.134 38.5
    endloop
  endfacet
  facet normal 1 -0 0
    outer loop
      vertex -35.6 -55.2929 38.2929
      vertex -35.6 -53 37.5
      vertex -35.6 -55.2066 38.3912
    endloop
  endfacet
  facet normal 1 -0 0
    outer loop
      vertex -35.6 -55.3912 38.2066
      vertex -35.6 -53 37.5
      vertex -35.6 -55.2929 38.2929
    endloop
  endfacet
  facet normal 1 -0 0
    outer loop
      vertex -35.6 -55.5 38.134
      vertex -35.6 -53 37.5
      vertex -35.6 -55.3912 38.2066
    endloop
  endfacet
  facet normal 1 -0 0
    outer loop
      vertex -35.6 -55.6173 38.0761
      vertex -35.6 -53 37.5
      vertex -35.6 -55.5 38.134
    endloop
  endfacet
  facet normal 1 -0 0
    outer loop
      vertex -35.6 -55.7412 38.0341
      vertex -35.6 -53 37.5
      vertex -35.6 -55.6173 38.0761
    endloop
  endfacet
  facet normal 1 -0 0
    outer loop
      vertex -35.6 -55.8695 38.0086
      vertex -35.6 -53 37.5
      vertex -35.6 -55.7412 38.0341
    endloop
  endfacet
  facet normal 1 -0 0
    outer loop
      vertex -35.6 -56 38
      vertex -35.6 -53 37.5
      vertex -35.6 -55.8695 38.0086
    endloop
  endfacet
  facet normal 1 0 0
    outer loop
      vertex -35.6 -56.1305 38.0086
      vertex -35.6 -53 37.5
      vertex -35.6 -56 38
    endloop
  endfacet
  facet normal 1 -0 0
    outer loop
      vertex -35.6 -63 39
      vertex -35.6 -56.9914 38.8695
      vertex -35.6 -57 39
    endloop
  endfacet
  facet normal 1 0 0
    outer loop
      vertex -35.6 -63.0086 38.8695
      vertex -35.6 -56.9914 38.8695
      vertex -35.6 -63 39
    endloop
  endfacet
  facet normal 1 0 0
    outer loop
      vertex -35.6 -56.9914 38.8695
      vertex -35.6 -63.0086 38.8695
      vertex -35.6 -56.9659 38.7412
    endloop
  endfacet
  facet normal 1 0 0
    outer loop
      vertex -35.6 -63.0341 38.7412
      vertex -35.6 -56.9659 38.7412
      vertex -35.6 -63.0086 38.8695
    endloop
  endfacet
  facet normal 1 0 0
    outer loop
      vertex -35.6 -56.9659 38.7412
      vertex -35.6 -63.0341 38.7412
      vertex -35.6 -56.9239 38.6173
    endloop
  endfacet
  facet normal 1 0 0
    outer loop
      vertex -35.6 -63.0761 38.6173
      vertex -35.6 -56.9239 38.6173
      vertex -35.6 -63.0341 38.7412
    endloop
  endfacet
  facet normal 1 0 0
    outer loop
      vertex -35.6 -56.9239 38.6173
      vertex -35.6 -63.0761 38.6173
      vertex -35.6 -56.866 38.5
    endloop
  endfacet
  facet normal 1 0 0
    outer loop
      vertex -35.6 -63.134 38.5
      vertex -35.6 -56.866 38.5
      vertex -35.6 -63.0761 38.6173
    endloop
  endfacet
  facet normal 1 0 0
    outer loop
      vertex -35.6 -56.866 38.5
      vertex -35.6 -63.134 38.5
      vertex -35.6 -56.7934 38.3912
    endloop
  endfacet
  facet normal 1 0 0
    outer loop
      vertex -35.6 -63.2066 38.3912
      vertex -35.6 -56.7934 38.3912
      vertex -35.6 -63.134 38.5
    endloop
  endfacet
  facet normal 1 0 0
    outer loop
      vertex -35.6 -56.7934 38.3912
      vertex -35.6 -63.2066 38.3912
      vertex -35.6 -56.7071 38.2929
    endloop
  endfacet
  facet normal 1 0 0
    outer loop
      vertex -35.6 -63.2929 38.2929
      vertex -35.6 -56.7071 38.2929
      vertex -35.6 -63.2066 38.3912
    endloop
  endfacet
  facet normal 1 0 0
    outer loop
      vertex -35.6 -56.7071 38.2929
      vertex -35.6 -63.2929 38.2929
      vertex -35.6 -56.6088 38.2066
    endloop
  endfacet
  facet normal 1 0 0
    outer loop
      vertex -35.6 -63.3912 38.2066
      vertex -35.6 -56.6088 38.2066
      vertex -35.6 -63.2929 38.2929
    endloop
  endfacet
  facet normal 1 0 0
    outer loop
      vertex -35.6 -56.6088 38.2066
      vertex -35.6 -63.3912 38.2066
      vertex -35.6 -56.5 38.134
    endloop
  endfacet
  facet normal 1 0 0
    outer loop
      vertex -35.6 -63.5 38.134
      vertex -35.6 -56.5 38.134
      vertex -35.6 -63.3912 38.2066
    endloop
  endfacet
  facet normal 1 0 0
    outer loop
      vertex -35.6 -56.5 38.134
      vertex -35.6 -63.5 38.134
      vertex -35.6 -56.3827 38.0761
    endloop
  endfacet
  facet normal 1 0 0
    outer loop
      vertex -35.6 -63.6173 38.0761
      vertex -35.6 -56.3827 38.0761
      vertex -35.6 -63.5 38.134
    endloop
  endfacet
  facet normal 1 0 0
    outer loop
      vertex -35.6 -56.3827 38.0761
      vertex -35.6 -63.6173 38.0761
      vertex -35.6 -56.2588 38.0341
    endloop
  endfacet
  facet normal 1 0 0
    outer loop
      vertex -35.6 -63.7412 38.0341
      vertex -35.6 -56.2588 38.0341
      vertex -35.6 -63.6173 38.0761
    endloop
  endfacet
  facet normal 1 0 0
    outer loop
      vertex -35.6 -56.2588 38.0341
      vertex -35.6 -63.7412 38.0341
      vertex -35.6 -56.1305 38.0086
    endloop
  endfacet
  facet normal 1 0 0
    outer loop
      vertex -35.6 -63.8695 38.0086
      vertex -35.6 -56.1305 38.0086
      vertex -35.6 -63.7412 38.0341
    endloop
  endfacet
  facet normal 1 0 0
    outer loop
      vertex -35.6 -56.1305 38.0086
      vertex -35.6 -63.8695 38.0086
      vertex -35.6 -53 37.5
    endloop
  endfacet
  facet normal 1 0 0
    outer loop
      vertex -35.6 -67 37.5
      vertex -35.6 -63.8695 38.0086
      vertex -35.6 -64 38
    endloop
  endfacet
  facet normal 1 0 0
    outer loop
      vertex -35.6 -67 37.5
      vertex -35.6 -65 39
      vertex -35.6 -67 40.5
    endloop
  endfacet
  facet normal 1 0 0
    outer loop
      vertex -35.6 -65 39
      vertex -35.6 -67 37.5
      vertex -35.6 -64.9914 38.8695
    endloop
  endfacet
  facet normal 1 0 0
    outer loop
      vertex -35.6 -64.9914 38.8695
      vertex -35.6 -67 37.5
      vertex -35.6 -64.9659 38.7412
    endloop
  endfacet
  facet normal 1 0 0
    outer loop
      vertex -35.6 -64.9659 38.7412
      vertex -35.6 -67 37.5
      vertex -35.6 -64.9239 38.6173
    endloop
  endfacet
  facet normal 1 0 0
    outer loop
      vertex -35.6 -64.9239 38.6173
      vertex -35.6 -67 37.5
      vertex -35.6 -64.866 38.5
    endloop
  endfacet
  facet normal 1 0 0
    outer loop
      vertex -35.6 -64.866 38.5
      vertex -35.6 -67 37.5
      vertex -35.6 -64.7934 38.3912
    endloop
  endfacet
  facet normal 1 0 0
    outer loop
      vertex -35.6 -63.8695 38.0086
      vertex -35.6 -67 37.5
      vertex -35.6 -53 37.5
    endloop
  endfacet
  facet normal 1 0 0
    outer loop
      vertex -35.6 -64.1305 38.0086
      vertex -35.6 -67 37.5
      vertex -35.6 -64 38
    endloop
  endfacet
  facet normal 1 0 0
    outer loop
      vertex -35.6 -64.2588 38.0341
      vertex -35.6 -67 37.5
      vertex -35.6 -64.1305 38.0086
    endloop
  endfacet
  facet normal 1 0 0
    outer loop
      vertex -35.6 -64.3827 38.0761
      vertex -35.6 -67 37.5
      vertex -35.6 -64.2588 38.0341
    endloop
  endfacet
  facet normal 1 0 0
    outer loop
      vertex -35.6 -64.5 38.134
      vertex -35.6 -67 37.5
      vertex -35.6 -64.3827 38.0761
    endloop
  endfacet
  facet normal 1 0 0
    outer loop
      vertex -35.6 -64.6088 38.2066
      vertex -35.6 -67 37.5
      vertex -35.6 -64.5 38.134
    endloop
  endfacet
  facet normal 1 0 0
    outer loop
      vertex -35.6 -64.7071 38.2929
      vertex -35.6 -67 37.5
      vertex -35.6 -64.6088 38.2066
    endloop
  endfacet
  facet normal 1 0 0
    outer loop
      vertex -35.6 -64.7934 38.3912
      vertex -35.6 -67 37.5
      vertex -35.6 -64.7071 38.2929
    endloop
  endfacet
  facet normal -0.980772 -0.195156 0
    outer loop
      vertex 35.5692 -5.5301 2.4
      vertex 35.4773 -5.06825 50
      vertex 35.4773 -5.06825 2.4
    endloop
  endfacet
  facet normal -0.980772 -0.195156 0
    outer loop
      vertex 35.4773 -5.06825 50
      vertex 35.5692 -5.5301 2.4
      vertex 35.5692 -5.5301 50
    endloop
  endfacet
  facet normal 0.659277 -0.7519 1.17961e-06
    outer loop
      vertex -34.5456 -3.45441 50
      vertex -34.4835 -3.4 24.39
      vertex -34.1915 -3.14393 50
    endloop
  endfacet
  facet normal 0.659002 -0.752141 0
    outer loop
      vertex -34.5456 -3.45441 2.4
      vertex -34.4835 -3.4 24.39
      vertex -34.5456 -3.45441 50
    endloop
  endfacet
  facet normal 0.659002 -0.752141 0
    outer loop
      vertex -34.4835 -3.4 24.39
      vertex -34.5456 -3.45441 2.4
      vertex -34.4835 -3.4 2.4
    endloop
  endfacet
  facet normal 0.659335 -0.751849 0
    outer loop
      vertex -34.1915 -3.14393 50
      vertex -34.4835 -3.4 24.39
      vertex -34.1915 -3.14393 24.39
    endloop
  endfacet
  facet normal -0.896852 -0.442331 0
    outer loop
      vertex 35.326 -4.62234 2.4
      vertex 35.1177 -4.2 50
      vertex 35.1177 -4.2 2.4
    endloop
  endfacet
  facet normal -0.896852 -0.442331 0
    outer loop
      vertex 35.1177 -4.2 50
      vertex 35.326 -4.62234 2.4
      vertex 35.326 -4.62234 50
    endloop
  endfacet
  facet normal -0.442365 0.896835 0
    outer loop
      vertex 33.8 -80.5177 2.4
      vertex 33.3777 -80.726 50
      vertex 33.8 -80.5177 50
    endloop
  endfacet
  facet normal -0.442365 0.896835 0
    outer loop
      vertex 33.3777 -80.726 50
      vertex 33.8 -80.5177 2.4
      vertex 33.3777 -80.726 2.4
    endloop
  endfacet
  facet normal 0.980772 -0.195156 0
    outer loop
      vertex -35.5692 -5.5301 50
      vertex -35.4773 -5.06825 24.39
      vertex -35.4773 -5.06825 50
    endloop
  endfacet
  facet normal 0.980772 -0.195156 0
    outer loop
      vertex -35.4773 -5.06825 24.39
      vertex -35.5692 -5.5301 50
      vertex -35.5692 -5.5301 24.39
    endloop
  endfacet
  facet normal 0.831462 0.555582 0
    outer loop
      vertex -34.8561 -79.5915 50
      vertex -35.1177 -79.2 2.4
      vertex -35.1177 -79.2 50
    endloop
  endfacet
  facet normal 0.831462 0.555582 0
    outer loop
      vertex -35.1177 -79.2 2.4
      vertex -34.8561 -79.5915 50
      vertex -34.8561 -79.5915 2.4
    endloop
  endfacet
  facet normal 0.896852 -0.442331 0
    outer loop
      vertex -35.326 -4.62234 50
      vertex -35.1177 -4.2 24.39
      vertex -35.1177 -4.2 50
    endloop
  endfacet
  facet normal 0.896852 -0.442331 0
    outer loop
      vertex -35.1177 -4.2 24.39
      vertex -35.326 -4.62234 50
      vertex -35.326 -4.62234 24.39
    endloop
  endfacet
  facet normal -0.831462 0.555582 0
    outer loop
      vertex 34.8561 -79.5915 2.4
      vertex 35.1177 -79.2 50
      vertex 35.1177 -79.2 2.4
    endloop
  endfacet
  facet normal -0.831462 0.555582 0
    outer loop
      vertex 35.1177 -79.2 50
      vertex 34.8561 -79.5915 2.4
      vertex 34.8561 -79.5915 50
    endloop
  endfacet
  facet normal -0.946993 0.321256 0
    outer loop
      vertex 35.326 -78.7777 2.4
      vertex 35.4773 -78.3317 50
      vertex 35.4773 -78.3317 2.4
    endloop
  endfacet
  facet normal -0.946993 0.321256 0
    outer loop
      vertex 35.4773 -78.3317 50
      vertex 35.326 -78.7777 2.4
      vertex 35.326 -78.7777 50
    endloop
  endfacet
  facet normal 0.321256 0.946993 -0
    outer loop
      vertex -32.9317 -80.8773 2.4
      vertex -33.3777 -80.726 50
      vertex -32.9317 -80.8773 50
    endloop
  endfacet
  facet normal 0.321256 0.946993 0
    outer loop
      vertex -33.3777 -80.726 50
      vertex -32.9317 -80.8773 2.4
      vertex -33.3777 -80.726 2.4
    endloop
  endfacet
  facet normal 0.751938 -0.659234 0
    outer loop
      vertex -34.5456 -3.45441 50
      vertex -34.6 -3.51646 24.39
      vertex -34.5456 -3.45441 2.4
    endloop
  endfacet
  facet normal 0.751833 -0.659354 5.14504e-07
    outer loop
      vertex -34.8561 -3.80846 50
      vertex -34.6 -3.51646 24.39
      vertex -34.5456 -3.45441 50
    endloop
  endfacet
  facet normal 0.751811 -0.659379 0
    outer loop
      vertex -34.6 -3.51646 24.39
      vertex -34.8561 -3.80846 50
      vertex -34.8561 -3.80846 24.39
    endloop
  endfacet
  facet normal 0.751938 -0.659234 0
    outer loop
      vertex -34.5456 -3.45441 2.4
      vertex -34.6 -3.51646 24.39
      vertex -34.6 -3.51646 2.4
    endloop
  endfacet
  facet normal -0.555611 -0.831442 0
    outer loop
      vertex 33.8 -2.88231 2.4
      vertex 34.1915 -3.14393 50
      vertex 33.8 -2.88231 50
    endloop
  endfacet
  facet normal -0.555611 -0.831442 -0
    outer loop
      vertex 34.1915 -3.14393 50
      vertex 33.8 -2.88231 2.4
      vertex 34.1915 -3.14393 2.4
    endloop
  endfacet
  facet normal 0.896835 0.442365 0
    outer loop
      vertex -35.1177 -79.2 50
      vertex -35.326 -78.7777 2.4
      vertex -35.326 -78.7777 50
    endloop
  endfacet
  facet normal 0.896835 0.442365 0
    outer loop
      vertex -35.326 -78.7777 2.4
      vertex -35.1177 -79.2 50
      vertex -35.1177 -79.2 2.4
    endloop
  endfacet
  facet normal -0.555582 0.831462 0
    outer loop
      vertex 34.1915 -80.2561 2.4
      vertex 33.8 -80.5177 50
      vertex 34.1915 -80.2561 50
    endloop
  endfacet
  facet normal -0.555582 0.831462 0
    outer loop
      vertex 33.8 -80.5177 50
      vertex 34.1915 -80.2561 2.4
      vertex 33.8 -80.5177 2.4
    endloop
  endfacet
  facet normal -0.659277 -0.7519 0
    outer loop
      vertex 34.1915 -3.14393 2.4
      vertex 34.5456 -3.45441 50
      vertex 34.1915 -3.14393 50
    endloop
  endfacet
  facet normal -0.659277 -0.7519 -0
    outer loop
      vertex 34.5456 -3.45441 50
      vertex 34.1915 -3.14393 2.4
      vertex 34.5456 -3.45441 2.4
    endloop
  endfacet
  facet normal -0.659301 0.751879 0
    outer loop
      vertex 34.5456 -79.9456 2.4
      vertex 34.1915 -80.2561 50
      vertex 34.5456 -79.9456 50
    endloop
  endfacet
  facet normal -0.659301 0.751879 0
    outer loop
      vertex 34.1915 -80.2561 50
      vertex 34.5456 -79.9456 2.4
      vertex 34.1915 -80.2561 2.4
    endloop
  endfacet
  facet normal -0.896835 0.442365 0
    outer loop
      vertex 35.1177 -79.2 2.4
      vertex 35.326 -78.7777 50
      vertex 35.326 -78.7777 2.4
    endloop
  endfacet
  facet normal -0.896835 0.442365 0
    outer loop
      vertex 35.326 -78.7777 50
      vertex 35.1177 -79.2 2.4
      vertex 35.1177 -79.2 50
    endloop
  endfacet
  facet normal 0.555611 -0.831442 0
    outer loop
      vertex -34.1915 -3.14393 24.39
      vertex -33.8 -2.88231 50
      vertex -34.1915 -3.14393 50
    endloop
  endfacet
  facet normal 0.555611 -0.831442 0
    outer loop
      vertex -33.8 -2.88231 50
      vertex -34.1915 -3.14393 24.39
      vertex -33.8 -2.88231 24.39
    endloop
  endfacet
  facet normal -0.751833 -0.659354 0
    outer loop
      vertex 34.8561 -3.80846 2.4
      vertex 34.5456 -3.45441 50
      vertex 34.5456 -3.45441 2.4
    endloop
  endfacet
  facet normal -0.751833 -0.659354 0
    outer loop
      vertex 34.5456 -3.45441 50
      vertex 34.8561 -3.80846 2.4
      vertex 34.8561 -3.80846 50
    endloop
  endfacet
  facet normal -0.0654055 -0.997859 0
    outer loop
      vertex 32 -2.4 2.4
      vertex 32.4699 -2.4308 50
      vertex 32 -2.4 50
    endloop
  endfacet
  facet normal -0.0654055 -0.997859 -0
    outer loop
      vertex 32.4699 -2.4308 50
      vertex 32 -2.4 2.4
      vertex 32.4699 -2.4308 2.4
    endloop
  endfacet
  facet normal -0.751879 0.659301 0
    outer loop
      vertex 34.5456 -79.9456 2.4
      vertex 34.8561 -79.5915 50
      vertex 34.8561 -79.5915 2.4
    endloop
  endfacet
  facet normal -0.751879 0.659301 0
    outer loop
      vertex 34.8561 -79.5915 50
      vertex 34.5456 -79.9456 2.4
      vertex 34.5456 -79.9456 50
    endloop
  endfacet
  facet normal -0.321256 0.946993 0
    outer loop
      vertex 33.3777 -80.726 2.4
      vertex 32.9317 -80.8773 50
      vertex 33.3777 -80.726 50
    endloop
  endfacet
  facet normal -0.321256 0.946993 0
    outer loop
      vertex 32.9317 -80.8773 50
      vertex 33.3777 -80.726 2.4
      vertex 32.9317 -80.8773 2.4
    endloop
  endfacet
  facet normal 0.195177 0.980768 -0
    outer loop
      vertex -32.4699 -80.9692 2.4
      vertex -32.9317 -80.8773 50
      vertex -32.4699 -80.9692 50
    endloop
  endfacet
  facet normal 0.195177 0.980768 0
    outer loop
      vertex -32.9317 -80.8773 50
      vertex -32.4699 -80.9692 2.4
      vertex -32.9317 -80.8773 2.4
    endloop
  endfacet
  facet normal 0.946993 0.321256 0
    outer loop
      vertex -35.326 -78.7777 50
      vertex -35.4773 -78.3317 2.4
      vertex -35.4773 -78.3317 50
    endloop
  endfacet
  facet normal 0.946993 0.321256 0
    outer loop
      vertex -35.4773 -78.3317 2.4
      vertex -35.326 -78.7777 50
      vertex -35.326 -78.7777 2.4
    endloop
  endfacet
  facet normal -0.0654055 0.997859 0
    outer loop
      vertex 32.4699 -80.9692 2.4
      vertex 32 -81 50
      vertex 32.4699 -80.9692 50
    endloop
  endfacet
  facet normal -0.0654055 0.997859 0
    outer loop
      vertex 32 -81 50
      vertex 32.4699 -80.9692 2.4
      vertex 32 -81 2.4
    endloop
  endfacet
  facet normal -0.195177 0.980768 0
    outer loop
      vertex 32.9317 -80.8773 2.4
      vertex 32.4699 -80.9692 50
      vertex 32.9317 -80.8773 50
    endloop
  endfacet
  facet normal -0.195177 0.980768 0
    outer loop
      vertex 32.4699 -80.9692 50
      vertex 32.9317 -80.8773 2.4
      vertex 32.4699 -80.9692 2.4
    endloop
  endfacet
  facet normal 0.555582 0.831462 -0
    outer loop
      vertex -33.8 -80.5177 2.4
      vertex -34.1915 -80.2561 50
      vertex -33.8 -80.5177 50
    endloop
  endfacet
  facet normal 0.555582 0.831462 0
    outer loop
      vertex -34.1915 -80.2561 50
      vertex -33.8 -80.5177 2.4
      vertex -34.1915 -80.2561 2.4
    endloop
  endfacet
  facet normal -0.946973 -0.321314 0
    outer loop
      vertex 35.4773 -5.06825 2.4
      vertex 35.326 -4.62234 50
      vertex 35.326 -4.62234 2.4
    endloop
  endfacet
  facet normal -0.946973 -0.321314 0
    outer loop
      vertex 35.326 -4.62234 50
      vertex 35.4773 -5.06825 2.4
      vertex 35.4773 -5.06825 50
    endloop
  endfacet
  facet normal -0.997859 -0.0654055 0
    outer loop
      vertex 35.6 -6 2.4
      vertex 35.5692 -5.5301 50
      vertex 35.5692 -5.5301 2.4
    endloop
  endfacet
  facet normal -0.997859 -0.0654055 0
    outer loop
      vertex 35.5692 -5.5301 50
      vertex 35.6 -6 2.4
      vertex 35.6 -6 50
    endloop
  endfacet
  facet normal 0 0 1
    outer loop
      vertex -11.9 -57.4 2.4
      vertex -23.4 -57.4 2.4
      vertex -11.9 -77.3 2.4
    endloop
  endfacet
  facet normal 0 0 1
    outer loop
      vertex 35.6 -6 2.4
      vertex 17.6 -36.6 2.4
      vertex 23.4 -39.6 2.4
    endloop
  endfacet
  facet normal -0 0 1
    outer loop
      vertex -34.4835 -3.4 2.4
      vertex 17.6 -5.6 2.4
      vertex 19.8 -3.4 2.4
    endloop
  endfacet
  facet normal -0 0 1
    outer loop
      vertex -34.6 -3.51646 2.4
      vertex -32.4 -5.6 2.4
      vertex -34.4835 -3.4 2.4
    endloop
  endfacet
  facet normal 0 0 1
    outer loop
      vertex 17.6 -5.6 2.4
      vertex -34.4835 -3.4 2.4
      vertex -32.4 -5.6 2.4
    endloop
  endfacet
  facet normal 0 0 1
    outer loop
      vertex 32 -2.4 2.4
      vertex 35.6 -6 2.4
      vertex 35.5692 -5.5301 2.4
    endloop
  endfacet
  facet normal 0 0 1
    outer loop
      vertex 35.6 -6 2.4
      vertex 23.4 -39.6 2.4
      vertex 35.6 -77.4 2.4
    endloop
  endfacet
  facet normal 0 0 1
    outer loop
      vertex 32 -2.4 2.4
      vertex 35.5692 -5.5301 2.4
      vertex 35.4773 -5.06825 2.4
    endloop
  endfacet
  facet normal -0 0 1
    outer loop
      vertex 23.4 -57.4 2.4
      vertex 35.6 -77.4 2.4
      vertex 23.4 -39.6 2.4
    endloop
  endfacet
  facet normal 0 0 1
    outer loop
      vertex 32 -2.4 2.4
      vertex 35.4773 -5.06825 2.4
      vertex 35.326 -4.62234 2.4
    endloop
  endfacet
  facet normal 0 -0 1
    outer loop
      vertex 32 -81 2.4
      vertex 35.6 -77.4 2.4
      vertex 23.4 -57.4 2.4
    endloop
  endfacet
  facet normal 0 0 1
    outer loop
      vertex 32 -2.4 2.4
      vertex 35.326 -4.62234 2.4
      vertex 35.1177 -4.2 2.4
    endloop
  endfacet
  facet normal 0 0 1
    outer loop
      vertex 35.6 -77.4 2.4
      vertex 32 -81 2.4
      vertex 35.5692 -77.8699 2.4
    endloop
  endfacet
  facet normal 0 0 1
    outer loop
      vertex 32 -2.4 2.4
      vertex 35.1177 -4.2 2.4
      vertex 34.8561 -3.80846 2.4
    endloop
  endfacet
  facet normal 0 0 1
    outer loop
      vertex 35.5692 -77.8699 2.4
      vertex 32 -81 2.4
      vertex 35.4773 -78.3317 2.4
    endloop
  endfacet
  facet normal 0 0 1
    outer loop
      vertex 32 -2.4 2.4
      vertex 34.8561 -3.80846 2.4
      vertex 34.5456 -3.45441 2.4
    endloop
  endfacet
  facet normal 0 0 1
    outer loop
      vertex 35.4773 -78.3317 2.4
      vertex 32 -81 2.4
      vertex 35.326 -78.7777 2.4
    endloop
  endfacet
  facet normal 0 0 1
    outer loop
      vertex 32 -2.4 2.4
      vertex 34.5456 -3.45441 2.4
      vertex 34.1915 -3.14393 2.4
    endloop
  endfacet
  facet normal 0 0 1
    outer loop
      vertex 35.326 -78.7777 2.4
      vertex 32 -81 2.4
      vertex 35.1177 -79.2 2.4
    endloop
  endfacet
  facet normal 0 0 1
    outer loop
      vertex 32 -2.4 2.4
      vertex 34.1915 -3.14393 2.4
      vertex 33.8 -2.88231 2.4
    endloop
  endfacet
  facet normal 0 0 1
    outer loop
      vertex 35.1177 -79.2 2.4
      vertex 32 -81 2.4
      vertex 34.8561 -79.5915 2.4
    endloop
  endfacet
  facet normal 0 0 1
    outer loop
      vertex 32 -2.4 2.4
      vertex 33.8 -2.88231 2.4
      vertex 33.3777 -2.67403 2.4
    endloop
  endfacet
  facet normal 0 0 1
    outer loop
      vertex 34.8561 -79.5915 2.4
      vertex 32 -81 2.4
      vertex 34.5456 -79.9456 2.4
    endloop
  endfacet
  facet normal 0 0 1
    outer loop
      vertex 32 -2.4 2.4
      vertex 33.3777 -2.67403 2.4
      vertex 32.9317 -2.52267 2.4
    endloop
  endfacet
  facet normal 0 0 1
    outer loop
      vertex 34.5456 -79.9456 2.4
      vertex 32 -81 2.4
      vertex 34.1915 -80.2561 2.4
    endloop
  endfacet
  facet normal 0 0 1
    outer loop
      vertex 32 -2.4 2.4
      vertex 32.9317 -2.52267 2.4
      vertex 32.4699 -2.4308 2.4
    endloop
  endfacet
  facet normal 0 0 1
    outer loop
      vertex 34.1915 -80.2561 2.4
      vertex 32 -81 2.4
      vertex 33.8 -80.5177 2.4
    endloop
  endfacet
  facet normal 0 0 1
    outer loop
      vertex 35.6 -6 2.4
      vertex 32 -2.4 2.4
      vertex 19.8 -3.4 2.4
    endloop
  endfacet
  facet normal 0 0 1
    outer loop
      vertex 33.8 -80.5177 2.4
      vertex 32 -81 2.4
      vertex 33.3777 -80.726 2.4
    endloop
  endfacet
  facet normal 0 0 1
    outer loop
      vertex 33.3777 -80.726 2.4
      vertex 32 -81 2.4
      vertex 32.9317 -80.8773 2.4
    endloop
  endfacet
  facet normal 0 0 1
    outer loop
      vertex 19.8 -3.4 2.4
      vertex 32 -2.4 2.4
      vertex 19.8 -2.4 2.4
    endloop
  endfacet
  facet normal -0 0 1
    outer loop
      vertex 17.6 -5.6 2.4
      vertex 35.6 -6 2.4
      vertex 19.8 -3.4 2.4
    endloop
  endfacet
  facet normal 0 0 1
    outer loop
      vertex 17.6 -36.6 2.4
      vertex 35.6 -6 2.4
      vertex 17.6 -5.6 2.4
    endloop
  endfacet
  facet normal 0 0 1
    outer loop
      vertex 23.4 -39.6 2.4
      vertex 19.8 -38.8 2.4
      vertex 19.8 -39.6 2.4
    endloop
  endfacet
  facet normal 0 0 1
    outer loop
      vertex 32.9317 -80.8773 2.4
      vertex 32 -81 2.4
      vertex 32.4699 -80.9692 2.4
    endloop
  endfacet
  facet normal 0 0 1
    outer loop
      vertex 11.9 -77.3 2.4
      vertex 23.4 -57.4 2.4
      vertex 11.9 -57.4 2.4
    endloop
  endfacet
  facet normal 0 0 1
    outer loop
      vertex 23.4 -57.4 2.4
      vertex 11.9 -77.3 2.4
      vertex 32 -81 2.4
    endloop
  endfacet
  facet normal -0 0 1
    outer loop
      vertex -11.9 -77.3 2.4
      vertex 32 -81 2.4
      vertex 11.9 -77.3 2.4
    endloop
  endfacet
  facet normal 0 0 1
    outer loop
      vertex -11.9 -77.3 2.4
      vertex -32 -81 2.4
      vertex 32 -81 2.4
    endloop
  endfacet
  facet normal 0 0 1
    outer loop
      vertex -32 -81 2.4
      vertex -11.9 -77.3 2.4
      vertex -23.4 -57.4 2.4
    endloop
  endfacet
  facet normal 0 0 1
    outer loop
      vertex 23.4 -39.6 2.4
      vertex 17.6 -36.6 2.4
      vertex 19.8 -38.8 2.4
    endloop
  endfacet
  facet normal -0 0 1
    outer loop
      vertex -32.4 -36.6 2.4
      vertex 19.8 -38.8 2.4
      vertex 17.6 -36.6 2.4
    endloop
  endfacet
  facet normal 0 0 1
    outer loop
      vertex -34.6 -3.51646 2.4
      vertex -34.4835 -3.4 2.4
      vertex -34.5456 -3.45441 2.4
    endloop
  endfacet
  facet normal 0 0 1
    outer loop
      vertex -32.4 -5.6 2.4
      vertex -34.6 -3.51646 2.4
      vertex -32.4 -36.6 2.4
    endloop
  endfacet
  facet normal 0 0 1
    outer loop
      vertex -32.4 -36.6 2.4
      vertex -34.6 -38.8 2.4
      vertex 19.8 -38.8 2.4
    endloop
  endfacet
  facet normal 0 0 1
    outer loop
      vertex -34.6 -38.8 2.4
      vertex -32.4 -36.6 2.4
      vertex -34.6 -3.51646 2.4
    endloop
  endfacet
  facet normal -0 0 1
    outer loop
      vertex -35.6 -40.4 2.4
      vertex -23.4 -57.4 2.4
      vertex -23.4 -40.4 2.4
    endloop
  endfacet
  facet normal 0 0 1
    outer loop
      vertex -23.4 -57.4 2.4
      vertex -35.6 -77.4 2.4
      vertex -32 -81 2.4
    endloop
  endfacet
  facet normal 0 0 1
    outer loop
      vertex -32 -81 2.4
      vertex -35.6 -77.4 2.4
      vertex -32.4699 -80.9692 2.4
    endloop
  endfacet
  facet normal 0 0 1
    outer loop
      vertex -32.4699 -80.9692 2.4
      vertex -35.6 -77.4 2.4
      vertex -32.9317 -80.8773 2.4
    endloop
  endfacet
  facet normal 0 0 1
    outer loop
      vertex -32.9317 -80.8773 2.4
      vertex -35.6 -77.4 2.4
      vertex -33.3777 -80.726 2.4
    endloop
  endfacet
  facet normal 0 0 1
    outer loop
      vertex -33.3777 -80.726 2.4
      vertex -35.6 -77.4 2.4
      vertex -33.8 -80.5177 2.4
    endloop
  endfacet
  facet normal 0 0 1
    outer loop
      vertex -33.8 -80.5177 2.4
      vertex -35.6 -77.4 2.4
      vertex -34.1915 -80.2561 2.4
    endloop
  endfacet
  facet normal 0 0 1
    outer loop
      vertex -34.1915 -80.2561 2.4
      vertex -35.6 -77.4 2.4
      vertex -34.5456 -79.9456 2.4
    endloop
  endfacet
  facet normal 0 0 1
    outer loop
      vertex -34.5456 -79.9456 2.4
      vertex -35.6 -77.4 2.4
      vertex -34.8561 -79.5915 2.4
    endloop
  endfacet
  facet normal 0 0 1
    outer loop
      vertex -34.8561 -79.5915 2.4
      vertex -35.6 -77.4 2.4
      vertex -35.1177 -79.2 2.4
    endloop
  endfacet
  facet normal 0 0 1
    outer loop
      vertex -35.1177 -79.2 2.4
      vertex -35.6 -77.4 2.4
      vertex -35.326 -78.7777 2.4
    endloop
  endfacet
  facet normal 0 0 1
    outer loop
      vertex -35.326 -78.7777 2.4
      vertex -35.6 -77.4 2.4
      vertex -35.4773 -78.3317 2.4
    endloop
  endfacet
  facet normal 0 0 1
    outer loop
      vertex -23.4 -57.4 2.4
      vertex -35.6 -40.4 2.4
      vertex -35.6 -77.4 2.4
    endloop
  endfacet
  facet normal 0 0 1
    outer loop
      vertex -35.4773 -78.3317 2.4
      vertex -35.6 -77.4 2.4
      vertex -35.5692 -77.8699 2.4
    endloop
  endfacet
  facet normal 0 0 1
    outer loop
      vertex 22.2 -40.8 2.4
      vertex 20.5 -42.5 2.4
      vertex 22.2 -56.2 2.4
    endloop
  endfacet
  facet normal 0 0 1
    outer loop
      vertex 22.2 -40.8 2.4
      vertex -20.5 -42.5 2.4
      vertex 20.5 -42.5 2.4
    endloop
  endfacet
  facet normal 0 0 1
    outer loop
      vertex -20.5 -42.5 2.4
      vertex -22.2 -40.8 2.4
      vertex -20.5 -54.5 2.4
    endloop
  endfacet
  facet normal -0 0 1
    outer loop
      vertex -22.2 -40.8 2.4
      vertex -20.5 -42.5 2.4
      vertex 22.2 -40.8 2.4
    endloop
  endfacet
  facet normal -0 0 1
    outer loop
      vertex 20.5 -54.5 2.4
      vertex 22.2 -56.2 2.4
      vertex 20.5 -42.5 2.4
    endloop
  endfacet
  facet normal -0 0 1
    outer loop
      vertex -20.5 -54.5 2.4
      vertex 22.2 -56.2 2.4
      vertex 20.5 -54.5 2.4
    endloop
  endfacet
  facet normal 0 0 1
    outer loop
      vertex -20.5 -54.5 2.4
      vertex -22.2 -56.2 2.4
      vertex 22.2 -56.2 2.4
    endloop
  endfacet
  facet normal 0 0 1
    outer loop
      vertex -22.2 -56.2 2.4
      vertex -20.5 -54.5 2.4
      vertex -22.2 -40.8 2.4
    endloop
  endfacet
  facet normal 0 0 1
    outer loop
      vertex 10.7 -57.9 2.4
      vertex 9 -59.5 2.4
      vertex 10.7 -76.1 2.4
    endloop
  endfacet
  facet normal 0 0 1
    outer loop
      vertex 10.7 -57.9 2.4
      vertex -9 -59.5 2.4
      vertex 9 -59.5 2.4
    endloop
  endfacet
  facet normal 0 0 1
    outer loop
      vertex -9 -59.5 2.4
      vertex -10.7 -57.9 2.4
      vertex -9 -74.5 2.4
    endloop
  endfacet
  facet normal -0 0 1
    outer loop
      vertex -10.7 -57.9 2.4
      vertex -9 -59.5 2.4
      vertex 10.7 -57.9 2.4
    endloop
  endfacet
  facet normal -0 0 1
    outer loop
      vertex 9 -74.5 2.4
      vertex 10.7 -76.1 2.4
      vertex 9 -59.5 2.4
    endloop
  endfacet
  facet normal -0 0 1
    outer loop
      vertex -9 -74.5 2.4
      vertex 10.7 -76.1 2.4
      vertex 9 -74.5 2.4
    endloop
  endfacet
  facet normal 0 0 1
    outer loop
      vertex -9 -74.5 2.4
      vertex -10.7 -76.1 2.4
      vertex 10.7 -76.1 2.4
    endloop
  endfacet
  facet normal 0 0 1
    outer loop
      vertex -10.7 -76.1 2.4
      vertex -9 -74.5 2.4
      vertex -10.7 -57.9 2.4
    endloop
  endfacet
  facet normal 0.980804 0.194995 0
    outer loop
      vertex -27.7864 -5.44526 62
      vertex -27.8948 -4.90002 50
      vertex -27.8948 -4.90002 62
    endloop
  endfacet
  facet normal 0.980804 0.194995 0
    outer loop
      vertex -27.8948 -4.90002 50
      vertex -27.7864 -5.44526 62
      vertex -27.7864 -5.44526 50
    endloop
  endfacet
  facet normal 0.997854 0.0654755 0
    outer loop
      vertex -27.75 -6 62
      vertex -27.7864 -5.44526 50
      vertex -27.7864 -5.44526 62
    endloop
  endfacet
  facet normal 0.997854 0.0654755 0
    outer loop
      vertex -27.7864 -5.44526 50
      vertex -27.75 -6 62
      vertex -27.75 -6 50
    endloop
  endfacet
  facet normal 0.946928 0.321447 0
    outer loop
      vertex -27.8948 -4.90002 62
      vertex -28.0735 -4.3736 50
      vertex -28.0735 -4.3736 62
    endloop
  endfacet
  facet normal 0.946928 0.321447 0
    outer loop
      vertex -28.0735 -4.3736 50
      vertex -27.8948 -4.90002 62
      vertex -27.8948 -4.90002 50
    endloop
  endfacet
  facet normal 0.659319 -0.751863 0
    outer loop
      vertex -29.4128 -9.37175 50
      vertex -28.9948 -9.0052 62
      vertex -29.4128 -9.37175 62
    endloop
  endfacet
  facet normal 0.659319 -0.751863 0
    outer loop
      vertex -28.9948 -9.0052 62
      vertex -29.4128 -9.37175 50
      vertex -28.9948 -9.0052 50
    endloop
  endfacet
  facet normal 0.442285 -0.896874 0
    outer loop
      vertex -30.3736 -9.92649 50
      vertex -29.875 -9.68061 62
      vertex -30.3736 -9.92649 62
    endloop
  endfacet
  facet normal 0.442285 -0.896874 0
    outer loop
      vertex -29.875 -9.68061 62
      vertex -30.3736 -9.92649 50
      vertex -29.875 -9.68061 50
    endloop
  endfacet
  facet normal 0.0654802 -0.997854 0
    outer loop
      vertex -32 -10.25 50
      vertex -31.4453 -10.2136 62
      vertex -32 -10.25 62
    endloop
  endfacet
  facet normal 0.0654802 -0.997854 0
    outer loop
      vertex -31.4453 -10.2136 62
      vertex -32 -10.25 50
      vertex -31.4453 -10.2136 50
    endloop
  endfacet
  facet normal -0.442285 -0.896874 0
    outer loop
      vertex -34.125 -9.68061 50
      vertex -33.6264 -9.92649 62
      vertex -34.125 -9.68061 62
    endloop
  endfacet
  facet normal -0.442285 -0.896874 -0
    outer loop
      vertex -33.6264 -9.92649 62
      vertex -34.125 -9.68061 50
      vertex -33.6264 -9.92649 50
    endloop
  endfacet
  facet normal 0.659319 0.751863 -0
    outer loop
      vertex -28.9948 -2.9948 50
      vertex -29.4128 -2.62825 62
      vertex -28.9948 -2.9948 62
    endloop
  endfacet
  facet normal 0.659319 0.751863 0
    outer loop
      vertex -29.4128 -2.62825 62
      vertex -28.9948 -2.9948 50
      vertex -29.4128 -2.62825 50
    endloop
  endfacet
  facet normal 0.89686 -0.442314 0
    outer loop
      vertex -28.3194 -8.125 62
      vertex -28.0735 -7.6264 50
      vertex -28.0735 -7.6264 62
    endloop
  endfacet
  facet normal 0.89686 -0.442314 0
    outer loop
      vertex -28.0735 -7.6264 50
      vertex -28.3194 -8.125 62
      vertex -28.3194 -8.125 50
    endloop
  endfacet
  facet normal 0.321474 -0.946918 0
    outer loop
      vertex -30.9 -10.1052 50
      vertex -30.3736 -9.92649 62
      vertex -30.9 -10.1052 62
    endloop
  endfacet
  facet normal 0.321474 -0.946918 0
    outer loop
      vertex -30.3736 -9.92649 62
      vertex -30.9 -10.1052 50
      vertex -30.3736 -9.92649 50
    endloop
  endfacet
  facet normal 0.89686 0.442314 0
    outer loop
      vertex -28.0735 -4.3736 62
      vertex -28.3194 -3.875 50
      vertex -28.3194 -3.875 62
    endloop
  endfacet
  facet normal 0.89686 0.442314 0
    outer loop
      vertex -28.3194 -3.875 50
      vertex -28.0735 -4.3736 62
      vertex -28.0735 -4.3736 50
    endloop
  endfacet
  facet normal 0.194975 -0.980808 0
    outer loop
      vertex -31.4453 -10.2136 50
      vertex -30.9 -10.1052 62
      vertex -31.4453 -10.2136 62
    endloop
  endfacet
  facet normal 0.194975 -0.980808 0
    outer loop
      vertex -30.9 -10.1052 62
      vertex -31.4453 -10.2136 50
      vertex -30.9 -10.1052 50
    endloop
  endfacet
  facet normal -0.751876 -0.659304 0
    outer loop
      vertex -35.0052 -9.0052 50
      vertex -35.3717 -8.58724 62
      vertex -35.3717 -8.58724 50
    endloop
  endfacet
  facet normal -0.751876 -0.659304 0
    outer loop
      vertex -35.3717 -8.58724 62
      vertex -35.0052 -9.0052 50
      vertex -35.0052 -9.0052 62
    endloop
  endfacet
  facet normal -0.831413 -0.555655 0
    outer loop
      vertex -35.3717 -8.58724 50
      vertex -35.6 -8.24564 62
      vertex -35.6 -8.24564 50
    endloop
  endfacet
  facet normal -0.831413 -0.555655 0
    outer loop
      vertex -35.6 -8.24564 62
      vertex -35.3717 -8.58724 50
      vertex -35.3717 -8.58724 62
    endloop
  endfacet
  facet normal 0.751787 -0.659406 0
    outer loop
      vertex -28.9948 -9.0052 62
      vertex -28.6282 -8.58724 50
      vertex -28.6282 -8.58724 62
    endloop
  endfacet
  facet normal 0.751787 -0.659406 0
    outer loop
      vertex -28.6282 -8.58724 50
      vertex -28.9948 -9.0052 62
      vertex -28.9948 -9.0052 50
    endloop
  endfacet
  facet normal 0.555605 -0.831446 0
    outer loop
      vertex -29.875 -9.68061 50
      vertex -29.4128 -9.37175 62
      vertex -29.875 -9.68061 62
    endloop
  endfacet
  facet normal 0.555605 -0.831446 0
    outer loop
      vertex -29.4128 -9.37175 62
      vertex -29.875 -9.68061 50
      vertex -29.4128 -9.37175 50
    endloop
  endfacet
  facet normal 0.997854 -0.0654755 0
    outer loop
      vertex -27.7864 -6.55474 62
      vertex -27.75 -6 50
      vertex -27.75 -6 62
    endloop
  endfacet
  facet normal 0.997854 -0.0654755 0
    outer loop
      vertex -27.75 -6 50
      vertex -27.7864 -6.55474 62
      vertex -27.7864 -6.55474 50
    endloop
  endfacet
  facet normal 0.555571 0.831469 -0
    outer loop
      vertex -29.4128 -2.62825 50
      vertex -29.7544 -2.4 62
      vertex -29.4128 -2.62825 62
    endloop
  endfacet
  facet normal 0.555571 0.831469 0
    outer loop
      vertex -29.7544 -2.4 62
      vertex -29.4128 -2.62825 50
      vertex -29.7544 -2.4 50
    endloop
  endfacet
  facet normal 0 0 -1
    outer loop
      vertex -32 -2.4 50
      vertex -27.75 -6 50
      vertex -27.7864 -6.55474 50
    endloop
  endfacet
  facet normal 0 0 -1
    outer loop
      vertex -32 -2.4 50
      vertex -27.7864 -6.55474 50
      vertex -27.8948 -7.09998 50
    endloop
  endfacet
  facet normal 0 0 -1
    outer loop
      vertex -27.75 -6 50
      vertex -32 -2.4 50
      vertex -27.7864 -5.44526 50
    endloop
  endfacet
  facet normal 0 0 -1
    outer loop
      vertex -32 -2.4 50
      vertex -27.8948 -7.09998 50
      vertex -28.0735 -7.6264 50
    endloop
  endfacet
  facet normal 0 0 -1
    outer loop
      vertex -27.7864 -5.44526 50
      vertex -32 -2.4 50
      vertex -27.8948 -4.90002 50
    endloop
  endfacet
  facet normal 0 0 -1
    outer loop
      vertex -32 -2.4 50
      vertex -28.0735 -7.6264 50
      vertex -28.3194 -8.125 50
    endloop
  endfacet
  facet normal 0 0 -1
    outer loop
      vertex -27.8948 -4.90002 50
      vertex -32 -2.4 50
      vertex -28.0735 -4.3736 50
    endloop
  endfacet
  facet normal 0 0 -1
    outer loop
      vertex -32 -2.4 50
      vertex -28.3194 -8.125 50
      vertex -28.6282 -8.58724 50
    endloop
  endfacet
  facet normal 0 0 -1
    outer loop
      vertex -28.0735 -4.3736 50
      vertex -32 -2.4 50
      vertex -28.3194 -3.875 50
    endloop
  endfacet
  facet normal 0 0 -1
    outer loop
      vertex -32 -2.4 50
      vertex -28.6282 -8.58724 50
      vertex -28.9948 -9.0052 50
    endloop
  endfacet
  facet normal 0 0 -1
    outer loop
      vertex -28.3194 -3.875 50
      vertex -32 -2.4 50
      vertex -28.6282 -3.41276 50
    endloop
  endfacet
  facet normal 0 0 -1
    outer loop
      vertex -32 -2.4 50
      vertex -28.9948 -9.0052 50
      vertex -29.4128 -9.37175 50
    endloop
  endfacet
  facet normal 0 0 -1
    outer loop
      vertex -28.6282 -3.41276 50
      vertex -32 -2.4 50
      vertex -28.9948 -2.9948 50
    endloop
  endfacet
  facet normal 0 0 -1
    outer loop
      vertex -28.9948 -2.9948 50
      vertex -32 -2.4 50
      vertex -29.4128 -2.62825 50
    endloop
  endfacet
  facet normal 0 0 -1
    outer loop
      vertex -35.6 -6 50
      vertex -29.4128 -9.37175 50
      vertex -29.875 -9.68061 50
    endloop
  endfacet
  facet normal 0 0 -1
    outer loop
      vertex -35.6 -6 50
      vertex -29.875 -9.68061 50
      vertex -30.3736 -9.92649 50
    endloop
  endfacet
  facet normal 0 0 -1
    outer loop
      vertex -35.6 -6 50
      vertex -30.3736 -9.92649 50
      vertex -30.9 -10.1052 50
    endloop
  endfacet
  facet normal 0 0 -1
    outer loop
      vertex -35.6 -6 50
      vertex -30.9 -10.1052 50
      vertex -31.4453 -10.2136 50
    endloop
  endfacet
  facet normal 0 0 -1
    outer loop
      vertex -35.6 -6 50
      vertex -31.4453 -10.2136 50
      vertex -32 -10.25 50
    endloop
  endfacet
  facet normal 0 0 -1
    outer loop
      vertex -29.4128 -2.62825 50
      vertex -32 -2.4 50
      vertex -29.7544 -2.4 50
    endloop
  endfacet
  facet normal 0 0 -1
    outer loop
      vertex -29.4128 -9.37175 50
      vertex -35.6 -6 50
      vertex -32 -2.4 50
    endloop
  endfacet
  facet normal 0 0 -1
    outer loop
      vertex -35.6 -6 50
      vertex -32 -10.25 50
      vertex -32.5547 -10.2136 50
    endloop
  endfacet
  facet normal 0 0 -1
    outer loop
      vertex -32 -2.4 50
      vertex -35.6 -6 50
      vertex -32.4699 -2.4308 50
    endloop
  endfacet
  facet normal 0 0 -1
    outer loop
      vertex -35.6 -6 50
      vertex -32.5547 -10.2136 50
      vertex -33.1 -10.1052 50
    endloop
  endfacet
  facet normal 0 0 -1
    outer loop
      vertex -32.4699 -2.4308 50
      vertex -35.6 -6 50
      vertex -32.9317 -2.52267 50
    endloop
  endfacet
  facet normal 0 0 -1
    outer loop
      vertex -35.6 -6 50
      vertex -33.1 -10.1052 50
      vertex -33.6264 -9.92649 50
    endloop
  endfacet
  facet normal 0 0 -1
    outer loop
      vertex -32.9317 -2.52267 50
      vertex -35.6 -6 50
      vertex -33.3777 -2.67403 50
    endloop
  endfacet
  facet normal 0 0 -1
    outer loop
      vertex -35.6 -6 50
      vertex -33.6264 -9.92649 50
      vertex -34.125 -9.68061 50
    endloop
  endfacet
  facet normal 0 0 -1
    outer loop
      vertex -33.3777 -2.67403 50
      vertex -35.6 -6 50
      vertex -33.8 -2.88231 50
    endloop
  endfacet
  facet normal 0 0 -1
    outer loop
      vertex -33.8 -2.88231 50
      vertex -35.6 -6 50
      vertex -34.1915 -3.14393 50
    endloop
  endfacet
  facet normal 0 0 -1
    outer loop
      vertex -35.6 -6 50
      vertex -34.125 -9.68061 50
      vertex -34.5872 -9.37175 50
    endloop
  endfacet
  facet normal 0 0 -1
    outer loop
      vertex -34.1915 -3.14393 50
      vertex -35.6 -6 50
      vertex -34.5456 -3.45441 50
    endloop
  endfacet
  facet normal 0 0 -1
    outer loop
      vertex -35.6 -6 50
      vertex -34.5872 -9.37175 50
      vertex -35.0052 -9.0052 50
    endloop
  endfacet
  facet normal 0 0 -1
    outer loop
      vertex -34.5456 -3.45441 50
      vertex -35.6 -6 50
      vertex -34.8561 -3.80846 50
    endloop
  endfacet
  facet normal 0 0 -1
    outer loop
      vertex -34.8561 -3.80846 50
      vertex -35.6 -6 50
      vertex -35.1177 -4.2 50
    endloop
  endfacet
  facet normal 0 0 -1
    outer loop
      vertex -35.6 -6 50
      vertex -35.0052 -9.0052 50
      vertex -35.3717 -8.58724 50
    endloop
  endfacet
  facet normal 0 0 -1
    outer loop
      vertex -35.1177 -4.2 50
      vertex -35.6 -6 50
      vertex -35.326 -4.62234 50
    endloop
  endfacet
  facet normal 0 0 -1
    outer loop
      vertex -35.326 -4.62234 50
      vertex -35.6 -6 50
      vertex -35.4773 -5.06825 50
    endloop
  endfacet
  facet normal 0 0 -1
    outer loop
      vertex -35.6 -6 50
      vertex -35.3717 -8.58724 50
      vertex -35.6 -8.24564 50
    endloop
  endfacet
  facet normal 0 0 -1
    outer loop
      vertex -35.4773 -5.06825 50
      vertex -35.6 -6 50
      vertex -35.5692 -5.5301 50
    endloop
  endfacet
  facet normal -0.659319 -0.751863 0
    outer loop
      vertex -35.0052 -9.0052 50
      vertex -34.5872 -9.37175 62
      vertex -35.0052 -9.0052 62
    endloop
  endfacet
  facet normal -0.659319 -0.751863 -0
    outer loop
      vertex -34.5872 -9.37175 62
      vertex -35.0052 -9.0052 50
      vertex -34.5872 -9.37175 50
    endloop
  endfacet
  facet normal -0.194975 -0.980808 0
    outer loop
      vertex -33.1 -10.1052 50
      vertex -32.5547 -10.2136 62
      vertex -33.1 -10.1052 62
    endloop
  endfacet
  facet normal -0.194975 -0.980808 -0
    outer loop
      vertex -32.5547 -10.2136 62
      vertex -33.1 -10.1052 50
      vertex -32.5547 -10.2136 50
    endloop
  endfacet
  facet normal 0.751787 0.659406 0
    outer loop
      vertex -28.6282 -3.41276 62
      vertex -28.9948 -2.9948 50
      vertex -28.9948 -2.9948 62
    endloop
  endfacet
  facet normal 0.751787 0.659406 0
    outer loop
      vertex -28.9948 -2.9948 50
      vertex -28.6282 -3.41276 62
      vertex -28.6282 -3.41276 50
    endloop
  endfacet
  facet normal 0.831519 0.555497 0
    outer loop
      vertex -28.3194 -3.875 62
      vertex -28.6282 -3.41276 50
      vertex -28.6282 -3.41276 62
    endloop
  endfacet
  facet normal 0.831519 0.555497 0
    outer loop
      vertex -28.6282 -3.41276 50
      vertex -28.3194 -3.875 62
      vertex -28.3194 -3.875 50
    endloop
  endfacet
  facet normal 0.980804 -0.194995 0
    outer loop
      vertex -27.8948 -7.09998 62
      vertex -27.7864 -6.55474 50
      vertex -27.7864 -6.55474 62
    endloop
  endfacet
  facet normal 0.980804 -0.194995 0
    outer loop
      vertex -27.7864 -6.55474 50
      vertex -27.8948 -7.09998 62
      vertex -27.8948 -7.09998 50
    endloop
  endfacet
  facet normal 0.946928 -0.321447 0
    outer loop
      vertex -28.0735 -7.6264 62
      vertex -27.8948 -7.09998 50
      vertex -27.8948 -7.09998 62
    endloop
  endfacet
  facet normal 0.946928 -0.321447 0
    outer loop
      vertex -27.8948 -7.09998 50
      vertex -28.0735 -7.6264 62
      vertex -28.0735 -7.6264 50
    endloop
  endfacet
  facet normal 0.831519 -0.555497 0
    outer loop
      vertex -28.6282 -8.58724 62
      vertex -28.3194 -8.125 50
      vertex -28.3194 -8.125 62
    endloop
  endfacet
  facet normal 0.831519 -0.555497 0
    outer loop
      vertex -28.3194 -8.125 50
      vertex -28.6282 -8.58724 62
      vertex -28.6282 -8.58724 50
    endloop
  endfacet
  facet normal -0.555605 -0.831446 0
    outer loop
      vertex -34.5872 -9.37175 50
      vertex -34.125 -9.68061 62
      vertex -34.5872 -9.37175 62
    endloop
  endfacet
  facet normal -0.555605 -0.831446 -0
    outer loop
      vertex -34.125 -9.68061 62
      vertex -34.5872 -9.37175 50
      vertex -34.125 -9.68061 50
    endloop
  endfacet
  facet normal -0.0654802 -0.997854 0
    outer loop
      vertex -32.5547 -10.2136 50
      vertex -32 -10.25 62
      vertex -32.5547 -10.2136 62
    endloop
  endfacet
  facet normal -0.0654802 -0.997854 -0
    outer loop
      vertex -32 -10.25 62
      vertex -32.5547 -10.2136 50
      vertex -32 -10.25 50
    endloop
  endfacet
  facet normal -0.321474 -0.946918 0
    outer loop
      vertex -33.6264 -9.92649 50
      vertex -33.1 -10.1052 62
      vertex -33.6264 -9.92649 62
    endloop
  endfacet
  facet normal -0.321474 -0.946918 -0
    outer loop
      vertex -33.1 -10.1052 62
      vertex -33.6264 -9.92649 50
      vertex -33.1 -10.1052 50
    endloop
  endfacet
  facet normal 0.980808 0.194975 0
    outer loop
      vertex -27.7864 -77.4453 62
      vertex -27.8948 -76.9 50
      vertex -27.8948 -76.9 62
    endloop
  endfacet
  facet normal 0.980808 0.194975 0
    outer loop
      vertex -27.8948 -76.9 50
      vertex -27.7864 -77.4453 62
      vertex -27.7864 -77.4453 50
    endloop
  endfacet
  facet normal 0.997854 0.0654802 0
    outer loop
      vertex -27.75 -78 62
      vertex -27.7864 -77.4453 50
      vertex -27.7864 -77.4453 62
    endloop
  endfacet
  facet normal 0.997854 0.0654802 0
    outer loop
      vertex -27.7864 -77.4453 50
      vertex -27.75 -78 62
      vertex -27.75 -78 50
    endloop
  endfacet
  facet normal 0.946924 0.321458 0
    outer loop
      vertex -27.8948 -76.9 62
      vertex -28.0735 -76.3736 50
      vertex -28.0735 -76.3736 62
    endloop
  endfacet
  facet normal 0.946924 0.321458 0
    outer loop
      vertex -28.0735 -76.3736 50
      vertex -27.8948 -76.9 62
      vertex -27.8948 -76.9 50
    endloop
  endfacet
  facet normal -0.321458 0.946924 0
    outer loop
      vertex -33.1 -73.8948 50
      vertex -33.6264 -74.0735 62
      vertex -33.1 -73.8948 62
    endloop
  endfacet
  facet normal -0.321458 0.946924 0
    outer loop
      vertex -33.6264 -74.0735 62
      vertex -33.1 -73.8948 50
      vertex -33.6264 -74.0735 50
    endloop
  endfacet
  facet normal 0.659268 0.751908 -0
    outer loop
      vertex -28.9948 -74.9948 50
      vertex -29.4128 -74.6283 62
      vertex -28.9948 -74.9948 62
    endloop
  endfacet
  facet normal 0.659268 0.751908 0
    outer loop
      vertex -29.4128 -74.6283 62
      vertex -28.9948 -74.9948 50
      vertex -29.4128 -74.6283 50
    endloop
  endfacet
  facet normal 0.89686 -0.442314 0
    outer loop
      vertex -28.3194 -80.125 62
      vertex -28.0735 -79.6264 50
      vertex -28.0735 -79.6264 62
    endloop
  endfacet
  facet normal 0.89686 -0.442314 0
    outer loop
      vertex -28.0735 -79.6264 50
      vertex -28.3194 -80.125 62
      vertex -28.3194 -80.125 50
    endloop
  endfacet
  facet normal 0.89686 0.442314 0
    outer loop
      vertex -28.0735 -76.3736 62
      vertex -28.3194 -75.875 50
      vertex -28.3194 -75.875 62
    endloop
  endfacet
  facet normal 0.89686 0.442314 0
    outer loop
      vertex -28.3194 -75.875 50
      vertex -28.0735 -76.3736 62
      vertex -28.0735 -76.3736 50
    endloop
  endfacet
  facet normal 0.321458 0.946924 -0
    outer loop
      vertex -30.3736 -74.0735 50
      vertex -30.9 -73.8948 62
      vertex -30.3736 -74.0735 62
    endloop
  endfacet
  facet normal 0.321458 0.946924 0
    outer loop
      vertex -30.9 -73.8948 62
      vertex -30.3736 -74.0735 50
      vertex -30.9 -73.8948 50
    endloop
  endfacet
  facet normal 0.0654802 0.997854 -0
    outer loop
      vertex -31.4453 -73.7864 50
      vertex -32 -73.75 62
      vertex -31.4453 -73.7864 62
    endloop
  endfacet
  facet normal 0.0654802 0.997854 0
    outer loop
      vertex -32 -73.75 62
      vertex -31.4453 -73.7864 50
      vertex -32 -73.75 50
    endloop
  endfacet
  facet normal -0.659268 0.751908 0
    outer loop
      vertex -34.5872 -74.6283 50
      vertex -35.0052 -74.9948 62
      vertex -34.5872 -74.6283 62
    endloop
  endfacet
  facet normal -0.659268 0.751908 0
    outer loop
      vertex -35.0052 -74.9948 62
      vertex -34.5872 -74.6283 50
      vertex -35.0052 -74.9948 50
    endloop
  endfacet
  facet normal -0.555655 0.831413 0
    outer loop
      vertex -34.125 -74.3194 50
      vertex -34.5872 -74.6283 62
      vertex -34.125 -74.3194 62
    endloop
  endfacet
  facet normal -0.555655 0.831413 0
    outer loop
      vertex -34.5872 -74.6283 62
      vertex -34.125 -74.3194 50
      vertex -34.5872 -74.6283 50
    endloop
  endfacet
  facet normal -0.194975 0.980808 0
    outer loop
      vertex -32.5547 -73.7864 50
      vertex -33.1 -73.8948 62
      vertex -32.5547 -73.7864 62
    endloop
  endfacet
  facet normal -0.194975 0.980808 0
    outer loop
      vertex -33.1 -73.8948 62
      vertex -32.5547 -73.7864 50
      vertex -33.1 -73.8948 50
    endloop
  endfacet
  facet normal 0.751854 -0.659329 0
    outer loop
      vertex -28.9902 -81 62
      vertex -28.6282 -80.5872 50
      vertex -28.6282 -80.5872 62
    endloop
  endfacet
  facet normal 0.751854 -0.659329 0
    outer loop
      vertex -28.6282 -80.5872 50
      vertex -28.9902 -81 62
      vertex -28.9902 -81 50
    endloop
  endfacet
  facet normal 0.997854 -0.0654802 0
    outer loop
      vertex -27.7864 -78.5547 62
      vertex -27.75 -78 50
      vertex -27.75 -78 62
    endloop
  endfacet
  facet normal 0.997854 -0.0654802 0
    outer loop
      vertex -27.75 -78 50
      vertex -27.7864 -78.5547 62
      vertex -27.7864 -78.5547 50
    endloop
  endfacet
  facet normal 0.442314 0.89686 -0
    outer loop
      vertex -29.875 -74.3194 50
      vertex -30.3736 -74.0735 62
      vertex -29.875 -74.3194 62
    endloop
  endfacet
  facet normal 0.442314 0.89686 0
    outer loop
      vertex -30.3736 -74.0735 62
      vertex -29.875 -74.3194 50
      vertex -30.3736 -74.0735 50
    endloop
  endfacet
  facet normal 0.555655 0.831413 -0
    outer loop
      vertex -29.4128 -74.6283 50
      vertex -29.875 -74.3194 62
      vertex -29.4128 -74.6283 62
    endloop
  endfacet
  facet normal 0.555655 0.831413 0
    outer loop
      vertex -29.875 -74.3194 62
      vertex -29.4128 -74.6283 50
      vertex -29.875 -74.3194 50
    endloop
  endfacet
  facet normal 0 0 -1
    outer loop
      vertex -32 -81 50
      vertex -27.75 -78 50
      vertex -27.7864 -78.5547 50
    endloop
  endfacet
  facet normal 0 0 -1
    outer loop
      vertex -32 -81 50
      vertex -27.7864 -78.5547 50
      vertex -27.8948 -79.1 50
    endloop
  endfacet
  facet normal -0 0 -1
    outer loop
      vertex -27.75 -78 50
      vertex -32 -81 50
      vertex -27.7864 -77.4453 50
    endloop
  endfacet
  facet normal 0 0 -1
    outer loop
      vertex -32 -81 50
      vertex -27.8948 -79.1 50
      vertex -28.0735 -79.6264 50
    endloop
  endfacet
  facet normal -0 0 -1
    outer loop
      vertex -27.7864 -77.4453 50
      vertex -32 -81 50
      vertex -27.8948 -76.9 50
    endloop
  endfacet
  facet normal 0 0 -1
    outer loop
      vertex -32 -81 50
      vertex -28.0735 -79.6264 50
      vertex -28.3194 -80.125 50
    endloop
  endfacet
  facet normal -0 0 -1
    outer loop
      vertex -27.8948 -76.9 50
      vertex -32 -81 50
      vertex -28.0735 -76.3736 50
    endloop
  endfacet
  facet normal 0 0 -1
    outer loop
      vertex -32 -81 50
      vertex -28.3194 -80.125 50
      vertex -28.6282 -80.5872 50
    endloop
  endfacet
  facet normal -0 0 -1
    outer loop
      vertex -28.0735 -76.3736 50
      vertex -32 -81 50
      vertex -28.3194 -75.875 50
    endloop
  endfacet
  facet normal 0 0 -1
    outer loop
      vertex -32 -81 50
      vertex -28.6282 -80.5872 50
      vertex -28.9902 -81 50
    endloop
  endfacet
  facet normal -0 0 -1
    outer loop
      vertex -28.3194 -75.875 50
      vertex -32 -81 50
      vertex -28.6282 -75.4128 50
    endloop
  endfacet
  facet normal -0 0 -1
    outer loop
      vertex -28.6282 -75.4128 50
      vertex -32 -81 50
      vertex -28.9948 -74.9948 50
    endloop
  endfacet
  facet normal -0 0 -1
    outer loop
      vertex -28.9948 -74.9948 50
      vertex -32 -81 50
      vertex -29.4128 -74.6283 50
    endloop
  endfacet
  facet normal -0 0 -1
    outer loop
      vertex -29.4128 -74.6283 50
      vertex -32 -81 50
      vertex -29.875 -74.3194 50
    endloop
  endfacet
  facet normal -0 0 -1
    outer loop
      vertex -29.875 -74.3194 50
      vertex -32 -81 50
      vertex -30.3736 -74.0735 50
    endloop
  endfacet
  facet normal -0 0 -1
    outer loop
      vertex -30.3736 -74.0735 50
      vertex -32 -81 50
      vertex -30.9 -73.8948 50
    endloop
  endfacet
  facet normal -0 0 -1
    outer loop
      vertex -30.9 -73.8948 50
      vertex -32 -81 50
      vertex -31.4453 -73.7864 50
    endloop
  endfacet
  facet normal 0 0 -1
    outer loop
      vertex -32 -81 50
      vertex -32 -73.75 50
      vertex -31.4453 -73.7864 50
    endloop
  endfacet
  facet normal 0 0 -1
    outer loop
      vertex -32.4699 -80.9692 50
      vertex -32 -73.75 50
      vertex -32 -81 50
    endloop
  endfacet
  facet normal 0 0 -1
    outer loop
      vertex -32.9317 -80.8773 50
      vertex -32 -73.75 50
      vertex -32.4699 -80.9692 50
    endloop
  endfacet
  facet normal 0 0 -1
    outer loop
      vertex -35.6 -77.4 50
      vertex -32 -73.75 50
      vertex -32.9317 -80.8773 50
    endloop
  endfacet
  facet normal 0 0 -1
    outer loop
      vertex -32 -73.75 50
      vertex -35.6 -77.4 50
      vertex -32.5547 -73.7864 50
    endloop
  endfacet
  facet normal 0 0 -1
    outer loop
      vertex -35.6 -77.4 50
      vertex -32.9317 -80.8773 50
      vertex -33.3777 -80.726 50
    endloop
  endfacet
  facet normal 0 0 -1
    outer loop
      vertex -32.5547 -73.7864 50
      vertex -35.6 -77.4 50
      vertex -33.1 -73.8948 50
    endloop
  endfacet
  facet normal 0 0 -1
    outer loop
      vertex -35.6 -77.4 50
      vertex -33.3777 -80.726 50
      vertex -33.8 -80.5177 50
    endloop
  endfacet
  facet normal 0 0 -1
    outer loop
      vertex -33.1 -73.8948 50
      vertex -35.6 -77.4 50
      vertex -33.6264 -74.0735 50
    endloop
  endfacet
  facet normal 0 0 -1
    outer loop
      vertex -35.6 -77.4 50
      vertex -33.8 -80.5177 50
      vertex -34.1915 -80.2561 50
    endloop
  endfacet
  facet normal 0 0 -1
    outer loop
      vertex -35.6 -77.4 50
      vertex -34.1915 -80.2561 50
      vertex -34.5456 -79.9456 50
    endloop
  endfacet
  facet normal 0 0 -1
    outer loop
      vertex -33.6264 -74.0735 50
      vertex -35.6 -77.4 50
      vertex -34.125 -74.3194 50
    endloop
  endfacet
  facet normal 0 0 -1
    outer loop
      vertex -35.6 -77.4 50
      vertex -34.5456 -79.9456 50
      vertex -34.8561 -79.5915 50
    endloop
  endfacet
  facet normal 0 0 -1
    outer loop
      vertex -34.125 -74.3194 50
      vertex -35.6 -77.4 50
      vertex -34.5872 -74.6283 50
    endloop
  endfacet
  facet normal 0 0 -1
    outer loop
      vertex -35.6 -77.4 50
      vertex -34.8561 -79.5915 50
      vertex -35.1177 -79.2 50
    endloop
  endfacet
  facet normal 0 0 -1
    outer loop
      vertex -35.6 -77.4 50
      vertex -35.1177 -79.2 50
      vertex -35.326 -78.7777 50
    endloop
  endfacet
  facet normal 0 0 -1
    outer loop
      vertex -34.5872 -74.6283 50
      vertex -35.6 -77.4 50
      vertex -35.0052 -74.9948 50
    endloop
  endfacet
  facet normal 0 0 -1
    outer loop
      vertex -35.6 -77.4 50
      vertex -35.326 -78.7777 50
      vertex -35.4773 -78.3317 50
    endloop
  endfacet
  facet normal 0 0 -1
    outer loop
      vertex -35.6 -77.4 50
      vertex -35.4773 -78.3317 50
      vertex -35.5692 -77.8699 50
    endloop
  endfacet
  facet normal 0 0 -1
    outer loop
      vertex -35.0052 -74.9948 50
      vertex -35.6 -77.4 50
      vertex -35.3717 -75.4128 50
    endloop
  endfacet
  facet normal 0 0 -1
    outer loop
      vertex -35.3717 -75.4128 50
      vertex -35.6 -77.4 50
      vertex -35.6 -75.7544 50
    endloop
  endfacet
  facet normal 0.194975 0.980808 -0
    outer loop
      vertex -30.9 -73.8948 50
      vertex -31.4453 -73.7864 62
      vertex -30.9 -73.8948 62
    endloop
  endfacet
  facet normal 0.194975 0.980808 0
    outer loop
      vertex -31.4453 -73.7864 62
      vertex -30.9 -73.8948 50
      vertex -31.4453 -73.7864 50
    endloop
  endfacet
  facet normal 0.751819 0.65937 0
    outer loop
      vertex -28.6282 -75.4128 62
      vertex -28.9948 -74.9948 50
      vertex -28.9948 -74.9948 62
    endloop
  endfacet
  facet normal 0.751819 0.65937 0
    outer loop
      vertex -28.9948 -74.9948 50
      vertex -28.6282 -75.4128 62
      vertex -28.6282 -75.4128 50
    endloop
  endfacet
  facet normal 0.831496 0.55553 0
    outer loop
      vertex -28.3194 -75.875 62
      vertex -28.6282 -75.4128 50
      vertex -28.6282 -75.4128 62
    endloop
  endfacet
  facet normal 0.831496 0.55553 0
    outer loop
      vertex -28.6282 -75.4128 50
      vertex -28.3194 -75.875 62
      vertex -28.3194 -75.875 50
    endloop
  endfacet
  facet normal -0.751908 0.659268 0
    outer loop
      vertex -35.3717 -75.4128 50
      vertex -35.0052 -74.9948 62
      vertex -35.0052 -74.9948 50
    endloop
  endfacet
  facet normal -0.751908 0.659268 0
    outer loop
      vertex -35.0052 -74.9948 62
      vertex -35.3717 -75.4128 50
      vertex -35.3717 -75.4128 62
    endloop
  endfacet
  facet normal 0.980808 -0.194975 0
    outer loop
      vertex -27.8948 -79.1 62
      vertex -27.7864 -78.5547 50
      vertex -27.7864 -78.5547 62
    endloop
  endfacet
  facet normal 0.980808 -0.194975 0
    outer loop
      vertex -27.7864 -78.5547 50
      vertex -27.8948 -79.1 62
      vertex -27.8948 -79.1 50
    endloop
  endfacet
  facet normal 0.946924 -0.321458 0
    outer loop
      vertex -28.0735 -79.6264 62
      vertex -27.8948 -79.1 50
      vertex -27.8948 -79.1 62
    endloop
  endfacet
  facet normal 0.946924 -0.321458 0
    outer loop
      vertex -27.8948 -79.1 50
      vertex -28.0735 -79.6264 62
      vertex -28.0735 -79.6264 50
    endloop
  endfacet
  facet normal -0.442314 0.89686 0
    outer loop
      vertex -33.6264 -74.0735 50
      vertex -34.125 -74.3194 62
      vertex -33.6264 -74.0735 62
    endloop
  endfacet
  facet normal -0.442314 0.89686 0
    outer loop
      vertex -34.125 -74.3194 62
      vertex -33.6264 -74.0735 50
      vertex -34.125 -74.3194 50
    endloop
  endfacet
  facet normal 0.831496 -0.55553 0
    outer loop
      vertex -28.6282 -80.5872 62
      vertex -28.3194 -80.125 50
      vertex -28.3194 -80.125 62
    endloop
  endfacet
  facet normal 0.831496 -0.55553 0
    outer loop
      vertex -28.3194 -80.125 50
      vertex -28.6282 -80.5872 62
      vertex -28.6282 -80.5872 50
    endloop
  endfacet
  facet normal -0.0654802 0.997854 0
    outer loop
      vertex -32 -73.75 50
      vertex -32.5547 -73.7864 62
      vertex -32 -73.75 62
    endloop
  endfacet
  facet normal -0.0654802 0.997854 0
    outer loop
      vertex -32.5547 -73.7864 62
      vertex -32 -73.75 50
      vertex -32.5547 -73.7864 50
    endloop
  endfacet
  facet normal -0.831413 0.555655 0
    outer loop
      vertex -35.6 -75.7544 50
      vertex -35.3717 -75.4128 62
      vertex -35.3717 -75.4128 50
    endloop
  endfacet
  facet normal -0.831413 0.555655 0
    outer loop
      vertex -35.3717 -75.4128 62
      vertex -35.6 -75.7544 50
      vertex -35.6 -75.7544 62
    endloop
  endfacet
  facet normal 0.321474 -0.946918 0
    outer loop
      vertex 33.1 -10.1052 50
      vertex 33.6264 -9.92649 62
      vertex 33.1 -10.1052 62
    endloop
  endfacet
  facet normal 0.321474 -0.946918 0
    outer loop
      vertex 33.6264 -9.92649 62
      vertex 33.1 -10.1052 50
      vertex 33.6264 -9.92649 50
    endloop
  endfacet
  facet normal -0.980804 -0.194995 0
    outer loop
      vertex 27.8948 -7.09998 50
      vertex 27.7864 -6.55474 62
      vertex 27.7864 -6.55474 50
    endloop
  endfacet
  facet normal -0.980804 -0.194995 0
    outer loop
      vertex 27.7864 -6.55474 62
      vertex 27.8948 -7.09998 50
      vertex 27.8948 -7.09998 62
    endloop
  endfacet
  facet normal -0.89686 -0.442314 0
    outer loop
      vertex 28.3194 -8.125 50
      vertex 28.0735 -7.6264 62
      vertex 28.0735 -7.6264 50
    endloop
  endfacet
  facet normal -0.89686 -0.442314 0
    outer loop
      vertex 28.0735 -7.6264 62
      vertex 28.3194 -8.125 50
      vertex 28.3194 -8.125 62
    endloop
  endfacet
  facet normal -0.0654802 -0.997854 0
    outer loop
      vertex 31.4453 -10.2136 50
      vertex 32 -10.25 62
      vertex 31.4453 -10.2136 62
    endloop
  endfacet
  facet normal -0.0654802 -0.997854 -0
    outer loop
      vertex 32 -10.25 62
      vertex 31.4453 -10.2136 50
      vertex 32 -10.25 50
    endloop
  endfacet
  facet normal -0.997854 -0.0654755 0
    outer loop
      vertex 27.7864 -6.55474 50
      vertex 27.75 -6 62
      vertex 27.75 -6 50
    endloop
  endfacet
  facet normal -0.997854 -0.0654755 0
    outer loop
      vertex 27.75 -6 62
      vertex 27.7864 -6.55474 50
      vertex 27.7864 -6.55474 62
    endloop
  endfacet
  facet normal -0.751787 0.659406 0
    outer loop
      vertex 28.6282 -3.41276 50
      vertex 28.9948 -2.9948 62
      vertex 28.9948 -2.9948 50
    endloop
  endfacet
  facet normal -0.751787 0.659406 0
    outer loop
      vertex 28.9948 -2.9948 62
      vertex 28.6282 -3.41276 50
      vertex 28.6282 -3.41276 62
    endloop
  endfacet
  facet normal -0.659319 0.751863 0
    outer loop
      vertex 29.4128 -2.62825 50
      vertex 28.9948 -2.9948 62
      vertex 29.4128 -2.62825 62
    endloop
  endfacet
  facet normal -0.659319 0.751863 0
    outer loop
      vertex 28.9948 -2.9948 62
      vertex 29.4128 -2.62825 50
      vertex 28.9948 -2.9948 50
    endloop
  endfacet
  facet normal -0.751787 -0.659406 0
    outer loop
      vertex 28.9948 -9.0052 50
      vertex 28.6282 -8.58724 62
      vertex 28.6282 -8.58724 50
    endloop
  endfacet
  facet normal -0.751787 -0.659406 0
    outer loop
      vertex 28.6282 -8.58724 62
      vertex 28.9948 -9.0052 50
      vertex 28.9948 -9.0052 62
    endloop
  endfacet
  facet normal -0.442285 -0.896874 0
    outer loop
      vertex 29.875 -9.68061 50
      vertex 30.3736 -9.92649 62
      vertex 29.875 -9.68061 62
    endloop
  endfacet
  facet normal -0.442285 -0.896874 -0
    outer loop
      vertex 30.3736 -9.92649 62
      vertex 29.875 -9.68061 50
      vertex 30.3736 -9.92649 50
    endloop
  endfacet
  facet normal 0.555605 -0.831446 0
    outer loop
      vertex 34.125 -9.68061 50
      vertex 34.5872 -9.37175 62
      vertex 34.125 -9.68061 62
    endloop
  endfacet
  facet normal 0.555605 -0.831446 0
    outer loop
      vertex 34.5872 -9.37175 62
      vertex 34.125 -9.68061 50
      vertex 34.5872 -9.37175 50
    endloop
  endfacet
  facet normal -0.946928 0.321447 0
    outer loop
      vertex 27.8948 -4.90002 50
      vertex 28.0735 -4.3736 62
      vertex 28.0735 -4.3736 50
    endloop
  endfacet
  facet normal -0.946928 0.321447 0
    outer loop
      vertex 28.0735 -4.3736 62
      vertex 27.8948 -4.90002 50
      vertex 27.8948 -4.90002 62
    endloop
  endfacet
  facet normal 0.194975 -0.980808 0
    outer loop
      vertex 32.5547 -10.2136 50
      vertex 33.1 -10.1052 62
      vertex 32.5547 -10.2136 62
    endloop
  endfacet
  facet normal 0.194975 -0.980808 0
    outer loop
      vertex 33.1 -10.1052 62
      vertex 32.5547 -10.2136 50
      vertex 33.1 -10.1052 50
    endloop
  endfacet
  facet normal 0.751876 -0.659304 0
    outer loop
      vertex 35.0052 -9.0052 62
      vertex 35.3717 -8.58724 50
      vertex 35.3717 -8.58724 62
    endloop
  endfacet
  facet normal 0.751876 -0.659304 0
    outer loop
      vertex 35.3717 -8.58724 50
      vertex 35.0052 -9.0052 62
      vertex 35.0052 -9.0052 50
    endloop
  endfacet
  facet normal 0.831413 -0.555655 0
    outer loop
      vertex 35.3717 -8.58724 62
      vertex 35.6 -8.24564 50
      vertex 35.6 -8.24564 62
    endloop
  endfacet
  facet normal 0.831413 -0.555655 0
    outer loop
      vertex 35.6 -8.24564 50
      vertex 35.3717 -8.58724 62
      vertex 35.3717 -8.58724 50
    endloop
  endfacet
  facet normal 0.659319 -0.751863 0
    outer loop
      vertex 34.5872 -9.37175 50
      vertex 35.0052 -9.0052 62
      vertex 34.5872 -9.37175 62
    endloop
  endfacet
  facet normal 0.659319 -0.751863 0
    outer loop
      vertex 35.0052 -9.0052 62
      vertex 34.5872 -9.37175 50
      vertex 35.0052 -9.0052 50
    endloop
  endfacet
  facet normal -0.555571 0.831469 0
    outer loop
      vertex 29.7544 -2.4 50
      vertex 29.4128 -2.62825 62
      vertex 29.7544 -2.4 62
    endloop
  endfacet
  facet normal -0.555571 0.831469 0
    outer loop
      vertex 29.4128 -2.62825 62
      vertex 29.7544 -2.4 50
      vertex 29.4128 -2.62825 50
    endloop
  endfacet
  facet normal 0.442285 -0.896874 0
    outer loop
      vertex 33.6264 -9.92649 50
      vertex 34.125 -9.68061 62
      vertex 33.6264 -9.92649 62
    endloop
  endfacet
  facet normal 0.442285 -0.896874 0
    outer loop
      vertex 34.125 -9.68061 62
      vertex 33.6264 -9.92649 50
      vertex 34.125 -9.68061 50
    endloop
  endfacet
  facet normal 0.0654802 -0.997854 0
    outer loop
      vertex 32 -10.25 50
      vertex 32.5547 -10.2136 62
      vertex 32 -10.25 62
    endloop
  endfacet
  facet normal 0.0654802 -0.997854 0
    outer loop
      vertex 32.5547 -10.2136 62
      vertex 32 -10.25 50
      vertex 32.5547 -10.2136 50
    endloop
  endfacet
  facet normal -0.555605 -0.831446 0
    outer loop
      vertex 29.4128 -9.37175 50
      vertex 29.875 -9.68061 62
      vertex 29.4128 -9.37175 62
    endloop
  endfacet
  facet normal -0.555605 -0.831446 -0
    outer loop
      vertex 29.875 -9.68061 62
      vertex 29.4128 -9.37175 50
      vertex 29.875 -9.68061 50
    endloop
  endfacet
  facet normal -0.980804 0.194995 0
    outer loop
      vertex 27.7864 -5.44526 50
      vertex 27.8948 -4.90002 62
      vertex 27.8948 -4.90002 50
    endloop
  endfacet
  facet normal -0.980804 0.194995 0
    outer loop
      vertex 27.8948 -4.90002 62
      vertex 27.7864 -5.44526 50
      vertex 27.7864 -5.44526 62
    endloop
  endfacet
  facet normal -0.89686 0.442314 0
    outer loop
      vertex 28.0735 -4.3736 50
      vertex 28.3194 -3.875 62
      vertex 28.3194 -3.875 50
    endloop
  endfacet
  facet normal -0.89686 0.442314 0
    outer loop
      vertex 28.3194 -3.875 62
      vertex 28.0735 -4.3736 50
      vertex 28.0735 -4.3736 62
    endloop
  endfacet
  facet normal -0.321474 -0.946918 0
    outer loop
      vertex 30.3736 -9.92649 50
      vertex 30.9 -10.1052 62
      vertex 30.3736 -9.92649 62
    endloop
  endfacet
  facet normal -0.321474 -0.946918 -0
    outer loop
      vertex 30.9 -10.1052 62
      vertex 30.3736 -9.92649 50
      vertex 30.9 -10.1052 50
    endloop
  endfacet
  facet normal -0.997854 0.0654755 0
    outer loop
      vertex 27.75 -6 50
      vertex 27.7864 -5.44526 62
      vertex 27.7864 -5.44526 50
    endloop
  endfacet
  facet normal -0.997854 0.0654755 0
    outer loop
      vertex 27.7864 -5.44526 62
      vertex 27.75 -6 50
      vertex 27.75 -6 62
    endloop
  endfacet
  facet normal -0.831519 -0.555497 0
    outer loop
      vertex 28.6282 -8.58724 50
      vertex 28.3194 -8.125 62
      vertex 28.3194 -8.125 50
    endloop
  endfacet
  facet normal -0.831519 -0.555497 0
    outer loop
      vertex 28.3194 -8.125 62
      vertex 28.6282 -8.58724 50
      vertex 28.6282 -8.58724 62
    endloop
  endfacet
  facet normal -0.946928 -0.321447 0
    outer loop
      vertex 28.0735 -7.6264 50
      vertex 27.8948 -7.09998 62
      vertex 27.8948 -7.09998 50
    endloop
  endfacet
  facet normal -0.946928 -0.321447 0
    outer loop
      vertex 27.8948 -7.09998 62
      vertex 28.0735 -7.6264 50
      vertex 28.0735 -7.6264 62
    endloop
  endfacet
  facet normal -0.831519 0.555497 0
    outer loop
      vertex 28.3194 -3.875 50
      vertex 28.6282 -3.41276 62
      vertex 28.6282 -3.41276 50
    endloop
  endfacet
  facet normal -0.831519 0.555497 0
    outer loop
      vertex 28.6282 -3.41276 62
      vertex 28.3194 -3.875 50
      vertex 28.3194 -3.875 62
    endloop
  endfacet
  facet normal 0 0 -1
    outer loop
      vertex 35.3717 -8.58724 50
      vertex 35.6 -6 50
      vertex 35.6 -8.24564 50
    endloop
  endfacet
  facet normal 0 0 -1
    outer loop
      vertex 35.0052 -9.0052 50
      vertex 35.6 -6 50
      vertex 35.3717 -8.58724 50
    endloop
  endfacet
  facet normal 0 0 -1
    outer loop
      vertex 34.5872 -9.37175 50
      vertex 35.6 -6 50
      vertex 35.0052 -9.0052 50
    endloop
  endfacet
  facet normal 0 0 -1
    outer loop
      vertex 34.125 -9.68061 50
      vertex 35.6 -6 50
      vertex 34.5872 -9.37175 50
    endloop
  endfacet
  facet normal 0 0 -1
    outer loop
      vertex 33.6264 -9.92649 50
      vertex 35.6 -6 50
      vertex 34.125 -9.68061 50
    endloop
  endfacet
  facet normal 0 0 -1
    outer loop
      vertex 33.1 -10.1052 50
      vertex 35.6 -6 50
      vertex 33.6264 -9.92649 50
    endloop
  endfacet
  facet normal 0 0 -1
    outer loop
      vertex 32.5547 -10.2136 50
      vertex 35.6 -6 50
      vertex 33.1 -10.1052 50
    endloop
  endfacet
  facet normal 0 0 -1
    outer loop
      vertex 32 -10.25 50
      vertex 35.6 -6 50
      vertex 32.5547 -10.2136 50
    endloop
  endfacet
  facet normal 0 0 -1
    outer loop
      vertex 31.4453 -10.2136 50
      vertex 35.6 -6 50
      vertex 32 -10.25 50
    endloop
  endfacet
  facet normal 0 0 -1
    outer loop
      vertex 30.9 -10.1052 50
      vertex 35.6 -6 50
      vertex 31.4453 -10.2136 50
    endloop
  endfacet
  facet normal 0 0 -1
    outer loop
      vertex 30.3736 -9.92649 50
      vertex 35.6 -6 50
      vertex 30.9 -10.1052 50
    endloop
  endfacet
  facet normal 0 0 -1
    outer loop
      vertex 29.875 -9.68061 50
      vertex 35.6 -6 50
      vertex 30.3736 -9.92649 50
    endloop
  endfacet
  facet normal 0 0 -1
    outer loop
      vertex 29.4128 -9.37175 50
      vertex 35.6 -6 50
      vertex 29.875 -9.68061 50
    endloop
  endfacet
  facet normal 0 -0 -1
    outer loop
      vertex 32 -2.4 50
      vertex 35.6 -6 50
      vertex 29.4128 -9.37175 50
    endloop
  endfacet
  facet normal 0 0 -1
    outer loop
      vertex 35.5692 -5.5301 50
      vertex 32 -2.4 50
      vertex 35.4773 -5.06825 50
    endloop
  endfacet
  facet normal 0 0 -1
    outer loop
      vertex 35.326 -4.62234 50
      vertex 32 -2.4 50
      vertex 35.1177 -4.2 50
    endloop
  endfacet
  facet normal 0 0 -1
    outer loop
      vertex 34.8561 -3.80846 50
      vertex 32 -2.4 50
      vertex 34.5456 -3.45441 50
    endloop
  endfacet
  facet normal 0 0 -1
    outer loop
      vertex 34.1915 -3.14393 50
      vertex 32 -2.4 50
      vertex 33.8 -2.88231 50
    endloop
  endfacet
  facet normal 0 0 -1
    outer loop
      vertex 33.3777 -2.67403 50
      vertex 32 -2.4 50
      vertex 32.9317 -2.52267 50
    endloop
  endfacet
  facet normal 0 0 -1
    outer loop
      vertex 32.9317 -2.52267 50
      vertex 32 -2.4 50
      vertex 32.4699 -2.4308 50
    endloop
  endfacet
  facet normal 0 0 -1
    outer loop
      vertex 33.8 -2.88231 50
      vertex 32 -2.4 50
      vertex 33.3777 -2.67403 50
    endloop
  endfacet
  facet normal 0 0 -1
    outer loop
      vertex 34.5456 -3.45441 50
      vertex 32 -2.4 50
      vertex 34.1915 -3.14393 50
    endloop
  endfacet
  facet normal 0 0 -1
    outer loop
      vertex 35.1177 -4.2 50
      vertex 32 -2.4 50
      vertex 34.8561 -3.80846 50
    endloop
  endfacet
  facet normal 0 0 -1
    outer loop
      vertex 35.4773 -5.06825 50
      vertex 32 -2.4 50
      vertex 35.326 -4.62234 50
    endloop
  endfacet
  facet normal 0 0 -1
    outer loop
      vertex 35.6 -6 50
      vertex 32 -2.4 50
      vertex 35.5692 -5.5301 50
    endloop
  endfacet
  facet normal 0 0 -1
    outer loop
      vertex 28.9948 -9.0052 50
      vertex 32 -2.4 50
      vertex 29.4128 -9.37175 50
    endloop
  endfacet
  facet normal 0 0 -1
    outer loop
      vertex 28.6282 -8.58724 50
      vertex 32 -2.4 50
      vertex 28.9948 -9.0052 50
    endloop
  endfacet
  facet normal 0 -0 -1
    outer loop
      vertex 29.4128 -2.62825 50
      vertex 32 -2.4 50
      vertex 28.9948 -2.9948 50
    endloop
  endfacet
  facet normal -0 0 -1
    outer loop
      vertex 32 -2.4 50
      vertex 29.4128 -2.62825 50
      vertex 29.7544 -2.4 50
    endloop
  endfacet
  facet normal 0 0 -1
    outer loop
      vertex 28.3194 -8.125 50
      vertex 32 -2.4 50
      vertex 28.6282 -8.58724 50
    endloop
  endfacet
  facet normal 0 0 -1
    outer loop
      vertex 32 -2.4 50
      vertex 28.6282 -3.41276 50
      vertex 28.9948 -2.9948 50
    endloop
  endfacet
  facet normal 0 0 -1
    outer loop
      vertex 28.0735 -7.6264 50
      vertex 32 -2.4 50
      vertex 28.3194 -8.125 50
    endloop
  endfacet
  facet normal 0 0 -1
    outer loop
      vertex 32 -2.4 50
      vertex 28.3194 -3.875 50
      vertex 28.6282 -3.41276 50
    endloop
  endfacet
  facet normal 0 0 -1
    outer loop
      vertex 27.8948 -7.09998 50
      vertex 32 -2.4 50
      vertex 28.0735 -7.6264 50
    endloop
  endfacet
  facet normal 0 0 -1
    outer loop
      vertex 32 -2.4 50
      vertex 28.0735 -4.3736 50
      vertex 28.3194 -3.875 50
    endloop
  endfacet
  facet normal 0 0 -1
    outer loop
      vertex 27.7864 -6.55474 50
      vertex 32 -2.4 50
      vertex 27.8948 -7.09998 50
    endloop
  endfacet
  facet normal 0 0 -1
    outer loop
      vertex 32 -2.4 50
      vertex 27.8948 -4.90002 50
      vertex 28.0735 -4.3736 50
    endloop
  endfacet
  facet normal 0 0 -1
    outer loop
      vertex 27.75 -6 50
      vertex 32 -2.4 50
      vertex 27.7864 -6.55474 50
    endloop
  endfacet
  facet normal 0 0 -1
    outer loop
      vertex 32 -2.4 50
      vertex 27.7864 -5.44526 50
      vertex 27.8948 -4.90002 50
    endloop
  endfacet
  facet normal 0 0 -1
    outer loop
      vertex 32 -2.4 50
      vertex 27.75 -6 50
      vertex 27.7864 -5.44526 50
    endloop
  endfacet
  facet normal -0.194975 -0.980808 0
    outer loop
      vertex 30.9 -10.1052 50
      vertex 31.4453 -10.2136 62
      vertex 30.9 -10.1052 62
    endloop
  endfacet
  facet normal -0.194975 -0.980808 -0
    outer loop
      vertex 31.4453 -10.2136 62
      vertex 30.9 -10.1052 50
      vertex 31.4453 -10.2136 50
    endloop
  endfacet
  facet normal -0.659319 -0.751863 0
    outer loop
      vertex 28.9948 -9.0052 50
      vertex 29.4128 -9.37175 62
      vertex 28.9948 -9.0052 62
    endloop
  endfacet
  facet normal -0.659319 -0.751863 -0
    outer loop
      vertex 29.4128 -9.37175 62
      vertex 28.9948 -9.0052 50
      vertex 29.4128 -9.37175 50
    endloop
  endfacet
  facet normal 0.659268 0.751908 -0
    outer loop
      vertex 35.0052 -74.9948 50
      vertex 34.5872 -74.6283 62
      vertex 35.0052 -74.9948 62
    endloop
  endfacet
  facet normal 0.659268 0.751908 0
    outer loop
      vertex 34.5872 -74.6283 62
      vertex 35.0052 -74.9948 50
      vertex 34.5872 -74.6283 50
    endloop
  endfacet
  facet normal -0.0654802 0.997854 0
    outer loop
      vertex 32 -73.75 50
      vertex 31.4453 -73.7864 62
      vertex 32 -73.75 62
    endloop
  endfacet
  facet normal -0.0654802 0.997854 0
    outer loop
      vertex 31.4453 -73.7864 62
      vertex 32 -73.75 50
      vertex 31.4453 -73.7864 50
    endloop
  endfacet
  facet normal -0.980808 -0.194975 0
    outer loop
      vertex 27.8948 -79.1 50
      vertex 27.7864 -78.5547 62
      vertex 27.7864 -78.5547 50
    endloop
  endfacet
  facet normal -0.980808 -0.194975 0
    outer loop
      vertex 27.7864 -78.5547 62
      vertex 27.8948 -79.1 50
      vertex 27.8948 -79.1 62
    endloop
  endfacet
  facet normal -0.89686 -0.442314 0
    outer loop
      vertex 28.3194 -80.125 50
      vertex 28.0735 -79.6264 62
      vertex 28.0735 -79.6264 50
    endloop
  endfacet
  facet normal -0.89686 -0.442314 0
    outer loop
      vertex 28.0735 -79.6264 62
      vertex 28.3194 -80.125 50
      vertex 28.3194 -80.125 62
    endloop
  endfacet
  facet normal -0.997854 -0.0654802 0
    outer loop
      vertex 27.7864 -78.5547 50
      vertex 27.75 -78 62
      vertex 27.75 -78 50
    endloop
  endfacet
  facet normal -0.997854 -0.0654802 0
    outer loop
      vertex 27.75 -78 62
      vertex 27.7864 -78.5547 50
      vertex 27.7864 -78.5547 62
    endloop
  endfacet
  facet normal -0.751819 0.65937 0
    outer loop
      vertex 28.6282 -75.4128 50
      vertex 28.9948 -74.9948 62
      vertex 28.9948 -74.9948 50
    endloop
  endfacet
  facet normal -0.751819 0.65937 0
    outer loop
      vertex 28.9948 -74.9948 62
      vertex 28.6282 -75.4128 50
      vertex 28.6282 -75.4128 62
    endloop
  endfacet
  facet normal 0.555655 0.831413 -0
    outer loop
      vertex 34.5872 -74.6283 50
      vertex 34.125 -74.3194 62
      vertex 34.5872 -74.6283 62
    endloop
  endfacet
  facet normal 0.555655 0.831413 0
    outer loop
      vertex 34.125 -74.3194 62
      vertex 34.5872 -74.6283 50
      vertex 34.125 -74.3194 50
    endloop
  endfacet
  facet normal 0.831413 0.555655 0
    outer loop
      vertex 35.6 -75.7544 62
      vertex 35.3717 -75.4128 50
      vertex 35.3717 -75.4128 62
    endloop
  endfacet
  facet normal 0.831413 0.555655 0
    outer loop
      vertex 35.3717 -75.4128 50
      vertex 35.6 -75.7544 62
      vertex 35.6 -75.7544 50
    endloop
  endfacet
  facet normal -0.659268 0.751908 0
    outer loop
      vertex 29.4128 -74.6283 50
      vertex 28.9948 -74.9948 62
      vertex 29.4128 -74.6283 62
    endloop
  endfacet
  facet normal -0.659268 0.751908 0
    outer loop
      vertex 28.9948 -74.9948 62
      vertex 29.4128 -74.6283 50
      vertex 28.9948 -74.9948 50
    endloop
  endfacet
  facet normal -0.751854 -0.659329 0
    outer loop
      vertex 28.9902 -81 50
      vertex 28.6282 -80.5872 62
      vertex 28.6282 -80.5872 50
    endloop
  endfacet
  facet normal -0.751854 -0.659329 0
    outer loop
      vertex 28.6282 -80.5872 62
      vertex 28.9902 -81 50
      vertex 28.9902 -81 62
    endloop
  endfacet
  facet normal -0.442314 0.89686 0
    outer loop
      vertex 30.3736 -74.0735 50
      vertex 29.875 -74.3194 62
      vertex 30.3736 -74.0735 62
    endloop
  endfacet
  facet normal -0.442314 0.89686 0
    outer loop
      vertex 29.875 -74.3194 62
      vertex 30.3736 -74.0735 50
      vertex 29.875 -74.3194 50
    endloop
  endfacet
  facet normal -0.946924 0.321458 0
    outer loop
      vertex 27.8948 -76.9 50
      vertex 28.0735 -76.3736 62
      vertex 28.0735 -76.3736 50
    endloop
  endfacet
  facet normal -0.946924 0.321458 0
    outer loop
      vertex 28.0735 -76.3736 62
      vertex 27.8948 -76.9 50
      vertex 27.8948 -76.9 62
    endloop
  endfacet
  facet normal -0.555655 0.831413 0
    outer loop
      vertex 29.875 -74.3194 50
      vertex 29.4128 -74.6283 62
      vertex 29.875 -74.3194 62
    endloop
  endfacet
  facet normal -0.555655 0.831413 0
    outer loop
      vertex 29.4128 -74.6283 62
      vertex 29.875 -74.3194 50
      vertex 29.4128 -74.6283 50
    endloop
  endfacet
  facet normal 0.321458 0.946924 -0
    outer loop
      vertex 33.6264 -74.0735 50
      vertex 33.1 -73.8948 62
      vertex 33.6264 -74.0735 62
    endloop
  endfacet
  facet normal 0.321458 0.946924 0
    outer loop
      vertex 33.1 -73.8948 62
      vertex 33.6264 -74.0735 50
      vertex 33.1 -73.8948 50
    endloop
  endfacet
  facet normal 0.194975 0.980808 -0
    outer loop
      vertex 33.1 -73.8948 50
      vertex 32.5547 -73.7864 62
      vertex 33.1 -73.8948 62
    endloop
  endfacet
  facet normal 0.194975 0.980808 0
    outer loop
      vertex 32.5547 -73.7864 62
      vertex 33.1 -73.8948 50
      vertex 32.5547 -73.7864 50
    endloop
  endfacet
  facet normal -0.980808 0.194975 0
    outer loop
      vertex 27.7864 -77.4453 50
      vertex 27.8948 -76.9 62
      vertex 27.8948 -76.9 50
    endloop
  endfacet
  facet normal -0.980808 0.194975 0
    outer loop
      vertex 27.8948 -76.9 62
      vertex 27.7864 -77.4453 50
      vertex 27.7864 -77.4453 62
    endloop
  endfacet
  facet normal 0.442314 0.89686 -0
    outer loop
      vertex 34.125 -74.3194 50
      vertex 33.6264 -74.0735 62
      vertex 34.125 -74.3194 62
    endloop
  endfacet
  facet normal 0.442314 0.89686 0
    outer loop
      vertex 33.6264 -74.0735 62
      vertex 34.125 -74.3194 50
      vertex 33.6264 -74.0735 50
    endloop
  endfacet
  facet normal 0.751908 0.659268 0
    outer loop
      vertex 35.3717 -75.4128 62
      vertex 35.0052 -74.9948 50
      vertex 35.0052 -74.9948 62
    endloop
  endfacet
  facet normal 0.751908 0.659268 0
    outer loop
      vertex 35.0052 -74.9948 50
      vertex 35.3717 -75.4128 62
      vertex 35.3717 -75.4128 50
    endloop
  endfacet
  facet normal -0.89686 0.442314 0
    outer loop
      vertex 28.0735 -76.3736 50
      vertex 28.3194 -75.875 62
      vertex 28.3194 -75.875 50
    endloop
  endfacet
  facet normal -0.89686 0.442314 0
    outer loop
      vertex 28.3194 -75.875 62
      vertex 28.0735 -76.3736 50
      vertex 28.0735 -76.3736 62
    endloop
  endfacet
  facet normal 0.0654802 0.997854 -0
    outer loop
      vertex 32.5547 -73.7864 50
      vertex 32 -73.75 62
      vertex 32.5547 -73.7864 62
    endloop
  endfacet
  facet normal 0.0654802 0.997854 0
    outer loop
      vertex 32 -73.75 62
      vertex 32.5547 -73.7864 50
      vertex 32 -73.75 50
    endloop
  endfacet
  facet normal -0.321458 0.946924 0
    outer loop
      vertex 30.9 -73.8948 50
      vertex 30.3736 -74.0735 62
      vertex 30.9 -73.8948 62
    endloop
  endfacet
  facet normal -0.321458 0.946924 0
    outer loop
      vertex 30.3736 -74.0735 62
      vertex 30.9 -73.8948 50
      vertex 30.3736 -74.0735 50
    endloop
  endfacet
  facet normal -0.997854 0.0654802 0
    outer loop
      vertex 27.75 -78 50
      vertex 27.7864 -77.4453 62
      vertex 27.7864 -77.4453 50
    endloop
  endfacet
  facet normal -0.997854 0.0654802 0
    outer loop
      vertex 27.7864 -77.4453 62
      vertex 27.75 -78 50
      vertex 27.75 -78 62
    endloop
  endfacet
  facet normal -0.831496 -0.55553 0
    outer loop
      vertex 28.6282 -80.5872 50
      vertex 28.3194 -80.125 62
      vertex 28.3194 -80.125 50
    endloop
  endfacet
  facet normal -0.831496 -0.55553 0
    outer loop
      vertex 28.3194 -80.125 62
      vertex 28.6282 -80.5872 50
      vertex 28.6282 -80.5872 62
    endloop
  endfacet
  facet normal -0.194975 0.980808 0
    outer loop
      vertex 31.4453 -73.7864 50
      vertex 30.9 -73.8948 62
      vertex 31.4453 -73.7864 62
    endloop
  endfacet
  facet normal -0.194975 0.980808 0
    outer loop
      vertex 30.9 -73.8948 62
      vertex 31.4453 -73.7864 50
      vertex 30.9 -73.8948 50
    endloop
  endfacet
  facet normal -0.946924 -0.321458 0
    outer loop
      vertex 28.0735 -79.6264 50
      vertex 27.8948 -79.1 62
      vertex 27.8948 -79.1 50
    endloop
  endfacet
  facet normal -0.946924 -0.321458 0
    outer loop
      vertex 27.8948 -79.1 62
      vertex 28.0735 -79.6264 50
      vertex 28.0735 -79.6264 62
    endloop
  endfacet
  facet normal -0.831496 0.55553 0
    outer loop
      vertex 28.3194 -75.875 50
      vertex 28.6282 -75.4128 62
      vertex 28.6282 -75.4128 50
    endloop
  endfacet
  facet normal -0.831496 0.55553 0
    outer loop
      vertex 28.6282 -75.4128 62
      vertex 28.3194 -75.875 50
      vertex 28.3194 -75.875 62
    endloop
  endfacet
  facet normal 0 0 -1
    outer loop
      vertex 32 -73.75 50
      vertex 35.6 -77.4 50
      vertex 35.5692 -77.8699 50
    endloop
  endfacet
  facet normal 0 0 -1
    outer loop
      vertex 32 -73.75 50
      vertex 35.5692 -77.8699 50
      vertex 35.4773 -78.3317 50
    endloop
  endfacet
  facet normal 0 0 -1
    outer loop
      vertex 35.6 -77.4 50
      vertex 35.3717 -75.4128 50
      vertex 35.6 -75.7544 50
    endloop
  endfacet
  facet normal 0 0 -1
    outer loop
      vertex 32 -73.75 50
      vertex 35.4773 -78.3317 50
      vertex 35.326 -78.7777 50
    endloop
  endfacet
  facet normal 0 0 -1
    outer loop
      vertex 32 -73.75 50
      vertex 35.326 -78.7777 50
      vertex 35.1177 -79.2 50
    endloop
  endfacet
  facet normal 0 0 -1
    outer loop
      vertex 35.6 -77.4 50
      vertex 35.0052 -74.9948 50
      vertex 35.3717 -75.4128 50
    endloop
  endfacet
  facet normal 0 0 -1
    outer loop
      vertex 32 -73.75 50
      vertex 35.1177 -79.2 50
      vertex 34.8561 -79.5915 50
    endloop
  endfacet
  facet normal 0 0 -1
    outer loop
      vertex 35.6 -77.4 50
      vertex 34.5872 -74.6283 50
      vertex 35.0052 -74.9948 50
    endloop
  endfacet
  facet normal 0 0 -1
    outer loop
      vertex 32 -73.75 50
      vertex 34.8561 -79.5915 50
      vertex 34.5456 -79.9456 50
    endloop
  endfacet
  facet normal 0 0 -1
    outer loop
      vertex 32 -73.75 50
      vertex 34.5456 -79.9456 50
      vertex 34.1915 -80.2561 50
    endloop
  endfacet
  facet normal 0 0 -1
    outer loop
      vertex 35.6 -77.4 50
      vertex 34.125 -74.3194 50
      vertex 34.5872 -74.6283 50
    endloop
  endfacet
  facet normal 0 0 -1
    outer loop
      vertex 32 -73.75 50
      vertex 34.1915 -80.2561 50
      vertex 33.8 -80.5177 50
    endloop
  endfacet
  facet normal 0 0 -1
    outer loop
      vertex 35.6 -77.4 50
      vertex 33.6264 -74.0735 50
      vertex 34.125 -74.3194 50
    endloop
  endfacet
  facet normal 0 0 -1
    outer loop
      vertex 32 -73.75 50
      vertex 33.8 -80.5177 50
      vertex 33.3777 -80.726 50
    endloop
  endfacet
  facet normal 0 0 -1
    outer loop
      vertex 35.6 -77.4 50
      vertex 33.1 -73.8948 50
      vertex 33.6264 -74.0735 50
    endloop
  endfacet
  facet normal 0 0 -1
    outer loop
      vertex 32 -73.75 50
      vertex 33.3777 -80.726 50
      vertex 32.9317 -80.8773 50
    endloop
  endfacet
  facet normal 0 0 -1
    outer loop
      vertex 35.6 -77.4 50
      vertex 32.5547 -73.7864 50
      vertex 33.1 -73.8948 50
    endloop
  endfacet
  facet normal 0 0 -1
    outer loop
      vertex 32 -73.75 50
      vertex 32.9317 -80.8773 50
      vertex 32.4699 -80.9692 50
    endloop
  endfacet
  facet normal 0 0 -1
    outer loop
      vertex 32 -73.75 50
      vertex 32.4699 -80.9692 50
      vertex 32 -81 50
    endloop
  endfacet
  facet normal 0 0 -1
    outer loop
      vertex 35.6 -77.4 50
      vertex 32 -73.75 50
      vertex 32.5547 -73.7864 50
    endloop
  endfacet
  facet normal 0 0 -1
    outer loop
      vertex 32 -81 50
      vertex 31.4453 -73.7864 50
      vertex 32 -73.75 50
    endloop
  endfacet
  facet normal 0 0 -1
    outer loop
      vertex 32 -81 50
      vertex 30.9 -73.8948 50
      vertex 31.4453 -73.7864 50
    endloop
  endfacet
  facet normal 0 0 -1
    outer loop
      vertex 32 -81 50
      vertex 30.3736 -74.0735 50
      vertex 30.9 -73.8948 50
    endloop
  endfacet
  facet normal 0 0 -1
    outer loop
      vertex 32 -81 50
      vertex 29.875 -74.3194 50
      vertex 30.3736 -74.0735 50
    endloop
  endfacet
  facet normal 0 0 -1
    outer loop
      vertex 32 -81 50
      vertex 29.4128 -74.6283 50
      vertex 29.875 -74.3194 50
    endloop
  endfacet
  facet normal 0 0 -1
    outer loop
      vertex 32 -81 50
      vertex 28.9948 -74.9948 50
      vertex 29.4128 -74.6283 50
    endloop
  endfacet
  facet normal 0 0 -1
    outer loop
      vertex 28.6282 -80.5872 50
      vertex 32 -81 50
      vertex 28.9902 -81 50
    endloop
  endfacet
  facet normal 0 0 -1
    outer loop
      vertex 28.3194 -80.125 50
      vertex 32 -81 50
      vertex 28.6282 -80.5872 50
    endloop
  endfacet
  facet normal 0 0 -1
    outer loop
      vertex 32 -81 50
      vertex 28.6282 -75.4128 50
      vertex 28.9948 -74.9948 50
    endloop
  endfacet
  facet normal 0 0 -1
    outer loop
      vertex 28.0735 -79.6264 50
      vertex 32 -81 50
      vertex 28.3194 -80.125 50
    endloop
  endfacet
  facet normal 0 0 -1
    outer loop
      vertex 32 -81 50
      vertex 28.3194 -75.875 50
      vertex 28.6282 -75.4128 50
    endloop
  endfacet
  facet normal 0 0 -1
    outer loop
      vertex 27.8948 -79.1 50
      vertex 32 -81 50
      vertex 28.0735 -79.6264 50
    endloop
  endfacet
  facet normal 0 0 -1
    outer loop
      vertex 32 -81 50
      vertex 28.0735 -76.3736 50
      vertex 28.3194 -75.875 50
    endloop
  endfacet
  facet normal 0 0 -1
    outer loop
      vertex 27.7864 -78.5547 50
      vertex 32 -81 50
      vertex 27.8948 -79.1 50
    endloop
  endfacet
  facet normal 0 0 -1
    outer loop
      vertex 32 -81 50
      vertex 27.8948 -76.9 50
      vertex 28.0735 -76.3736 50
    endloop
  endfacet
  facet normal 0 0 -1
    outer loop
      vertex 27.75 -78 50
      vertex 32 -81 50
      vertex 27.7864 -78.5547 50
    endloop
  endfacet
  facet normal 0 0 -1
    outer loop
      vertex 32 -81 50
      vertex 27.7864 -77.4453 50
      vertex 27.8948 -76.9 50
    endloop
  endfacet
  facet normal 0 0 -1
    outer loop
      vertex 32 -81 50
      vertex 27.75 -78 50
      vertex 27.7864 -77.4453 50
    endloop
  endfacet
  facet normal 1 0 0
    outer loop
      vertex 19.8 -38.8 24.39
      vertex 19.8 -39.6 6.39
      vertex 19.8 -38.8 2.4
    endloop
  endfacet
  facet normal 1 -0 0
    outer loop
      vertex 19.8 -40.4 24.39
      vertex 19.8 -39.6 6.39
      vertex 19.8 -38.8 24.39
    endloop
  endfacet
  facet normal 1 0 0
    outer loop
      vertex 19.8 -39.6 6.39
      vertex 19.8 -40.4 24.39
      vertex 19.8 -40.4 6.39
    endloop
  endfacet
  facet normal 1 0 0
    outer loop
      vertex 19.8 -38.8 2.4
      vertex 19.8 -39.6 6.39
      vertex 19.8 -39.6 2.4
    endloop
  endfacet
  facet normal 1 -0 0
    outer loop
      vertex 19.8 -3.4 24.39
      vertex 19.8 -2.4 2.4
      vertex 19.8 -2.4 24.39
    endloop
  endfacet
  facet normal 1 0 0
    outer loop
      vertex 19.8 -2.4 2.4
      vertex 19.8 -3.4 24.39
      vertex 19.8 -3.4 2.4
    endloop
  endfacet
  facet normal 0 -1 0
    outer loop
      vertex -35.6 -40.4 24.39
      vertex -23.4 -40.4 6.39
      vertex 19.8 -40.4 24.39
    endloop
  endfacet
  facet normal 0 -1 0
    outer loop
      vertex -35.6 -40.4 2.4
      vertex -23.4 -40.4 6.39
      vertex -35.6 -40.4 24.39
    endloop
  endfacet
  facet normal 0 -1 -0
    outer loop
      vertex -23.4 -40.4 6.39
      vertex -35.6 -40.4 2.4
      vertex -23.4 -40.4 2.4
    endloop
  endfacet
  facet normal 0 -1 -0
    outer loop
      vertex 19.8 -40.4 24.39
      vertex -23.4 -40.4 6.39
      vertex 19.8 -40.4 6.39
    endloop
  endfacet
  facet normal 0 0 1
    outer loop
      vertex -35.6 -6 24.39
      vertex -34.6 -3.51646 24.39
      vertex -34.8561 -3.80846 24.39
    endloop
  endfacet
  facet normal -0 0 1
    outer loop
      vertex -34.6 -38.8 24.39
      vertex 19.8 -40.4 24.39
      vertex 19.8 -38.8 24.39
    endloop
  endfacet
  facet normal 0 0 1
    outer loop
      vertex -35.6 -6 24.39
      vertex -34.8561 -3.80846 24.39
      vertex -35.1177 -4.2 24.39
    endloop
  endfacet
  facet normal 0 0 1
    outer loop
      vertex -35.6 -6 24.39
      vertex -35.1177 -4.2 24.39
      vertex -35.326 -4.62234 24.39
    endloop
  endfacet
  facet normal 0 0 1
    outer loop
      vertex -35.6 -6 24.39
      vertex -35.326 -4.62234 24.39
      vertex -35.4773 -5.06825 24.39
    endloop
  endfacet
  facet normal 0 0 1
    outer loop
      vertex -35.6 -6 24.39
      vertex -35.4773 -5.06825 24.39
      vertex -35.5692 -5.5301 24.39
    endloop
  endfacet
  facet normal 0 0 1
    outer loop
      vertex -34.6 -3.51646 24.39
      vertex -35.6 -6 24.39
      vertex -34.6 -38.8 24.39
    endloop
  endfacet
  facet normal 0 0 1
    outer loop
      vertex -34.6 -38.8 24.39
      vertex -35.6 -40.4 24.39
      vertex 19.8 -40.4 24.39
    endloop
  endfacet
  facet normal 0 0 1
    outer loop
      vertex -35.6 -40.4 24.39
      vertex -34.6 -38.8 24.39
      vertex -35.6 -6 24.39
    endloop
  endfacet
  facet normal -0 0 1
    outer loop
      vertex -32 -2.4 24.39
      vertex 19.8 -3.4 24.39
      vertex 19.8 -2.4 24.39
    endloop
  endfacet
  facet normal 0 0 1
    outer loop
      vertex -34.4835 -3.4 24.39
      vertex -32 -2.4 24.39
      vertex -32.4699 -2.4308 24.39
    endloop
  endfacet
  facet normal 0 0 1
    outer loop
      vertex -34.4835 -3.4 24.39
      vertex -32.4699 -2.4308 24.39
      vertex -32.9317 -2.52267 24.39
    endloop
  endfacet
  facet normal 0 0 1
    outer loop
      vertex -34.4835 -3.4 24.39
      vertex -32.9317 -2.52267 24.39
      vertex -33.3777 -2.67403 24.39
    endloop
  endfacet
  facet normal 0 0 1
    outer loop
      vertex -34.4835 -3.4 24.39
      vertex -33.3777 -2.67403 24.39
      vertex -33.8 -2.88231 24.39
    endloop
  endfacet
  facet normal 0 0 1
    outer loop
      vertex -34.4835 -3.4 24.39
      vertex -33.8 -2.88231 24.39
      vertex -34.1915 -3.14393 24.39
    endloop
  endfacet
  facet normal 0 0 1
    outer loop
      vertex -32 -2.4 24.39
      vertex -34.4835 -3.4 24.39
      vertex 19.8 -3.4 24.39
    endloop
  endfacet
  facet normal 0 1 -0
    outer loop
      vertex 19.8 -38.8 2.4
      vertex -34.6 -38.8 24.39
      vertex 19.8 -38.8 24.39
    endloop
  endfacet
  facet normal 0 1 0
    outer loop
      vertex -34.6 -38.8 24.39
      vertex 19.8 -38.8 2.4
      vertex -34.6 -38.8 2.4
    endloop
  endfacet
  facet normal 0 -1 0
    outer loop
      vertex -34.4835 -3.4 2.4
      vertex 19.8 -3.4 24.39
      vertex -34.4835 -3.4 24.39
    endloop
  endfacet
  facet normal 0 -1 -0
    outer loop
      vertex 19.8 -3.4 24.39
      vertex -34.4835 -3.4 2.4
      vertex 19.8 -3.4 2.4
    endloop
  endfacet
  facet normal 1 -0 0
    outer loop
      vertex -34.6 -38.8 24.39
      vertex -34.6 -3.51646 2.4
      vertex -34.6 -3.51646 24.39
    endloop
  endfacet
  facet normal 1 0 0
    outer loop
      vertex -34.6 -3.51646 2.4
      vertex -34.6 -38.8 24.39
      vertex -34.6 -38.8 2.4
    endloop
  endfacet
  facet normal 1 -0 0
    outer loop
      vertex 23.4 -57.4 6.39
      vertex 23.4 -39.6 2.4
      vertex 23.4 -39.6 6.39
    endloop
  endfacet
  facet normal 1 0 0
    outer loop
      vertex 23.4 -39.6 2.4
      vertex 23.4 -57.4 6.39
      vertex 23.4 -57.4 2.4
    endloop
  endfacet
  facet normal 0 -1 0
    outer loop
      vertex -23.4 -57.4 2.4
      vertex -11.9 -57.4 6.39
      vertex -23.4 -57.4 6.39
    endloop
  endfacet
  facet normal 0 -1 -0
    outer loop
      vertex -11.9 -57.4 6.39
      vertex -23.4 -57.4 2.4
      vertex -11.9 -57.4 2.4
    endloop
  endfacet
  facet normal 0 -1 0
    outer loop
      vertex 11.9 -57.4 2.4
      vertex 23.4 -57.4 6.39
      vertex 11.9 -57.4 6.39
    endloop
  endfacet
  facet normal 0 -1 -0
    outer loop
      vertex 23.4 -57.4 6.39
      vertex 11.9 -57.4 2.4
      vertex 23.4 -57.4 2.4
    endloop
  endfacet
  facet normal 0 1 -0
    outer loop
      vertex 23.4 -39.6 2.4
      vertex 19.8 -39.6 6.39
      vertex 23.4 -39.6 6.39
    endloop
  endfacet
  facet normal 0 1 0
    outer loop
      vertex 19.8 -39.6 6.39
      vertex 23.4 -39.6 2.4
      vertex 19.8 -39.6 2.4
    endloop
  endfacet
  facet normal -1 0 0
    outer loop
      vertex -23.4 -57.4 2.4
      vertex -23.4 -40.4 6.39
      vertex -23.4 -40.4 2.4
    endloop
  endfacet
  facet normal -1 -0 0
    outer loop
      vertex -23.4 -40.4 6.39
      vertex -23.4 -57.4 2.4
      vertex -23.4 -57.4 6.39
    endloop
  endfacet
  facet normal 0 0 1
    outer loop
      vertex 22.2 -56.2 6.39
      vertex -11.9 -56.7 6.39
      vertex 11.9 -56.7 6.39
    endloop
  endfacet
  facet normal -0 0 1
    outer loop
      vertex -22.2 -56.2 6.39
      vertex -11.9 -56.7 6.39
      vertex 22.2 -56.2 6.39
    endloop
  endfacet
  facet normal 0 0 1
    outer loop
      vertex -22.2 -56.2 6.39
      vertex -11.9 -57.4 6.39
      vertex -11.9 -56.7 6.39
    endloop
  endfacet
  facet normal 0 0 1
    outer loop
      vertex -22.2 -56.2 6.39
      vertex -23.4 -57.4 6.39
      vertex -11.9 -57.4 6.39
    endloop
  endfacet
  facet normal 0 0 1
    outer loop
      vertex -23.4 -57.4 6.39
      vertex -22.2 -56.2 6.39
      vertex -23.4 -40.4 6.39
    endloop
  endfacet
  facet normal 0 0 1
    outer loop
      vertex 23.4 -39.6 6.39
      vertex 22.2 -40.8 6.39
      vertex 23.4 -57.4 6.39
    endloop
  endfacet
  facet normal -0 0 1
    outer loop
      vertex 19.8 -39.6 6.39
      vertex 22.2 -40.8 6.39
      vertex 23.4 -39.6 6.39
    endloop
  endfacet
  facet normal -0 0 1
    outer loop
      vertex 19.8 -40.4 6.39
      vertex 22.2 -40.8 6.39
      vertex 19.8 -39.6 6.39
    endloop
  endfacet
  facet normal 0 0 1
    outer loop
      vertex 19.8 -40.4 6.39
      vertex -22.2 -40.8 6.39
      vertex 22.2 -40.8 6.39
    endloop
  endfacet
  facet normal 0 0 1
    outer loop
      vertex -22.2 -40.8 6.39
      vertex -23.4 -40.4 6.39
      vertex -22.2 -56.2 6.39
    endloop
  endfacet
  facet normal -0 0 1
    outer loop
      vertex -23.4 -40.4 6.39
      vertex -22.2 -40.8 6.39
      vertex 19.8 -40.4 6.39
    endloop
  endfacet
  facet normal -0 0 1
    outer loop
      vertex 22.2 -56.2 6.39
      vertex 23.4 -57.4 6.39
      vertex 22.2 -40.8 6.39
    endloop
  endfacet
  facet normal 0 0 1
    outer loop
      vertex 11.9 -57.4 6.39
      vertex 22.2 -56.2 6.39
      vertex 11.9 -56.7 6.39
    endloop
  endfacet
  facet normal 0 0 1
    outer loop
      vertex 22.2 -56.2 6.39
      vertex 11.9 -57.4 6.39
      vertex 23.4 -57.4 6.39
    endloop
  endfacet
  facet normal -1 0 0
    outer loop
      vertex 22.2 -56.2 2.4
      vertex 22.2 -40.8 6.39
      vertex 22.2 -40.8 2.4
    endloop
  endfacet
  facet normal -1 -0 0
    outer loop
      vertex 22.2 -40.8 6.39
      vertex 22.2 -56.2 2.4
      vertex 22.2 -56.2 6.39
    endloop
  endfacet
  facet normal 0 1 -0
    outer loop
      vertex 22.2 -56.2 2.4
      vertex -22.2 -56.2 6.39
      vertex 22.2 -56.2 6.39
    endloop
  endfacet
  facet normal 0 1 0
    outer loop
      vertex -22.2 -56.2 6.39
      vertex 22.2 -56.2 2.4
      vertex -22.2 -56.2 2.4
    endloop
  endfacet
  facet normal 0 -1 0
    outer loop
      vertex -22.2 -40.8 2.4
      vertex 22.2 -40.8 6.39
      vertex -22.2 -40.8 6.39
    endloop
  endfacet
  facet normal 0 -1 -0
    outer loop
      vertex 22.2 -40.8 6.39
      vertex -22.2 -40.8 2.4
      vertex 22.2 -40.8 2.4
    endloop
  endfacet
  facet normal 1 -0 0
    outer loop
      vertex -22.2 -56.2 6.39
      vertex -22.2 -40.8 2.4
      vertex -22.2 -40.8 6.39
    endloop
  endfacet
  facet normal 1 0 0
    outer loop
      vertex -22.2 -40.8 2.4
      vertex -22.2 -56.2 6.39
      vertex -22.2 -56.2 2.4
    endloop
  endfacet
  facet normal 1 0 0
    outer loop
      vertex 11.9 -56.7 17.39
      vertex 11.9 -57.4 6.39
      vertex 11.9 -56.7 6.39
    endloop
  endfacet
  facet normal 1 -0 0
    outer loop
      vertex 11.9 -77.3 17.39
      vertex 11.9 -57.4 6.39
      vertex 11.9 -56.7 17.39
    endloop
  endfacet
  facet normal 1 0 0
    outer loop
      vertex 11.9 -77.3 2.4
      vertex 11.9 -57.4 6.39
      vertex 11.9 -77.3 17.39
    endloop
  endfacet
  facet normal 1 0 0
    outer loop
      vertex 11.9 -57.4 6.39
      vertex 11.9 -77.3 2.4
      vertex 11.9 -57.4 2.4
    endloop
  endfacet
  facet normal 0 -1 0
    outer loop
      vertex -11.9 -77.3 2.4
      vertex 11.9 -77.3 17.39
      vertex -11.9 -77.3 17.39
    endloop
  endfacet
  facet normal 0 -1 -0
    outer loop
      vertex 11.9 -77.3 17.39
      vertex -11.9 -77.3 2.4
      vertex 11.9 -77.3 2.4
    endloop
  endfacet
  facet normal 0 1 -0
    outer loop
      vertex 11.9 -56.7 6.39
      vertex -11.9 -56.7 17.39
      vertex 11.9 -56.7 17.39
    endloop
  endfacet
  facet normal 0 1 0
    outer loop
      vertex -11.9 -56.7 17.39
      vertex 11.9 -56.7 6.39
      vertex -11.9 -56.7 6.39
    endloop
  endfacet
  facet normal -1 0 0
    outer loop
      vertex -11.9 -57.4 6.39
      vertex -11.9 -56.7 17.39
      vertex -11.9 -56.7 6.39
    endloop
  endfacet
  facet normal -1 0 0
    outer loop
      vertex -11.9 -77.3 17.39
      vertex -11.9 -57.4 6.39
      vertex -11.9 -77.3 2.4
    endloop
  endfacet
  facet normal -1 0 0
    outer loop
      vertex -11.9 -57.4 6.39
      vertex -11.9 -77.3 17.39
      vertex -11.9 -56.7 17.39
    endloop
  endfacet
  facet normal -1 0 0
    outer loop
      vertex -11.9 -57.4 2.4
      vertex -11.9 -77.3 2.4
      vertex -11.9 -57.4 6.39
    endloop
  endfacet
  facet normal 0 0 1
    outer loop
      vertex 11.9 -56.7 17.39
      vertex 10.7 -57.9 17.39
      vertex 11.9 -77.3 17.39
    endloop
  endfacet
  facet normal 0 0 1
    outer loop
      vertex 11.9 -56.7 17.39
      vertex -10.7 -57.9 17.39
      vertex 10.7 -57.9 17.39
    endloop
  endfacet
  facet normal 0 0 1
    outer loop
      vertex -10.7 -57.9 17.39
      vertex -11.9 -56.7 17.39
      vertex -10.7 -76.1 17.39
    endloop
  endfacet
  facet normal -0 0 1
    outer loop
      vertex -11.9 -56.7 17.39
      vertex -10.7 -57.9 17.39
      vertex 11.9 -56.7 17.39
    endloop
  endfacet
  facet normal -0 0 1
    outer loop
      vertex 10.7 -76.1 17.39
      vertex 11.9 -77.3 17.39
      vertex 10.7 -57.9 17.39
    endloop
  endfacet
  facet normal -0 0 1
    outer loop
      vertex -10.7 -76.1 17.39
      vertex 11.9 -77.3 17.39
      vertex 10.7 -76.1 17.39
    endloop
  endfacet
  facet normal 0 0 1
    outer loop
      vertex -10.7 -76.1 17.39
      vertex -11.9 -77.3 17.39
      vertex 11.9 -77.3 17.39
    endloop
  endfacet
  facet normal 0 0 1
    outer loop
      vertex -11.9 -77.3 17.39
      vertex -10.7 -76.1 17.39
      vertex -11.9 -56.7 17.39
    endloop
  endfacet
  facet normal -1 0 0
    outer loop
      vertex 10.7 -76.1 2.4
      vertex 10.7 -57.9 17.39
      vertex 10.7 -57.9 2.4
    endloop
  endfacet
  facet normal -1 -0 0
    outer loop
      vertex 10.7 -57.9 17.39
      vertex 10.7 -76.1 2.4
      vertex 10.7 -76.1 17.39
    endloop
  endfacet
  facet normal 0 1 -0
    outer loop
      vertex 10.7 -76.1 2.4
      vertex -10.7 -76.1 17.39
      vertex 10.7 -76.1 17.39
    endloop
  endfacet
  facet normal 0 1 0
    outer loop
      vertex -10.7 -76.1 17.39
      vertex 10.7 -76.1 2.4
      vertex -10.7 -76.1 2.4
    endloop
  endfacet
  facet normal 0 -1 0
    outer loop
      vertex -10.7 -57.9 2.4
      vertex 10.7 -57.9 17.39
      vertex -10.7 -57.9 17.39
    endloop
  endfacet
  facet normal 0 -1 -0
    outer loop
      vertex 10.7 -57.9 17.39
      vertex -10.7 -57.9 2.4
      vertex 10.7 -57.9 2.4
    endloop
  endfacet
  facet normal 1 -0 0
    outer loop
      vertex -10.7 -76.1 17.39
      vertex -10.7 -57.9 2.4
      vertex -10.7 -57.9 17.39
    endloop
  endfacet
  facet normal 1 0 0
    outer loop
      vertex -10.7 -57.9 2.4
      vertex -10.7 -76.1 17.39
      vertex -10.7 -76.1 2.4
    endloop
  endfacet
  facet normal 0.751882 -0 0.659298
    outer loop
      vertex -20.218 -81 27.082
      vertex -19.8299 -78.5 26.6394
      vertex -20.218 -78.5 27.082
    endloop
  endfacet
  facet normal 0.751882 0 0.659298
    outer loop
      vertex -19.8299 -78.5 26.6394
      vertex -20.218 -81 27.082
      vertex -19.8299 -81 26.6394
    endloop
  endfacet
  facet normal 1 -0 0
    outer loop
      vertex -18.9 -81 23.9
      vertex -18.9 -78.5 21.5
      vertex -18.9 -78.5 23.9
    endloop
  endfacet
  facet normal 1 0 0
    outer loop
      vertex -18.9 -78.5 21.5
      vertex -18.9 -81 23.9
      vertex -18.9 -81 21.5
    endloop
  endfacet
  facet normal 0.659298 0 -0.751882
    outer loop
      vertex -20.6606 -81 17.9299
      vertex -20.218 -78.5 18.318
      vertex -20.218 -81 18.318
    endloop
  endfacet
  facet normal 0.659298 0 -0.751882
    outer loop
      vertex -20.218 -78.5 18.318
      vertex -20.6606 -81 17.9299
      vertex -20.6606 -78.5 17.9299
    endloop
  endfacet
  facet normal 0.0654027 0 0.997859
    outer loop
      vertex -23.4 -78.5 28.4
      vertex -22.8126 -81 28.3615
      vertex -22.8126 -78.5 28.3615
    endloop
  endfacet
  facet normal 0.0654027 0 0.997859
    outer loop
      vertex -22.8126 -81 28.3615
      vertex -23.4 -78.5 28.4
      vertex -23.4 -81 28.4
    endloop
  endfacet
  facet normal 0.980796 0 -0.195038
    outer loop
      vertex -18.9385 -81 20.9126
      vertex -19.0533 -78.5 20.3353
      vertex -18.9385 -78.5 20.9126
    endloop
  endfacet
  facet normal 0.980796 0 -0.195038
    outer loop
      vertex -19.0533 -78.5 20.3353
      vertex -18.9385 -81 20.9126
      vertex -19.0533 -81 20.3353
    endloop
  endfacet
  facet normal -0.0654027 0 -0.997859
    outer loop
      vertex -23.9874 -81 17.0385
      vertex -23.4 -78.5 17
      vertex -23.4 -81 17
    endloop
  endfacet
  facet normal -0.0654027 0 -0.997859
    outer loop
      vertex -23.4 -78.5 17
      vertex -23.9874 -81 17.0385
      vertex -23.9874 -78.5 17.0385
    endloop
  endfacet
  facet normal -0.195038 0 -0.980796
    outer loop
      vertex -24.5647 -81 17.1533
      vertex -23.9874 -78.5 17.0385
      vertex -23.9874 -81 17.0385
    endloop
  endfacet
  facet normal -0.195038 0 -0.980796
    outer loop
      vertex -23.9874 -78.5 17.0385
      vertex -24.5647 -81 17.1533
      vertex -24.5647 -78.5 17.1533
    endloop
  endfacet
  facet normal -0.555562 0 0.831475
    outer loop
      vertex -26.1394 -78.5 27.4701
      vertex -25.65 -81 27.7971
      vertex -25.65 -78.5 27.7971
    endloop
  endfacet
  facet normal -0.555562 0 0.831475
    outer loop
      vertex -25.65 -81 27.7971
      vertex -26.1394 -78.5 27.4701
      vertex -26.1394 -81 27.4701
    endloop
  endfacet
  facet normal 0.896827 -0 0.442382
    outer loop
      vertex -19.5029 -81 26.15
      vertex -19.2425 -78.5 25.6221
      vertex -19.5029 -78.5 26.15
    endloop
  endfacet
  facet normal 0.896827 0 0.442382
    outer loop
      vertex -19.2425 -78.5 25.6221
      vertex -19.5029 -81 26.15
      vertex -19.2425 -81 25.6221
    endloop
  endfacet
  facet normal -0.997859 0 -0.0654027
    outer loop
      vertex -27.8615 -81 20.9126
      vertex -27.9 -78.5 21.5
      vertex -27.8615 -78.5 20.9126
    endloop
  endfacet
  facet normal -0.997859 -0 -0.0654027
    outer loop
      vertex -27.9 -78.5 21.5
      vertex -27.8615 -81 20.9126
      vertex -27.9 -81 21.5
    endloop
  endfacet
  facet normal 0.321421 0 -0.946936
    outer loop
      vertex -22.2353 -81 17.1533
      vertex -21.6779 -78.5 17.3425
      vertex -21.6779 -81 17.3425
    endloop
  endfacet
  facet normal 0.321421 0 -0.946936
    outer loop
      vertex -21.6779 -78.5 17.3425
      vertex -22.2353 -81 17.1533
      vertex -22.2353 -78.5 17.1533
    endloop
  endfacet
  facet normal 0.659298 0 0.751882
    outer loop
      vertex -20.6606 -78.5 27.4701
      vertex -20.218 -81 27.082
      vertex -20.218 -78.5 27.082
    endloop
  endfacet
  facet normal 0.659298 0 0.751882
    outer loop
      vertex -20.218 -81 27.082
      vertex -20.6606 -78.5 27.4701
      vertex -20.6606 -81 27.4701
    endloop
  endfacet
  facet normal -0.997859 0 0.0654027
    outer loop
      vertex -27.9 -81 23.9
      vertex -27.8615 -78.5 24.4874
      vertex -27.9 -78.5 23.9
    endloop
  endfacet
  facet normal -0.997859 0 0.0654027
    outer loop
      vertex -27.8615 -78.5 24.4874
      vertex -27.9 -81 23.9
      vertex -27.8615 -81 24.4874
    endloop
  endfacet
  facet normal -0.831475 0 0.555562
    outer loop
      vertex -27.2971 -81 26.15
      vertex -26.9701 -78.5 26.6394
      vertex -27.2971 -78.5 26.15
    endloop
  endfacet
  facet normal -0.831475 0 0.555562
    outer loop
      vertex -26.9701 -78.5 26.6394
      vertex -27.2971 -81 26.15
      vertex -26.9701 -81 26.6394
    endloop
  endfacet
  facet normal 0.896827 0 -0.442382
    outer loop
      vertex -19.2425 -81 19.7779
      vertex -19.5029 -78.5 19.25
      vertex -19.2425 -78.5 19.7779
    endloop
  endfacet
  facet normal 0.896827 0 -0.442382
    outer loop
      vertex -19.5029 -78.5 19.25
      vertex -19.2425 -81 19.7779
      vertex -19.5029 -81 19.25
    endloop
  endfacet
  facet normal 0.831475 -0 0.555562
    outer loop
      vertex -19.8299 -81 26.6394
      vertex -19.5029 -78.5 26.15
      vertex -19.8299 -78.5 26.6394
    endloop
  endfacet
  facet normal 0.831475 0 0.555562
    outer loop
      vertex -19.5029 -78.5 26.15
      vertex -19.8299 -81 26.6394
      vertex -19.5029 -81 26.15
    endloop
  endfacet
  facet normal 0.980796 -0 0.195038
    outer loop
      vertex -19.0533 -81 25.0647
      vertex -18.9385 -78.5 24.4874
      vertex -19.0533 -78.5 25.0647
    endloop
  endfacet
  facet normal 0.980796 0 0.195038
    outer loop
      vertex -18.9385 -78.5 24.4874
      vertex -19.0533 -81 25.0647
      vertex -18.9385 -81 24.4874
    endloop
  endfacet
  facet normal -0.946936 0 -0.321421
    outer loop
      vertex -27.5575 -81 19.7779
      vertex -27.7467 -78.5 20.3353
      vertex -27.5575 -78.5 19.7779
    endloop
  endfacet
  facet normal -0.946936 -0 -0.321421
    outer loop
      vertex -27.7467 -78.5 20.3353
      vertex -27.5575 -81 19.7779
      vertex -27.7467 -81 20.3353
    endloop
  endfacet
  facet normal 0.555562 0 -0.831475
    outer loop
      vertex -21.15 -81 17.6029
      vertex -20.6606 -78.5 17.9299
      vertex -20.6606 -81 17.9299
    endloop
  endfacet
  facet normal 0.555562 0 -0.831475
    outer loop
      vertex -20.6606 -78.5 17.9299
      vertex -21.15 -81 17.6029
      vertex -21.15 -78.5 17.6029
    endloop
  endfacet
  facet normal 0.997859 0 -0.0654027
    outer loop
      vertex -18.9 -81 21.5
      vertex -18.9385 -78.5 20.9126
      vertex -18.9 -78.5 21.5
    endloop
  endfacet
  facet normal 0.997859 0 -0.0654027
    outer loop
      vertex -18.9385 -78.5 20.9126
      vertex -18.9 -81 21.5
      vertex -18.9385 -81 20.9126
    endloop
  endfacet
  facet normal -0.896827 0 -0.442382
    outer loop
      vertex -27.2971 -81 19.25
      vertex -27.5575 -78.5 19.7779
      vertex -27.2971 -78.5 19.25
    endloop
  endfacet
  facet normal -0.896827 -0 -0.442382
    outer loop
      vertex -27.5575 -78.5 19.7779
      vertex -27.2971 -81 19.25
      vertex -27.5575 -81 19.7779
    endloop
  endfacet
  facet normal -0.946936 0 0.321421
    outer loop
      vertex -27.7467 -81 25.0647
      vertex -27.5575 -78.5 25.6221
      vertex -27.7467 -78.5 25.0647
    endloop
  endfacet
  facet normal -0.946936 0 0.321421
    outer loop
      vertex -27.5575 -78.5 25.6221
      vertex -27.7467 -81 25.0647
      vertex -27.5575 -81 25.6221
    endloop
  endfacet
  facet normal -0.555562 0 -0.831475
    outer loop
      vertex -26.1394 -81 17.9299
      vertex -25.65 -78.5 17.6029
      vertex -25.65 -81 17.6029
    endloop
  endfacet
  facet normal -0.555562 0 -0.831475
    outer loop
      vertex -25.65 -78.5 17.6029
      vertex -26.1394 -81 17.9299
      vertex -26.1394 -78.5 17.9299
    endloop
  endfacet
  facet normal -0.321421 0 0.946936
    outer loop
      vertex -25.1221 -78.5 28.0575
      vertex -24.5647 -81 28.2467
      vertex -24.5647 -78.5 28.2467
    endloop
  endfacet
  facet normal -0.321421 0 0.946936
    outer loop
      vertex -24.5647 -81 28.2467
      vertex -25.1221 -78.5 28.0575
      vertex -25.1221 -81 28.0575
    endloop
  endfacet
  facet normal 0.195038 0 0.980796
    outer loop
      vertex -22.8126 -78.5 28.3615
      vertex -22.2353 -81 28.2467
      vertex -22.2353 -78.5 28.2467
    endloop
  endfacet
  facet normal 0.195038 0 0.980796
    outer loop
      vertex -22.2353 -81 28.2467
      vertex -22.8126 -78.5 28.3615
      vertex -22.8126 -81 28.3615
    endloop
  endfacet
  facet normal 0.195038 0 -0.980796
    outer loop
      vertex -22.8126 -81 17.0385
      vertex -22.2353 -78.5 17.1533
      vertex -22.2353 -81 17.1533
    endloop
  endfacet
  facet normal 0.195038 0 -0.980796
    outer loop
      vertex -22.2353 -78.5 17.1533
      vertex -22.8126 -81 17.0385
      vertex -22.8126 -78.5 17.0385
    endloop
  endfacet
  facet normal 0.321421 0 0.946936
    outer loop
      vertex -22.2353 -78.5 28.2467
      vertex -21.6779 -81 28.0575
      vertex -21.6779 -78.5 28.0575
    endloop
  endfacet
  facet normal 0.321421 0 0.946936
    outer loop
      vertex -21.6779 -81 28.0575
      vertex -22.2353 -78.5 28.2467
      vertex -22.2353 -81 28.2467
    endloop
  endfacet
  facet normal 0.442382 0 -0.896827
    outer loop
      vertex -21.6779 -81 17.3425
      vertex -21.15 -78.5 17.6029
      vertex -21.15 -81 17.6029
    endloop
  endfacet
  facet normal 0.442382 0 -0.896827
    outer loop
      vertex -21.15 -78.5 17.6029
      vertex -21.6779 -81 17.3425
      vertex -21.6779 -78.5 17.3425
    endloop
  endfacet
  facet normal 0.0654027 0 -0.997859
    outer loop
      vertex -23.4 -81 17
      vertex -22.8126 -78.5 17.0385
      vertex -22.8126 -81 17.0385
    endloop
  endfacet
  facet normal 0.0654027 0 -0.997859
    outer loop
      vertex -22.8126 -78.5 17.0385
      vertex -23.4 -81 17
      vertex -23.4 -78.5 17
    endloop
  endfacet
  facet normal 0.442382 0 0.896827
    outer loop
      vertex -21.6779 -78.5 28.0575
      vertex -21.15 -81 27.7971
      vertex -21.15 -78.5 27.7971
    endloop
  endfacet
  facet normal 0.442382 0 0.896827
    outer loop
      vertex -21.15 -81 27.7971
      vertex -21.6779 -78.5 28.0575
      vertex -21.6779 -81 28.0575
    endloop
  endfacet
  facet normal -0.659298 0 -0.751882
    outer loop
      vertex -26.582 -81 18.318
      vertex -26.1394 -78.5 17.9299
      vertex -26.1394 -81 17.9299
    endloop
  endfacet
  facet normal -0.659298 0 -0.751882
    outer loop
      vertex -26.1394 -78.5 17.9299
      vertex -26.582 -81 18.318
      vertex -26.582 -78.5 18.318
    endloop
  endfacet
  facet normal -0.751882 0 -0.659298
    outer loop
      vertex -26.582 -81 18.318
      vertex -26.9701 -78.5 18.7606
      vertex -26.582 -78.5 18.318
    endloop
  endfacet
  facet normal -0.751882 -0 -0.659298
    outer loop
      vertex -26.9701 -78.5 18.7606
      vertex -26.582 -81 18.318
      vertex -26.9701 -81 18.7606
    endloop
  endfacet
  facet normal 0 1 0
    outer loop
      vertex -21.87 -78.5 26.55
      vertex -23.4 -78.5 28.4
      vertex -22.8126 -78.5 28.3615
    endloop
  endfacet
  facet normal 0 1 0
    outer loop
      vertex -21.87 -78.5 26.55
      vertex -22.8126 -78.5 28.3615
      vertex -22.2353 -78.5 28.2467
    endloop
  endfacet
  facet normal 0 1 0
    outer loop
      vertex -24.93 -78.5 26.55
      vertex -23.4 -78.5 28.4
      vertex -21.87 -78.5 26.55
    endloop
  endfacet
  facet normal 0 1 -0
    outer loop
      vertex -21.87 -78.5 26.55
      vertex -22.2353 -78.5 28.2467
      vertex -21.6779 -78.5 28.0575
    endloop
  endfacet
  facet normal 0 1 0
    outer loop
      vertex -23.4 -78.5 28.4
      vertex -24.93 -78.5 26.55
      vertex -23.9874 -78.5 28.3615
    endloop
  endfacet
  facet normal 0 1 0
    outer loop
      vertex -21.87 -78.5 26.55
      vertex -21.6779 -78.5 28.0575
      vertex -21.15 -78.5 27.7971
    endloop
  endfacet
  facet normal 0 1 0
    outer loop
      vertex -23.9874 -78.5 28.3615
      vertex -24.93 -78.5 26.55
      vertex -24.5647 -78.5 28.2467
    endloop
  endfacet
  facet normal 0 1 0
    outer loop
      vertex -21.87 -78.5 26.55
      vertex -21.15 -78.5 27.7971
      vertex -20.6606 -78.5 27.4701
    endloop
  endfacet
  facet normal 0 1 0
    outer loop
      vertex -24.5647 -78.5 28.2467
      vertex -24.93 -78.5 26.55
      vertex -25.1221 -78.5 28.0575
    endloop
  endfacet
  facet normal 0 1 0
    outer loop
      vertex -21.87 -78.5 26.55
      vertex -20.6606 -78.5 27.4701
      vertex -20.218 -78.5 27.082
    endloop
  endfacet
  facet normal 0 1 0
    outer loop
      vertex -25.1221 -78.5 28.0575
      vertex -24.93 -78.5 26.55
      vertex -25.65 -78.5 27.7971
    endloop
  endfacet
  facet normal 0 1 0
    outer loop
      vertex -21.87 -78.5 26.55
      vertex -20.218 -78.5 27.082
      vertex -19.8299 -78.5 26.6394
    endloop
  endfacet
  facet normal 0 1 0
    outer loop
      vertex -25.65 -78.5 27.7971
      vertex -24.93 -78.5 26.55
      vertex -26.1394 -78.5 27.4701
    endloop
  endfacet
  facet normal 0 1 0
    outer loop
      vertex -26.1394 -78.5 27.4701
      vertex -24.93 -78.5 26.55
      vertex -26.582 -78.5 27.082
    endloop
  endfacet
  facet normal 0 1 0
    outer loop
      vertex -19.5029 -78.5 26.15
      vertex -21.87 -78.5 26.55
      vertex -19.8299 -78.5 26.6394
    endloop
  endfacet
  facet normal 0 1 0
    outer loop
      vertex -20.34 -78.5 23.9
      vertex -19.5029 -78.5 26.15
      vertex -19.2425 -78.5 25.6221
    endloop
  endfacet
  facet normal 0 1 0
    outer loop
      vertex -20.34 -78.5 23.9
      vertex -19.2425 -78.5 25.6221
      vertex -19.0533 -78.5 25.0647
    endloop
  endfacet
  facet normal 0 1 0
    outer loop
      vertex -20.34 -78.5 23.9
      vertex -19.0533 -78.5 25.0647
      vertex -18.9385 -78.5 24.4874
    endloop
  endfacet
  facet normal 0 1 0
    outer loop
      vertex -20.34 -78.5 23.9
      vertex -18.9385 -78.5 24.4874
      vertex -18.9 -78.5 23.9
    endloop
  endfacet
  facet normal 0 1 0
    outer loop
      vertex -19.5029 -78.5 26.15
      vertex -20.34 -78.5 23.9
      vertex -21.87 -78.5 26.55
    endloop
  endfacet
  facet normal 0 1 -0
    outer loop
      vertex -18.9 -78.5 21.5
      vertex -20.34 -78.5 23.9
      vertex -18.9 -78.5 23.9
    endloop
  endfacet
  facet normal 0 1 0
    outer loop
      vertex -18.9 -78.5 21.5
      vertex -20.34 -78.5 21.5
      vertex -20.34 -78.5 23.9
    endloop
  endfacet
  facet normal 0 1 -0
    outer loop
      vertex -18.9385 -78.5 20.9126
      vertex -20.34 -78.5 21.5
      vertex -18.9 -78.5 21.5
    endloop
  endfacet
  facet normal 0 1 -0
    outer loop
      vertex -19.0533 -78.5 20.3353
      vertex -20.34 -78.5 21.5
      vertex -18.9385 -78.5 20.9126
    endloop
  endfacet
  facet normal 0 1 -0
    outer loop
      vertex -19.2425 -78.5 19.7779
      vertex -20.34 -78.5 21.5
      vertex -19.0533 -78.5 20.3353
    endloop
  endfacet
  facet normal 0 1 -0
    outer loop
      vertex -19.5029 -78.5 19.25
      vertex -20.34 -78.5 21.5
      vertex -19.2425 -78.5 19.7779
    endloop
  endfacet
  facet normal 0 1 0
    outer loop
      vertex -19.5029 -78.5 19.25
      vertex -21.87 -78.5 18.85
      vertex -20.34 -78.5 21.5
    endloop
  endfacet
  facet normal 0 1 -0
    outer loop
      vertex -20.218 -78.5 18.318
      vertex -21.87 -78.5 18.85
      vertex -19.8299 -78.5 18.7606
    endloop
  endfacet
  facet normal 0 1 -0
    outer loop
      vertex -19.8299 -78.5 18.7606
      vertex -21.87 -78.5 18.85
      vertex -19.5029 -78.5 19.25
    endloop
  endfacet
  facet normal 0 1 0
    outer loop
      vertex -26.582 -78.5 27.082
      vertex -24.93 -78.5 26.55
      vertex -26.9701 -78.5 26.6394
    endloop
  endfacet
  facet normal 0 1 0
    outer loop
      vertex -24.93 -78.5 26.55
      vertex -27.2971 -78.5 26.15
      vertex -26.9701 -78.5 26.6394
    endloop
  endfacet
  facet normal 0 1 -0
    outer loop
      vertex -26.46 -78.5 23.9
      vertex -27.2971 -78.5 26.15
      vertex -24.93 -78.5 26.55
    endloop
  endfacet
  facet normal 0 1 0
    outer loop
      vertex -27.2971 -78.5 26.15
      vertex -26.46 -78.5 23.9
      vertex -27.5575 -78.5 25.6221
    endloop
  endfacet
  facet normal 0 1 0
    outer loop
      vertex -27.5575 -78.5 25.6221
      vertex -26.46 -78.5 23.9
      vertex -27.7467 -78.5 25.0647
    endloop
  endfacet
  facet normal 0 1 0
    outer loop
      vertex -27.7467 -78.5 25.0647
      vertex -26.46 -78.5 23.9
      vertex -27.8615 -78.5 24.4874
    endloop
  endfacet
  facet normal 0 1 0
    outer loop
      vertex -26.46 -78.5 23.9
      vertex -27.9 -78.5 23.9
      vertex -27.8615 -78.5 24.4874
    endloop
  endfacet
  facet normal 0 1 -0
    outer loop
      vertex -26.46 -78.5 21.5
      vertex -27.9 -78.5 23.9
      vertex -26.46 -78.5 23.9
    endloop
  endfacet
  facet normal 0 1 0
    outer loop
      vertex -26.46 -78.5 21.5
      vertex -27.9 -78.5 21.5
      vertex -27.9 -78.5 23.9
    endloop
  endfacet
  facet normal 0 1 0
    outer loop
      vertex -26.46 -78.5 21.5
      vertex -27.8615 -78.5 20.9126
      vertex -27.9 -78.5 21.5
    endloop
  endfacet
  facet normal 0 1 0
    outer loop
      vertex -26.46 -78.5 21.5
      vertex -27.7467 -78.5 20.3353
      vertex -27.8615 -78.5 20.9126
    endloop
  endfacet
  facet normal 0 1 0
    outer loop
      vertex -26.46 -78.5 21.5
      vertex -27.5575 -78.5 19.7779
      vertex -27.7467 -78.5 20.3353
    endloop
  endfacet
  facet normal 0 1 0
    outer loop
      vertex -26.46 -78.5 21.5
      vertex -27.2971 -78.5 19.25
      vertex -27.5575 -78.5 19.7779
    endloop
  endfacet
  facet normal 0 1 0
    outer loop
      vertex -24.93 -78.5 18.85
      vertex -27.2971 -78.5 19.25
      vertex -26.46 -78.5 21.5
    endloop
  endfacet
  facet normal 0 1 0
    outer loop
      vertex -24.93 -78.5 18.85
      vertex -26.9701 -78.5 18.7606
      vertex -27.2971 -78.5 19.25
    endloop
  endfacet
  facet normal 0 1 -0
    outer loop
      vertex -20.6606 -78.5 17.9299
      vertex -21.87 -78.5 18.85
      vertex -20.218 -78.5 18.318
    endloop
  endfacet
  facet normal 0 1 -0
    outer loop
      vertex -21.15 -78.5 17.6029
      vertex -21.87 -78.5 18.85
      vertex -20.6606 -78.5 17.9299
    endloop
  endfacet
  facet normal 0 1 0
    outer loop
      vertex -24.93 -78.5 18.85
      vertex -26.582 -78.5 18.318
      vertex -26.9701 -78.5 18.7606
    endloop
  endfacet
  facet normal 0 1 -0
    outer loop
      vertex -21.6779 -78.5 17.3425
      vertex -21.87 -78.5 18.85
      vertex -21.15 -78.5 17.6029
    endloop
  endfacet
  facet normal 0 1 0
    outer loop
      vertex -24.93 -78.5 18.85
      vertex -26.1394 -78.5 17.9299
      vertex -26.582 -78.5 18.318
    endloop
  endfacet
  facet normal 0 1 0
    outer loop
      vertex -22.2353 -78.5 17.1533
      vertex -21.87 -78.5 18.85
      vertex -21.6779 -78.5 17.3425
    endloop
  endfacet
  facet normal 0 1 0
    outer loop
      vertex -24.93 -78.5 18.85
      vertex -25.65 -78.5 17.6029
      vertex -26.1394 -78.5 17.9299
    endloop
  endfacet
  facet normal 0 1 0
    outer loop
      vertex -22.8126 -78.5 17.0385
      vertex -21.87 -78.5 18.85
      vertex -22.2353 -78.5 17.1533
    endloop
  endfacet
  facet normal 0 1 0
    outer loop
      vertex -24.93 -78.5 18.85
      vertex -25.1221 -78.5 17.3425
      vertex -25.65 -78.5 17.6029
    endloop
  endfacet
  facet normal 0 1 0
    outer loop
      vertex -23.4 -78.5 17
      vertex -21.87 -78.5 18.85
      vertex -22.8126 -78.5 17.0385
    endloop
  endfacet
  facet normal 0 1 0
    outer loop
      vertex -24.93 -78.5 18.85
      vertex -24.5647 -78.5 17.1533
      vertex -25.1221 -78.5 17.3425
    endloop
  endfacet
  facet normal 0 1 0
    outer loop
      vertex -21.87 -78.5 18.85
      vertex -23.4 -78.5 17
      vertex -24.93 -78.5 18.85
    endloop
  endfacet
  facet normal 0 1 0
    outer loop
      vertex -24.93 -78.5 18.85
      vertex -23.9874 -78.5 17.0385
      vertex -24.5647 -78.5 17.1533
    endloop
  endfacet
  facet normal 0 1 0
    outer loop
      vertex -24.93 -78.5 18.85
      vertex -23.4 -78.5 17
      vertex -23.9874 -78.5 17.0385
    endloop
  endfacet
  facet normal 0.946936 0 -0.321421
    outer loop
      vertex -19.0533 -81 20.3353
      vertex -19.2425 -78.5 19.7779
      vertex -19.0533 -78.5 20.3353
    endloop
  endfacet
  facet normal 0.946936 0 -0.321421
    outer loop
      vertex -19.2425 -78.5 19.7779
      vertex -19.0533 -81 20.3353
      vertex -19.2425 -81 19.7779
    endloop
  endfacet
  facet normal 0.946936 -0 0.321421
    outer loop
      vertex -19.2425 -81 25.6221
      vertex -19.0533 -78.5 25.0647
      vertex -19.2425 -78.5 25.6221
    endloop
  endfacet
  facet normal 0.946936 0 0.321421
    outer loop
      vertex -19.0533 -78.5 25.0647
      vertex -19.2425 -81 25.6221
      vertex -19.0533 -81 25.0647
    endloop
  endfacet
  facet normal -0.831475 0 -0.555562
    outer loop
      vertex -26.9701 -81 18.7606
      vertex -27.2971 -78.5 19.25
      vertex -26.9701 -78.5 18.7606
    endloop
  endfacet
  facet normal -0.831475 -0 -0.555562
    outer loop
      vertex -27.2971 -78.5 19.25
      vertex -26.9701 -81 18.7606
      vertex -27.2971 -81 19.25
    endloop
  endfacet
  facet normal -0.896827 0 0.442382
    outer loop
      vertex -27.5575 -81 25.6221
      vertex -27.2971 -78.5 26.15
      vertex -27.5575 -78.5 25.6221
    endloop
  endfacet
  facet normal -0.896827 0 0.442382
    outer loop
      vertex -27.2971 -78.5 26.15
      vertex -27.5575 -81 25.6221
      vertex -27.2971 -81 26.15
    endloop
  endfacet
  facet normal 0.751882 0 -0.659298
    outer loop
      vertex -19.8299 -81 18.7606
      vertex -20.218 -78.5 18.318
      vertex -19.8299 -78.5 18.7606
    endloop
  endfacet
  facet normal 0.751882 0 -0.659298
    outer loop
      vertex -20.218 -78.5 18.318
      vertex -19.8299 -81 18.7606
      vertex -20.218 -81 18.318
    endloop
  endfacet
  facet normal 0.831475 0 -0.555562
    outer loop
      vertex -19.5029 -81 19.25
      vertex -19.8299 -78.5 18.7606
      vertex -19.5029 -78.5 19.25
    endloop
  endfacet
  facet normal 0.831475 0 -0.555562
    outer loop
      vertex -19.8299 -78.5 18.7606
      vertex -19.5029 -81 19.25
      vertex -19.8299 -81 18.7606
    endloop
  endfacet
  facet normal 0.555562 0 0.831475
    outer loop
      vertex -21.15 -78.5 27.7971
      vertex -20.6606 -81 27.4701
      vertex -20.6606 -78.5 27.4701
    endloop
  endfacet
  facet normal 0.555562 0 0.831475
    outer loop
      vertex -20.6606 -81 27.4701
      vertex -21.15 -78.5 27.7971
      vertex -21.15 -81 27.7971
    endloop
  endfacet
  facet normal -0.442382 0 0.896827
    outer loop
      vertex -25.65 -78.5 27.7971
      vertex -25.1221 -81 28.0575
      vertex -25.1221 -78.5 28.0575
    endloop
  endfacet
  facet normal -0.442382 0 0.896827
    outer loop
      vertex -25.1221 -81 28.0575
      vertex -25.65 -78.5 27.7971
      vertex -25.65 -81 27.7971
    endloop
  endfacet
  facet normal 0.997859 -0 0.0654027
    outer loop
      vertex -18.9385 -81 24.4874
      vertex -18.9 -78.5 23.9
      vertex -18.9385 -78.5 24.4874
    endloop
  endfacet
  facet normal 0.997859 0 0.0654027
    outer loop
      vertex -18.9 -78.5 23.9
      vertex -18.9385 -81 24.4874
      vertex -18.9 -81 23.9
    endloop
  endfacet
  facet normal -0.321421 0 -0.946936
    outer loop
      vertex -25.1221 -81 17.3425
      vertex -24.5647 -78.5 17.1533
      vertex -24.5647 -81 17.1533
    endloop
  endfacet
  facet normal -0.321421 0 -0.946936
    outer loop
      vertex -24.5647 -78.5 17.1533
      vertex -25.1221 -81 17.3425
      vertex -25.1221 -78.5 17.3425
    endloop
  endfacet
  facet normal -0.442382 0 -0.896827
    outer loop
      vertex -25.65 -81 17.6029
      vertex -25.1221 -78.5 17.3425
      vertex -25.1221 -81 17.3425
    endloop
  endfacet
  facet normal -0.442382 0 -0.896827
    outer loop
      vertex -25.1221 -78.5 17.3425
      vertex -25.65 -81 17.6029
      vertex -25.65 -78.5 17.6029
    endloop
  endfacet
  facet normal -0.659298 0 0.751882
    outer loop
      vertex -26.582 -78.5 27.082
      vertex -26.1394 -81 27.4701
      vertex -26.1394 -78.5 27.4701
    endloop
  endfacet
  facet normal -0.659298 0 0.751882
    outer loop
      vertex -26.1394 -81 27.4701
      vertex -26.582 -78.5 27.082
      vertex -26.582 -81 27.082
    endloop
  endfacet
  facet normal -0.195038 0 0.980796
    outer loop
      vertex -24.5647 -78.5 28.2467
      vertex -23.9874 -81 28.3615
      vertex -23.9874 -78.5 28.3615
    endloop
  endfacet
  facet normal -0.195038 0 0.980796
    outer loop
      vertex -23.9874 -81 28.3615
      vertex -24.5647 -78.5 28.2467
      vertex -24.5647 -81 28.2467
    endloop
  endfacet
  facet normal -0.751882 0 0.659298
    outer loop
      vertex -26.9701 -81 26.6394
      vertex -26.582 -78.5 27.082
      vertex -26.9701 -78.5 26.6394
    endloop
  endfacet
  facet normal -0.751882 0 0.659298
    outer loop
      vertex -26.582 -78.5 27.082
      vertex -26.9701 -81 26.6394
      vertex -26.582 -81 27.082
    endloop
  endfacet
  facet normal -0.980796 0 -0.195038
    outer loop
      vertex -27.7467 -81 20.3353
      vertex -27.8615 -78.5 20.9126
      vertex -27.7467 -78.5 20.3353
    endloop
  endfacet
  facet normal -0.980796 -0 -0.195038
    outer loop
      vertex -27.8615 -78.5 20.9126
      vertex -27.7467 -81 20.3353
      vertex -27.8615 -81 20.9126
    endloop
  endfacet
  facet normal -0.980796 0 0.195038
    outer loop
      vertex -27.8615 -81 24.4874
      vertex -27.7467 -78.5 25.0647
      vertex -27.8615 -78.5 24.4874
    endloop
  endfacet
  facet normal -0.980796 0 0.195038
    outer loop
      vertex -27.7467 -78.5 25.0647
      vertex -27.8615 -81 24.4874
      vertex -27.7467 -81 25.0647
    endloop
  endfacet
  facet normal -0.0654027 0 0.997859
    outer loop
      vertex -23.9874 -78.5 28.3615
      vertex -23.4 -81 28.4
      vertex -23.4 -78.5 28.4
    endloop
  endfacet
  facet normal -0.0654027 0 0.997859
    outer loop
      vertex -23.4 -81 28.4
      vertex -23.9874 -78.5 28.3615
      vertex -23.9874 -81 28.3615
    endloop
  endfacet
  facet normal -1 0 0
    outer loop
      vertex -27.9 -81 21.5
      vertex -27.9 -78.5 23.9
      vertex -27.9 -78.5 21.5
    endloop
  endfacet
  facet normal -1 -0 0
    outer loop
      vertex -27.9 -78.5 23.9
      vertex -27.9 -81 21.5
      vertex -27.9 -81 23.9
    endloop
  endfacet
  facet normal 0.751882 -0 0.659298
    outer loop
      vertex 26.582 -81 27.082
      vertex 26.9701 -78.5 26.6394
      vertex 26.582 -78.5 27.082
    endloop
  endfacet
  facet normal 0.751882 0 0.659298
    outer loop
      vertex 26.9701 -78.5 26.6394
      vertex 26.582 -81 27.082
      vertex 26.9701 -81 26.6394
    endloop
  endfacet
  facet normal 1 -0 0
    outer loop
      vertex 27.9 -81 23.9
      vertex 27.9 -78.5 21.5
      vertex 27.9 -78.5 23.9
    endloop
  endfacet
  facet normal 1 0 0
    outer loop
      vertex 27.9 -78.5 21.5
      vertex 27.9 -81 23.9
      vertex 27.9 -81 21.5
    endloop
  endfacet
  facet normal 0.659298 0 -0.751882
    outer loop
      vertex 26.1394 -81 17.9299
      vertex 26.582 -78.5 18.318
      vertex 26.582 -81 18.318
    endloop
  endfacet
  facet normal 0.659298 0 -0.751882
    outer loop
      vertex 26.582 -78.5 18.318
      vertex 26.1394 -81 17.9299
      vertex 26.1394 -78.5 17.9299
    endloop
  endfacet
  facet normal 0.0654027 0 0.997859
    outer loop
      vertex 23.4 -78.5 28.4
      vertex 23.9874 -81 28.3615
      vertex 23.9874 -78.5 28.3615
    endloop
  endfacet
  facet normal 0.0654027 0 0.997859
    outer loop
      vertex 23.9874 -81 28.3615
      vertex 23.4 -78.5 28.4
      vertex 23.4 -81 28.4
    endloop
  endfacet
  facet normal 0.980796 0 -0.195038
    outer loop
      vertex 27.8615 -81 20.9126
      vertex 27.7467 -78.5 20.3353
      vertex 27.8615 -78.5 20.9126
    endloop
  endfacet
  facet normal 0.980796 0 -0.195038
    outer loop
      vertex 27.7467 -78.5 20.3353
      vertex 27.8615 -81 20.9126
      vertex 27.7467 -81 20.3353
    endloop
  endfacet
  facet normal -0.0654027 0 -0.997859
    outer loop
      vertex 22.8126 -81 17.0385
      vertex 23.4 -78.5 17
      vertex 23.4 -81 17
    endloop
  endfacet
  facet normal -0.0654027 0 -0.997859
    outer loop
      vertex 23.4 -78.5 17
      vertex 22.8126 -81 17.0385
      vertex 22.8126 -78.5 17.0385
    endloop
  endfacet
  facet normal -0.195038 0 -0.980796
    outer loop
      vertex 22.2353 -81 17.1533
      vertex 22.8126 -78.5 17.0385
      vertex 22.8126 -81 17.0385
    endloop
  endfacet
  facet normal -0.195038 0 -0.980796
    outer loop
      vertex 22.8126 -78.5 17.0385
      vertex 22.2353 -81 17.1533
      vertex 22.2353 -78.5 17.1533
    endloop
  endfacet
  facet normal -0.555562 0 0.831475
    outer loop
      vertex 20.6606 -78.5 27.4701
      vertex 21.15 -81 27.7971
      vertex 21.15 -78.5 27.7971
    endloop
  endfacet
  facet normal -0.555562 0 0.831475
    outer loop
      vertex 21.15 -81 27.7971
      vertex 20.6606 -78.5 27.4701
      vertex 20.6606 -81 27.4701
    endloop
  endfacet
  facet normal 0.896827 -0 0.442382
    outer loop
      vertex 27.2971 -81 26.15
      vertex 27.5575 -78.5 25.6221
      vertex 27.2971 -78.5 26.15
    endloop
  endfacet
  facet normal 0.896827 0 0.442382
    outer loop
      vertex 27.5575 -78.5 25.6221
      vertex 27.2971 -81 26.15
      vertex 27.5575 -81 25.6221
    endloop
  endfacet
  facet normal -0.997859 0 -0.0654027
    outer loop
      vertex 18.9385 -81 20.9126
      vertex 18.9 -78.5 21.5
      vertex 18.9385 -78.5 20.9126
    endloop
  endfacet
  facet normal -0.997859 -0 -0.0654027
    outer loop
      vertex 18.9 -78.5 21.5
      vertex 18.9385 -81 20.9126
      vertex 18.9 -81 21.5
    endloop
  endfacet
  facet normal 0.321421 0 -0.946936
    outer loop
      vertex 24.5647 -81 17.1533
      vertex 25.1221 -78.5 17.3425
      vertex 25.1221 -81 17.3425
    endloop
  endfacet
  facet normal 0.321421 0 -0.946936
    outer loop
      vertex 25.1221 -78.5 17.3425
      vertex 24.5647 -81 17.1533
      vertex 24.5647 -78.5 17.1533
    endloop
  endfacet
  facet normal -0.997859 0 0.0654027
    outer loop
      vertex 18.9 -81 23.9
      vertex 18.9385 -78.5 24.4874
      vertex 18.9 -78.5 23.9
    endloop
  endfacet
  facet normal -0.997859 0 0.0654027
    outer loop
      vertex 18.9385 -78.5 24.4874
      vertex 18.9 -81 23.9
      vertex 18.9385 -81 24.4874
    endloop
  endfacet
  facet normal -0.831475 0 0.555562
    outer loop
      vertex 19.5029 -81 26.15
      vertex 19.8299 -78.5 26.6394
      vertex 19.5029 -78.5 26.15
    endloop
  endfacet
  facet normal -0.831475 0 0.555562
    outer loop
      vertex 19.8299 -78.5 26.6394
      vertex 19.5029 -81 26.15
      vertex 19.8299 -81 26.6394
    endloop
  endfacet
  facet normal 0.896827 0 -0.442382
    outer loop
      vertex 27.5575 -81 19.7779
      vertex 27.2971 -78.5 19.25
      vertex 27.5575 -78.5 19.7779
    endloop
  endfacet
  facet normal 0.896827 0 -0.442382
    outer loop
      vertex 27.2971 -78.5 19.25
      vertex 27.5575 -81 19.7779
      vertex 27.2971 -81 19.25
    endloop
  endfacet
  facet normal 0.831475 -0 0.555562
    outer loop
      vertex 26.9701 -81 26.6394
      vertex 27.2971 -78.5 26.15
      vertex 26.9701 -78.5 26.6394
    endloop
  endfacet
  facet normal 0.831475 0 0.555562
    outer loop
      vertex 27.2971 -78.5 26.15
      vertex 26.9701 -81 26.6394
      vertex 27.2971 -81 26.15
    endloop
  endfacet
  facet normal 0.980796 -0 0.195038
    outer loop
      vertex 27.7467 -81 25.0647
      vertex 27.8615 -78.5 24.4874
      vertex 27.7467 -78.5 25.0647
    endloop
  endfacet
  facet normal 0.980796 0 0.195038
    outer loop
      vertex 27.8615 -78.5 24.4874
      vertex 27.7467 -81 25.0647
      vertex 27.8615 -81 24.4874
    endloop
  endfacet
  facet normal -0.946936 0 -0.321421
    outer loop
      vertex 19.2425 -81 19.7779
      vertex 19.0533 -78.5 20.3353
      vertex 19.2425 -78.5 19.7779
    endloop
  endfacet
  facet normal -0.946936 -0 -0.321421
    outer loop
      vertex 19.0533 -78.5 20.3353
      vertex 19.2425 -81 19.7779
      vertex 19.0533 -81 20.3353
    endloop
  endfacet
  facet normal 0.555562 0 -0.831475
    outer loop
      vertex 25.65 -81 17.6029
      vertex 26.1394 -78.5 17.9299
      vertex 26.1394 -81 17.9299
    endloop
  endfacet
  facet normal 0.555562 0 -0.831475
    outer loop
      vertex 26.1394 -78.5 17.9299
      vertex 25.65 -81 17.6029
      vertex 25.65 -78.5 17.6029
    endloop
  endfacet
  facet normal 0.997859 0 -0.0654027
    outer loop
      vertex 27.9 -81 21.5
      vertex 27.8615 -78.5 20.9126
      vertex 27.9 -78.5 21.5
    endloop
  endfacet
  facet normal 0.997859 0 -0.0654027
    outer loop
      vertex 27.8615 -78.5 20.9126
      vertex 27.9 -81 21.5
      vertex 27.8615 -81 20.9126
    endloop
  endfacet
  facet normal -0.896827 0 -0.442382
    outer loop
      vertex 19.5029 -81 19.25
      vertex 19.2425 -78.5 19.7779
      vertex 19.5029 -78.5 19.25
    endloop
  endfacet
  facet normal -0.896827 -0 -0.442382
    outer loop
      vertex 19.2425 -78.5 19.7779
      vertex 19.5029 -81 19.25
      vertex 19.2425 -81 19.7779
    endloop
  endfacet
  facet normal -0.321421 0 0.946936
    outer loop
      vertex 21.6779 -78.5 28.0575
      vertex 22.2353 -81 28.2467
      vertex 22.2353 -78.5 28.2467
    endloop
  endfacet
  facet normal -0.321421 0 0.946936
    outer loop
      vertex 22.2353 -81 28.2467
      vertex 21.6779 -78.5 28.0575
      vertex 21.6779 -81 28.0575
    endloop
  endfacet
  facet normal 0.195038 0 0.980796
    outer loop
      vertex 23.9874 -78.5 28.3615
      vertex 24.5647 -81 28.2467
      vertex 24.5647 -78.5 28.2467
    endloop
  endfacet
  facet normal 0.195038 0 0.980796
    outer loop
      vertex 24.5647 -81 28.2467
      vertex 23.9874 -78.5 28.3615
      vertex 23.9874 -81 28.3615
    endloop
  endfacet
  facet normal 0.195038 0 -0.980796
    outer loop
      vertex 23.9874 -81 17.0385
      vertex 24.5647 -78.5 17.1533
      vertex 24.5647 -81 17.1533
    endloop
  endfacet
  facet normal 0.195038 0 -0.980796
    outer loop
      vertex 24.5647 -78.5 17.1533
      vertex 23.9874 -81 17.0385
      vertex 23.9874 -78.5 17.0385
    endloop
  endfacet
  facet normal 0.321421 0 0.946936
    outer loop
      vertex 24.5647 -78.5 28.2467
      vertex 25.1221 -81 28.0575
      vertex 25.1221 -78.5 28.0575
    endloop
  endfacet
  facet normal 0.321421 0 0.946936
    outer loop
      vertex 25.1221 -81 28.0575
      vertex 24.5647 -78.5 28.2467
      vertex 24.5647 -81 28.2467
    endloop
  endfacet
  facet normal 0.442382 0 -0.896827
    outer loop
      vertex 25.1221 -81 17.3425
      vertex 25.65 -78.5 17.6029
      vertex 25.65 -81 17.6029
    endloop
  endfacet
  facet normal 0.442382 0 -0.896827
    outer loop
      vertex 25.65 -78.5 17.6029
      vertex 25.1221 -81 17.3425
      vertex 25.1221 -78.5 17.3425
    endloop
  endfacet
  facet normal 0.0654027 0 -0.997859
    outer loop
      vertex 23.4 -81 17
      vertex 23.9874 -78.5 17.0385
      vertex 23.9874 -81 17.0385
    endloop
  endfacet
  facet normal 0.0654027 0 -0.997859
    outer loop
      vertex 23.9874 -78.5 17.0385
      vertex 23.4 -81 17
      vertex 23.4 -78.5 17
    endloop
  endfacet
  facet normal 0.442382 0 0.896827
    outer loop
      vertex 25.1221 -78.5 28.0575
      vertex 25.65 -81 27.7971
      vertex 25.65 -78.5 27.7971
    endloop
  endfacet
  facet normal 0.442382 0 0.896827
    outer loop
      vertex 25.65 -81 27.7971
      vertex 25.1221 -78.5 28.0575
      vertex 25.1221 -81 28.0575
    endloop
  endfacet
  facet normal -0.659298 0 -0.751882
    outer loop
      vertex 20.218 -81 18.318
      vertex 20.6606 -78.5 17.9299
      vertex 20.6606 -81 17.9299
    endloop
  endfacet
  facet normal -0.659298 0 -0.751882
    outer loop
      vertex 20.6606 -78.5 17.9299
      vertex 20.218 -81 18.318
      vertex 20.218 -78.5 18.318
    endloop
  endfacet
  facet normal -0.751882 0 -0.659298
    outer loop
      vertex 20.218 -81 18.318
      vertex 19.8299 -78.5 18.7606
      vertex 20.218 -78.5 18.318
    endloop
  endfacet
  facet normal -0.751882 -0 -0.659298
    outer loop
      vertex 19.8299 -78.5 18.7606
      vertex 20.218 -81 18.318
      vertex 19.8299 -81 18.7606
    endloop
  endfacet
  facet normal 0 1 0
    outer loop
      vertex 24.93 -78.5 26.55
      vertex 23.4 -78.5 28.4
      vertex 23.9874 -78.5 28.3615
    endloop
  endfacet
  facet normal 0 1 0
    outer loop
      vertex 24.93 -78.5 26.55
      vertex 23.9874 -78.5 28.3615
      vertex 24.5647 -78.5 28.2467
    endloop
  endfacet
  facet normal 0 1 0
    outer loop
      vertex 21.87 -78.5 26.55
      vertex 23.4 -78.5 28.4
      vertex 24.93 -78.5 26.55
    endloop
  endfacet
  facet normal 0 1 -0
    outer loop
      vertex 24.93 -78.5 26.55
      vertex 24.5647 -78.5 28.2467
      vertex 25.1221 -78.5 28.0575
    endloop
  endfacet
  facet normal 0 1 0
    outer loop
      vertex 23.4 -78.5 28.4
      vertex 21.87 -78.5 26.55
      vertex 22.8126 -78.5 28.3615
    endloop
  endfacet
  facet normal 0 1 0
    outer loop
      vertex 24.93 -78.5 26.55
      vertex 25.1221 -78.5 28.0575
      vertex 25.65 -78.5 27.7971
    endloop
  endfacet
  facet normal 0 1 0
    outer loop
      vertex 22.8126 -78.5 28.3615
      vertex 21.87 -78.5 26.55
      vertex 22.2353 -78.5 28.2467
    endloop
  endfacet
  facet normal 0 1 0
    outer loop
      vertex 24.93 -78.5 26.55
      vertex 25.65 -78.5 27.7971
      vertex 26.1394 -78.5 27.4701
    endloop
  endfacet
  facet normal 0 1 0
    outer loop
      vertex 22.2353 -78.5 28.2467
      vertex 21.87 -78.5 26.55
      vertex 21.6779 -78.5 28.0575
    endloop
  endfacet
  facet normal 0 1 0
    outer loop
      vertex 24.93 -78.5 26.55
      vertex 26.1394 -78.5 27.4701
      vertex 26.582 -78.5 27.082
    endloop
  endfacet
  facet normal 0 1 0
    outer loop
      vertex 21.6779 -78.5 28.0575
      vertex 21.87 -78.5 26.55
      vertex 21.15 -78.5 27.7971
    endloop
  endfacet
  facet normal 0 1 0
    outer loop
      vertex 24.93 -78.5 26.55
      vertex 26.582 -78.5 27.082
      vertex 26.9701 -78.5 26.6394
    endloop
  endfacet
  facet normal 0 1 0
    outer loop
      vertex 21.15 -78.5 27.7971
      vertex 21.87 -78.5 26.55
      vertex 20.6606 -78.5 27.4701
    endloop
  endfacet
  facet normal 0 1 0
    outer loop
      vertex 20.6606 -78.5 27.4701
      vertex 21.87 -78.5 26.55
      vertex 20.218 -78.5 27.082
    endloop
  endfacet
  facet normal 0 1 0
    outer loop
      vertex 27.2971 -78.5 26.15
      vertex 24.93 -78.5 26.55
      vertex 26.9701 -78.5 26.6394
    endloop
  endfacet
  facet normal 0 1 0
    outer loop
      vertex 26.46 -78.5 23.9
      vertex 27.2971 -78.5 26.15
      vertex 27.5575 -78.5 25.6221
    endloop
  endfacet
  facet normal 0 1 0
    outer loop
      vertex 26.46 -78.5 23.9
      vertex 27.5575 -78.5 25.6221
      vertex 27.7467 -78.5 25.0647
    endloop
  endfacet
  facet normal 0 1 0
    outer loop
      vertex 26.46 -78.5 23.9
      vertex 27.7467 -78.5 25.0647
      vertex 27.8615 -78.5 24.4874
    endloop
  endfacet
  facet normal 0 1 0
    outer loop
      vertex 26.46 -78.5 23.9
      vertex 27.8615 -78.5 24.4874
      vertex 27.9 -78.5 23.9
    endloop
  endfacet
  facet normal 0 1 0
    outer loop
      vertex 27.2971 -78.5 26.15
      vertex 26.46 -78.5 23.9
      vertex 24.93 -78.5 26.55
    endloop
  endfacet
  facet normal 0 1 -0
    outer loop
      vertex 27.9 -78.5 21.5
      vertex 26.46 -78.5 23.9
      vertex 27.9 -78.5 23.9
    endloop
  endfacet
  facet normal 0 1 0
    outer loop
      vertex 27.9 -78.5 21.5
      vertex 26.46 -78.5 21.5
      vertex 26.46 -78.5 23.9
    endloop
  endfacet
  facet normal 0 1 -0
    outer loop
      vertex 27.8615 -78.5 20.9126
      vertex 26.46 -78.5 21.5
      vertex 27.9 -78.5 21.5
    endloop
  endfacet
  facet normal 0 1 -0
    outer loop
      vertex 27.7467 -78.5 20.3353
      vertex 26.46 -78.5 21.5
      vertex 27.8615 -78.5 20.9126
    endloop
  endfacet
  facet normal 0 1 -0
    outer loop
      vertex 27.5575 -78.5 19.7779
      vertex 26.46 -78.5 21.5
      vertex 27.7467 -78.5 20.3353
    endloop
  endfacet
  facet normal 0 1 -0
    outer loop
      vertex 27.2971 -78.5 19.25
      vertex 26.46 -78.5 21.5
      vertex 27.5575 -78.5 19.7779
    endloop
  endfacet
  facet normal 0 1 0
    outer loop
      vertex 27.2971 -78.5 19.25
      vertex 24.93 -78.5 18.85
      vertex 26.46 -78.5 21.5
    endloop
  endfacet
  facet normal 0 1 -0
    outer loop
      vertex 26.582 -78.5 18.318
      vertex 24.93 -78.5 18.85
      vertex 26.9701 -78.5 18.7606
    endloop
  endfacet
  facet normal 0 1 -0
    outer loop
      vertex 26.9701 -78.5 18.7606
      vertex 24.93 -78.5 18.85
      vertex 27.2971 -78.5 19.25
    endloop
  endfacet
  facet normal 0 1 0
    outer loop
      vertex 20.218 -78.5 27.082
      vertex 21.87 -78.5 26.55
      vertex 19.8299 -78.5 26.6394
    endloop
  endfacet
  facet normal 0 1 0
    outer loop
      vertex 21.87 -78.5 26.55
      vertex 19.5029 -78.5 26.15
      vertex 19.8299 -78.5 26.6394
    endloop
  endfacet
  facet normal 0 1 -0
    outer loop
      vertex 20.34 -78.5 23.9
      vertex 19.5029 -78.5 26.15
      vertex 21.87 -78.5 26.55
    endloop
  endfacet
  facet normal 0 1 0
    outer loop
      vertex 19.5029 -78.5 26.15
      vertex 20.34 -78.5 23.9
      vertex 19.2425 -78.5 25.6221
    endloop
  endfacet
  facet normal 0 1 0
    outer loop
      vertex 19.2425 -78.5 25.6221
      vertex 20.34 -78.5 23.9
      vertex 19.0533 -78.5 25.0647
    endloop
  endfacet
  facet normal 0 1 0
    outer loop
      vertex 19.0533 -78.5 25.0647
      vertex 20.34 -78.5 23.9
      vertex 18.9385 -78.5 24.4874
    endloop
  endfacet
  facet normal 0 1 0
    outer loop
      vertex 20.34 -78.5 23.9
      vertex 18.9 -78.5 23.9
      vertex 18.9385 -78.5 24.4874
    endloop
  endfacet
  facet normal 0 1 -0
    outer loop
      vertex 20.34 -78.5 21.5
      vertex 18.9 -78.5 23.9
      vertex 20.34 -78.5 23.9
    endloop
  endfacet
  facet normal 0 1 0
    outer loop
      vertex 20.34 -78.5 21.5
      vertex 18.9 -78.5 21.5
      vertex 18.9 -78.5 23.9
    endloop
  endfacet
  facet normal 0 1 0
    outer loop
      vertex 20.34 -78.5 21.5
      vertex 18.9385 -78.5 20.9126
      vertex 18.9 -78.5 21.5
    endloop
  endfacet
  facet normal 0 1 0
    outer loop
      vertex 20.34 -78.5 21.5
      vertex 19.0533 -78.5 20.3353
      vertex 18.9385 -78.5 20.9126
    endloop
  endfacet
  facet normal 0 1 0
    outer loop
      vertex 20.34 -78.5 21.5
      vertex 19.2425 -78.5 19.7779
      vertex 19.0533 -78.5 20.3353
    endloop
  endfacet
  facet normal 0 1 0
    outer loop
      vertex 20.34 -78.5 21.5
      vertex 19.5029 -78.5 19.25
      vertex 19.2425 -78.5 19.7779
    endloop
  endfacet
  facet normal 0 1 0
    outer loop
      vertex 21.87 -78.5 18.85
      vertex 19.5029 -78.5 19.25
      vertex 20.34 -78.5 21.5
    endloop
  endfacet
  facet normal 0 1 0
    outer loop
      vertex 21.87 -78.5 18.85
      vertex 19.8299 -78.5 18.7606
      vertex 19.5029 -78.5 19.25
    endloop
  endfacet
  facet normal 0 1 -0
    outer loop
      vertex 26.1394 -78.5 17.9299
      vertex 24.93 -78.5 18.85
      vertex 26.582 -78.5 18.318
    endloop
  endfacet
  facet normal 0 1 -0
    outer loop
      vertex 25.65 -78.5 17.6029
      vertex 24.93 -78.5 18.85
      vertex 26.1394 -78.5 17.9299
    endloop
  endfacet
  facet normal 0 1 0
    outer loop
      vertex 21.87 -78.5 18.85
      vertex 20.218 -78.5 18.318
      vertex 19.8299 -78.5 18.7606
    endloop
  endfacet
  facet normal 0 1 -0
    outer loop
      vertex 25.1221 -78.5 17.3425
      vertex 24.93 -78.5 18.85
      vertex 25.65 -78.5 17.6029
    endloop
  endfacet
  facet normal 0 1 0
    outer loop
      vertex 21.87 -78.5 18.85
      vertex 20.6606 -78.5 17.9299
      vertex 20.218 -78.5 18.318
    endloop
  endfacet
  facet normal 0 1 0
    outer loop
      vertex 24.5647 -78.5 17.1533
      vertex 24.93 -78.5 18.85
      vertex 25.1221 -78.5 17.3425
    endloop
  endfacet
  facet normal 0 1 0
    outer loop
      vertex 21.87 -78.5 18.85
      vertex 21.15 -78.5 17.6029
      vertex 20.6606 -78.5 17.9299
    endloop
  endfacet
  facet normal 0 1 0
    outer loop
      vertex 23.9874 -78.5 17.0385
      vertex 24.93 -78.5 18.85
      vertex 24.5647 -78.5 17.1533
    endloop
  endfacet
  facet normal 0 1 0
    outer loop
      vertex 21.87 -78.5 18.85
      vertex 21.6779 -78.5 17.3425
      vertex 21.15 -78.5 17.6029
    endloop
  endfacet
  facet normal 0 1 0
    outer loop
      vertex 23.4 -78.5 17
      vertex 24.93 -78.5 18.85
      vertex 23.9874 -78.5 17.0385
    endloop
  endfacet
  facet normal 0 1 0
    outer loop
      vertex 21.87 -78.5 18.85
      vertex 22.2353 -78.5 17.1533
      vertex 21.6779 -78.5 17.3425
    endloop
  endfacet
  facet normal 0 1 0
    outer loop
      vertex 24.93 -78.5 18.85
      vertex 23.4 -78.5 17
      vertex 21.87 -78.5 18.85
    endloop
  endfacet
  facet normal 0 1 0
    outer loop
      vertex 21.87 -78.5 18.85
      vertex 22.8126 -78.5 17.0385
      vertex 22.2353 -78.5 17.1533
    endloop
  endfacet
  facet normal 0 1 0
    outer loop
      vertex 21.87 -78.5 18.85
      vertex 23.4 -78.5 17
      vertex 22.8126 -78.5 17.0385
    endloop
  endfacet
  facet normal 0.946936 0 -0.321421
    outer loop
      vertex 27.7467 -81 20.3353
      vertex 27.5575 -78.5 19.7779
      vertex 27.7467 -78.5 20.3353
    endloop
  endfacet
  facet normal 0.946936 0 -0.321421
    outer loop
      vertex 27.5575 -78.5 19.7779
      vertex 27.7467 -81 20.3353
      vertex 27.5575 -81 19.7779
    endloop
  endfacet
  facet normal 0.946936 -0 0.321421
    outer loop
      vertex 27.5575 -81 25.6221
      vertex 27.7467 -78.5 25.0647
      vertex 27.5575 -78.5 25.6221
    endloop
  endfacet
  facet normal 0.946936 0 0.321421
    outer loop
      vertex 27.7467 -78.5 25.0647
      vertex 27.5575 -81 25.6221
      vertex 27.7467 -81 25.0647
    endloop
  endfacet
  facet normal -0.831475 0 -0.555562
    outer loop
      vertex 19.8299 -81 18.7606
      vertex 19.5029 -78.5 19.25
      vertex 19.8299 -78.5 18.7606
    endloop
  endfacet
  facet normal -0.831475 -0 -0.555562
    outer loop
      vertex 19.5029 -78.5 19.25
      vertex 19.8299 -81 18.7606
      vertex 19.5029 -81 19.25
    endloop
  endfacet
  facet normal -0.896827 0 0.442382
    outer loop
      vertex 19.2425 -81 25.6221
      vertex 19.5029 -78.5 26.15
      vertex 19.2425 -78.5 25.6221
    endloop
  endfacet
  facet normal -0.896827 0 0.442382
    outer loop
      vertex 19.5029 -78.5 26.15
      vertex 19.2425 -81 25.6221
      vertex 19.5029 -81 26.15
    endloop
  endfacet
  facet normal 0.751882 0 -0.659298
    outer loop
      vertex 26.9701 -81 18.7606
      vertex 26.582 -78.5 18.318
      vertex 26.9701 -78.5 18.7606
    endloop
  endfacet
  facet normal 0.751882 0 -0.659298
    outer loop
      vertex 26.582 -78.5 18.318
      vertex 26.9701 -81 18.7606
      vertex 26.582 -81 18.318
    endloop
  endfacet
  facet normal 0.831475 0 -0.555562
    outer loop
      vertex 27.2971 -81 19.25
      vertex 26.9701 -78.5 18.7606
      vertex 27.2971 -78.5 19.25
    endloop
  endfacet
  facet normal 0.831475 0 -0.555562
    outer loop
      vertex 26.9701 -78.5 18.7606
      vertex 27.2971 -81 19.25
      vertex 26.9701 -81 18.7606
    endloop
  endfacet
  facet normal 0.555562 0 0.831475
    outer loop
      vertex 25.65 -78.5 27.7971
      vertex 26.1394 -81 27.4701
      vertex 26.1394 -78.5 27.4701
    endloop
  endfacet
  facet normal 0.555562 0 0.831475
    outer loop
      vertex 26.1394 -81 27.4701
      vertex 25.65 -78.5 27.7971
      vertex 25.65 -81 27.7971
    endloop
  endfacet
  facet normal -0.442382 0 0.896827
    outer loop
      vertex 21.15 -78.5 27.7971
      vertex 21.6779 -81 28.0575
      vertex 21.6779 -78.5 28.0575
    endloop
  endfacet
  facet normal -0.442382 0 0.896827
    outer loop
      vertex 21.6779 -81 28.0575
      vertex 21.15 -78.5 27.7971
      vertex 21.15 -81 27.7971
    endloop
  endfacet
  facet normal 0.659298 0 0.751882
    outer loop
      vertex 26.1394 -78.5 27.4701
      vertex 26.582 -81 27.082
      vertex 26.582 -78.5 27.082
    endloop
  endfacet
  facet normal 0.659298 0 0.751882
    outer loop
      vertex 26.582 -81 27.082
      vertex 26.1394 -78.5 27.4701
      vertex 26.1394 -81 27.4701
    endloop
  endfacet
  facet normal 0.997859 -0 0.0654027
    outer loop
      vertex 27.8615 -81 24.4874
      vertex 27.9 -78.5 23.9
      vertex 27.8615 -78.5 24.4874
    endloop
  endfacet
  facet normal 0.997859 0 0.0654027
    outer loop
      vertex 27.9 -78.5 23.9
      vertex 27.8615 -81 24.4874
      vertex 27.9 -81 23.9
    endloop
  endfacet
  facet normal -0.442382 0 -0.896827
    outer loop
      vertex 21.15 -81 17.6029
      vertex 21.6779 -78.5 17.3425
      vertex 21.6779 -81 17.3425
    endloop
  endfacet
  facet normal -0.442382 0 -0.896827
    outer loop
      vertex 21.6779 -78.5 17.3425
      vertex 21.15 -81 17.6029
      vertex 21.15 -78.5 17.6029
    endloop
  endfacet
  facet normal -0.659298 0 0.751882
    outer loop
      vertex 20.218 -78.5 27.082
      vertex 20.6606 -81 27.4701
      vertex 20.6606 -78.5 27.4701
    endloop
  endfacet
  facet normal -0.659298 0 0.751882
    outer loop
      vertex 20.6606 -81 27.4701
      vertex 20.218 -78.5 27.082
      vertex 20.218 -81 27.082
    endloop
  endfacet
  facet normal -0.195038 0 0.980796
    outer loop
      vertex 22.2353 -78.5 28.2467
      vertex 22.8126 -81 28.3615
      vertex 22.8126 -78.5 28.3615
    endloop
  endfacet
  facet normal -0.195038 0 0.980796
    outer loop
      vertex 22.8126 -81 28.3615
      vertex 22.2353 -78.5 28.2467
      vertex 22.2353 -81 28.2467
    endloop
  endfacet
  facet normal -0.751882 0 0.659298
    outer loop
      vertex 19.8299 -81 26.6394
      vertex 20.218 -78.5 27.082
      vertex 19.8299 -78.5 26.6394
    endloop
  endfacet
  facet normal -0.751882 0 0.659298
    outer loop
      vertex 20.218 -78.5 27.082
      vertex 19.8299 -81 26.6394
      vertex 20.218 -81 27.082
    endloop
  endfacet
  facet normal -0.946936 0 0.321421
    outer loop
      vertex 19.0533 -81 25.0647
      vertex 19.2425 -78.5 25.6221
      vertex 19.0533 -78.5 25.0647
    endloop
  endfacet
  facet normal -0.946936 0 0.321421
    outer loop
      vertex 19.2425 -78.5 25.6221
      vertex 19.0533 -81 25.0647
      vertex 19.2425 -81 25.6221
    endloop
  endfacet
  facet normal -0.555562 0 -0.831475
    outer loop
      vertex 20.6606 -81 17.9299
      vertex 21.15 -78.5 17.6029
      vertex 21.15 -81 17.6029
    endloop
  endfacet
  facet normal -0.555562 0 -0.831475
    outer loop
      vertex 21.15 -78.5 17.6029
      vertex 20.6606 -81 17.9299
      vertex 20.6606 -78.5 17.9299
    endloop
  endfacet
  facet normal -0.980796 0 -0.195038
    outer loop
      vertex 19.0533 -81 20.3353
      vertex 18.9385 -78.5 20.9126
      vertex 19.0533 -78.5 20.3353
    endloop
  endfacet
  facet normal -0.980796 -0 -0.195038
    outer loop
      vertex 18.9385 -78.5 20.9126
      vertex 19.0533 -81 20.3353
      vertex 18.9385 -81 20.9126
    endloop
  endfacet
  facet normal -0.980796 0 0.195038
    outer loop
      vertex 18.9385 -81 24.4874
      vertex 19.0533 -78.5 25.0647
      vertex 18.9385 -78.5 24.4874
    endloop
  endfacet
  facet normal -0.980796 0 0.195038
    outer loop
      vertex 19.0533 -78.5 25.0647
      vertex 18.9385 -81 24.4874
      vertex 19.0533 -81 25.0647
    endloop
  endfacet
  facet normal -0.0654027 0 0.997859
    outer loop
      vertex 22.8126 -78.5 28.3615
      vertex 23.4 -81 28.4
      vertex 23.4 -78.5 28.4
    endloop
  endfacet
  facet normal -0.0654027 0 0.997859
    outer loop
      vertex 23.4 -81 28.4
      vertex 22.8126 -78.5 28.3615
      vertex 22.8126 -81 28.3615
    endloop
  endfacet
  facet normal -1 0 0
    outer loop
      vertex 18.9 -81 21.5
      vertex 18.9 -78.5 23.9
      vertex 18.9 -78.5 21.5
    endloop
  endfacet
  facet normal -1 -0 0
    outer loop
      vertex 18.9 -78.5 23.9
      vertex 18.9 -81 21.5
      vertex 18.9 -81 23.9
    endloop
  endfacet
  facet normal -0.321421 0 -0.946936
    outer loop
      vertex 21.6779 -81 17.3425
      vertex 22.2353 -78.5 17.1533
      vertex 22.2353 -81 17.1533
    endloop
  endfacet
  facet normal -0.321421 0 -0.946936
    outer loop
      vertex 22.2353 -78.5 17.1533
      vertex 21.6779 -81 17.3425
      vertex 21.6779 -78.5 17.3425
    endloop
  endfacet
  facet normal 0.751873 -0 0.659308
    outer loop
      vertex 3.18198 -81 58.982
      vertex 3.57009 -78.5 58.5394
      vertex 3.18198 -78.5 58.982
    endloop
  endfacet
  facet normal 0.751873 0 0.659308
    outer loop
      vertex 3.57009 -78.5 58.5394
      vertex 3.18198 -81 58.982
      vertex 3.57009 -81 58.5394
    endloop
  endfacet
  facet normal 1 -0 0
    outer loop
      vertex 4.5 -81 55.8
      vertex 4.5 -78.5 53.4
      vertex 4.5 -78.5 55.8
    endloop
  endfacet
  facet normal 1 0 0
    outer loop
      vertex 4.5 -78.5 53.4
      vertex 4.5 -81 55.8
      vertex 4.5 -81 53.4
    endloop
  endfacet
  facet normal 0.65934 0 -0.751845
    outer loop
      vertex 2.73943 -81 49.8299
      vertex 3.18198 -78.5 50.218
      vertex 3.18198 -81 50.218
    endloop
  endfacet
  facet normal 0.65934 0 -0.751845
    outer loop
      vertex 3.18198 -78.5 50.218
      vertex 2.73943 -81 49.8299
      vertex 2.73943 -78.5 49.8299
    endloop
  endfacet
  facet normal 0.0654064 0 0.997859
    outer loop
      vertex 0 -78.5 60.3
      vertex 0.587367 -81 60.2615
      vertex 0.587367 -78.5 60.2615
    endloop
  endfacet
  facet normal 0.0654064 0 0.997859
    outer loop
      vertex 0.587367 -81 60.2615
      vertex 0 -78.5 60.3
      vertex 0 -81 60.3
    endloop
  endfacet
  facet normal 0.980786 0 -0.195087
    outer loop
      vertex 4.4615 -81 52.8126
      vertex 4.34667 -78.5 52.2353
      vertex 4.4615 -78.5 52.8126
    endloop
  endfacet
  facet normal 0.980786 0 -0.195087
    outer loop
      vertex 4.34667 -78.5 52.2353
      vertex 4.4615 -81 52.8126
      vertex 4.34667 -81 52.2353
    endloop
  endfacet
  facet normal -0.0654064 0 -0.997859
    outer loop
      vertex -0.587367 -81 48.9385
      vertex 0 -78.5 48.9
      vertex 0 -81 48.9
    endloop
  endfacet
  facet normal -0.0654064 0 -0.997859
    outer loop
      vertex 0 -78.5 48.9
      vertex -0.587367 -81 48.9385
      vertex -0.587367 -78.5 48.9385
    endloop
  endfacet
  facet normal -0.19503 0 -0.980797
    outer loop
      vertex -1.16469 -81 49.0533
      vertex -0.587367 -78.5 48.9385
      vertex -0.587367 -81 48.9385
    endloop
  endfacet
  facet normal -0.19503 0 -0.980797
    outer loop
      vertex -0.587367 -78.5 48.9385
      vertex -1.16469 -81 49.0533
      vertex -1.16469 -78.5 49.0533
    endloop
  endfacet
  facet normal -0.555539 0 0.831491
    outer loop
      vertex -2.73943 -78.5 59.3701
      vertex -2.25 -81 59.6971
      vertex -2.25 -78.5 59.6971
    endloop
  endfacet
  facet normal -0.555539 0 0.831491
    outer loop
      vertex -2.25 -81 59.6971
      vertex -2.73943 -78.5 59.3701
      vertex -2.73943 -81 59.3701
    endloop
  endfacet
  facet normal 0.89686 -0 0.442314
    outer loop
      vertex 3.89711 -81 58.05
      vertex 4.15746 -78.5 57.5221
      vertex 3.89711 -78.5 58.05
    endloop
  endfacet
  facet normal 0.89686 0 0.442314
    outer loop
      vertex 4.15746 -78.5 57.5221
      vertex 3.89711 -81 58.05
      vertex 4.15746 -81 57.5221
    endloop
  endfacet
  facet normal -0.997859 0 -0.0654027
    outer loop
      vertex -4.4615 -81 52.8126
      vertex -4.5 -78.5 53.4
      vertex -4.4615 -78.5 52.8126
    endloop
  endfacet
  facet normal -0.997859 -0 -0.0654027
    outer loop
      vertex -4.5 -78.5 53.4
      vertex -4.4615 -81 52.8126
      vertex -4.5 -81 53.4
    endloop
  endfacet
  facet normal 0.321432 0 -0.946933
    outer loop
      vertex 1.16469 -81 49.0533
      vertex 1.72207 -78.5 49.2425
      vertex 1.72207 -81 49.2425
    endloop
  endfacet
  facet normal 0.321432 0 -0.946933
    outer loop
      vertex 1.72207 -78.5 49.2425
      vertex 1.16469 -81 49.0533
      vertex 1.16469 -78.5 49.0533
    endloop
  endfacet
  facet normal 0.65934 0 0.751845
    outer loop
      vertex 2.73943 -78.5 59.3701
      vertex 3.18198 -81 58.982
      vertex 3.18198 -78.5 58.982
    endloop
  endfacet
  facet normal 0.65934 0 0.751845
    outer loop
      vertex 3.18198 -81 58.982
      vertex 2.73943 -78.5 59.3701
      vertex 2.73943 -81 59.3701
    endloop
  endfacet
  facet normal -0.997859 0 0.0654027
    outer loop
      vertex -4.5 -81 55.8
      vertex -4.4615 -78.5 56.3874
      vertex -4.5 -78.5 55.8
    endloop
  endfacet
  facet normal -0.997859 0 0.0654027
    outer loop
      vertex -4.4615 -78.5 56.3874
      vertex -4.5 -81 55.8
      vertex -4.4615 -81 56.3874
    endloop
  endfacet
  facet normal -0.831459 0 0.555586
    outer loop
      vertex -3.89711 -81 58.05
      vertex -3.57009 -78.5 58.5394
      vertex -3.89711 -78.5 58.05
    endloop
  endfacet
  facet normal -0.831459 0 0.555586
    outer loop
      vertex -3.57009 -78.5 58.5394
      vertex -3.89711 -81 58.05
      vertex -3.57009 -81 58.5394
    endloop
  endfacet
  facet normal 0.89686 0 -0.442314
    outer loop
      vertex 4.15746 -81 51.6779
      vertex 3.89711 -78.5 51.15
      vertex 4.15746 -78.5 51.6779
    endloop
  endfacet
  facet normal 0.89686 0 -0.442314
    outer loop
      vertex 3.89711 -78.5 51.15
      vertex 4.15746 -81 51.6779
      vertex 3.89711 -81 51.15
    endloop
  endfacet
  facet normal 0.831459 -0 0.555586
    outer loop
      vertex 3.57009 -81 58.5394
      vertex 3.89711 -78.5 58.05
      vertex 3.57009 -78.5 58.5394
    endloop
  endfacet
  facet normal 0.831459 0 0.555586
    outer loop
      vertex 3.89711 -78.5 58.05
      vertex 3.57009 -81 58.5394
      vertex 3.89711 -81 58.05
    endloop
  endfacet
  facet normal 0.980786 -0 0.195087
    outer loop
      vertex 4.34667 -81 56.9647
      vertex 4.4615 -78.5 56.3874
      vertex 4.34667 -78.5 56.9647
    endloop
  endfacet
  facet normal 0.980786 0 0.195087
    outer loop
      vertex 4.4615 -78.5 56.3874
      vertex 4.34667 -81 56.9647
      vertex 4.4615 -81 56.3874
    endloop
  endfacet
  facet normal -0.946931 0 -0.321437
    outer loop
      vertex -4.15746 -81 51.6779
      vertex -4.34667 -78.5 52.2353
      vertex -4.15746 -78.5 51.6779
    endloop
  endfacet
  facet normal -0.946931 -0 -0.321437
    outer loop
      vertex -4.34667 -78.5 52.2353
      vertex -4.15746 -81 51.6779
      vertex -4.34667 -81 52.2353
    endloop
  endfacet
  facet normal 0.442362 0 -0.896837
    outer loop
      vertex 1.72207 -81 49.2425
      vertex 2.25 -78.5 49.5029
      vertex 2.25 -81 49.5029
    endloop
  endfacet
  facet normal 0.442362 0 -0.896837
    outer loop
      vertex 2.25 -78.5 49.5029
      vertex 1.72207 -81 49.2425
      vertex 1.72207 -78.5 49.2425
    endloop
  endfacet
  facet normal 0.555539 0 -0.831491
    outer loop
      vertex 2.25 -81 49.5029
      vertex 2.73943 -78.5 49.8299
      vertex 2.73943 -81 49.8299
    endloop
  endfacet
  facet normal 0.555539 0 -0.831491
    outer loop
      vertex 2.73943 -78.5 49.8299
      vertex 2.25 -81 49.5029
      vertex 2.25 -78.5 49.5029
    endloop
  endfacet
  facet normal 0.997859 0 -0.0654027
    outer loop
      vertex 4.5 -81 53.4
      vertex 4.4615 -78.5 52.8126
      vertex 4.5 -78.5 53.4
    endloop
  endfacet
  facet normal 0.997859 0 -0.0654027
    outer loop
      vertex 4.4615 -78.5 52.8126
      vertex 4.5 -81 53.4
      vertex 4.4615 -81 52.8126
    endloop
  endfacet
  facet normal -0.89686 0 -0.442314
    outer loop
      vertex -3.89711 -81 51.15
      vertex -4.15746 -78.5 51.6779
      vertex -3.89711 -78.5 51.15
    endloop
  endfacet
  facet normal -0.89686 -0 -0.442314
    outer loop
      vertex -4.15746 -78.5 51.6779
      vertex -3.89711 -81 51.15
      vertex -4.15746 -81 51.6779
    endloop
  endfacet
  facet normal -0.321432 0 0.946933
    outer loop
      vertex -1.72207 -78.5 59.9575
      vertex -1.16469 -81 60.1467
      vertex -1.16469 -78.5 60.1467
    endloop
  endfacet
  facet normal -0.321432 0 0.946933
    outer loop
      vertex -1.16469 -81 60.1467
      vertex -1.72207 -78.5 59.9575
      vertex -1.72207 -81 59.9575
    endloop
  endfacet
  facet normal 0.19503 0 0.980797
    outer loop
      vertex 0.587367 -78.5 60.2615
      vertex 1.16469 -81 60.1467
      vertex 1.16469 -78.5 60.1467
    endloop
  endfacet
  facet normal 0.19503 0 0.980797
    outer loop
      vertex 1.16469 -81 60.1467
      vertex 0.587367 -78.5 60.2615
      vertex 0.587367 -81 60.2615
    endloop
  endfacet
  facet normal 0.19503 0 -0.980797
    outer loop
      vertex 0.587367 -81 48.9385
      vertex 1.16469 -78.5 49.0533
      vertex 1.16469 -81 49.0533
    endloop
  endfacet
  facet normal 0.19503 0 -0.980797
    outer loop
      vertex 1.16469 -78.5 49.0533
      vertex 0.587367 -81 48.9385
      vertex 0.587367 -78.5 48.9385
    endloop
  endfacet
  facet normal 0.321432 0 0.946933
    outer loop
      vertex 1.16469 -78.5 60.1467
      vertex 1.72207 -81 59.9575
      vertex 1.72207 -78.5 59.9575
    endloop
  endfacet
  facet normal 0.321432 0 0.946933
    outer loop
      vertex 1.72207 -81 59.9575
      vertex 1.16469 -78.5 60.1467
      vertex 1.16469 -81 60.1467
    endloop
  endfacet
  facet normal 0.0654064 0 -0.997859
    outer loop
      vertex 0 -81 48.9
      vertex 0.587367 -78.5 48.9385
      vertex 0.587367 -81 48.9385
    endloop
  endfacet
  facet normal 0.0654064 0 -0.997859
    outer loop
      vertex 0.587367 -78.5 48.9385
      vertex 0 -81 48.9
      vertex 0 -78.5 48.9
    endloop
  endfacet
  facet normal 0.442362 0 0.896837
    outer loop
      vertex 1.72207 -78.5 59.9575
      vertex 2.25 -81 59.6971
      vertex 2.25 -78.5 59.6971
    endloop
  endfacet
  facet normal 0.442362 0 0.896837
    outer loop
      vertex 2.25 -81 59.6971
      vertex 1.72207 -78.5 59.9575
      vertex 1.72207 -81 59.9575
    endloop
  endfacet
  facet normal -0.65934 0 -0.751845
    outer loop
      vertex -3.18198 -81 50.218
      vertex -2.73943 -78.5 49.8299
      vertex -2.73943 -81 49.8299
    endloop
  endfacet
  facet normal -0.65934 0 -0.751845
    outer loop
      vertex -2.73943 -78.5 49.8299
      vertex -3.18198 -81 50.218
      vertex -3.18198 -78.5 50.218
    endloop
  endfacet
  facet normal -0.751873 0 -0.659308
    outer loop
      vertex -3.18198 -81 50.218
      vertex -3.57009 -78.5 50.6606
      vertex -3.18198 -78.5 50.218
    endloop
  endfacet
  facet normal -0.751873 -0 -0.659308
    outer loop
      vertex -3.57009 -78.5 50.6606
      vertex -3.18198 -81 50.218
      vertex -3.57009 -81 50.6606
    endloop
  endfacet
  facet normal 0 1 0
    outer loop
      vertex 1.52998 -78.5 58.45
      vertex 0 -78.5 60.3
      vertex 0.587367 -78.5 60.2615
    endloop
  endfacet
  facet normal 0 1 0
    outer loop
      vertex 1.52998 -78.5 58.45
      vertex 0.587367 -78.5 60.2615
      vertex 1.16469 -78.5 60.1467
    endloop
  endfacet
  facet normal 0 1 0
    outer loop
      vertex -1.52998 -78.5 58.45
      vertex 0 -78.5 60.3
      vertex 1.52998 -78.5 58.45
    endloop
  endfacet
  facet normal 0 1 -0
    outer loop
      vertex 1.52998 -78.5 58.45
      vertex 1.16469 -78.5 60.1467
      vertex 1.72207 -78.5 59.9575
    endloop
  endfacet
  facet normal 0 1 0
    outer loop
      vertex 0 -78.5 60.3
      vertex -1.52998 -78.5 58.45
      vertex -0.587367 -78.5 60.2615
    endloop
  endfacet
  facet normal 0 1 0
    outer loop
      vertex 1.52998 -78.5 58.45
      vertex 1.72207 -78.5 59.9575
      vertex 2.25 -78.5 59.6971
    endloop
  endfacet
  facet normal 0 1 0
    outer loop
      vertex -0.587367 -78.5 60.2615
      vertex -1.52998 -78.5 58.45
      vertex -1.16469 -78.5 60.1467
    endloop
  endfacet
  facet normal 0 1 0
    outer loop
      vertex 1.52998 -78.5 58.45
      vertex 2.25 -78.5 59.6971
      vertex 2.73943 -78.5 59.3701
    endloop
  endfacet
  facet normal 0 1 0
    outer loop
      vertex -1.16469 -78.5 60.1467
      vertex -1.52998 -78.5 58.45
      vertex -1.72207 -78.5 59.9575
    endloop
  endfacet
  facet normal 0 1 0
    outer loop
      vertex 1.52998 -78.5 58.45
      vertex 2.73943 -78.5 59.3701
      vertex 3.18198 -78.5 58.982
    endloop
  endfacet
  facet normal 0 1 0
    outer loop
      vertex -1.72207 -78.5 59.9575
      vertex -1.52998 -78.5 58.45
      vertex -2.25 -78.5 59.6971
    endloop
  endfacet
  facet normal 0 1 0
    outer loop
      vertex 1.52998 -78.5 58.45
      vertex 3.18198 -78.5 58.982
      vertex 3.57009 -78.5 58.5394
    endloop
  endfacet
  facet normal 0 1 0
    outer loop
      vertex -2.25 -78.5 59.6971
      vertex -1.52998 -78.5 58.45
      vertex -2.73943 -78.5 59.3701
    endloop
  endfacet
  facet normal 0 1 0
    outer loop
      vertex -2.73943 -78.5 59.3701
      vertex -1.52998 -78.5 58.45
      vertex -3.18198 -78.5 58.982
    endloop
  endfacet
  facet normal 0 1 0
    outer loop
      vertex 3.89711 -78.5 58.05
      vertex 1.52998 -78.5 58.45
      vertex 3.57009 -78.5 58.5394
    endloop
  endfacet
  facet normal 0 1 0
    outer loop
      vertex 3.05996 -78.5 55.8
      vertex 3.89711 -78.5 58.05
      vertex 4.15746 -78.5 57.5221
    endloop
  endfacet
  facet normal 0 1 0
    outer loop
      vertex 3.05996 -78.5 55.8
      vertex 4.15746 -78.5 57.5221
      vertex 4.34667 -78.5 56.9647
    endloop
  endfacet
  facet normal 0 1 0
    outer loop
      vertex 3.05996 -78.5 55.8
      vertex 4.34667 -78.5 56.9647
      vertex 4.4615 -78.5 56.3874
    endloop
  endfacet
  facet normal 0 1 0
    outer loop
      vertex 3.05996 -78.5 55.8
      vertex 4.4615 -78.5 56.3874
      vertex 4.5 -78.5 55.8
    endloop
  endfacet
  facet normal 0 1 0
    outer loop
      vertex 3.89711 -78.5 58.05
      vertex 3.05996 -78.5 55.8
      vertex 1.52998 -78.5 58.45
    endloop
  endfacet
  facet normal 0 1 -0
    outer loop
      vertex 4.5 -78.5 53.4
      vertex 3.05996 -78.5 55.8
      vertex 4.5 -78.5 55.8
    endloop
  endfacet
  facet normal 0 1 0
    outer loop
      vertex 4.5 -78.5 53.4
      vertex 3.05996 -78.5 53.4
      vertex 3.05996 -78.5 55.8
    endloop
  endfacet
  facet normal 0 1 -0
    outer loop
      vertex 4.4615 -78.5 52.8126
      vertex 3.05996 -78.5 53.4
      vertex 4.5 -78.5 53.4
    endloop
  endfacet
  facet normal 0 1 -0
    outer loop
      vertex 4.34667 -78.5 52.2353
      vertex 3.05996 -78.5 53.4
      vertex 4.4615 -78.5 52.8126
    endloop
  endfacet
  facet normal 0 1 -0
    outer loop
      vertex 4.15746 -78.5 51.6779
      vertex 3.05996 -78.5 53.4
      vertex 4.34667 -78.5 52.2353
    endloop
  endfacet
  facet normal 0 1 -0
    outer loop
      vertex 3.89711 -78.5 51.15
      vertex 3.05996 -78.5 53.4
      vertex 4.15746 -78.5 51.6779
    endloop
  endfacet
  facet normal 0 1 0
    outer loop
      vertex 3.89711 -78.5 51.15
      vertex 1.52998 -78.5 50.75
      vertex 3.05996 -78.5 53.4
    endloop
  endfacet
  facet normal 0 1 -0
    outer loop
      vertex 3.18198 -78.5 50.218
      vertex 1.52998 -78.5 50.75
      vertex 3.57009 -78.5 50.6606
    endloop
  endfacet
  facet normal 0 1 -0
    outer loop
      vertex 3.57009 -78.5 50.6606
      vertex 1.52998 -78.5 50.75
      vertex 3.89711 -78.5 51.15
    endloop
  endfacet
  facet normal 0 1 0
    outer loop
      vertex -3.18198 -78.5 58.982
      vertex -1.52998 -78.5 58.45
      vertex -3.57009 -78.5 58.5394
    endloop
  endfacet
  facet normal 0 1 0
    outer loop
      vertex -1.52998 -78.5 58.45
      vertex -3.89711 -78.5 58.05
      vertex -3.57009 -78.5 58.5394
    endloop
  endfacet
  facet normal 0 1 -0
    outer loop
      vertex -3.05996 -78.5 55.8
      vertex -3.89711 -78.5 58.05
      vertex -1.52998 -78.5 58.45
    endloop
  endfacet
  facet normal 0 1 0
    outer loop
      vertex -3.89711 -78.5 58.05
      vertex -3.05996 -78.5 55.8
      vertex -4.15746 -78.5 57.5221
    endloop
  endfacet
  facet normal 0 1 0
    outer loop
      vertex -4.15746 -78.5 57.5221
      vertex -3.05996 -78.5 55.8
      vertex -4.34667 -78.5 56.9647
    endloop
  endfacet
  facet normal 0 1 0
    outer loop
      vertex -4.34667 -78.5 56.9647
      vertex -3.05996 -78.5 55.8
      vertex -4.4615 -78.5 56.3874
    endloop
  endfacet
  facet normal 0 1 0
    outer loop
      vertex -3.05996 -78.5 55.8
      vertex -4.5 -78.5 55.8
      vertex -4.4615 -78.5 56.3874
    endloop
  endfacet
  facet normal 0 1 -0
    outer loop
      vertex -3.05996 -78.5 53.4
      vertex -4.5 -78.5 55.8
      vertex -3.05996 -78.5 55.8
    endloop
  endfacet
  facet normal 0 1 0
    outer loop
      vertex -3.05996 -78.5 53.4
      vertex -4.5 -78.5 53.4
      vertex -4.5 -78.5 55.8
    endloop
  endfacet
  facet normal 0 1 0
    outer loop
      vertex -3.05996 -78.5 53.4
      vertex -4.4615 -78.5 52.8126
      vertex -4.5 -78.5 53.4
    endloop
  endfacet
  facet normal 0 1 0
    outer loop
      vertex -3.05996 -78.5 53.4
      vertex -4.34667 -78.5 52.2353
      vertex -4.4615 -78.5 52.8126
    endloop
  endfacet
  facet normal 0 1 0
    outer loop
      vertex -3.05996 -78.5 53.4
      vertex -4.15746 -78.5 51.6779
      vertex -4.34667 -78.5 52.2353
    endloop
  endfacet
  facet normal 0 1 0
    outer loop
      vertex -3.05996 -78.5 53.4
      vertex -3.89711 -78.5 51.15
      vertex -4.15746 -78.5 51.6779
    endloop
  endfacet
  facet normal 0 1 0
    outer loop
      vertex -1.52998 -78.5 50.75
      vertex -3.89711 -78.5 51.15
      vertex -3.05996 -78.5 53.4
    endloop
  endfacet
  facet normal 0 1 0
    outer loop
      vertex -1.52998 -78.5 50.75
      vertex -3.57009 -78.5 50.6606
      vertex -3.89711 -78.5 51.15
    endloop
  endfacet
  facet normal 0 1 -0
    outer loop
      vertex 2.73943 -78.5 49.8299
      vertex 1.52998 -78.5 50.75
      vertex 3.18198 -78.5 50.218
    endloop
  endfacet
  facet normal 0 1 -0
    outer loop
      vertex 2.25 -78.5 49.5029
      vertex 1.52998 -78.5 50.75
      vertex 2.73943 -78.5 49.8299
    endloop
  endfacet
  facet normal 0 1 0
    outer loop
      vertex -1.52998 -78.5 50.75
      vertex -3.18198 -78.5 50.218
      vertex -3.57009 -78.5 50.6606
    endloop
  endfacet
  facet normal 0 1 -0
    outer loop
      vertex 1.72207 -78.5 49.2425
      vertex 1.52998 -78.5 50.75
      vertex 2.25 -78.5 49.5029
    endloop
  endfacet
  facet normal 0 1 0
    outer loop
      vertex -1.52998 -78.5 50.75
      vertex -2.73943 -78.5 49.8299
      vertex -3.18198 -78.5 50.218
    endloop
  endfacet
  facet normal 0 1 0
    outer loop
      vertex 1.16469 -78.5 49.0533
      vertex 1.52998 -78.5 50.75
      vertex 1.72207 -78.5 49.2425
    endloop
  endfacet
  facet normal 0 1 0
    outer loop
      vertex -1.52998 -78.5 50.75
      vertex -2.25 -78.5 49.5029
      vertex -2.73943 -78.5 49.8299
    endloop
  endfacet
  facet normal 0 1 0
    outer loop
      vertex 0.587367 -78.5 48.9385
      vertex 1.52998 -78.5 50.75
      vertex 1.16469 -78.5 49.0533
    endloop
  endfacet
  facet normal 0 1 0
    outer loop
      vertex -1.52998 -78.5 50.75
      vertex -1.72207 -78.5 49.2425
      vertex -2.25 -78.5 49.5029
    endloop
  endfacet
  facet normal 0 1 0
    outer loop
      vertex 0 -78.5 48.9
      vertex 1.52998 -78.5 50.75
      vertex 0.587367 -78.5 48.9385
    endloop
  endfacet
  facet normal 0 1 0
    outer loop
      vertex -1.52998 -78.5 50.75
      vertex -1.16469 -78.5 49.0533
      vertex -1.72207 -78.5 49.2425
    endloop
  endfacet
  facet normal 0 1 0
    outer loop
      vertex 1.52998 -78.5 50.75
      vertex 0 -78.5 48.9
      vertex -1.52998 -78.5 50.75
    endloop
  endfacet
  facet normal 0 1 0
    outer loop
      vertex -1.52998 -78.5 50.75
      vertex -0.587367 -78.5 48.9385
      vertex -1.16469 -78.5 49.0533
    endloop
  endfacet
  facet normal 0 1 0
    outer loop
      vertex -1.52998 -78.5 50.75
      vertex 0 -78.5 48.9
      vertex -0.587367 -78.5 48.9385
    endloop
  endfacet
  facet normal 0.946931 0 -0.321437
    outer loop
      vertex 4.34667 -81 52.2353
      vertex 4.15746 -78.5 51.6779
      vertex 4.34667 -78.5 52.2353
    endloop
  endfacet
  facet normal 0.946931 0 -0.321437
    outer loop
      vertex 4.15746 -78.5 51.6779
      vertex 4.34667 -81 52.2353
      vertex 4.15746 -81 51.6779
    endloop
  endfacet
  facet normal 0.946931 -0 0.321437
    outer loop
      vertex 4.15746 -81 57.5221
      vertex 4.34667 -78.5 56.9647
      vertex 4.15746 -78.5 57.5221
    endloop
  endfacet
  facet normal 0.946931 0 0.321437
    outer loop
      vertex 4.34667 -78.5 56.9647
      vertex 4.15746 -81 57.5221
      vertex 4.34667 -81 56.9647
    endloop
  endfacet
  facet normal -0.831459 0 -0.555586
    outer loop
      vertex -3.57009 -81 50.6606
      vertex -3.89711 -78.5 51.15
      vertex -3.57009 -78.5 50.6606
    endloop
  endfacet
  facet normal -0.831459 -0 -0.555586
    outer loop
      vertex -3.89711 -78.5 51.15
      vertex -3.57009 -81 50.6606
      vertex -3.89711 -81 51.15
    endloop
  endfacet
  facet normal -0.89686 0 0.442314
    outer loop
      vertex -4.15746 -81 57.5221
      vertex -3.89711 -78.5 58.05
      vertex -4.15746 -78.5 57.5221
    endloop
  endfacet
  facet normal -0.89686 0 0.442314
    outer loop
      vertex -3.89711 -78.5 58.05
      vertex -4.15746 -81 57.5221
      vertex -3.89711 -81 58.05
    endloop
  endfacet
  facet normal 0.751873 0 -0.659308
    outer loop
      vertex 3.57009 -81 50.6606
      vertex 3.18198 -78.5 50.218
      vertex 3.57009 -78.5 50.6606
    endloop
  endfacet
  facet normal 0.751873 0 -0.659308
    outer loop
      vertex 3.18198 -78.5 50.218
      vertex 3.57009 -81 50.6606
      vertex 3.18198 -81 50.218
    endloop
  endfacet
  facet normal 0.831459 0 -0.555586
    outer loop
      vertex 3.89711 -81 51.15
      vertex 3.57009 -78.5 50.6606
      vertex 3.89711 -78.5 51.15
    endloop
  endfacet
  facet normal 0.831459 0 -0.555586
    outer loop
      vertex 3.57009 -78.5 50.6606
      vertex 3.89711 -81 51.15
      vertex 3.57009 -81 50.6606
    endloop
  endfacet
  facet normal 0.555539 0 0.831491
    outer loop
      vertex 2.25 -78.5 59.6971
      vertex 2.73943 -81 59.3701
      vertex 2.73943 -78.5 59.3701
    endloop
  endfacet
  facet normal 0.555539 0 0.831491
    outer loop
      vertex 2.73943 -81 59.3701
      vertex 2.25 -78.5 59.6971
      vertex 2.25 -81 59.6971
    endloop
  endfacet
  facet normal -0.442362 0 0.896837
    outer loop
      vertex -2.25 -78.5 59.6971
      vertex -1.72207 -81 59.9575
      vertex -1.72207 -78.5 59.9575
    endloop
  endfacet
  facet normal -0.442362 0 0.896837
    outer loop
      vertex -1.72207 -81 59.9575
      vertex -2.25 -78.5 59.6971
      vertex -2.25 -81 59.6971
    endloop
  endfacet
  facet normal 0.997859 -0 0.0654027
    outer loop
      vertex 4.4615 -81 56.3874
      vertex 4.5 -78.5 55.8
      vertex 4.4615 -78.5 56.3874
    endloop
  endfacet
  facet normal 0.997859 0 0.0654027
    outer loop
      vertex 4.5 -78.5 55.8
      vertex 4.4615 -81 56.3874
      vertex 4.5 -81 55.8
    endloop
  endfacet
  facet normal -0.442362 0 -0.896837
    outer loop
      vertex -2.25 -81 49.5029
      vertex -1.72207 -78.5 49.2425
      vertex -1.72207 -81 49.2425
    endloop
  endfacet
  facet normal -0.442362 0 -0.896837
    outer loop
      vertex -1.72207 -78.5 49.2425
      vertex -2.25 -81 49.5029
      vertex -2.25 -78.5 49.5029
    endloop
  endfacet
  facet normal -0.65934 0 0.751845
    outer loop
      vertex -3.18198 -78.5 58.982
      vertex -2.73943 -81 59.3701
      vertex -2.73943 -78.5 59.3701
    endloop
  endfacet
  facet normal -0.65934 0 0.751845
    outer loop
      vertex -2.73943 -81 59.3701
      vertex -3.18198 -78.5 58.982
      vertex -3.18198 -81 58.982
    endloop
  endfacet
  facet normal -0.19503 0 0.980797
    outer loop
      vertex -1.16469 -78.5 60.1467
      vertex -0.587367 -81 60.2615
      vertex -0.587367 -78.5 60.2615
    endloop
  endfacet
  facet normal -0.19503 0 0.980797
    outer loop
      vertex -0.587367 -81 60.2615
      vertex -1.16469 -78.5 60.1467
      vertex -1.16469 -81 60.1467
    endloop
  endfacet
  facet normal -0.751873 0 0.659308
    outer loop
      vertex -3.57009 -81 58.5394
      vertex -3.18198 -78.5 58.982
      vertex -3.57009 -78.5 58.5394
    endloop
  endfacet
  facet normal -0.751873 0 0.659308
    outer loop
      vertex -3.18198 -78.5 58.982
      vertex -3.57009 -81 58.5394
      vertex -3.18198 -81 58.982
    endloop
  endfacet
  facet normal -0.946931 0 0.321437
    outer loop
      vertex -4.34667 -81 56.9647
      vertex -4.15746 -78.5 57.5221
      vertex -4.34667 -78.5 56.9647
    endloop
  endfacet
  facet normal -0.946931 0 0.321437
    outer loop
      vertex -4.15746 -78.5 57.5221
      vertex -4.34667 -81 56.9647
      vertex -4.15746 -81 57.5221
    endloop
  endfacet
  facet normal -0.555539 0 -0.831491
    outer loop
      vertex -2.73943 -81 49.8299
      vertex -2.25 -78.5 49.5029
      vertex -2.25 -81 49.5029
    endloop
  endfacet
  facet normal -0.555539 0 -0.831491
    outer loop
      vertex -2.25 -78.5 49.5029
      vertex -2.73943 -81 49.8299
      vertex -2.73943 -78.5 49.8299
    endloop
  endfacet
  facet normal -0.980786 0 -0.195087
    outer loop
      vertex -4.34667 -81 52.2353
      vertex -4.4615 -78.5 52.8126
      vertex -4.34667 -78.5 52.2353
    endloop
  endfacet
  facet normal -0.980786 -0 -0.195087
    outer loop
      vertex -4.4615 -78.5 52.8126
      vertex -4.34667 -81 52.2353
      vertex -4.4615 -81 52.8126
    endloop
  endfacet
  facet normal -0.980786 0 0.195087
    outer loop
      vertex -4.4615 -81 56.3874
      vertex -4.34667 -78.5 56.9647
      vertex -4.4615 -78.5 56.3874
    endloop
  endfacet
  facet normal -0.980786 0 0.195087
    outer loop
      vertex -4.34667 -78.5 56.9647
      vertex -4.4615 -81 56.3874
      vertex -4.34667 -81 56.9647
    endloop
  endfacet
  facet normal -0.0654064 0 0.997859
    outer loop
      vertex -0.587367 -78.5 60.2615
      vertex 0 -81 60.3
      vertex 0 -78.5 60.3
    endloop
  endfacet
  facet normal -0.0654064 0 0.997859
    outer loop
      vertex 0 -81 60.3
      vertex -0.587367 -78.5 60.2615
      vertex -0.587367 -81 60.2615
    endloop
  endfacet
  facet normal -1 0 0
    outer loop
      vertex -4.5 -81 53.4
      vertex -4.5 -78.5 55.8
      vertex -4.5 -78.5 53.4
    endloop
  endfacet
  facet normal -1 -0 0
    outer loop
      vertex -4.5 -78.5 55.8
      vertex -4.5 -81 53.4
      vertex -4.5 -81 55.8
    endloop
  endfacet
  facet normal -0.321432 0 -0.946933
    outer loop
      vertex -1.72207 -81 49.2425
      vertex -1.16469 -78.5 49.0533
      vertex -1.16469 -81 49.0533
    endloop
  endfacet
  facet normal -0.321432 0 -0.946933
    outer loop
      vertex -1.16469 -78.5 49.0533
      vertex -1.72207 -81 49.2425
      vertex -1.72207 -78.5 49.2425
    endloop
  endfacet
  facet normal 1 0 0
    outer loop
      vertex -31.61 -48.6 61.4
      vertex -31.61 -49.8 60.2
      vertex -31.61 -48.6 28.6
    endloop
  endfacet
  facet normal 1 0 0
    outer loop
      vertex -31.61 -48.6 61.4
      vertex -31.61 -70.2 60.2
      vertex -31.61 -49.8 60.2
    endloop
  endfacet
  facet normal 1 0 0
    outer loop
      vertex -31.61 -70.2 60.2
      vertex -31.61 -71.4 61.4
      vertex -31.61 -70.2 29.8
    endloop
  endfacet
  facet normal 1 -0 0
    outer loop
      vertex -31.61 -71.4 61.4
      vertex -31.61 -70.2 60.2
      vertex -31.61 -48.6 61.4
    endloop
  endfacet
  facet normal 1 -0 0
    outer loop
      vertex -31.61 -49.8 29.8
      vertex -31.61 -48.6 28.6
      vertex -31.61 -49.8 60.2
    endloop
  endfacet
  facet normal 1 -0 0
    outer loop
      vertex -31.61 -70.2 29.8
      vertex -31.61 -48.6 28.6
      vertex -31.61 -49.8 29.8
    endloop
  endfacet
  facet normal 1 0 0
    outer loop
      vertex -31.61 -70.2 29.8
      vertex -31.61 -71.4 28.6
      vertex -31.61 -48.6 28.6
    endloop
  endfacet
  facet normal 1 0 0
    outer loop
      vertex -31.61 -71.4 28.6
      vertex -31.61 -70.2 29.8
      vertex -31.61 -71.4 61.4
    endloop
  endfacet
  facet normal 0 -1 0
    outer loop
      vertex -35.6 -71.4 28.6
      vertex -31.61 -71.4 61.4
      vertex -35.6 -71.4 61.4
    endloop
  endfacet
  facet normal 0 -1 -0
    outer loop
      vertex -31.61 -71.4 61.4
      vertex -35.6 -71.4 28.6
      vertex -31.61 -71.4 28.6
    endloop
  endfacet
  facet normal 0 1 -0
    outer loop
      vertex -31.61 -48.6 28.6
      vertex -35.6 -48.6 61.4
      vertex -31.61 -48.6 61.4
    endloop
  endfacet
  facet normal 0 1 0
    outer loop
      vertex -35.6 -48.6 61.4
      vertex -31.61 -48.6 28.6
      vertex -35.6 -48.6 28.6
    endloop
  endfacet
  facet normal -0 0 1
    outer loop
      vertex -35.6 -48.6 61.4
      vertex -31.61 -71.4 61.4
      vertex -31.61 -48.6 61.4
    endloop
  endfacet
  facet normal 0 0 1
    outer loop
      vertex -31.61 -71.4 61.4
      vertex -35.6 -48.6 61.4
      vertex -35.6 -71.4 61.4
    endloop
  endfacet
  facet normal 0 0 -1
    outer loop
      vertex -35.6 -71.4 28.6
      vertex -31.61 -48.6 28.6
      vertex -31.61 -71.4 28.6
    endloop
  endfacet
  facet normal -0 0 -1
    outer loop
      vertex -31.61 -48.6 28.6
      vertex -35.6 -71.4 28.6
      vertex -35.6 -48.6 28.6
    endloop
  endfacet
  facet normal 0 1 -0
    outer loop
      vertex -31.61 -70.2 29.8
      vertex -35.6 -70.2 60.2
      vertex -31.61 -70.2 60.2
    endloop
  endfacet
  facet normal 0 1 0
    outer loop
      vertex -35.6 -70.2 60.2
      vertex -31.61 -70.2 29.8
      vertex -35.6 -70.2 29.8
    endloop
  endfacet
  facet normal 0 -1 0
    outer loop
      vertex -35.6 -49.8 29.8
      vertex -31.61 -49.8 60.2
      vertex -35.6 -49.8 60.2
    endloop
  endfacet
  facet normal 0 -1 -0
    outer loop
      vertex -31.61 -49.8 60.2
      vertex -35.6 -49.8 29.8
      vertex -31.61 -49.8 29.8
    endloop
  endfacet
  facet normal 0 0 -1
    outer loop
      vertex -35.6 -70.2 60.2
      vertex -31.61 -49.8 60.2
      vertex -31.61 -70.2 60.2
    endloop
  endfacet
  facet normal -0 0 -1
    outer loop
      vertex -31.61 -49.8 60.2
      vertex -35.6 -70.2 60.2
      vertex -35.6 -49.8 60.2
    endloop
  endfacet
  facet normal -0 0 1
    outer loop
      vertex -35.6 -49.8 29.8
      vertex -31.61 -70.2 29.8
      vertex -31.61 -49.8 29.8
    endloop
  endfacet
  facet normal 0 0 1
    outer loop
      vertex -31.61 -70.2 29.8
      vertex -35.6 -49.8 29.8
      vertex -35.6 -70.2 29.8
    endloop
  endfacet
  facet normal 0.442356 0 0.896839
    outer loop
      vertex -24.125 -80.61 20.2443
      vertex -23.9549 -84 20.1604
      vertex -23.9549 -80.61 20.1604
    endloop
  endfacet
  facet normal 0.442356 0 0.896839
    outer loop
      vertex -23.9549 -84 20.1604
      vertex -24.125 -80.61 20.2443
      vertex -24.125 -84 20.2443
    endloop
  endfacet
  facet normal 0.751727 -0 0.659474
    outer loop
      vertex -24.5504 -84 20.6173
      vertex -24.4253 -80.61 20.4747
      vertex -24.5504 -80.61 20.6173
    endloop
  endfacet
  facet normal 0.751727 0 0.659474
    outer loop
      vertex -24.4253 -80.61 20.4747
      vertex -24.5504 -84 20.6173
      vertex -24.4253 -84 20.4747
    endloop
  endfacet
  facet normal 1 -0 0
    outer loop
      vertex -24.85 -84 23.9
      vertex -24.85 -80.61 21.5
      vertex -24.85 -80.61 23.9
    endloop
  endfacet
  facet normal 1 0 0
    outer loop
      vertex -24.85 -80.61 21.5
      vertex -24.85 -84 23.9
      vertex -24.85 -84 21.5
    endloop
  endfacet
  facet normal 0.555309 0 -0.831644
    outer loop
      vertex -24.2827 -84 25.0504
      vertex -24.125 -80.61 25.1557
      vertex -24.125 -84 25.1557
    endloop
  endfacet
  facet normal 0.555309 0 -0.831644
    outer loop
      vertex -24.125 -80.61 25.1557
      vertex -24.2827 -84 25.0504
      vertex -24.2827 -80.61 25.0504
    endloop
  endfacet
  facet normal -0.997861 0 0.0653644
    outer loop
      vertex -21.9624 -84 21.3107
      vertex -21.95 -80.61 21.5
      vertex -21.9624 -80.61 21.3107
    endloop
  endfacet
  facet normal -0.997861 0 0.0653644
    outer loop
      vertex -21.95 -80.61 21.5
      vertex -21.9624 -84 21.3107
      vertex -21.95 -84 21.5
    endloop
  endfacet
  facet normal -0.3216 0 0.946876
    outer loop
      vertex -23.0247 -80.61 20.0994
      vertex -22.8451 -84 20.1604
      vertex -22.8451 -80.61 20.1604
    endloop
  endfacet
  facet normal -0.3216 0 0.946876
    outer loop
      vertex -22.8451 -84 20.1604
      vertex -23.0247 -80.61 20.0994
      vertex -23.0247 -84 20.0994
    endloop
  endfacet
  facet normal -0.896839 0 0.442356
    outer loop
      vertex -22.1443 -84 20.775
      vertex -22.0604 -80.61 20.9451
      vertex -22.1443 -80.61 20.775
    endloop
  endfacet
  facet normal -0.896839 0 0.442356
    outer loop
      vertex -22.0604 -80.61 20.9451
      vertex -22.1443 -84 20.775
      vertex -22.0604 -84 20.9451
    endloop
  endfacet
  facet normal 0.195102 0 0.980783
    outer loop
      vertex -23.7753 -80.61 20.0994
      vertex -23.5893 -84 20.0624
      vertex -23.5893 -80.61 20.0624
    endloop
  endfacet
  facet normal 0.195102 0 0.980783
    outer loop
      vertex -23.5893 -84 20.0624
      vertex -23.7753 -80.61 20.0994
      vertex -23.7753 -84 20.0994
    endloop
  endfacet
  facet normal -0.997861 0 -0.0653644
    outer loop
      vertex -21.95 -84 23.9
      vertex -21.9624 -80.61 24.0893
      vertex -21.95 -80.61 23.9
    endloop
  endfacet
  facet normal -0.997861 -0 -0.0653644
    outer loop
      vertex -21.9624 -80.61 24.0893
      vertex -21.95 -84 23.9
      vertex -21.9624 -84 24.0893
    endloop
  endfacet
  facet normal -1 0 0
    outer loop
      vertex -21.95 -84 21.5
      vertex -21.95 -80.61 23.9
      vertex -21.95 -80.61 21.5
    endloop
  endfacet
  facet normal -1 -0 0
    outer loop
      vertex -21.95 -80.61 23.9
      vertex -21.95 -84 21.5
      vertex -21.95 -84 23.9
    endloop
  endfacet
  facet normal -0.946876 0 0.3216
    outer loop
      vertex -22.0604 -84 20.9451
      vertex -21.9994 -80.61 21.1247
      vertex -22.0604 -80.61 20.9451
    endloop
  endfacet
  facet normal -0.946876 0 0.3216
    outer loop
      vertex -21.9994 -80.61 21.1247
      vertex -22.0604 -84 20.9451
      vertex -21.9994 -84 21.1247
    endloop
  endfacet
  facet normal 0.659474 0 -0.751727
    outer loop
      vertex -24.4253 -84 24.9253
      vertex -24.2827 -80.61 25.0504
      vertex -24.2827 -84 25.0504
    endloop
  endfacet
  facet normal 0.659474 0 -0.751727
    outer loop
      vertex -24.2827 -80.61 25.0504
      vertex -24.4253 -84 24.9253
      vertex -24.4253 -80.61 24.9253
    endloop
  endfacet
  facet normal -0.831644 0 0.555309
    outer loop
      vertex -22.2496 -84 20.6173
      vertex -22.1443 -80.61 20.775
      vertex -22.2496 -80.61 20.6173
    endloop
  endfacet
  facet normal -0.831644 0 0.555309
    outer loop
      vertex -22.1443 -80.61 20.775
      vertex -22.2496 -84 20.6173
      vertex -22.1443 -84 20.775
    endloop
  endfacet
  facet normal 0.0653644 0 -0.997861
    outer loop
      vertex -23.5893 -84 25.3376
      vertex -23.4 -80.61 25.35
      vertex -23.4 -84 25.35
    endloop
  endfacet
  facet normal 0.0653644 0 -0.997861
    outer loop
      vertex -23.4 -80.61 25.35
      vertex -23.5893 -84 25.3376
      vertex -23.5893 -80.61 25.3376
    endloop
  endfacet
  facet normal 0.659474 0 0.751727
    outer loop
      vertex -24.4253 -80.61 20.4747
      vertex -24.2827 -84 20.3496
      vertex -24.2827 -80.61 20.3496
    endloop
  endfacet
  facet normal 0.659474 0 0.751727
    outer loop
      vertex -24.2827 -84 20.3496
      vertex -24.4253 -80.61 20.4747
      vertex -24.4253 -84 20.4747
    endloop
  endfacet
  facet normal -0.751727 0 0.659474
    outer loop
      vertex -22.3747 -84 20.4747
      vertex -22.2496 -80.61 20.6173
      vertex -22.3747 -80.61 20.4747
    endloop
  endfacet
  facet normal -0.751727 0 0.659474
    outer loop
      vertex -22.2496 -80.61 20.6173
      vertex -22.3747 -84 20.4747
      vertex -22.2496 -84 20.6173
    endloop
  endfacet
  facet normal -0.442356 0 0.896839
    outer loop
      vertex -22.8451 -80.61 20.1604
      vertex -22.675 -84 20.2443
      vertex -22.675 -80.61 20.2443
    endloop
  endfacet
  facet normal -0.442356 0 0.896839
    outer loop
      vertex -22.675 -84 20.2443
      vertex -22.8451 -80.61 20.1604
      vertex -22.8451 -84 20.1604
    endloop
  endfacet
  facet normal -0.831644 0 -0.555309
    outer loop
      vertex -22.1443 -84 24.625
      vertex -22.2496 -80.61 24.7827
      vertex -22.1443 -80.61 24.625
    endloop
  endfacet
  facet normal -0.831644 -0 -0.555309
    outer loop
      vertex -22.2496 -80.61 24.7827
      vertex -22.1443 -84 24.625
      vertex -22.2496 -84 24.7827
    endloop
  endfacet
  facet normal -0.442356 0 -0.896839
    outer loop
      vertex -22.8451 -84 25.2396
      vertex -22.675 -80.61 25.1557
      vertex -22.675 -84 25.1557
    endloop
  endfacet
  facet normal -0.442356 0 -0.896839
    outer loop
      vertex -22.675 -80.61 25.1557
      vertex -22.8451 -84 25.2396
      vertex -22.8451 -80.61 25.2396
    endloop
  endfacet
  facet normal -0.555309 0 -0.831644
    outer loop
      vertex -22.675 -84 25.1557
      vertex -22.5173 -80.61 25.0504
      vertex -22.5173 -84 25.0504
    endloop
  endfacet
  facet normal -0.555309 0 -0.831644
    outer loop
      vertex -22.5173 -80.61 25.0504
      vertex -22.675 -84 25.1557
      vertex -22.675 -80.61 25.1557
    endloop
  endfacet
  facet normal -0.0653644 0 0.997861
    outer loop
      vertex -23.4 -80.61 20.05
      vertex -23.2107 -84 20.0624
      vertex -23.2107 -80.61 20.0624
    endloop
  endfacet
  facet normal -0.0653644 0 0.997861
    outer loop
      vertex -23.2107 -84 20.0624
      vertex -23.4 -80.61 20.05
      vertex -23.4 -84 20.05
    endloop
  endfacet
  facet normal -0.980783 0 0.195102
    outer loop
      vertex -21.9994 -84 21.1247
      vertex -21.9624 -80.61 21.3107
      vertex -21.9994 -80.61 21.1247
    endloop
  endfacet
  facet normal -0.980783 0 0.195102
    outer loop
      vertex -21.9624 -80.61 21.3107
      vertex -21.9994 -84 21.1247
      vertex -21.9624 -84 21.3107
    endloop
  endfacet
  facet normal -0.659474 0 -0.751727
    outer loop
      vertex -22.5173 -84 25.0504
      vertex -22.3747 -80.61 24.9253
      vertex -22.3747 -84 24.9253
    endloop
  endfacet
  facet normal -0.659474 0 -0.751727
    outer loop
      vertex -22.3747 -80.61 24.9253
      vertex -22.5173 -84 25.0504
      vertex -22.5173 -80.61 25.0504
    endloop
  endfacet
  facet normal 0.0653644 0 0.997861
    outer loop
      vertex -23.5893 -80.61 20.0624
      vertex -23.4 -84 20.05
      vertex -23.4 -80.61 20.05
    endloop
  endfacet
  facet normal 0.0653644 0 0.997861
    outer loop
      vertex -23.4 -84 20.05
      vertex -23.5893 -80.61 20.0624
      vertex -23.5893 -84 20.0624
    endloop
  endfacet
  facet normal 0.442356 0 -0.896839
    outer loop
      vertex -24.125 -84 25.1557
      vertex -23.9549 -80.61 25.2396
      vertex -23.9549 -84 25.2396
    endloop
  endfacet
  facet normal 0.442356 0 -0.896839
    outer loop
      vertex -23.9549 -80.61 25.2396
      vertex -24.125 -84 25.1557
      vertex -24.125 -80.61 25.1557
    endloop
  endfacet
  facet normal 0.3216 0 -0.946876
    outer loop
      vertex -23.9549 -84 25.2396
      vertex -23.7753 -80.61 25.3006
      vertex -23.7753 -84 25.3006
    endloop
  endfacet
  facet normal 0.3216 0 -0.946876
    outer loop
      vertex -23.7753 -80.61 25.3006
      vertex -23.9549 -84 25.2396
      vertex -23.9549 -80.61 25.2396
    endloop
  endfacet
  facet normal 0.896839 -0 0.442356
    outer loop
      vertex -24.7396 -84 20.9451
      vertex -24.6557 -80.61 20.775
      vertex -24.7396 -80.61 20.9451
    endloop
  endfacet
  facet normal 0.896839 0 0.442356
    outer loop
      vertex -24.6557 -80.61 20.775
      vertex -24.7396 -84 20.9451
      vertex -24.6557 -84 20.775
    endloop
  endfacet
  facet normal 0.751727 0 -0.659474
    outer loop
      vertex -24.4253 -84 24.9253
      vertex -24.5504 -80.61 24.7827
      vertex -24.4253 -80.61 24.9253
    endloop
  endfacet
  facet normal 0.751727 0 -0.659474
    outer loop
      vertex -24.5504 -80.61 24.7827
      vertex -24.4253 -84 24.9253
      vertex -24.5504 -84 24.7827
    endloop
  endfacet
  facet normal 0.831644 0 -0.555309
    outer loop
      vertex -24.5504 -84 24.7827
      vertex -24.6557 -80.61 24.625
      vertex -24.5504 -80.61 24.7827
    endloop
  endfacet
  facet normal 0.831644 0 -0.555309
    outer loop
      vertex -24.6557 -80.61 24.625
      vertex -24.5504 -84 24.7827
      vertex -24.6557 -84 24.625
    endloop
  endfacet
  facet normal -0.751727 0 -0.659474
    outer loop
      vertex -22.2496 -84 24.7827
      vertex -22.3747 -80.61 24.9253
      vertex -22.2496 -80.61 24.7827
    endloop
  endfacet
  facet normal -0.751727 -0 -0.659474
    outer loop
      vertex -22.3747 -80.61 24.9253
      vertex -22.2496 -84 24.7827
      vertex -22.3747 -84 24.9253
    endloop
  endfacet
  facet normal -0.659474 0 0.751727
    outer loop
      vertex -22.5173 -80.61 20.3496
      vertex -22.3747 -84 20.4747
      vertex -22.3747 -80.61 20.4747
    endloop
  endfacet
  facet normal -0.659474 0 0.751727
    outer loop
      vertex -22.3747 -84 20.4747
      vertex -22.5173 -80.61 20.3496
      vertex -22.5173 -84 20.3496
    endloop
  endfacet
  facet normal -0.555309 0 0.831644
    outer loop
      vertex -22.675 -80.61 20.2443
      vertex -22.5173 -84 20.3496
      vertex -22.5173 -80.61 20.3496
    endloop
  endfacet
  facet normal -0.555309 0 0.831644
    outer loop
      vertex -22.5173 -84 20.3496
      vertex -22.675 -80.61 20.2443
      vertex -22.675 -84 20.2443
    endloop
  endfacet
  facet normal 0.980783 -0 0.195102
    outer loop
      vertex -24.8376 -84 21.3107
      vertex -24.8006 -80.61 21.1247
      vertex -24.8376 -80.61 21.3107
    endloop
  endfacet
  facet normal 0.980783 0 0.195102
    outer loop
      vertex -24.8006 -80.61 21.1247
      vertex -24.8376 -84 21.3107
      vertex -24.8006 -84 21.1247
    endloop
  endfacet
  facet normal -0.195102 0 -0.980783
    outer loop
      vertex -23.2107 -84 25.3376
      vertex -23.0247 -80.61 25.3006
      vertex -23.0247 -84 25.3006
    endloop
  endfacet
  facet normal -0.195102 0 -0.980783
    outer loop
      vertex -23.0247 -80.61 25.3006
      vertex -23.2107 -84 25.3376
      vertex -23.2107 -80.61 25.3376
    endloop
  endfacet
  facet normal 0.3216 0 0.946876
    outer loop
      vertex -23.9549 -80.61 20.1604
      vertex -23.7753 -84 20.0994
      vertex -23.7753 -80.61 20.0994
    endloop
  endfacet
  facet normal 0.3216 0 0.946876
    outer loop
      vertex -23.7753 -84 20.0994
      vertex -23.9549 -80.61 20.1604
      vertex -23.9549 -84 20.1604
    endloop
  endfacet
  facet normal 0.997861 -0 0.0653644
    outer loop
      vertex -24.85 -84 21.5
      vertex -24.8376 -80.61 21.3107
      vertex -24.85 -80.61 21.5
    endloop
  endfacet
  facet normal 0.997861 0 0.0653644
    outer loop
      vertex -24.8376 -80.61 21.3107
      vertex -24.85 -84 21.5
      vertex -24.8376 -84 21.3107
    endloop
  endfacet
  facet normal -0.896839 0 -0.442356
    outer loop
      vertex -22.0604 -84 24.4549
      vertex -22.1443 -80.61 24.625
      vertex -22.0604 -80.61 24.4549
    endloop
  endfacet
  facet normal -0.896839 -0 -0.442356
    outer loop
      vertex -22.1443 -80.61 24.625
      vertex -22.0604 -84 24.4549
      vertex -22.1443 -84 24.625
    endloop
  endfacet
  facet normal -0.980783 0 -0.195102
    outer loop
      vertex -21.9624 -84 24.0893
      vertex -21.9994 -80.61 24.2753
      vertex -21.9624 -80.61 24.0893
    endloop
  endfacet
  facet normal -0.980783 -0 -0.195102
    outer loop
      vertex -21.9994 -80.61 24.2753
      vertex -21.9624 -84 24.0893
      vertex -21.9994 -84 24.2753
    endloop
  endfacet
  facet normal 0.195102 0 -0.980783
    outer loop
      vertex -23.7753 -84 25.3006
      vertex -23.5893 -80.61 25.3376
      vertex -23.5893 -84 25.3376
    endloop
  endfacet
  facet normal 0.195102 0 -0.980783
    outer loop
      vertex -23.5893 -80.61 25.3376
      vertex -23.7753 -84 25.3006
      vertex -23.7753 -80.61 25.3006
    endloop
  endfacet
  facet normal 0.555309 0 0.831644
    outer loop
      vertex -24.2827 -80.61 20.3496
      vertex -24.125 -84 20.2443
      vertex -24.125 -80.61 20.2443
    endloop
  endfacet
  facet normal 0.555309 0 0.831644
    outer loop
      vertex -24.125 -84 20.2443
      vertex -24.2827 -80.61 20.3496
      vertex -24.2827 -84 20.3496
    endloop
  endfacet
  facet normal -0.195102 0 0.980783
    outer loop
      vertex -23.2107 -80.61 20.0624
      vertex -23.0247 -84 20.0994
      vertex -23.0247 -80.61 20.0994
    endloop
  endfacet
  facet normal -0.195102 0 0.980783
    outer loop
      vertex -23.0247 -84 20.0994
      vertex -23.2107 -80.61 20.0624
      vertex -23.2107 -84 20.0624
    endloop
  endfacet
  facet normal 0.946876 0 -0.3216
    outer loop
      vertex -24.7396 -84 24.4549
      vertex -24.8006 -80.61 24.2753
      vertex -24.7396 -80.61 24.4549
    endloop
  endfacet
  facet normal 0.946876 0 -0.3216
    outer loop
      vertex -24.8006 -80.61 24.2753
      vertex -24.7396 -84 24.4549
      vertex -24.8006 -84 24.2753
    endloop
  endfacet
  facet normal 0.946876 -0 0.3216
    outer loop
      vertex -24.8006 -84 21.1247
      vertex -24.7396 -80.61 20.9451
      vertex -24.8006 -80.61 21.1247
    endloop
  endfacet
  facet normal 0.946876 0 0.3216
    outer loop
      vertex -24.7396 -80.61 20.9451
      vertex -24.8006 -84 21.1247
      vertex -24.7396 -84 20.9451
    endloop
  endfacet
  facet normal -0.946876 0 -0.3216
    outer loop
      vertex -21.9994 -84 24.2753
      vertex -22.0604 -80.61 24.4549
      vertex -21.9994 -80.61 24.2753
    endloop
  endfacet
  facet normal -0.946876 -0 -0.3216
    outer loop
      vertex -22.0604 -80.61 24.4549
      vertex -21.9994 -84 24.2753
      vertex -22.0604 -84 24.4549
    endloop
  endfacet
  facet normal 0.980783 0 -0.195102
    outer loop
      vertex -24.8006 -84 24.2753
      vertex -24.8376 -80.61 24.0893
      vertex -24.8006 -80.61 24.2753
    endloop
  endfacet
  facet normal 0.980783 0 -0.195102
    outer loop
      vertex -24.8376 -80.61 24.0893
      vertex -24.8006 -84 24.2753
      vertex -24.8376 -84 24.0893
    endloop
  endfacet
  facet normal 0.831644 -0 0.555309
    outer loop
      vertex -24.6557 -84 20.775
      vertex -24.5504 -80.61 20.6173
      vertex -24.6557 -80.61 20.775
    endloop
  endfacet
  facet normal 0.831644 0 0.555309
    outer loop
      vertex -24.5504 -80.61 20.6173
      vertex -24.6557 -84 20.775
      vertex -24.5504 -84 20.6173
    endloop
  endfacet
  facet normal 0.997861 0 -0.0653644
    outer loop
      vertex -24.8376 -84 24.0893
      vertex -24.85 -80.61 23.9
      vertex -24.8376 -80.61 24.0893
    endloop
  endfacet
  facet normal 0.997861 0 -0.0653644
    outer loop
      vertex -24.85 -80.61 23.9
      vertex -24.8376 -84 24.0893
      vertex -24.85 -84 23.9
    endloop
  endfacet
  facet normal 0.896839 0 -0.442356
    outer loop
      vertex -24.6557 -84 24.625
      vertex -24.7396 -80.61 24.4549
      vertex -24.6557 -80.61 24.625
    endloop
  endfacet
  facet normal 0.896839 0 -0.442356
    outer loop
      vertex -24.7396 -80.61 24.4549
      vertex -24.6557 -84 24.625
      vertex -24.7396 -84 24.4549
    endloop
  endfacet
  facet normal -0.0653644 0 -0.997861
    outer loop
      vertex -23.4 -84 25.35
      vertex -23.2107 -80.61 25.3376
      vertex -23.2107 -84 25.3376
    endloop
  endfacet
  facet normal -0.0653644 0 -0.997861
    outer loop
      vertex -23.2107 -80.61 25.3376
      vertex -23.4 -84 25.35
      vertex -23.4 -80.61 25.35
    endloop
  endfacet
  facet normal -0.3216 0 -0.946876
    outer loop
      vertex -23.0247 -84 25.3006
      vertex -22.8451 -80.61 25.2396
      vertex -22.8451 -84 25.2396
    endloop
  endfacet
  facet normal -0.3216 0 -0.946876
    outer loop
      vertex -22.8451 -80.61 25.2396
      vertex -23.0247 -84 25.3006
      vertex -23.0247 -80.61 25.3006
    endloop
  endfacet
  facet normal 0 0 -1
    outer loop
      vertex -24.93 -80.61 26.55
      vertex -21.87 -78.5 26.55
      vertex -21.87 -80.61 26.55
    endloop
  endfacet
  facet normal -0 0 -1
    outer loop
      vertex -21.87 -78.5 26.55
      vertex -24.93 -80.61 26.55
      vertex -24.93 -78.5 26.55
    endloop
  endfacet
  facet normal 0.866022 0 -0.500005
    outer loop
      vertex -24.93 -80.61 26.55
      vertex -26.46 -78.5 23.9
      vertex -24.93 -78.5 26.55
    endloop
  endfacet
  facet normal 0.866022 0 -0.500005
    outer loop
      vertex -26.46 -78.5 23.9
      vertex -24.93 -80.61 26.55
      vertex -26.46 -80.61 23.9
    endloop
  endfacet
  facet normal -0.866022 0 -0.500005
    outer loop
      vertex -20.34 -80.61 23.9
      vertex -21.87 -78.5 26.55
      vertex -20.34 -78.5 23.9
    endloop
  endfacet
  facet normal -0.866022 -0 -0.500005
    outer loop
      vertex -21.87 -78.5 26.55
      vertex -20.34 -80.61 23.9
      vertex -21.87 -80.61 26.55
    endloop
  endfacet
  facet normal -1 0 0
    outer loop
      vertex -20.34 -80.61 21.5
      vertex -20.34 -78.5 23.9
      vertex -20.34 -78.5 21.5
    endloop
  endfacet
  facet normal -1 -0 0
    outer loop
      vertex -20.34 -78.5 23.9
      vertex -20.34 -80.61 21.5
      vertex -20.34 -80.61 23.9
    endloop
  endfacet
  facet normal -0.866022 0 0.500005
    outer loop
      vertex -21.87 -80.61 18.85
      vertex -20.34 -78.5 21.5
      vertex -21.87 -78.5 18.85
    endloop
  endfacet
  facet normal -0.866022 0 0.500005
    outer loop
      vertex -20.34 -78.5 21.5
      vertex -21.87 -80.61 18.85
      vertex -20.34 -80.61 21.5
    endloop
  endfacet
  facet normal -0 0 1
    outer loop
      vertex -24.93 -78.5 18.85
      vertex -21.87 -80.61 18.85
      vertex -21.87 -78.5 18.85
    endloop
  endfacet
  facet normal 0 0 1
    outer loop
      vertex -21.87 -80.61 18.85
      vertex -24.93 -78.5 18.85
      vertex -24.93 -80.61 18.85
    endloop
  endfacet
  facet normal 1 -0 0
    outer loop
      vertex -26.46 -80.61 23.9
      vertex -26.46 -78.5 21.5
      vertex -26.46 -78.5 23.9
    endloop
  endfacet
  facet normal 1 0 0
    outer loop
      vertex -26.46 -78.5 21.5
      vertex -26.46 -80.61 23.9
      vertex -26.46 -80.61 21.5
    endloop
  endfacet
  facet normal 0.866022 -0 0.500005
    outer loop
      vertex -26.46 -80.61 21.5
      vertex -24.93 -78.5 18.85
      vertex -26.46 -78.5 21.5
    endloop
  endfacet
  facet normal 0.866022 0 0.500005
    outer loop
      vertex -24.93 -78.5 18.85
      vertex -26.46 -80.61 21.5
      vertex -24.93 -80.61 18.85
    endloop
  endfacet
  facet normal 0 1 0
    outer loop
      vertex -21.87 -80.61 26.55
      vertex -23.4 -80.61 25.35
      vertex -24.93 -80.61 26.55
    endloop
  endfacet
  facet normal 0 1 0
    outer loop
      vertex -21.87 -80.61 26.55
      vertex -23.2107 -80.61 25.3376
      vertex -23.4 -80.61 25.35
    endloop
  endfacet
  facet normal 0 1 0
    outer loop
      vertex -21.87 -80.61 26.55
      vertex -23.0247 -80.61 25.3006
      vertex -23.2107 -80.61 25.3376
    endloop
  endfacet
  facet normal 0 1 0
    outer loop
      vertex -21.87 -80.61 26.55
      vertex -22.8451 -80.61 25.2396
      vertex -23.0247 -80.61 25.3006
    endloop
  endfacet
  facet normal 0 1 0
    outer loop
      vertex -21.87 -80.61 26.55
      vertex -22.675 -80.61 25.1557
      vertex -22.8451 -80.61 25.2396
    endloop
  endfacet
  facet normal 0 1 0
    outer loop
      vertex -21.87 -80.61 26.55
      vertex -22.5173 -80.61 25.0504
      vertex -22.675 -80.61 25.1557
    endloop
  endfacet
  facet normal 0 1 0
    outer loop
      vertex -21.87 -80.61 26.55
      vertex -22.3747 -80.61 24.9253
      vertex -22.5173 -80.61 25.0504
    endloop
  endfacet
  facet normal 0 1 0
    outer loop
      vertex -21.87 -80.61 26.55
      vertex -22.2496 -80.61 24.7827
      vertex -22.3747 -80.61 24.9253
    endloop
  endfacet
  facet normal 0 1 0
    outer loop
      vertex -21.87 -80.61 26.55
      vertex -22.1443 -80.61 24.625
      vertex -22.2496 -80.61 24.7827
    endloop
  endfacet
  facet normal 0 1 0
    outer loop
      vertex -20.34 -80.61 23.9
      vertex -22.1443 -80.61 24.625
      vertex -21.87 -80.61 26.55
    endloop
  endfacet
  facet normal 0 1 0
    outer loop
      vertex -22.1443 -80.61 24.625
      vertex -20.34 -80.61 23.9
      vertex -22.0604 -80.61 24.4549
    endloop
  endfacet
  facet normal 0 1 0
    outer loop
      vertex -22.0604 -80.61 24.4549
      vertex -20.34 -80.61 23.9
      vertex -21.9994 -80.61 24.2753
    endloop
  endfacet
  facet normal 0 1 0
    outer loop
      vertex -21.9994 -80.61 24.2753
      vertex -20.34 -80.61 23.9
      vertex -21.9624 -80.61 24.0893
    endloop
  endfacet
  facet normal 0 1 0
    outer loop
      vertex -20.34 -80.61 23.9
      vertex -21.95 -80.61 23.9
      vertex -21.9624 -80.61 24.0893
    endloop
  endfacet
  facet normal 0 1 -0
    outer loop
      vertex -20.34 -80.61 21.5
      vertex -21.95 -80.61 23.9
      vertex -20.34 -80.61 23.9
    endloop
  endfacet
  facet normal 0 1 0
    outer loop
      vertex -20.34 -80.61 21.5
      vertex -21.95 -80.61 21.5
      vertex -21.95 -80.61 23.9
    endloop
  endfacet
  facet normal 0 1 0
    outer loop
      vertex -20.34 -80.61 21.5
      vertex -21.9624 -80.61 21.3107
      vertex -21.95 -80.61 21.5
    endloop
  endfacet
  facet normal 0 1 0
    outer loop
      vertex -20.34 -80.61 21.5
      vertex -21.9994 -80.61 21.1247
      vertex -21.9624 -80.61 21.3107
    endloop
  endfacet
  facet normal 0 1 0
    outer loop
      vertex -20.34 -80.61 21.5
      vertex -22.0604 -80.61 20.9451
      vertex -21.9994 -80.61 21.1247
    endloop
  endfacet
  facet normal 0 1 0
    outer loop
      vertex -20.34 -80.61 21.5
      vertex -22.1443 -80.61 20.775
      vertex -22.0604 -80.61 20.9451
    endloop
  endfacet
  facet normal 0 1 -0
    outer loop
      vertex -21.87 -80.61 18.85
      vertex -22.1443 -80.61 20.775
      vertex -20.34 -80.61 21.5
    endloop
  endfacet
  facet normal 0 1 0
    outer loop
      vertex -22.1443 -80.61 20.775
      vertex -21.87 -80.61 18.85
      vertex -22.2496 -80.61 20.6173
    endloop
  endfacet
  facet normal 0 1 0
    outer loop
      vertex -22.2496 -80.61 20.6173
      vertex -21.87 -80.61 18.85
      vertex -22.3747 -80.61 20.4747
    endloop
  endfacet
  facet normal 0 1 0
    outer loop
      vertex -22.3747 -80.61 20.4747
      vertex -21.87 -80.61 18.85
      vertex -22.5173 -80.61 20.3496
    endloop
  endfacet
  facet normal 0 1 0
    outer loop
      vertex -23.2107 -80.61 20.0624
      vertex -21.87 -80.61 18.85
      vertex -23.4 -80.61 20.05
    endloop
  endfacet
  facet normal 0 1 0
    outer loop
      vertex -23.0247 -80.61 20.0994
      vertex -21.87 -80.61 18.85
      vertex -23.2107 -80.61 20.0624
    endloop
  endfacet
  facet normal 0 1 0
    outer loop
      vertex -22.8451 -80.61 20.1604
      vertex -21.87 -80.61 18.85
      vertex -23.0247 -80.61 20.0994
    endloop
  endfacet
  facet normal 0 1 0
    outer loop
      vertex -22.675 -80.61 20.2443
      vertex -21.87 -80.61 18.85
      vertex -22.8451 -80.61 20.1604
    endloop
  endfacet
  facet normal 0 1 0
    outer loop
      vertex -22.5173 -80.61 20.3496
      vertex -21.87 -80.61 18.85
      vertex -22.675 -80.61 20.2443
    endloop
  endfacet
  facet normal 0 1 -0
    outer loop
      vertex -23.5893 -80.61 25.3376
      vertex -24.93 -80.61 26.55
      vertex -23.4 -80.61 25.35
    endloop
  endfacet
  facet normal 0 1 -0
    outer loop
      vertex -23.7753 -80.61 25.3006
      vertex -24.93 -80.61 26.55
      vertex -23.5893 -80.61 25.3376
    endloop
  endfacet
  facet normal 0 1 -0
    outer loop
      vertex -23.9549 -80.61 25.2396
      vertex -24.93 -80.61 26.55
      vertex -23.7753 -80.61 25.3006
    endloop
  endfacet
  facet normal 0 1 -0
    outer loop
      vertex -24.125 -80.61 25.1557
      vertex -24.93 -80.61 26.55
      vertex -23.9549 -80.61 25.2396
    endloop
  endfacet
  facet normal 0 1 -0
    outer loop
      vertex -24.2827 -80.61 25.0504
      vertex -24.93 -80.61 26.55
      vertex -24.125 -80.61 25.1557
    endloop
  endfacet
  facet normal 0 1 -0
    outer loop
      vertex -24.4253 -80.61 24.9253
      vertex -24.93 -80.61 26.55
      vertex -24.2827 -80.61 25.0504
    endloop
  endfacet
  facet normal 0 1 -0
    outer loop
      vertex -24.5504 -80.61 24.7827
      vertex -24.93 -80.61 26.55
      vertex -24.4253 -80.61 24.9253
    endloop
  endfacet
  facet normal 0 1 -0
    outer loop
      vertex -24.6557 -80.61 24.625
      vertex -24.93 -80.61 26.55
      vertex -24.5504 -80.61 24.7827
    endloop
  endfacet
  facet normal 0 1 0
    outer loop
      vertex -26.46 -80.61 23.9
      vertex -24.6557 -80.61 24.625
      vertex -24.7396 -80.61 24.4549
    endloop
  endfacet
  facet normal 0 1 0
    outer loop
      vertex -26.46 -80.61 23.9
      vertex -24.7396 -80.61 24.4549
      vertex -24.8006 -80.61 24.2753
    endloop
  endfacet
  facet normal 0 1 0
    outer loop
      vertex -26.46 -80.61 23.9
      vertex -24.8006 -80.61 24.2753
      vertex -24.8376 -80.61 24.0893
    endloop
  endfacet
  facet normal 0 1 0
    outer loop
      vertex -26.46 -80.61 23.9
      vertex -24.8376 -80.61 24.0893
      vertex -24.85 -80.61 23.9
    endloop
  endfacet
  facet normal 0 1 0
    outer loop
      vertex -24.6557 -80.61 24.625
      vertex -26.46 -80.61 23.9
      vertex -24.93 -80.61 26.55
    endloop
  endfacet
  facet normal 0 1 -0
    outer loop
      vertex -24.85 -80.61 21.5
      vertex -26.46 -80.61 23.9
      vertex -24.85 -80.61 23.9
    endloop
  endfacet
  facet normal 0 1 0
    outer loop
      vertex -24.85 -80.61 21.5
      vertex -26.46 -80.61 21.5
      vertex -26.46 -80.61 23.9
    endloop
  endfacet
  facet normal 0 1 0
    outer loop
      vertex -24.8376 -80.61 21.3107
      vertex -26.46 -80.61 21.5
      vertex -24.85 -80.61 21.5
    endloop
  endfacet
  facet normal 0 1 0
    outer loop
      vertex -24.8006 -80.61 21.1247
      vertex -26.46 -80.61 21.5
      vertex -24.8376 -80.61 21.3107
    endloop
  endfacet
  facet normal 0 1 0
    outer loop
      vertex -24.7396 -80.61 20.9451
      vertex -26.46 -80.61 21.5
      vertex -24.8006 -80.61 21.1247
    endloop
  endfacet
  facet normal 0 1 0
    outer loop
      vertex -24.6557 -80.61 20.775
      vertex -26.46 -80.61 21.5
      vertex -24.7396 -80.61 20.9451
    endloop
  endfacet
  facet normal 0 1 0
    outer loop
      vertex -24.93 -80.61 18.85
      vertex -24.6557 -80.61 20.775
      vertex -24.5504 -80.61 20.6173
    endloop
  endfacet
  facet normal 0 1 0
    outer loop
      vertex -24.93 -80.61 18.85
      vertex -24.5504 -80.61 20.6173
      vertex -24.4253 -80.61 20.4747
    endloop
  endfacet
  facet normal 0 1 0
    outer loop
      vertex -24.93 -80.61 18.85
      vertex -24.4253 -80.61 20.4747
      vertex -24.2827 -80.61 20.3496
    endloop
  endfacet
  facet normal 0 1 0
    outer loop
      vertex -24.93 -80.61 18.85
      vertex -24.2827 -80.61 20.3496
      vertex -24.125 -80.61 20.2443
    endloop
  endfacet
  facet normal 0 1 0
    outer loop
      vertex -24.93 -80.61 18.85
      vertex -23.4 -80.61 20.05
      vertex -21.87 -80.61 18.85
    endloop
  endfacet
  facet normal 0 1 0
    outer loop
      vertex -23.4 -80.61 20.05
      vertex -24.93 -80.61 18.85
      vertex -23.5893 -80.61 20.0624
    endloop
  endfacet
  facet normal 0 1 0
    outer loop
      vertex -23.5893 -80.61 20.0624
      vertex -24.93 -80.61 18.85
      vertex -23.7753 -80.61 20.0994
    endloop
  endfacet
  facet normal 0 1 0
    outer loop
      vertex -23.7753 -80.61 20.0994
      vertex -24.93 -80.61 18.85
      vertex -23.9549 -80.61 20.1604
    endloop
  endfacet
  facet normal 0 1 0
    outer loop
      vertex -23.9549 -80.61 20.1604
      vertex -24.93 -80.61 18.85
      vertex -24.125 -80.61 20.2443
    endloop
  endfacet
  facet normal 0 1 0
    outer loop
      vertex -24.6557 -80.61 20.775
      vertex -24.93 -80.61 18.85
      vertex -26.46 -80.61 21.5
    endloop
  endfacet
  facet normal 0.442356 0 0.896839
    outer loop
      vertex 22.675 -80.61 20.2443
      vertex 22.8451 -84 20.1604
      vertex 22.8451 -80.61 20.1604
    endloop
  endfacet
  facet normal 0.442356 0 0.896839
    outer loop
      vertex 22.8451 -84 20.1604
      vertex 22.675 -80.61 20.2443
      vertex 22.675 -84 20.2443
    endloop
  endfacet
  facet normal 0.751727 -0 0.659474
    outer loop
      vertex 22.2496 -84 20.6173
      vertex 22.3747 -80.61 20.4747
      vertex 22.2496 -80.61 20.6173
    endloop
  endfacet
  facet normal 0.751727 0 0.659474
    outer loop
      vertex 22.3747 -80.61 20.4747
      vertex 22.2496 -84 20.6173
      vertex 22.3747 -84 20.4747
    endloop
  endfacet
  facet normal 1 -0 0
    outer loop
      vertex 21.95 -84 23.9
      vertex 21.95 -80.61 21.5
      vertex 21.95 -80.61 23.9
    endloop
  endfacet
  facet normal 1 0 0
    outer loop
      vertex 21.95 -80.61 21.5
      vertex 21.95 -84 23.9
      vertex 21.95 -84 21.5
    endloop
  endfacet
  facet normal 0.555309 0 -0.831644
    outer loop
      vertex 22.5173 -84 25.0504
      vertex 22.675 -80.61 25.1557
      vertex 22.675 -84 25.1557
    endloop
  endfacet
  facet normal 0.555309 0 -0.831644
    outer loop
      vertex 22.675 -80.61 25.1557
      vertex 22.5173 -84 25.0504
      vertex 22.5173 -80.61 25.0504
    endloop
  endfacet
  facet normal -0.997861 0 0.0653644
    outer loop
      vertex 24.8376 -84 21.3107
      vertex 24.85 -80.61 21.5
      vertex 24.8376 -80.61 21.3107
    endloop
  endfacet
  facet normal -0.997861 0 0.0653644
    outer loop
      vertex 24.85 -80.61 21.5
      vertex 24.8376 -84 21.3107
      vertex 24.85 -84 21.5
    endloop
  endfacet
  facet normal -0.3216 0 0.946876
    outer loop
      vertex 23.7753 -80.61 20.0994
      vertex 23.9549 -84 20.1604
      vertex 23.9549 -80.61 20.1604
    endloop
  endfacet
  facet normal -0.3216 0 0.946876
    outer loop
      vertex 23.9549 -84 20.1604
      vertex 23.7753 -80.61 20.0994
      vertex 23.7753 -84 20.0994
    endloop
  endfacet
  facet normal -0.896839 0 0.442356
    outer loop
      vertex 24.6557 -84 20.775
      vertex 24.7396 -80.61 20.9451
      vertex 24.6557 -80.61 20.775
    endloop
  endfacet
  facet normal -0.896839 0 0.442356
    outer loop
      vertex 24.7396 -80.61 20.9451
      vertex 24.6557 -84 20.775
      vertex 24.7396 -84 20.9451
    endloop
  endfacet
  facet normal 0.195102 0 0.980783
    outer loop
      vertex 23.0247 -80.61 20.0994
      vertex 23.2107 -84 20.0624
      vertex 23.2107 -80.61 20.0624
    endloop
  endfacet
  facet normal 0.195102 0 0.980783
    outer loop
      vertex 23.2107 -84 20.0624
      vertex 23.0247 -80.61 20.0994
      vertex 23.0247 -84 20.0994
    endloop
  endfacet
  facet normal -0.997861 0 -0.0653644
    outer loop
      vertex 24.85 -84 23.9
      vertex 24.8376 -80.61 24.0893
      vertex 24.85 -80.61 23.9
    endloop
  endfacet
  facet normal -0.997861 -0 -0.0653644
    outer loop
      vertex 24.8376 -80.61 24.0893
      vertex 24.85 -84 23.9
      vertex 24.8376 -84 24.0893
    endloop
  endfacet
  facet normal -1 0 0
    outer loop
      vertex 24.85 -84 21.5
      vertex 24.85 -80.61 23.9
      vertex 24.85 -80.61 21.5
    endloop
  endfacet
  facet normal -1 -0 0
    outer loop
      vertex 24.85 -80.61 23.9
      vertex 24.85 -84 21.5
      vertex 24.85 -84 23.9
    endloop
  endfacet
  facet normal -0.946876 0 0.3216
    outer loop
      vertex 24.7396 -84 20.9451
      vertex 24.8006 -80.61 21.1247
      vertex 24.7396 -80.61 20.9451
    endloop
  endfacet
  facet normal -0.946876 0 0.3216
    outer loop
      vertex 24.8006 -80.61 21.1247
      vertex 24.7396 -84 20.9451
      vertex 24.8006 -84 21.1247
    endloop
  endfacet
  facet normal 0.659474 0 -0.751727
    outer loop
      vertex 22.3747 -84 24.9253
      vertex 22.5173 -80.61 25.0504
      vertex 22.5173 -84 25.0504
    endloop
  endfacet
  facet normal 0.659474 0 -0.751727
    outer loop
      vertex 22.5173 -80.61 25.0504
      vertex 22.3747 -84 24.9253
      vertex 22.3747 -80.61 24.9253
    endloop
  endfacet
  facet normal -0.831644 0 0.555309
    outer loop
      vertex 24.5504 -84 20.6173
      vertex 24.6557 -80.61 20.775
      vertex 24.5504 -80.61 20.6173
    endloop
  endfacet
  facet normal -0.831644 0 0.555309
    outer loop
      vertex 24.6557 -80.61 20.775
      vertex 24.5504 -84 20.6173
      vertex 24.6557 -84 20.775
    endloop
  endfacet
  facet normal 0.0653644 0 -0.997861
    outer loop
      vertex 23.2107 -84 25.3376
      vertex 23.4 -80.61 25.35
      vertex 23.4 -84 25.35
    endloop
  endfacet
  facet normal 0.0653644 0 -0.997861
    outer loop
      vertex 23.4 -80.61 25.35
      vertex 23.2107 -84 25.3376
      vertex 23.2107 -80.61 25.3376
    endloop
  endfacet
  facet normal 0.659474 0 0.751727
    outer loop
      vertex 22.3747 -80.61 20.4747
      vertex 22.5173 -84 20.3496
      vertex 22.5173 -80.61 20.3496
    endloop
  endfacet
  facet normal 0.659474 0 0.751727
    outer loop
      vertex 22.5173 -84 20.3496
      vertex 22.3747 -80.61 20.4747
      vertex 22.3747 -84 20.4747
    endloop
  endfacet
  facet normal -0.751727 0 0.659474
    outer loop
      vertex 24.4253 -84 20.4747
      vertex 24.5504 -80.61 20.6173
      vertex 24.4253 -80.61 20.4747
    endloop
  endfacet
  facet normal -0.751727 0 0.659474
    outer loop
      vertex 24.5504 -80.61 20.6173
      vertex 24.4253 -84 20.4747
      vertex 24.5504 -84 20.6173
    endloop
  endfacet
  facet normal -0.442356 0 0.896839
    outer loop
      vertex 23.9549 -80.61 20.1604
      vertex 24.125 -84 20.2443
      vertex 24.125 -80.61 20.2443
    endloop
  endfacet
  facet normal -0.442356 0 0.896839
    outer loop
      vertex 24.125 -84 20.2443
      vertex 23.9549 -80.61 20.1604
      vertex 23.9549 -84 20.1604
    endloop
  endfacet
  facet normal -0.831644 0 -0.555309
    outer loop
      vertex 24.6557 -84 24.625
      vertex 24.5504 -80.61 24.7827
      vertex 24.6557 -80.61 24.625
    endloop
  endfacet
  facet normal -0.831644 -0 -0.555309
    outer loop
      vertex 24.5504 -80.61 24.7827
      vertex 24.6557 -84 24.625
      vertex 24.5504 -84 24.7827
    endloop
  endfacet
  facet normal -0.442356 0 -0.896839
    outer loop
      vertex 23.9549 -84 25.2396
      vertex 24.125 -80.61 25.1557
      vertex 24.125 -84 25.1557
    endloop
  endfacet
  facet normal -0.442356 0 -0.896839
    outer loop
      vertex 24.125 -80.61 25.1557
      vertex 23.9549 -84 25.2396
      vertex 23.9549 -80.61 25.2396
    endloop
  endfacet
  facet normal -0.555309 0 -0.831644
    outer loop
      vertex 24.125 -84 25.1557
      vertex 24.2827 -80.61 25.0504
      vertex 24.2827 -84 25.0504
    endloop
  endfacet
  facet normal -0.555309 0 -0.831644
    outer loop
      vertex 24.2827 -80.61 25.0504
      vertex 24.125 -84 25.1557
      vertex 24.125 -80.61 25.1557
    endloop
  endfacet
  facet normal -0.0653644 0 0.997861
    outer loop
      vertex 23.4 -80.61 20.05
      vertex 23.5893 -84 20.0624
      vertex 23.5893 -80.61 20.0624
    endloop
  endfacet
  facet normal -0.0653644 0 0.997861
    outer loop
      vertex 23.5893 -84 20.0624
      vertex 23.4 -80.61 20.05
      vertex 23.4 -84 20.05
    endloop
  endfacet
  facet normal -0.980783 0 0.195102
    outer loop
      vertex 24.8006 -84 21.1247
      vertex 24.8376 -80.61 21.3107
      vertex 24.8006 -80.61 21.1247
    endloop
  endfacet
  facet normal -0.980783 0 0.195102
    outer loop
      vertex 24.8376 -80.61 21.3107
      vertex 24.8006 -84 21.1247
      vertex 24.8376 -84 21.3107
    endloop
  endfacet
  facet normal -0.659474 0 -0.751727
    outer loop
      vertex 24.2827 -84 25.0504
      vertex 24.4253 -80.61 24.9253
      vertex 24.4253 -84 24.9253
    endloop
  endfacet
  facet normal -0.659474 0 -0.751727
    outer loop
      vertex 24.4253 -80.61 24.9253
      vertex 24.2827 -84 25.0504
      vertex 24.2827 -80.61 25.0504
    endloop
  endfacet
  facet normal 0.0653644 0 0.997861
    outer loop
      vertex 23.2107 -80.61 20.0624
      vertex 23.4 -84 20.05
      vertex 23.4 -80.61 20.05
    endloop
  endfacet
  facet normal 0.0653644 0 0.997861
    outer loop
      vertex 23.4 -84 20.05
      vertex 23.2107 -80.61 20.0624
      vertex 23.2107 -84 20.0624
    endloop
  endfacet
  facet normal 0.442356 0 -0.896839
    outer loop
      vertex 22.675 -84 25.1557
      vertex 22.8451 -80.61 25.2396
      vertex 22.8451 -84 25.2396
    endloop
  endfacet
  facet normal 0.442356 0 -0.896839
    outer loop
      vertex 22.8451 -80.61 25.2396
      vertex 22.675 -84 25.1557
      vertex 22.675 -80.61 25.1557
    endloop
  endfacet
  facet normal 0.3216 0 -0.946876
    outer loop
      vertex 22.8451 -84 25.2396
      vertex 23.0247 -80.61 25.3006
      vertex 23.0247 -84 25.3006
    endloop
  endfacet
  facet normal 0.3216 0 -0.946876
    outer loop
      vertex 23.0247 -80.61 25.3006
      vertex 22.8451 -84 25.2396
      vertex 22.8451 -80.61 25.2396
    endloop
  endfacet
  facet normal 0.896839 -0 0.442356
    outer loop
      vertex 22.0604 -84 20.9451
      vertex 22.1443 -80.61 20.775
      vertex 22.0604 -80.61 20.9451
    endloop
  endfacet
  facet normal 0.896839 0 0.442356
    outer loop
      vertex 22.1443 -80.61 20.775
      vertex 22.0604 -84 20.9451
      vertex 22.1443 -84 20.775
    endloop
  endfacet
  facet normal 0.751727 0 -0.659474
    outer loop
      vertex 22.3747 -84 24.9253
      vertex 22.2496 -80.61 24.7827
      vertex 22.3747 -80.61 24.9253
    endloop
  endfacet
  facet normal 0.751727 0 -0.659474
    outer loop
      vertex 22.2496 -80.61 24.7827
      vertex 22.3747 -84 24.9253
      vertex 22.2496 -84 24.7827
    endloop
  endfacet
  facet normal 0.831644 0 -0.555309
    outer loop
      vertex 22.2496 -84 24.7827
      vertex 22.1443 -80.61 24.625
      vertex 22.2496 -80.61 24.7827
    endloop
  endfacet
  facet normal 0.831644 0 -0.555309
    outer loop
      vertex 22.1443 -80.61 24.625
      vertex 22.2496 -84 24.7827
      vertex 22.1443 -84 24.625
    endloop
  endfacet
  facet normal -0.751727 0 -0.659474
    outer loop
      vertex 24.5504 -84 24.7827
      vertex 24.4253 -80.61 24.9253
      vertex 24.5504 -80.61 24.7827
    endloop
  endfacet
  facet normal -0.751727 -0 -0.659474
    outer loop
      vertex 24.4253 -80.61 24.9253
      vertex 24.5504 -84 24.7827
      vertex 24.4253 -84 24.9253
    endloop
  endfacet
  facet normal -0.659474 0 0.751727
    outer loop
      vertex 24.2827 -80.61 20.3496
      vertex 24.4253 -84 20.4747
      vertex 24.4253 -80.61 20.4747
    endloop
  endfacet
  facet normal -0.659474 0 0.751727
    outer loop
      vertex 24.4253 -84 20.4747
      vertex 24.2827 -80.61 20.3496
      vertex 24.2827 -84 20.3496
    endloop
  endfacet
  facet normal -0.555309 0 0.831644
    outer loop
      vertex 24.125 -80.61 20.2443
      vertex 24.2827 -84 20.3496
      vertex 24.2827 -80.61 20.3496
    endloop
  endfacet
  facet normal -0.555309 0 0.831644
    outer loop
      vertex 24.2827 -84 20.3496
      vertex 24.125 -80.61 20.2443
      vertex 24.125 -84 20.2443
    endloop
  endfacet
  facet normal 0.980783 -0 0.195102
    outer loop
      vertex 21.9624 -84 21.3107
      vertex 21.9994 -80.61 21.1247
      vertex 21.9624 -80.61 21.3107
    endloop
  endfacet
  facet normal 0.980783 0 0.195102
    outer loop
      vertex 21.9994 -80.61 21.1247
      vertex 21.9624 -84 21.3107
      vertex 21.9994 -84 21.1247
    endloop
  endfacet
  facet normal -0.195102 0 -0.980783
    outer loop
      vertex 23.5893 -84 25.3376
      vertex 23.7753 -80.61 25.3006
      vertex 23.7753 -84 25.3006
    endloop
  endfacet
  facet normal -0.195102 0 -0.980783
    outer loop
      vertex 23.7753 -80.61 25.3006
      vertex 23.5893 -84 25.3376
      vertex 23.5893 -80.61 25.3376
    endloop
  endfacet
  facet normal 0.3216 0 0.946876
    outer loop
      vertex 22.8451 -80.61 20.1604
      vertex 23.0247 -84 20.0994
      vertex 23.0247 -80.61 20.0994
    endloop
  endfacet
  facet normal 0.3216 0 0.946876
    outer loop
      vertex 23.0247 -84 20.0994
      vertex 22.8451 -80.61 20.1604
      vertex 22.8451 -84 20.1604
    endloop
  endfacet
  facet normal 0.997861 -0 0.0653644
    outer loop
      vertex 21.95 -84 21.5
      vertex 21.9624 -80.61 21.3107
      vertex 21.95 -80.61 21.5
    endloop
  endfacet
  facet normal 0.997861 0 0.0653644
    outer loop
      vertex 21.9624 -80.61 21.3107
      vertex 21.95 -84 21.5
      vertex 21.9624 -84 21.3107
    endloop
  endfacet
  facet normal -0.896839 0 -0.442356
    outer loop
      vertex 24.7396 -84 24.4549
      vertex 24.6557 -80.61 24.625
      vertex 24.7396 -80.61 24.4549
    endloop
  endfacet
  facet normal -0.896839 -0 -0.442356
    outer loop
      vertex 24.6557 -80.61 24.625
      vertex 24.7396 -84 24.4549
      vertex 24.6557 -84 24.625
    endloop
  endfacet
  facet normal -0.980783 0 -0.195102
    outer loop
      vertex 24.8376 -84 24.0893
      vertex 24.8006 -80.61 24.2753
      vertex 24.8376 -80.61 24.0893
    endloop
  endfacet
  facet normal -0.980783 -0 -0.195102
    outer loop
      vertex 24.8006 -80.61 24.2753
      vertex 24.8376 -84 24.0893
      vertex 24.8006 -84 24.2753
    endloop
  endfacet
  facet normal 0.195102 0 -0.980783
    outer loop
      vertex 23.0247 -84 25.3006
      vertex 23.2107 -80.61 25.3376
      vertex 23.2107 -84 25.3376
    endloop
  endfacet
  facet normal 0.195102 0 -0.980783
    outer loop
      vertex 23.2107 -80.61 25.3376
      vertex 23.0247 -84 25.3006
      vertex 23.0247 -80.61 25.3006
    endloop
  endfacet
  facet normal 0.555309 0 0.831644
    outer loop
      vertex 22.5173 -80.61 20.3496
      vertex 22.675 -84 20.2443
      vertex 22.675 -80.61 20.2443
    endloop
  endfacet
  facet normal 0.555309 0 0.831644
    outer loop
      vertex 22.675 -84 20.2443
      vertex 22.5173 -80.61 20.3496
      vertex 22.5173 -84 20.3496
    endloop
  endfacet
  facet normal -0.195102 0 0.980783
    outer loop
      vertex 23.5893 -80.61 20.0624
      vertex 23.7753 -84 20.0994
      vertex 23.7753 -80.61 20.0994
    endloop
  endfacet
  facet normal -0.195102 0 0.980783
    outer loop
      vertex 23.7753 -84 20.0994
      vertex 23.5893 -80.61 20.0624
      vertex 23.5893 -84 20.0624
    endloop
  endfacet
  facet normal 0.946876 0 -0.3216
    outer loop
      vertex 22.0604 -84 24.4549
      vertex 21.9994 -80.61 24.2753
      vertex 22.0604 -80.61 24.4549
    endloop
  endfacet
  facet normal 0.946876 0 -0.3216
    outer loop
      vertex 21.9994 -80.61 24.2753
      vertex 22.0604 -84 24.4549
      vertex 21.9994 -84 24.2753
    endloop
  endfacet
  facet normal 0.946876 -0 0.3216
    outer loop
      vertex 21.9994 -84 21.1247
      vertex 22.0604 -80.61 20.9451
      vertex 21.9994 -80.61 21.1247
    endloop
  endfacet
  facet normal 0.946876 0 0.3216
    outer loop
      vertex 22.0604 -80.61 20.9451
      vertex 21.9994 -84 21.1247
      vertex 22.0604 -84 20.9451
    endloop
  endfacet
  facet normal -0.946876 0 -0.3216
    outer loop
      vertex 24.8006 -84 24.2753
      vertex 24.7396 -80.61 24.4549
      vertex 24.8006 -80.61 24.2753
    endloop
  endfacet
  facet normal -0.946876 -0 -0.3216
    outer loop
      vertex 24.7396 -80.61 24.4549
      vertex 24.8006 -84 24.2753
      vertex 24.7396 -84 24.4549
    endloop
  endfacet
  facet normal 0.980783 0 -0.195102
    outer loop
      vertex 21.9994 -84 24.2753
      vertex 21.9624 -80.61 24.0893
      vertex 21.9994 -80.61 24.2753
    endloop
  endfacet
  facet normal 0.980783 0 -0.195102
    outer loop
      vertex 21.9624 -80.61 24.0893
      vertex 21.9994 -84 24.2753
      vertex 21.9624 -84 24.0893
    endloop
  endfacet
  facet normal 0.831644 -0 0.555309
    outer loop
      vertex 22.1443 -84 20.775
      vertex 22.2496 -80.61 20.6173
      vertex 22.1443 -80.61 20.775
    endloop
  endfacet
  facet normal 0.831644 0 0.555309
    outer loop
      vertex 22.2496 -80.61 20.6173
      vertex 22.1443 -84 20.775
      vertex 22.2496 -84 20.6173
    endloop
  endfacet
  facet normal 0.997861 0 -0.0653644
    outer loop
      vertex 21.9624 -84 24.0893
      vertex 21.95 -80.61 23.9
      vertex 21.9624 -80.61 24.0893
    endloop
  endfacet
  facet normal 0.997861 0 -0.0653644
    outer loop
      vertex 21.95 -80.61 23.9
      vertex 21.9624 -84 24.0893
      vertex 21.95 -84 23.9
    endloop
  endfacet
  facet normal 0.896839 0 -0.442356
    outer loop
      vertex 22.1443 -84 24.625
      vertex 22.0604 -80.61 24.4549
      vertex 22.1443 -80.61 24.625
    endloop
  endfacet
  facet normal 0.896839 0 -0.442356
    outer loop
      vertex 22.0604 -80.61 24.4549
      vertex 22.1443 -84 24.625
      vertex 22.0604 -84 24.4549
    endloop
  endfacet
  facet normal -0.0653644 0 -0.997861
    outer loop
      vertex 23.4 -84 25.35
      vertex 23.5893 -80.61 25.3376
      vertex 23.5893 -84 25.3376
    endloop
  endfacet
  facet normal -0.0653644 0 -0.997861
    outer loop
      vertex 23.5893 -80.61 25.3376
      vertex 23.4 -84 25.35
      vertex 23.4 -80.61 25.35
    endloop
  endfacet
  facet normal -0.3216 0 -0.946876
    outer loop
      vertex 23.7753 -84 25.3006
      vertex 23.9549 -80.61 25.2396
      vertex 23.9549 -84 25.2396
    endloop
  endfacet
  facet normal -0.3216 0 -0.946876
    outer loop
      vertex 23.9549 -80.61 25.2396
      vertex 23.7753 -84 25.3006
      vertex 23.7753 -80.61 25.3006
    endloop
  endfacet
  facet normal 0 0 -1
    outer loop
      vertex 21.87 -80.61 26.55
      vertex 24.93 -78.5 26.55
      vertex 24.93 -80.61 26.55
    endloop
  endfacet
  facet normal -0 0 -1
    outer loop
      vertex 24.93 -78.5 26.55
      vertex 21.87 -80.61 26.55
      vertex 21.87 -78.5 26.55
    endloop
  endfacet
  facet normal 0.866022 0 -0.500005
    outer loop
      vertex 21.87 -80.61 26.55
      vertex 20.34 -78.5 23.9
      vertex 21.87 -78.5 26.55
    endloop
  endfacet
  facet normal 0.866022 0 -0.500005
    outer loop
      vertex 20.34 -78.5 23.9
      vertex 21.87 -80.61 26.55
      vertex 20.34 -80.61 23.9
    endloop
  endfacet
  facet normal -0.866022 0 -0.500005
    outer loop
      vertex 26.46 -80.61 23.9
      vertex 24.93 -78.5 26.55
      vertex 26.46 -78.5 23.9
    endloop
  endfacet
  facet normal -0.866022 -0 -0.500005
    outer loop
      vertex 24.93 -78.5 26.55
      vertex 26.46 -80.61 23.9
      vertex 24.93 -80.61 26.55
    endloop
  endfacet
  facet normal -1 0 0
    outer loop
      vertex 26.46 -80.61 21.5
      vertex 26.46 -78.5 23.9
      vertex 26.46 -78.5 21.5
    endloop
  endfacet
  facet normal -1 -0 0
    outer loop
      vertex 26.46 -78.5 23.9
      vertex 26.46 -80.61 21.5
      vertex 26.46 -80.61 23.9
    endloop
  endfacet
  facet normal -0.866022 0 0.500005
    outer loop
      vertex 24.93 -80.61 18.85
      vertex 26.46 -78.5 21.5
      vertex 24.93 -78.5 18.85
    endloop
  endfacet
  facet normal -0.866022 0 0.500005
    outer loop
      vertex 26.46 -78.5 21.5
      vertex 24.93 -80.61 18.85
      vertex 26.46 -80.61 21.5
    endloop
  endfacet
  facet normal -0 0 1
    outer loop
      vertex 21.87 -78.5 18.85
      vertex 24.93 -80.61 18.85
      vertex 24.93 -78.5 18.85
    endloop
  endfacet
  facet normal 0 0 1
    outer loop
      vertex 24.93 -80.61 18.85
      vertex 21.87 -78.5 18.85
      vertex 21.87 -80.61 18.85
    endloop
  endfacet
  facet normal 1 -0 0
    outer loop
      vertex 20.34 -80.61 23.9
      vertex 20.34 -78.5 21.5
      vertex 20.34 -78.5 23.9
    endloop
  endfacet
  facet normal 1 0 0
    outer loop
      vertex 20.34 -78.5 21.5
      vertex 20.34 -80.61 23.9
      vertex 20.34 -80.61 21.5
    endloop
  endfacet
  facet normal 0.866022 -0 0.500005
    outer loop
      vertex 20.34 -80.61 21.5
      vertex 21.87 -78.5 18.85
      vertex 20.34 -78.5 21.5
    endloop
  endfacet
  facet normal 0.866022 0 0.500005
    outer loop
      vertex 21.87 -78.5 18.85
      vertex 20.34 -80.61 21.5
      vertex 21.87 -80.61 18.85
    endloop
  endfacet
  facet normal 0 1 0
    outer loop
      vertex 24.93 -80.61 26.55
      vertex 23.4 -80.61 25.35
      vertex 21.87 -80.61 26.55
    endloop
  endfacet
  facet normal 0 1 0
    outer loop
      vertex 24.93 -80.61 26.55
      vertex 23.5893 -80.61 25.3376
      vertex 23.4 -80.61 25.35
    endloop
  endfacet
  facet normal 0 1 0
    outer loop
      vertex 24.93 -80.61 26.55
      vertex 23.7753 -80.61 25.3006
      vertex 23.5893 -80.61 25.3376
    endloop
  endfacet
  facet normal 0 1 0
    outer loop
      vertex 24.93 -80.61 26.55
      vertex 23.9549 -80.61 25.2396
      vertex 23.7753 -80.61 25.3006
    endloop
  endfacet
  facet normal 0 1 0
    outer loop
      vertex 24.93 -80.61 26.55
      vertex 24.125 -80.61 25.1557
      vertex 23.9549 -80.61 25.2396
    endloop
  endfacet
  facet normal 0 1 0
    outer loop
      vertex 24.93 -80.61 26.55
      vertex 24.2827 -80.61 25.0504
      vertex 24.125 -80.61 25.1557
    endloop
  endfacet
  facet normal 0 1 0
    outer loop
      vertex 24.93 -80.61 26.55
      vertex 24.4253 -80.61 24.9253
      vertex 24.2827 -80.61 25.0504
    endloop
  endfacet
  facet normal 0 1 0
    outer loop
      vertex 24.93 -80.61 26.55
      vertex 24.5504 -80.61 24.7827
      vertex 24.4253 -80.61 24.9253
    endloop
  endfacet
  facet normal 0 1 0
    outer loop
      vertex 24.93 -80.61 26.55
      vertex 24.6557 -80.61 24.625
      vertex 24.5504 -80.61 24.7827
    endloop
  endfacet
  facet normal 0 1 0
    outer loop
      vertex 26.46 -80.61 23.9
      vertex 24.6557 -80.61 24.625
      vertex 24.93 -80.61 26.55
    endloop
  endfacet
  facet normal 0 1 0
    outer loop
      vertex 24.6557 -80.61 24.625
      vertex 26.46 -80.61 23.9
      vertex 24.7396 -80.61 24.4549
    endloop
  endfacet
  facet normal 0 1 0
    outer loop
      vertex 24.7396 -80.61 24.4549
      vertex 26.46 -80.61 23.9
      vertex 24.8006 -80.61 24.2753
    endloop
  endfacet
  facet normal 0 1 0
    outer loop
      vertex 24.8006 -80.61 24.2753
      vertex 26.46 -80.61 23.9
      vertex 24.8376 -80.61 24.0893
    endloop
  endfacet
  facet normal 0 1 0
    outer loop
      vertex 26.46 -80.61 23.9
      vertex 24.85 -80.61 23.9
      vertex 24.8376 -80.61 24.0893
    endloop
  endfacet
  facet normal 0 1 -0
    outer loop
      vertex 26.46 -80.61 21.5
      vertex 24.85 -80.61 23.9
      vertex 26.46 -80.61 23.9
    endloop
  endfacet
  facet normal 0 1 0
    outer loop
      vertex 26.46 -80.61 21.5
      vertex 24.85 -80.61 21.5
      vertex 24.85 -80.61 23.9
    endloop
  endfacet
  facet normal 0 1 0
    outer loop
      vertex 26.46 -80.61 21.5
      vertex 24.8376 -80.61 21.3107
      vertex 24.85 -80.61 21.5
    endloop
  endfacet
  facet normal 0 1 0
    outer loop
      vertex 26.46 -80.61 21.5
      vertex 24.8006 -80.61 21.1247
      vertex 24.8376 -80.61 21.3107
    endloop
  endfacet
  facet normal 0 1 0
    outer loop
      vertex 26.46 -80.61 21.5
      vertex 24.7396 -80.61 20.9451
      vertex 24.8006 -80.61 21.1247
    endloop
  endfacet
  facet normal 0 1 0
    outer loop
      vertex 26.46 -80.61 21.5
      vertex 24.6557 -80.61 20.775
      vertex 24.7396 -80.61 20.9451
    endloop
  endfacet
  facet normal 0 1 -0
    outer loop
      vertex 24.93 -80.61 18.85
      vertex 24.6557 -80.61 20.775
      vertex 26.46 -80.61 21.5
    endloop
  endfacet
  facet normal 0 1 0
    outer loop
      vertex 24.6557 -80.61 20.775
      vertex 24.93 -80.61 18.85
      vertex 24.5504 -80.61 20.6173
    endloop
  endfacet
  facet normal 0 1 0
    outer loop
      vertex 24.5504 -80.61 20.6173
      vertex 24.93 -80.61 18.85
      vertex 24.4253 -80.61 20.4747
    endloop
  endfacet
  facet normal 0 1 0
    outer loop
      vertex 24.4253 -80.61 20.4747
      vertex 24.93 -80.61 18.85
      vertex 24.2827 -80.61 20.3496
    endloop
  endfacet
  facet normal 0 1 0
    outer loop
      vertex 23.5893 -80.61 20.0624
      vertex 24.93 -80.61 18.85
      vertex 23.4 -80.61 20.05
    endloop
  endfacet
  facet normal 0 1 0
    outer loop
      vertex 23.7753 -80.61 20.0994
      vertex 24.93 -80.61 18.85
      vertex 23.5893 -80.61 20.0624
    endloop
  endfacet
  facet normal 0 1 0
    outer loop
      vertex 23.9549 -80.61 20.1604
      vertex 24.93 -80.61 18.85
      vertex 23.7753 -80.61 20.0994
    endloop
  endfacet
  facet normal 0 1 0
    outer loop
      vertex 24.125 -80.61 20.2443
      vertex 24.93 -80.61 18.85
      vertex 23.9549 -80.61 20.1604
    endloop
  endfacet
  facet normal 0 1 0
    outer loop
      vertex 24.2827 -80.61 20.3496
      vertex 24.93 -80.61 18.85
      vertex 24.125 -80.61 20.2443
    endloop
  endfacet
  facet normal 0 1 -0
    outer loop
      vertex 23.2107 -80.61 25.3376
      vertex 21.87 -80.61 26.55
      vertex 23.4 -80.61 25.35
    endloop
  endfacet
  facet normal 0 1 -0
    outer loop
      vertex 23.0247 -80.61 25.3006
      vertex 21.87 -80.61 26.55
      vertex 23.2107 -80.61 25.3376
    endloop
  endfacet
  facet normal 0 1 -0
    outer loop
      vertex 22.8451 -80.61 25.2396
      vertex 21.87 -80.61 26.55
      vertex 23.0247 -80.61 25.3006
    endloop
  endfacet
  facet normal 0 1 -0
    outer loop
      vertex 22.675 -80.61 25.1557
      vertex 21.87 -80.61 26.55
      vertex 22.8451 -80.61 25.2396
    endloop
  endfacet
  facet normal 0 1 -0
    outer loop
      vertex 22.5173 -80.61 25.0504
      vertex 21.87 -80.61 26.55
      vertex 22.675 -80.61 25.1557
    endloop
  endfacet
  facet normal 0 1 -0
    outer loop
      vertex 22.3747 -80.61 24.9253
      vertex 21.87 -80.61 26.55
      vertex 22.5173 -80.61 25.0504
    endloop
  endfacet
  facet normal 0 1 -0
    outer loop
      vertex 22.2496 -80.61 24.7827
      vertex 21.87 -80.61 26.55
      vertex 22.3747 -80.61 24.9253
    endloop
  endfacet
  facet normal 0 1 -0
    outer loop
      vertex 22.1443 -80.61 24.625
      vertex 21.87 -80.61 26.55
      vertex 22.2496 -80.61 24.7827
    endloop
  endfacet
  facet normal 0 1 0
    outer loop
      vertex 20.34 -80.61 23.9
      vertex 22.1443 -80.61 24.625
      vertex 22.0604 -80.61 24.4549
    endloop
  endfacet
  facet normal 0 1 0
    outer loop
      vertex 20.34 -80.61 23.9
      vertex 22.0604 -80.61 24.4549
      vertex 21.9994 -80.61 24.2753
    endloop
  endfacet
  facet normal 0 1 0
    outer loop
      vertex 20.34 -80.61 23.9
      vertex 21.9994 -80.61 24.2753
      vertex 21.9624 -80.61 24.0893
    endloop
  endfacet
  facet normal 0 1 0
    outer loop
      vertex 20.34 -80.61 23.9
      vertex 21.9624 -80.61 24.0893
      vertex 21.95 -80.61 23.9
    endloop
  endfacet
  facet normal 0 1 0
    outer loop
      vertex 22.1443 -80.61 24.625
      vertex 20.34 -80.61 23.9
      vertex 21.87 -80.61 26.55
    endloop
  endfacet
  facet normal 0 1 -0
    outer loop
      vertex 21.95 -80.61 21.5
      vertex 20.34 -80.61 23.9
      vertex 21.95 -80.61 23.9
    endloop
  endfacet
  facet normal 0 1 0
    outer loop
      vertex 21.95 -80.61 21.5
      vertex 20.34 -80.61 21.5
      vertex 20.34 -80.61 23.9
    endloop
  endfacet
  facet normal 0 1 0
    outer loop
      vertex 21.9624 -80.61 21.3107
      vertex 20.34 -80.61 21.5
      vertex 21.95 -80.61 21.5
    endloop
  endfacet
  facet normal 0 1 0
    outer loop
      vertex 21.9994 -80.61 21.1247
      vertex 20.34 -80.61 21.5
      vertex 21.9624 -80.61 21.3107
    endloop
  endfacet
  facet normal 0 1 0
    outer loop
      vertex 22.0604 -80.61 20.9451
      vertex 20.34 -80.61 21.5
      vertex 21.9994 -80.61 21.1247
    endloop
  endfacet
  facet normal 0 1 0
    outer loop
      vertex 22.1443 -80.61 20.775
      vertex 20.34 -80.61 21.5
      vertex 22.0604 -80.61 20.9451
    endloop
  endfacet
  facet normal 0 1 0
    outer loop
      vertex 21.87 -80.61 18.85
      vertex 22.1443 -80.61 20.775
      vertex 22.2496 -80.61 20.6173
    endloop
  endfacet
  facet normal 0 1 0
    outer loop
      vertex 21.87 -80.61 18.85
      vertex 22.2496 -80.61 20.6173
      vertex 22.3747 -80.61 20.4747
    endloop
  endfacet
  facet normal 0 1 0
    outer loop
      vertex 21.87 -80.61 18.85
      vertex 22.3747 -80.61 20.4747
      vertex 22.5173 -80.61 20.3496
    endloop
  endfacet
  facet normal 0 1 0
    outer loop
      vertex 21.87 -80.61 18.85
      vertex 22.5173 -80.61 20.3496
      vertex 22.675 -80.61 20.2443
    endloop
  endfacet
  facet normal 0 1 0
    outer loop
      vertex 21.87 -80.61 18.85
      vertex 23.4 -80.61 20.05
      vertex 24.93 -80.61 18.85
    endloop
  endfacet
  facet normal 0 1 0
    outer loop
      vertex 23.4 -80.61 20.05
      vertex 21.87 -80.61 18.85
      vertex 23.2107 -80.61 20.0624
    endloop
  endfacet
  facet normal 0 1 0
    outer loop
      vertex 23.2107 -80.61 20.0624
      vertex 21.87 -80.61 18.85
      vertex 23.0247 -80.61 20.0994
    endloop
  endfacet
  facet normal 0 1 0
    outer loop
      vertex 23.0247 -80.61 20.0994
      vertex 21.87 -80.61 18.85
      vertex 22.8451 -80.61 20.1604
    endloop
  endfacet
  facet normal 0 1 0
    outer loop
      vertex 22.8451 -80.61 20.1604
      vertex 21.87 -80.61 18.85
      vertex 22.675 -80.61 20.2443
    endloop
  endfacet
  facet normal 0 1 0
    outer loop
      vertex 22.1443 -80.61 20.775
      vertex 21.87 -80.61 18.85
      vertex 20.34 -80.61 21.5
    endloop
  endfacet
  facet normal 0.44234 0 0.896848
    outer loop
      vertex -0.724999 -80.61 52.1443
      vertex -0.554891 -84 52.0604
      vertex -0.554891 -80.61 52.0604
    endloop
  endfacet
  facet normal 0.44234 0 0.896848
    outer loop
      vertex -0.554891 -84 52.0604
      vertex -0.724999 -80.61 52.1443
      vertex -0.724999 -84 52.1443
    endloop
  endfacet
  facet normal 0.751832 -0 0.659355
    outer loop
      vertex -1.15036 -84 52.5173
      vertex -1.0253 -80.61 52.3747
      vertex -1.15036 -80.61 52.5173
    endloop
  endfacet
  facet normal 0.751832 0 0.659355
    outer loop
      vertex -1.0253 -80.61 52.3747
      vertex -1.15036 -84 52.5173
      vertex -1.0253 -84 52.3747
    endloop
  endfacet
  facet normal 1 -0 0
    outer loop
      vertex -1.45 -84 55.8
      vertex -1.45 -80.61 53.4
      vertex -1.45 -80.61 55.8
    endloop
  endfacet
  facet normal 1 0 0
    outer loop
      vertex -1.45 -80.61 53.4
      vertex -1.45 -84 55.8
      vertex -1.45 -84 53.4
    endloop
  endfacet
  facet normal 0.555296 0 -0.831653
    outer loop
      vertex -0.882704 -84 56.9504
      vertex -0.724999 -80.61 57.0557
      vertex -0.724999 -84 57.0557
    endloop
  endfacet
  facet normal 0.555296 0 -0.831653
    outer loop
      vertex -0.724999 -80.61 57.0557
      vertex -0.882704 -84 56.9504
      vertex -0.882704 -80.61 56.9504
    endloop
  endfacet
  facet normal -0.997858 0 0.0654169
    outer loop
      vertex 1.43759 -84 53.2107
      vertex 1.45 -80.61 53.4
      vertex 1.43759 -80.61 53.2107
    endloop
  endfacet
  facet normal -0.997858 0 0.0654169
    outer loop
      vertex 1.45 -80.61 53.4
      vertex 1.43759 -84 53.2107
      vertex 1.45 -84 53.4
    endloop
  endfacet
  facet normal -0.321594 0 0.946878
    outer loop
      vertex 0.375287 -80.61 51.9994
      vertex 0.554891 -84 52.0604
      vertex 0.554891 -80.61 52.0604
    endloop
  endfacet
  facet normal -0.321594 0 0.946878
    outer loop
      vertex 0.554891 -84 52.0604
      vertex 0.375287 -80.61 51.9994
      vertex 0.375287 -84 51.9994
    endloop
  endfacet
  facet normal -0.896881 0 0.442272
    outer loop
      vertex 1.25574 -84 52.675
      vertex 1.33962 -80.61 52.8451
      vertex 1.25574 -80.61 52.675
    endloop
  endfacet
  facet normal -0.896881 0 0.442272
    outer loop
      vertex 1.33962 -80.61 52.8451
      vertex 1.25574 -84 52.675
      vertex 1.33962 -84 52.8451
    endloop
  endfacet
  facet normal 0.195077 0 0.980788
    outer loop
      vertex -0.375287 -80.61 51.9994
      vertex -0.189262 -84 51.9624
      vertex -0.189262 -80.61 51.9624
    endloop
  endfacet
  facet normal 0.195077 0 0.980788
    outer loop
      vertex -0.189262 -84 51.9624
      vertex -0.375287 -80.61 51.9994
      vertex -0.375287 -84 51.9994
    endloop
  endfacet
  facet normal -0.997858 0 -0.0654169
    outer loop
      vertex 1.45 -84 55.8
      vertex 1.43759 -80.61 55.9893
      vertex 1.45 -80.61 55.8
    endloop
  endfacet
  facet normal -0.997858 -0 -0.0654169
    outer loop
      vertex 1.43759 -80.61 55.9893
      vertex 1.45 -84 55.8
      vertex 1.43759 -84 55.9893
    endloop
  endfacet
  facet normal -1 0 0
    outer loop
      vertex 1.45 -84 53.4
      vertex 1.45 -80.61 55.8
      vertex 1.45 -80.61 53.4
    endloop
  endfacet
  facet normal -1 -0 0
    outer loop
      vertex 1.45 -80.61 55.8
      vertex 1.45 -84 53.4
      vertex 1.45 -84 55.8
    endloop
  endfacet
  facet normal -0.946924 0 0.321458
    outer loop
      vertex 1.33962 -84 52.8451
      vertex 1.40059 -80.61 53.0247
      vertex 1.33962 -80.61 52.8451
    endloop
  endfacet
  facet normal -0.946924 0 0.321458
    outer loop
      vertex 1.40059 -80.61 53.0247
      vertex 1.33962 -84 52.8451
      vertex 1.40059 -84 53.0247
    endloop
  endfacet
  facet normal 0.659485 0 -0.751718
    outer loop
      vertex -1.0253 -84 56.8253
      vertex -0.882704 -80.61 56.9504
      vertex -0.882704 -84 56.9504
    endloop
  endfacet
  facet normal 0.659485 0 -0.751718
    outer loop
      vertex -0.882704 -80.61 56.9504
      vertex -1.0253 -84 56.8253
      vertex -1.0253 -80.61 56.8253
    endloop
  endfacet
  facet normal -0.83145 0 0.5556
    outer loop
      vertex 1.15036 -84 52.5173
      vertex 1.25574 -80.61 52.675
      vertex 1.15036 -80.61 52.5173
    endloop
  endfacet
  facet normal -0.83145 0 0.5556
    outer loop
      vertex 1.25574 -80.61 52.675
      vertex 1.15036 -84 52.5173
      vertex 1.25574 -84 52.675
    endloop
  endfacet
  facet normal 0.0653775 0 -0.997861
    outer loop
      vertex -0.189262 -84 57.2376
      vertex 0 -80.61 57.25
      vertex 0 -84 57.25
    endloop
  endfacet
  facet normal 0.0653775 0 -0.997861
    outer loop
      vertex 0 -80.61 57.25
      vertex -0.189262 -84 57.2376
      vertex -0.189262 -80.61 57.2376
    endloop
  endfacet
  facet normal 0.659485 0 0.751718
    outer loop
      vertex -1.0253 -80.61 52.3747
      vertex -0.882704 -84 52.2496
      vertex -0.882704 -80.61 52.2496
    endloop
  endfacet
  facet normal 0.659485 0 0.751718
    outer loop
      vertex -0.882704 -84 52.2496
      vertex -1.0253 -80.61 52.3747
      vertex -1.0253 -84 52.3747
    endloop
  endfacet
  facet normal -0.751832 0 0.659355
    outer loop
      vertex 1.0253 -84 52.3747
      vertex 1.15036 -80.61 52.5173
      vertex 1.0253 -80.61 52.3747
    endloop
  endfacet
  facet normal -0.751832 0 0.659355
    outer loop
      vertex 1.15036 -80.61 52.5173
      vertex 1.0253 -84 52.3747
      vertex 1.15036 -84 52.5173
    endloop
  endfacet
  facet normal -0.44234 0 0.896848
    outer loop
      vertex 0.554891 -80.61 52.0604
      vertex 0.724999 -84 52.1443
      vertex 0.724999 -80.61 52.1443
    endloop
  endfacet
  facet normal -0.44234 0 0.896848
    outer loop
      vertex 0.724999 -84 52.1443
      vertex 0.554891 -80.61 52.0604
      vertex 0.554891 -84 52.0604
    endloop
  endfacet
  facet normal -0.83145 0 -0.5556
    outer loop
      vertex 1.25574 -84 56.525
      vertex 1.15036 -80.61 56.6827
      vertex 1.25574 -80.61 56.525
    endloop
  endfacet
  facet normal -0.83145 -0 -0.5556
    outer loop
      vertex 1.15036 -80.61 56.6827
      vertex 1.25574 -84 56.525
      vertex 1.15036 -84 56.6827
    endloop
  endfacet
  facet normal -0.44234 0 -0.896848
    outer loop
      vertex 0.554891 -84 57.1396
      vertex 0.724999 -80.61 57.0557
      vertex 0.724999 -84 57.0557
    endloop
  endfacet
  facet normal -0.44234 0 -0.896848
    outer loop
      vertex 0.724999 -80.61 57.0557
      vertex 0.554891 -84 57.1396
      vertex 0.554891 -80.61 57.1396
    endloop
  endfacet
  facet normal -0.555296 0 -0.831653
    outer loop
      vertex 0.724999 -84 57.0557
      vertex 0.882704 -80.61 56.9504
      vertex 0.882704 -84 56.9504
    endloop
  endfacet
  facet normal -0.555296 0 -0.831653
    outer loop
      vertex 0.882704 -80.61 56.9504
      vertex 0.724999 -84 57.0557
      vertex 0.724999 -80.61 57.0557
    endloop
  endfacet
  facet normal -0.0653775 0 0.997861
    outer loop
      vertex 0 -80.61 51.95
      vertex 0.189262 -84 51.9624
      vertex 0.189262 -80.61 51.9624
    endloop
  endfacet
  facet normal -0.0653775 0 0.997861
    outer loop
      vertex 0.189262 -84 51.9624
      vertex 0 -80.61 51.95
      vertex 0 -84 51.95
    endloop
  endfacet
  facet normal -0.980783 0 0.195102
    outer loop
      vertex 1.40059 -84 53.0247
      vertex 1.43759 -80.61 53.2107
      vertex 1.40059 -80.61 53.0247
    endloop
  endfacet
  facet normal -0.980783 0 0.195102
    outer loop
      vertex 1.43759 -80.61 53.2107
      vertex 1.40059 -84 53.0247
      vertex 1.43759 -84 53.2107
    endloop
  endfacet
  facet normal -0.659485 0 -0.751718
    outer loop
      vertex 0.882704 -84 56.9504
      vertex 1.0253 -80.61 56.8253
      vertex 1.0253 -84 56.8253
    endloop
  endfacet
  facet normal -0.659485 0 -0.751718
    outer loop
      vertex 1.0253 -80.61 56.8253
      vertex 0.882704 -84 56.9504
      vertex 0.882704 -80.61 56.9504
    endloop
  endfacet
  facet normal 0.0653775 0 0.997861
    outer loop
      vertex -0.189262 -80.61 51.9624
      vertex 0 -84 51.95
      vertex 0 -80.61 51.95
    endloop
  endfacet
  facet normal 0.0653775 0 0.997861
    outer loop
      vertex 0 -84 51.95
      vertex -0.189262 -80.61 51.9624
      vertex -0.189262 -84 51.9624
    endloop
  endfacet
  facet normal 0.44234 0 -0.896848
    outer loop
      vertex -0.724999 -84 57.0557
      vertex -0.554891 -80.61 57.1396
      vertex -0.554891 -84 57.1396
    endloop
  endfacet
  facet normal 0.44234 0 -0.896848
    outer loop
      vertex -0.554891 -80.61 57.1396
      vertex -0.724999 -84 57.0557
      vertex -0.724999 -80.61 57.0557
    endloop
  endfacet
  facet normal 0.321594 0 -0.946878
    outer loop
      vertex -0.554891 -84 57.1396
      vertex -0.375287 -80.61 57.2006
      vertex -0.375287 -84 57.2006
    endloop
  endfacet
  facet normal 0.321594 0 -0.946878
    outer loop
      vertex -0.375287 -80.61 57.2006
      vertex -0.554891 -84 57.1396
      vertex -0.554891 -80.61 57.1396
    endloop
  endfacet
  facet normal 0.896881 -0 0.442272
    outer loop
      vertex -1.33962 -84 52.8451
      vertex -1.25574 -80.61 52.675
      vertex -1.33962 -80.61 52.8451
    endloop
  endfacet
  facet normal 0.896881 0 0.442272
    outer loop
      vertex -1.25574 -80.61 52.675
      vertex -1.33962 -84 52.8451
      vertex -1.25574 -84 52.675
    endloop
  endfacet
  facet normal 0.751832 0 -0.659355
    outer loop
      vertex -1.0253 -84 56.8253
      vertex -1.15036 -80.61 56.6827
      vertex -1.0253 -80.61 56.8253
    endloop
  endfacet
  facet normal 0.751832 0 -0.659355
    outer loop
      vertex -1.15036 -80.61 56.6827
      vertex -1.0253 -84 56.8253
      vertex -1.15036 -84 56.6827
    endloop
  endfacet
  facet normal 0.83145 0 -0.5556
    outer loop
      vertex -1.15036 -84 56.6827
      vertex -1.25574 -80.61 56.525
      vertex -1.15036 -80.61 56.6827
    endloop
  endfacet
  facet normal 0.83145 0 -0.5556
    outer loop
      vertex -1.25574 -80.61 56.525
      vertex -1.15036 -84 56.6827
      vertex -1.25574 -84 56.525
    endloop
  endfacet
  facet normal -0.751832 0 -0.659355
    outer loop
      vertex 1.15036 -84 56.6827
      vertex 1.0253 -80.61 56.8253
      vertex 1.15036 -80.61 56.6827
    endloop
  endfacet
  facet normal -0.751832 -0 -0.659355
    outer loop
      vertex 1.0253 -80.61 56.8253
      vertex 1.15036 -84 56.6827
      vertex 1.0253 -84 56.8253
    endloop
  endfacet
  facet normal -0.659485 0 0.751718
    outer loop
      vertex 0.882704 -80.61 52.2496
      vertex 1.0253 -84 52.3747
      vertex 1.0253 -80.61 52.3747
    endloop
  endfacet
  facet normal -0.659485 0 0.751718
    outer loop
      vertex 1.0253 -84 52.3747
      vertex 0.882704 -80.61 52.2496
      vertex 0.882704 -84 52.2496
    endloop
  endfacet
  facet normal -0.555296 0 0.831653
    outer loop
      vertex 0.724999 -80.61 52.1443
      vertex 0.882704 -84 52.2496
      vertex 0.882704 -80.61 52.2496
    endloop
  endfacet
  facet normal -0.555296 0 0.831653
    outer loop
      vertex 0.882704 -84 52.2496
      vertex 0.724999 -80.61 52.1443
      vertex 0.724999 -84 52.1443
    endloop
  endfacet
  facet normal 0.980783 -0 0.195102
    outer loop
      vertex -1.43759 -84 53.2107
      vertex -1.40059 -80.61 53.0247
      vertex -1.43759 -80.61 53.2107
    endloop
  endfacet
  facet normal 0.980783 0 0.195102
    outer loop
      vertex -1.40059 -80.61 53.0247
      vertex -1.43759 -84 53.2107
      vertex -1.40059 -84 53.0247
    endloop
  endfacet
  facet normal -0.195077 0 -0.980788
    outer loop
      vertex 0.189262 -84 57.2376
      vertex 0.375287 -80.61 57.2006
      vertex 0.375287 -84 57.2006
    endloop
  endfacet
  facet normal -0.195077 0 -0.980788
    outer loop
      vertex 0.375287 -80.61 57.2006
      vertex 0.189262 -84 57.2376
      vertex 0.189262 -80.61 57.2376
    endloop
  endfacet
  facet normal 0.321594 0 0.946878
    outer loop
      vertex -0.554891 -80.61 52.0604
      vertex -0.375287 -84 51.9994
      vertex -0.375287 -80.61 51.9994
    endloop
  endfacet
  facet normal 0.321594 0 0.946878
    outer loop
      vertex -0.375287 -84 51.9994
      vertex -0.554891 -80.61 52.0604
      vertex -0.554891 -84 52.0604
    endloop
  endfacet
  facet normal 0.997858 -0 0.0654169
    outer loop
      vertex -1.45 -84 53.4
      vertex -1.43759 -80.61 53.2107
      vertex -1.45 -80.61 53.4
    endloop
  endfacet
  facet normal 0.997858 0 0.0654169
    outer loop
      vertex -1.43759 -80.61 53.2107
      vertex -1.45 -84 53.4
      vertex -1.43759 -84 53.2107
    endloop
  endfacet
  facet normal -0.896881 0 -0.442272
    outer loop
      vertex 1.33962 -84 56.3549
      vertex 1.25574 -80.61 56.525
      vertex 1.33962 -80.61 56.3549
    endloop
  endfacet
  facet normal -0.896881 -0 -0.442272
    outer loop
      vertex 1.25574 -80.61 56.525
      vertex 1.33962 -84 56.3549
      vertex 1.25574 -84 56.525
    endloop
  endfacet
  facet normal -0.980783 0 -0.195102
    outer loop
      vertex 1.43759 -84 55.9893
      vertex 1.40059 -80.61 56.1753
      vertex 1.43759 -80.61 55.9893
    endloop
  endfacet
  facet normal -0.980783 -0 -0.195102
    outer loop
      vertex 1.40059 -80.61 56.1753
      vertex 1.43759 -84 55.9893
      vertex 1.40059 -84 56.1753
    endloop
  endfacet
  facet normal 0.195077 0 -0.980788
    outer loop
      vertex -0.375287 -84 57.2006
      vertex -0.189262 -80.61 57.2376
      vertex -0.189262 -84 57.2376
    endloop
  endfacet
  facet normal 0.195077 0 -0.980788
    outer loop
      vertex -0.189262 -80.61 57.2376
      vertex -0.375287 -84 57.2006
      vertex -0.375287 -80.61 57.2006
    endloop
  endfacet
  facet normal 0.555296 0 0.831653
    outer loop
      vertex -0.882704 -80.61 52.2496
      vertex -0.724999 -84 52.1443
      vertex -0.724999 -80.61 52.1443
    endloop
  endfacet
  facet normal 0.555296 0 0.831653
    outer loop
      vertex -0.724999 -84 52.1443
      vertex -0.882704 -80.61 52.2496
      vertex -0.882704 -84 52.2496
    endloop
  endfacet
  facet normal -0.195077 0 0.980788
    outer loop
      vertex 0.189262 -80.61 51.9624
      vertex 0.375287 -84 51.9994
      vertex 0.375287 -80.61 51.9994
    endloop
  endfacet
  facet normal -0.195077 0 0.980788
    outer loop
      vertex 0.375287 -84 51.9994
      vertex 0.189262 -80.61 51.9624
      vertex 0.189262 -84 51.9624
    endloop
  endfacet
  facet normal 0.946924 0 -0.321458
    outer loop
      vertex -1.33962 -84 56.3549
      vertex -1.40059 -80.61 56.1753
      vertex -1.33962 -80.61 56.3549
    endloop
  endfacet
  facet normal 0.946924 0 -0.321458
    outer loop
      vertex -1.40059 -80.61 56.1753
      vertex -1.33962 -84 56.3549
      vertex -1.40059 -84 56.1753
    endloop
  endfacet
  facet normal 0.946924 -0 0.321458
    outer loop
      vertex -1.40059 -84 53.0247
      vertex -1.33962 -80.61 52.8451
      vertex -1.40059 -80.61 53.0247
    endloop
  endfacet
  facet normal 0.946924 0 0.321458
    outer loop
      vertex -1.33962 -80.61 52.8451
      vertex -1.40059 -84 53.0247
      vertex -1.33962 -84 52.8451
    endloop
  endfacet
  facet normal -0.946924 0 -0.321458
    outer loop
      vertex 1.40059 -84 56.1753
      vertex 1.33962 -80.61 56.3549
      vertex 1.40059 -80.61 56.1753
    endloop
  endfacet
  facet normal -0.946924 -0 -0.321458
    outer loop
      vertex 1.33962 -80.61 56.3549
      vertex 1.40059 -84 56.1753
      vertex 1.33962 -84 56.3549
    endloop
  endfacet
  facet normal 0.980783 0 -0.195102
    outer loop
      vertex -1.40059 -84 56.1753
      vertex -1.43759 -80.61 55.9893
      vertex -1.40059 -80.61 56.1753
    endloop
  endfacet
  facet normal 0.980783 0 -0.195102
    outer loop
      vertex -1.43759 -80.61 55.9893
      vertex -1.40059 -84 56.1753
      vertex -1.43759 -84 55.9893
    endloop
  endfacet
  facet normal 0.83145 -0 0.5556
    outer loop
      vertex -1.25574 -84 52.675
      vertex -1.15036 -80.61 52.5173
      vertex -1.25574 -80.61 52.675
    endloop
  endfacet
  facet normal 0.83145 0 0.5556
    outer loop
      vertex -1.15036 -80.61 52.5173
      vertex -1.25574 -84 52.675
      vertex -1.15036 -84 52.5173
    endloop
  endfacet
  facet normal 0.997858 0 -0.0654169
    outer loop
      vertex -1.43759 -84 55.9893
      vertex -1.45 -80.61 55.8
      vertex -1.43759 -80.61 55.9893
    endloop
  endfacet
  facet normal 0.997858 0 -0.0654169
    outer loop
      vertex -1.45 -80.61 55.8
      vertex -1.43759 -84 55.9893
      vertex -1.45 -84 55.8
    endloop
  endfacet
  facet normal 0.896881 0 -0.442272
    outer loop
      vertex -1.25574 -84 56.525
      vertex -1.33962 -80.61 56.3549
      vertex -1.25574 -80.61 56.525
    endloop
  endfacet
  facet normal 0.896881 0 -0.442272
    outer loop
      vertex -1.33962 -80.61 56.3549
      vertex -1.25574 -84 56.525
      vertex -1.33962 -84 56.3549
    endloop
  endfacet
  facet normal -0.0653775 0 -0.997861
    outer loop
      vertex 0 -84 57.25
      vertex 0.189262 -80.61 57.2376
      vertex 0.189262 -84 57.2376
    endloop
  endfacet
  facet normal -0.0653775 0 -0.997861
    outer loop
      vertex 0.189262 -80.61 57.2376
      vertex 0 -84 57.25
      vertex 0 -80.61 57.25
    endloop
  endfacet
  facet normal -0.321594 0 -0.946878
    outer loop
      vertex 0.375287 -84 57.2006
      vertex 0.554891 -80.61 57.1396
      vertex 0.554891 -84 57.1396
    endloop
  endfacet
  facet normal -0.321594 0 -0.946878
    outer loop
      vertex 0.554891 -80.61 57.1396
      vertex 0.375287 -84 57.2006
      vertex 0.375287 -80.61 57.2006
    endloop
  endfacet
  facet normal 0 0 -1
    outer loop
      vertex -1.52998 -80.61 58.45
      vertex 1.52998 -78.5 58.45
      vertex 1.52998 -80.61 58.45
    endloop
  endfacet
  facet normal -0 0 -1
    outer loop
      vertex 1.52998 -78.5 58.45
      vertex -1.52998 -80.61 58.45
      vertex -1.52998 -78.5 58.45
    endloop
  endfacet
  facet normal 0.866025 0 -0.5
    outer loop
      vertex -1.52998 -80.61 58.45
      vertex -3.05996 -78.5 55.8
      vertex -1.52998 -78.5 58.45
    endloop
  endfacet
  facet normal 0.866025 0 -0.5
    outer loop
      vertex -3.05996 -78.5 55.8
      vertex -1.52998 -80.61 58.45
      vertex -3.05996 -80.61 55.8
    endloop
  endfacet
  facet normal -0.866025 0 -0.5
    outer loop
      vertex 3.05996 -80.61 55.8
      vertex 1.52998 -78.5 58.45
      vertex 3.05996 -78.5 55.8
    endloop
  endfacet
  facet normal -0.866025 -0 -0.5
    outer loop
      vertex 1.52998 -78.5 58.45
      vertex 3.05996 -80.61 55.8
      vertex 1.52998 -80.61 58.45
    endloop
  endfacet
  facet normal -1 0 0
    outer loop
      vertex 3.05996 -80.61 53.4
      vertex 3.05996 -78.5 55.8
      vertex 3.05996 -78.5 53.4
    endloop
  endfacet
  facet normal -1 -0 0
    outer loop
      vertex 3.05996 -78.5 55.8
      vertex 3.05996 -80.61 53.4
      vertex 3.05996 -80.61 55.8
    endloop
  endfacet
  facet normal -0.866025 0 0.5
    outer loop
      vertex 1.52998 -80.61 50.75
      vertex 3.05996 -78.5 53.4
      vertex 1.52998 -78.5 50.75
    endloop
  endfacet
  facet normal -0.866025 0 0.5
    outer loop
      vertex 3.05996 -78.5 53.4
      vertex 1.52998 -80.61 50.75
      vertex 3.05996 -80.61 53.4
    endloop
  endfacet
  facet normal -0 0 1
    outer loop
      vertex -1.52998 -78.5 50.75
      vertex 1.52998 -80.61 50.75
      vertex 1.52998 -78.5 50.75
    endloop
  endfacet
  facet normal 0 0 1
    outer loop
      vertex 1.52998 -80.61 50.75
      vertex -1.52998 -78.5 50.75
      vertex -1.52998 -80.61 50.75
    endloop
  endfacet
  facet normal 1 -0 0
    outer loop
      vertex -3.05996 -80.61 55.8
      vertex -3.05996 -78.5 53.4
      vertex -3.05996 -78.5 55.8
    endloop
  endfacet
  facet normal 1 0 0
    outer loop
      vertex -3.05996 -78.5 53.4
      vertex -3.05996 -80.61 55.8
      vertex -3.05996 -80.61 53.4
    endloop
  endfacet
  facet normal 0.866025 -0 0.5
    outer loop
      vertex -3.05996 -80.61 53.4
      vertex -1.52998 -78.5 50.75
      vertex -3.05996 -78.5 53.4
    endloop
  endfacet
  facet normal 0.866025 0 0.5
    outer loop
      vertex -1.52998 -78.5 50.75
      vertex -3.05996 -80.61 53.4
      vertex -1.52998 -80.61 50.75
    endloop
  endfacet
  facet normal 0 1 0
    outer loop
      vertex 1.52998 -80.61 58.45
      vertex 0 -80.61 57.25
      vertex -1.52998 -80.61 58.45
    endloop
  endfacet
  facet normal 0 1 0
    outer loop
      vertex 1.52998 -80.61 58.45
      vertex 0.189262 -80.61 57.2376
      vertex 0 -80.61 57.25
    endloop
  endfacet
  facet normal 0 1 0
    outer loop
      vertex 1.52998 -80.61 58.45
      vertex 0.375287 -80.61 57.2006
      vertex 0.189262 -80.61 57.2376
    endloop
  endfacet
  facet normal 0 1 0
    outer loop
      vertex 1.52998 -80.61 58.45
      vertex 0.554891 -80.61 57.1396
      vertex 0.375287 -80.61 57.2006
    endloop
  endfacet
  facet normal 0 1 0
    outer loop
      vertex 1.52998 -80.61 58.45
      vertex 0.724999 -80.61 57.0557
      vertex 0.554891 -80.61 57.1396
    endloop
  endfacet
  facet normal 0 1 0
    outer loop
      vertex 1.52998 -80.61 58.45
      vertex 0.882704 -80.61 56.9504
      vertex 0.724999 -80.61 57.0557
    endloop
  endfacet
  facet normal 0 1 0
    outer loop
      vertex 1.52998 -80.61 58.45
      vertex 1.0253 -80.61 56.8253
      vertex 0.882704 -80.61 56.9504
    endloop
  endfacet
  facet normal 0 1 0
    outer loop
      vertex 1.52998 -80.61 58.45
      vertex 1.15036 -80.61 56.6827
      vertex 1.0253 -80.61 56.8253
    endloop
  endfacet
  facet normal 0 1 0
    outer loop
      vertex 1.52998 -80.61 58.45
      vertex 1.25574 -80.61 56.525
      vertex 1.15036 -80.61 56.6827
    endloop
  endfacet
  facet normal 0 1 0
    outer loop
      vertex 3.05996 -80.61 55.8
      vertex 1.25574 -80.61 56.525
      vertex 1.52998 -80.61 58.45
    endloop
  endfacet
  facet normal 0 1 0
    outer loop
      vertex 1.25574 -80.61 56.525
      vertex 3.05996 -80.61 55.8
      vertex 1.33962 -80.61 56.3549
    endloop
  endfacet
  facet normal 0 1 0
    outer loop
      vertex 1.33962 -80.61 56.3549
      vertex 3.05996 -80.61 55.8
      vertex 1.40059 -80.61 56.1753
    endloop
  endfacet
  facet normal 0 1 0
    outer loop
      vertex 1.40059 -80.61 56.1753
      vertex 3.05996 -80.61 55.8
      vertex 1.43759 -80.61 55.9893
    endloop
  endfacet
  facet normal 0 1 0
    outer loop
      vertex 3.05996 -80.61 55.8
      vertex 1.45 -80.61 55.8
      vertex 1.43759 -80.61 55.9893
    endloop
  endfacet
  facet normal 0 1 -0
    outer loop
      vertex 3.05996 -80.61 53.4
      vertex 1.45 -80.61 55.8
      vertex 3.05996 -80.61 55.8
    endloop
  endfacet
  facet normal 0 1 0
    outer loop
      vertex 3.05996 -80.61 53.4
      vertex 1.45 -80.61 53.4
      vertex 1.45 -80.61 55.8
    endloop
  endfacet
  facet normal 0 1 0
    outer loop
      vertex 3.05996 -80.61 53.4
      vertex 1.43759 -80.61 53.2107
      vertex 1.45 -80.61 53.4
    endloop
  endfacet
  facet normal 0 1 0
    outer loop
      vertex 3.05996 -80.61 53.4
      vertex 1.40059 -80.61 53.0247
      vertex 1.43759 -80.61 53.2107
    endloop
  endfacet
  facet normal 0 1 0
    outer loop
      vertex 3.05996 -80.61 53.4
      vertex 1.33962 -80.61 52.8451
      vertex 1.40059 -80.61 53.0247
    endloop
  endfacet
  facet normal 0 1 0
    outer loop
      vertex 3.05996 -80.61 53.4
      vertex 1.25574 -80.61 52.675
      vertex 1.33962 -80.61 52.8451
    endloop
  endfacet
  facet normal 0 1 -0
    outer loop
      vertex 1.52998 -80.61 50.75
      vertex 1.25574 -80.61 52.675
      vertex 3.05996 -80.61 53.4
    endloop
  endfacet
  facet normal 0 1 0
    outer loop
      vertex 1.25574 -80.61 52.675
      vertex 1.52998 -80.61 50.75
      vertex 1.15036 -80.61 52.5173
    endloop
  endfacet
  facet normal 0 1 0
    outer loop
      vertex 1.15036 -80.61 52.5173
      vertex 1.52998 -80.61 50.75
      vertex 1.0253 -80.61 52.3747
    endloop
  endfacet
  facet normal 0 1 0
    outer loop
      vertex 1.0253 -80.61 52.3747
      vertex 1.52998 -80.61 50.75
      vertex 0.882704 -80.61 52.2496
    endloop
  endfacet
  facet normal 0 1 0
    outer loop
      vertex 0.189262 -80.61 51.9624
      vertex 1.52998 -80.61 50.75
      vertex 0 -80.61 51.95
    endloop
  endfacet
  facet normal 0 1 0
    outer loop
      vertex 0.375287 -80.61 51.9994
      vertex 1.52998 -80.61 50.75
      vertex 0.189262 -80.61 51.9624
    endloop
  endfacet
  facet normal 0 1 0
    outer loop
      vertex 0.554891 -80.61 52.0604
      vertex 1.52998 -80.61 50.75
      vertex 0.375287 -80.61 51.9994
    endloop
  endfacet
  facet normal 0 1 0
    outer loop
      vertex 0.724999 -80.61 52.1443
      vertex 1.52998 -80.61 50.75
      vertex 0.554891 -80.61 52.0604
    endloop
  endfacet
  facet normal 0 1 0
    outer loop
      vertex 0.882704 -80.61 52.2496
      vertex 1.52998 -80.61 50.75
      vertex 0.724999 -80.61 52.1443
    endloop
  endfacet
  facet normal 0 1 -0
    outer loop
      vertex -0.189262 -80.61 57.2376
      vertex -1.52998 -80.61 58.45
      vertex 0 -80.61 57.25
    endloop
  endfacet
  facet normal 0 1 -0
    outer loop
      vertex -0.375287 -80.61 57.2006
      vertex -1.52998 -80.61 58.45
      vertex -0.189262 -80.61 57.2376
    endloop
  endfacet
  facet normal 0 1 -0
    outer loop
      vertex -0.554891 -80.61 57.1396
      vertex -1.52998 -80.61 58.45
      vertex -0.375287 -80.61 57.2006
    endloop
  endfacet
  facet normal 0 1 -0
    outer loop
      vertex -0.724999 -80.61 57.0557
      vertex -1.52998 -80.61 58.45
      vertex -0.554891 -80.61 57.1396
    endloop
  endfacet
  facet normal 0 1 -0
    outer loop
      vertex -0.882704 -80.61 56.9504
      vertex -1.52998 -80.61 58.45
      vertex -0.724999 -80.61 57.0557
    endloop
  endfacet
  facet normal 0 1 -0
    outer loop
      vertex -1.0253 -80.61 56.8253
      vertex -1.52998 -80.61 58.45
      vertex -0.882704 -80.61 56.9504
    endloop
  endfacet
  facet normal 0 1 -0
    outer loop
      vertex -1.15036 -80.61 56.6827
      vertex -1.52998 -80.61 58.45
      vertex -1.0253 -80.61 56.8253
    endloop
  endfacet
  facet normal 0 1 -0
    outer loop
      vertex -1.25574 -80.61 56.525
      vertex -1.52998 -80.61 58.45
      vertex -1.15036 -80.61 56.6827
    endloop
  endfacet
  facet normal 0 1 0
    outer loop
      vertex -3.05996 -80.61 55.8
      vertex -1.25574 -80.61 56.525
      vertex -1.33962 -80.61 56.3549
    endloop
  endfacet
  facet normal 0 1 0
    outer loop
      vertex -3.05996 -80.61 55.8
      vertex -1.33962 -80.61 56.3549
      vertex -1.40059 -80.61 56.1753
    endloop
  endfacet
  facet normal 0 1 0
    outer loop
      vertex -3.05996 -80.61 55.8
      vertex -1.40059 -80.61 56.1753
      vertex -1.43759 -80.61 55.9893
    endloop
  endfacet
  facet normal 0 1 0
    outer loop
      vertex -3.05996 -80.61 55.8
      vertex -1.43759 -80.61 55.9893
      vertex -1.45 -80.61 55.8
    endloop
  endfacet
  facet normal 0 1 0
    outer loop
      vertex -1.25574 -80.61 56.525
      vertex -3.05996 -80.61 55.8
      vertex -1.52998 -80.61 58.45
    endloop
  endfacet
  facet normal 0 1 -0
    outer loop
      vertex -1.45 -80.61 53.4
      vertex -3.05996 -80.61 55.8
      vertex -1.45 -80.61 55.8
    endloop
  endfacet
  facet normal 0 1 0
    outer loop
      vertex -1.45 -80.61 53.4
      vertex -3.05996 -80.61 53.4
      vertex -3.05996 -80.61 55.8
    endloop
  endfacet
  facet normal 0 1 0
    outer loop
      vertex -1.43759 -80.61 53.2107
      vertex -3.05996 -80.61 53.4
      vertex -1.45 -80.61 53.4
    endloop
  endfacet
  facet normal 0 1 0
    outer loop
      vertex -1.40059 -80.61 53.0247
      vertex -3.05996 -80.61 53.4
      vertex -1.43759 -80.61 53.2107
    endloop
  endfacet
  facet normal 0 1 0
    outer loop
      vertex -1.33962 -80.61 52.8451
      vertex -3.05996 -80.61 53.4
      vertex -1.40059 -80.61 53.0247
    endloop
  endfacet
  facet normal 0 1 0
    outer loop
      vertex -1.25574 -80.61 52.675
      vertex -3.05996 -80.61 53.4
      vertex -1.33962 -80.61 52.8451
    endloop
  endfacet
  facet normal 0 1 0
    outer loop
      vertex -1.52998 -80.61 50.75
      vertex -1.25574 -80.61 52.675
      vertex -1.15036 -80.61 52.5173
    endloop
  endfacet
  facet normal 0 1 0
    outer loop
      vertex -1.52998 -80.61 50.75
      vertex -1.15036 -80.61 52.5173
      vertex -1.0253 -80.61 52.3747
    endloop
  endfacet
  facet normal 0 1 0
    outer loop
      vertex -1.52998 -80.61 50.75
      vertex -1.0253 -80.61 52.3747
      vertex -0.882704 -80.61 52.2496
    endloop
  endfacet
  facet normal 0 1 0
    outer loop
      vertex -1.52998 -80.61 50.75
      vertex -0.882704 -80.61 52.2496
      vertex -0.724999 -80.61 52.1443
    endloop
  endfacet
  facet normal 0 1 0
    outer loop
      vertex -1.52998 -80.61 50.75
      vertex 0 -80.61 51.95
      vertex 1.52998 -80.61 50.75
    endloop
  endfacet
  facet normal 0 1 0
    outer loop
      vertex 0 -80.61 51.95
      vertex -1.52998 -80.61 50.75
      vertex -0.189262 -80.61 51.9624
    endloop
  endfacet
  facet normal 0 1 0
    outer loop
      vertex -0.189262 -80.61 51.9624
      vertex -1.52998 -80.61 50.75
      vertex -0.375287 -80.61 51.9994
    endloop
  endfacet
  facet normal 0 1 0
    outer loop
      vertex -0.375287 -80.61 51.9994
      vertex -1.52998 -80.61 50.75
      vertex -0.554891 -80.61 52.0604
    endloop
  endfacet
  facet normal 0 1 0
    outer loop
      vertex -0.554891 -80.61 52.0604
      vertex -1.52998 -80.61 50.75
      vertex -0.724999 -80.61 52.1443
    endloop
  endfacet
  facet normal 0 1 0
    outer loop
      vertex -1.25574 -80.61 52.675
      vertex -1.52998 -80.61 50.75
      vertex -3.05996 -80.61 53.4
    endloop
  endfacet
  facet normal -0.980757 -0.195234 0
    outer loop
      vertex -30.7111 -5.83032 54
      vertex -30.7443 -5.66354 62
      vertex -30.7443 -5.66354 54
    endloop
  endfacet
  facet normal -0.980757 -0.195234 0
    outer loop
      vertex -30.7443 -5.66354 62
      vertex -30.7111 -5.83032 54
      vertex -30.7111 -5.83032 62
    endloop
  endfacet
  facet normal -0.997867 -0.0652777 0
    outer loop
      vertex -30.7 -6 54
      vertex -30.7111 -5.83032 62
      vertex -30.7111 -5.83032 54
    endloop
  endfacet
  facet normal -0.997867 -0.0652777 0
    outer loop
      vertex -30.7111 -5.83032 62
      vertex -30.7 -6 54
      vertex -30.7 -6 62
    endloop
  endfacet
  facet normal -0.946863 -0.321638 0
    outer loop
      vertex -30.7443 -5.66354 54
      vertex -30.799 -5.50251 62
      vertex -30.799 -5.50251 54
    endloop
  endfacet
  facet normal -0.946863 -0.321638 0
    outer loop
      vertex -30.799 -5.50251 62
      vertex -30.7443 -5.66354 54
      vertex -30.7443 -5.66354 62
    endloop
  endfacet
  facet normal 0.442314 -0.89686 0
    outer loop
      vertex -32.65 -4.87417 54
      vertex -32.4975 -4.79896 62
      vertex -32.65 -4.87417 62
    endloop
  endfacet
  facet normal 0.442314 -0.89686 0
    outer loop
      vertex -32.4975 -4.79896 62
      vertex -32.65 -4.87417 54
      vertex -32.4975 -4.79896 54
    endloop
  endfacet
  facet normal -0.896895 -0.442243 0
    outer loop
      vertex -30.799 -5.50251 54
      vertex -30.8742 -5.35 62
      vertex -30.8742 -5.35 54
    endloop
  endfacet
  facet normal -0.896895 -0.442243 0
    outer loop
      vertex -30.8742 -5.35 62
      vertex -30.799 -5.50251 54
      vertex -30.799 -5.50251 62
    endloop
  endfacet
  facet normal -0.83167 -0.55527 0
    outer loop
      vertex -30.8742 -5.35 54
      vertex -30.9686 -5.20861 62
      vertex -30.9686 -5.20861 54
    endloop
  endfacet
  facet normal -0.83167 -0.55527 0
    outer loop
      vertex -30.9686 -5.20861 62
      vertex -30.8742 -5.35 54
      vertex -30.8742 -5.35 62
    endloop
  endfacet
  facet normal -0.0653872 0.99786 0
    outer loop
      vertex -31.8303 -7.28888 54
      vertex -32 -7.3 62
      vertex -31.8303 -7.28888 62
    endloop
  endfacet
  facet normal -0.0653872 0.99786 0
    outer loop
      vertex -32 -7.3 62
      vertex -31.8303 -7.28888 54
      vertex -32 -7.3 54
    endloop
  endfacet
  facet normal -0.442314 -0.89686 0
    outer loop
      vertex -31.5025 -4.79896 54
      vertex -31.35 -4.87417 62
      vertex -31.5025 -4.79896 62
    endloop
  endfacet
  facet normal -0.442314 -0.89686 -0
    outer loop
      vertex -31.35 -4.87417 62
      vertex -31.5025 -4.79896 54
      vertex -31.35 -4.87417 54
    endloop
  endfacet
  facet normal 0.751611 -0.659607 0
    outer loop
      vertex -33.0314 -5.20861 62
      vertex -32.9192 -5.08076 54
      vertex -32.9192 -5.08076 62
    endloop
  endfacet
  facet normal 0.751611 -0.659607 0
    outer loop
      vertex -32.9192 -5.08076 54
      vertex -33.0314 -5.20861 62
      vertex -33.0314 -5.20861 54
    endloop
  endfacet
  facet normal 0.195098 -0.980784 0
    outer loop
      vertex -32.3365 -4.7443 54
      vertex -32.1697 -4.71112 62
      vertex -32.3365 -4.7443 62
    endloop
  endfacet
  facet normal 0.195098 -0.980784 0
    outer loop
      vertex -32.1697 -4.71112 62
      vertex -32.3365 -4.7443 54
      vertex -32.1697 -4.71112 54
    endloop
  endfacet
  facet normal -0.751611 -0.659607 0
    outer loop
      vertex -30.9686 -5.20861 54
      vertex -31.0808 -5.08076 62
      vertex -31.0808 -5.08076 54
    endloop
  endfacet
  facet normal -0.751611 -0.659607 0
    outer loop
      vertex -31.0808 -5.08076 62
      vertex -30.9686 -5.20861 54
      vertex -30.9686 -5.20861 62
    endloop
  endfacet
  facet normal -0.980757 0.195234 0
    outer loop
      vertex -30.7443 -6.33646 54
      vertex -30.7111 -6.16968 62
      vertex -30.7111 -6.16968 54
    endloop
  endfacet
  facet normal -0.980757 0.195234 0
    outer loop
      vertex -30.7111 -6.16968 62
      vertex -30.7443 -6.33646 54
      vertex -30.7443 -6.33646 62
    endloop
  endfacet
  facet normal 0 0 1
    outer loop
      vertex -30.7111 -5.83032 54
      vertex -30.7111 -6.16968 54
      vertex -30.7 -6 54
    endloop
  endfacet
  facet normal 0 0 1
    outer loop
      vertex -30.7443 -5.66354 54
      vertex -30.7111 -6.16968 54
      vertex -30.7111 -5.83032 54
    endloop
  endfacet
  facet normal 0 0 1
    outer loop
      vertex -30.7443 -5.66354 54
      vertex -30.7443 -6.33646 54
      vertex -30.7111 -6.16968 54
    endloop
  endfacet
  facet normal 0 0 1
    outer loop
      vertex -30.799 -5.50251 54
      vertex -30.7443 -6.33646 54
      vertex -30.7443 -5.66354 54
    endloop
  endfacet
  facet normal 0 0 1
    outer loop
      vertex -30.799 -5.50251 54
      vertex -30.799 -6.49749 54
      vertex -30.7443 -6.33646 54
    endloop
  endfacet
  facet normal 0 0 1
    outer loop
      vertex -30.8742 -5.35 54
      vertex -30.799 -6.49749 54
      vertex -30.799 -5.50251 54
    endloop
  endfacet
  facet normal 0 0 1
    outer loop
      vertex -30.8742 -5.35 54
      vertex -30.8742 -6.65 54
      vertex -30.799 -6.49749 54
    endloop
  endfacet
  facet normal 0 0 1
    outer loop
      vertex -30.9686 -5.20861 54
      vertex -30.8742 -6.65 54
      vertex -30.8742 -5.35 54
    endloop
  endfacet
  facet normal 0 0 1
    outer loop
      vertex -30.9686 -5.20861 54
      vertex -30.9686 -6.79139 54
      vertex -30.8742 -6.65 54
    endloop
  endfacet
  facet normal 0 0 1
    outer loop
      vertex -31.0808 -5.08076 54
      vertex -30.9686 -6.79139 54
      vertex -30.9686 -5.20861 54
    endloop
  endfacet
  facet normal 0 0 1
    outer loop
      vertex -31.0808 -5.08076 54
      vertex -31.0808 -6.91924 54
      vertex -30.9686 -6.79139 54
    endloop
  endfacet
  facet normal 0 0 1
    outer loop
      vertex -31.2086 -4.96864 54
      vertex -31.0808 -6.91924 54
      vertex -31.0808 -5.08076 54
    endloop
  endfacet
  facet normal 0 0 1
    outer loop
      vertex -31.2086 -4.96864 54
      vertex -31.2086 -7.03136 54
      vertex -31.0808 -6.91924 54
    endloop
  endfacet
  facet normal 0 0 1
    outer loop
      vertex -31.35 -4.87417 54
      vertex -31.2086 -7.03136 54
      vertex -31.2086 -4.96864 54
    endloop
  endfacet
  facet normal 0 0 1
    outer loop
      vertex -31.35 -4.87417 54
      vertex -31.35 -7.12583 54
      vertex -31.2086 -7.03136 54
    endloop
  endfacet
  facet normal 0 0 1
    outer loop
      vertex -31.5025 -4.79896 54
      vertex -31.35 -7.12583 54
      vertex -31.35 -4.87417 54
    endloop
  endfacet
  facet normal 0 0 1
    outer loop
      vertex -31.5025 -4.79896 54
      vertex -31.5025 -7.20104 54
      vertex -31.35 -7.12583 54
    endloop
  endfacet
  facet normal 0 0 1
    outer loop
      vertex -31.6635 -4.7443 54
      vertex -31.5025 -7.20104 54
      vertex -31.5025 -4.79896 54
    endloop
  endfacet
  facet normal 0 0 1
    outer loop
      vertex -31.6635 -4.7443 54
      vertex -31.6635 -7.2557 54
      vertex -31.5025 -7.20104 54
    endloop
  endfacet
  facet normal 0 0 1
    outer loop
      vertex -31.8303 -4.71112 54
      vertex -31.6635 -7.2557 54
      vertex -31.6635 -4.7443 54
    endloop
  endfacet
  facet normal 0 0 1
    outer loop
      vertex -31.8303 -4.71112 54
      vertex -31.8303 -7.28888 54
      vertex -31.6635 -7.2557 54
    endloop
  endfacet
  facet normal 0 0 1
    outer loop
      vertex -32 -4.7 54
      vertex -31.8303 -7.28888 54
      vertex -31.8303 -4.71112 54
    endloop
  endfacet
  facet normal 0 0 1
    outer loop
      vertex -32 -4.7 54
      vertex -32 -7.3 54
      vertex -31.8303 -7.28888 54
    endloop
  endfacet
  facet normal -0 0 1
    outer loop
      vertex -32.1697 -4.71112 54
      vertex -32 -7.3 54
      vertex -32 -4.7 54
    endloop
  endfacet
  facet normal 0 0 1
    outer loop
      vertex -32.1697 -4.71112 54
      vertex -32.1697 -7.28888 54
      vertex -32 -7.3 54
    endloop
  endfacet
  facet normal -0 0 1
    outer loop
      vertex -32.3365 -4.7443 54
      vertex -32.1697 -7.28888 54
      vertex -32.1697 -4.71112 54
    endloop
  endfacet
  facet normal 0 0 1
    outer loop
      vertex -32.3365 -4.7443 54
      vertex -32.3365 -7.2557 54
      vertex -32.1697 -7.28888 54
    endloop
  endfacet
  facet normal -0 0 1
    outer loop
      vertex -32.4975 -4.79896 54
      vertex -32.3365 -7.2557 54
      vertex -32.3365 -4.7443 54
    endloop
  endfacet
  facet normal 0 0 1
    outer loop
      vertex -32.4975 -4.79896 54
      vertex -32.4975 -7.20104 54
      vertex -32.3365 -7.2557 54
    endloop
  endfacet
  facet normal -0 0 1
    outer loop
      vertex -32.65 -4.87417 54
      vertex -32.4975 -7.20104 54
      vertex -32.4975 -4.79896 54
    endloop
  endfacet
  facet normal 0 0 1
    outer loop
      vertex -32.65 -4.87417 54
      vertex -32.65 -7.12583 54
      vertex -32.4975 -7.20104 54
    endloop
  endfacet
  facet normal -0 0 1
    outer loop
      vertex -32.7914 -4.96864 54
      vertex -32.65 -7.12583 54
      vertex -32.65 -4.87417 54
    endloop
  endfacet
  facet normal 0 0 1
    outer loop
      vertex -32.7914 -4.96864 54
      vertex -32.7914 -7.03136 54
      vertex -32.65 -7.12583 54
    endloop
  endfacet
  facet normal -0 0 1
    outer loop
      vertex -32.9192 -5.08076 54
      vertex -32.7914 -7.03136 54
      vertex -32.7914 -4.96864 54
    endloop
  endfacet
  facet normal 0 0 1
    outer loop
      vertex -32.9192 -5.08076 54
      vertex -32.9192 -6.91924 54
      vertex -32.7914 -7.03136 54
    endloop
  endfacet
  facet normal -0 0 1
    outer loop
      vertex -33.0314 -5.20861 54
      vertex -32.9192 -6.91924 54
      vertex -32.9192 -5.08076 54
    endloop
  endfacet
  facet normal 0 0 1
    outer loop
      vertex -33.0314 -5.20861 54
      vertex -33.0314 -6.79139 54
      vertex -32.9192 -6.91924 54
    endloop
  endfacet
  facet normal -0 0 1
    outer loop
      vertex -33.1258 -5.35 54
      vertex -33.0314 -6.79139 54
      vertex -33.0314 -5.20861 54
    endloop
  endfacet
  facet normal 0 0 1
    outer loop
      vertex -33.1258 -5.35 54
      vertex -33.1258 -6.65 54
      vertex -33.0314 -6.79139 54
    endloop
  endfacet
  facet normal -0 0 1
    outer loop
      vertex -33.201 -5.50251 54
      vertex -33.1258 -6.65 54
      vertex -33.1258 -5.35 54
    endloop
  endfacet
  facet normal 0 0 1
    outer loop
      vertex -33.201 -5.50251 54
      vertex -33.201 -6.49749 54
      vertex -33.1258 -6.65 54
    endloop
  endfacet
  facet normal -0 0 1
    outer loop
      vertex -33.2557 -5.66354 54
      vertex -33.201 -6.49749 54
      vertex -33.201 -5.50251 54
    endloop
  endfacet
  facet normal 0 0 1
    outer loop
      vertex -33.2557 -5.66354 54
      vertex -33.2557 -6.33646 54
      vertex -33.201 -6.49749 54
    endloop
  endfacet
  facet normal -0 0 1
    outer loop
      vertex -33.2889 -5.83032 54
      vertex -33.2557 -6.33646 54
      vertex -33.2557 -5.66354 54
    endloop
  endfacet
  facet normal 0 0 1
    outer loop
      vertex -33.2889 -5.83032 54
      vertex -33.2889 -6.16968 54
      vertex -33.2557 -6.33646 54
    endloop
  endfacet
  facet normal 0 -0 1
    outer loop
      vertex -33.2889 -6.16968 54
      vertex -33.2889 -5.83032 54
      vertex -33.3 -6 54
    endloop
  endfacet
  facet normal 0.659487 -0.751716 0
    outer loop
      vertex -32.9192 -5.08076 54
      vertex -32.7914 -4.96864 62
      vertex -32.9192 -5.08076 62
    endloop
  endfacet
  facet normal 0.659487 -0.751716 0
    outer loop
      vertex -32.7914 -4.96864 62
      vertex -32.9192 -5.08076 54
      vertex -32.7914 -4.96864 54
    endloop
  endfacet
  facet normal 0.321481 -0.946916 0
    outer loop
      vertex -32.4975 -4.79896 54
      vertex -32.3365 -4.7443 62
      vertex -32.4975 -4.79896 62
    endloop
  endfacet
  facet normal 0.321481 -0.946916 0
    outer loop
      vertex -32.3365 -4.7443 62
      vertex -32.4975 -4.79896 54
      vertex -32.3365 -4.7443 54
    endloop
  endfacet
  facet normal -0.83167 0.55527 0
    outer loop
      vertex -30.9686 -6.79139 54
      vertex -30.8742 -6.65 62
      vertex -30.8742 -6.65 54
    endloop
  endfacet
  facet normal -0.83167 0.55527 0
    outer loop
      vertex -30.8742 -6.65 62
      vertex -30.9686 -6.79139 54
      vertex -30.9686 -6.79139 62
    endloop
  endfacet
  facet normal 0.83167 -0.55527 0
    outer loop
      vertex -33.1258 -5.35 62
      vertex -33.0314 -5.20861 54
      vertex -33.0314 -5.20861 62
    endloop
  endfacet
  facet normal 0.83167 -0.55527 0
    outer loop
      vertex -33.0314 -5.20861 54
      vertex -33.1258 -5.35 62
      vertex -33.1258 -5.35 54
    endloop
  endfacet
  facet normal 0.980757 -0.195234 0
    outer loop
      vertex -33.2889 -5.83032 62
      vertex -33.2557 -5.66354 54
      vertex -33.2557 -5.66354 62
    endloop
  endfacet
  facet normal 0.980757 -0.195234 0
    outer loop
      vertex -33.2557 -5.66354 54
      vertex -33.2889 -5.83032 62
      vertex -33.2889 -5.83032 54
    endloop
  endfacet
  facet normal -0.946863 0.321638 0
    outer loop
      vertex -30.799 -6.49749 54
      vertex -30.7443 -6.33646 62
      vertex -30.7443 -6.33646 54
    endloop
  endfacet
  facet normal -0.946863 0.321638 0
    outer loop
      vertex -30.7443 -6.33646 62
      vertex -30.799 -6.49749 54
      vertex -30.799 -6.49749 62
    endloop
  endfacet
  facet normal 0.997867 -0.0652777 0
    outer loop
      vertex -33.3 -6 62
      vertex -33.2889 -5.83032 54
      vertex -33.2889 -5.83032 62
    endloop
  endfacet
  facet normal 0.997867 -0.0652777 0
    outer loop
      vertex -33.2889 -5.83032 54
      vertex -33.3 -6 62
      vertex -33.3 -6 54
    endloop
  endfacet
  facet normal 0.195098 0.980784 -0
    outer loop
      vertex -32.1697 -7.28888 54
      vertex -32.3365 -7.2557 62
      vertex -32.1697 -7.28888 62
    endloop
  endfacet
  facet normal 0.195098 0.980784 0
    outer loop
      vertex -32.3365 -7.2557 62
      vertex -32.1697 -7.28888 54
      vertex -32.3365 -7.2557 54
    endloop
  endfacet
  facet normal 0.980757 0.195234 0
    outer loop
      vertex -33.2557 -6.33646 62
      vertex -33.2889 -6.16968 54
      vertex -33.2889 -6.16968 62
    endloop
  endfacet
  facet normal 0.980757 0.195234 0
    outer loop
      vertex -33.2889 -6.16968 54
      vertex -33.2557 -6.33646 62
      vertex -33.2557 -6.33646 54
    endloop
  endfacet
  facet normal -0.555528 -0.831498 0
    outer loop
      vertex -31.35 -4.87417 54
      vertex -31.2086 -4.96864 62
      vertex -31.35 -4.87417 62
    endloop
  endfacet
  facet normal -0.555528 -0.831498 -0
    outer loop
      vertex -31.2086 -4.96864 62
      vertex -31.35 -4.87417 54
      vertex -31.2086 -4.96864 54
    endloop
  endfacet
  facet normal -0.195098 0.980784 0
    outer loop
      vertex -31.6635 -7.2557 54
      vertex -31.8303 -7.28888 62
      vertex -31.6635 -7.2557 62
    endloop
  endfacet
  facet normal -0.195098 0.980784 0
    outer loop
      vertex -31.8303 -7.28888 62
      vertex -31.6635 -7.2557 54
      vertex -31.8303 -7.28888 54
    endloop
  endfacet
  facet normal 0.896895 0.442243 0
    outer loop
      vertex -33.1258 -6.65 62
      vertex -33.201 -6.49749 54
      vertex -33.201 -6.49749 62
    endloop
  endfacet
  facet normal 0.896895 0.442243 0
    outer loop
      vertex -33.201 -6.49749 54
      vertex -33.1258 -6.65 62
      vertex -33.1258 -6.65 54
    endloop
  endfacet
  facet normal -0.896895 0.442243 0
    outer loop
      vertex -30.8742 -6.65 54
      vertex -30.799 -6.49749 62
      vertex -30.799 -6.49749 54
    endloop
  endfacet
  facet normal -0.896895 0.442243 0
    outer loop
      vertex -30.799 -6.49749 62
      vertex -30.8742 -6.65 54
      vertex -30.8742 -6.65 62
    endloop
  endfacet
  facet normal -0.659487 -0.751716 0
    outer loop
      vertex -31.2086 -4.96864 54
      vertex -31.0808 -5.08076 62
      vertex -31.2086 -4.96864 62
    endloop
  endfacet
  facet normal -0.659487 -0.751716 -0
    outer loop
      vertex -31.0808 -5.08076 62
      vertex -31.2086 -4.96864 54
      vertex -31.0808 -5.08076 54
    endloop
  endfacet
  facet normal 0.946863 0.321638 0
    outer loop
      vertex -33.201 -6.49749 62
      vertex -33.2557 -6.33646 54
      vertex -33.2557 -6.33646 62
    endloop
  endfacet
  facet normal 0.946863 0.321638 0
    outer loop
      vertex -33.2557 -6.33646 54
      vertex -33.201 -6.49749 62
      vertex -33.201 -6.49749 54
    endloop
  endfacet
  facet normal 0.0653872 0.99786 -0
    outer loop
      vertex -32 -7.3 54
      vertex -32.1697 -7.28888 62
      vertex -32 -7.3 62
    endloop
  endfacet
  facet normal 0.0653872 0.99786 0
    outer loop
      vertex -32.1697 -7.28888 62
      vertex -32 -7.3 54
      vertex -32.1697 -7.28888 54
    endloop
  endfacet
  facet normal -0.442314 0.89686 0
    outer loop
      vertex -31.35 -7.12583 54
      vertex -31.5025 -7.20104 62
      vertex -31.35 -7.12583 62
    endloop
  endfacet
  facet normal -0.442314 0.89686 0
    outer loop
      vertex -31.5025 -7.20104 62
      vertex -31.35 -7.12583 54
      vertex -31.5025 -7.20104 54
    endloop
  endfacet
  facet normal 0.751611 0.659607 0
    outer loop
      vertex -32.9192 -6.91924 62
      vertex -33.0314 -6.79139 54
      vertex -33.0314 -6.79139 62
    endloop
  endfacet
  facet normal 0.751611 0.659607 0
    outer loop
      vertex -33.0314 -6.79139 54
      vertex -32.9192 -6.91924 62
      vertex -32.9192 -6.91924 54
    endloop
  endfacet
  facet normal 0.896895 -0.442243 0
    outer loop
      vertex -33.201 -5.50251 62
      vertex -33.1258 -5.35 54
      vertex -33.1258 -5.35 62
    endloop
  endfacet
  facet normal 0.896895 -0.442243 0
    outer loop
      vertex -33.1258 -5.35 54
      vertex -33.201 -5.50251 62
      vertex -33.201 -5.50251 54
    endloop
  endfacet
  facet normal -0.321481 0.946916 0
    outer loop
      vertex -31.5025 -7.20104 54
      vertex -31.6635 -7.2557 62
      vertex -31.5025 -7.20104 62
    endloop
  endfacet
  facet normal -0.321481 0.946916 0
    outer loop
      vertex -31.6635 -7.2557 62
      vertex -31.5025 -7.20104 54
      vertex -31.6635 -7.2557 54
    endloop
  endfacet
  facet normal 0.997867 0.0652777 0
    outer loop
      vertex -33.2889 -6.16968 62
      vertex -33.3 -6 54
      vertex -33.3 -6 62
    endloop
  endfacet
  facet normal 0.997867 0.0652777 0
    outer loop
      vertex -33.3 -6 54
      vertex -33.2889 -6.16968 62
      vertex -33.2889 -6.16968 54
    endloop
  endfacet
  facet normal -0.0653872 -0.99786 0
    outer loop
      vertex -32 -4.7 54
      vertex -31.8303 -4.71112 62
      vertex -32 -4.7 62
    endloop
  endfacet
  facet normal -0.0653872 -0.99786 -0
    outer loop
      vertex -31.8303 -4.71112 62
      vertex -32 -4.7 54
      vertex -31.8303 -4.71112 54
    endloop
  endfacet
  facet normal -0.751611 0.659607 0
    outer loop
      vertex -31.0808 -6.91924 54
      vertex -30.9686 -6.79139 62
      vertex -30.9686 -6.79139 54
    endloop
  endfacet
  facet normal -0.751611 0.659607 0
    outer loop
      vertex -30.9686 -6.79139 62
      vertex -31.0808 -6.91924 54
      vertex -31.0808 -6.91924 62
    endloop
  endfacet
  facet normal -0.997867 0.0652777 0
    outer loop
      vertex -30.7111 -6.16968 54
      vertex -30.7 -6 62
      vertex -30.7 -6 54
    endloop
  endfacet
  facet normal -0.997867 0.0652777 0
    outer loop
      vertex -30.7 -6 62
      vertex -30.7111 -6.16968 54
      vertex -30.7111 -6.16968 62
    endloop
  endfacet
  facet normal 0.0653872 -0.99786 0
    outer loop
      vertex -32.1697 -4.71112 54
      vertex -32 -4.7 62
      vertex -32.1697 -4.71112 62
    endloop
  endfacet
  facet normal 0.0653872 -0.99786 0
    outer loop
      vertex -32 -4.7 62
      vertex -32.1697 -4.71112 54
      vertex -32 -4.7 54
    endloop
  endfacet
  facet normal 0.555528 -0.831498 0
    outer loop
      vertex -32.7914 -4.96864 54
      vertex -32.65 -4.87417 62
      vertex -32.7914 -4.96864 62
    endloop
  endfacet
  facet normal 0.555528 -0.831498 0
    outer loop
      vertex -32.65 -4.87417 62
      vertex -32.7914 -4.96864 54
      vertex -32.65 -4.87417 54
    endloop
  endfacet
  facet normal 0.321481 0.946916 -0
    outer loop
      vertex -32.3365 -7.2557 54
      vertex -32.4975 -7.20104 62
      vertex -32.3365 -7.2557 62
    endloop
  endfacet
  facet normal 0.321481 0.946916 0
    outer loop
      vertex -32.4975 -7.20104 62
      vertex -32.3365 -7.2557 54
      vertex -32.4975 -7.20104 54
    endloop
  endfacet
  facet normal 0.946863 -0.321638 0
    outer loop
      vertex -33.2557 -5.66354 62
      vertex -33.201 -5.50251 54
      vertex -33.201 -5.50251 62
    endloop
  endfacet
  facet normal 0.946863 -0.321638 0
    outer loop
      vertex -33.201 -5.50251 54
      vertex -33.2557 -5.66354 62
      vertex -33.2557 -5.66354 54
    endloop
  endfacet
  facet normal 0.659487 0.751716 -0
    outer loop
      vertex -32.7914 -7.03136 54
      vertex -32.9192 -6.91924 62
      vertex -32.7914 -7.03136 62
    endloop
  endfacet
  facet normal 0.659487 0.751716 0
    outer loop
      vertex -32.9192 -6.91924 62
      vertex -32.7914 -7.03136 54
      vertex -32.9192 -6.91924 54
    endloop
  endfacet
  facet normal -0.195098 -0.980784 0
    outer loop
      vertex -31.8303 -4.71112 54
      vertex -31.6635 -4.7443 62
      vertex -31.8303 -4.71112 62
    endloop
  endfacet
  facet normal -0.195098 -0.980784 -0
    outer loop
      vertex -31.6635 -4.7443 62
      vertex -31.8303 -4.71112 54
      vertex -31.6635 -4.7443 54
    endloop
  endfacet
  facet normal -0.659487 0.751716 0
    outer loop
      vertex -31.0808 -6.91924 54
      vertex -31.2086 -7.03136 62
      vertex -31.0808 -6.91924 62
    endloop
  endfacet
  facet normal -0.659487 0.751716 0
    outer loop
      vertex -31.2086 -7.03136 62
      vertex -31.0808 -6.91924 54
      vertex -31.2086 -7.03136 54
    endloop
  endfacet
  facet normal -0.555528 0.831498 0
    outer loop
      vertex -31.2086 -7.03136 54
      vertex -31.35 -7.12583 62
      vertex -31.2086 -7.03136 62
    endloop
  endfacet
  facet normal -0.555528 0.831498 0
    outer loop
      vertex -31.35 -7.12583 62
      vertex -31.2086 -7.03136 54
      vertex -31.35 -7.12583 54
    endloop
  endfacet
  facet normal -0.321481 -0.946916 0
    outer loop
      vertex -31.6635 -4.7443 54
      vertex -31.5025 -4.79896 62
      vertex -31.6635 -4.7443 62
    endloop
  endfacet
  facet normal -0.321481 -0.946916 -0
    outer loop
      vertex -31.5025 -4.79896 62
      vertex -31.6635 -4.7443 54
      vertex -31.5025 -4.79896 54
    endloop
  endfacet
  facet normal 0.555528 0.831498 -0
    outer loop
      vertex -32.65 -7.12583 54
      vertex -32.7914 -7.03136 62
      vertex -32.65 -7.12583 62
    endloop
  endfacet
  facet normal 0.555528 0.831498 0
    outer loop
      vertex -32.7914 -7.03136 62
      vertex -32.65 -7.12583 54
      vertex -32.7914 -7.03136 54
    endloop
  endfacet
  facet normal 0.442314 0.89686 -0
    outer loop
      vertex -32.4975 -7.20104 54
      vertex -32.65 -7.12583 62
      vertex -32.4975 -7.20104 62
    endloop
  endfacet
  facet normal 0.442314 0.89686 0
    outer loop
      vertex -32.65 -7.12583 62
      vertex -32.4975 -7.20104 54
      vertex -32.65 -7.12583 54
    endloop
  endfacet
  facet normal 0.83167 0.55527 0
    outer loop
      vertex -33.0314 -6.79139 62
      vertex -33.1258 -6.65 54
      vertex -33.1258 -6.65 62
    endloop
  endfacet
  facet normal 0.83167 0.55527 0
    outer loop
      vertex -33.1258 -6.65 54
      vertex -33.0314 -6.79139 62
      vertex -33.0314 -6.79139 54
    endloop
  endfacet
  facet normal -0.980761 -0.195211 0
    outer loop
      vertex -30.7111 -77.8303 54
      vertex -30.7443 -77.6635 62
      vertex -30.7443 -77.6635 54
    endloop
  endfacet
  facet normal -0.980761 -0.195211 0
    outer loop
      vertex -30.7443 -77.6635 62
      vertex -30.7111 -77.8303 54
      vertex -30.7111 -77.8303 62
    endloop
  endfacet
  facet normal -0.997868 -0.0652701 0
    outer loop
      vertex -30.7 -78 54
      vertex -30.7111 -77.8303 62
      vertex -30.7111 -77.8303 54
    endloop
  endfacet
  facet normal -0.997868 -0.0652701 0
    outer loop
      vertex -30.7111 -77.8303 62
      vertex -30.7 -78 54
      vertex -30.7 -78 62
    endloop
  endfacet
  facet normal -0.946844 -0.321692 0
    outer loop
      vertex -30.7443 -77.6635 54
      vertex -30.799 -77.5025 62
      vertex -30.799 -77.5025 54
    endloop
  endfacet
  facet normal -0.946844 -0.321692 0
    outer loop
      vertex -30.799 -77.5025 62
      vertex -30.7443 -77.6635 54
      vertex -30.7443 -77.6635 62
    endloop
  endfacet
  facet normal -0.946844 0.321692 0
    outer loop
      vertex -30.799 -78.4975 54
      vertex -30.7443 -78.3365 62
      vertex -30.7443 -78.3365 54
    endloop
  endfacet
  facet normal -0.946844 0.321692 0
    outer loop
      vertex -30.7443 -78.3365 62
      vertex -30.799 -78.4975 54
      vertex -30.799 -78.4975 62
    endloop
  endfacet
  facet normal 0.442267 -0.896884 0
    outer loop
      vertex -32.65 -76.8742 54
      vertex -32.4975 -76.799 62
      vertex -32.65 -76.8742 62
    endloop
  endfacet
  facet normal 0.442267 -0.896884 0
    outer loop
      vertex -32.4975 -76.799 62
      vertex -32.65 -76.8742 54
      vertex -32.4975 -76.799 54
    endloop
  endfacet
  facet normal -0.896884 -0.442267 0
    outer loop
      vertex -30.799 -77.5025 54
      vertex -30.8742 -77.35 62
      vertex -30.8742 -77.35 54
    endloop
  endfacet
  facet normal -0.896884 -0.442267 0
    outer loop
      vertex -30.8742 -77.35 62
      vertex -30.799 -77.5025 54
      vertex -30.799 -77.5025 62
    endloop
  endfacet
  facet normal -0.831688 -0.555243 0
    outer loop
      vertex -30.8742 -77.35 54
      vertex -30.9686 -77.2086 62
      vertex -30.9686 -77.2086 54
    endloop
  endfacet
  facet normal -0.831688 -0.555243 0
    outer loop
      vertex -30.9686 -77.2086 62
      vertex -30.8742 -77.35 54
      vertex -30.8742 -77.35 62
    endloop
  endfacet
  facet normal -0.0652701 0.997868 0
    outer loop
      vertex -31.8303 -79.2889 54
      vertex -32 -79.3 62
      vertex -31.8303 -79.2889 62
    endloop
  endfacet
  facet normal -0.0652701 0.997868 0
    outer loop
      vertex -32 -79.3 62
      vertex -31.8303 -79.2889 54
      vertex -32 -79.3 54
    endloop
  endfacet
  facet normal -0.442267 -0.896884 0
    outer loop
      vertex -31.5025 -76.799 54
      vertex -31.35 -76.8742 62
      vertex -31.5025 -76.799 62
    endloop
  endfacet
  facet normal -0.442267 -0.896884 -0
    outer loop
      vertex -31.35 -76.8742 62
      vertex -31.5025 -76.799 54
      vertex -31.35 -76.8742 54
    endloop
  endfacet
  facet normal 0.751483 -0.659753 0
    outer loop
      vertex -33.0314 -77.2086 62
      vertex -32.9192 -77.0808 54
      vertex -32.9192 -77.0808 62
    endloop
  endfacet
  facet normal 0.751483 -0.659753 0
    outer loop
      vertex -32.9192 -77.0808 54
      vertex -33.0314 -77.2086 62
      vertex -33.0314 -77.2086 54
    endloop
  endfacet
  facet normal 0.195211 -0.980761 0
    outer loop
      vertex -32.3365 -76.7443 54
      vertex -32.1697 -76.7111 62
      vertex -32.3365 -76.7443 62
    endloop
  endfacet
  facet normal 0.195211 -0.980761 0
    outer loop
      vertex -32.1697 -76.7111 62
      vertex -32.3365 -76.7443 54
      vertex -32.1697 -76.7111 54
    endloop
  endfacet
  facet normal -0.751483 -0.659753 0
    outer loop
      vertex -30.9686 -77.2086 54
      vertex -31.0808 -77.0808 62
      vertex -31.0808 -77.0808 54
    endloop
  endfacet
  facet normal -0.751483 -0.659753 0
    outer loop
      vertex -31.0808 -77.0808 62
      vertex -30.9686 -77.2086 54
      vertex -30.9686 -77.2086 62
    endloop
  endfacet
  facet normal -0.980761 0.195211 0
    outer loop
      vertex -30.7443 -78.3365 54
      vertex -30.7111 -78.1697 62
      vertex -30.7111 -78.1697 54
    endloop
  endfacet
  facet normal -0.980761 0.195211 0
    outer loop
      vertex -30.7111 -78.1697 62
      vertex -30.7443 -78.3365 54
      vertex -30.7443 -78.3365 62
    endloop
  endfacet
  facet normal 0.896884 0.442267 0
    outer loop
      vertex -33.1258 -78.65 62
      vertex -33.201 -78.4975 54
      vertex -33.201 -78.4975 62
    endloop
  endfacet
  facet normal 0.896884 0.442267 0
    outer loop
      vertex -33.201 -78.4975 54
      vertex -33.1258 -78.65 62
      vertex -33.1258 -78.65 54
    endloop
  endfacet
  facet normal 0 0 1
    outer loop
      vertex -30.7111 -77.8303 54
      vertex -30.7111 -78.1697 54
      vertex -30.7 -78 54
    endloop
  endfacet
  facet normal 0 0 1
    outer loop
      vertex -30.7443 -77.6635 54
      vertex -30.7111 -78.1697 54
      vertex -30.7111 -77.8303 54
    endloop
  endfacet
  facet normal 0 0 1
    outer loop
      vertex -30.7443 -77.6635 54
      vertex -30.7443 -78.3365 54
      vertex -30.7111 -78.1697 54
    endloop
  endfacet
  facet normal 0 0 1
    outer loop
      vertex -30.799 -77.5025 54
      vertex -30.7443 -78.3365 54
      vertex -30.7443 -77.6635 54
    endloop
  endfacet
  facet normal 0 0 1
    outer loop
      vertex -30.799 -77.5025 54
      vertex -30.799 -78.4975 54
      vertex -30.7443 -78.3365 54
    endloop
  endfacet
  facet normal 0 0 1
    outer loop
      vertex -30.8742 -77.35 54
      vertex -30.799 -78.4975 54
      vertex -30.799 -77.5025 54
    endloop
  endfacet
  facet normal 0 0 1
    outer loop
      vertex -30.8742 -77.35 54
      vertex -30.8742 -78.65 54
      vertex -30.799 -78.4975 54
    endloop
  endfacet
  facet normal 0 0 1
    outer loop
      vertex -30.9686 -77.2086 54
      vertex -30.8742 -78.65 54
      vertex -30.8742 -77.35 54
    endloop
  endfacet
  facet normal 0 0 1
    outer loop
      vertex -30.9686 -77.2086 54
      vertex -30.9686 -78.7914 54
      vertex -30.8742 -78.65 54
    endloop
  endfacet
  facet normal 0 0 1
    outer loop
      vertex -31.0808 -77.0808 54
      vertex -30.9686 -78.7914 54
      vertex -30.9686 -77.2086 54
    endloop
  endfacet
  facet normal 0 0 1
    outer loop
      vertex -31.0808 -77.0808 54
      vertex -31.0808 -78.9192 54
      vertex -30.9686 -78.7914 54
    endloop
  endfacet
  facet normal 0 0 1
    outer loop
      vertex -31.2086 -76.9686 54
      vertex -31.0808 -78.9192 54
      vertex -31.0808 -77.0808 54
    endloop
  endfacet
  facet normal 0 0 1
    outer loop
      vertex -31.2086 -76.9686 54
      vertex -31.2086 -79.0314 54
      vertex -31.0808 -78.9192 54
    endloop
  endfacet
  facet normal 0 0 1
    outer loop
      vertex -31.35 -76.8742 54
      vertex -31.2086 -79.0314 54
      vertex -31.2086 -76.9686 54
    endloop
  endfacet
  facet normal 0 0 1
    outer loop
      vertex -31.35 -76.8742 54
      vertex -31.35 -79.1258 54
      vertex -31.2086 -79.0314 54
    endloop
  endfacet
  facet normal 0 0 1
    outer loop
      vertex -31.5025 -76.799 54
      vertex -31.35 -79.1258 54
      vertex -31.35 -76.8742 54
    endloop
  endfacet
  facet normal 0 0 1
    outer loop
      vertex -31.5025 -76.799 54
      vertex -31.5025 -79.201 54
      vertex -31.35 -79.1258 54
    endloop
  endfacet
  facet normal 0 0 1
    outer loop
      vertex -31.6635 -76.7443 54
      vertex -31.5025 -79.201 54
      vertex -31.5025 -76.799 54
    endloop
  endfacet
  facet normal 0 0 1
    outer loop
      vertex -31.6635 -76.7443 54
      vertex -31.6635 -79.2557 54
      vertex -31.5025 -79.201 54
    endloop
  endfacet
  facet normal 0 0 1
    outer loop
      vertex -31.8303 -76.7111 54
      vertex -31.6635 -79.2557 54
      vertex -31.6635 -76.7443 54
    endloop
  endfacet
  facet normal 0 0 1
    outer loop
      vertex -31.8303 -76.7111 54
      vertex -31.8303 -79.2889 54
      vertex -31.6635 -79.2557 54
    endloop
  endfacet
  facet normal 0 0 1
    outer loop
      vertex -32 -76.7 54
      vertex -31.8303 -79.2889 54
      vertex -31.8303 -76.7111 54
    endloop
  endfacet
  facet normal 0 0 1
    outer loop
      vertex -32 -76.7 54
      vertex -32 -79.3 54
      vertex -31.8303 -79.2889 54
    endloop
  endfacet
  facet normal -0 0 1
    outer loop
      vertex -32.1697 -76.7111 54
      vertex -32 -79.3 54
      vertex -32 -76.7 54
    endloop
  endfacet
  facet normal 0 0 1
    outer loop
      vertex -32.1697 -76.7111 54
      vertex -32.1697 -79.2889 54
      vertex -32 -79.3 54
    endloop
  endfacet
  facet normal -0 0 1
    outer loop
      vertex -32.3365 -76.7443 54
      vertex -32.1697 -79.2889 54
      vertex -32.1697 -76.7111 54
    endloop
  endfacet
  facet normal 0 0 1
    outer loop
      vertex -32.3365 -76.7443 54
      vertex -32.3365 -79.2557 54
      vertex -32.1697 -79.2889 54
    endloop
  endfacet
  facet normal -0 0 1
    outer loop
      vertex -32.4975 -76.799 54
      vertex -32.3365 -79.2557 54
      vertex -32.3365 -76.7443 54
    endloop
  endfacet
  facet normal 0 0 1
    outer loop
      vertex -32.4975 -76.799 54
      vertex -32.4975 -79.201 54
      vertex -32.3365 -79.2557 54
    endloop
  endfacet
  facet normal -0 0 1
    outer loop
      vertex -32.65 -76.8742 54
      vertex -32.4975 -79.201 54
      vertex -32.4975 -76.799 54
    endloop
  endfacet
  facet normal 0 0 1
    outer loop
      vertex -32.65 -76.8742 54
      vertex -32.65 -79.1258 54
      vertex -32.4975 -79.201 54
    endloop
  endfacet
  facet normal -0 0 1
    outer loop
      vertex -32.7914 -76.9686 54
      vertex -32.65 -79.1258 54
      vertex -32.65 -76.8742 54
    endloop
  endfacet
  facet normal 0 0 1
    outer loop
      vertex -32.7914 -76.9686 54
      vertex -32.7914 -79.0314 54
      vertex -32.65 -79.1258 54
    endloop
  endfacet
  facet normal -0 0 1
    outer loop
      vertex -32.9192 -77.0808 54
      vertex -32.7914 -79.0314 54
      vertex -32.7914 -76.9686 54
    endloop
  endfacet
  facet normal 0 0 1
    outer loop
      vertex -32.9192 -77.0808 54
      vertex -32.9192 -78.9192 54
      vertex -32.7914 -79.0314 54
    endloop
  endfacet
  facet normal -0 0 1
    outer loop
      vertex -33.0314 -77.2086 54
      vertex -32.9192 -78.9192 54
      vertex -32.9192 -77.0808 54
    endloop
  endfacet
  facet normal 0 0 1
    outer loop
      vertex -33.0314 -77.2086 54
      vertex -33.0314 -78.7914 54
      vertex -32.9192 -78.9192 54
    endloop
  endfacet
  facet normal -0 0 1
    outer loop
      vertex -33.1258 -77.35 54
      vertex -33.0314 -78.7914 54
      vertex -33.0314 -77.2086 54
    endloop
  endfacet
  facet normal 0 0 1
    outer loop
      vertex -33.1258 -77.35 54
      vertex -33.1258 -78.65 54
      vertex -33.0314 -78.7914 54
    endloop
  endfacet
  facet normal -0 0 1
    outer loop
      vertex -33.201 -77.5025 54
      vertex -33.1258 -78.65 54
      vertex -33.1258 -77.35 54
    endloop
  endfacet
  facet normal 0 0 1
    outer loop
      vertex -33.201 -77.5025 54
      vertex -33.201 -78.4975 54
      vertex -33.1258 -78.65 54
    endloop
  endfacet
  facet normal -0 0 1
    outer loop
      vertex -33.2557 -77.6635 54
      vertex -33.201 -78.4975 54
      vertex -33.201 -77.5025 54
    endloop
  endfacet
  facet normal 0 0 1
    outer loop
      vertex -33.2557 -77.6635 54
      vertex -33.2557 -78.3365 54
      vertex -33.201 -78.4975 54
    endloop
  endfacet
  facet normal -0 0 1
    outer loop
      vertex -33.2889 -77.8303 54
      vertex -33.2557 -78.3365 54
      vertex -33.2557 -77.6635 54
    endloop
  endfacet
  facet normal 0 0 1
    outer loop
      vertex -33.2889 -77.8303 54
      vertex -33.2889 -78.1697 54
      vertex -33.2557 -78.3365 54
    endloop
  endfacet
  facet normal 0 -0 1
    outer loop
      vertex -33.2889 -78.1697 54
      vertex -33.2889 -77.8303 54
      vertex -33.3 -78 54
    endloop
  endfacet
  facet normal 0.659753 -0.751483 0
    outer loop
      vertex -32.9192 -77.0808 54
      vertex -32.7914 -76.9686 62
      vertex -32.9192 -77.0808 62
    endloop
  endfacet
  facet normal 0.659753 -0.751483 0
    outer loop
      vertex -32.7914 -76.9686 62
      vertex -32.9192 -77.0808 54
      vertex -32.7914 -76.9686 54
    endloop
  endfacet
  facet normal 0.321692 -0.946844 0
    outer loop
      vertex -32.4975 -76.799 54
      vertex -32.3365 -76.7443 62
      vertex -32.4975 -76.799 62
    endloop
  endfacet
  facet normal 0.321692 -0.946844 0
    outer loop
      vertex -32.3365 -76.7443 62
      vertex -32.4975 -76.799 54
      vertex -32.3365 -76.7443 54
    endloop
  endfacet
  facet normal -0.831688 0.555243 0
    outer loop
      vertex -30.9686 -78.7914 54
      vertex -30.8742 -78.65 62
      vertex -30.8742 -78.65 54
    endloop
  endfacet
  facet normal -0.831688 0.555243 0
    outer loop
      vertex -30.8742 -78.65 62
      vertex -30.9686 -78.7914 54
      vertex -30.9686 -78.7914 62
    endloop
  endfacet
  facet normal 0.831688 -0.555243 0
    outer loop
      vertex -33.1258 -77.35 62
      vertex -33.0314 -77.2086 54
      vertex -33.0314 -77.2086 62
    endloop
  endfacet
  facet normal 0.831688 -0.555243 0
    outer loop
      vertex -33.0314 -77.2086 54
      vertex -33.1258 -77.35 62
      vertex -33.1258 -77.35 54
    endloop
  endfacet
  facet normal 0.980761 -0.195211 0
    outer loop
      vertex -33.2889 -77.8303 62
      vertex -33.2557 -77.6635 54
      vertex -33.2557 -77.6635 62
    endloop
  endfacet
  facet normal 0.980761 -0.195211 0
    outer loop
      vertex -33.2557 -77.6635 54
      vertex -33.2889 -77.8303 62
      vertex -33.2889 -77.8303 54
    endloop
  endfacet
  facet normal 0.997868 -0.0652701 0
    outer loop
      vertex -33.3 -78 62
      vertex -33.2889 -77.8303 54
      vertex -33.2889 -77.8303 62
    endloop
  endfacet
  facet normal 0.997868 -0.0652701 0
    outer loop
      vertex -33.2889 -77.8303 54
      vertex -33.3 -78 62
      vertex -33.3 -78 54
    endloop
  endfacet
  facet normal 0.195211 0.980761 -0
    outer loop
      vertex -32.1697 -79.2889 54
      vertex -32.3365 -79.2557 62
      vertex -32.1697 -79.2889 62
    endloop
  endfacet
  facet normal 0.195211 0.980761 0
    outer loop
      vertex -32.3365 -79.2557 62
      vertex -32.1697 -79.2889 54
      vertex -32.3365 -79.2557 54
    endloop
  endfacet
  facet normal 0.980761 0.195211 0
    outer loop
      vertex -33.2557 -78.3365 62
      vertex -33.2889 -78.1697 54
      vertex -33.2889 -78.1697 62
    endloop
  endfacet
  facet normal 0.980761 0.195211 0
    outer loop
      vertex -33.2889 -78.1697 54
      vertex -33.2557 -78.3365 62
      vertex -33.2557 -78.3365 54
    endloop
  endfacet
  facet normal -0.555243 -0.831688 0
    outer loop
      vertex -31.35 -76.8742 54
      vertex -31.2086 -76.9686 62
      vertex -31.35 -76.8742 62
    endloop
  endfacet
  facet normal -0.555243 -0.831688 -0
    outer loop
      vertex -31.2086 -76.9686 62
      vertex -31.35 -76.8742 54
      vertex -31.2086 -76.9686 54
    endloop
  endfacet
  facet normal -0.195211 0.980761 0
    outer loop
      vertex -31.6635 -79.2557 54
      vertex -31.8303 -79.2889 62
      vertex -31.6635 -79.2557 62
    endloop
  endfacet
  facet normal -0.195211 0.980761 0
    outer loop
      vertex -31.8303 -79.2889 62
      vertex -31.6635 -79.2557 54
      vertex -31.8303 -79.2889 54
    endloop
  endfacet
  facet normal -0.896884 0.442267 0
    outer loop
      vertex -30.8742 -78.65 54
      vertex -30.799 -78.4975 62
      vertex -30.799 -78.4975 54
    endloop
  endfacet
  facet normal -0.896884 0.442267 0
    outer loop
      vertex -30.799 -78.4975 62
      vertex -30.8742 -78.65 54
      vertex -30.8742 -78.65 62
    endloop
  endfacet
  facet normal -0.659753 -0.751483 0
    outer loop
      vertex -31.2086 -76.9686 54
      vertex -31.0808 -77.0808 62
      vertex -31.2086 -76.9686 62
    endloop
  endfacet
  facet normal -0.659753 -0.751483 -0
    outer loop
      vertex -31.0808 -77.0808 62
      vertex -31.2086 -76.9686 54
      vertex -31.0808 -77.0808 54
    endloop
  endfacet
  facet normal 0.946844 0.321692 0
    outer loop
      vertex -33.201 -78.4975 62
      vertex -33.2557 -78.3365 54
      vertex -33.2557 -78.3365 62
    endloop
  endfacet
  facet normal 0.946844 0.321692 0
    outer loop
      vertex -33.2557 -78.3365 54
      vertex -33.201 -78.4975 62
      vertex -33.201 -78.4975 54
    endloop
  endfacet
  facet normal 0.0652701 0.997868 -0
    outer loop
      vertex -32 -79.3 54
      vertex -32.1697 -79.2889 62
      vertex -32 -79.3 62
    endloop
  endfacet
  facet normal 0.0652701 0.997868 0
    outer loop
      vertex -32.1697 -79.2889 62
      vertex -32 -79.3 54
      vertex -32.1697 -79.2889 54
    endloop
  endfacet
  facet normal -0.442267 0.896884 0
    outer loop
      vertex -31.35 -79.1258 54
      vertex -31.5025 -79.201 62
      vertex -31.35 -79.1258 62
    endloop
  endfacet
  facet normal -0.442267 0.896884 0
    outer loop
      vertex -31.5025 -79.201 62
      vertex -31.35 -79.1258 54
      vertex -31.5025 -79.201 54
    endloop
  endfacet
  facet normal 0.751483 0.659753 0
    outer loop
      vertex -32.9192 -78.9192 62
      vertex -33.0314 -78.7914 54
      vertex -33.0314 -78.7914 62
    endloop
  endfacet
  facet normal 0.751483 0.659753 0
    outer loop
      vertex -33.0314 -78.7914 54
      vertex -32.9192 -78.9192 62
      vertex -32.9192 -78.9192 54
    endloop
  endfacet
  facet normal 0.896884 -0.442267 0
    outer loop
      vertex -33.201 -77.5025 62
      vertex -33.1258 -77.35 54
      vertex -33.1258 -77.35 62
    endloop
  endfacet
  facet normal 0.896884 -0.442267 0
    outer loop
      vertex -33.1258 -77.35 54
      vertex -33.201 -77.5025 62
      vertex -33.201 -77.5025 54
    endloop
  endfacet
  facet normal -0.321692 0.946844 0
    outer loop
      vertex -31.5025 -79.201 54
      vertex -31.6635 -79.2557 62
      vertex -31.5025 -79.201 62
    endloop
  endfacet
  facet normal -0.321692 0.946844 0
    outer loop
      vertex -31.6635 -79.2557 62
      vertex -31.5025 -79.201 54
      vertex -31.6635 -79.2557 54
    endloop
  endfacet
  facet normal 0.997868 0.0652701 0
    outer loop
      vertex -33.2889 -78.1697 62
      vertex -33.3 -78 54
      vertex -33.3 -78 62
    endloop
  endfacet
  facet normal 0.997868 0.0652701 0
    outer loop
      vertex -33.3 -78 54
      vertex -33.2889 -78.1697 62
      vertex -33.2889 -78.1697 54
    endloop
  endfacet
  facet normal -0.0652701 -0.997868 0
    outer loop
      vertex -32 -76.7 54
      vertex -31.8303 -76.7111 62
      vertex -32 -76.7 62
    endloop
  endfacet
  facet normal -0.0652701 -0.997868 -0
    outer loop
      vertex -31.8303 -76.7111 62
      vertex -32 -76.7 54
      vertex -31.8303 -76.7111 54
    endloop
  endfacet
  facet normal -0.751483 0.659753 0
    outer loop
      vertex -31.0808 -78.9192 54
      vertex -30.9686 -78.7914 62
      vertex -30.9686 -78.7914 54
    endloop
  endfacet
  facet normal -0.751483 0.659753 0
    outer loop
      vertex -30.9686 -78.7914 62
      vertex -31.0808 -78.9192 54
      vertex -31.0808 -78.9192 62
    endloop
  endfacet
  facet normal -0.997868 0.0652701 0
    outer loop
      vertex -30.7111 -78.1697 54
      vertex -30.7 -78 62
      vertex -30.7 -78 54
    endloop
  endfacet
  facet normal -0.997868 0.0652701 0
    outer loop
      vertex -30.7 -78 62
      vertex -30.7111 -78.1697 54
      vertex -30.7111 -78.1697 62
    endloop
  endfacet
  facet normal 0.0652701 -0.997868 0
    outer loop
      vertex -32.1697 -76.7111 54
      vertex -32 -76.7 62
      vertex -32.1697 -76.7111 62
    endloop
  endfacet
  facet normal 0.0652701 -0.997868 0
    outer loop
      vertex -32 -76.7 62
      vertex -32.1697 -76.7111 54
      vertex -32 -76.7 54
    endloop
  endfacet
  facet normal 0.555243 -0.831688 0
    outer loop
      vertex -32.7914 -76.9686 54
      vertex -32.65 -76.8742 62
      vertex -32.7914 -76.9686 62
    endloop
  endfacet
  facet normal 0.555243 -0.831688 0
    outer loop
      vertex -32.65 -76.8742 62
      vertex -32.7914 -76.9686 54
      vertex -32.65 -76.8742 54
    endloop
  endfacet
  facet normal 0.321692 0.946844 -0
    outer loop
      vertex -32.3365 -79.2557 54
      vertex -32.4975 -79.201 62
      vertex -32.3365 -79.2557 62
    endloop
  endfacet
  facet normal 0.321692 0.946844 0
    outer loop
      vertex -32.4975 -79.201 62
      vertex -32.3365 -79.2557 54
      vertex -32.4975 -79.201 54
    endloop
  endfacet
  facet normal 0.946844 -0.321692 0
    outer loop
      vertex -33.2557 -77.6635 62
      vertex -33.201 -77.5025 54
      vertex -33.201 -77.5025 62
    endloop
  endfacet
  facet normal 0.946844 -0.321692 0
    outer loop
      vertex -33.201 -77.5025 54
      vertex -33.2557 -77.6635 62
      vertex -33.2557 -77.6635 54
    endloop
  endfacet
  facet normal 0.659753 0.751483 -0
    outer loop
      vertex -32.7914 -79.0314 54
      vertex -32.9192 -78.9192 62
      vertex -32.7914 -79.0314 62
    endloop
  endfacet
  facet normal 0.659753 0.751483 0
    outer loop
      vertex -32.9192 -78.9192 62
      vertex -32.7914 -79.0314 54
      vertex -32.9192 -78.9192 54
    endloop
  endfacet
  facet normal -0.195211 -0.980761 0
    outer loop
      vertex -31.8303 -76.7111 54
      vertex -31.6635 -76.7443 62
      vertex -31.8303 -76.7111 62
    endloop
  endfacet
  facet normal -0.195211 -0.980761 -0
    outer loop
      vertex -31.6635 -76.7443 62
      vertex -31.8303 -76.7111 54
      vertex -31.6635 -76.7443 54
    endloop
  endfacet
  facet normal -0.659753 0.751483 0
    outer loop
      vertex -31.0808 -78.9192 54
      vertex -31.2086 -79.0314 62
      vertex -31.0808 -78.9192 62
    endloop
  endfacet
  facet normal -0.659753 0.751483 0
    outer loop
      vertex -31.2086 -79.0314 62
      vertex -31.0808 -78.9192 54
      vertex -31.2086 -79.0314 54
    endloop
  endfacet
  facet normal -0.555243 0.831688 0
    outer loop
      vertex -31.2086 -79.0314 54
      vertex -31.35 -79.1258 62
      vertex -31.2086 -79.0314 62
    endloop
  endfacet
  facet normal -0.555243 0.831688 0
    outer loop
      vertex -31.35 -79.1258 62
      vertex -31.2086 -79.0314 54
      vertex -31.35 -79.1258 54
    endloop
  endfacet
  facet normal -0.321692 -0.946844 0
    outer loop
      vertex -31.6635 -76.7443 54
      vertex -31.5025 -76.799 62
      vertex -31.6635 -76.7443 62
    endloop
  endfacet
  facet normal -0.321692 -0.946844 -0
    outer loop
      vertex -31.5025 -76.799 62
      vertex -31.6635 -76.7443 54
      vertex -31.5025 -76.799 54
    endloop
  endfacet
  facet normal 0.555243 0.831688 -0
    outer loop
      vertex -32.65 -79.1258 54
      vertex -32.7914 -79.0314 62
      vertex -32.65 -79.1258 62
    endloop
  endfacet
  facet normal 0.555243 0.831688 0
    outer loop
      vertex -32.7914 -79.0314 62
      vertex -32.65 -79.1258 54
      vertex -32.7914 -79.0314 54
    endloop
  endfacet
  facet normal 0.442267 0.896884 -0
    outer loop
      vertex -32.4975 -79.201 54
      vertex -32.65 -79.1258 62
      vertex -32.4975 -79.201 62
    endloop
  endfacet
  facet normal 0.442267 0.896884 0
    outer loop
      vertex -32.65 -79.1258 62
      vertex -32.4975 -79.201 54
      vertex -32.65 -79.1258 54
    endloop
  endfacet
  facet normal 0.831688 0.555243 0
    outer loop
      vertex -33.0314 -78.7914 62
      vertex -33.1258 -78.65 54
      vertex -33.1258 -78.65 62
    endloop
  endfacet
  facet normal 0.831688 0.555243 0
    outer loop
      vertex -33.1258 -78.65 54
      vertex -33.0314 -78.7914 62
      vertex -33.0314 -78.7914 54
    endloop
  endfacet
  facet normal -0.980757 -0.195234 0
    outer loop
      vertex 33.2889 -5.83032 54
      vertex 33.2557 -5.66354 62
      vertex 33.2557 -5.66354 54
    endloop
  endfacet
  facet normal -0.980757 -0.195234 0
    outer loop
      vertex 33.2557 -5.66354 62
      vertex 33.2889 -5.83032 54
      vertex 33.2889 -5.83032 62
    endloop
  endfacet
  facet normal -0.997867 -0.0652777 0
    outer loop
      vertex 33.3 -6 54
      vertex 33.2889 -5.83032 62
      vertex 33.2889 -5.83032 54
    endloop
  endfacet
  facet normal -0.997867 -0.0652777 0
    outer loop
      vertex 33.2889 -5.83032 62
      vertex 33.3 -6 54
      vertex 33.3 -6 62
    endloop
  endfacet
  facet normal -0.946863 -0.321638 0
    outer loop
      vertex 33.2557 -5.66354 54
      vertex 33.201 -5.50251 62
      vertex 33.201 -5.50251 54
    endloop
  endfacet
  facet normal -0.946863 -0.321638 0
    outer loop
      vertex 33.201 -5.50251 62
      vertex 33.2557 -5.66354 54
      vertex 33.2557 -5.66354 62
    endloop
  endfacet
  facet normal 0.659487 0.751716 -0
    outer loop
      vertex 31.2086 -7.03136 54
      vertex 31.0808 -6.91924 62
      vertex 31.2086 -7.03136 62
    endloop
  endfacet
  facet normal 0.659487 0.751716 0
    outer loop
      vertex 31.0808 -6.91924 62
      vertex 31.2086 -7.03136 54
      vertex 31.0808 -6.91924 54
    endloop
  endfacet
  facet normal -0.442314 -0.89686 0
    outer loop
      vertex 32.4975 -4.79896 54
      vertex 32.65 -4.87417 62
      vertex 32.4975 -4.79896 62
    endloop
  endfacet
  facet normal -0.442314 -0.89686 -0
    outer loop
      vertex 32.65 -4.87417 62
      vertex 32.4975 -4.79896 54
      vertex 32.65 -4.87417 54
    endloop
  endfacet
  facet normal 0.442314 0.89686 -0
    outer loop
      vertex 31.5025 -7.20104 54
      vertex 31.35 -7.12583 62
      vertex 31.5025 -7.20104 62
    endloop
  endfacet
  facet normal 0.442314 0.89686 0
    outer loop
      vertex 31.35 -7.12583 62
      vertex 31.5025 -7.20104 54
      vertex 31.35 -7.12583 54
    endloop
  endfacet
  facet normal -0.896895 -0.442243 0
    outer loop
      vertex 33.201 -5.50251 54
      vertex 33.1258 -5.35 62
      vertex 33.1258 -5.35 54
    endloop
  endfacet
  facet normal -0.896895 -0.442243 0
    outer loop
      vertex 33.1258 -5.35 62
      vertex 33.201 -5.50251 54
      vertex 33.201 -5.50251 62
    endloop
  endfacet
  facet normal -0.83167 -0.55527 0
    outer loop
      vertex 33.1258 -5.35 54
      vertex 33.0314 -5.20861 62
      vertex 33.0314 -5.20861 54
    endloop
  endfacet
  facet normal -0.83167 -0.55527 0
    outer loop
      vertex 33.0314 -5.20861 62
      vertex 33.1258 -5.35 54
      vertex 33.1258 -5.35 62
    endloop
  endfacet
  facet normal -0.659487 -0.751716 0
    outer loop
      vertex 32.7914 -4.96864 54
      vertex 32.9192 -5.08076 62
      vertex 32.7914 -4.96864 62
    endloop
  endfacet
  facet normal -0.659487 -0.751716 -0
    outer loop
      vertex 32.9192 -5.08076 62
      vertex 32.7914 -4.96864 54
      vertex 32.9192 -5.08076 54
    endloop
  endfacet
  facet normal 0.442314 -0.89686 0
    outer loop
      vertex 31.35 -4.87417 54
      vertex 31.5025 -4.79896 62
      vertex 31.35 -4.87417 62
    endloop
  endfacet
  facet normal 0.442314 -0.89686 0
    outer loop
      vertex 31.5025 -4.79896 62
      vertex 31.35 -4.87417 54
      vertex 31.5025 -4.79896 54
    endloop
  endfacet
  facet normal -0.896895 0.442243 0
    outer loop
      vertex 33.1258 -6.65 54
      vertex 33.201 -6.49749 62
      vertex 33.201 -6.49749 54
    endloop
  endfacet
  facet normal -0.896895 0.442243 0
    outer loop
      vertex 33.201 -6.49749 62
      vertex 33.1258 -6.65 54
      vertex 33.1258 -6.65 62
    endloop
  endfacet
  facet normal 0.659487 -0.751716 0
    outer loop
      vertex 31.0808 -5.08076 54
      vertex 31.2086 -4.96864 62
      vertex 31.0808 -5.08076 62
    endloop
  endfacet
  facet normal 0.659487 -0.751716 0
    outer loop
      vertex 31.2086 -4.96864 62
      vertex 31.0808 -5.08076 54
      vertex 31.2086 -4.96864 54
    endloop
  endfacet
  facet normal -0.751611 -0.659607 0
    outer loop
      vertex 33.0314 -5.20861 54
      vertex 32.9192 -5.08076 62
      vertex 32.9192 -5.08076 54
    endloop
  endfacet
  facet normal -0.751611 -0.659607 0
    outer loop
      vertex 32.9192 -5.08076 62
      vertex 33.0314 -5.20861 54
      vertex 33.0314 -5.20861 62
    endloop
  endfacet
  facet normal -0.946863 0.321638 0
    outer loop
      vertex 33.201 -6.49749 54
      vertex 33.2557 -6.33646 62
      vertex 33.2557 -6.33646 54
    endloop
  endfacet
  facet normal -0.946863 0.321638 0
    outer loop
      vertex 33.2557 -6.33646 62
      vertex 33.201 -6.49749 54
      vertex 33.201 -6.49749 62
    endloop
  endfacet
  facet normal 0.946863 -0.321638 0
    outer loop
      vertex 30.7443 -5.66354 62
      vertex 30.799 -5.50251 54
      vertex 30.799 -5.50251 62
    endloop
  endfacet
  facet normal 0.946863 -0.321638 0
    outer loop
      vertex 30.799 -5.50251 54
      vertex 30.7443 -5.66354 62
      vertex 30.7443 -5.66354 54
    endloop
  endfacet
  facet normal 0.751611 0.659607 0
    outer loop
      vertex 31.0808 -6.91924 62
      vertex 30.9686 -6.79139 54
      vertex 30.9686 -6.79139 62
    endloop
  endfacet
  facet normal 0.751611 0.659607 0
    outer loop
      vertex 30.9686 -6.79139 54
      vertex 31.0808 -6.91924 62
      vertex 31.0808 -6.91924 54
    endloop
  endfacet
  facet normal -0.555528 -0.831498 0
    outer loop
      vertex 32.65 -4.87417 54
      vertex 32.7914 -4.96864 62
      vertex 32.65 -4.87417 62
    endloop
  endfacet
  facet normal -0.555528 -0.831498 -0
    outer loop
      vertex 32.7914 -4.96864 62
      vertex 32.65 -4.87417 54
      vertex 32.7914 -4.96864 54
    endloop
  endfacet
  facet normal -0.980757 0.195234 0
    outer loop
      vertex 33.2557 -6.33646 54
      vertex 33.2889 -6.16968 62
      vertex 33.2889 -6.16968 54
    endloop
  endfacet
  facet normal -0.980757 0.195234 0
    outer loop
      vertex 33.2889 -6.16968 62
      vertex 33.2557 -6.33646 54
      vertex 33.2557 -6.33646 62
    endloop
  endfacet
  facet normal -0.321481 0.946916 0
    outer loop
      vertex 32.4975 -7.20104 54
      vertex 32.3365 -7.2557 62
      vertex 32.4975 -7.20104 62
    endloop
  endfacet
  facet normal -0.321481 0.946916 0
    outer loop
      vertex 32.3365 -7.2557 62
      vertex 32.4975 -7.20104 54
      vertex 32.3365 -7.2557 54
    endloop
  endfacet
  facet normal -0.195098 0.980784 0
    outer loop
      vertex 32.3365 -7.2557 54
      vertex 32.1697 -7.28888 62
      vertex 32.3365 -7.2557 62
    endloop
  endfacet
  facet normal -0.195098 0.980784 0
    outer loop
      vertex 32.1697 -7.28888 62
      vertex 32.3365 -7.2557 54
      vertex 32.1697 -7.28888 54
    endloop
  endfacet
  facet normal 0.997867 -0.0652777 0
    outer loop
      vertex 30.7 -6 62
      vertex 30.7111 -5.83032 54
      vertex 30.7111 -5.83032 62
    endloop
  endfacet
  facet normal 0.997867 -0.0652777 0
    outer loop
      vertex 30.7111 -5.83032 54
      vertex 30.7 -6 62
      vertex 30.7 -6 54
    endloop
  endfacet
  facet normal -0.751611 0.659607 0
    outer loop
      vertex 32.9192 -6.91924 54
      vertex 33.0314 -6.79139 62
      vertex 33.0314 -6.79139 54
    endloop
  endfacet
  facet normal -0.751611 0.659607 0
    outer loop
      vertex 33.0314 -6.79139 62
      vertex 32.9192 -6.91924 54
      vertex 32.9192 -6.91924 62
    endloop
  endfacet
  facet normal 0.980757 -0.195234 0
    outer loop
      vertex 30.7111 -5.83032 62
      vertex 30.7443 -5.66354 54
      vertex 30.7443 -5.66354 62
    endloop
  endfacet
  facet normal 0.980757 -0.195234 0
    outer loop
      vertex 30.7443 -5.66354 54
      vertex 30.7111 -5.83032 62
      vertex 30.7111 -5.83032 54
    endloop
  endfacet
  facet normal -0.659487 0.751716 0
    outer loop
      vertex 32.9192 -6.91924 54
      vertex 32.7914 -7.03136 62
      vertex 32.9192 -6.91924 62
    endloop
  endfacet
  facet normal -0.659487 0.751716 0
    outer loop
      vertex 32.7914 -7.03136 62
      vertex 32.9192 -6.91924 54
      vertex 32.7914 -7.03136 54
    endloop
  endfacet
  facet normal 0.0653872 -0.99786 0
    outer loop
      vertex 31.8303 -4.71112 54
      vertex 32 -4.7 62
      vertex 31.8303 -4.71112 62
    endloop
  endfacet
  facet normal 0.0653872 -0.99786 0
    outer loop
      vertex 32 -4.7 62
      vertex 31.8303 -4.71112 54
      vertex 32 -4.7 54
    endloop
  endfacet
  facet normal 0.321481 0.946916 -0
    outer loop
      vertex 31.6635 -7.2557 54
      vertex 31.5025 -7.20104 62
      vertex 31.6635 -7.2557 62
    endloop
  endfacet
  facet normal 0.321481 0.946916 0
    outer loop
      vertex 31.5025 -7.20104 62
      vertex 31.6635 -7.2557 54
      vertex 31.5025 -7.20104 54
    endloop
  endfacet
  facet normal 0.946863 0.321638 0
    outer loop
      vertex 30.799 -6.49749 62
      vertex 30.7443 -6.33646 54
      vertex 30.7443 -6.33646 62
    endloop
  endfacet
  facet normal 0.946863 0.321638 0
    outer loop
      vertex 30.7443 -6.33646 54
      vertex 30.799 -6.49749 62
      vertex 30.799 -6.49749 54
    endloop
  endfacet
  facet normal -0.83167 0.55527 0
    outer loop
      vertex 33.0314 -6.79139 54
      vertex 33.1258 -6.65 62
      vertex 33.1258 -6.65 54
    endloop
  endfacet
  facet normal -0.83167 0.55527 0
    outer loop
      vertex 33.1258 -6.65 62
      vertex 33.0314 -6.79139 54
      vertex 33.0314 -6.79139 62
    endloop
  endfacet
  facet normal -0.0653872 0.99786 0
    outer loop
      vertex 32.1697 -7.28888 54
      vertex 32 -7.3 62
      vertex 32.1697 -7.28888 62
    endloop
  endfacet
  facet normal -0.0653872 0.99786 0
    outer loop
      vertex 32 -7.3 62
      vertex 32.1697 -7.28888 54
      vertex 32 -7.3 54
    endloop
  endfacet
  facet normal 0.751611 -0.659607 0
    outer loop
      vertex 30.9686 -5.20861 62
      vertex 31.0808 -5.08076 54
      vertex 31.0808 -5.08076 62
    endloop
  endfacet
  facet normal 0.751611 -0.659607 0
    outer loop
      vertex 31.0808 -5.08076 54
      vertex 30.9686 -5.20861 62
      vertex 30.9686 -5.20861 54
    endloop
  endfacet
  facet normal 0.896895 -0.442243 0
    outer loop
      vertex 30.799 -5.50251 62
      vertex 30.8742 -5.35 54
      vertex 30.8742 -5.35 62
    endloop
  endfacet
  facet normal 0.896895 -0.442243 0
    outer loop
      vertex 30.8742 -5.35 54
      vertex 30.799 -5.50251 62
      vertex 30.799 -5.50251 54
    endloop
  endfacet
  facet normal -0.321481 -0.946916 0
    outer loop
      vertex 32.3365 -4.7443 54
      vertex 32.4975 -4.79896 62
      vertex 32.3365 -4.7443 62
    endloop
  endfacet
  facet normal -0.321481 -0.946916 -0
    outer loop
      vertex 32.4975 -4.79896 62
      vertex 32.3365 -4.7443 54
      vertex 32.4975 -4.79896 54
    endloop
  endfacet
  facet normal 0.195098 0.980784 -0
    outer loop
      vertex 31.8303 -7.28888 54
      vertex 31.6635 -7.2557 62
      vertex 31.8303 -7.28888 62
    endloop
  endfacet
  facet normal 0.195098 0.980784 0
    outer loop
      vertex 31.6635 -7.2557 62
      vertex 31.8303 -7.28888 54
      vertex 31.6635 -7.2557 54
    endloop
  endfacet
  facet normal -0.997867 0.0652777 0
    outer loop
      vertex 33.2889 -6.16968 54
      vertex 33.3 -6 62
      vertex 33.3 -6 54
    endloop
  endfacet
  facet normal -0.997867 0.0652777 0
    outer loop
      vertex 33.3 -6 62
      vertex 33.2889 -6.16968 54
      vertex 33.2889 -6.16968 62
    endloop
  endfacet
  facet normal 0.195098 -0.980784 0
    outer loop
      vertex 31.6635 -4.7443 54
      vertex 31.8303 -4.71112 62
      vertex 31.6635 -4.7443 62
    endloop
  endfacet
  facet normal 0.195098 -0.980784 0
    outer loop
      vertex 31.8303 -4.71112 62
      vertex 31.6635 -4.7443 54
      vertex 31.8303 -4.71112 54
    endloop
  endfacet
  facet normal 0.321481 -0.946916 0
    outer loop
      vertex 31.5025 -4.79896 54
      vertex 31.6635 -4.7443 62
      vertex 31.5025 -4.79896 62
    endloop
  endfacet
  facet normal 0.321481 -0.946916 0
    outer loop
      vertex 31.6635 -4.7443 62
      vertex 31.5025 -4.79896 54
      vertex 31.6635 -4.7443 54
    endloop
  endfacet
  facet normal 0.555528 -0.831498 0
    outer loop
      vertex 31.2086 -4.96864 54
      vertex 31.35 -4.87417 62
      vertex 31.2086 -4.96864 62
    endloop
  endfacet
  facet normal 0.555528 -0.831498 0
    outer loop
      vertex 31.35 -4.87417 62
      vertex 31.2086 -4.96864 54
      vertex 31.35 -4.87417 54
    endloop
  endfacet
  facet normal 0.0653872 0.99786 -0
    outer loop
      vertex 32 -7.3 54
      vertex 31.8303 -7.28888 62
      vertex 32 -7.3 62
    endloop
  endfacet
  facet normal 0.0653872 0.99786 0
    outer loop
      vertex 31.8303 -7.28888 62
      vertex 32 -7.3 54
      vertex 31.8303 -7.28888 54
    endloop
  endfacet
  facet normal -0.0653872 -0.99786 0
    outer loop
      vertex 32 -4.7 54
      vertex 32.1697 -4.71112 62
      vertex 32 -4.7 62
    endloop
  endfacet
  facet normal -0.0653872 -0.99786 -0
    outer loop
      vertex 32.1697 -4.71112 62
      vertex 32 -4.7 54
      vertex 32.1697 -4.71112 54
    endloop
  endfacet
  facet normal -0.195098 -0.980784 0
    outer loop
      vertex 32.1697 -4.71112 54
      vertex 32.3365 -4.7443 62
      vertex 32.1697 -4.71112 62
    endloop
  endfacet
  facet normal -0.195098 -0.980784 -0
    outer loop
      vertex 32.3365 -4.7443 62
      vertex 32.1697 -4.71112 54
      vertex 32.3365 -4.7443 54
    endloop
  endfacet
  facet normal 0.980757 0.195234 0
    outer loop
      vertex 30.7443 -6.33646 62
      vertex 30.7111 -6.16968 54
      vertex 30.7111 -6.16968 62
    endloop
  endfacet
  facet normal 0.980757 0.195234 0
    outer loop
      vertex 30.7111 -6.16968 54
      vertex 30.7443 -6.33646 62
      vertex 30.7443 -6.33646 54
    endloop
  endfacet
  facet normal 0.997867 0.0652777 0
    outer loop
      vertex 30.7111 -6.16968 62
      vertex 30.7 -6 54
      vertex 30.7 -6 62
    endloop
  endfacet
  facet normal 0.997867 0.0652777 0
    outer loop
      vertex 30.7 -6 54
      vertex 30.7111 -6.16968 62
      vertex 30.7111 -6.16968 54
    endloop
  endfacet
  facet normal 0.83167 -0.55527 0
    outer loop
      vertex 30.8742 -5.35 62
      vertex 30.9686 -5.20861 54
      vertex 30.9686 -5.20861 62
    endloop
  endfacet
  facet normal 0.83167 -0.55527 0
    outer loop
      vertex 30.9686 -5.20861 54
      vertex 30.8742 -5.35 62
      vertex 30.8742 -5.35 54
    endloop
  endfacet
  facet normal -0.555528 0.831498 0
    outer loop
      vertex 32.7914 -7.03136 54
      vertex 32.65 -7.12583 62
      vertex 32.7914 -7.03136 62
    endloop
  endfacet
  facet normal -0.555528 0.831498 0
    outer loop
      vertex 32.65 -7.12583 62
      vertex 32.7914 -7.03136 54
      vertex 32.65 -7.12583 54
    endloop
  endfacet
  facet normal -0.442314 0.89686 0
    outer loop
      vertex 32.65 -7.12583 54
      vertex 32.4975 -7.20104 62
      vertex 32.65 -7.12583 62
    endloop
  endfacet
  facet normal -0.442314 0.89686 0
    outer loop
      vertex 32.4975 -7.20104 62
      vertex 32.65 -7.12583 54
      vertex 32.4975 -7.20104 54
    endloop
  endfacet
  facet normal 0.896895 0.442243 0
    outer loop
      vertex 30.8742 -6.65 62
      vertex 30.799 -6.49749 54
      vertex 30.799 -6.49749 62
    endloop
  endfacet
  facet normal 0.896895 0.442243 0
    outer loop
      vertex 30.799 -6.49749 54
      vertex 30.8742 -6.65 62
      vertex 30.8742 -6.65 54
    endloop
  endfacet
  facet normal 0.83167 0.55527 0
    outer loop
      vertex 30.9686 -6.79139 62
      vertex 30.8742 -6.65 54
      vertex 30.8742 -6.65 62
    endloop
  endfacet
  facet normal 0.83167 0.55527 0
    outer loop
      vertex 30.8742 -6.65 54
      vertex 30.9686 -6.79139 62
      vertex 30.9686 -6.79139 54
    endloop
  endfacet
  facet normal 0 0 1
    outer loop
      vertex 33.2889 -5.83032 54
      vertex 33.2889 -6.16968 54
      vertex 33.3 -6 54
    endloop
  endfacet
  facet normal 0 0 1
    outer loop
      vertex 33.2557 -5.66354 54
      vertex 33.2889 -6.16968 54
      vertex 33.2889 -5.83032 54
    endloop
  endfacet
  facet normal 0 0 1
    outer loop
      vertex 33.2557 -5.66354 54
      vertex 33.2557 -6.33646 54
      vertex 33.2889 -6.16968 54
    endloop
  endfacet
  facet normal 0 0 1
    outer loop
      vertex 33.201 -5.50251 54
      vertex 33.2557 -6.33646 54
      vertex 33.2557 -5.66354 54
    endloop
  endfacet
  facet normal 0 0 1
    outer loop
      vertex 33.201 -5.50251 54
      vertex 33.201 -6.49749 54
      vertex 33.2557 -6.33646 54
    endloop
  endfacet
  facet normal 0 0 1
    outer loop
      vertex 33.1258 -5.35 54
      vertex 33.201 -6.49749 54
      vertex 33.201 -5.50251 54
    endloop
  endfacet
  facet normal 0 0 1
    outer loop
      vertex 33.1258 -5.35 54
      vertex 33.1258 -6.65 54
      vertex 33.201 -6.49749 54
    endloop
  endfacet
  facet normal 0 0 1
    outer loop
      vertex 33.0314 -5.20861 54
      vertex 33.1258 -6.65 54
      vertex 33.1258 -5.35 54
    endloop
  endfacet
  facet normal 0 0 1
    outer loop
      vertex 33.0314 -5.20861 54
      vertex 33.0314 -6.79139 54
      vertex 33.1258 -6.65 54
    endloop
  endfacet
  facet normal 0 0 1
    outer loop
      vertex 32.9192 -5.08076 54
      vertex 33.0314 -6.79139 54
      vertex 33.0314 -5.20861 54
    endloop
  endfacet
  facet normal 0 0 1
    outer loop
      vertex 32.9192 -5.08076 54
      vertex 32.9192 -6.91924 54
      vertex 33.0314 -6.79139 54
    endloop
  endfacet
  facet normal 0 0 1
    outer loop
      vertex 32.7914 -4.96864 54
      vertex 32.9192 -6.91924 54
      vertex 32.9192 -5.08076 54
    endloop
  endfacet
  facet normal 0 0 1
    outer loop
      vertex 32.7914 -4.96864 54
      vertex 32.7914 -7.03136 54
      vertex 32.9192 -6.91924 54
    endloop
  endfacet
  facet normal 0 0 1
    outer loop
      vertex 32.65 -4.87417 54
      vertex 32.7914 -7.03136 54
      vertex 32.7914 -4.96864 54
    endloop
  endfacet
  facet normal 0 0 1
    outer loop
      vertex 32.65 -4.87417 54
      vertex 32.65 -7.12583 54
      vertex 32.7914 -7.03136 54
    endloop
  endfacet
  facet normal 0 0 1
    outer loop
      vertex 32.4975 -4.79896 54
      vertex 32.65 -7.12583 54
      vertex 32.65 -4.87417 54
    endloop
  endfacet
  facet normal 0 0 1
    outer loop
      vertex 32.4975 -4.79896 54
      vertex 32.4975 -7.20104 54
      vertex 32.65 -7.12583 54
    endloop
  endfacet
  facet normal 0 0 1
    outer loop
      vertex 32.3365 -4.7443 54
      vertex 32.4975 -7.20104 54
      vertex 32.4975 -4.79896 54
    endloop
  endfacet
  facet normal 0 0 1
    outer loop
      vertex 32.3365 -4.7443 54
      vertex 32.3365 -7.2557 54
      vertex 32.4975 -7.20104 54
    endloop
  endfacet
  facet normal 0 0 1
    outer loop
      vertex 32.1697 -4.71112 54
      vertex 32.3365 -7.2557 54
      vertex 32.3365 -4.7443 54
    endloop
  endfacet
  facet normal 0 0 1
    outer loop
      vertex 32.1697 -4.71112 54
      vertex 32.1697 -7.28888 54
      vertex 32.3365 -7.2557 54
    endloop
  endfacet
  facet normal 0 0 1
    outer loop
      vertex 32 -4.7 54
      vertex 32.1697 -7.28888 54
      vertex 32.1697 -4.71112 54
    endloop
  endfacet
  facet normal 0 0 1
    outer loop
      vertex 32 -4.7 54
      vertex 32 -7.3 54
      vertex 32.1697 -7.28888 54
    endloop
  endfacet
  facet normal -0 0 1
    outer loop
      vertex 31.8303 -4.71112 54
      vertex 32 -7.3 54
      vertex 32 -4.7 54
    endloop
  endfacet
  facet normal 0 0 1
    outer loop
      vertex 31.8303 -4.71112 54
      vertex 31.8303 -7.28888 54
      vertex 32 -7.3 54
    endloop
  endfacet
  facet normal -0 0 1
    outer loop
      vertex 31.6635 -4.7443 54
      vertex 31.8303 -7.28888 54
      vertex 31.8303 -4.71112 54
    endloop
  endfacet
  facet normal 0 0 1
    outer loop
      vertex 31.6635 -4.7443 54
      vertex 31.6635 -7.2557 54
      vertex 31.8303 -7.28888 54
    endloop
  endfacet
  facet normal -0 0 1
    outer loop
      vertex 31.5025 -4.79896 54
      vertex 31.6635 -7.2557 54
      vertex 31.6635 -4.7443 54
    endloop
  endfacet
  facet normal 0 0 1
    outer loop
      vertex 31.5025 -4.79896 54
      vertex 31.5025 -7.20104 54
      vertex 31.6635 -7.2557 54
    endloop
  endfacet
  facet normal -0 0 1
    outer loop
      vertex 31.35 -4.87417 54
      vertex 31.5025 -7.20104 54
      vertex 31.5025 -4.79896 54
    endloop
  endfacet
  facet normal 0 0 1
    outer loop
      vertex 31.35 -4.87417 54
      vertex 31.35 -7.12583 54
      vertex 31.5025 -7.20104 54
    endloop
  endfacet
  facet normal -0 0 1
    outer loop
      vertex 31.2086 -4.96864 54
      vertex 31.35 -7.12583 54
      vertex 31.35 -4.87417 54
    endloop
  endfacet
  facet normal 0 0 1
    outer loop
      vertex 31.2086 -4.96864 54
      vertex 31.2086 -7.03136 54
      vertex 31.35 -7.12583 54
    endloop
  endfacet
  facet normal -0 0 1
    outer loop
      vertex 31.0808 -5.08076 54
      vertex 31.2086 -7.03136 54
      vertex 31.2086 -4.96864 54
    endloop
  endfacet
  facet normal 0 0 1
    outer loop
      vertex 31.0808 -5.08076 54
      vertex 31.0808 -6.91924 54
      vertex 31.2086 -7.03136 54
    endloop
  endfacet
  facet normal -0 0 1
    outer loop
      vertex 30.9686 -5.20861 54
      vertex 31.0808 -6.91924 54
      vertex 31.0808 -5.08076 54
    endloop
  endfacet
  facet normal 0 0 1
    outer loop
      vertex 30.9686 -5.20861 54
      vertex 30.9686 -6.79139 54
      vertex 31.0808 -6.91924 54
    endloop
  endfacet
  facet normal -0 0 1
    outer loop
      vertex 30.8742 -5.35 54
      vertex 30.9686 -6.79139 54
      vertex 30.9686 -5.20861 54
    endloop
  endfacet
  facet normal 0 0 1
    outer loop
      vertex 30.8742 -5.35 54
      vertex 30.8742 -6.65 54
      vertex 30.9686 -6.79139 54
    endloop
  endfacet
  facet normal -0 0 1
    outer loop
      vertex 30.799 -5.50251 54
      vertex 30.8742 -6.65 54
      vertex 30.8742 -5.35 54
    endloop
  endfacet
  facet normal 0 0 1
    outer loop
      vertex 30.799 -5.50251 54
      vertex 30.799 -6.49749 54
      vertex 30.8742 -6.65 54
    endloop
  endfacet
  facet normal -0 0 1
    outer loop
      vertex 30.7443 -5.66354 54
      vertex 30.799 -6.49749 54
      vertex 30.799 -5.50251 54
    endloop
  endfacet
  facet normal 0 0 1
    outer loop
      vertex 30.7443 -5.66354 54
      vertex 30.7443 -6.33646 54
      vertex 30.799 -6.49749 54
    endloop
  endfacet
  facet normal -0 0 1
    outer loop
      vertex 30.7111 -5.83032 54
      vertex 30.7443 -6.33646 54
      vertex 30.7443 -5.66354 54
    endloop
  endfacet
  facet normal 0 0 1
    outer loop
      vertex 30.7111 -5.83032 54
      vertex 30.7111 -6.16968 54
      vertex 30.7443 -6.33646 54
    endloop
  endfacet
  facet normal 0 -0 1
    outer loop
      vertex 30.7111 -6.16968 54
      vertex 30.7111 -5.83032 54
      vertex 30.7 -6 54
    endloop
  endfacet
  facet normal 0.555528 0.831498 -0
    outer loop
      vertex 31.35 -7.12583 54
      vertex 31.2086 -7.03136 62
      vertex 31.35 -7.12583 62
    endloop
  endfacet
  facet normal 0.555528 0.831498 0
    outer loop
      vertex 31.2086 -7.03136 62
      vertex 31.35 -7.12583 54
      vertex 31.2086 -7.03136 54
    endloop
  endfacet
  facet normal -0.980761 -0.195211 0
    outer loop
      vertex 33.2889 -77.8303 54
      vertex 33.2557 -77.6635 62
      vertex 33.2557 -77.6635 54
    endloop
  endfacet
  facet normal -0.980761 -0.195211 0
    outer loop
      vertex 33.2557 -77.6635 62
      vertex 33.2889 -77.8303 54
      vertex 33.2889 -77.8303 62
    endloop
  endfacet
  facet normal -0.997868 -0.0652701 0
    outer loop
      vertex 33.3 -78 54
      vertex 33.2889 -77.8303 62
      vertex 33.2889 -77.8303 54
    endloop
  endfacet
  facet normal -0.997868 -0.0652701 0
    outer loop
      vertex 33.2889 -77.8303 62
      vertex 33.3 -78 54
      vertex 33.3 -78 62
    endloop
  endfacet
  facet normal -0.946844 -0.321692 0
    outer loop
      vertex 33.2557 -77.6635 54
      vertex 33.201 -77.5025 62
      vertex 33.201 -77.5025 54
    endloop
  endfacet
  facet normal -0.946844 -0.321692 0
    outer loop
      vertex 33.201 -77.5025 62
      vertex 33.2557 -77.6635 54
      vertex 33.2557 -77.6635 62
    endloop
  endfacet
  facet normal 0.659753 0.751483 -0
    outer loop
      vertex 31.2086 -79.0314 54
      vertex 31.0808 -78.9192 62
      vertex 31.2086 -79.0314 62
    endloop
  endfacet
  facet normal 0.659753 0.751483 0
    outer loop
      vertex 31.0808 -78.9192 62
      vertex 31.2086 -79.0314 54
      vertex 31.0808 -78.9192 54
    endloop
  endfacet
  facet normal -0.442267 -0.896884 0
    outer loop
      vertex 32.4975 -76.799 54
      vertex 32.65 -76.8742 62
      vertex 32.4975 -76.799 62
    endloop
  endfacet
  facet normal -0.442267 -0.896884 -0
    outer loop
      vertex 32.65 -76.8742 62
      vertex 32.4975 -76.799 54
      vertex 32.65 -76.8742 54
    endloop
  endfacet
  facet normal 0.442267 0.896884 -0
    outer loop
      vertex 31.5025 -79.201 54
      vertex 31.35 -79.1258 62
      vertex 31.5025 -79.201 62
    endloop
  endfacet
  facet normal 0.442267 0.896884 0
    outer loop
      vertex 31.35 -79.1258 62
      vertex 31.5025 -79.201 54
      vertex 31.35 -79.1258 54
    endloop
  endfacet
  facet normal -0.896884 -0.442267 0
    outer loop
      vertex 33.201 -77.5025 54
      vertex 33.1258 -77.35 62
      vertex 33.1258 -77.35 54
    endloop
  endfacet
  facet normal -0.896884 -0.442267 0
    outer loop
      vertex 33.1258 -77.35 62
      vertex 33.201 -77.5025 54
      vertex 33.201 -77.5025 62
    endloop
  endfacet
  facet normal -0.831688 -0.555243 0
    outer loop
      vertex 33.1258 -77.35 54
      vertex 33.0314 -77.2086 62
      vertex 33.0314 -77.2086 54
    endloop
  endfacet
  facet normal -0.831688 -0.555243 0
    outer loop
      vertex 33.0314 -77.2086 62
      vertex 33.1258 -77.35 54
      vertex 33.1258 -77.35 62
    endloop
  endfacet
  facet normal -0.659753 -0.751483 0
    outer loop
      vertex 32.7914 -76.9686 54
      vertex 32.9192 -77.0808 62
      vertex 32.7914 -76.9686 62
    endloop
  endfacet
  facet normal -0.659753 -0.751483 -0
    outer loop
      vertex 32.9192 -77.0808 62
      vertex 32.7914 -76.9686 54
      vertex 32.9192 -77.0808 54
    endloop
  endfacet
  facet normal 0.442267 -0.896884 0
    outer loop
      vertex 31.35 -76.8742 54
      vertex 31.5025 -76.799 62
      vertex 31.35 -76.8742 62
    endloop
  endfacet
  facet normal 0.442267 -0.896884 0
    outer loop
      vertex 31.5025 -76.799 62
      vertex 31.35 -76.8742 54
      vertex 31.5025 -76.799 54
    endloop
  endfacet
  facet normal -0.896884 0.442267 0
    outer loop
      vertex 33.1258 -78.65 54
      vertex 33.201 -78.4975 62
      vertex 33.201 -78.4975 54
    endloop
  endfacet
  facet normal -0.896884 0.442267 0
    outer loop
      vertex 33.201 -78.4975 62
      vertex 33.1258 -78.65 54
      vertex 33.1258 -78.65 62
    endloop
  endfacet
  facet normal 0.659753 -0.751483 0
    outer loop
      vertex 31.0808 -77.0808 54
      vertex 31.2086 -76.9686 62
      vertex 31.0808 -77.0808 62
    endloop
  endfacet
  facet normal 0.659753 -0.751483 0
    outer loop
      vertex 31.2086 -76.9686 62
      vertex 31.0808 -77.0808 54
      vertex 31.2086 -76.9686 54
    endloop
  endfacet
  facet normal -0.751483 -0.659753 0
    outer loop
      vertex 33.0314 -77.2086 54
      vertex 32.9192 -77.0808 62
      vertex 32.9192 -77.0808 54
    endloop
  endfacet
  facet normal -0.751483 -0.659753 0
    outer loop
      vertex 32.9192 -77.0808 62
      vertex 33.0314 -77.2086 54
      vertex 33.0314 -77.2086 62
    endloop
  endfacet
  facet normal -0.946844 0.321692 0
    outer loop
      vertex 33.201 -78.4975 54
      vertex 33.2557 -78.3365 62
      vertex 33.2557 -78.3365 54
    endloop
  endfacet
  facet normal -0.946844 0.321692 0
    outer loop
      vertex 33.2557 -78.3365 62
      vertex 33.201 -78.4975 54
      vertex 33.201 -78.4975 62
    endloop
  endfacet
  facet normal 0.946844 -0.321692 0
    outer loop
      vertex 30.7443 -77.6635 62
      vertex 30.799 -77.5025 54
      vertex 30.799 -77.5025 62
    endloop
  endfacet
  facet normal 0.946844 -0.321692 0
    outer loop
      vertex 30.799 -77.5025 54
      vertex 30.7443 -77.6635 62
      vertex 30.7443 -77.6635 54
    endloop
  endfacet
  facet normal 0.751483 0.659753 0
    outer loop
      vertex 31.0808 -78.9192 62
      vertex 30.9686 -78.7914 54
      vertex 30.9686 -78.7914 62
    endloop
  endfacet
  facet normal 0.751483 0.659753 0
    outer loop
      vertex 30.9686 -78.7914 54
      vertex 31.0808 -78.9192 62
      vertex 31.0808 -78.9192 54
    endloop
  endfacet
  facet normal -0.555243 -0.831688 0
    outer loop
      vertex 32.65 -76.8742 54
      vertex 32.7914 -76.9686 62
      vertex 32.65 -76.8742 62
    endloop
  endfacet
  facet normal -0.555243 -0.831688 -0
    outer loop
      vertex 32.7914 -76.9686 62
      vertex 32.65 -76.8742 54
      vertex 32.7914 -76.9686 54
    endloop
  endfacet
  facet normal -0.980761 0.195211 0
    outer loop
      vertex 33.2557 -78.3365 54
      vertex 33.2889 -78.1697 62
      vertex 33.2889 -78.1697 54
    endloop
  endfacet
  facet normal -0.980761 0.195211 0
    outer loop
      vertex 33.2889 -78.1697 62
      vertex 33.2557 -78.3365 54
      vertex 33.2557 -78.3365 62
    endloop
  endfacet
  facet normal -0.321692 0.946844 0
    outer loop
      vertex 32.4975 -79.201 54
      vertex 32.3365 -79.2557 62
      vertex 32.4975 -79.201 62
    endloop
  endfacet
  facet normal -0.321692 0.946844 0
    outer loop
      vertex 32.3365 -79.2557 62
      vertex 32.4975 -79.201 54
      vertex 32.3365 -79.2557 54
    endloop
  endfacet
  facet normal -0.195211 0.980761 0
    outer loop
      vertex 32.3365 -79.2557 54
      vertex 32.1697 -79.2889 62
      vertex 32.3365 -79.2557 62
    endloop
  endfacet
  facet normal -0.195211 0.980761 0
    outer loop
      vertex 32.1697 -79.2889 62
      vertex 32.3365 -79.2557 54
      vertex 32.1697 -79.2889 54
    endloop
  endfacet
  facet normal 0.997868 -0.0652701 0
    outer loop
      vertex 30.7 -78 62
      vertex 30.7111 -77.8303 54
      vertex 30.7111 -77.8303 62
    endloop
  endfacet
  facet normal 0.997868 -0.0652701 0
    outer loop
      vertex 30.7111 -77.8303 54
      vertex 30.7 -78 62
      vertex 30.7 -78 54
    endloop
  endfacet
  facet normal -0.659753 0.751483 0
    outer loop
      vertex 32.9192 -78.9192 54
      vertex 32.7914 -79.0314 62
      vertex 32.9192 -78.9192 62
    endloop
  endfacet
  facet normal -0.659753 0.751483 0
    outer loop
      vertex 32.7914 -79.0314 62
      vertex 32.9192 -78.9192 54
      vertex 32.7914 -79.0314 54
    endloop
  endfacet
  facet normal -0.751483 0.659753 0
    outer loop
      vertex 32.9192 -78.9192 54
      vertex 33.0314 -78.7914 62
      vertex 33.0314 -78.7914 54
    endloop
  endfacet
  facet normal -0.751483 0.659753 0
    outer loop
      vertex 33.0314 -78.7914 62
      vertex 32.9192 -78.9192 54
      vertex 32.9192 -78.9192 62
    endloop
  endfacet
  facet normal 0.980761 -0.195211 0
    outer loop
      vertex 30.7111 -77.8303 62
      vertex 30.7443 -77.6635 54
      vertex 30.7443 -77.6635 62
    endloop
  endfacet
  facet normal 0.980761 -0.195211 0
    outer loop
      vertex 30.7443 -77.6635 54
      vertex 30.7111 -77.8303 62
      vertex 30.7111 -77.8303 54
    endloop
  endfacet
  facet normal 0.0652701 -0.997868 0
    outer loop
      vertex 31.8303 -76.7111 54
      vertex 32 -76.7 62
      vertex 31.8303 -76.7111 62
    endloop
  endfacet
  facet normal 0.0652701 -0.997868 0
    outer loop
      vertex 32 -76.7 62
      vertex 31.8303 -76.7111 54
      vertex 32 -76.7 54
    endloop
  endfacet
  facet normal 0.321692 0.946844 -0
    outer loop
      vertex 31.6635 -79.2557 54
      vertex 31.5025 -79.201 62
      vertex 31.6635 -79.2557 62
    endloop
  endfacet
  facet normal 0.321692 0.946844 0
    outer loop
      vertex 31.5025 -79.201 62
      vertex 31.6635 -79.2557 54
      vertex 31.5025 -79.201 54
    endloop
  endfacet
  facet normal 0.946844 0.321692 0
    outer loop
      vertex 30.799 -78.4975 62
      vertex 30.7443 -78.3365 54
      vertex 30.7443 -78.3365 62
    endloop
  endfacet
  facet normal 0.946844 0.321692 0
    outer loop
      vertex 30.7443 -78.3365 54
      vertex 30.799 -78.4975 62
      vertex 30.799 -78.4975 54
    endloop
  endfacet
  facet normal -0.831688 0.555243 0
    outer loop
      vertex 33.0314 -78.7914 54
      vertex 33.1258 -78.65 62
      vertex 33.1258 -78.65 54
    endloop
  endfacet
  facet normal -0.831688 0.555243 0
    outer loop
      vertex 33.1258 -78.65 62
      vertex 33.0314 -78.7914 54
      vertex 33.0314 -78.7914 62
    endloop
  endfacet
  facet normal -0.0652701 0.997868 0
    outer loop
      vertex 32.1697 -79.2889 54
      vertex 32 -79.3 62
      vertex 32.1697 -79.2889 62
    endloop
  endfacet
  facet normal -0.0652701 0.997868 0
    outer loop
      vertex 32 -79.3 62
      vertex 32.1697 -79.2889 54
      vertex 32 -79.3 54
    endloop
  endfacet
  facet normal 0.751483 -0.659753 0
    outer loop
      vertex 30.9686 -77.2086 62
      vertex 31.0808 -77.0808 54
      vertex 31.0808 -77.0808 62
    endloop
  endfacet
  facet normal 0.751483 -0.659753 0
    outer loop
      vertex 31.0808 -77.0808 54
      vertex 30.9686 -77.2086 62
      vertex 30.9686 -77.2086 54
    endloop
  endfacet
  facet normal 0.896884 -0.442267 0
    outer loop
      vertex 30.799 -77.5025 62
      vertex 30.8742 -77.35 54
      vertex 30.8742 -77.35 62
    endloop
  endfacet
  facet normal 0.896884 -0.442267 0
    outer loop
      vertex 30.8742 -77.35 54
      vertex 30.799 -77.5025 62
      vertex 30.799 -77.5025 54
    endloop
  endfacet
  facet normal -0.321692 -0.946844 0
    outer loop
      vertex 32.3365 -76.7443 54
      vertex 32.4975 -76.799 62
      vertex 32.3365 -76.7443 62
    endloop
  endfacet
  facet normal -0.321692 -0.946844 -0
    outer loop
      vertex 32.4975 -76.799 62
      vertex 32.3365 -76.7443 54
      vertex 32.4975 -76.799 54
    endloop
  endfacet
  facet normal 0.195211 0.980761 -0
    outer loop
      vertex 31.8303 -79.2889 54
      vertex 31.6635 -79.2557 62
      vertex 31.8303 -79.2889 62
    endloop
  endfacet
  facet normal 0.195211 0.980761 0
    outer loop
      vertex 31.6635 -79.2557 62
      vertex 31.8303 -79.2889 54
      vertex 31.6635 -79.2557 54
    endloop
  endfacet
  facet normal -0.997868 0.0652701 0
    outer loop
      vertex 33.2889 -78.1697 54
      vertex 33.3 -78 62
      vertex 33.3 -78 54
    endloop
  endfacet
  facet normal -0.997868 0.0652701 0
    outer loop
      vertex 33.3 -78 62
      vertex 33.2889 -78.1697 54
      vertex 33.2889 -78.1697 62
    endloop
  endfacet
  facet normal 0.195211 -0.980761 0
    outer loop
      vertex 31.6635 -76.7443 54
      vertex 31.8303 -76.7111 62
      vertex 31.6635 -76.7443 62
    endloop
  endfacet
  facet normal 0.195211 -0.980761 0
    outer loop
      vertex 31.8303 -76.7111 62
      vertex 31.6635 -76.7443 54
      vertex 31.8303 -76.7111 54
    endloop
  endfacet
  facet normal 0.321692 -0.946844 0
    outer loop
      vertex 31.5025 -76.799 54
      vertex 31.6635 -76.7443 62
      vertex 31.5025 -76.799 62
    endloop
  endfacet
  facet normal 0.321692 -0.946844 0
    outer loop
      vertex 31.6635 -76.7443 62
      vertex 31.5025 -76.799 54
      vertex 31.6635 -76.7443 54
    endloop
  endfacet
  facet normal 0.555243 -0.831688 0
    outer loop
      vertex 31.2086 -76.9686 54
      vertex 31.35 -76.8742 62
      vertex 31.2086 -76.9686 62
    endloop
  endfacet
  facet normal 0.555243 -0.831688 0
    outer loop
      vertex 31.35 -76.8742 62
      vertex 31.2086 -76.9686 54
      vertex 31.35 -76.8742 54
    endloop
  endfacet
  facet normal 0.0652701 0.997868 -0
    outer loop
      vertex 32 -79.3 54
      vertex 31.8303 -79.2889 62
      vertex 32 -79.3 62
    endloop
  endfacet
  facet normal 0.0652701 0.997868 0
    outer loop
      vertex 31.8303 -79.2889 62
      vertex 32 -79.3 54
      vertex 31.8303 -79.2889 54
    endloop
  endfacet
  facet normal -0.0652701 -0.997868 0
    outer loop
      vertex 32 -76.7 54
      vertex 32.1697 -76.7111 62
      vertex 32 -76.7 62
    endloop
  endfacet
  facet normal -0.0652701 -0.997868 -0
    outer loop
      vertex 32.1697 -76.7111 62
      vertex 32 -76.7 54
      vertex 32.1697 -76.7111 54
    endloop
  endfacet
  facet normal -0.195211 -0.980761 0
    outer loop
      vertex 32.1697 -76.7111 54
      vertex 32.3365 -76.7443 62
      vertex 32.1697 -76.7111 62
    endloop
  endfacet
  facet normal -0.195211 -0.980761 -0
    outer loop
      vertex 32.3365 -76.7443 62
      vertex 32.1697 -76.7111 54
      vertex 32.3365 -76.7443 54
    endloop
  endfacet
  facet normal 0.980761 0.195211 0
    outer loop
      vertex 30.7443 -78.3365 62
      vertex 30.7111 -78.1697 54
      vertex 30.7111 -78.1697 62
    endloop
  endfacet
  facet normal 0.980761 0.195211 0
    outer loop
      vertex 30.7111 -78.1697 54
      vertex 30.7443 -78.3365 62
      vertex 30.7443 -78.3365 54
    endloop
  endfacet
  facet normal 0.997868 0.0652701 0
    outer loop
      vertex 30.7111 -78.1697 62
      vertex 30.7 -78 54
      vertex 30.7 -78 62
    endloop
  endfacet
  facet normal 0.997868 0.0652701 0
    outer loop
      vertex 30.7 -78 54
      vertex 30.7111 -78.1697 62
      vertex 30.7111 -78.1697 54
    endloop
  endfacet
  facet normal 0.831688 -0.555243 0
    outer loop
      vertex 30.8742 -77.35 62
      vertex 30.9686 -77.2086 54
      vertex 30.9686 -77.2086 62
    endloop
  endfacet
  facet normal 0.831688 -0.555243 0
    outer loop
      vertex 30.9686 -77.2086 54
      vertex 30.8742 -77.35 62
      vertex 30.8742 -77.35 54
    endloop
  endfacet
  facet normal -0.555243 0.831688 0
    outer loop
      vertex 32.7914 -79.0314 54
      vertex 32.65 -79.1258 62
      vertex 32.7914 -79.0314 62
    endloop
  endfacet
  facet normal -0.555243 0.831688 0
    outer loop
      vertex 32.65 -79.1258 62
      vertex 32.7914 -79.0314 54
      vertex 32.65 -79.1258 54
    endloop
  endfacet
  facet normal -0.442267 0.896884 0
    outer loop
      vertex 32.65 -79.1258 54
      vertex 32.4975 -79.201 62
      vertex 32.65 -79.1258 62
    endloop
  endfacet
  facet normal -0.442267 0.896884 0
    outer loop
      vertex 32.4975 -79.201 62
      vertex 32.65 -79.1258 54
      vertex 32.4975 -79.201 54
    endloop
  endfacet
  facet normal 0.896884 0.442267 0
    outer loop
      vertex 30.8742 -78.65 62
      vertex 30.799 -78.4975 54
      vertex 30.799 -78.4975 62
    endloop
  endfacet
  facet normal 0.896884 0.442267 0
    outer loop
      vertex 30.799 -78.4975 54
      vertex 30.8742 -78.65 62
      vertex 30.8742 -78.65 54
    endloop
  endfacet
  facet normal 0.831688 0.555243 0
    outer loop
      vertex 30.9686 -78.7914 62
      vertex 30.8742 -78.65 54
      vertex 30.8742 -78.65 62
    endloop
  endfacet
  facet normal 0.831688 0.555243 0
    outer loop
      vertex 30.8742 -78.65 54
      vertex 30.9686 -78.7914 62
      vertex 30.9686 -78.7914 54
    endloop
  endfacet
  facet normal 0 0 1
    outer loop
      vertex 33.2889 -77.8303 54
      vertex 33.2889 -78.1697 54
      vertex 33.3 -78 54
    endloop
  endfacet
  facet normal 0 0 1
    outer loop
      vertex 33.2557 -77.6635 54
      vertex 33.2889 -78.1697 54
      vertex 33.2889 -77.8303 54
    endloop
  endfacet
  facet normal 0 0 1
    outer loop
      vertex 33.2557 -77.6635 54
      vertex 33.2557 -78.3365 54
      vertex 33.2889 -78.1697 54
    endloop
  endfacet
  facet normal 0 0 1
    outer loop
      vertex 33.201 -77.5025 54
      vertex 33.2557 -78.3365 54
      vertex 33.2557 -77.6635 54
    endloop
  endfacet
  facet normal 0 0 1
    outer loop
      vertex 33.201 -77.5025 54
      vertex 33.201 -78.4975 54
      vertex 33.2557 -78.3365 54
    endloop
  endfacet
  facet normal 0 0 1
    outer loop
      vertex 33.1258 -77.35 54
      vertex 33.201 -78.4975 54
      vertex 33.201 -77.5025 54
    endloop
  endfacet
  facet normal 0 0 1
    outer loop
      vertex 33.1258 -77.35 54
      vertex 33.1258 -78.65 54
      vertex 33.201 -78.4975 54
    endloop
  endfacet
  facet normal 0 0 1
    outer loop
      vertex 33.0314 -77.2086 54
      vertex 33.1258 -78.65 54
      vertex 33.1258 -77.35 54
    endloop
  endfacet
  facet normal 0 0 1
    outer loop
      vertex 33.0314 -77.2086 54
      vertex 33.0314 -78.7914 54
      vertex 33.1258 -78.65 54
    endloop
  endfacet
  facet normal 0 0 1
    outer loop
      vertex 32.9192 -77.0808 54
      vertex 33.0314 -78.7914 54
      vertex 33.0314 -77.2086 54
    endloop
  endfacet
  facet normal 0 0 1
    outer loop
      vertex 32.9192 -77.0808 54
      vertex 32.9192 -78.9192 54
      vertex 33.0314 -78.7914 54
    endloop
  endfacet
  facet normal 0 0 1
    outer loop
      vertex 32.7914 -76.9686 54
      vertex 32.9192 -78.9192 54
      vertex 32.9192 -77.0808 54
    endloop
  endfacet
  facet normal 0 0 1
    outer loop
      vertex 32.7914 -76.9686 54
      vertex 32.7914 -79.0314 54
      vertex 32.9192 -78.9192 54
    endloop
  endfacet
  facet normal 0 0 1
    outer loop
      vertex 32.65 -76.8742 54
      vertex 32.7914 -79.0314 54
      vertex 32.7914 -76.9686 54
    endloop
  endfacet
  facet normal 0 0 1
    outer loop
      vertex 32.65 -76.8742 54
      vertex 32.65 -79.1258 54
      vertex 32.7914 -79.0314 54
    endloop
  endfacet
  facet normal 0 0 1
    outer loop
      vertex 32.4975 -76.799 54
      vertex 32.65 -79.1258 54
      vertex 32.65 -76.8742 54
    endloop
  endfacet
  facet normal 0 0 1
    outer loop
      vertex 32.4975 -76.799 54
      vertex 32.4975 -79.201 54
      vertex 32.65 -79.1258 54
    endloop
  endfacet
  facet normal 0 0 1
    outer loop
      vertex 32.3365 -76.7443 54
      vertex 32.4975 -79.201 54
      vertex 32.4975 -76.799 54
    endloop
  endfacet
  facet normal 0 0 1
    outer loop
      vertex 32.3365 -76.7443 54
      vertex 32.3365 -79.2557 54
      vertex 32.4975 -79.201 54
    endloop
  endfacet
  facet normal 0 0 1
    outer loop
      vertex 32.1697 -76.7111 54
      vertex 32.3365 -79.2557 54
      vertex 32.3365 -76.7443 54
    endloop
  endfacet
  facet normal 0 0 1
    outer loop
      vertex 32.1697 -76.7111 54
      vertex 32.1697 -79.2889 54
      vertex 32.3365 -79.2557 54
    endloop
  endfacet
  facet normal 0 0 1
    outer loop
      vertex 32 -76.7 54
      vertex 32.1697 -79.2889 54
      vertex 32.1697 -76.7111 54
    endloop
  endfacet
  facet normal 0 0 1
    outer loop
      vertex 32 -76.7 54
      vertex 32 -79.3 54
      vertex 32.1697 -79.2889 54
    endloop
  endfacet
  facet normal -0 0 1
    outer loop
      vertex 31.8303 -76.7111 54
      vertex 32 -79.3 54
      vertex 32 -76.7 54
    endloop
  endfacet
  facet normal 0 0 1
    outer loop
      vertex 31.8303 -76.7111 54
      vertex 31.8303 -79.2889 54
      vertex 32 -79.3 54
    endloop
  endfacet
  facet normal -0 0 1
    outer loop
      vertex 31.6635 -76.7443 54
      vertex 31.8303 -79.2889 54
      vertex 31.8303 -76.7111 54
    endloop
  endfacet
  facet normal 0 0 1
    outer loop
      vertex 31.6635 -76.7443 54
      vertex 31.6635 -79.2557 54
      vertex 31.8303 -79.2889 54
    endloop
  endfacet
  facet normal -0 0 1
    outer loop
      vertex 31.5025 -76.799 54
      vertex 31.6635 -79.2557 54
      vertex 31.6635 -76.7443 54
    endloop
  endfacet
  facet normal 0 0 1
    outer loop
      vertex 31.5025 -76.799 54
      vertex 31.5025 -79.201 54
      vertex 31.6635 -79.2557 54
    endloop
  endfacet
  facet normal -0 0 1
    outer loop
      vertex 31.35 -76.8742 54
      vertex 31.5025 -79.201 54
      vertex 31.5025 -76.799 54
    endloop
  endfacet
  facet normal 0 0 1
    outer loop
      vertex 31.35 -76.8742 54
      vertex 31.35 -79.1258 54
      vertex 31.5025 -79.201 54
    endloop
  endfacet
  facet normal -0 0 1
    outer loop
      vertex 31.2086 -76.9686 54
      vertex 31.35 -79.1258 54
      vertex 31.35 -76.8742 54
    endloop
  endfacet
  facet normal 0 0 1
    outer loop
      vertex 31.2086 -76.9686 54
      vertex 31.2086 -79.0314 54
      vertex 31.35 -79.1258 54
    endloop
  endfacet
  facet normal -0 0 1
    outer loop
      vertex 31.0808 -77.0808 54
      vertex 31.2086 -79.0314 54
      vertex 31.2086 -76.9686 54
    endloop
  endfacet
  facet normal 0 0 1
    outer loop
      vertex 31.0808 -77.0808 54
      vertex 31.0808 -78.9192 54
      vertex 31.2086 -79.0314 54
    endloop
  endfacet
  facet normal -0 0 1
    outer loop
      vertex 30.9686 -77.2086 54
      vertex 31.0808 -78.9192 54
      vertex 31.0808 -77.0808 54
    endloop
  endfacet
  facet normal 0 0 1
    outer loop
      vertex 30.9686 -77.2086 54
      vertex 30.9686 -78.7914 54
      vertex 31.0808 -78.9192 54
    endloop
  endfacet
  facet normal -0 0 1
    outer loop
      vertex 30.8742 -77.35 54
      vertex 30.9686 -78.7914 54
      vertex 30.9686 -77.2086 54
    endloop
  endfacet
  facet normal 0 0 1
    outer loop
      vertex 30.8742 -77.35 54
      vertex 30.8742 -78.65 54
      vertex 30.9686 -78.7914 54
    endloop
  endfacet
  facet normal -0 0 1
    outer loop
      vertex 30.799 -77.5025 54
      vertex 30.8742 -78.65 54
      vertex 30.8742 -77.35 54
    endloop
  endfacet
  facet normal 0 0 1
    outer loop
      vertex 30.799 -77.5025 54
      vertex 30.799 -78.4975 54
      vertex 30.8742 -78.65 54
    endloop
  endfacet
  facet normal -0 0 1
    outer loop
      vertex 30.7443 -77.6635 54
      vertex 30.799 -78.4975 54
      vertex 30.799 -77.5025 54
    endloop
  endfacet
  facet normal 0 0 1
    outer loop
      vertex 30.7443 -77.6635 54
      vertex 30.7443 -78.3365 54
      vertex 30.799 -78.4975 54
    endloop
  endfacet
  facet normal -0 0 1
    outer loop
      vertex 30.7111 -77.8303 54
      vertex 30.7443 -78.3365 54
      vertex 30.7443 -77.6635 54
    endloop
  endfacet
  facet normal 0 0 1
    outer loop
      vertex 30.7111 -77.8303 54
      vertex 30.7111 -78.1697 54
      vertex 30.7443 -78.3365 54
    endloop
  endfacet
  facet normal 0 -0 1
    outer loop
      vertex 30.7111 -78.1697 54
      vertex 30.7111 -77.8303 54
      vertex 30.7 -78 54
    endloop
  endfacet
  facet normal 0.555243 0.831688 -0
    outer loop
      vertex 31.35 -79.1258 54
      vertex 31.2086 -79.0314 62
      vertex 31.35 -79.1258 62
    endloop
  endfacet
  facet normal 0.555243 0.831688 0
    outer loop
      vertex 31.2086 -79.0314 62
      vertex 31.35 -79.1258 54
      vertex 31.2086 -79.0314 54
    endloop
  endfacet
  facet normal -0.980779 0 -0.195122
    outer loop
      vertex 1.68546 -2.4 32.2219
      vertex 1.64207 0 32.44
      vertex 1.68546 0 32.2219
    endloop
  endfacet
  facet normal -0.980779 -0 -0.195122
    outer loop
      vertex 1.64207 0 32.44
      vertex 1.68546 -2.4 32.2219
      vertex 1.64207 -2.4 32.44
    endloop
  endfacet
  facet normal -0.99786 0 -0.0653848
    outer loop
      vertex 1.7 -2.4 32
      vertex 1.68546 0 32.2219
      vertex 1.7 0 32
    endloop
  endfacet
  facet normal -0.99786 -0 -0.0653848
    outer loop
      vertex 1.68546 0 32.2219
      vertex 1.7 -2.4 32
      vertex 1.68546 -2.4 32.2219
    endloop
  endfacet
  facet normal 0.442463 0 -0.896787
    outer loop
      vertex -0.849999 -2.4 33.4722
      vertex -0.650561 0 33.5706
      vertex -0.650561 -2.4 33.5706
    endloop
  endfacet
  facet normal 0.442463 0 -0.896787
    outer loop
      vertex -0.650561 0 33.5706
      vertex -0.849999 -2.4 33.4722
      vertex -0.849999 0 33.4722
    endloop
  endfacet
  facet normal -0.555445 0 -0.831553
    outer loop
      vertex 0.849999 -2.4 33.4722
      vertex 1.03489 0 33.3487
      vertex 1.03489 -2.4 33.3487
    endloop
  endfacet
  facet normal -0.555445 0 -0.831553
    outer loop
      vertex 1.03489 0 33.3487
      vertex 0.849999 -2.4 33.4722
      vertex 0.849999 0 33.4722
    endloop
  endfacet
  facet normal 0.659291 0 -0.751888
    outer loop
      vertex -1.20208 -2.4 33.2021
      vertex -1.03489 0 33.3487
      vertex -1.03489 -2.4 33.3487
    endloop
  endfacet
  facet normal 0.659291 0 -0.751888
    outer loop
      vertex -1.03489 0 33.3487
      vertex -1.20208 -2.4 33.2021
      vertex -1.20208 0 33.2021
    endloop
  endfacet
  facet normal -0.321526 0 0.946901
    outer loop
      vertex 0.439992 0 30.3579
      vertex 0.650561 -2.4 30.4294
      vertex 0.650561 0 30.4294
    endloop
  endfacet
  facet normal -0.321526 0 0.946901
    outer loop
      vertex 0.650561 -2.4 30.4294
      vertex 0.439992 0 30.3579
      vertex 0.439992 -2.4 30.3579
    endloop
  endfacet
  facet normal -0.831483 0 0.555551
    outer loop
      vertex 1.3487 -2.4 30.9651
      vertex 1.47224 0 31.15
      vertex 1.3487 0 30.9651
    endloop
  endfacet
  facet normal -0.831483 0 0.555551
    outer loop
      vertex 1.47224 0 31.15
      vertex 1.3487 -2.4 30.9651
      vertex 1.47224 -2.4 31.15
    endloop
  endfacet
  facet normal -0.946943 0 0.321403
    outer loop
      vertex 1.57059 -2.4 31.3494
      vertex 1.64207 0 31.56
      vertex 1.57059 0 31.3494
    endloop
  endfacet
  facet normal -0.946943 0 0.321403
    outer loop
      vertex 1.64207 0 31.56
      vertex 1.57059 -2.4 31.3494
      vertex 1.64207 -2.4 31.56
    endloop
  endfacet
  facet normal -0.321526 0 -0.946901
    outer loop
      vertex 0.439992 -2.4 33.6421
      vertex 0.650561 0 33.5706
      vertex 0.650561 -2.4 33.5706
    endloop
  endfacet
  facet normal -0.321526 0 -0.946901
    outer loop
      vertex 0.650561 0 33.5706
      vertex 0.439992 -2.4 33.6421
      vertex 0.439992 0 33.6421
    endloop
  endfacet
  facet normal -0.195167 0 -0.98077
    outer loop
      vertex 0.221894 -2.4 33.6855
      vertex 0.439992 0 33.6421
      vertex 0.439992 -2.4 33.6421
    endloop
  endfacet
  facet normal -0.195167 0 -0.98077
    outer loop
      vertex 0.439992 0 33.6421
      vertex 0.221894 -2.4 33.6855
      vertex 0.221894 0 33.6855
    endloop
  endfacet
  facet normal 0.555445 0 -0.831553
    outer loop
      vertex -1.03489 -2.4 33.3487
      vertex -0.849999 0 33.4722
      vertex -0.849999 -2.4 33.4722
    endloop
  endfacet
  facet normal 0.555445 0 -0.831553
    outer loop
      vertex -0.849999 0 33.4722
      vertex -1.03489 -2.4 33.3487
      vertex -1.03489 0 33.3487
    endloop
  endfacet
  facet normal -0.896843 0 0.442349
    outer loop
      vertex 1.47224 -2.4 31.15
      vertex 1.57059 0 31.3494
      vertex 1.47224 0 31.15
    endloop
  endfacet
  facet normal -0.896843 0 0.442349
    outer loop
      vertex 1.57059 0 31.3494
      vertex 1.47224 -2.4 31.15
      vertex 1.57059 -2.4 31.3494
    endloop
  endfacet
  facet normal -0.659291 0 -0.751888
    outer loop
      vertex 1.03489 -2.4 33.3487
      vertex 1.20208 0 33.2021
      vertex 1.20208 -2.4 33.2021
    endloop
  endfacet
  facet normal -0.659291 0 -0.751888
    outer loop
      vertex 1.20208 0 33.2021
      vertex 1.03489 -2.4 33.3487
      vertex 1.03489 0 33.3487
    endloop
  endfacet
  facet normal -0.555445 0 0.831553
    outer loop
      vertex 0.849999 0 30.5278
      vertex 1.03489 -2.4 30.6513
      vertex 1.03489 0 30.6513
    endloop
  endfacet
  facet normal -0.555445 0 0.831553
    outer loop
      vertex 1.03489 -2.4 30.6513
      vertex 0.849999 0 30.5278
      vertex 0.849999 -2.4 30.5278
    endloop
  endfacet
  facet normal -0.442463 0 -0.896787
    outer loop
      vertex 0.650561 -2.4 33.5706
      vertex 0.849999 0 33.4722
      vertex 0.849999 -2.4 33.4722
    endloop
  endfacet
  facet normal -0.442463 0 -0.896787
    outer loop
      vertex 0.849999 0 33.4722
      vertex 0.650561 -2.4 33.5706
      vertex 0.650561 0 33.5706
    endloop
  endfacet
  facet normal 0.99786 0 -0.0653848
    outer loop
      vertex -1.68546 -2.4 32.2219
      vertex -1.7 0 32
      vertex -1.68546 0 32.2219
    endloop
  endfacet
  facet normal 0.99786 0 -0.0653848
    outer loop
      vertex -1.7 0 32
      vertex -1.68546 -2.4 32.2219
      vertex -1.7 -2.4 32
    endloop
  endfacet
  facet normal 0.659291 0 0.751888
    outer loop
      vertex -1.20208 0 30.7979
      vertex -1.03489 -2.4 30.6513
      vertex -1.03489 0 30.6513
    endloop
  endfacet
  facet normal 0.659291 0 0.751888
    outer loop
      vertex -1.03489 -2.4 30.6513
      vertex -1.20208 0 30.7979
      vertex -1.20208 -2.4 30.7979
    endloop
  endfacet
  facet normal 0.751863 -0 0.659319
    outer loop
      vertex -1.3487 -2.4 30.9651
      vertex -1.20208 0 30.7979
      vertex -1.3487 0 30.9651
    endloop
  endfacet
  facet normal 0.751863 0 0.659319
    outer loop
      vertex -1.20208 0 30.7979
      vertex -1.3487 -2.4 30.9651
      vertex -1.20208 -2.4 30.7979
    endloop
  endfacet
  facet normal 0.831483 -0 0.555551
    outer loop
      vertex -1.47224 -2.4 31.15
      vertex -1.3487 0 30.9651
      vertex -1.47224 0 31.15
    endloop
  endfacet
  facet normal 0.831483 0 0.555551
    outer loop
      vertex -1.3487 0 30.9651
      vertex -1.47224 -2.4 31.15
      vertex -1.3487 -2.4 30.9651
    endloop
  endfacet
  facet normal -0.831483 0 -0.555551
    outer loop
      vertex 1.47224 -2.4 32.85
      vertex 1.3487 0 33.0349
      vertex 1.47224 0 32.85
    endloop
  endfacet
  facet normal -0.831483 -0 -0.555551
    outer loop
      vertex 1.3487 0 33.0349
      vertex 1.47224 -2.4 32.85
      vertex 1.3487 -2.4 33.0349
    endloop
  endfacet
  facet normal -0.195167 0 0.98077
    outer loop
      vertex 0.221894 0 30.3145
      vertex 0.439992 -2.4 30.3579
      vertex 0.439992 0 30.3579
    endloop
  endfacet
  facet normal -0.195167 0 0.98077
    outer loop
      vertex 0.439992 -2.4 30.3579
      vertex 0.221894 0 30.3145
      vertex 0.221894 -2.4 30.3145
    endloop
  endfacet
  facet normal -0.980779 0 0.195122
    outer loop
      vertex 1.64207 -2.4 31.56
      vertex 1.68546 0 31.7781
      vertex 1.64207 0 31.56
    endloop
  endfacet
  facet normal -0.980779 0 0.195122
    outer loop
      vertex 1.68546 0 31.7781
      vertex 1.64207 -2.4 31.56
      vertex 1.68546 -2.4 31.7781
    endloop
  endfacet
  facet normal 0.946943 -0 0.321403
    outer loop
      vertex -1.64207 -2.4 31.56
      vertex -1.57059 0 31.3494
      vertex -1.64207 0 31.56
    endloop
  endfacet
  facet normal 0.946943 0 0.321403
    outer loop
      vertex -1.57059 0 31.3494
      vertex -1.64207 -2.4 31.56
      vertex -1.57059 -2.4 31.3494
    endloop
  endfacet
  facet normal -0.442463 0 0.896787
    outer loop
      vertex 0.650561 0 30.4294
      vertex 0.849999 -2.4 30.5278
      vertex 0.849999 0 30.5278
    endloop
  endfacet
  facet normal -0.442463 0 0.896787
    outer loop
      vertex 0.849999 -2.4 30.5278
      vertex 0.650561 0 30.4294
      vertex 0.650561 -2.4 30.4294
    endloop
  endfacet
  facet normal -0.0652074 0 -0.997872
    outer loop
      vertex 0 -2.4 33.7
      vertex 0.221894 0 33.6855
      vertex 0.221894 -2.4 33.6855
    endloop
  endfacet
  facet normal -0.0652074 0 -0.997872
    outer loop
      vertex 0.221894 0 33.6855
      vertex 0 -2.4 33.7
      vertex 0 0 33.7
    endloop
  endfacet
  facet normal 0.321526 0 -0.946901
    outer loop
      vertex -0.650561 -2.4 33.5706
      vertex -0.439992 0 33.6421
      vertex -0.439992 -2.4 33.6421
    endloop
  endfacet
  facet normal 0.321526 0 -0.946901
    outer loop
      vertex -0.439992 0 33.6421
      vertex -0.650561 -2.4 33.5706
      vertex -0.650561 0 33.5706
    endloop
  endfacet
  facet normal 0.195167 0 -0.98077
    outer loop
      vertex -0.439992 -2.4 33.6421
      vertex -0.221894 0 33.6855
      vertex -0.221894 -2.4 33.6855
    endloop
  endfacet
  facet normal 0.195167 0 -0.98077
    outer loop
      vertex -0.221894 0 33.6855
      vertex -0.439992 -2.4 33.6421
      vertex -0.439992 0 33.6421
    endloop
  endfacet
  facet normal -0.896843 0 -0.442349
    outer loop
      vertex 1.57059 -2.4 32.6506
      vertex 1.47224 0 32.85
      vertex 1.57059 0 32.6506
    endloop
  endfacet
  facet normal -0.896843 -0 -0.442349
    outer loop
      vertex 1.47224 0 32.85
      vertex 1.57059 -2.4 32.6506
      vertex 1.47224 -2.4 32.85
    endloop
  endfacet
  facet normal -0.99786 0 0.0653848
    outer loop
      vertex 1.68546 -2.4 31.7781
      vertex 1.7 0 32
      vertex 1.68546 0 31.7781
    endloop
  endfacet
  facet normal -0.99786 0 0.0653848
    outer loop
      vertex 1.7 0 32
      vertex 1.68546 -2.4 31.7781
      vertex 1.7 -2.4 32
    endloop
  endfacet
  facet normal -0.0652074 0 0.997872
    outer loop
      vertex 0 0 30.3
      vertex 0.221894 -2.4 30.3145
      vertex 0.221894 0 30.3145
    endloop
  endfacet
  facet normal -0.0652074 0 0.997872
    outer loop
      vertex 0.221894 -2.4 30.3145
      vertex 0 0 30.3
      vertex 0 -2.4 30.3
    endloop
  endfacet
  facet normal -0.751863 0 -0.659319
    outer loop
      vertex 1.3487 -2.4 33.0349
      vertex 1.20208 0 33.2021
      vertex 1.3487 0 33.0349
    endloop
  endfacet
  facet normal -0.751863 -0 -0.659319
    outer loop
      vertex 1.20208 0 33.2021
      vertex 1.3487 -2.4 33.0349
      vertex 1.20208 -2.4 33.2021
    endloop
  endfacet
  facet normal 0.99786 -0 0.0653848
    outer loop
      vertex -1.7 -2.4 32
      vertex -1.68546 0 31.7781
      vertex -1.7 0 32
    endloop
  endfacet
  facet normal 0.99786 0 0.0653848
    outer loop
      vertex -1.68546 0 31.7781
      vertex -1.7 -2.4 32
      vertex -1.68546 -2.4 31.7781
    endloop
  endfacet
  facet normal -0.751863 0 0.659319
    outer loop
      vertex 1.20208 -2.4 30.7979
      vertex 1.3487 0 30.9651
      vertex 1.20208 0 30.7979
    endloop
  endfacet
  facet normal -0.751863 0 0.659319
    outer loop
      vertex 1.3487 0 30.9651
      vertex 1.20208 -2.4 30.7979
      vertex 1.3487 -2.4 30.9651
    endloop
  endfacet
  facet normal 0.751863 0 -0.659319
    outer loop
      vertex -1.20208 -2.4 33.2021
      vertex -1.3487 0 33.0349
      vertex -1.20208 0 33.2021
    endloop
  endfacet
  facet normal 0.751863 0 -0.659319
    outer loop
      vertex -1.3487 0 33.0349
      vertex -1.20208 -2.4 33.2021
      vertex -1.3487 -2.4 33.0349
    endloop
  endfacet
  facet normal 0.831483 0 -0.555551
    outer loop
      vertex -1.3487 -2.4 33.0349
      vertex -1.47224 0 32.85
      vertex -1.3487 0 33.0349
    endloop
  endfacet
  facet normal 0.831483 0 -0.555551
    outer loop
      vertex -1.47224 0 32.85
      vertex -1.3487 -2.4 33.0349
      vertex -1.47224 -2.4 32.85
    endloop
  endfacet
  facet normal 0.0652074 0 -0.997872
    outer loop
      vertex -0.221894 -2.4 33.6855
      vertex 0 0 33.7
      vertex 0 -2.4 33.7
    endloop
  endfacet
  facet normal 0.0652074 0 -0.997872
    outer loop
      vertex 0 0 33.7
      vertex -0.221894 -2.4 33.6855
      vertex -0.221894 0 33.6855
    endloop
  endfacet
  facet normal 0.980779 -0 0.195122
    outer loop
      vertex -1.68546 -2.4 31.7781
      vertex -1.64207 0 31.56
      vertex -1.68546 0 31.7781
    endloop
  endfacet
  facet normal 0.980779 0 0.195122
    outer loop
      vertex -1.64207 0 31.56
      vertex -1.68546 -2.4 31.7781
      vertex -1.64207 -2.4 31.56
    endloop
  endfacet
  facet normal 0.321526 0 0.946901
    outer loop
      vertex -0.650561 0 30.4294
      vertex -0.439992 -2.4 30.3579
      vertex -0.439992 0 30.3579
    endloop
  endfacet
  facet normal 0.321526 0 0.946901
    outer loop
      vertex -0.439992 -2.4 30.3579
      vertex -0.650561 0 30.4294
      vertex -0.650561 -2.4 30.4294
    endloop
  endfacet
  facet normal -0.946943 0 -0.321403
    outer loop
      vertex 1.64207 -2.4 32.44
      vertex 1.57059 0 32.6506
      vertex 1.64207 0 32.44
    endloop
  endfacet
  facet normal -0.946943 -0 -0.321403
    outer loop
      vertex 1.57059 0 32.6506
      vertex 1.64207 -2.4 32.44
      vertex 1.57059 -2.4 32.6506
    endloop
  endfacet
  facet normal 0.442463 0 0.896787
    outer loop
      vertex -0.849999 0 30.5278
      vertex -0.650561 -2.4 30.4294
      vertex -0.650561 0 30.4294
    endloop
  endfacet
  facet normal 0.442463 0 0.896787
    outer loop
      vertex -0.650561 -2.4 30.4294
      vertex -0.849999 0 30.5278
      vertex -0.849999 -2.4 30.5278
    endloop
  endfacet
  facet normal 0.555445 0 0.831553
    outer loop
      vertex -1.03489 0 30.6513
      vertex -0.849999 -2.4 30.5278
      vertex -0.849999 0 30.5278
    endloop
  endfacet
  facet normal 0.555445 0 0.831553
    outer loop
      vertex -0.849999 -2.4 30.5278
      vertex -1.03489 0 30.6513
      vertex -1.03489 -2.4 30.6513
    endloop
  endfacet
  facet normal 0.0652074 0 0.997872
    outer loop
      vertex -0.221894 0 30.3145
      vertex 0 -2.4 30.3
      vertex 0 0 30.3
    endloop
  endfacet
  facet normal 0.0652074 0 0.997872
    outer loop
      vertex 0 -2.4 30.3
      vertex -0.221894 0 30.3145
      vertex -0.221894 -2.4 30.3145
    endloop
  endfacet
  facet normal 0.195167 0 0.98077
    outer loop
      vertex -0.439992 0 30.3579
      vertex -0.221894 -2.4 30.3145
      vertex -0.221894 0 30.3145
    endloop
  endfacet
  facet normal 0.195167 0 0.98077
    outer loop
      vertex -0.221894 -2.4 30.3145
      vertex -0.439992 0 30.3579
      vertex -0.439992 -2.4 30.3579
    endloop
  endfacet
  facet normal 0.896843 0 -0.442349
    outer loop
      vertex -1.47224 -2.4 32.85
      vertex -1.57059 0 32.6506
      vertex -1.47224 0 32.85
    endloop
  endfacet
  facet normal 0.896843 0 -0.442349
    outer loop
      vertex -1.57059 0 32.6506
      vertex -1.47224 -2.4 32.85
      vertex -1.57059 -2.4 32.6506
    endloop
  endfacet
  facet normal 0.896843 -0 0.442349
    outer loop
      vertex -1.57059 -2.4 31.3494
      vertex -1.47224 0 31.15
      vertex -1.57059 0 31.3494
    endloop
  endfacet
  facet normal 0.896843 0 0.442349
    outer loop
      vertex -1.47224 0 31.15
      vertex -1.57059 -2.4 31.3494
      vertex -1.47224 -2.4 31.15
    endloop
  endfacet
  facet normal 0.980779 0 -0.195122
    outer loop
      vertex -1.64207 -2.4 32.44
      vertex -1.68546 0 32.2219
      vertex -1.64207 0 32.44
    endloop
  endfacet
  facet normal 0.980779 0 -0.195122
    outer loop
      vertex -1.68546 0 32.2219
      vertex -1.64207 -2.4 32.44
      vertex -1.68546 -2.4 32.2219
    endloop
  endfacet
  facet normal 0.946943 0 -0.321403
    outer loop
      vertex -1.57059 -2.4 32.6506
      vertex -1.64207 0 32.44
      vertex -1.57059 0 32.6506
    endloop
  endfacet
  facet normal 0.946943 0 -0.321403
    outer loop
      vertex -1.64207 0 32.44
      vertex -1.57059 -2.4 32.6506
      vertex -1.64207 -2.4 32.44
    endloop
  endfacet
  facet normal -0.659291 0 0.751888
    outer loop
      vertex 1.03489 0 30.6513
      vertex 1.20208 -2.4 30.7979
      vertex 1.20208 0 30.7979
    endloop
  endfacet
  facet normal -0.659291 0 0.751888
    outer loop
      vertex 1.20208 -2.4 30.7979
      vertex 1.03489 0 30.6513
      vertex 1.03489 -2.4 30.6513
    endloop
  endfacet
  facet normal -0.980779 0 -0.195122
    outer loop
      vertex 1.68546 -2.4 56.2219
      vertex 1.64207 0 56.44
      vertex 1.68546 0 56.2219
    endloop
  endfacet
  facet normal -0.980779 -0 -0.195122
    outer loop
      vertex 1.64207 0 56.44
      vertex 1.68546 -2.4 56.2219
      vertex 1.64207 -2.4 56.44
    endloop
  endfacet
  facet normal -0.99786 0 -0.0653848
    outer loop
      vertex 1.7 -2.4 56
      vertex 1.68546 0 56.2219
      vertex 1.7 0 56
    endloop
  endfacet
  facet normal -0.99786 -0 -0.0653848
    outer loop
      vertex 1.68546 0 56.2219
      vertex 1.7 -2.4 56
      vertex 1.68546 -2.4 56.2219
    endloop
  endfacet
  facet normal 0.442463 0 -0.896787
    outer loop
      vertex -0.849999 -2.4 57.4722
      vertex -0.650561 0 57.5706
      vertex -0.650561 -2.4 57.5706
    endloop
  endfacet
  facet normal 0.442463 0 -0.896787
    outer loop
      vertex -0.650561 0 57.5706
      vertex -0.849999 -2.4 57.4722
      vertex -0.849999 0 57.4722
    endloop
  endfacet
  facet normal -0.555445 0 -0.831553
    outer loop
      vertex 0.849999 -2.4 57.4722
      vertex 1.03489 0 57.3487
      vertex 1.03489 -2.4 57.3487
    endloop
  endfacet
  facet normal -0.555445 0 -0.831553
    outer loop
      vertex 1.03489 0 57.3487
      vertex 0.849999 -2.4 57.4722
      vertex 0.849999 0 57.4722
    endloop
  endfacet
  facet normal 0.659291 0 -0.751888
    outer loop
      vertex -1.20208 -2.4 57.2021
      vertex -1.03489 0 57.3487
      vertex -1.03489 -2.4 57.3487
    endloop
  endfacet
  facet normal 0.659291 0 -0.751888
    outer loop
      vertex -1.03489 0 57.3487
      vertex -1.20208 -2.4 57.2021
      vertex -1.20208 0 57.2021
    endloop
  endfacet
  facet normal -0.321526 0 0.946901
    outer loop
      vertex 0.439992 0 54.3579
      vertex 0.650561 -2.4 54.4294
      vertex 0.650561 0 54.4294
    endloop
  endfacet
  facet normal -0.321526 0 0.946901
    outer loop
      vertex 0.650561 -2.4 54.4294
      vertex 0.439992 0 54.3579
      vertex 0.439992 -2.4 54.3579
    endloop
  endfacet
  facet normal -0.831483 0 0.555551
    outer loop
      vertex 1.3487 -2.4 54.9651
      vertex 1.47224 0 55.15
      vertex 1.3487 0 54.9651
    endloop
  endfacet
  facet normal -0.831483 0 0.555551
    outer loop
      vertex 1.47224 0 55.15
      vertex 1.3487 -2.4 54.9651
      vertex 1.47224 -2.4 55.15
    endloop
  endfacet
  facet normal -0.946943 0 0.321403
    outer loop
      vertex 1.57059 -2.4 55.3494
      vertex 1.64207 0 55.56
      vertex 1.57059 0 55.3494
    endloop
  endfacet
  facet normal -0.946943 0 0.321403
    outer loop
      vertex 1.64207 0 55.56
      vertex 1.57059 -2.4 55.3494
      vertex 1.64207 -2.4 55.56
    endloop
  endfacet
  facet normal -0.321526 0 -0.946901
    outer loop
      vertex 0.439992 -2.4 57.6421
      vertex 0.650561 0 57.5706
      vertex 0.650561 -2.4 57.5706
    endloop
  endfacet
  facet normal -0.321526 0 -0.946901
    outer loop
      vertex 0.650561 0 57.5706
      vertex 0.439992 -2.4 57.6421
      vertex 0.439992 0 57.6421
    endloop
  endfacet
  facet normal -0.195167 0 -0.98077
    outer loop
      vertex 0.221894 -2.4 57.6855
      vertex 0.439992 0 57.6421
      vertex 0.439992 -2.4 57.6421
    endloop
  endfacet
  facet normal -0.195167 0 -0.98077
    outer loop
      vertex 0.439992 0 57.6421
      vertex 0.221894 -2.4 57.6855
      vertex 0.221894 0 57.6855
    endloop
  endfacet
  facet normal 0.555445 0 -0.831553
    outer loop
      vertex -1.03489 -2.4 57.3487
      vertex -0.849999 0 57.4722
      vertex -0.849999 -2.4 57.4722
    endloop
  endfacet
  facet normal 0.555445 0 -0.831553
    outer loop
      vertex -0.849999 0 57.4722
      vertex -1.03489 -2.4 57.3487
      vertex -1.03489 0 57.3487
    endloop
  endfacet
  facet normal -0.896843 0 0.442349
    outer loop
      vertex 1.47224 -2.4 55.15
      vertex 1.57059 0 55.3494
      vertex 1.47224 0 55.15
    endloop
  endfacet
  facet normal -0.896843 0 0.442349
    outer loop
      vertex 1.57059 0 55.3494
      vertex 1.47224 -2.4 55.15
      vertex 1.57059 -2.4 55.3494
    endloop
  endfacet
  facet normal -0.659291 0 -0.751888
    outer loop
      vertex 1.03489 -2.4 57.3487
      vertex 1.20208 0 57.2021
      vertex 1.20208 -2.4 57.2021
    endloop
  endfacet
  facet normal -0.659291 0 -0.751888
    outer loop
      vertex 1.20208 0 57.2021
      vertex 1.03489 -2.4 57.3487
      vertex 1.03489 0 57.3487
    endloop
  endfacet
  facet normal -0.555445 0 0.831553
    outer loop
      vertex 0.849999 0 54.5278
      vertex 1.03489 -2.4 54.6513
      vertex 1.03489 0 54.6513
    endloop
  endfacet
  facet normal -0.555445 0 0.831553
    outer loop
      vertex 1.03489 -2.4 54.6513
      vertex 0.849999 0 54.5278
      vertex 0.849999 -2.4 54.5278
    endloop
  endfacet
  facet normal -0.442463 0 -0.896787
    outer loop
      vertex 0.650561 -2.4 57.5706
      vertex 0.849999 0 57.4722
      vertex 0.849999 -2.4 57.4722
    endloop
  endfacet
  facet normal -0.442463 0 -0.896787
    outer loop
      vertex 0.849999 0 57.4722
      vertex 0.650561 -2.4 57.5706
      vertex 0.650561 0 57.5706
    endloop
  endfacet
  facet normal 0.659291 0 0.751888
    outer loop
      vertex -1.20208 0 54.7979
      vertex -1.03489 -2.4 54.6513
      vertex -1.03489 0 54.6513
    endloop
  endfacet
  facet normal 0.659291 0 0.751888
    outer loop
      vertex -1.03489 -2.4 54.6513
      vertex -1.20208 0 54.7979
      vertex -1.20208 -2.4 54.7979
    endloop
  endfacet
  facet normal 0.751863 -0 0.659319
    outer loop
      vertex -1.3487 -2.4 54.9651
      vertex -1.20208 0 54.7979
      vertex -1.3487 0 54.9651
    endloop
  endfacet
  facet normal 0.751863 0 0.659319
    outer loop
      vertex -1.20208 0 54.7979
      vertex -1.3487 -2.4 54.9651
      vertex -1.20208 -2.4 54.7979
    endloop
  endfacet
  facet normal 0.831483 -0 0.555551
    outer loop
      vertex -1.47224 -2.4 55.15
      vertex -1.3487 0 54.9651
      vertex -1.47224 0 55.15
    endloop
  endfacet
  facet normal 0.831483 0 0.555551
    outer loop
      vertex -1.3487 0 54.9651
      vertex -1.47224 -2.4 55.15
      vertex -1.3487 -2.4 54.9651
    endloop
  endfacet
  facet normal -0.831483 0 -0.555551
    outer loop
      vertex 1.47224 -2.4 56.85
      vertex 1.3487 0 57.0349
      vertex 1.47224 0 56.85
    endloop
  endfacet
  facet normal -0.831483 -0 -0.555551
    outer loop
      vertex 1.3487 0 57.0349
      vertex 1.47224 -2.4 56.85
      vertex 1.3487 -2.4 57.0349
    endloop
  endfacet
  facet normal -0.195167 0 0.98077
    outer loop
      vertex 0.221894 0 54.3145
      vertex 0.439992 -2.4 54.3579
      vertex 0.439992 0 54.3579
    endloop
  endfacet
  facet normal -0.195167 0 0.98077
    outer loop
      vertex 0.439992 -2.4 54.3579
      vertex 0.221894 0 54.3145
      vertex 0.221894 -2.4 54.3145
    endloop
  endfacet
  facet normal -0.980779 0 0.195122
    outer loop
      vertex 1.64207 -2.4 55.56
      vertex 1.68546 0 55.7781
      vertex 1.64207 0 55.56
    endloop
  endfacet
  facet normal -0.980779 0 0.195122
    outer loop
      vertex 1.68546 0 55.7781
      vertex 1.64207 -2.4 55.56
      vertex 1.68546 -2.4 55.7781
    endloop
  endfacet
  facet normal 0.946943 -0 0.321403
    outer loop
      vertex -1.64207 -2.4 55.56
      vertex -1.57059 0 55.3494
      vertex -1.64207 0 55.56
    endloop
  endfacet
  facet normal 0.946943 0 0.321403
    outer loop
      vertex -1.57059 0 55.3494
      vertex -1.64207 -2.4 55.56
      vertex -1.57059 -2.4 55.3494
    endloop
  endfacet
  facet normal -0.442463 0 0.896787
    outer loop
      vertex 0.650561 0 54.4294
      vertex 0.849999 -2.4 54.5278
      vertex 0.849999 0 54.5278
    endloop
  endfacet
  facet normal -0.442463 0 0.896787
    outer loop
      vertex 0.849999 -2.4 54.5278
      vertex 0.650561 0 54.4294
      vertex 0.650561 -2.4 54.4294
    endloop
  endfacet
  facet normal -0.0652074 0 -0.997872
    outer loop
      vertex 0 -2.4 57.7
      vertex 0.221894 0 57.6855
      vertex 0.221894 -2.4 57.6855
    endloop
  endfacet
  facet normal -0.0652074 0 -0.997872
    outer loop
      vertex 0.221894 0 57.6855
      vertex 0 -2.4 57.7
      vertex 0 0 57.7
    endloop
  endfacet
  facet normal 0.321526 0 -0.946901
    outer loop
      vertex -0.650561 -2.4 57.5706
      vertex -0.439992 0 57.6421
      vertex -0.439992 -2.4 57.6421
    endloop
  endfacet
  facet normal 0.321526 0 -0.946901
    outer loop
      vertex -0.439992 0 57.6421
      vertex -0.650561 -2.4 57.5706
      vertex -0.650561 0 57.5706
    endloop
  endfacet
  facet normal 0.195167 0 -0.98077
    outer loop
      vertex -0.439992 -2.4 57.6421
      vertex -0.221894 0 57.6855
      vertex -0.221894 -2.4 57.6855
    endloop
  endfacet
  facet normal 0.195167 0 -0.98077
    outer loop
      vertex -0.221894 0 57.6855
      vertex -0.439992 -2.4 57.6421
      vertex -0.439992 0 57.6421
    endloop
  endfacet
  facet normal -0.896843 0 -0.442349
    outer loop
      vertex 1.57059 -2.4 56.6506
      vertex 1.47224 0 56.85
      vertex 1.57059 0 56.6506
    endloop
  endfacet
  facet normal -0.896843 -0 -0.442349
    outer loop
      vertex 1.47224 0 56.85
      vertex 1.57059 -2.4 56.6506
      vertex 1.47224 -2.4 56.85
    endloop
  endfacet
  facet normal -0.99786 0 0.0653848
    outer loop
      vertex 1.68546 -2.4 55.7781
      vertex 1.7 0 56
      vertex 1.68546 0 55.7781
    endloop
  endfacet
  facet normal -0.99786 0 0.0653848
    outer loop
      vertex 1.7 0 56
      vertex 1.68546 -2.4 55.7781
      vertex 1.7 -2.4 56
    endloop
  endfacet
  facet normal -0.0652074 0 0.997872
    outer loop
      vertex 0 0 54.3
      vertex 0.221894 -2.4 54.3145
      vertex 0.221894 0 54.3145
    endloop
  endfacet
  facet normal -0.0652074 0 0.997872
    outer loop
      vertex 0.221894 -2.4 54.3145
      vertex 0 0 54.3
      vertex 0 -2.4 54.3
    endloop
  endfacet
  facet normal -0.751863 0 -0.659319
    outer loop
      vertex 1.3487 -2.4 57.0349
      vertex 1.20208 0 57.2021
      vertex 1.3487 0 57.0349
    endloop
  endfacet
  facet normal -0.751863 -0 -0.659319
    outer loop
      vertex 1.20208 0 57.2021
      vertex 1.3487 -2.4 57.0349
      vertex 1.20208 -2.4 57.2021
    endloop
  endfacet
  facet normal 0.99786 -0 0.0653848
    outer loop
      vertex -1.7 -2.4 56
      vertex -1.68546 0 55.7781
      vertex -1.7 0 56
    endloop
  endfacet
  facet normal 0.99786 0 0.0653848
    outer loop
      vertex -1.68546 0 55.7781
      vertex -1.7 -2.4 56
      vertex -1.68546 -2.4 55.7781
    endloop
  endfacet
  facet normal -0.751863 0 0.659319
    outer loop
      vertex 1.20208 -2.4 54.7979
      vertex 1.3487 0 54.9651
      vertex 1.20208 0 54.7979
    endloop
  endfacet
  facet normal -0.751863 0 0.659319
    outer loop
      vertex 1.3487 0 54.9651
      vertex 1.20208 -2.4 54.7979
      vertex 1.3487 -2.4 54.9651
    endloop
  endfacet
  facet normal 0.751863 0 -0.659319
    outer loop
      vertex -1.20208 -2.4 57.2021
      vertex -1.3487 0 57.0349
      vertex -1.20208 0 57.2021
    endloop
  endfacet
  facet normal 0.751863 0 -0.659319
    outer loop
      vertex -1.3487 0 57.0349
      vertex -1.20208 -2.4 57.2021
      vertex -1.3487 -2.4 57.0349
    endloop
  endfacet
  facet normal 0.831483 0 -0.555551
    outer loop
      vertex -1.3487 -2.4 57.0349
      vertex -1.47224 0 56.85
      vertex -1.3487 0 57.0349
    endloop
  endfacet
  facet normal 0.831483 0 -0.555551
    outer loop
      vertex -1.47224 0 56.85
      vertex -1.3487 -2.4 57.0349
      vertex -1.47224 -2.4 56.85
    endloop
  endfacet
  facet normal 0.0652074 0 -0.997872
    outer loop
      vertex -0.221894 -2.4 57.6855
      vertex 0 0 57.7
      vertex 0 -2.4 57.7
    endloop
  endfacet
  facet normal 0.0652074 0 -0.997872
    outer loop
      vertex 0 0 57.7
      vertex -0.221894 -2.4 57.6855
      vertex -0.221894 0 57.6855
    endloop
  endfacet
  facet normal 0.980779 -0 0.195122
    outer loop
      vertex -1.68546 -2.4 55.7781
      vertex -1.64207 0 55.56
      vertex -1.68546 0 55.7781
    endloop
  endfacet
  facet normal 0.980779 0 0.195122
    outer loop
      vertex -1.64207 0 55.56
      vertex -1.68546 -2.4 55.7781
      vertex -1.64207 -2.4 55.56
    endloop
  endfacet
  facet normal 0.321526 0 0.946901
    outer loop
      vertex -0.650561 0 54.4294
      vertex -0.439992 -2.4 54.3579
      vertex -0.439992 0 54.3579
    endloop
  endfacet
  facet normal 0.321526 0 0.946901
    outer loop
      vertex -0.439992 -2.4 54.3579
      vertex -0.650561 0 54.4294
      vertex -0.650561 -2.4 54.4294
    endloop
  endfacet
  facet normal -0.946943 0 -0.321403
    outer loop
      vertex 1.64207 -2.4 56.44
      vertex 1.57059 0 56.6506
      vertex 1.64207 0 56.44
    endloop
  endfacet
  facet normal -0.946943 -0 -0.321403
    outer loop
      vertex 1.57059 0 56.6506
      vertex 1.64207 -2.4 56.44
      vertex 1.57059 -2.4 56.6506
    endloop
  endfacet
  facet normal 0.442463 0 0.896787
    outer loop
      vertex -0.849999 0 54.5278
      vertex -0.650561 -2.4 54.4294
      vertex -0.650561 0 54.4294
    endloop
  endfacet
  facet normal 0.442463 0 0.896787
    outer loop
      vertex -0.650561 -2.4 54.4294
      vertex -0.849999 0 54.5278
      vertex -0.849999 -2.4 54.5278
    endloop
  endfacet
  facet normal 0.555445 0 0.831553
    outer loop
      vertex -1.03489 0 54.6513
      vertex -0.849999 -2.4 54.5278
      vertex -0.849999 0 54.5278
    endloop
  endfacet
  facet normal 0.555445 0 0.831553
    outer loop
      vertex -0.849999 -2.4 54.5278
      vertex -1.03489 0 54.6513
      vertex -1.03489 -2.4 54.6513
    endloop
  endfacet
  facet normal 0.0652074 0 0.997872
    outer loop
      vertex -0.221894 0 54.3145
      vertex 0 -2.4 54.3
      vertex 0 0 54.3
    endloop
  endfacet
  facet normal 0.0652074 0 0.997872
    outer loop
      vertex 0 -2.4 54.3
      vertex -0.221894 0 54.3145
      vertex -0.221894 -2.4 54.3145
    endloop
  endfacet
  facet normal 0.195167 0 0.98077
    outer loop
      vertex -0.439992 0 54.3579
      vertex -0.221894 -2.4 54.3145
      vertex -0.221894 0 54.3145
    endloop
  endfacet
  facet normal 0.195167 0 0.98077
    outer loop
      vertex -0.221894 -2.4 54.3145
      vertex -0.439992 0 54.3579
      vertex -0.439992 -2.4 54.3579
    endloop
  endfacet
  facet normal 0.896843 0 -0.442349
    outer loop
      vertex -1.47224 -2.4 56.85
      vertex -1.57059 0 56.6506
      vertex -1.47224 0 56.85
    endloop
  endfacet
  facet normal 0.896843 0 -0.442349
    outer loop
      vertex -1.57059 0 56.6506
      vertex -1.47224 -2.4 56.85
      vertex -1.57059 -2.4 56.6506
    endloop
  endfacet
  facet normal 0.896843 -0 0.442349
    outer loop
      vertex -1.57059 -2.4 55.3494
      vertex -1.47224 0 55.15
      vertex -1.57059 0 55.3494
    endloop
  endfacet
  facet normal 0.896843 0 0.442349
    outer loop
      vertex -1.47224 0 55.15
      vertex -1.57059 -2.4 55.3494
      vertex -1.47224 -2.4 55.15
    endloop
  endfacet
  facet normal 0.99786 0 -0.0653848
    outer loop
      vertex -1.68546 -2.4 56.2219
      vertex -1.7 0 56
      vertex -1.68546 0 56.2219
    endloop
  endfacet
  facet normal 0.99786 0 -0.0653848
    outer loop
      vertex -1.7 0 56
      vertex -1.68546 -2.4 56.2219
      vertex -1.7 -2.4 56
    endloop
  endfacet
  facet normal 0.980779 0 -0.195122
    outer loop
      vertex -1.64207 -2.4 56.44
      vertex -1.68546 0 56.2219
      vertex -1.64207 0 56.44
    endloop
  endfacet
  facet normal 0.980779 0 -0.195122
    outer loop
      vertex -1.68546 0 56.2219
      vertex -1.64207 -2.4 56.44
      vertex -1.68546 -2.4 56.2219
    endloop
  endfacet
  facet normal 0.946943 0 -0.321403
    outer loop
      vertex -1.57059 -2.4 56.6506
      vertex -1.64207 0 56.44
      vertex -1.57059 0 56.6506
    endloop
  endfacet
  facet normal 0.946943 0 -0.321403
    outer loop
      vertex -1.64207 0 56.44
      vertex -1.57059 -2.4 56.6506
      vertex -1.64207 -2.4 56.44
    endloop
  endfacet
  facet normal -0.659291 0 0.751888
    outer loop
      vertex 1.03489 0 54.6513
      vertex 1.20208 -2.4 54.7979
      vertex 1.20208 0 54.7979
    endloop
  endfacet
  facet normal -0.659291 0 0.751888
    outer loop
      vertex 1.20208 -2.4 54.7979
      vertex 1.03489 0 54.6513
      vertex 1.03489 -2.4 54.6513
    endloop
  endfacet
  facet normal 0 1 -0
    outer loop
      vertex -35.6 -67 34.5
      vertex -38 -67 37.5
      vertex -35.6 -67 37.5
    endloop
  endfacet
  facet normal 0 1 0
    outer loop
      vertex -38 -67 37.5
      vertex -35.6 -67 34.5
      vertex -38 -67 34.5
    endloop
  endfacet
  facet normal 0 -1 0
    outer loop
      vertex -38 -53 34.5
      vertex -35.6 -53 37.5
      vertex -38 -53 37.5
    endloop
  endfacet
  facet normal 0 -1 -0
    outer loop
      vertex -35.6 -53 37.5
      vertex -38 -53 34.5
      vertex -35.6 -53 34.5
    endloop
  endfacet
  facet normal 0 0 -1
    outer loop
      vertex -38 -67 37.5
      vertex -35.6 -53 37.5
      vertex -35.6 -67 37.5
    endloop
  endfacet
  facet normal -0 0 -1
    outer loop
      vertex -35.6 -53 37.5
      vertex -38 -67 37.5
      vertex -38 -53 37.5
    endloop
  endfacet
  facet normal -0 0 1
    outer loop
      vertex -38 -53 34.5
      vertex -35.6 -67 34.5
      vertex -35.6 -53 34.5
    endloop
  endfacet
  facet normal 0 0 1
    outer loop
      vertex -35.6 -67 34.5
      vertex -38 -53 34.5
      vertex -38 -67 34.5
    endloop
  endfacet
  facet normal 0 1 -0
    outer loop
      vertex -35.6 -67 40.5
      vertex -38 -67 43.5
      vertex -35.6 -67 43.5
    endloop
  endfacet
  facet normal 0 1 0
    outer loop
      vertex -38 -67 43.5
      vertex -35.6 -67 40.5
      vertex -38 -67 40.5
    endloop
  endfacet
  facet normal 0 -1 0
    outer loop
      vertex -38 -53 40.5
      vertex -35.6 -53 43.5
      vertex -38 -53 43.5
    endloop
  endfacet
  facet normal 0 -1 -0
    outer loop
      vertex -35.6 -53 43.5
      vertex -38 -53 40.5
      vertex -35.6 -53 40.5
    endloop
  endfacet
  facet normal 0 0 -1
    outer loop
      vertex -38 -67 43.5
      vertex -35.6 -53 43.5
      vertex -35.6 -67 43.5
    endloop
  endfacet
  facet normal -0 0 -1
    outer loop
      vertex -35.6 -53 43.5
      vertex -38 -67 43.5
      vertex -38 -53 43.5
    endloop
  endfacet
  facet normal -0 0 1
    outer loop
      vertex -38 -53 40.5
      vertex -35.6 -67 40.5
      vertex -35.6 -53 40.5
    endloop
  endfacet
  facet normal 0 0 1
    outer loop
      vertex -35.6 -67 40.5
      vertex -38 -53 40.5
      vertex -38 -67 40.5
    endloop
  endfacet
  facet normal 0 1 -0
    outer loop
      vertex -35.6 -67 46.5
      vertex -38 -67 49.5
      vertex -35.6 -67 49.5
    endloop
  endfacet
  facet normal 0 1 0
    outer loop
      vertex -38 -67 49.5
      vertex -35.6 -67 46.5
      vertex -38 -67 46.5
    endloop
  endfacet
  facet normal 0 -1 0
    outer loop
      vertex -38 -53 46.5
      vertex -35.6 -53 49.5
      vertex -38 -53 49.5
    endloop
  endfacet
  facet normal 0 -1 -0
    outer loop
      vertex -35.6 -53 49.5
      vertex -38 -53 46.5
      vertex -35.6 -53 46.5
    endloop
  endfacet
  facet normal 0 0 -1
    outer loop
      vertex -38 -67 49.5
      vertex -35.6 -53 49.5
      vertex -35.6 -67 49.5
    endloop
  endfacet
  facet normal -0 0 -1
    outer loop
      vertex -35.6 -53 49.5
      vertex -38 -67 49.5
      vertex -38 -53 49.5
    endloop
  endfacet
  facet normal -0 0 1
    outer loop
      vertex -38 -53 46.5
      vertex -35.6 -67 46.5
      vertex -35.6 -53 46.5
    endloop
  endfacet
  facet normal 0 0 1
    outer loop
      vertex -35.6 -67 46.5
      vertex -38 -53 46.5
      vertex -38 -67 46.5
    endloop
  endfacet
  facet normal 0 1 -0
    outer loop
      vertex -35.6 -67 52.5
      vertex -38 -67 55.5
      vertex -35.6 -67 55.5
    endloop
  endfacet
  facet normal 0 1 0
    outer loop
      vertex -38 -67 55.5
      vertex -35.6 -67 52.5
      vertex -38 -67 52.5
    endloop
  endfacet
  facet normal 0 -1 0
    outer loop
      vertex -38 -53 52.5
      vertex -35.6 -53 55.5
      vertex -38 -53 55.5
    endloop
  endfacet
  facet normal 0 -1 -0
    outer loop
      vertex -35.6 -53 55.5
      vertex -38 -53 52.5
      vertex -35.6 -53 52.5
    endloop
  endfacet
  facet normal 0 0 -1
    outer loop
      vertex -38 -67 55.5
      vertex -35.6 -53 55.5
      vertex -35.6 -67 55.5
    endloop
  endfacet
  facet normal -0 0 -1
    outer loop
      vertex -35.6 -53 55.5
      vertex -38 -67 55.5
      vertex -38 -53 55.5
    endloop
  endfacet
  facet normal -0 0 1
    outer loop
      vertex -38 -53 52.5
      vertex -35.6 -67 52.5
      vertex -35.6 -53 52.5
    endloop
  endfacet
  facet normal 0 0 1
    outer loop
      vertex -35.6 -67 52.5
      vertex -38 -53 52.5
      vertex -38 -67 52.5
    endloop
  endfacet
  facet normal 0 1 -0
    outer loop
      vertex 38 -67 34.5
      vertex 35.6 -67 37.5
      vertex 38 -67 37.5
    endloop
  endfacet
  facet normal 0 1 0
    outer loop
      vertex 35.6 -67 37.5
      vertex 38 -67 34.5
      vertex 35.6 -67 34.5
    endloop
  endfacet
  facet normal 0 -1 0
    outer loop
      vertex 35.6 -53 34.5
      vertex 38 -53 37.5
      vertex 35.6 -53 37.5
    endloop
  endfacet
  facet normal 0 -1 -0
    outer loop
      vertex 38 -53 37.5
      vertex 35.6 -53 34.5
      vertex 38 -53 34.5
    endloop
  endfacet
  facet normal 0 0 -1
    outer loop
      vertex 35.6 -67 37.5
      vertex 38 -53 37.5
      vertex 38 -67 37.5
    endloop
  endfacet
  facet normal -0 0 -1
    outer loop
      vertex 38 -53 37.5
      vertex 35.6 -67 37.5
      vertex 35.6 -53 37.5
    endloop
  endfacet
  facet normal -0 0 1
    outer loop
      vertex 35.6 -53 34.5
      vertex 38 -67 34.5
      vertex 38 -53 34.5
    endloop
  endfacet
  facet normal 0 0 1
    outer loop
      vertex 38 -67 34.5
      vertex 35.6 -53 34.5
      vertex 35.6 -67 34.5
    endloop
  endfacet
  facet normal 0 1 -0
    outer loop
      vertex 38 -67 40.5
      vertex 35.6 -67 43.5
      vertex 38 -67 43.5
    endloop
  endfacet
  facet normal 0 1 0
    outer loop
      vertex 35.6 -67 43.5
      vertex 38 -67 40.5
      vertex 35.6 -67 40.5
    endloop
  endfacet
  facet normal 0 -1 0
    outer loop
      vertex 35.6 -53 40.5
      vertex 38 -53 43.5
      vertex 35.6 -53 43.5
    endloop
  endfacet
  facet normal 0 -1 -0
    outer loop
      vertex 38 -53 43.5
      vertex 35.6 -53 40.5
      vertex 38 -53 40.5
    endloop
  endfacet
  facet normal 0 0 -1
    outer loop
      vertex 35.6 -67 43.5
      vertex 38 -53 43.5
      vertex 38 -67 43.5
    endloop
  endfacet
  facet normal -0 0 -1
    outer loop
      vertex 38 -53 43.5
      vertex 35.6 -67 43.5
      vertex 35.6 -53 43.5
    endloop
  endfacet
  facet normal -0 0 1
    outer loop
      vertex 35.6 -53 40.5
      vertex 38 -67 40.5
      vertex 38 -53 40.5
    endloop
  endfacet
  facet normal 0 0 1
    outer loop
      vertex 38 -67 40.5
      vertex 35.6 -53 40.5
      vertex 35.6 -67 40.5
    endloop
  endfacet
  facet normal 0 1 -0
    outer loop
      vertex 38 -67 46.5
      vertex 35.6 -67 49.5
      vertex 38 -67 49.5
    endloop
  endfacet
  facet normal 0 1 0
    outer loop
      vertex 35.6 -67 49.5
      vertex 38 -67 46.5
      vertex 35.6 -67 46.5
    endloop
  endfacet
  facet normal 0 -1 0
    outer loop
      vertex 35.6 -53 46.5
      vertex 38 -53 49.5
      vertex 35.6 -53 49.5
    endloop
  endfacet
  facet normal 0 -1 -0
    outer loop
      vertex 38 -53 49.5
      vertex 35.6 -53 46.5
      vertex 38 -53 46.5
    endloop
  endfacet
  facet normal 0 0 -1
    outer loop
      vertex 35.6 -67 49.5
      vertex 38 -53 49.5
      vertex 38 -67 49.5
    endloop
  endfacet
  facet normal -0 0 -1
    outer loop
      vertex 38 -53 49.5
      vertex 35.6 -67 49.5
      vertex 35.6 -53 49.5
    endloop
  endfacet
  facet normal -0 0 1
    outer loop
      vertex 35.6 -53 46.5
      vertex 38 -67 46.5
      vertex 38 -53 46.5
    endloop
  endfacet
  facet normal 0 0 1
    outer loop
      vertex 38 -67 46.5
      vertex 35.6 -53 46.5
      vertex 35.6 -67 46.5
    endloop
  endfacet
  facet normal 0 1 -0
    outer loop
      vertex 38 -67 52.5
      vertex 35.6 -67 55.5
      vertex 38 -67 55.5
    endloop
  endfacet
  facet normal 0 1 0
    outer loop
      vertex 35.6 -67 55.5
      vertex 38 -67 52.5
      vertex 35.6 -67 52.5
    endloop
  endfacet
  facet normal 0 -1 0
    outer loop
      vertex 35.6 -53 52.5
      vertex 38 -53 55.5
      vertex 35.6 -53 55.5
    endloop
  endfacet
  facet normal 0 -1 -0
    outer loop
      vertex 38 -53 55.5
      vertex 35.6 -53 52.5
      vertex 38 -53 52.5
    endloop
  endfacet
  facet normal 0 0 -1
    outer loop
      vertex 35.6 -67 55.5
      vertex 38 -53 55.5
      vertex 38 -67 55.5
    endloop
  endfacet
  facet normal -0 0 -1
    outer loop
      vertex 38 -53 55.5
      vertex 35.6 -67 55.5
      vertex 35.6 -53 55.5
    endloop
  endfacet
  facet normal -0 0 1
    outer loop
      vertex 35.6 -53 52.5
      vertex 38 -67 52.5
      vertex 38 -53 52.5
    endloop
  endfacet
  facet normal 0 0 1
    outer loop
      vertex 38 -67 52.5
      vertex 35.6 -53 52.5
      vertex 35.6 -67 52.5
    endloop
  endfacet
  facet normal 0 0.19494 -0.980815
    outer loop
      vertex -38 -56.2588 39.9659
      vertex -35.6 -56.1305 39.9914
      vertex -35.6 -56.2588 39.9659
    endloop
  endfacet
  facet normal 0 0.19494 -0.980815
    outer loop
      vertex -35.6 -56.1305 39.9914
      vertex -38 -56.2588 39.9659
      vertex -38 -56.1305 39.9914
    endloop
  endfacet
  facet normal 0 -0.19494 0.980815
    outer loop
      vertex -38 -55.7412 38.0341
      vertex -35.6 -55.8695 38.0086
      vertex -35.6 -55.7412 38.0341
    endloop
  endfacet
  facet normal 0 -0.19494 0.980815
    outer loop
      vertex -35.6 -55.8695 38.0086
      vertex -38 -55.7412 38.0341
      vertex -38 -55.8695 38.0086
    endloop
  endfacet
  facet normal -0 0.555053 0.831815
    outer loop
      vertex -38 -56.5 38.134
      vertex -35.6 -56.6088 38.2066
      vertex -35.6 -56.5 38.134
    endloop
  endfacet
  facet normal 0 0.555053 0.831815
    outer loop
      vertex -35.6 -56.6088 38.2066
      vertex -38 -56.5 38.134
      vertex -38 -56.6088 38.2066
    endloop
  endfacet
  facet normal 0 -0.997836 -0.0657577
    outer loop
      vertex -38 -55 39
      vertex -35.6 -55.0086 39.1305
      vertex -38 -55.0086 39.1305
    endloop
  endfacet
  facet normal 0 -0.997836 -0.0657577
    outer loop
      vertex -35.6 -55.0086 39.1305
      vertex -38 -55 39
      vertex -35.6 -55 39
    endloop
  endfacet
  facet normal 0 0.555053 -0.831815
    outer loop
      vertex -38 -56.6088 39.7934
      vertex -35.6 -56.5 39.866
      vertex -35.6 -56.6088 39.7934
    endloop
  endfacet
  facet normal 0 0.555053 -0.831815
    outer loop
      vertex -35.6 -56.5 39.866
      vertex -38 -56.6088 39.7934
      vertex -38 -56.5 39.866
    endloop
  endfacet
  facet normal 0 -0.659749 0.751486
    outer loop
      vertex -38 -55.2929 38.2929
      vertex -35.6 -55.3912 38.2066
      vertex -35.6 -55.2929 38.2929
    endloop
  endfacet
  facet normal 0 -0.659749 0.751486
    outer loop
      vertex -35.6 -55.3912 38.2066
      vertex -38 -55.2929 38.2929
      vertex -38 -55.3912 38.2066
    endloop
  endfacet
  facet normal 0 -0.997836 0.0657577
    outer loop
      vertex -38 -55.0086 38.8695
      vertex -35.6 -55 39
      vertex -38 -55 39
    endloop
  endfacet
  facet normal 0 -0.997836 0.0657577
    outer loop
      vertex -35.6 -55 39
      vertex -38 -55.0086 38.8695
      vertex -35.6 -55.0086 38.8695
    endloop
  endfacet
  facet normal 0 0.980815 0.19494
    outer loop
      vertex -35.6 -56.9659 38.7412
      vertex -38 -56.9914 38.8695
      vertex -35.6 -56.9914 38.8695
    endloop
  endfacet
  facet normal 0 0.980815 0.19494
    outer loop
      vertex -38 -56.9914 38.8695
      vertex -35.6 -56.9659 38.7412
      vertex -38 -56.9659 38.7412
    endloop
  endfacet
  facet normal 0 -0.0657577 -0.997836
    outer loop
      vertex -38 -56 40
      vertex -35.6 -55.8695 39.9914
      vertex -35.6 -56 40
    endloop
  endfacet
  facet normal -0 -0.0657577 -0.997836
    outer loop
      vertex -35.6 -55.8695 39.9914
      vertex -38 -56 40
      vertex -38 -55.8695 39.9914
    endloop
  endfacet
  facet normal 0 -0.442621 0.896709
    outer loop
      vertex -38 -55.5 38.134
      vertex -35.6 -55.6173 38.0761
      vertex -35.6 -55.5 38.134
    endloop
  endfacet
  facet normal 0 -0.442621 0.896709
    outer loop
      vertex -35.6 -55.6173 38.0761
      vertex -38 -55.5 38.134
      vertex -38 -55.6173 38.0761
    endloop
  endfacet
  facet normal 0 -0.555053 0.831815
    outer loop
      vertex -38 -55.3912 38.2066
      vertex -35.6 -55.5 38.134
      vertex -35.6 -55.3912 38.2066
    endloop
  endfacet
  facet normal 0 -0.555053 0.831815
    outer loop
      vertex -35.6 -55.5 38.134
      vertex -38 -55.3912 38.2066
      vertex -38 -55.5 38.134
    endloop
  endfacet
  facet normal 0 0.831815 -0.555053
    outer loop
      vertex -35.6 -56.866 39.5
      vertex -38 -56.7934 39.6088
      vertex -35.6 -56.7934 39.6088
    endloop
  endfacet
  facet normal 0 0.831815 -0.555053
    outer loop
      vertex -38 -56.7934 39.6088
      vertex -35.6 -56.866 39.5
      vertex -38 -56.866 39.5
    endloop
  endfacet
  facet normal 0 -0.896709 0.442621
    outer loop
      vertex -38 -55.134 38.5
      vertex -35.6 -55.0761 38.6173
      vertex -38 -55.0761 38.6173
    endloop
  endfacet
  facet normal 0 -0.896709 0.442621
    outer loop
      vertex -35.6 -55.0761 38.6173
      vertex -38 -55.134 38.5
      vertex -35.6 -55.134 38.5
    endloop
  endfacet
  facet normal 0 -0.980815 -0.19494
    outer loop
      vertex -38 -55.0086 39.1305
      vertex -35.6 -55.0341 39.2588
      vertex -38 -55.0341 39.2588
    endloop
  endfacet
  facet normal 0 -0.980815 -0.19494
    outer loop
      vertex -35.6 -55.0341 39.2588
      vertex -38 -55.0086 39.1305
      vertex -35.6 -55.0086 39.1305
    endloop
  endfacet
  facet normal 0 -0.896709 -0.442621
    outer loop
      vertex -38 -55.0761 39.3827
      vertex -35.6 -55.134 39.5
      vertex -38 -55.134 39.5
    endloop
  endfacet
  facet normal 0 -0.896709 -0.442621
    outer loop
      vertex -35.6 -55.134 39.5
      vertex -38 -55.0761 39.3827
      vertex -35.6 -55.0761 39.3827
    endloop
  endfacet
  facet normal 0 0.442621 -0.896709
    outer loop
      vertex -38 -56.5 39.866
      vertex -35.6 -56.3827 39.9239
      vertex -35.6 -56.5 39.866
    endloop
  endfacet
  facet normal 0 0.442621 -0.896709
    outer loop
      vertex -35.6 -56.3827 39.9239
      vertex -38 -56.5 39.866
      vertex -38 -56.3827 39.9239
    endloop
  endfacet
  facet normal 0 -0.751486 0.659749
    outer loop
      vertex -38 -55.2929 38.2929
      vertex -35.6 -55.2066 38.3912
      vertex -38 -55.2066 38.3912
    endloop
  endfacet
  facet normal 0 -0.751486 0.659749
    outer loop
      vertex -35.6 -55.2066 38.3912
      vertex -38 -55.2929 38.2929
      vertex -35.6 -55.2929 38.2929
    endloop
  endfacet
  facet normal 0 -0.831815 -0.555053
    outer loop
      vertex -38 -55.134 39.5
      vertex -35.6 -55.2066 39.6088
      vertex -38 -55.2066 39.6088
    endloop
  endfacet
  facet normal 0 -0.831815 -0.555053
    outer loop
      vertex -35.6 -55.2066 39.6088
      vertex -38 -55.134 39.5
      vertex -35.6 -55.134 39.5
    endloop
  endfacet
  facet normal 0 0.980815 -0.19494
    outer loop
      vertex -35.6 -56.9914 39.1305
      vertex -38 -56.9659 39.2588
      vertex -35.6 -56.9659 39.2588
    endloop
  endfacet
  facet normal 0 0.980815 -0.19494
    outer loop
      vertex -38 -56.9659 39.2588
      vertex -35.6 -56.9914 39.1305
      vertex -38 -56.9914 39.1305
    endloop
  endfacet
  facet normal 0 0.659749 -0.751486
    outer loop
      vertex -38 -56.7071 39.7071
      vertex -35.6 -56.6088 39.7934
      vertex -35.6 -56.7071 39.7071
    endloop
  endfacet
  facet normal 0 0.659749 -0.751486
    outer loop
      vertex -35.6 -56.6088 39.7934
      vertex -38 -56.7071 39.7071
      vertex -38 -56.6088 39.7934
    endloop
  endfacet
  facet normal 0 -0.980815 0.19494
    outer loop
      vertex -38 -55.0341 38.7412
      vertex -35.6 -55.0086 38.8695
      vertex -38 -55.0086 38.8695
    endloop
  endfacet
  facet normal 0 -0.980815 0.19494
    outer loop
      vertex -35.6 -55.0086 38.8695
      vertex -38 -55.0341 38.7412
      vertex -35.6 -55.0341 38.7412
    endloop
  endfacet
  facet normal 0 0.896709 0.442621
    outer loop
      vertex -35.6 -56.866 38.5
      vertex -38 -56.9239 38.6173
      vertex -35.6 -56.9239 38.6173
    endloop
  endfacet
  facet normal 0 0.896709 0.442621
    outer loop
      vertex -38 -56.9239 38.6173
      vertex -35.6 -56.866 38.5
      vertex -38 -56.866 38.5
    endloop
  endfacet
  facet normal -0 0.0657577 0.997836
    outer loop
      vertex -38 -56 38
      vertex -35.6 -56.1305 38.0086
      vertex -35.6 -56 38
    endloop
  endfacet
  facet normal 0 0.0657577 0.997836
    outer loop
      vertex -35.6 -56.1305 38.0086
      vertex -38 -56 38
      vertex -38 -56.1305 38.0086
    endloop
  endfacet
  facet normal 0 -0.321039 0.947066
    outer loop
      vertex -38 -55.6173 38.0761
      vertex -35.6 -55.7412 38.0341
      vertex -35.6 -55.6173 38.0761
    endloop
  endfacet
  facet normal 0 -0.321039 0.947066
    outer loop
      vertex -35.6 -55.7412 38.0341
      vertex -38 -55.6173 38.0761
      vertex -38 -55.7412 38.0341
    endloop
  endfacet
  facet normal -0 0.321039 0.947066
    outer loop
      vertex -38 -56.2588 38.0341
      vertex -35.6 -56.3827 38.0761
      vertex -35.6 -56.2588 38.0341
    endloop
  endfacet
  facet normal 0 0.321039 0.947066
    outer loop
      vertex -35.6 -56.3827 38.0761
      vertex -38 -56.2588 38.0341
      vertex -38 -56.3827 38.0761
    endloop
  endfacet
  facet normal 0 -0.751486 -0.659749
    outer loop
      vertex -38 -55.2066 39.6088
      vertex -35.6 -55.2929 39.7071
      vertex -38 -55.2929 39.7071
    endloop
  endfacet
  facet normal 0 -0.751486 -0.659749
    outer loop
      vertex -35.6 -55.2929 39.7071
      vertex -38 -55.2066 39.6088
      vertex -35.6 -55.2066 39.6088
    endloop
  endfacet
  facet normal 0 -0.659749 -0.751486
    outer loop
      vertex -38 -55.3912 39.7934
      vertex -35.6 -55.2929 39.7071
      vertex -35.6 -55.3912 39.7934
    endloop
  endfacet
  facet normal -0 -0.659749 -0.751486
    outer loop
      vertex -35.6 -55.2929 39.7071
      vertex -38 -55.3912 39.7934
      vertex -38 -55.2929 39.7071
    endloop
  endfacet
  facet normal 0 0.321039 -0.947066
    outer loop
      vertex -38 -56.3827 39.9239
      vertex -35.6 -56.2588 39.9659
      vertex -35.6 -56.3827 39.9239
    endloop
  endfacet
  facet normal 0 0.321039 -0.947066
    outer loop
      vertex -35.6 -56.2588 39.9659
      vertex -38 -56.3827 39.9239
      vertex -38 -56.2588 39.9659
    endloop
  endfacet
  facet normal 0 -0.831815 0.555053
    outer loop
      vertex -38 -55.2066 38.3912
      vertex -35.6 -55.134 38.5
      vertex -38 -55.134 38.5
    endloop
  endfacet
  facet normal 0 -0.831815 0.555053
    outer loop
      vertex -35.6 -55.134 38.5
      vertex -38 -55.2066 38.3912
      vertex -35.6 -55.2066 38.3912
    endloop
  endfacet
  facet normal 0 -0.321039 -0.947066
    outer loop
      vertex -38 -55.7412 39.9659
      vertex -35.6 -55.6173 39.9239
      vertex -35.6 -55.7412 39.9659
    endloop
  endfacet
  facet normal -0 -0.321039 -0.947066
    outer loop
      vertex -35.6 -55.6173 39.9239
      vertex -38 -55.7412 39.9659
      vertex -38 -55.6173 39.9239
    endloop
  endfacet
  facet normal 0 0.896709 -0.442621
    outer loop
      vertex -35.6 -56.9239 39.3827
      vertex -38 -56.866 39.5
      vertex -35.6 -56.866 39.5
    endloop
  endfacet
  facet normal 0 0.896709 -0.442621
    outer loop
      vertex -38 -56.866 39.5
      vertex -35.6 -56.9239 39.3827
      vertex -38 -56.9239 39.3827
    endloop
  endfacet
  facet normal 0 0.831815 0.555053
    outer loop
      vertex -35.6 -56.7934 38.3912
      vertex -38 -56.866 38.5
      vertex -35.6 -56.866 38.5
    endloop
  endfacet
  facet normal 0 0.831815 0.555053
    outer loop
      vertex -38 -56.866 38.5
      vertex -35.6 -56.7934 38.3912
      vertex -38 -56.7934 38.3912
    endloop
  endfacet
  facet normal 0 0.751486 0.659749
    outer loop
      vertex -35.6 -56.7071 38.2929
      vertex -38 -56.7934 38.3912
      vertex -35.6 -56.7934 38.3912
    endloop
  endfacet
  facet normal 0 0.751486 0.659749
    outer loop
      vertex -38 -56.7934 38.3912
      vertex -35.6 -56.7071 38.2929
      vertex -38 -56.7071 38.2929
    endloop
  endfacet
  facet normal -0 0.442621 0.896709
    outer loop
      vertex -38 -56.3827 38.0761
      vertex -35.6 -56.5 38.134
      vertex -35.6 -56.3827 38.0761
    endloop
  endfacet
  facet normal 0 0.442621 0.896709
    outer loop
      vertex -35.6 -56.5 38.134
      vertex -38 -56.3827 38.0761
      vertex -38 -56.5 38.134
    endloop
  endfacet
  facet normal -0 0.659749 0.751486
    outer loop
      vertex -38 -56.6088 38.2066
      vertex -35.6 -56.7071 38.2929
      vertex -35.6 -56.6088 38.2066
    endloop
  endfacet
  facet normal 0 0.659749 0.751486
    outer loop
      vertex -35.6 -56.7071 38.2929
      vertex -38 -56.6088 38.2066
      vertex -38 -56.7071 38.2929
    endloop
  endfacet
  facet normal 0 0.947066 -0.321039
    outer loop
      vertex -35.6 -56.9659 39.2588
      vertex -38 -56.9239 39.3827
      vertex -35.6 -56.9239 39.3827
    endloop
  endfacet
  facet normal 0 0.947066 -0.321039
    outer loop
      vertex -38 -56.9239 39.3827
      vertex -35.6 -56.9659 39.2588
      vertex -38 -56.9659 39.2588
    endloop
  endfacet
  facet normal 0 0.997836 0.0657577
    outer loop
      vertex -35.6 -56.9914 38.8695
      vertex -38 -57 39
      vertex -35.6 -57 39
    endloop
  endfacet
  facet normal 0 0.997836 0.0657577
    outer loop
      vertex -38 -57 39
      vertex -35.6 -56.9914 38.8695
      vertex -38 -56.9914 38.8695
    endloop
  endfacet
  facet normal 0 -0.442621 -0.896709
    outer loop
      vertex -38 -55.6173 39.9239
      vertex -35.6 -55.5 39.866
      vertex -35.6 -55.6173 39.9239
    endloop
  endfacet
  facet normal -0 -0.442621 -0.896709
    outer loop
      vertex -35.6 -55.5 39.866
      vertex -38 -55.6173 39.9239
      vertex -38 -55.5 39.866
    endloop
  endfacet
  facet normal -0 0.19494 0.980815
    outer loop
      vertex -38 -56.1305 38.0086
      vertex -35.6 -56.2588 38.0341
      vertex -35.6 -56.1305 38.0086
    endloop
  endfacet
  facet normal 0 0.19494 0.980815
    outer loop
      vertex -35.6 -56.2588 38.0341
      vertex -38 -56.1305 38.0086
      vertex -38 -56.2588 38.0341
    endloop
  endfacet
  facet normal 0 -0.19494 -0.980815
    outer loop
      vertex -38 -55.8695 39.9914
      vertex -35.6 -55.7412 39.9659
      vertex -35.6 -55.8695 39.9914
    endloop
  endfacet
  facet normal -0 -0.19494 -0.980815
    outer loop
      vertex -35.6 -55.7412 39.9659
      vertex -38 -55.8695 39.9914
      vertex -38 -55.7412 39.9659
    endloop
  endfacet
  facet normal 0 0.947066 0.321039
    outer loop
      vertex -35.6 -56.9239 38.6173
      vertex -38 -56.9659 38.7412
      vertex -35.6 -56.9659 38.7412
    endloop
  endfacet
  facet normal 0 0.947066 0.321039
    outer loop
      vertex -38 -56.9659 38.7412
      vertex -35.6 -56.9239 38.6173
      vertex -38 -56.9239 38.6173
    endloop
  endfacet
  facet normal 0 -0.555053 -0.831815
    outer loop
      vertex -38 -55.5 39.866
      vertex -35.6 -55.3912 39.7934
      vertex -35.6 -55.5 39.866
    endloop
  endfacet
  facet normal -0 -0.555053 -0.831815
    outer loop
      vertex -35.6 -55.3912 39.7934
      vertex -38 -55.5 39.866
      vertex -38 -55.3912 39.7934
    endloop
  endfacet
  facet normal 0 -0.947066 -0.321039
    outer loop
      vertex -38 -55.0341 39.2588
      vertex -35.6 -55.0761 39.3827
      vertex -38 -55.0761 39.3827
    endloop
  endfacet
  facet normal 0 -0.947066 -0.321039
    outer loop
      vertex -35.6 -55.0761 39.3827
      vertex -38 -55.0341 39.2588
      vertex -35.6 -55.0341 39.2588
    endloop
  endfacet
  facet normal 0 0.997836 -0.0657577
    outer loop
      vertex -35.6 -57 39
      vertex -38 -56.9914 39.1305
      vertex -35.6 -56.9914 39.1305
    endloop
  endfacet
  facet normal 0 0.997836 -0.0657577
    outer loop
      vertex -38 -56.9914 39.1305
      vertex -35.6 -57 39
      vertex -38 -57 39
    endloop
  endfacet
  facet normal 0 0.0657577 -0.997836
    outer loop
      vertex -38 -56.1305 39.9914
      vertex -35.6 -56 40
      vertex -35.6 -56.1305 39.9914
    endloop
  endfacet
  facet normal 0 0.0657577 -0.997836
    outer loop
      vertex -35.6 -56 40
      vertex -38 -56.1305 39.9914
      vertex -38 -56 40
    endloop
  endfacet
  facet normal 0 -0.0657577 0.997836
    outer loop
      vertex -38 -55.8695 38.0086
      vertex -35.6 -56 38
      vertex -35.6 -55.8695 38.0086
    endloop
  endfacet
  facet normal 0 -0.0657577 0.997836
    outer loop
      vertex -35.6 -56 38
      vertex -38 -55.8695 38.0086
      vertex -38 -56 38
    endloop
  endfacet
  facet normal 0 -0.947066 0.321039
    outer loop
      vertex -38 -55.0761 38.6173
      vertex -35.6 -55.0341 38.7412
      vertex -38 -55.0341 38.7412
    endloop
  endfacet
  facet normal 0 -0.947066 0.321039
    outer loop
      vertex -35.6 -55.0341 38.7412
      vertex -38 -55.0761 38.6173
      vertex -35.6 -55.0761 38.6173
    endloop
  endfacet
  facet normal 0 0.751486 -0.659749
    outer loop
      vertex -35.6 -56.7934 39.6088
      vertex -38 -56.7071 39.7071
      vertex -35.6 -56.7071 39.7071
    endloop
  endfacet
  facet normal 0 0.751486 -0.659749
    outer loop
      vertex -38 -56.7071 39.7071
      vertex -35.6 -56.7934 39.6088
      vertex -38 -56.7934 39.6088
    endloop
  endfacet
  facet normal 0 0.19494 -0.980815
    outer loop
      vertex -38 -64.2588 39.9659
      vertex -35.6 -64.1305 39.9914
      vertex -35.6 -64.2588 39.9659
    endloop
  endfacet
  facet normal 0 0.19494 -0.980815
    outer loop
      vertex -35.6 -64.1305 39.9914
      vertex -38 -64.2588 39.9659
      vertex -38 -64.1305 39.9914
    endloop
  endfacet
  facet normal 0 -0.19494 0.980815
    outer loop
      vertex -38 -63.7412 38.0341
      vertex -35.6 -63.8695 38.0086
      vertex -35.6 -63.7412 38.0341
    endloop
  endfacet
  facet normal 0 -0.19494 0.980815
    outer loop
      vertex -35.6 -63.8695 38.0086
      vertex -38 -63.7412 38.0341
      vertex -38 -63.8695 38.0086
    endloop
  endfacet
  facet normal -0 0.555053 0.831815
    outer loop
      vertex -38 -64.5 38.134
      vertex -35.6 -64.6088 38.2066
      vertex -35.6 -64.5 38.134
    endloop
  endfacet
  facet normal 0 0.555053 0.831815
    outer loop
      vertex -35.6 -64.6088 38.2066
      vertex -38 -64.5 38.134
      vertex -38 -64.6088 38.2066
    endloop
  endfacet
  facet normal 0 0.997836 -0.0657577
    outer loop
      vertex -35.6 -65 39
      vertex -38 -64.9914 39.1305
      vertex -35.6 -64.9914 39.1305
    endloop
  endfacet
  facet normal 0 0.997836 -0.0657577
    outer loop
      vertex -38 -64.9914 39.1305
      vertex -35.6 -65 39
      vertex -38 -65 39
    endloop
  endfacet
  facet normal 0 -0.997836 -0.0657577
    outer loop
      vertex -38 -63 39
      vertex -35.6 -63.0086 39.1305
      vertex -38 -63.0086 39.1305
    endloop
  endfacet
  facet normal 0 -0.997836 -0.0657577
    outer loop
      vertex -35.6 -63.0086 39.1305
      vertex -38 -63 39
      vertex -35.6 -63 39
    endloop
  endfacet
  facet normal 0 0.555053 -0.831815
    outer loop
      vertex -38 -64.6088 39.7934
      vertex -35.6 -64.5 39.866
      vertex -35.6 -64.6088 39.7934
    endloop
  endfacet
  facet normal 0 0.555053 -0.831815
    outer loop
      vertex -35.6 -64.5 39.866
      vertex -38 -64.6088 39.7934
      vertex -38 -64.5 39.866
    endloop
  endfacet
  facet normal 0 -0.659749 0.751486
    outer loop
      vertex -38 -63.2929 38.2929
      vertex -35.6 -63.3912 38.2066
      vertex -35.6 -63.2929 38.2929
    endloop
  endfacet
  facet normal 0 -0.659749 0.751486
    outer loop
      vertex -35.6 -63.3912 38.2066
      vertex -38 -63.2929 38.2929
      vertex -38 -63.3912 38.2066
    endloop
  endfacet
  facet normal 0 -0.997836 0.0657577
    outer loop
      vertex -38 -63.0086 38.8695
      vertex -35.6 -63 39
      vertex -38 -63 39
    endloop
  endfacet
  facet normal 0 -0.997836 0.0657577
    outer loop
      vertex -35.6 -63 39
      vertex -38 -63.0086 38.8695
      vertex -35.6 -63.0086 38.8695
    endloop
  endfacet
  facet normal 0 0.980815 0.19494
    outer loop
      vertex -35.6 -64.9659 38.7412
      vertex -38 -64.9914 38.8695
      vertex -35.6 -64.9914 38.8695
    endloop
  endfacet
  facet normal 0 0.980815 0.19494
    outer loop
      vertex -38 -64.9914 38.8695
      vertex -35.6 -64.9659 38.7412
      vertex -38 -64.9659 38.7412
    endloop
  endfacet
  facet normal 0 -0.0657577 -0.997836
    outer loop
      vertex -38 -64 40
      vertex -35.6 -63.8695 39.9914
      vertex -35.6 -64 40
    endloop
  endfacet
  facet normal -0 -0.0657577 -0.997836
    outer loop
      vertex -35.6 -63.8695 39.9914
      vertex -38 -64 40
      vertex -38 -63.8695 39.9914
    endloop
  endfacet
  facet normal 0 -0.442621 0.896709
    outer loop
      vertex -38 -63.5 38.134
      vertex -35.6 -63.6173 38.0761
      vertex -35.6 -63.5 38.134
    endloop
  endfacet
  facet normal 0 -0.442621 0.896709
    outer loop
      vertex -35.6 -63.6173 38.0761
      vertex -38 -63.5 38.134
      vertex -38 -63.6173 38.0761
    endloop
  endfacet
  facet normal 0 -0.555053 0.831815
    outer loop
      vertex -38 -63.3912 38.2066
      vertex -35.6 -63.5 38.134
      vertex -35.6 -63.3912 38.2066
    endloop
  endfacet
  facet normal 0 -0.555053 0.831815
    outer loop
      vertex -35.6 -63.5 38.134
      vertex -38 -63.3912 38.2066
      vertex -38 -63.5 38.134
    endloop
  endfacet
  facet normal 0 0.831815 -0.555053
    outer loop
      vertex -35.6 -64.866 39.5
      vertex -38 -64.7934 39.6088
      vertex -35.6 -64.7934 39.6088
    endloop
  endfacet
  facet normal 0 0.831815 -0.555053
    outer loop
      vertex -38 -64.7934 39.6088
      vertex -35.6 -64.866 39.5
      vertex -38 -64.866 39.5
    endloop
  endfacet
  facet normal 0 -0.896709 0.442621
    outer loop
      vertex -38 -63.134 38.5
      vertex -35.6 -63.0761 38.6173
      vertex -38 -63.0761 38.6173
    endloop
  endfacet
  facet normal 0 -0.896709 0.442621
    outer loop
      vertex -35.6 -63.0761 38.6173
      vertex -38 -63.134 38.5
      vertex -35.6 -63.134 38.5
    endloop
  endfacet
  facet normal 0 -0.980815 -0.19494
    outer loop
      vertex -38 -63.0086 39.1305
      vertex -35.6 -63.0341 39.2588
      vertex -38 -63.0341 39.2588
    endloop
  endfacet
  facet normal 0 -0.980815 -0.19494
    outer loop
      vertex -35.6 -63.0341 39.2588
      vertex -38 -63.0086 39.1305
      vertex -35.6 -63.0086 39.1305
    endloop
  endfacet
  facet normal 0 -0.896709 -0.442621
    outer loop
      vertex -38 -63.0761 39.3827
      vertex -35.6 -63.134 39.5
      vertex -38 -63.134 39.5
    endloop
  endfacet
  facet normal 0 -0.896709 -0.442621
    outer loop
      vertex -35.6 -63.134 39.5
      vertex -38 -63.0761 39.3827
      vertex -35.6 -63.0761 39.3827
    endloop
  endfacet
  facet normal 0 0.442621 -0.896709
    outer loop
      vertex -38 -64.5 39.866
      vertex -35.6 -64.3827 39.9239
      vertex -35.6 -64.5 39.866
    endloop
  endfacet
  facet normal 0 0.442621 -0.896709
    outer loop
      vertex -35.6 -64.3827 39.9239
      vertex -38 -64.5 39.866
      vertex -38 -64.3827 39.9239
    endloop
  endfacet
  facet normal 0 -0.751486 0.659749
    outer loop
      vertex -38 -63.2929 38.2929
      vertex -35.6 -63.2066 38.3912
      vertex -38 -63.2066 38.3912
    endloop
  endfacet
  facet normal 0 -0.751486 0.659749
    outer loop
      vertex -35.6 -63.2066 38.3912
      vertex -38 -63.2929 38.2929
      vertex -35.6 -63.2929 38.2929
    endloop
  endfacet
  facet normal 0 -0.831815 -0.555053
    outer loop
      vertex -38 -63.134 39.5
      vertex -35.6 -63.2066 39.6088
      vertex -38 -63.2066 39.6088
    endloop
  endfacet
  facet normal 0 -0.831815 -0.555053
    outer loop
      vertex -35.6 -63.2066 39.6088
      vertex -38 -63.134 39.5
      vertex -35.6 -63.134 39.5
    endloop
  endfacet
  facet normal 0 0.980815 -0.19494
    outer loop
      vertex -35.6 -64.9914 39.1305
      vertex -38 -64.9659 39.2588
      vertex -35.6 -64.9659 39.2588
    endloop
  endfacet
  facet normal 0 0.980815 -0.19494
    outer loop
      vertex -38 -64.9659 39.2588
      vertex -35.6 -64.9914 39.1305
      vertex -38 -64.9914 39.1305
    endloop
  endfacet
  facet normal 0 0.659749 -0.751486
    outer loop
      vertex -38 -64.7071 39.7071
      vertex -35.6 -64.6088 39.7934
      vertex -35.6 -64.7071 39.7071
    endloop
  endfacet
  facet normal 0 0.659749 -0.751486
    outer loop
      vertex -35.6 -64.6088 39.7934
      vertex -38 -64.7071 39.7071
      vertex -38 -64.6088 39.7934
    endloop
  endfacet
  facet normal 0 -0.980815 0.19494
    outer loop
      vertex -38 -63.0341 38.7412
      vertex -35.6 -63.0086 38.8695
      vertex -38 -63.0086 38.8695
    endloop
  endfacet
  facet normal 0 -0.980815 0.19494
    outer loop
      vertex -35.6 -63.0086 38.8695
      vertex -38 -63.0341 38.7412
      vertex -35.6 -63.0341 38.7412
    endloop
  endfacet
  facet normal 0 0.896709 0.442621
    outer loop
      vertex -35.6 -64.866 38.5
      vertex -38 -64.9239 38.6173
      vertex -35.6 -64.9239 38.6173
    endloop
  endfacet
  facet normal 0 0.896709 0.442621
    outer loop
      vertex -38 -64.9239 38.6173
      vertex -35.6 -64.866 38.5
      vertex -38 -64.866 38.5
    endloop
  endfacet
  facet normal -0 0.0657577 0.997836
    outer loop
      vertex -38 -64 38
      vertex -35.6 -64.1305 38.0086
      vertex -35.6 -64 38
    endloop
  endfacet
  facet normal 0 0.0657577 0.997836
    outer loop
      vertex -35.6 -64.1305 38.0086
      vertex -38 -64 38
      vertex -38 -64.1305 38.0086
    endloop
  endfacet
  facet normal 0 -0.321039 0.947066
    outer loop
      vertex -38 -63.6173 38.0761
      vertex -35.6 -63.7412 38.0341
      vertex -35.6 -63.6173 38.0761
    endloop
  endfacet
  facet normal 0 -0.321039 0.947066
    outer loop
      vertex -35.6 -63.7412 38.0341
      vertex -38 -63.6173 38.0761
      vertex -38 -63.7412 38.0341
    endloop
  endfacet
  facet normal -0 0.321039 0.947066
    outer loop
      vertex -38 -64.2588 38.0341
      vertex -35.6 -64.3827 38.0761
      vertex -35.6 -64.2588 38.0341
    endloop
  endfacet
  facet normal 0 0.321039 0.947066
    outer loop
      vertex -35.6 -64.3827 38.0761
      vertex -38 -64.2588 38.0341
      vertex -38 -64.3827 38.0761
    endloop
  endfacet
  facet normal 0 -0.751486 -0.659749
    outer loop
      vertex -38 -63.2066 39.6088
      vertex -35.6 -63.2929 39.7071
      vertex -38 -63.2929 39.7071
    endloop
  endfacet
  facet normal 0 -0.751486 -0.659749
    outer loop
      vertex -35.6 -63.2929 39.7071
      vertex -38 -63.2066 39.6088
      vertex -35.6 -63.2066 39.6088
    endloop
  endfacet
  facet normal 0 -0.659749 -0.751486
    outer loop
      vertex -38 -63.3912 39.7934
      vertex -35.6 -63.2929 39.7071
      vertex -35.6 -63.3912 39.7934
    endloop
  endfacet
  facet normal -0 -0.659749 -0.751486
    outer loop
      vertex -35.6 -63.2929 39.7071
      vertex -38 -63.3912 39.7934
      vertex -38 -63.2929 39.7071
    endloop
  endfacet
  facet normal 0 0.321039 -0.947066
    outer loop
      vertex -38 -64.3827 39.9239
      vertex -35.6 -64.2588 39.9659
      vertex -35.6 -64.3827 39.9239
    endloop
  endfacet
  facet normal 0 0.321039 -0.947066
    outer loop
      vertex -35.6 -64.2588 39.9659
      vertex -38 -64.3827 39.9239
      vertex -38 -64.2588 39.9659
    endloop
  endfacet
  facet normal 0 -0.831815 0.555053
    outer loop
      vertex -38 -63.2066 38.3912
      vertex -35.6 -63.134 38.5
      vertex -38 -63.134 38.5
    endloop
  endfacet
  facet normal 0 -0.831815 0.555053
    outer loop
      vertex -35.6 -63.134 38.5
      vertex -38 -63.2066 38.3912
      vertex -35.6 -63.2066 38.3912
    endloop
  endfacet
  facet normal 0 -0.321039 -0.947066
    outer loop
      vertex -38 -63.7412 39.9659
      vertex -35.6 -63.6173 39.9239
      vertex -35.6 -63.7412 39.9659
    endloop
  endfacet
  facet normal -0 -0.321039 -0.947066
    outer loop
      vertex -35.6 -63.6173 39.9239
      vertex -38 -63.7412 39.9659
      vertex -38 -63.6173 39.9239
    endloop
  endfacet
  facet normal 0 0.896709 -0.442621
    outer loop
      vertex -35.6 -64.9239 39.3827
      vertex -38 -64.866 39.5
      vertex -35.6 -64.866 39.5
    endloop
  endfacet
  facet normal 0 0.896709 -0.442621
    outer loop
      vertex -38 -64.866 39.5
      vertex -35.6 -64.9239 39.3827
      vertex -38 -64.9239 39.3827
    endloop
  endfacet
  facet normal 0 0.831815 0.555053
    outer loop
      vertex -35.6 -64.7934 38.3912
      vertex -38 -64.866 38.5
      vertex -35.6 -64.866 38.5
    endloop
  endfacet
  facet normal 0 0.831815 0.555053
    outer loop
      vertex -38 -64.866 38.5
      vertex -35.6 -64.7934 38.3912
      vertex -38 -64.7934 38.3912
    endloop
  endfacet
  facet normal -0 0.659749 0.751486
    outer loop
      vertex -38 -64.6088 38.2066
      vertex -35.6 -64.7071 38.2929
      vertex -35.6 -64.6088 38.2066
    endloop
  endfacet
  facet normal 0 0.659749 0.751486
    outer loop
      vertex -35.6 -64.7071 38.2929
      vertex -38 -64.6088 38.2066
      vertex -38 -64.7071 38.2929
    endloop
  endfacet
  facet normal 0 0.751486 0.659749
    outer loop
      vertex -35.6 -64.7071 38.2929
      vertex -38 -64.7934 38.3912
      vertex -35.6 -64.7934 38.3912
    endloop
  endfacet
  facet normal 0 0.751486 0.659749
    outer loop
      vertex -38 -64.7934 38.3912
      vertex -35.6 -64.7071 38.2929
      vertex -38 -64.7071 38.2929
    endloop
  endfacet
  facet normal -0 0.442621 0.896709
    outer loop
      vertex -38 -64.3827 38.0761
      vertex -35.6 -64.5 38.134
      vertex -35.6 -64.3827 38.0761
    endloop
  endfacet
  facet normal 0 0.442621 0.896709
    outer loop
      vertex -35.6 -64.5 38.134
      vertex -38 -64.3827 38.0761
      vertex -38 -64.5 38.134
    endloop
  endfacet
  facet normal 0 0.947066 -0.321039
    outer loop
      vertex -35.6 -64.9659 39.2588
      vertex -38 -64.9239 39.3827
      vertex -35.6 -64.9239 39.3827
    endloop
  endfacet
  facet normal 0 0.947066 -0.321039
    outer loop
      vertex -38 -64.9239 39.3827
      vertex -35.6 -64.9659 39.2588
      vertex -38 -64.9659 39.2588
    endloop
  endfacet
  facet normal 0 0.997836 0.0657577
    outer loop
      vertex -35.6 -64.9914 38.8695
      vertex -38 -65 39
      vertex -35.6 -65 39
    endloop
  endfacet
  facet normal 0 0.997836 0.0657577
    outer loop
      vertex -38 -65 39
      vertex -35.6 -64.9914 38.8695
      vertex -38 -64.9914 38.8695
    endloop
  endfacet
  facet normal 0 -0.442621 -0.896709
    outer loop
      vertex -38 -63.6173 39.9239
      vertex -35.6 -63.5 39.866
      vertex -35.6 -63.6173 39.9239
    endloop
  endfacet
  facet normal -0 -0.442621 -0.896709
    outer loop
      vertex -35.6 -63.5 39.866
      vertex -38 -63.6173 39.9239
      vertex -38 -63.5 39.866
    endloop
  endfacet
  facet normal -0 0.19494 0.980815
    outer loop
      vertex -38 -64.1305 38.0086
      vertex -35.6 -64.2588 38.0341
      vertex -35.6 -64.1305 38.0086
    endloop
  endfacet
  facet normal 0 0.19494 0.980815
    outer loop
      vertex -35.6 -64.2588 38.0341
      vertex -38 -64.1305 38.0086
      vertex -38 -64.2588 38.0341
    endloop
  endfacet
  facet normal 0 -0.19494 -0.980815
    outer loop
      vertex -38 -63.8695 39.9914
      vertex -35.6 -63.7412 39.9659
      vertex -35.6 -63.8695 39.9914
    endloop
  endfacet
  facet normal -0 -0.19494 -0.980815
    outer loop
      vertex -35.6 -63.7412 39.9659
      vertex -38 -63.8695 39.9914
      vertex -38 -63.7412 39.9659
    endloop
  endfacet
  facet normal 0 0.947066 0.321039
    outer loop
      vertex -35.6 -64.9239 38.6173
      vertex -38 -64.9659 38.7412
      vertex -35.6 -64.9659 38.7412
    endloop
  endfacet
  facet normal 0 0.947066 0.321039
    outer loop
      vertex -38 -64.9659 38.7412
      vertex -35.6 -64.9239 38.6173
      vertex -38 -64.9239 38.6173
    endloop
  endfacet
  facet normal 0 -0.555053 -0.831815
    outer loop
      vertex -38 -63.5 39.866
      vertex -35.6 -63.3912 39.7934
      vertex -35.6 -63.5 39.866
    endloop
  endfacet
  facet normal -0 -0.555053 -0.831815
    outer loop
      vertex -35.6 -63.3912 39.7934
      vertex -38 -63.5 39.866
      vertex -38 -63.3912 39.7934
    endloop
  endfacet
  facet normal 0 -0.947066 -0.321039
    outer loop
      vertex -38 -63.0341 39.2588
      vertex -35.6 -63.0761 39.3827
      vertex -38 -63.0761 39.3827
    endloop
  endfacet
  facet normal 0 -0.947066 -0.321039
    outer loop
      vertex -35.6 -63.0761 39.3827
      vertex -38 -63.0341 39.2588
      vertex -35.6 -63.0341 39.2588
    endloop
  endfacet
  facet normal 0 0.0657577 -0.997836
    outer loop
      vertex -38 -64.1305 39.9914
      vertex -35.6 -64 40
      vertex -35.6 -64.1305 39.9914
    endloop
  endfacet
  facet normal 0 0.0657577 -0.997836
    outer loop
      vertex -35.6 -64 40
      vertex -38 -64.1305 39.9914
      vertex -38 -64 40
    endloop
  endfacet
  facet normal 0 -0.0657577 0.997836
    outer loop
      vertex -38 -63.8695 38.0086
      vertex -35.6 -64 38
      vertex -35.6 -63.8695 38.0086
    endloop
  endfacet
  facet normal 0 -0.0657577 0.997836
    outer loop
      vertex -35.6 -64 38
      vertex -38 -63.8695 38.0086
      vertex -38 -64 38
    endloop
  endfacet
  facet normal 0 -0.947066 0.321039
    outer loop
      vertex -38 -63.0761 38.6173
      vertex -35.6 -63.0341 38.7412
      vertex -38 -63.0341 38.7412
    endloop
  endfacet
  facet normal 0 -0.947066 0.321039
    outer loop
      vertex -35.6 -63.0341 38.7412
      vertex -38 -63.0761 38.6173
      vertex -35.6 -63.0761 38.6173
    endloop
  endfacet
  facet normal 0 0.751486 -0.659749
    outer loop
      vertex -35.6 -64.7934 39.6088
      vertex -38 -64.7071 39.7071
      vertex -35.6 -64.7071 39.7071
    endloop
  endfacet
  facet normal 0 0.751486 -0.659749
    outer loop
      vertex -38 -64.7071 39.7071
      vertex -35.6 -64.7934 39.6088
      vertex -38 -64.7934 39.6088
    endloop
  endfacet
  facet normal 0 0.19494 -0.980815
    outer loop
      vertex -38 -56.2588 45.9659
      vertex -35.6 -56.1305 45.9914
      vertex -35.6 -56.2588 45.9659
    endloop
  endfacet
  facet normal 0 0.19494 -0.980815
    outer loop
      vertex -35.6 -56.1305 45.9914
      vertex -38 -56.2588 45.9659
      vertex -38 -56.1305 45.9914
    endloop
  endfacet
  facet normal 0 -0.19494 0.980815
    outer loop
      vertex -38 -55.7412 44.0341
      vertex -35.6 -55.8695 44.0086
      vertex -35.6 -55.7412 44.0341
    endloop
  endfacet
  facet normal 0 -0.19494 0.980815
    outer loop
      vertex -35.6 -55.8695 44.0086
      vertex -38 -55.7412 44.0341
      vertex -38 -55.8695 44.0086
    endloop
  endfacet
  facet normal -0 0.555053 0.831815
    outer loop
      vertex -38 -56.5 44.134
      vertex -35.6 -56.6088 44.2066
      vertex -35.6 -56.5 44.134
    endloop
  endfacet
  facet normal 0 0.555053 0.831815
    outer loop
      vertex -35.6 -56.6088 44.2066
      vertex -38 -56.5 44.134
      vertex -38 -56.6088 44.2066
    endloop
  endfacet
  facet normal 0 0.997836 -0.0657577
    outer loop
      vertex -35.6 -57 45
      vertex -38 -56.9914 45.1305
      vertex -35.6 -56.9914 45.1305
    endloop
  endfacet
  facet normal 0 0.997836 -0.0657577
    outer loop
      vertex -38 -56.9914 45.1305
      vertex -35.6 -57 45
      vertex -38 -57 45
    endloop
  endfacet
  facet normal 0 -0.997836 -0.0657577
    outer loop
      vertex -38 -55 45
      vertex -35.6 -55.0086 45.1305
      vertex -38 -55.0086 45.1305
    endloop
  endfacet
  facet normal 0 -0.997836 -0.0657577
    outer loop
      vertex -35.6 -55.0086 45.1305
      vertex -38 -55 45
      vertex -35.6 -55 45
    endloop
  endfacet
  facet normal 0 0.555053 -0.831815
    outer loop
      vertex -38 -56.6088 45.7934
      vertex -35.6 -56.5 45.866
      vertex -35.6 -56.6088 45.7934
    endloop
  endfacet
  facet normal 0 0.555053 -0.831815
    outer loop
      vertex -35.6 -56.5 45.866
      vertex -38 -56.6088 45.7934
      vertex -38 -56.5 45.866
    endloop
  endfacet
  facet normal 0 -0.659749 0.751486
    outer loop
      vertex -38 -55.2929 44.2929
      vertex -35.6 -55.3912 44.2066
      vertex -35.6 -55.2929 44.2929
    endloop
  endfacet
  facet normal 0 -0.659749 0.751486
    outer loop
      vertex -35.6 -55.3912 44.2066
      vertex -38 -55.2929 44.2929
      vertex -38 -55.3912 44.2066
    endloop
  endfacet
  facet normal 0 -0.997836 0.0657577
    outer loop
      vertex -38 -55.0086 44.8695
      vertex -35.6 -55 45
      vertex -38 -55 45
    endloop
  endfacet
  facet normal 0 -0.997836 0.0657577
    outer loop
      vertex -35.6 -55 45
      vertex -38 -55.0086 44.8695
      vertex -35.6 -55.0086 44.8695
    endloop
  endfacet
  facet normal 0 0.980815 0.19494
    outer loop
      vertex -35.6 -56.9659 44.7412
      vertex -38 -56.9914 44.8695
      vertex -35.6 -56.9914 44.8695
    endloop
  endfacet
  facet normal 0 0.980815 0.19494
    outer loop
      vertex -38 -56.9914 44.8695
      vertex -35.6 -56.9659 44.7412
      vertex -38 -56.9659 44.7412
    endloop
  endfacet
  facet normal 0 -0.0657577 -0.997836
    outer loop
      vertex -38 -56 46
      vertex -35.6 -55.8695 45.9914
      vertex -35.6 -56 46
    endloop
  endfacet
  facet normal -0 -0.0657577 -0.997836
    outer loop
      vertex -35.6 -55.8695 45.9914
      vertex -38 -56 46
      vertex -38 -55.8695 45.9914
    endloop
  endfacet
  facet normal 0 -0.442621 0.896709
    outer loop
      vertex -38 -55.5 44.134
      vertex -35.6 -55.6173 44.0761
      vertex -35.6 -55.5 44.134
    endloop
  endfacet
  facet normal 0 -0.442621 0.896709
    outer loop
      vertex -35.6 -55.6173 44.0761
      vertex -38 -55.5 44.134
      vertex -38 -55.6173 44.0761
    endloop
  endfacet
  facet normal 0 -0.555053 0.831815
    outer loop
      vertex -38 -55.3912 44.2066
      vertex -35.6 -55.5 44.134
      vertex -35.6 -55.3912 44.2066
    endloop
  endfacet
  facet normal 0 -0.555053 0.831815
    outer loop
      vertex -35.6 -55.5 44.134
      vertex -38 -55.3912 44.2066
      vertex -38 -55.5 44.134
    endloop
  endfacet
  facet normal 0 0.831815 -0.555053
    outer loop
      vertex -35.6 -56.866 45.5
      vertex -38 -56.7934 45.6088
      vertex -35.6 -56.7934 45.6088
    endloop
  endfacet
  facet normal 0 0.831815 -0.555053
    outer loop
      vertex -38 -56.7934 45.6088
      vertex -35.6 -56.866 45.5
      vertex -38 -56.866 45.5
    endloop
  endfacet
  facet normal 0 -0.896709 0.442621
    outer loop
      vertex -38 -55.134 44.5
      vertex -35.6 -55.0761 44.6173
      vertex -38 -55.0761 44.6173
    endloop
  endfacet
  facet normal 0 -0.896709 0.442621
    outer loop
      vertex -35.6 -55.0761 44.6173
      vertex -38 -55.134 44.5
      vertex -35.6 -55.134 44.5
    endloop
  endfacet
  facet normal 0 -0.980815 -0.19494
    outer loop
      vertex -38 -55.0086 45.1305
      vertex -35.6 -55.0341 45.2588
      vertex -38 -55.0341 45.2588
    endloop
  endfacet
  facet normal 0 -0.980815 -0.19494
    outer loop
      vertex -35.6 -55.0341 45.2588
      vertex -38 -55.0086 45.1305
      vertex -35.6 -55.0086 45.1305
    endloop
  endfacet
  facet normal 0 -0.896709 -0.442621
    outer loop
      vertex -38 -55.0761 45.3827
      vertex -35.6 -55.134 45.5
      vertex -38 -55.134 45.5
    endloop
  endfacet
  facet normal 0 -0.896709 -0.442621
    outer loop
      vertex -35.6 -55.134 45.5
      vertex -38 -55.0761 45.3827
      vertex -35.6 -55.0761 45.3827
    endloop
  endfacet
  facet normal 0 0.442621 -0.896709
    outer loop
      vertex -38 -56.5 45.866
      vertex -35.6 -56.3827 45.9239
      vertex -35.6 -56.5 45.866
    endloop
  endfacet
  facet normal 0 0.442621 -0.896709
    outer loop
      vertex -35.6 -56.3827 45.9239
      vertex -38 -56.5 45.866
      vertex -38 -56.3827 45.9239
    endloop
  endfacet
  facet normal 0 -0.751486 0.659749
    outer loop
      vertex -38 -55.2929 44.2929
      vertex -35.6 -55.2066 44.3912
      vertex -38 -55.2066 44.3912
    endloop
  endfacet
  facet normal 0 -0.751486 0.659749
    outer loop
      vertex -35.6 -55.2066 44.3912
      vertex -38 -55.2929 44.2929
      vertex -35.6 -55.2929 44.2929
    endloop
  endfacet
  facet normal 0 -0.831815 -0.555053
    outer loop
      vertex -38 -55.134 45.5
      vertex -35.6 -55.2066 45.6088
      vertex -38 -55.2066 45.6088
    endloop
  endfacet
  facet normal 0 -0.831815 -0.555053
    outer loop
      vertex -35.6 -55.2066 45.6088
      vertex -38 -55.134 45.5
      vertex -35.6 -55.134 45.5
    endloop
  endfacet
  facet normal 0 0.980815 -0.19494
    outer loop
      vertex -35.6 -56.9914 45.1305
      vertex -38 -56.9659 45.2588
      vertex -35.6 -56.9659 45.2588
    endloop
  endfacet
  facet normal 0 0.980815 -0.19494
    outer loop
      vertex -38 -56.9659 45.2588
      vertex -35.6 -56.9914 45.1305
      vertex -38 -56.9914 45.1305
    endloop
  endfacet
  facet normal 0 0.659749 -0.751486
    outer loop
      vertex -38 -56.7071 45.7071
      vertex -35.6 -56.6088 45.7934
      vertex -35.6 -56.7071 45.7071
    endloop
  endfacet
  facet normal 0 0.659749 -0.751486
    outer loop
      vertex -35.6 -56.6088 45.7934
      vertex -38 -56.7071 45.7071
      vertex -38 -56.6088 45.7934
    endloop
  endfacet
  facet normal 0 -0.980815 0.19494
    outer loop
      vertex -38 -55.0341 44.7412
      vertex -35.6 -55.0086 44.8695
      vertex -38 -55.0086 44.8695
    endloop
  endfacet
  facet normal 0 -0.980815 0.19494
    outer loop
      vertex -35.6 -55.0086 44.8695
      vertex -38 -55.0341 44.7412
      vertex -35.6 -55.0341 44.7412
    endloop
  endfacet
  facet normal 0 0.896709 0.442621
    outer loop
      vertex -35.6 -56.866 44.5
      vertex -38 -56.9239 44.6173
      vertex -35.6 -56.9239 44.6173
    endloop
  endfacet
  facet normal 0 0.896709 0.442621
    outer loop
      vertex -38 -56.9239 44.6173
      vertex -35.6 -56.866 44.5
      vertex -38 -56.866 44.5
    endloop
  endfacet
  facet normal -0 0.0657577 0.997836
    outer loop
      vertex -38 -56 44
      vertex -35.6 -56.1305 44.0086
      vertex -35.6 -56 44
    endloop
  endfacet
  facet normal 0 0.0657577 0.997836
    outer loop
      vertex -35.6 -56.1305 44.0086
      vertex -38 -56 44
      vertex -38 -56.1305 44.0086
    endloop
  endfacet
  facet normal 0 -0.321039 0.947066
    outer loop
      vertex -38 -55.6173 44.0761
      vertex -35.6 -55.7412 44.0341
      vertex -35.6 -55.6173 44.0761
    endloop
  endfacet
  facet normal 0 -0.321039 0.947066
    outer loop
      vertex -35.6 -55.7412 44.0341
      vertex -38 -55.6173 44.0761
      vertex -38 -55.7412 44.0341
    endloop
  endfacet
  facet normal -0 0.321039 0.947066
    outer loop
      vertex -38 -56.2588 44.0341
      vertex -35.6 -56.3827 44.0761
      vertex -35.6 -56.2588 44.0341
    endloop
  endfacet
  facet normal 0 0.321039 0.947066
    outer loop
      vertex -35.6 -56.3827 44.0761
      vertex -38 -56.2588 44.0341
      vertex -38 -56.3827 44.0761
    endloop
  endfacet
  facet normal 0 -0.751486 -0.659749
    outer loop
      vertex -38 -55.2066 45.6088
      vertex -35.6 -55.2929 45.7071
      vertex -38 -55.2929 45.7071
    endloop
  endfacet
  facet normal 0 -0.751486 -0.659749
    outer loop
      vertex -35.6 -55.2929 45.7071
      vertex -38 -55.2066 45.6088
      vertex -35.6 -55.2066 45.6088
    endloop
  endfacet
  facet normal 0 -0.659749 -0.751486
    outer loop
      vertex -38 -55.3912 45.7934
      vertex -35.6 -55.2929 45.7071
      vertex -35.6 -55.3912 45.7934
    endloop
  endfacet
  facet normal -0 -0.659749 -0.751486
    outer loop
      vertex -35.6 -55.2929 45.7071
      vertex -38 -55.3912 45.7934
      vertex -38 -55.2929 45.7071
    endloop
  endfacet
  facet normal 0 0.321039 -0.947066
    outer loop
      vertex -38 -56.3827 45.9239
      vertex -35.6 -56.2588 45.9659
      vertex -35.6 -56.3827 45.9239
    endloop
  endfacet
  facet normal 0 0.321039 -0.947066
    outer loop
      vertex -35.6 -56.2588 45.9659
      vertex -38 -56.3827 45.9239
      vertex -38 -56.2588 45.9659
    endloop
  endfacet
  facet normal 0 -0.831815 0.555053
    outer loop
      vertex -38 -55.2066 44.3912
      vertex -35.6 -55.134 44.5
      vertex -38 -55.134 44.5
    endloop
  endfacet
  facet normal 0 -0.831815 0.555053
    outer loop
      vertex -35.6 -55.134 44.5
      vertex -38 -55.2066 44.3912
      vertex -35.6 -55.2066 44.3912
    endloop
  endfacet
  facet normal 0 -0.321039 -0.947066
    outer loop
      vertex -38 -55.7412 45.9659
      vertex -35.6 -55.6173 45.9239
      vertex -35.6 -55.7412 45.9659
    endloop
  endfacet
  facet normal -0 -0.321039 -0.947066
    outer loop
      vertex -35.6 -55.6173 45.9239
      vertex -38 -55.7412 45.9659
      vertex -38 -55.6173 45.9239
    endloop
  endfacet
  facet normal 0 0.896709 -0.442621
    outer loop
      vertex -35.6 -56.9239 45.3827
      vertex -38 -56.866 45.5
      vertex -35.6 -56.866 45.5
    endloop
  endfacet
  facet normal 0 0.896709 -0.442621
    outer loop
      vertex -38 -56.866 45.5
      vertex -35.6 -56.9239 45.3827
      vertex -38 -56.9239 45.3827
    endloop
  endfacet
  facet normal 0 0.831815 0.555053
    outer loop
      vertex -35.6 -56.7934 44.3912
      vertex -38 -56.866 44.5
      vertex -35.6 -56.866 44.5
    endloop
  endfacet
  facet normal 0 0.831815 0.555053
    outer loop
      vertex -38 -56.866 44.5
      vertex -35.6 -56.7934 44.3912
      vertex -38 -56.7934 44.3912
    endloop
  endfacet
  facet normal -0 0.659749 0.751486
    outer loop
      vertex -38 -56.6088 44.2066
      vertex -35.6 -56.7071 44.2929
      vertex -35.6 -56.6088 44.2066
    endloop
  endfacet
  facet normal 0 0.659749 0.751486
    outer loop
      vertex -35.6 -56.7071 44.2929
      vertex -38 -56.6088 44.2066
      vertex -38 -56.7071 44.2929
    endloop
  endfacet
  facet normal 0 0.751486 0.659749
    outer loop
      vertex -35.6 -56.7071 44.2929
      vertex -38 -56.7934 44.3912
      vertex -35.6 -56.7934 44.3912
    endloop
  endfacet
  facet normal 0 0.751486 0.659749
    outer loop
      vertex -38 -56.7934 44.3912
      vertex -35.6 -56.7071 44.2929
      vertex -38 -56.7071 44.2929
    endloop
  endfacet
  facet normal -0 0.442621 0.896709
    outer loop
      vertex -38 -56.3827 44.0761
      vertex -35.6 -56.5 44.134
      vertex -35.6 -56.3827 44.0761
    endloop
  endfacet
  facet normal 0 0.442621 0.896709
    outer loop
      vertex -35.6 -56.5 44.134
      vertex -38 -56.3827 44.0761
      vertex -38 -56.5 44.134
    endloop
  endfacet
  facet normal 0 0.947066 -0.321039
    outer loop
      vertex -35.6 -56.9659 45.2588
      vertex -38 -56.9239 45.3827
      vertex -35.6 -56.9239 45.3827
    endloop
  endfacet
  facet normal 0 0.947066 -0.321039
    outer loop
      vertex -38 -56.9239 45.3827
      vertex -35.6 -56.9659 45.2588
      vertex -38 -56.9659 45.2588
    endloop
  endfacet
  facet normal 0 0.997836 0.0657577
    outer loop
      vertex -35.6 -56.9914 44.8695
      vertex -38 -57 45
      vertex -35.6 -57 45
    endloop
  endfacet
  facet normal 0 0.997836 0.0657577
    outer loop
      vertex -38 -57 45
      vertex -35.6 -56.9914 44.8695
      vertex -38 -56.9914 44.8695
    endloop
  endfacet
  facet normal 0 -0.442621 -0.896709
    outer loop
      vertex -38 -55.6173 45.9239
      vertex -35.6 -55.5 45.866
      vertex -35.6 -55.6173 45.9239
    endloop
  endfacet
  facet normal -0 -0.442621 -0.896709
    outer loop
      vertex -35.6 -55.5 45.866
      vertex -38 -55.6173 45.9239
      vertex -38 -55.5 45.866
    endloop
  endfacet
  facet normal -0 0.19494 0.980815
    outer loop
      vertex -38 -56.1305 44.0086
      vertex -35.6 -56.2588 44.0341
      vertex -35.6 -56.1305 44.0086
    endloop
  endfacet
  facet normal 0 0.19494 0.980815
    outer loop
      vertex -35.6 -56.2588 44.0341
      vertex -38 -56.1305 44.0086
      vertex -38 -56.2588 44.0341
    endloop
  endfacet
  facet normal 0 -0.19494 -0.980815
    outer loop
      vertex -38 -55.8695 45.9914
      vertex -35.6 -55.7412 45.9659
      vertex -35.6 -55.8695 45.9914
    endloop
  endfacet
  facet normal -0 -0.19494 -0.980815
    outer loop
      vertex -35.6 -55.7412 45.9659
      vertex -38 -55.8695 45.9914
      vertex -38 -55.7412 45.9659
    endloop
  endfacet
  facet normal 0 0.947066 0.321039
    outer loop
      vertex -35.6 -56.9239 44.6173
      vertex -38 -56.9659 44.7412
      vertex -35.6 -56.9659 44.7412
    endloop
  endfacet
  facet normal 0 0.947066 0.321039
    outer loop
      vertex -38 -56.9659 44.7412
      vertex -35.6 -56.9239 44.6173
      vertex -38 -56.9239 44.6173
    endloop
  endfacet
  facet normal 0 -0.555053 -0.831815
    outer loop
      vertex -38 -55.5 45.866
      vertex -35.6 -55.3912 45.7934
      vertex -35.6 -55.5 45.866
    endloop
  endfacet
  facet normal -0 -0.555053 -0.831815
    outer loop
      vertex -35.6 -55.3912 45.7934
      vertex -38 -55.5 45.866
      vertex -38 -55.3912 45.7934
    endloop
  endfacet
  facet normal 0 -0.947066 -0.321039
    outer loop
      vertex -38 -55.0341 45.2588
      vertex -35.6 -55.0761 45.3827
      vertex -38 -55.0761 45.3827
    endloop
  endfacet
  facet normal 0 -0.947066 -0.321039
    outer loop
      vertex -35.6 -55.0761 45.3827
      vertex -38 -55.0341 45.2588
      vertex -35.6 -55.0341 45.2588
    endloop
  endfacet
  facet normal 0 0.0657577 -0.997836
    outer loop
      vertex -38 -56.1305 45.9914
      vertex -35.6 -56 46
      vertex -35.6 -56.1305 45.9914
    endloop
  endfacet
  facet normal 0 0.0657577 -0.997836
    outer loop
      vertex -35.6 -56 46
      vertex -38 -56.1305 45.9914
      vertex -38 -56 46
    endloop
  endfacet
  facet normal 0 -0.0657577 0.997836
    outer loop
      vertex -38 -55.8695 44.0086
      vertex -35.6 -56 44
      vertex -35.6 -55.8695 44.0086
    endloop
  endfacet
  facet normal 0 -0.0657577 0.997836
    outer loop
      vertex -35.6 -56 44
      vertex -38 -55.8695 44.0086
      vertex -38 -56 44
    endloop
  endfacet
  facet normal 0 -0.947066 0.321039
    outer loop
      vertex -38 -55.0761 44.6173
      vertex -35.6 -55.0341 44.7412
      vertex -38 -55.0341 44.7412
    endloop
  endfacet
  facet normal 0 -0.947066 0.321039
    outer loop
      vertex -35.6 -55.0341 44.7412
      vertex -38 -55.0761 44.6173
      vertex -35.6 -55.0761 44.6173
    endloop
  endfacet
  facet normal 0 0.751486 -0.659749
    outer loop
      vertex -35.6 -56.7934 45.6088
      vertex -38 -56.7071 45.7071
      vertex -35.6 -56.7071 45.7071
    endloop
  endfacet
  facet normal 0 0.751486 -0.659749
    outer loop
      vertex -38 -56.7071 45.7071
      vertex -35.6 -56.7934 45.6088
      vertex -38 -56.7934 45.6088
    endloop
  endfacet
  facet normal 0 0.19494 -0.980815
    outer loop
      vertex -38 -64.2588 45.9659
      vertex -35.6 -64.1305 45.9914
      vertex -35.6 -64.2588 45.9659
    endloop
  endfacet
  facet normal 0 0.19494 -0.980815
    outer loop
      vertex -35.6 -64.1305 45.9914
      vertex -38 -64.2588 45.9659
      vertex -38 -64.1305 45.9914
    endloop
  endfacet
  facet normal 0 -0.19494 0.980815
    outer loop
      vertex -38 -63.7412 44.0341
      vertex -35.6 -63.8695 44.0086
      vertex -35.6 -63.7412 44.0341
    endloop
  endfacet
  facet normal 0 -0.19494 0.980815
    outer loop
      vertex -35.6 -63.8695 44.0086
      vertex -38 -63.7412 44.0341
      vertex -38 -63.8695 44.0086
    endloop
  endfacet
  facet normal -0 0.555053 0.831815
    outer loop
      vertex -38 -64.5 44.134
      vertex -35.6 -64.6088 44.2066
      vertex -35.6 -64.5 44.134
    endloop
  endfacet
  facet normal 0 0.555053 0.831815
    outer loop
      vertex -35.6 -64.6088 44.2066
      vertex -38 -64.5 44.134
      vertex -38 -64.6088 44.2066
    endloop
  endfacet
  facet normal 0 -0.997836 -0.0657577
    outer loop
      vertex -38 -63 45
      vertex -35.6 -63.0086 45.1305
      vertex -38 -63.0086 45.1305
    endloop
  endfacet
  facet normal 0 -0.997836 -0.0657577
    outer loop
      vertex -35.6 -63.0086 45.1305
      vertex -38 -63 45
      vertex -35.6 -63 45
    endloop
  endfacet
  facet normal 0 0.555053 -0.831815
    outer loop
      vertex -38 -64.6088 45.7934
      vertex -35.6 -64.5 45.866
      vertex -35.6 -64.6088 45.7934
    endloop
  endfacet
  facet normal 0 0.555053 -0.831815
    outer loop
      vertex -35.6 -64.5 45.866
      vertex -38 -64.6088 45.7934
      vertex -38 -64.5 45.866
    endloop
  endfacet
  facet normal 0 -0.659749 0.751486
    outer loop
      vertex -38 -63.2929 44.2929
      vertex -35.6 -63.3912 44.2066
      vertex -35.6 -63.2929 44.2929
    endloop
  endfacet
  facet normal 0 -0.659749 0.751486
    outer loop
      vertex -35.6 -63.3912 44.2066
      vertex -38 -63.2929 44.2929
      vertex -38 -63.3912 44.2066
    endloop
  endfacet
  facet normal 0 -0.997836 0.0657577
    outer loop
      vertex -38 -63.0086 44.8695
      vertex -35.6 -63 45
      vertex -38 -63 45
    endloop
  endfacet
  facet normal 0 -0.997836 0.0657577
    outer loop
      vertex -35.6 -63 45
      vertex -38 -63.0086 44.8695
      vertex -35.6 -63.0086 44.8695
    endloop
  endfacet
  facet normal 0 0.980815 0.19494
    outer loop
      vertex -35.6 -64.9659 44.7412
      vertex -38 -64.9914 44.8695
      vertex -35.6 -64.9914 44.8695
    endloop
  endfacet
  facet normal 0 0.980815 0.19494
    outer loop
      vertex -38 -64.9914 44.8695
      vertex -35.6 -64.9659 44.7412
      vertex -38 -64.9659 44.7412
    endloop
  endfacet
  facet normal 0 -0.0657577 -0.997836
    outer loop
      vertex -38 -64 46
      vertex -35.6 -63.8695 45.9914
      vertex -35.6 -64 46
    endloop
  endfacet
  facet normal -0 -0.0657577 -0.997836
    outer loop
      vertex -35.6 -63.8695 45.9914
      vertex -38 -64 46
      vertex -38 -63.8695 45.9914
    endloop
  endfacet
  facet normal 0 -0.442621 0.896709
    outer loop
      vertex -38 -63.5 44.134
      vertex -35.6 -63.6173 44.0761
      vertex -35.6 -63.5 44.134
    endloop
  endfacet
  facet normal 0 -0.442621 0.896709
    outer loop
      vertex -35.6 -63.6173 44.0761
      vertex -38 -63.5 44.134
      vertex -38 -63.6173 44.0761
    endloop
  endfacet
  facet normal 0 -0.555053 0.831815
    outer loop
      vertex -38 -63.3912 44.2066
      vertex -35.6 -63.5 44.134
      vertex -35.6 -63.3912 44.2066
    endloop
  endfacet
  facet normal 0 -0.555053 0.831815
    outer loop
      vertex -35.6 -63.5 44.134
      vertex -38 -63.3912 44.2066
      vertex -38 -63.5 44.134
    endloop
  endfacet
  facet normal 0 0.831815 -0.555053
    outer loop
      vertex -35.6 -64.866 45.5
      vertex -38 -64.7934 45.6088
      vertex -35.6 -64.7934 45.6088
    endloop
  endfacet
  facet normal 0 0.831815 -0.555053
    outer loop
      vertex -38 -64.7934 45.6088
      vertex -35.6 -64.866 45.5
      vertex -38 -64.866 45.5
    endloop
  endfacet
  facet normal 0 -0.896709 0.442621
    outer loop
      vertex -38 -63.134 44.5
      vertex -35.6 -63.0761 44.6173
      vertex -38 -63.0761 44.6173
    endloop
  endfacet
  facet normal 0 -0.896709 0.442621
    outer loop
      vertex -35.6 -63.0761 44.6173
      vertex -38 -63.134 44.5
      vertex -35.6 -63.134 44.5
    endloop
  endfacet
  facet normal 0 -0.980815 -0.19494
    outer loop
      vertex -38 -63.0086 45.1305
      vertex -35.6 -63.0341 45.2588
      vertex -38 -63.0341 45.2588
    endloop
  endfacet
  facet normal 0 -0.980815 -0.19494
    outer loop
      vertex -35.6 -63.0341 45.2588
      vertex -38 -63.0086 45.1305
      vertex -35.6 -63.0086 45.1305
    endloop
  endfacet
  facet normal 0 -0.896709 -0.442621
    outer loop
      vertex -38 -63.0761 45.3827
      vertex -35.6 -63.134 45.5
      vertex -38 -63.134 45.5
    endloop
  endfacet
  facet normal 0 -0.896709 -0.442621
    outer loop
      vertex -35.6 -63.134 45.5
      vertex -38 -63.0761 45.3827
      vertex -35.6 -63.0761 45.3827
    endloop
  endfacet
  facet normal 0 0.442621 -0.896709
    outer loop
      vertex -38 -64.5 45.866
      vertex -35.6 -64.3827 45.9239
      vertex -35.6 -64.5 45.866
    endloop
  endfacet
  facet normal 0 0.442621 -0.896709
    outer loop
      vertex -35.6 -64.3827 45.9239
      vertex -38 -64.5 45.866
      vertex -38 -64.3827 45.9239
    endloop
  endfacet
  facet normal 0 -0.751486 0.659749
    outer loop
      vertex -38 -63.2929 44.2929
      vertex -35.6 -63.2066 44.3912
      vertex -38 -63.2066 44.3912
    endloop
  endfacet
  facet normal 0 -0.751486 0.659749
    outer loop
      vertex -35.6 -63.2066 44.3912
      vertex -38 -63.2929 44.2929
      vertex -35.6 -63.2929 44.2929
    endloop
  endfacet
  facet normal 0 -0.831815 -0.555053
    outer loop
      vertex -38 -63.134 45.5
      vertex -35.6 -63.2066 45.6088
      vertex -38 -63.2066 45.6088
    endloop
  endfacet
  facet normal 0 -0.831815 -0.555053
    outer loop
      vertex -35.6 -63.2066 45.6088
      vertex -38 -63.134 45.5
      vertex -35.6 -63.134 45.5
    endloop
  endfacet
  facet normal 0 0.980815 -0.19494
    outer loop
      vertex -35.6 -64.9914 45.1305
      vertex -38 -64.9659 45.2588
      vertex -35.6 -64.9659 45.2588
    endloop
  endfacet
  facet normal 0 0.980815 -0.19494
    outer loop
      vertex -38 -64.9659 45.2588
      vertex -35.6 -64.9914 45.1305
      vertex -38 -64.9914 45.1305
    endloop
  endfacet
  facet normal 0 0.659749 -0.751486
    outer loop
      vertex -38 -64.7071 45.7071
      vertex -35.6 -64.6088 45.7934
      vertex -35.6 -64.7071 45.7071
    endloop
  endfacet
  facet normal 0 0.659749 -0.751486
    outer loop
      vertex -35.6 -64.6088 45.7934
      vertex -38 -64.7071 45.7071
      vertex -38 -64.6088 45.7934
    endloop
  endfacet
  facet normal 0 -0.980815 0.19494
    outer loop
      vertex -38 -63.0341 44.7412
      vertex -35.6 -63.0086 44.8695
      vertex -38 -63.0086 44.8695
    endloop
  endfacet
  facet normal 0 -0.980815 0.19494
    outer loop
      vertex -35.6 -63.0086 44.8695
      vertex -38 -63.0341 44.7412
      vertex -35.6 -63.0341 44.7412
    endloop
  endfacet
  facet normal 0 0.896709 0.442621
    outer loop
      vertex -35.6 -64.866 44.5
      vertex -38 -64.9239 44.6173
      vertex -35.6 -64.9239 44.6173
    endloop
  endfacet
  facet normal 0 0.896709 0.442621
    outer loop
      vertex -38 -64.9239 44.6173
      vertex -35.6 -64.866 44.5
      vertex -38 -64.866 44.5
    endloop
  endfacet
  facet normal -0 0.0657577 0.997836
    outer loop
      vertex -38 -64 44
      vertex -35.6 -64.1305 44.0086
      vertex -35.6 -64 44
    endloop
  endfacet
  facet normal 0 0.0657577 0.997836
    outer loop
      vertex -35.6 -64.1305 44.0086
      vertex -38 -64 44
      vertex -38 -64.1305 44.0086
    endloop
  endfacet
  facet normal 0 -0.321039 0.947066
    outer loop
      vertex -38 -63.6173 44.0761
      vertex -35.6 -63.7412 44.0341
      vertex -35.6 -63.6173 44.0761
    endloop
  endfacet
  facet normal 0 -0.321039 0.947066
    outer loop
      vertex -35.6 -63.7412 44.0341
      vertex -38 -63.6173 44.0761
      vertex -38 -63.7412 44.0341
    endloop
  endfacet
  facet normal -0 0.321039 0.947066
    outer loop
      vertex -38 -64.2588 44.0341
      vertex -35.6 -64.3827 44.0761
      vertex -35.6 -64.2588 44.0341
    endloop
  endfacet
  facet normal 0 0.321039 0.947066
    outer loop
      vertex -35.6 -64.3827 44.0761
      vertex -38 -64.2588 44.0341
      vertex -38 -64.3827 44.0761
    endloop
  endfacet
  facet normal 0 -0.751486 -0.659749
    outer loop
      vertex -38 -63.2066 45.6088
      vertex -35.6 -63.2929 45.7071
      vertex -38 -63.2929 45.7071
    endloop
  endfacet
  facet normal 0 -0.751486 -0.659749
    outer loop
      vertex -35.6 -63.2929 45.7071
      vertex -38 -63.2066 45.6088
      vertex -35.6 -63.2066 45.6088
    endloop
  endfacet
  facet normal 0 -0.659749 -0.751486
    outer loop
      vertex -38 -63.3912 45.7934
      vertex -35.6 -63.2929 45.7071
      vertex -35.6 -63.3912 45.7934
    endloop
  endfacet
  facet normal -0 -0.659749 -0.751486
    outer loop
      vertex -35.6 -63.2929 45.7071
      vertex -38 -63.3912 45.7934
      vertex -38 -63.2929 45.7071
    endloop
  endfacet
  facet normal 0 0.321039 -0.947066
    outer loop
      vertex -38 -64.3827 45.9239
      vertex -35.6 -64.2588 45.9659
      vertex -35.6 -64.3827 45.9239
    endloop
  endfacet
  facet normal 0 0.321039 -0.947066
    outer loop
      vertex -35.6 -64.2588 45.9659
      vertex -38 -64.3827 45.9239
      vertex -38 -64.2588 45.9659
    endloop
  endfacet
  facet normal 0 -0.831815 0.555053
    outer loop
      vertex -38 -63.2066 44.3912
      vertex -35.6 -63.134 44.5
      vertex -38 -63.134 44.5
    endloop
  endfacet
  facet normal 0 -0.831815 0.555053
    outer loop
      vertex -35.6 -63.134 44.5
      vertex -38 -63.2066 44.3912
      vertex -35.6 -63.2066 44.3912
    endloop
  endfacet
  facet normal 0 -0.321039 -0.947066
    outer loop
      vertex -38 -63.7412 45.9659
      vertex -35.6 -63.6173 45.9239
      vertex -35.6 -63.7412 45.9659
    endloop
  endfacet
  facet normal -0 -0.321039 -0.947066
    outer loop
      vertex -35.6 -63.6173 45.9239
      vertex -38 -63.7412 45.9659
      vertex -38 -63.6173 45.9239
    endloop
  endfacet
  facet normal 0 0.896709 -0.442621
    outer loop
      vertex -35.6 -64.9239 45.3827
      vertex -38 -64.866 45.5
      vertex -35.6 -64.866 45.5
    endloop
  endfacet
  facet normal 0 0.896709 -0.442621
    outer loop
      vertex -38 -64.866 45.5
      vertex -35.6 -64.9239 45.3827
      vertex -38 -64.9239 45.3827
    endloop
  endfacet
  facet normal 0 0.831815 0.555053
    outer loop
      vertex -35.6 -64.7934 44.3912
      vertex -38 -64.866 44.5
      vertex -35.6 -64.866 44.5
    endloop
  endfacet
  facet normal 0 0.831815 0.555053
    outer loop
      vertex -38 -64.866 44.5
      vertex -35.6 -64.7934 44.3912
      vertex -38 -64.7934 44.3912
    endloop
  endfacet
  facet normal -0 0.659749 0.751486
    outer loop
      vertex -38 -64.6088 44.2066
      vertex -35.6 -64.7071 44.2929
      vertex -35.6 -64.6088 44.2066
    endloop
  endfacet
  facet normal 0 0.659749 0.751486
    outer loop
      vertex -35.6 -64.7071 44.2929
      vertex -38 -64.6088 44.2066
      vertex -38 -64.7071 44.2929
    endloop
  endfacet
  facet normal 0 0.751486 0.659749
    outer loop
      vertex -35.6 -64.7071 44.2929
      vertex -38 -64.7934 44.3912
      vertex -35.6 -64.7934 44.3912
    endloop
  endfacet
  facet normal 0 0.751486 0.659749
    outer loop
      vertex -38 -64.7934 44.3912
      vertex -35.6 -64.7071 44.2929
      vertex -38 -64.7071 44.2929
    endloop
  endfacet
  facet normal -0 0.442621 0.896709
    outer loop
      vertex -38 -64.3827 44.0761
      vertex -35.6 -64.5 44.134
      vertex -35.6 -64.3827 44.0761
    endloop
  endfacet
  facet normal 0 0.442621 0.896709
    outer loop
      vertex -35.6 -64.5 44.134
      vertex -38 -64.3827 44.0761
      vertex -38 -64.5 44.134
    endloop
  endfacet
  facet normal 0 0.947066 -0.321039
    outer loop
      vertex -35.6 -64.9659 45.2588
      vertex -38 -64.9239 45.3827
      vertex -35.6 -64.9239 45.3827
    endloop
  endfacet
  facet normal 0 0.947066 -0.321039
    outer loop
      vertex -38 -64.9239 45.3827
      vertex -35.6 -64.9659 45.2588
      vertex -38 -64.9659 45.2588
    endloop
  endfacet
  facet normal 0 0.997836 0.0657577
    outer loop
      vertex -35.6 -64.9914 44.8695
      vertex -38 -65 45
      vertex -35.6 -65 45
    endloop
  endfacet
  facet normal 0 0.997836 0.0657577
    outer loop
      vertex -38 -65 45
      vertex -35.6 -64.9914 44.8695
      vertex -38 -64.9914 44.8695
    endloop
  endfacet
  facet normal 0 -0.442621 -0.896709
    outer loop
      vertex -38 -63.6173 45.9239
      vertex -35.6 -63.5 45.866
      vertex -35.6 -63.6173 45.9239
    endloop
  endfacet
  facet normal -0 -0.442621 -0.896709
    outer loop
      vertex -35.6 -63.5 45.866
      vertex -38 -63.6173 45.9239
      vertex -38 -63.5 45.866
    endloop
  endfacet
  facet normal -0 0.19494 0.980815
    outer loop
      vertex -38 -64.1305 44.0086
      vertex -35.6 -64.2588 44.0341
      vertex -35.6 -64.1305 44.0086
    endloop
  endfacet
  facet normal 0 0.19494 0.980815
    outer loop
      vertex -35.6 -64.2588 44.0341
      vertex -38 -64.1305 44.0086
      vertex -38 -64.2588 44.0341
    endloop
  endfacet
  facet normal 0 -0.19494 -0.980815
    outer loop
      vertex -38 -63.8695 45.9914
      vertex -35.6 -63.7412 45.9659
      vertex -35.6 -63.8695 45.9914
    endloop
  endfacet
  facet normal -0 -0.19494 -0.980815
    outer loop
      vertex -35.6 -63.7412 45.9659
      vertex -38 -63.8695 45.9914
      vertex -38 -63.7412 45.9659
    endloop
  endfacet
  facet normal 0 0.947066 0.321039
    outer loop
      vertex -35.6 -64.9239 44.6173
      vertex -38 -64.9659 44.7412
      vertex -35.6 -64.9659 44.7412
    endloop
  endfacet
  facet normal 0 0.947066 0.321039
    outer loop
      vertex -38 -64.9659 44.7412
      vertex -35.6 -64.9239 44.6173
      vertex -38 -64.9239 44.6173
    endloop
  endfacet
  facet normal 0 -0.555053 -0.831815
    outer loop
      vertex -38 -63.5 45.866
      vertex -35.6 -63.3912 45.7934
      vertex -35.6 -63.5 45.866
    endloop
  endfacet
  facet normal -0 -0.555053 -0.831815
    outer loop
      vertex -35.6 -63.3912 45.7934
      vertex -38 -63.5 45.866
      vertex -38 -63.3912 45.7934
    endloop
  endfacet
  facet normal 0 -0.947066 -0.321039
    outer loop
      vertex -38 -63.0341 45.2588
      vertex -35.6 -63.0761 45.3827
      vertex -38 -63.0761 45.3827
    endloop
  endfacet
  facet normal 0 -0.947066 -0.321039
    outer loop
      vertex -35.6 -63.0761 45.3827
      vertex -38 -63.0341 45.2588
      vertex -35.6 -63.0341 45.2588
    endloop
  endfacet
  facet normal 0 0.997836 -0.0657577
    outer loop
      vertex -35.6 -65 45
      vertex -38 -64.9914 45.1305
      vertex -35.6 -64.9914 45.1305
    endloop
  endfacet
  facet normal 0 0.997836 -0.0657577
    outer loop
      vertex -38 -64.9914 45.1305
      vertex -35.6 -65 45
      vertex -38 -65 45
    endloop
  endfacet
  facet normal 0 0.0657577 -0.997836
    outer loop
      vertex -38 -64.1305 45.9914
      vertex -35.6 -64 46
      vertex -35.6 -64.1305 45.9914
    endloop
  endfacet
  facet normal 0 0.0657577 -0.997836
    outer loop
      vertex -35.6 -64 46
      vertex -38 -64.1305 45.9914
      vertex -38 -64 46
    endloop
  endfacet
  facet normal 0 -0.0657577 0.997836
    outer loop
      vertex -38 -63.8695 44.0086
      vertex -35.6 -64 44
      vertex -35.6 -63.8695 44.0086
    endloop
  endfacet
  facet normal 0 -0.0657577 0.997836
    outer loop
      vertex -35.6 -64 44
      vertex -38 -63.8695 44.0086
      vertex -38 -64 44
    endloop
  endfacet
  facet normal 0 -0.947066 0.321039
    outer loop
      vertex -38 -63.0761 44.6173
      vertex -35.6 -63.0341 44.7412
      vertex -38 -63.0341 44.7412
    endloop
  endfacet
  facet normal 0 -0.947066 0.321039
    outer loop
      vertex -35.6 -63.0341 44.7412
      vertex -38 -63.0761 44.6173
      vertex -35.6 -63.0761 44.6173
    endloop
  endfacet
  facet normal 0 0.751486 -0.659749
    outer loop
      vertex -35.6 -64.7934 45.6088
      vertex -38 -64.7071 45.7071
      vertex -35.6 -64.7071 45.7071
    endloop
  endfacet
  facet normal 0 0.751486 -0.659749
    outer loop
      vertex -38 -64.7071 45.7071
      vertex -35.6 -64.7934 45.6088
      vertex -38 -64.7934 45.6088
    endloop
  endfacet
  facet normal 0 0.19494 -0.980815
    outer loop
      vertex -38 -56.2588 51.9659
      vertex -35.6 -56.1305 51.9914
      vertex -35.6 -56.2588 51.9659
    endloop
  endfacet
  facet normal 0 0.19494 -0.980815
    outer loop
      vertex -35.6 -56.1305 51.9914
      vertex -38 -56.2588 51.9659
      vertex -38 -56.1305 51.9914
    endloop
  endfacet
  facet normal 0 -0.19494 0.980815
    outer loop
      vertex -38 -55.7412 50.0341
      vertex -35.6 -55.8695 50.0086
      vertex -35.6 -55.7412 50.0341
    endloop
  endfacet
  facet normal 0 -0.19494 0.980815
    outer loop
      vertex -35.6 -55.8695 50.0086
      vertex -38 -55.7412 50.0341
      vertex -38 -55.8695 50.0086
    endloop
  endfacet
  facet normal -0 0.555053 0.831815
    outer loop
      vertex -38 -56.5 50.134
      vertex -35.6 -56.6088 50.2066
      vertex -35.6 -56.5 50.134
    endloop
  endfacet
  facet normal 0 0.555053 0.831815
    outer loop
      vertex -35.6 -56.6088 50.2066
      vertex -38 -56.5 50.134
      vertex -38 -56.6088 50.2066
    endloop
  endfacet
  facet normal 0 -0.997836 -0.0657577
    outer loop
      vertex -38 -55 51
      vertex -35.6 -55.0086 51.1305
      vertex -38 -55.0086 51.1305
    endloop
  endfacet
  facet normal 0 -0.997836 -0.0657577
    outer loop
      vertex -35.6 -55.0086 51.1305
      vertex -38 -55 51
      vertex -35.6 -55 51
    endloop
  endfacet
  facet normal 0 0.555053 -0.831815
    outer loop
      vertex -38 -56.6088 51.7934
      vertex -35.6 -56.5 51.866
      vertex -35.6 -56.6088 51.7934
    endloop
  endfacet
  facet normal 0 0.555053 -0.831815
    outer loop
      vertex -35.6 -56.5 51.866
      vertex -38 -56.6088 51.7934
      vertex -38 -56.5 51.866
    endloop
  endfacet
  facet normal 0 -0.659749 0.751486
    outer loop
      vertex -38 -55.2929 50.2929
      vertex -35.6 -55.3912 50.2066
      vertex -35.6 -55.2929 50.2929
    endloop
  endfacet
  facet normal 0 -0.659749 0.751486
    outer loop
      vertex -35.6 -55.3912 50.2066
      vertex -38 -55.2929 50.2929
      vertex -38 -55.3912 50.2066
    endloop
  endfacet
  facet normal 0 -0.997836 0.0657577
    outer loop
      vertex -38 -55.0086 50.8695
      vertex -35.6 -55 51
      vertex -38 -55 51
    endloop
  endfacet
  facet normal 0 -0.997836 0.0657577
    outer loop
      vertex -35.6 -55 51
      vertex -38 -55.0086 50.8695
      vertex -35.6 -55.0086 50.8695
    endloop
  endfacet
  facet normal 0 0.980815 0.19494
    outer loop
      vertex -35.6 -56.9659 50.7412
      vertex -38 -56.9914 50.8695
      vertex -35.6 -56.9914 50.8695
    endloop
  endfacet
  facet normal 0 0.980815 0.19494
    outer loop
      vertex -38 -56.9914 50.8695
      vertex -35.6 -56.9659 50.7412
      vertex -38 -56.9659 50.7412
    endloop
  endfacet
  facet normal 0 -0.0657577 -0.997836
    outer loop
      vertex -38 -56 52
      vertex -35.6 -55.8695 51.9914
      vertex -35.6 -56 52
    endloop
  endfacet
  facet normal -0 -0.0657577 -0.997836
    outer loop
      vertex -35.6 -55.8695 51.9914
      vertex -38 -56 52
      vertex -38 -55.8695 51.9914
    endloop
  endfacet
  facet normal 0 -0.442621 0.896709
    outer loop
      vertex -38 -55.5 50.134
      vertex -35.6 -55.6173 50.0761
      vertex -35.6 -55.5 50.134
    endloop
  endfacet
  facet normal 0 -0.442621 0.896709
    outer loop
      vertex -35.6 -55.6173 50.0761
      vertex -38 -55.5 50.134
      vertex -38 -55.6173 50.0761
    endloop
  endfacet
  facet normal 0 -0.555053 0.831815
    outer loop
      vertex -38 -55.3912 50.2066
      vertex -35.6 -55.5 50.134
      vertex -35.6 -55.3912 50.2066
    endloop
  endfacet
  facet normal 0 -0.555053 0.831815
    outer loop
      vertex -35.6 -55.5 50.134
      vertex -38 -55.3912 50.2066
      vertex -38 -55.5 50.134
    endloop
  endfacet
  facet normal 0 0.831815 -0.555053
    outer loop
      vertex -35.6 -56.866 51.5
      vertex -38 -56.7934 51.6088
      vertex -35.6 -56.7934 51.6088
    endloop
  endfacet
  facet normal 0 0.831815 -0.555053
    outer loop
      vertex -38 -56.7934 51.6088
      vertex -35.6 -56.866 51.5
      vertex -38 -56.866 51.5
    endloop
  endfacet
  facet normal 0 -0.896709 0.442621
    outer loop
      vertex -38 -55.134 50.5
      vertex -35.6 -55.0761 50.6173
      vertex -38 -55.0761 50.6173
    endloop
  endfacet
  facet normal 0 -0.896709 0.442621
    outer loop
      vertex -35.6 -55.0761 50.6173
      vertex -38 -55.134 50.5
      vertex -35.6 -55.134 50.5
    endloop
  endfacet
  facet normal 0 -0.980815 -0.19494
    outer loop
      vertex -38 -55.0086 51.1305
      vertex -35.6 -55.0341 51.2588
      vertex -38 -55.0341 51.2588
    endloop
  endfacet
  facet normal 0 -0.980815 -0.19494
    outer loop
      vertex -35.6 -55.0341 51.2588
      vertex -38 -55.0086 51.1305
      vertex -35.6 -55.0086 51.1305
    endloop
  endfacet
  facet normal 0 -0.896709 -0.442621
    outer loop
      vertex -38 -55.0761 51.3827
      vertex -35.6 -55.134 51.5
      vertex -38 -55.134 51.5
    endloop
  endfacet
  facet normal 0 -0.896709 -0.442621
    outer loop
      vertex -35.6 -55.134 51.5
      vertex -38 -55.0761 51.3827
      vertex -35.6 -55.0761 51.3827
    endloop
  endfacet
  facet normal 0 0.442621 -0.896709
    outer loop
      vertex -38 -56.5 51.866
      vertex -35.6 -56.3827 51.9239
      vertex -35.6 -56.5 51.866
    endloop
  endfacet
  facet normal 0 0.442621 -0.896709
    outer loop
      vertex -35.6 -56.3827 51.9239
      vertex -38 -56.5 51.866
      vertex -38 -56.3827 51.9239
    endloop
  endfacet
  facet normal 0 -0.751486 0.659749
    outer loop
      vertex -38 -55.2929 50.2929
      vertex -35.6 -55.2066 50.3912
      vertex -38 -55.2066 50.3912
    endloop
  endfacet
  facet normal 0 -0.751486 0.659749
    outer loop
      vertex -35.6 -55.2066 50.3912
      vertex -38 -55.2929 50.2929
      vertex -35.6 -55.2929 50.2929
    endloop
  endfacet
  facet normal 0 -0.831815 -0.555053
    outer loop
      vertex -38 -55.134 51.5
      vertex -35.6 -55.2066 51.6088
      vertex -38 -55.2066 51.6088
    endloop
  endfacet
  facet normal 0 -0.831815 -0.555053
    outer loop
      vertex -35.6 -55.2066 51.6088
      vertex -38 -55.134 51.5
      vertex -35.6 -55.134 51.5
    endloop
  endfacet
  facet normal 0 0.980815 -0.19494
    outer loop
      vertex -35.6 -56.9914 51.1305
      vertex -38 -56.9659 51.2588
      vertex -35.6 -56.9659 51.2588
    endloop
  endfacet
  facet normal 0 0.980815 -0.19494
    outer loop
      vertex -38 -56.9659 51.2588
      vertex -35.6 -56.9914 51.1305
      vertex -38 -56.9914 51.1305
    endloop
  endfacet
  facet normal 0 0.659749 -0.751486
    outer loop
      vertex -38 -56.7071 51.7071
      vertex -35.6 -56.6088 51.7934
      vertex -35.6 -56.7071 51.7071
    endloop
  endfacet
  facet normal 0 0.659749 -0.751486
    outer loop
      vertex -35.6 -56.6088 51.7934
      vertex -38 -56.7071 51.7071
      vertex -38 -56.6088 51.7934
    endloop
  endfacet
  facet normal 0 -0.980815 0.19494
    outer loop
      vertex -38 -55.0341 50.7412
      vertex -35.6 -55.0086 50.8695
      vertex -38 -55.0086 50.8695
    endloop
  endfacet
  facet normal 0 -0.980815 0.19494
    outer loop
      vertex -35.6 -55.0086 50.8695
      vertex -38 -55.0341 50.7412
      vertex -35.6 -55.0341 50.7412
    endloop
  endfacet
  facet normal 0 0.896709 0.442621
    outer loop
      vertex -35.6 -56.866 50.5
      vertex -38 -56.9239 50.6173
      vertex -35.6 -56.9239 50.6173
    endloop
  endfacet
  facet normal 0 0.896709 0.442621
    outer loop
      vertex -38 -56.9239 50.6173
      vertex -35.6 -56.866 50.5
      vertex -38 -56.866 50.5
    endloop
  endfacet
  facet normal -0 0.0657577 0.997836
    outer loop
      vertex -38 -56 50
      vertex -35.6 -56.1305 50.0086
      vertex -35.6 -56 50
    endloop
  endfacet
  facet normal 0 0.0657577 0.997836
    outer loop
      vertex -35.6 -56.1305 50.0086
      vertex -38 -56 50
      vertex -38 -56.1305 50.0086
    endloop
  endfacet
  facet normal 0 -0.321039 0.947066
    outer loop
      vertex -38 -55.6173 50.0761
      vertex -35.6 -55.7412 50.0341
      vertex -35.6 -55.6173 50.0761
    endloop
  endfacet
  facet normal 0 -0.321039 0.947066
    outer loop
      vertex -35.6 -55.7412 50.0341
      vertex -38 -55.6173 50.0761
      vertex -38 -55.7412 50.0341
    endloop
  endfacet
  facet normal -0 0.321039 0.947066
    outer loop
      vertex -38 -56.2588 50.0341
      vertex -35.6 -56.3827 50.0761
      vertex -35.6 -56.2588 50.0341
    endloop
  endfacet
  facet normal 0 0.321039 0.947066
    outer loop
      vertex -35.6 -56.3827 50.0761
      vertex -38 -56.2588 50.0341
      vertex -38 -56.3827 50.0761
    endloop
  endfacet
  facet normal 0 -0.751486 -0.659749
    outer loop
      vertex -38 -55.2066 51.6088
      vertex -35.6 -55.2929 51.7071
      vertex -38 -55.2929 51.7071
    endloop
  endfacet
  facet normal 0 -0.751486 -0.659749
    outer loop
      vertex -35.6 -55.2929 51.7071
      vertex -38 -55.2066 51.6088
      vertex -35.6 -55.2066 51.6088
    endloop
  endfacet
  facet normal 0 -0.659749 -0.751486
    outer loop
      vertex -38 -55.3912 51.7934
      vertex -35.6 -55.2929 51.7071
      vertex -35.6 -55.3912 51.7934
    endloop
  endfacet
  facet normal -0 -0.659749 -0.751486
    outer loop
      vertex -35.6 -55.2929 51.7071
      vertex -38 -55.3912 51.7934
      vertex -38 -55.2929 51.7071
    endloop
  endfacet
  facet normal 0 0.321039 -0.947066
    outer loop
      vertex -38 -56.3827 51.9239
      vertex -35.6 -56.2588 51.9659
      vertex -35.6 -56.3827 51.9239
    endloop
  endfacet
  facet normal 0 0.321039 -0.947066
    outer loop
      vertex -35.6 -56.2588 51.9659
      vertex -38 -56.3827 51.9239
      vertex -38 -56.2588 51.9659
    endloop
  endfacet
  facet normal 0 -0.831815 0.555053
    outer loop
      vertex -38 -55.2066 50.3912
      vertex -35.6 -55.134 50.5
      vertex -38 -55.134 50.5
    endloop
  endfacet
  facet normal 0 -0.831815 0.555053
    outer loop
      vertex -35.6 -55.134 50.5
      vertex -38 -55.2066 50.3912
      vertex -35.6 -55.2066 50.3912
    endloop
  endfacet
  facet normal 0 -0.321039 -0.947066
    outer loop
      vertex -38 -55.7412 51.9659
      vertex -35.6 -55.6173 51.9239
      vertex -35.6 -55.7412 51.9659
    endloop
  endfacet
  facet normal -0 -0.321039 -0.947066
    outer loop
      vertex -35.6 -55.6173 51.9239
      vertex -38 -55.7412 51.9659
      vertex -38 -55.6173 51.9239
    endloop
  endfacet
  facet normal 0 0.896709 -0.442621
    outer loop
      vertex -35.6 -56.9239 51.3827
      vertex -38 -56.866 51.5
      vertex -35.6 -56.866 51.5
    endloop
  endfacet
  facet normal 0 0.896709 -0.442621
    outer loop
      vertex -38 -56.866 51.5
      vertex -35.6 -56.9239 51.3827
      vertex -38 -56.9239 51.3827
    endloop
  endfacet
  facet normal 0 0.831815 0.555053
    outer loop
      vertex -35.6 -56.7934 50.3912
      vertex -38 -56.866 50.5
      vertex -35.6 -56.866 50.5
    endloop
  endfacet
  facet normal 0 0.831815 0.555053
    outer loop
      vertex -38 -56.866 50.5
      vertex -35.6 -56.7934 50.3912
      vertex -38 -56.7934 50.3912
    endloop
  endfacet
  facet normal 0 0.751486 0.659749
    outer loop
      vertex -35.6 -56.7071 50.2929
      vertex -38 -56.7934 50.3912
      vertex -35.6 -56.7934 50.3912
    endloop
  endfacet
  facet normal 0 0.751486 0.659749
    outer loop
      vertex -38 -56.7934 50.3912
      vertex -35.6 -56.7071 50.2929
      vertex -38 -56.7071 50.2929
    endloop
  endfacet
  facet normal -0 0.442621 0.896709
    outer loop
      vertex -38 -56.3827 50.0761
      vertex -35.6 -56.5 50.134
      vertex -35.6 -56.3827 50.0761
    endloop
  endfacet
  facet normal 0 0.442621 0.896709
    outer loop
      vertex -35.6 -56.5 50.134
      vertex -38 -56.3827 50.0761
      vertex -38 -56.5 50.134
    endloop
  endfacet
  facet normal -0 0.659749 0.751486
    outer loop
      vertex -38 -56.6088 50.2066
      vertex -35.6 -56.7071 50.2929
      vertex -35.6 -56.6088 50.2066
    endloop
  endfacet
  facet normal 0 0.659749 0.751486
    outer loop
      vertex -35.6 -56.7071 50.2929
      vertex -38 -56.6088 50.2066
      vertex -38 -56.7071 50.2929
    endloop
  endfacet
  facet normal 0 0.947066 -0.321039
    outer loop
      vertex -35.6 -56.9659 51.2588
      vertex -38 -56.9239 51.3827
      vertex -35.6 -56.9239 51.3827
    endloop
  endfacet
  facet normal 0 0.947066 -0.321039
    outer loop
      vertex -38 -56.9239 51.3827
      vertex -35.6 -56.9659 51.2588
      vertex -38 -56.9659 51.2588
    endloop
  endfacet
  facet normal 0 0.997836 0.0657577
    outer loop
      vertex -35.6 -56.9914 50.8695
      vertex -38 -57 51
      vertex -35.6 -57 51
    endloop
  endfacet
  facet normal 0 0.997836 0.0657577
    outer loop
      vertex -38 -57 51
      vertex -35.6 -56.9914 50.8695
      vertex -38 -56.9914 50.8695
    endloop
  endfacet
  facet normal 0 -0.442621 -0.896709
    outer loop
      vertex -38 -55.6173 51.9239
      vertex -35.6 -55.5 51.866
      vertex -35.6 -55.6173 51.9239
    endloop
  endfacet
  facet normal -0 -0.442621 -0.896709
    outer loop
      vertex -35.6 -55.5 51.866
      vertex -38 -55.6173 51.9239
      vertex -38 -55.5 51.866
    endloop
  endfacet
  facet normal -0 0.19494 0.980815
    outer loop
      vertex -38 -56.1305 50.0086
      vertex -35.6 -56.2588 50.0341
      vertex -35.6 -56.1305 50.0086
    endloop
  endfacet
  facet normal 0 0.19494 0.980815
    outer loop
      vertex -35.6 -56.2588 50.0341
      vertex -38 -56.1305 50.0086
      vertex -38 -56.2588 50.0341
    endloop
  endfacet
  facet normal 0 -0.19494 -0.980815
    outer loop
      vertex -38 -55.8695 51.9914
      vertex -35.6 -55.7412 51.9659
      vertex -35.6 -55.8695 51.9914
    endloop
  endfacet
  facet normal -0 -0.19494 -0.980815
    outer loop
      vertex -35.6 -55.7412 51.9659
      vertex -38 -55.8695 51.9914
      vertex -38 -55.7412 51.9659
    endloop
  endfacet
  facet normal 0 0.947066 0.321039
    outer loop
      vertex -35.6 -56.9239 50.6173
      vertex -38 -56.9659 50.7412
      vertex -35.6 -56.9659 50.7412
    endloop
  endfacet
  facet normal 0 0.947066 0.321039
    outer loop
      vertex -38 -56.9659 50.7412
      vertex -35.6 -56.9239 50.6173
      vertex -38 -56.9239 50.6173
    endloop
  endfacet
  facet normal 0 -0.555053 -0.831815
    outer loop
      vertex -38 -55.5 51.866
      vertex -35.6 -55.3912 51.7934
      vertex -35.6 -55.5 51.866
    endloop
  endfacet
  facet normal -0 -0.555053 -0.831815
    outer loop
      vertex -35.6 -55.3912 51.7934
      vertex -38 -55.5 51.866
      vertex -38 -55.3912 51.7934
    endloop
  endfacet
  facet normal 0 -0.947066 -0.321039
    outer loop
      vertex -38 -55.0341 51.2588
      vertex -35.6 -55.0761 51.3827
      vertex -38 -55.0761 51.3827
    endloop
  endfacet
  facet normal 0 -0.947066 -0.321039
    outer loop
      vertex -35.6 -55.0761 51.3827
      vertex -38 -55.0341 51.2588
      vertex -35.6 -55.0341 51.2588
    endloop
  endfacet
  facet normal 0 0.997836 -0.0657577
    outer loop
      vertex -35.6 -57 51
      vertex -38 -56.9914 51.1305
      vertex -35.6 -56.9914 51.1305
    endloop
  endfacet
  facet normal 0 0.997836 -0.0657577
    outer loop
      vertex -38 -56.9914 51.1305
      vertex -35.6 -57 51
      vertex -38 -57 51
    endloop
  endfacet
  facet normal 0 0.0657577 -0.997836
    outer loop
      vertex -38 -56.1305 51.9914
      vertex -35.6 -56 52
      vertex -35.6 -56.1305 51.9914
    endloop
  endfacet
  facet normal 0 0.0657577 -0.997836
    outer loop
      vertex -35.6 -56 52
      vertex -38 -56.1305 51.9914
      vertex -38 -56 52
    endloop
  endfacet
  facet normal 0 -0.0657577 0.997836
    outer loop
      vertex -38 -55.8695 50.0086
      vertex -35.6 -56 50
      vertex -35.6 -55.8695 50.0086
    endloop
  endfacet
  facet normal 0 -0.0657577 0.997836
    outer loop
      vertex -35.6 -56 50
      vertex -38 -55.8695 50.0086
      vertex -38 -56 50
    endloop
  endfacet
  facet normal 0 -0.947066 0.321039
    outer loop
      vertex -38 -55.0761 50.6173
      vertex -35.6 -55.0341 50.7412
      vertex -38 -55.0341 50.7412
    endloop
  endfacet
  facet normal 0 -0.947066 0.321039
    outer loop
      vertex -35.6 -55.0341 50.7412
      vertex -38 -55.0761 50.6173
      vertex -35.6 -55.0761 50.6173
    endloop
  endfacet
  facet normal 0 0.751486 -0.659749
    outer loop
      vertex -35.6 -56.7934 51.6088
      vertex -38 -56.7071 51.7071
      vertex -35.6 -56.7071 51.7071
    endloop
  endfacet
  facet normal 0 0.751486 -0.659749
    outer loop
      vertex -38 -56.7071 51.7071
      vertex -35.6 -56.7934 51.6088
      vertex -38 -56.7934 51.6088
    endloop
  endfacet
  facet normal 0 0.19494 -0.980815
    outer loop
      vertex -38 -64.2588 51.9659
      vertex -35.6 -64.1305 51.9914
      vertex -35.6 -64.2588 51.9659
    endloop
  endfacet
  facet normal 0 0.19494 -0.980815
    outer loop
      vertex -35.6 -64.1305 51.9914
      vertex -38 -64.2588 51.9659
      vertex -38 -64.1305 51.9914
    endloop
  endfacet
  facet normal 0 -0.19494 0.980815
    outer loop
      vertex -38 -63.7412 50.0341
      vertex -35.6 -63.8695 50.0086
      vertex -35.6 -63.7412 50.0341
    endloop
  endfacet
  facet normal 0 -0.19494 0.980815
    outer loop
      vertex -35.6 -63.8695 50.0086
      vertex -38 -63.7412 50.0341
      vertex -38 -63.8695 50.0086
    endloop
  endfacet
  facet normal -0 0.555053 0.831815
    outer loop
      vertex -38 -64.5 50.134
      vertex -35.6 -64.6088 50.2066
      vertex -35.6 -64.5 50.134
    endloop
  endfacet
  facet normal 0 0.555053 0.831815
    outer loop
      vertex -35.6 -64.6088 50.2066
      vertex -38 -64.5 50.134
      vertex -38 -64.6088 50.2066
    endloop
  endfacet
  facet normal 0 0.997836 -0.0657577
    outer loop
      vertex -35.6 -65 51
      vertex -38 -64.9914 51.1305
      vertex -35.6 -64.9914 51.1305
    endloop
  endfacet
  facet normal 0 0.997836 -0.0657577
    outer loop
      vertex -38 -64.9914 51.1305
      vertex -35.6 -65 51
      vertex -38 -65 51
    endloop
  endfacet
  facet normal 0 -0.997836 -0.0657577
    outer loop
      vertex -38 -63 51
      vertex -35.6 -63.0086 51.1305
      vertex -38 -63.0086 51.1305
    endloop
  endfacet
  facet normal 0 -0.997836 -0.0657577
    outer loop
      vertex -35.6 -63.0086 51.1305
      vertex -38 -63 51
      vertex -35.6 -63 51
    endloop
  endfacet
  facet normal 0 0.555053 -0.831815
    outer loop
      vertex -38 -64.6088 51.7934
      vertex -35.6 -64.5 51.866
      vertex -35.6 -64.6088 51.7934
    endloop
  endfacet
  facet normal 0 0.555053 -0.831815
    outer loop
      vertex -35.6 -64.5 51.866
      vertex -38 -64.6088 51.7934
      vertex -38 -64.5 51.866
    endloop
  endfacet
  facet normal 0 -0.659749 0.751486
    outer loop
      vertex -38 -63.2929 50.2929
      vertex -35.6 -63.3912 50.2066
      vertex -35.6 -63.2929 50.2929
    endloop
  endfacet
  facet normal 0 -0.659749 0.751486
    outer loop
      vertex -35.6 -63.3912 50.2066
      vertex -38 -63.2929 50.2929
      vertex -38 -63.3912 50.2066
    endloop
  endfacet
  facet normal 0 -0.997836 0.0657577
    outer loop
      vertex -38 -63.0086 50.8695
      vertex -35.6 -63 51
      vertex -38 -63 51
    endloop
  endfacet
  facet normal 0 -0.997836 0.0657577
    outer loop
      vertex -35.6 -63 51
      vertex -38 -63.0086 50.8695
      vertex -35.6 -63.0086 50.8695
    endloop
  endfacet
  facet normal 0 0.980815 0.19494
    outer loop
      vertex -35.6 -64.9659 50.7412
      vertex -38 -64.9914 50.8695
      vertex -35.6 -64.9914 50.8695
    endloop
  endfacet
  facet normal 0 0.980815 0.19494
    outer loop
      vertex -38 -64.9914 50.8695
      vertex -35.6 -64.9659 50.7412
      vertex -38 -64.9659 50.7412
    endloop
  endfacet
  facet normal 0 -0.0657577 -0.997836
    outer loop
      vertex -38 -64 52
      vertex -35.6 -63.8695 51.9914
      vertex -35.6 -64 52
    endloop
  endfacet
  facet normal -0 -0.0657577 -0.997836
    outer loop
      vertex -35.6 -63.8695 51.9914
      vertex -38 -64 52
      vertex -38 -63.8695 51.9914
    endloop
  endfacet
  facet normal 0 -0.442621 0.896709
    outer loop
      vertex -38 -63.5 50.134
      vertex -35.6 -63.6173 50.0761
      vertex -35.6 -63.5 50.134
    endloop
  endfacet
  facet normal 0 -0.442621 0.896709
    outer loop
      vertex -35.6 -63.6173 50.0761
      vertex -38 -63.5 50.134
      vertex -38 -63.6173 50.0761
    endloop
  endfacet
  facet normal 0 -0.555053 0.831815
    outer loop
      vertex -38 -63.3912 50.2066
      vertex -35.6 -63.5 50.134
      vertex -35.6 -63.3912 50.2066
    endloop
  endfacet
  facet normal 0 -0.555053 0.831815
    outer loop
      vertex -35.6 -63.5 50.134
      vertex -38 -63.3912 50.2066
      vertex -38 -63.5 50.134
    endloop
  endfacet
  facet normal 0 0.831815 -0.555053
    outer loop
      vertex -35.6 -64.866 51.5
      vertex -38 -64.7934 51.6088
      vertex -35.6 -64.7934 51.6088
    endloop
  endfacet
  facet normal 0 0.831815 -0.555053
    outer loop
      vertex -38 -64.7934 51.6088
      vertex -35.6 -64.866 51.5
      vertex -38 -64.866 51.5
    endloop
  endfacet
  facet normal 0 -0.896709 0.442621
    outer loop
      vertex -38 -63.134 50.5
      vertex -35.6 -63.0761 50.6173
      vertex -38 -63.0761 50.6173
    endloop
  endfacet
  facet normal 0 -0.896709 0.442621
    outer loop
      vertex -35.6 -63.0761 50.6173
      vertex -38 -63.134 50.5
      vertex -35.6 -63.134 50.5
    endloop
  endfacet
  facet normal 0 -0.980815 -0.19494
    outer loop
      vertex -38 -63.0086 51.1305
      vertex -35.6 -63.0341 51.2588
      vertex -38 -63.0341 51.2588
    endloop
  endfacet
  facet normal 0 -0.980815 -0.19494
    outer loop
      vertex -35.6 -63.0341 51.2588
      vertex -38 -63.0086 51.1305
      vertex -35.6 -63.0086 51.1305
    endloop
  endfacet
  facet normal 0 -0.896709 -0.442621
    outer loop
      vertex -38 -63.0761 51.3827
      vertex -35.6 -63.134 51.5
      vertex -38 -63.134 51.5
    endloop
  endfacet
  facet normal 0 -0.896709 -0.442621
    outer loop
      vertex -35.6 -63.134 51.5
      vertex -38 -63.0761 51.3827
      vertex -35.6 -63.0761 51.3827
    endloop
  endfacet
  facet normal 0 0.442621 -0.896709
    outer loop
      vertex -38 -64.5 51.866
      vertex -35.6 -64.3827 51.9239
      vertex -35.6 -64.5 51.866
    endloop
  endfacet
  facet normal 0 0.442621 -0.896709
    outer loop
      vertex -35.6 -64.3827 51.9239
      vertex -38 -64.5 51.866
      vertex -38 -64.3827 51.9239
    endloop
  endfacet
  facet normal 0 -0.751486 0.659749
    outer loop
      vertex -38 -63.2929 50.2929
      vertex -35.6 -63.2066 50.3912
      vertex -38 -63.2066 50.3912
    endloop
  endfacet
  facet normal 0 -0.751486 0.659749
    outer loop
      vertex -35.6 -63.2066 50.3912
      vertex -38 -63.2929 50.2929
      vertex -35.6 -63.2929 50.2929
    endloop
  endfacet
  facet normal 0 -0.831815 -0.555053
    outer loop
      vertex -38 -63.134 51.5
      vertex -35.6 -63.2066 51.6088
      vertex -38 -63.2066 51.6088
    endloop
  endfacet
  facet normal 0 -0.831815 -0.555053
    outer loop
      vertex -35.6 -63.2066 51.6088
      vertex -38 -63.134 51.5
      vertex -35.6 -63.134 51.5
    endloop
  endfacet
  facet normal 0 0.980815 -0.19494
    outer loop
      vertex -35.6 -64.9914 51.1305
      vertex -38 -64.9659 51.2588
      vertex -35.6 -64.9659 51.2588
    endloop
  endfacet
  facet normal 0 0.980815 -0.19494
    outer loop
      vertex -38 -64.9659 51.2588
      vertex -35.6 -64.9914 51.1305
      vertex -38 -64.9914 51.1305
    endloop
  endfacet
  facet normal 0 0.659749 -0.751486
    outer loop
      vertex -38 -64.7071 51.7071
      vertex -35.6 -64.6088 51.7934
      vertex -35.6 -64.7071 51.7071
    endloop
  endfacet
  facet normal 0 0.659749 -0.751486
    outer loop
      vertex -35.6 -64.6088 51.7934
      vertex -38 -64.7071 51.7071
      vertex -38 -64.6088 51.7934
    endloop
  endfacet
  facet normal 0 -0.980815 0.19494
    outer loop
      vertex -38 -63.0341 50.7412
      vertex -35.6 -63.0086 50.8695
      vertex -38 -63.0086 50.8695
    endloop
  endfacet
  facet normal 0 -0.980815 0.19494
    outer loop
      vertex -35.6 -63.0086 50.8695
      vertex -38 -63.0341 50.7412
      vertex -35.6 -63.0341 50.7412
    endloop
  endfacet
  facet normal 0 0.896709 0.442621
    outer loop
      vertex -35.6 -64.866 50.5
      vertex -38 -64.9239 50.6173
      vertex -35.6 -64.9239 50.6173
    endloop
  endfacet
  facet normal 0 0.896709 0.442621
    outer loop
      vertex -38 -64.9239 50.6173
      vertex -35.6 -64.866 50.5
      vertex -38 -64.866 50.5
    endloop
  endfacet
  facet normal -0 0.0657577 0.997836
    outer loop
      vertex -38 -64 50
      vertex -35.6 -64.1305 50.0086
      vertex -35.6 -64 50
    endloop
  endfacet
  facet normal 0 0.0657577 0.997836
    outer loop
      vertex -35.6 -64.1305 50.0086
      vertex -38 -64 50
      vertex -38 -64.1305 50.0086
    endloop
  endfacet
  facet normal 0 -0.321039 0.947066
    outer loop
      vertex -38 -63.6173 50.0761
      vertex -35.6 -63.7412 50.0341
      vertex -35.6 -63.6173 50.0761
    endloop
  endfacet
  facet normal 0 -0.321039 0.947066
    outer loop
      vertex -35.6 -63.7412 50.0341
      vertex -38 -63.6173 50.0761
      vertex -38 -63.7412 50.0341
    endloop
  endfacet
  facet normal -0 0.321039 0.947066
    outer loop
      vertex -38 -64.2588 50.0341
      vertex -35.6 -64.3827 50.0761
      vertex -35.6 -64.2588 50.0341
    endloop
  endfacet
  facet normal 0 0.321039 0.947066
    outer loop
      vertex -35.6 -64.3827 50.0761
      vertex -38 -64.2588 50.0341
      vertex -38 -64.3827 50.0761
    endloop
  endfacet
  facet normal 0 -0.751486 -0.659749
    outer loop
      vertex -38 -63.2066 51.6088
      vertex -35.6 -63.2929 51.7071
      vertex -38 -63.2929 51.7071
    endloop
  endfacet
  facet normal 0 -0.751486 -0.659749
    outer loop
      vertex -35.6 -63.2929 51.7071
      vertex -38 -63.2066 51.6088
      vertex -35.6 -63.2066 51.6088
    endloop
  endfacet
  facet normal 0 -0.659749 -0.751486
    outer loop
      vertex -38 -63.3912 51.7934
      vertex -35.6 -63.2929 51.7071
      vertex -35.6 -63.3912 51.7934
    endloop
  endfacet
  facet normal -0 -0.659749 -0.751486
    outer loop
      vertex -35.6 -63.2929 51.7071
      vertex -38 -63.3912 51.7934
      vertex -38 -63.2929 51.7071
    endloop
  endfacet
  facet normal 0 0.321039 -0.947066
    outer loop
      vertex -38 -64.3827 51.9239
      vertex -35.6 -64.2588 51.9659
      vertex -35.6 -64.3827 51.9239
    endloop
  endfacet
  facet normal 0 0.321039 -0.947066
    outer loop
      vertex -35.6 -64.2588 51.9659
      vertex -38 -64.3827 51.9239
      vertex -38 -64.2588 51.9659
    endloop
  endfacet
  facet normal 0 -0.831815 0.555053
    outer loop
      vertex -38 -63.2066 50.3912
      vertex -35.6 -63.134 50.5
      vertex -38 -63.134 50.5
    endloop
  endfacet
  facet normal 0 -0.831815 0.555053
    outer loop
      vertex -35.6 -63.134 50.5
      vertex -38 -63.2066 50.3912
      vertex -35.6 -63.2066 50.3912
    endloop
  endfacet
  facet normal 0 -0.321039 -0.947066
    outer loop
      vertex -38 -63.7412 51.9659
      vertex -35.6 -63.6173 51.9239
      vertex -35.6 -63.7412 51.9659
    endloop
  endfacet
  facet normal -0 -0.321039 -0.947066
    outer loop
      vertex -35.6 -63.6173 51.9239
      vertex -38 -63.7412 51.9659
      vertex -38 -63.6173 51.9239
    endloop
  endfacet
  facet normal 0 0.896709 -0.442621
    outer loop
      vertex -35.6 -64.9239 51.3827
      vertex -38 -64.866 51.5
      vertex -35.6 -64.866 51.5
    endloop
  endfacet
  facet normal 0 0.896709 -0.442621
    outer loop
      vertex -38 -64.866 51.5
      vertex -35.6 -64.9239 51.3827
      vertex -38 -64.9239 51.3827
    endloop
  endfacet
  facet normal 0 0.831815 0.555053
    outer loop
      vertex -35.6 -64.7934 50.3912
      vertex -38 -64.866 50.5
      vertex -35.6 -64.866 50.5
    endloop
  endfacet
  facet normal 0 0.831815 0.555053
    outer loop
      vertex -38 -64.866 50.5
      vertex -35.6 -64.7934 50.3912
      vertex -38 -64.7934 50.3912
    endloop
  endfacet
  facet normal 0 0.751486 0.659749
    outer loop
      vertex -35.6 -64.7071 50.2929
      vertex -38 -64.7934 50.3912
      vertex -35.6 -64.7934 50.3912
    endloop
  endfacet
  facet normal 0 0.751486 0.659749
    outer loop
      vertex -38 -64.7934 50.3912
      vertex -35.6 -64.7071 50.2929
      vertex -38 -64.7071 50.2929
    endloop
  endfacet
  facet normal -0 0.442621 0.896709
    outer loop
      vertex -38 -64.3827 50.0761
      vertex -35.6 -64.5 50.134
      vertex -35.6 -64.3827 50.0761
    endloop
  endfacet
  facet normal 0 0.442621 0.896709
    outer loop
      vertex -35.6 -64.5 50.134
      vertex -38 -64.3827 50.0761
      vertex -38 -64.5 50.134
    endloop
  endfacet
  facet normal -0 0.659749 0.751486
    outer loop
      vertex -38 -64.6088 50.2066
      vertex -35.6 -64.7071 50.2929
      vertex -35.6 -64.6088 50.2066
    endloop
  endfacet
  facet normal 0 0.659749 0.751486
    outer loop
      vertex -35.6 -64.7071 50.2929
      vertex -38 -64.6088 50.2066
      vertex -38 -64.7071 50.2929
    endloop
  endfacet
  facet normal 0 0.947066 -0.321039
    outer loop
      vertex -35.6 -64.9659 51.2588
      vertex -38 -64.9239 51.3827
      vertex -35.6 -64.9239 51.3827
    endloop
  endfacet
  facet normal 0 0.947066 -0.321039
    outer loop
      vertex -38 -64.9239 51.3827
      vertex -35.6 -64.9659 51.2588
      vertex -38 -64.9659 51.2588
    endloop
  endfacet
  facet normal 0 0.997836 0.0657577
    outer loop
      vertex -35.6 -64.9914 50.8695
      vertex -38 -65 51
      vertex -35.6 -65 51
    endloop
  endfacet
  facet normal 0 0.997836 0.0657577
    outer loop
      vertex -38 -65 51
      vertex -35.6 -64.9914 50.8695
      vertex -38 -64.9914 50.8695
    endloop
  endfacet
  facet normal 0 -0.442621 -0.896709
    outer loop
      vertex -38 -63.6173 51.9239
      vertex -35.6 -63.5 51.866
      vertex -35.6 -63.6173 51.9239
    endloop
  endfacet
  facet normal -0 -0.442621 -0.896709
    outer loop
      vertex -35.6 -63.5 51.866
      vertex -38 -63.6173 51.9239
      vertex -38 -63.5 51.866
    endloop
  endfacet
  facet normal -0 0.19494 0.980815
    outer loop
      vertex -38 -64.1305 50.0086
      vertex -35.6 -64.2588 50.0341
      vertex -35.6 -64.1305 50.0086
    endloop
  endfacet
  facet normal 0 0.19494 0.980815
    outer loop
      vertex -35.6 -64.2588 50.0341
      vertex -38 -64.1305 50.0086
      vertex -38 -64.2588 50.0341
    endloop
  endfacet
  facet normal 0 -0.19494 -0.980815
    outer loop
      vertex -38 -63.8695 51.9914
      vertex -35.6 -63.7412 51.9659
      vertex -35.6 -63.8695 51.9914
    endloop
  endfacet
  facet normal -0 -0.19494 -0.980815
    outer loop
      vertex -35.6 -63.7412 51.9659
      vertex -38 -63.8695 51.9914
      vertex -38 -63.7412 51.9659
    endloop
  endfacet
  facet normal 0 0.947066 0.321039
    outer loop
      vertex -35.6 -64.9239 50.6173
      vertex -38 -64.9659 50.7412
      vertex -35.6 -64.9659 50.7412
    endloop
  endfacet
  facet normal 0 0.947066 0.321039
    outer loop
      vertex -38 -64.9659 50.7412
      vertex -35.6 -64.9239 50.6173
      vertex -38 -64.9239 50.6173
    endloop
  endfacet
  facet normal 0 -0.555053 -0.831815
    outer loop
      vertex -38 -63.5 51.866
      vertex -35.6 -63.3912 51.7934
      vertex -35.6 -63.5 51.866
    endloop
  endfacet
  facet normal -0 -0.555053 -0.831815
    outer loop
      vertex -35.6 -63.3912 51.7934
      vertex -38 -63.5 51.866
      vertex -38 -63.3912 51.7934
    endloop
  endfacet
  facet normal 0 -0.947066 -0.321039
    outer loop
      vertex -38 -63.0341 51.2588
      vertex -35.6 -63.0761 51.3827
      vertex -38 -63.0761 51.3827
    endloop
  endfacet
  facet normal 0 -0.947066 -0.321039
    outer loop
      vertex -35.6 -63.0761 51.3827
      vertex -38 -63.0341 51.2588
      vertex -35.6 -63.0341 51.2588
    endloop
  endfacet
  facet normal 0 0.0657577 -0.997836
    outer loop
      vertex -38 -64.1305 51.9914
      vertex -35.6 -64 52
      vertex -35.6 -64.1305 51.9914
    endloop
  endfacet
  facet normal 0 0.0657577 -0.997836
    outer loop
      vertex -35.6 -64 52
      vertex -38 -64.1305 51.9914
      vertex -38 -64 52
    endloop
  endfacet
  facet normal 0 -0.0657577 0.997836
    outer loop
      vertex -38 -63.8695 50.0086
      vertex -35.6 -64 50
      vertex -35.6 -63.8695 50.0086
    endloop
  endfacet
  facet normal 0 -0.0657577 0.997836
    outer loop
      vertex -35.6 -64 50
      vertex -38 -63.8695 50.0086
      vertex -38 -64 50
    endloop
  endfacet
  facet normal 0 -0.947066 0.321039
    outer loop
      vertex -38 -63.0761 50.6173
      vertex -35.6 -63.0341 50.7412
      vertex -38 -63.0341 50.7412
    endloop
  endfacet
  facet normal 0 -0.947066 0.321039
    outer loop
      vertex -35.6 -63.0341 50.7412
      vertex -38 -63.0761 50.6173
      vertex -35.6 -63.0761 50.6173
    endloop
  endfacet
  facet normal 0 0.751486 -0.659749
    outer loop
      vertex -35.6 -64.7934 51.6088
      vertex -38 -64.7071 51.7071
      vertex -35.6 -64.7071 51.7071
    endloop
  endfacet
  facet normal 0 0.751486 -0.659749
    outer loop
      vertex -38 -64.7071 51.7071
      vertex -35.6 -64.7934 51.6088
      vertex -38 -64.7934 51.6088
    endloop
  endfacet
  facet normal -1 0 0
    outer loop
      vertex 17.6 -36.6 0
      vertex 17.6 -5.6 2.4
      vertex 17.6 -5.6 0
    endloop
  endfacet
  facet normal -1 -0 0
    outer loop
      vertex 17.6 -5.6 2.4
      vertex 17.6 -36.6 0
      vertex 17.6 -36.6 2.4
    endloop
  endfacet
  facet normal 0 1 -0
    outer loop
      vertex 17.6 -36.6 0
      vertex -32.4 -36.6 2.4
      vertex 17.6 -36.6 2.4
    endloop
  endfacet
  facet normal 0 1 0
    outer loop
      vertex -32.4 -36.6 2.4
      vertex 17.6 -36.6 0
      vertex -32.4 -36.6 0
    endloop
  endfacet
  facet normal 0 -1 0
    outer loop
      vertex -32.4 -5.6 0
      vertex 17.6 -5.6 2.4
      vertex -32.4 -5.6 2.4
    endloop
  endfacet
  facet normal 0 -1 -0
    outer loop
      vertex 17.6 -5.6 2.4
      vertex -32.4 -5.6 0
      vertex 17.6 -5.6 0
    endloop
  endfacet
  facet normal 1 -0 0
    outer loop
      vertex -32.4 -36.6 2.4
      vertex -32.4 -5.6 0
      vertex -32.4 -5.6 2.4
    endloop
  endfacet
  facet normal 1 0 0
    outer loop
      vertex -32.4 -5.6 0
      vertex -32.4 -36.6 2.4
      vertex -32.4 -36.6 0
    endloop
  endfacet
  facet normal -1 0 0
    outer loop
      vertex 20.5 -54.5 0
      vertex 20.5 -42.5 2.4
      vertex 20.5 -42.5 0
    endloop
  endfacet
  facet normal -1 -0 0
    outer loop
      vertex 20.5 -42.5 2.4
      vertex 20.5 -54.5 0
      vertex 20.5 -54.5 2.4
    endloop
  endfacet
  facet normal 0 1 -0
    outer loop
      vertex 20.5 -54.5 0
      vertex -20.5 -54.5 2.4
      vertex 20.5 -54.5 2.4
    endloop
  endfacet
  facet normal 0 1 0
    outer loop
      vertex -20.5 -54.5 2.4
      vertex 20.5 -54.5 0
      vertex -20.5 -54.5 0
    endloop
  endfacet
  facet normal 0 -1 0
    outer loop
      vertex -20.5 -42.5 0
      vertex 20.5 -42.5 2.4
      vertex -20.5 -42.5 2.4
    endloop
  endfacet
  facet normal 0 -1 -0
    outer loop
      vertex 20.5 -42.5 2.4
      vertex -20.5 -42.5 0
      vertex 20.5 -42.5 0
    endloop
  endfacet
  facet normal 1 -0 0
    outer loop
      vertex -20.5 -54.5 2.4
      vertex -20.5 -42.5 0
      vertex -20.5 -42.5 2.4
    endloop
  endfacet
  facet normal 1 0 0
    outer loop
      vertex -20.5 -42.5 0
      vertex -20.5 -54.5 2.4
      vertex -20.5 -54.5 0
    endloop
  endfacet
  facet normal -1 0 0
    outer loop
      vertex 9 -74.5 1.9
      vertex 9 -59.5 2.4
      vertex 9 -59.5 1.9
    endloop
  endfacet
  facet normal -1 -0 0
    outer loop
      vertex 9 -59.5 2.4
      vertex 9 -74.5 1.9
      vertex 9 -74.5 2.4
    endloop
  endfacet
  facet normal 0 1 -0
    outer loop
      vertex 9 -74.5 1.9
      vertex -9 -74.5 2.4
      vertex 9 -74.5 2.4
    endloop
  endfacet
  facet normal 0 1 0
    outer loop
      vertex -9 -74.5 2.4
      vertex 9 -74.5 1.9
      vertex -9 -74.5 1.9
    endloop
  endfacet
  facet normal 0 -1 0
    outer loop
      vertex -9 -59.5 1.9
      vertex 9 -59.5 2.4
      vertex -9 -59.5 2.4
    endloop
  endfacet
  facet normal 0 -1 -0
    outer loop
      vertex 9 -59.5 2.4
      vertex -9 -59.5 1.9
      vertex 9 -59.5 1.9
    endloop
  endfacet
  facet normal 1 -0 0
    outer loop
      vertex -9 -74.5 2.4
      vertex -9 -59.5 1.9
      vertex -9 -59.5 2.4
    endloop
  endfacet
  facet normal 1 0 0
    outer loop
      vertex -9 -59.5 1.9
      vertex -9 -74.5 2.4
      vertex -9 -74.5 1.9
    endloop
  endfacet
  facet normal 0 -1 0
    outer loop
      vertex -11 -57.5 0
      vertex 11 -57.5 0.0899992
      vertex -11 -57.5 0.0899992
    endloop
  endfacet
  facet normal 0 -1 -0
    outer loop
      vertex 11 -57.5 0.0899992
      vertex -11 -57.5 0
      vertex 11 -57.5 0
    endloop
  endfacet
  facet normal 0 0.671011 -0.741448
    outer loop
      vertex 11 -76.5 0.0899992
      vertex -9 -74.5 1.9
      vertex 9 -74.5 1.9
    endloop
  endfacet
  facet normal 0 0.671011 -0.741448
    outer loop
      vertex -9 -74.5 1.9
      vertex 11 -76.5 0.0899992
      vertex -11 -76.5 0.0899992
    endloop
  endfacet
  facet normal -0.671011 0 -0.741448
    outer loop
      vertex 9 -74.5 1.9
      vertex 11 -57.5 0.0899992
      vertex 11 -76.5 0.0899992
    endloop
  endfacet
  facet normal -0.671011 0 -0.741448
    outer loop
      vertex 11 -57.5 0.0899992
      vertex 9 -74.5 1.9
      vertex 9 -59.5 1.9
    endloop
  endfacet
  facet normal 0.671011 0 -0.741448
    outer loop
      vertex -11 -76.5 0.0899992
      vertex -9 -59.5 1.9
      vertex -9 -74.5 1.9
    endloop
  endfacet
  facet normal 0.671011 0 -0.741448
    outer loop
      vertex -9 -59.5 1.9
      vertex -11 -76.5 0.0899992
      vertex -11 -57.5 0.0899992
    endloop
  endfacet
  facet normal 0 -0.671011 -0.741448
    outer loop
      vertex -9 -59.5 1.9
      vertex 11 -57.5 0.0899992
      vertex 9 -59.5 1.9
    endloop
  endfacet
  facet normal -0 -0.671011 -0.741448
    outer loop
      vertex 11 -57.5 0.0899992
      vertex -9 -59.5 1.9
      vertex -11 -57.5 0.0899992
    endloop
  endfacet
  facet normal 1 -0 0
    outer loop
      vertex -11 -76.5 0.0899992
      vertex -11 -57.5 0
      vertex -11 -57.5 0.0899992
    endloop
  endfacet
  facet normal 1 0 0
    outer loop
      vertex -11 -57.5 0
      vertex -11 -76.5 0.0899992
      vertex -11 -76.5 0
    endloop
  endfacet
  facet normal 0 1 -0
    outer loop
      vertex 11 -76.5 0
      vertex -11 -76.5 0.0899992
      vertex 11 -76.5 0.0899992
    endloop
  endfacet
  facet normal 0 1 0
    outer loop
      vertex -11 -76.5 0.0899992
      vertex 11 -76.5 0
      vertex -11 -76.5 0
    endloop
  endfacet
  facet normal -1 0 0
    outer loop
      vertex 11 -76.5 0
      vertex 11 -57.5 0.0899992
      vertex 11 -57.5 0
    endloop
  endfacet
  facet normal -1 -0 0
    outer loop
      vertex 11 -57.5 0.0899992
      vertex 11 -76.5 0
      vertex 11 -76.5 0.0899992
    endloop
  endfacet
  facet normal -0 0.442314 0.89686
    outer loop
      vertex 35.6 -68.7221 8.94254
      vertex 38 -69.25 9.20289
      vertex 38 -68.7221 8.94254
    endloop
  endfacet
  facet normal 0 0.442314 0.89686
    outer loop
      vertex 38 -69.25 9.20289
      vertex 35.6 -68.7221 8.94254
      vertex 35.6 -69.25 9.20289
    endloop
  endfacet
  facet normal 0 0.946936 0.321421
    outer loop
      vertex 38 -71.1575 11.3779
      vertex 35.6 -71.3467 11.9353
      vertex 38 -71.3467 11.9353
    endloop
  endfacet
  facet normal 0 0.946936 0.321421
    outer loop
      vertex 35.6 -71.3467 11.9353
      vertex 38 -71.1575 11.3779
      vertex 35.6 -71.1575 11.3779
    endloop
  endfacet
  facet normal 0 -0.896827 0.442382
    outer loop
      vertex 35.6 -63.1029 10.85
      vertex 38 -62.8425 11.3779
      vertex 35.6 -62.8425 11.3779
    endloop
  endfacet
  facet normal 0 -0.896827 0.442382
    outer loop
      vertex 38 -62.8425 11.3779
      vertex 35.6 -63.1029 10.85
      vertex 38 -63.1029 10.85
    endloop
  endfacet
  facet normal 0 -0.659308 0.751873
    outer loop
      vertex 35.6 -63.818 9.91802
      vertex 38 -64.2606 9.52991
      vertex 38 -63.818 9.91802
    endloop
  endfacet
  facet normal 0 -0.659308 0.751873
    outer loop
      vertex 38 -64.2606 9.52991
      vertex 35.6 -63.818 9.91802
      vertex 35.6 -64.2606 9.52991
    endloop
  endfacet
  facet normal 0 -0.321437 0.946931
    outer loop
      vertex 35.6 -65.2779 8.94254
      vertex 38 -65.8353 8.75333
      vertex 38 -65.2779 8.94254
    endloop
  endfacet
  facet normal 0 -0.321437 0.946931
    outer loop
      vertex 38 -65.8353 8.75333
      vertex 35.6 -65.2779 8.94254
      vertex 35.6 -65.8353 8.75333
    endloop
  endfacet
  facet normal 0 -0.555586 0.831459
    outer loop
      vertex 35.6 -64.2606 9.52991
      vertex 38 -64.75 9.20289
      vertex 38 -64.2606 9.52991
    endloop
  endfacet
  facet normal 0 -0.555586 0.831459
    outer loop
      vertex 38 -64.75 9.20289
      vertex 35.6 -64.2606 9.52991
      vertex 35.6 -64.75 9.20289
    endloop
  endfacet
  facet normal 0 0.831475 -0.555562
    outer loop
      vertex 38 -70.8971 20.95
      vertex 35.6 -70.5701 21.4394
      vertex 38 -70.5701 21.4394
    endloop
  endfacet
  facet normal 0 0.831475 -0.555562
    outer loop
      vertex 35.6 -70.5701 21.4394
      vertex 38 -70.8971 20.95
      vertex 35.6 -70.8971 20.95
    endloop
  endfacet
  facet normal 0 -0.195038 -0.980796
    outer loop
      vertex 35.6 -66.4126 23.1615
      vertex 38 -65.8353 23.0467
      vertex 38 -66.4126 23.1615
    endloop
  endfacet
  facet normal -0 -0.195038 -0.980796
    outer loop
      vertex 38 -65.8353 23.0467
      vertex 35.6 -66.4126 23.1615
      vertex 35.6 -65.8353 23.0467
    endloop
  endfacet
  facet normal -0 0.555586 0.831459
    outer loop
      vertex 35.6 -69.25 9.20289
      vertex 38 -69.7394 9.52991
      vertex 38 -69.25 9.20289
    endloop
  endfacet
  facet normal 0 0.555586 0.831459
    outer loop
      vertex 38 -69.7394 9.52991
      vertex 35.6 -69.25 9.20289
      vertex 35.6 -69.7394 9.52991
    endloop
  endfacet
  facet normal 0 0.896827 -0.442382
    outer loop
      vertex 38 -71.1575 20.4221
      vertex 35.6 -70.8971 20.95
      vertex 38 -70.8971 20.95
    endloop
  endfacet
  facet normal 0 0.896827 -0.442382
    outer loop
      vertex 35.6 -70.8971 20.95
      vertex 38 -71.1575 20.4221
      vertex 35.6 -71.1575 20.4221
    endloop
  endfacet
  facet normal -0 0.321437 0.946931
    outer loop
      vertex 35.6 -68.1647 8.75333
      vertex 38 -68.7221 8.94254
      vertex 38 -68.1647 8.75333
    endloop
  endfacet
  facet normal 0 0.321437 0.946931
    outer loop
      vertex 38 -68.7221 8.94254
      vertex 35.6 -68.1647 8.75333
      vertex 35.6 -68.7221 8.94254
    endloop
  endfacet
  facet normal 0 0.997859 0.0654027
    outer loop
      vertex 38 -71.4615 12.5126
      vertex 35.6 -71.5 13.1
      vertex 38 -71.5 13.1
    endloop
  endfacet
  facet normal 0 0.997859 0.0654027
    outer loop
      vertex 35.6 -71.5 13.1
      vertex 38 -71.4615 12.5126
      vertex 35.6 -71.4615 12.5126
    endloop
  endfacet
  facet normal 0 -0.195087 0.980786
    outer loop
      vertex 35.6 -65.8353 8.75333
      vertex 38 -66.4126 8.6385
      vertex 38 -65.8353 8.75333
    endloop
  endfacet
  facet normal 0 -0.195087 0.980786
    outer loop
      vertex 38 -66.4126 8.6385
      vertex 35.6 -65.8353 8.75333
      vertex 35.6 -66.4126 8.6385
    endloop
  endfacet
  facet normal -0 0.659308 0.751873
    outer loop
      vertex 35.6 -69.7394 9.52991
      vertex 38 -70.182 9.91802
      vertex 38 -69.7394 9.52991
    endloop
  endfacet
  facet normal 0 0.659308 0.751873
    outer loop
      vertex 38 -70.182 9.91802
      vertex 35.6 -69.7394 9.52991
      vertex 35.6 -70.182 9.91802
    endloop
  endfacet
  facet normal 0 -0.751867 0.659315
    outer loop
      vertex 35.6 -63.818 9.91802
      vertex 38 -63.4299 10.3606
      vertex 35.6 -63.4299 10.3606
    endloop
  endfacet
  facet normal 0 -0.751867 0.659315
    outer loop
      vertex 38 -63.4299 10.3606
      vertex 35.6 -63.818 9.91802
      vertex 38 -63.818 9.91802
    endloop
  endfacet
  facet normal 0 -0.659298 -0.751882
    outer loop
      vertex 35.6 -64.2606 22.2701
      vertex 38 -63.818 21.882
      vertex 38 -64.2606 22.2701
    endloop
  endfacet
  facet normal -0 -0.659298 -0.751882
    outer loop
      vertex 38 -63.818 21.882
      vertex 35.6 -64.2606 22.2701
      vertex 35.6 -63.818 21.882
    endloop
  endfacet
  facet normal 0 0.896827 0.442382
    outer loop
      vertex 38 -70.8971 10.85
      vertex 35.6 -71.1575 11.3779
      vertex 38 -71.1575 11.3779
    endloop
  endfacet
  facet normal 0 0.896827 0.442382
    outer loop
      vertex 35.6 -71.1575 11.3779
      vertex 38 -70.8971 10.85
      vertex 35.6 -70.8971 10.85
    endloop
  endfacet
  facet normal 0 -0.751882 -0.659298
    outer loop
      vertex 35.6 -63.4299 21.4394
      vertex 38 -63.818 21.882
      vertex 35.6 -63.818 21.882
    endloop
  endfacet
  facet normal 0 -0.751882 -0.659298
    outer loop
      vertex 38 -63.818 21.882
      vertex 35.6 -63.4299 21.4394
      vertex 38 -63.4299 21.4394
    endloop
  endfacet
  facet normal 0 -0.997859 0.0654027
    outer loop
      vertex 35.6 -62.5385 12.5126
      vertex 38 -62.5 13.1
      vertex 35.6 -62.5 13.1
    endloop
  endfacet
  facet normal 0 -0.997859 0.0654027
    outer loop
      vertex 38 -62.5 13.1
      vertex 35.6 -62.5385 12.5126
      vertex 38 -62.5385 12.5126
    endloop
  endfacet
  facet normal 0 0.980796 0.195038
    outer loop
      vertex 38 -71.3467 11.9353
      vertex 35.6 -71.4615 12.5126
      vertex 38 -71.4615 12.5126
    endloop
  endfacet
  facet normal 0 0.980796 0.195038
    outer loop
      vertex 35.6 -71.4615 12.5126
      vertex 38 -71.3467 11.9353
      vertex 35.6 -71.3467 11.9353
    endloop
  endfacet
  facet normal 0 0.195038 -0.980796
    outer loop
      vertex 35.6 -68.1647 23.0467
      vertex 38 -67.5874 23.1615
      vertex 38 -68.1647 23.0467
    endloop
  endfacet
  facet normal 0 0.195038 -0.980796
    outer loop
      vertex 38 -67.5874 23.1615
      vertex 35.6 -68.1647 23.0467
      vertex 35.6 -67.5874 23.1615
    endloop
  endfacet
  facet normal 0 -0.896827 -0.442382
    outer loop
      vertex 35.6 -62.8425 20.4221
      vertex 38 -63.1029 20.95
      vertex 35.6 -63.1029 20.95
    endloop
  endfacet
  facet normal 0 -0.896827 -0.442382
    outer loop
      vertex 38 -63.1029 20.95
      vertex 35.6 -62.8425 20.4221
      vertex 38 -62.8425 20.4221
    endloop
  endfacet
  facet normal 0 0.751867 0.659315
    outer loop
      vertex 38 -70.182 9.91802
      vertex 35.6 -70.5701 10.3606
      vertex 38 -70.5701 10.3606
    endloop
  endfacet
  facet normal 0 0.751867 0.659315
    outer loop
      vertex 35.6 -70.5701 10.3606
      vertex 38 -70.182 9.91802
      vertex 35.6 -70.182 9.91802
    endloop
  endfacet
  facet normal 0 -0.831475 -0.555562
    outer loop
      vertex 35.6 -63.1029 20.95
      vertex 38 -63.4299 21.4394
      vertex 35.6 -63.4299 21.4394
    endloop
  endfacet
  facet normal 0 -0.831475 -0.555562
    outer loop
      vertex 38 -63.4299 21.4394
      vertex 35.6 -63.1029 20.95
      vertex 38 -63.1029 20.95
    endloop
  endfacet
  facet normal -0 0.0654027 0.997859
    outer loop
      vertex 35.6 -67 8.6
      vertex 38 -67.5874 8.6385
      vertex 38 -67 8.6
    endloop
  endfacet
  facet normal 0 0.0654027 0.997859
    outer loop
      vertex 38 -67.5874 8.6385
      vertex 35.6 -67 8.6
      vertex 35.6 -67.5874 8.6385
    endloop
  endfacet
  facet normal 0 0.442382 -0.896827
    outer loop
      vertex 35.6 -69.25 22.5971
      vertex 38 -68.7221 22.8575
      vertex 38 -69.25 22.5971
    endloop
  endfacet
  facet normal 0 0.442382 -0.896827
    outer loop
      vertex 38 -68.7221 22.8575
      vertex 35.6 -69.25 22.5971
      vertex 35.6 -68.7221 22.8575
    endloop
  endfacet
  facet normal 0 -0.0654027 0.997859
    outer loop
      vertex 35.6 -66.4126 8.6385
      vertex 38 -67 8.6
      vertex 38 -66.4126 8.6385
    endloop
  endfacet
  facet normal 0 -0.0654027 0.997859
    outer loop
      vertex 38 -67 8.6
      vertex 35.6 -66.4126 8.6385
      vertex 35.6 -67 8.6
    endloop
  endfacet
  facet normal 0 0.980796 -0.195038
    outer loop
      vertex 38 -71.4615 19.2874
      vertex 35.6 -71.3467 19.8647
      vertex 38 -71.3467 19.8647
    endloop
  endfacet
  facet normal 0 0.980796 -0.195038
    outer loop
      vertex 35.6 -71.3467 19.8647
      vertex 38 -71.4615 19.2874
      vertex 35.6 -71.4615 19.2874
    endloop
  endfacet
  facet normal 0 0.751882 -0.659298
    outer loop
      vertex 38 -70.5701 21.4394
      vertex 35.6 -70.182 21.882
      vertex 38 -70.182 21.882
    endloop
  endfacet
  facet normal 0 0.751882 -0.659298
    outer loop
      vertex 35.6 -70.182 21.882
      vertex 38 -70.5701 21.4394
      vertex 35.6 -70.5701 21.4394
    endloop
  endfacet
  facet normal 0 0.997859 -0.0654027
    outer loop
      vertex 38 -71.5 18.7
      vertex 35.6 -71.4615 19.2874
      vertex 38 -71.4615 19.2874
    endloop
  endfacet
  facet normal 0 0.997859 -0.0654027
    outer loop
      vertex 35.6 -71.4615 19.2874
      vertex 38 -71.5 18.7
      vertex 35.6 -71.5 18.7
    endloop
  endfacet
  facet normal 0 0.946936 -0.321421
    outer loop
      vertex 38 -71.3467 19.8647
      vertex 35.6 -71.1575 20.4221
      vertex 38 -71.1575 20.4221
    endloop
  endfacet
  facet normal 0 0.946936 -0.321421
    outer loop
      vertex 35.6 -71.1575 20.4221
      vertex 38 -71.3467 19.8647
      vertex 35.6 -71.3467 19.8647
    endloop
  endfacet
  facet normal -0 0.195087 0.980786
    outer loop
      vertex 35.6 -67.5874 8.6385
      vertex 38 -68.1647 8.75333
      vertex 38 -67.5874 8.6385
    endloop
  endfacet
  facet normal 0 0.195087 0.980786
    outer loop
      vertex 38 -68.1647 8.75333
      vertex 35.6 -67.5874 8.6385
      vertex 35.6 -68.1647 8.75333
    endloop
  endfacet
  facet normal 0 -0.442314 0.89686
    outer loop
      vertex 35.6 -64.75 9.20289
      vertex 38 -65.2779 8.94254
      vertex 38 -64.75 9.20289
    endloop
  endfacet
  facet normal 0 -0.442314 0.89686
    outer loop
      vertex 38 -65.2779 8.94254
      vertex 35.6 -64.75 9.20289
      vertex 35.6 -65.2779 8.94254
    endloop
  endfacet
  facet normal 0 1 -0
    outer loop
      vertex 38 -71.5 13.1
      vertex 35.6 -71.5 18.7
      vertex 38 -71.5 18.7
    endloop
  endfacet
  facet normal 0 1 0
    outer loop
      vertex 35.6 -71.5 18.7
      vertex 38 -71.5 13.1
      vertex 35.6 -71.5 13.1
    endloop
  endfacet
  facet normal 0 -0.997859 -0.0654027
    outer loop
      vertex 35.6 -62.5 18.7
      vertex 38 -62.5385 19.2874
      vertex 35.6 -62.5385 19.2874
    endloop
  endfacet
  facet normal 0 -0.997859 -0.0654027
    outer loop
      vertex 38 -62.5385 19.2874
      vertex 35.6 -62.5 18.7
      vertex 38 -62.5 18.7
    endloop
  endfacet
  facet normal 0 -0.831475 0.555562
    outer loop
      vertex 35.6 -63.4299 10.3606
      vertex 38 -63.1029 10.85
      vertex 35.6 -63.1029 10.85
    endloop
  endfacet
  facet normal 0 -0.831475 0.555562
    outer loop
      vertex 38 -63.1029 10.85
      vertex 35.6 -63.4299 10.3606
      vertex 38 -63.4299 10.3606
    endloop
  endfacet
  facet normal 0 -0.555562 -0.831475
    outer loop
      vertex 35.6 -64.75 22.5971
      vertex 38 -64.2606 22.2701
      vertex 38 -64.75 22.5971
    endloop
  endfacet
  facet normal -0 -0.555562 -0.831475
    outer loop
      vertex 38 -64.2606 22.2701
      vertex 35.6 -64.75 22.5971
      vertex 35.6 -64.2606 22.2701
    endloop
  endfacet
  facet normal 0 0.831475 0.555562
    outer loop
      vertex 38 -70.5701 10.3606
      vertex 35.6 -70.8971 10.85
      vertex 38 -70.8971 10.85
    endloop
  endfacet
  facet normal 0 0.831475 0.555562
    outer loop
      vertex 35.6 -70.8971 10.85
      vertex 38 -70.5701 10.3606
      vertex 35.6 -70.5701 10.3606
    endloop
  endfacet
  facet normal 0 0.321421 -0.946936
    outer loop
      vertex 35.6 -68.7221 22.8575
      vertex 38 -68.1647 23.0467
      vertex 38 -68.7221 22.8575
    endloop
  endfacet
  facet normal 0 0.321421 -0.946936
    outer loop
      vertex 38 -68.1647 23.0467
      vertex 35.6 -68.7221 22.8575
      vertex 35.6 -68.1647 23.0467
    endloop
  endfacet
  facet normal 0 -0.0654027 -0.997859
    outer loop
      vertex 35.6 -67 23.2
      vertex 38 -66.4126 23.1615
      vertex 38 -67 23.2
    endloop
  endfacet
  facet normal -0 -0.0654027 -0.997859
    outer loop
      vertex 38 -66.4126 23.1615
      vertex 35.6 -67 23.2
      vertex 35.6 -66.4126 23.1615
    endloop
  endfacet
  facet normal 0 0.555562 -0.831475
    outer loop
      vertex 35.6 -69.7394 22.2701
      vertex 38 -69.25 22.5971
      vertex 38 -69.7394 22.2701
    endloop
  endfacet
  facet normal 0 0.555562 -0.831475
    outer loop
      vertex 38 -69.25 22.5971
      vertex 35.6 -69.7394 22.2701
      vertex 35.6 -69.25 22.5971
    endloop
  endfacet
  facet normal 0 -0.946936 -0.321421
    outer loop
      vertex 35.6 -62.6533 19.8647
      vertex 38 -62.8425 20.4221
      vertex 35.6 -62.8425 20.4221
    endloop
  endfacet
  facet normal 0 -0.946936 -0.321421
    outer loop
      vertex 38 -62.8425 20.4221
      vertex 35.6 -62.6533 19.8647
      vertex 38 -62.6533 19.8647
    endloop
  endfacet
  facet normal 0 -0.980796 -0.195038
    outer loop
      vertex 35.6 -62.5385 19.2874
      vertex 38 -62.6533 19.8647
      vertex 35.6 -62.6533 19.8647
    endloop
  endfacet
  facet normal 0 -0.980796 -0.195038
    outer loop
      vertex 38 -62.6533 19.8647
      vertex 35.6 -62.5385 19.2874
      vertex 38 -62.5385 19.2874
    endloop
  endfacet
  facet normal 0 -0.321421 -0.946936
    outer loop
      vertex 35.6 -65.8353 23.0467
      vertex 38 -65.2779 22.8575
      vertex 38 -65.8353 23.0467
    endloop
  endfacet
  facet normal -0 -0.321421 -0.946936
    outer loop
      vertex 38 -65.2779 22.8575
      vertex 35.6 -65.8353 23.0467
      vertex 35.6 -65.2779 22.8575
    endloop
  endfacet
  facet normal 0 -0.980796 0.195038
    outer loop
      vertex 35.6 -62.6533 11.9353
      vertex 38 -62.5385 12.5126
      vertex 35.6 -62.5385 12.5126
    endloop
  endfacet
  facet normal 0 -0.980796 0.195038
    outer loop
      vertex 38 -62.5385 12.5126
      vertex 35.6 -62.6533 11.9353
      vertex 38 -62.6533 11.9353
    endloop
  endfacet
  facet normal 0 -0.946936 0.321421
    outer loop
      vertex 35.6 -62.8425 11.3779
      vertex 38 -62.6533 11.9353
      vertex 35.6 -62.6533 11.9353
    endloop
  endfacet
  facet normal 0 -0.946936 0.321421
    outer loop
      vertex 38 -62.6533 11.9353
      vertex 35.6 -62.8425 11.3779
      vertex 38 -62.8425 11.3779
    endloop
  endfacet
  facet normal 0 -0.442382 -0.896827
    outer loop
      vertex 35.6 -65.2779 22.8575
      vertex 38 -64.75 22.5971
      vertex 38 -65.2779 22.8575
    endloop
  endfacet
  facet normal -0 -0.442382 -0.896827
    outer loop
      vertex 38 -64.75 22.5971
      vertex 35.6 -65.2779 22.8575
      vertex 35.6 -64.75 22.5971
    endloop
  endfacet
  facet normal 0 -1 0
    outer loop
      vertex 35.6 -62.5 13.1
      vertex 38 -62.5 18.7
      vertex 35.6 -62.5 18.7
    endloop
  endfacet
  facet normal 0 -1 -0
    outer loop
      vertex 38 -62.5 18.7
      vertex 35.6 -62.5 13.1
      vertex 38 -62.5 13.1
    endloop
  endfacet
  facet normal 0 0.659298 -0.751882
    outer loop
      vertex 35.6 -70.182 21.882
      vertex 38 -69.7394 22.2701
      vertex 38 -70.182 21.882
    endloop
  endfacet
  facet normal 0 0.659298 -0.751882
    outer loop
      vertex 38 -69.7394 22.2701
      vertex 35.6 -70.182 21.882
      vertex 35.6 -69.7394 22.2701
    endloop
  endfacet
  facet normal 0 0.0654027 -0.997859
    outer loop
      vertex 35.6 -67.5874 23.1615
      vertex 38 -67 23.2
      vertex 38 -67.5874 23.1615
    endloop
  endfacet
  facet normal 0 0.0654027 -0.997859
    outer loop
      vertex 38 -67 23.2
      vertex 35.6 -67.5874 23.1615
      vertex 35.6 -67 23.2
    endloop
  endfacet
  facet normal -0.19494 0 -0.980815
    outer loop
      vertex 20.3916 -84 59.9743
      vertex 20.7765 -81 59.8978
      vertex 20.7765 -84 59.8978
    endloop
  endfacet
  facet normal -0.19494 0 -0.980815
    outer loop
      vertex 20.7765 -81 59.8978
      vertex 20.3916 -84 59.9743
      vertex 20.3916 -81 59.9743
    endloop
  endfacet
  facet normal -0.0654873 0 -0.997853
    outer loop
      vertex 20 -84 60
      vertex 20.3916 -81 59.9743
      vertex 20.3916 -84 59.9743
    endloop
  endfacet
  facet normal -0.0654873 0 -0.997853
    outer loop
      vertex 20.3916 -81 59.9743
      vertex 20 -84 60
      vertex 20 -81 60
    endloop
  endfacet
  facet normal -0.19494 0 0.980815
    outer loop
      vertex 20.3916 -81 52.0257
      vertex 20.7765 -84 52.1022
      vertex 20.7765 -81 52.1022
    endloop
  endfacet
  facet normal -0.19494 0 0.980815
    outer loop
      vertex 20.7765 -84 52.1022
      vertex 20.3916 -81 52.0257
      vertex 20.3916 -84 52.0257
    endloop
  endfacet
  facet normal 0.19494 0 -0.980815
    outer loop
      vertex 15.2235 -84 59.8978
      vertex 15.6084 -81 59.9743
      vertex 15.6084 -84 59.9743
    endloop
  endfacet
  facet normal 0.19494 0 -0.980815
    outer loop
      vertex 15.6084 -81 59.9743
      vertex 15.2235 -84 59.8978
      vertex 15.2235 -81 59.8978
    endloop
  endfacet
  facet normal 0.896961 0 -0.44211
    outer loop
      vertex 13.4019 -84 58.5
      vertex 13.2284 -81 58.148
      vertex 13.4019 -81 58.5
    endloop
  endfacet
  facet normal 0.896961 0 -0.44211
    outer loop
      vertex 13.2284 -81 58.148
      vertex 13.4019 -84 58.5
      vertex 13.2284 -84 58.148
    endloop
  endfacet
  facet normal 1 -0 0
    outer loop
      vertex 13 -84 57
      vertex 13 -81 55
      vertex 13 -81 57
    endloop
  endfacet
  facet normal 1 0 0
    outer loop
      vertex 13 -81 55
      vertex 13 -84 57
      vertex 13 -84 55
    endloop
  endfacet
  facet normal -0.946858 0 -0.321651
    outer loop
      vertex 22.8978 -84 57.7765
      vertex 22.7716 -81 58.148
      vertex 22.8978 -81 57.7765
    endloop
  endfacet
  facet normal -0.946858 -0 -0.321651
    outer loop
      vertex 22.7716 -81 58.148
      vertex 22.8978 -84 57.7765
      vertex 22.7716 -84 58.148
    endloop
  endfacet
  facet normal 0.321651 0 0.946858
    outer loop
      vertex 14.852 -81 52.2284
      vertex 15.2235 -84 52.1022
      vertex 15.2235 -81 52.1022
    endloop
  endfacet
  facet normal 0.321651 0 0.946858
    outer loop
      vertex 15.2235 -84 52.1022
      vertex 14.852 -81 52.2284
      vertex 14.852 -84 52.2284
    endloop
  endfacet
  facet normal 0 0 -1
    outer loop
      vertex 16 -84 60
      vertex 20 -81 60
      vertex 20 -84 60
    endloop
  endfacet
  facet normal -0 0 -1
    outer loop
      vertex 20 -81 60
      vertex 16 -84 60
      vertex 16 -81 60
    endloop
  endfacet
  facet normal 0.0654873 0 -0.997853
    outer loop
      vertex 15.6084 -84 59.9743
      vertex 16 -81 60
      vertex 16 -84 60
    endloop
  endfacet
  facet normal 0.0654873 0 -0.997853
    outer loop
      vertex 16 -81 60
      vertex 15.6084 -84 59.9743
      vertex 15.6084 -81 59.9743
    endloop
  endfacet
  facet normal 0.659478 0 0.751724
    outer loop
      vertex 13.8787 -81 52.8787
      vertex 14.1737 -84 52.6199
      vertex 14.1737 -81 52.6199
    endloop
  endfacet
  facet normal 0.659478 0 0.751724
    outer loop
      vertex 14.1737 -84 52.6199
      vertex 13.8787 -81 52.8787
      vertex 13.8787 -84 52.8787
    endloop
  endfacet
  facet normal -0.0654873 0 0.997853
    outer loop
      vertex 20 -81 52
      vertex 20.3916 -84 52.0257
      vertex 20.3916 -81 52.0257
    endloop
  endfacet
  facet normal -0.0654873 0 0.997853
    outer loop
      vertex 20.3916 -84 52.0257
      vertex 20 -81 52
      vertex 20 -84 52
    endloop
  endfacet
  facet normal 0.980815 -0 0.19494
    outer loop
      vertex 13.0257 -84 54.6084
      vertex 13.1022 -81 54.2235
      vertex 13.0257 -81 54.6084
    endloop
  endfacet
  facet normal 0.980815 0 0.19494
    outer loop
      vertex 13.1022 -81 54.2235
      vertex 13.0257 -84 54.6084
      vertex 13.1022 -84 54.2235
    endloop
  endfacet
  facet normal -0 0 1
    outer loop
      vertex 16 -81 52
      vertex 20 -84 52
      vertex 20 -81 52
    endloop
  endfacet
  facet normal 0 0 1
    outer loop
      vertex 20 -84 52
      vertex 16 -81 52
      vertex 16 -84 52
    endloop
  endfacet
  facet normal 0.946858 0 -0.321651
    outer loop
      vertex 13.2284 -84 58.148
      vertex 13.1022 -81 57.7765
      vertex 13.2284 -81 58.148
    endloop
  endfacet
  facet normal 0.946858 0 -0.321651
    outer loop
      vertex 13.1022 -81 57.7765
      vertex 13.2284 -84 58.148
      vertex 13.1022 -84 57.7765
    endloop
  endfacet
  facet normal 0.19494 0 0.980815
    outer loop
      vertex 15.2235 -81 52.1022
      vertex 15.6084 -84 52.0257
      vertex 15.6084 -81 52.0257
    endloop
  endfacet
  facet normal 0.19494 0 0.980815
    outer loop
      vertex 15.6084 -84 52.0257
      vertex 15.2235 -81 52.1022
      vertex 15.2235 -84 52.1022
    endloop
  endfacet
  facet normal -0.980815 0 0.19494
    outer loop
      vertex 22.8978 -84 54.2235
      vertex 22.9743 -81 54.6084
      vertex 22.8978 -81 54.2235
    endloop
  endfacet
  facet normal -0.980815 0 0.19494
    outer loop
      vertex 22.9743 -81 54.6084
      vertex 22.8978 -84 54.2235
      vertex 22.9743 -84 54.6084
    endloop
  endfacet
  facet normal -0.555523 0 0.831501
    outer loop
      vertex 21.5 -81 52.4019
      vertex 21.8263 -84 52.6199
      vertex 21.8263 -81 52.6199
    endloop
  endfacet
  facet normal -0.555523 0 0.831501
    outer loop
      vertex 21.8263 -84 52.6199
      vertex 21.5 -81 52.4019
      vertex 21.5 -84 52.4019
    endloop
  endfacet
  facet normal 0.831501 0 -0.555523
    outer loop
      vertex 13.6199 -84 58.8263
      vertex 13.4019 -81 58.5
      vertex 13.6199 -81 58.8263
    endloop
  endfacet
  facet normal 0.831501 0 -0.555523
    outer loop
      vertex 13.4019 -81 58.5
      vertex 13.6199 -84 58.8263
      vertex 13.4019 -84 58.5
    endloop
  endfacet
  facet normal 0.44211 0 0.896961
    outer loop
      vertex 14.5 -81 52.4019
      vertex 14.852 -84 52.2284
      vertex 14.852 -81 52.2284
    endloop
  endfacet
  facet normal 0.44211 0 0.896961
    outer loop
      vertex 14.852 -84 52.2284
      vertex 14.5 -81 52.4019
      vertex 14.5 -84 52.4019
    endloop
  endfacet
  facet normal -0.997853 0 -0.0654873
    outer loop
      vertex 23 -84 57
      vertex 22.9743 -81 57.3916
      vertex 23 -81 57
    endloop
  endfacet
  facet normal -0.997853 -0 -0.0654873
    outer loop
      vertex 22.9743 -81 57.3916
      vertex 23 -84 57
      vertex 22.9743 -84 57.3916
    endloop
  endfacet
  facet normal -0.44211 0 0.896961
    outer loop
      vertex 21.148 -81 52.2284
      vertex 21.5 -84 52.4019
      vertex 21.5 -81 52.4019
    endloop
  endfacet
  facet normal -0.44211 0 0.896961
    outer loop
      vertex 21.5 -84 52.4019
      vertex 21.148 -81 52.2284
      vertex 21.148 -84 52.2284
    endloop
  endfacet
  facet normal 0.997853 0 -0.0654873
    outer loop
      vertex 13.0257 -84 57.3916
      vertex 13 -81 57
      vertex 13.0257 -81 57.3916
    endloop
  endfacet
  facet normal 0.997853 0 -0.0654873
    outer loop
      vertex 13 -81 57
      vertex 13.0257 -84 57.3916
      vertex 13 -84 57
    endloop
  endfacet
  facet normal -0.659478 0 0.751724
    outer loop
      vertex 21.8263 -81 52.6199
      vertex 22.1213 -84 52.8787
      vertex 22.1213 -81 52.8787
    endloop
  endfacet
  facet normal -0.659478 0 0.751724
    outer loop
      vertex 22.1213 -84 52.8787
      vertex 21.8263 -81 52.6199
      vertex 21.8263 -84 52.6199
    endloop
  endfacet
  facet normal -0.980815 0 -0.19494
    outer loop
      vertex 22.9743 -84 57.3916
      vertex 22.8978 -81 57.7765
      vertex 22.9743 -81 57.3916
    endloop
  endfacet
  facet normal -0.980815 -0 -0.19494
    outer loop
      vertex 22.8978 -81 57.7765
      vertex 22.9743 -84 57.3916
      vertex 22.8978 -84 57.7765
    endloop
  endfacet
  facet normal -0.321651 0 0.946858
    outer loop
      vertex 20.7765 -81 52.1022
      vertex 21.148 -84 52.2284
      vertex 21.148 -81 52.2284
    endloop
  endfacet
  facet normal -0.321651 0 0.946858
    outer loop
      vertex 21.148 -84 52.2284
      vertex 20.7765 -81 52.1022
      vertex 20.7765 -84 52.1022
    endloop
  endfacet
  facet normal -0.751724 0 -0.659478
    outer loop
      vertex 22.3801 -84 58.8263
      vertex 22.1213 -81 59.1213
      vertex 22.3801 -81 58.8263
    endloop
  endfacet
  facet normal -0.751724 -0 -0.659478
    outer loop
      vertex 22.1213 -81 59.1213
      vertex 22.3801 -84 58.8263
      vertex 22.1213 -84 59.1213
    endloop
  endfacet
  facet normal 0.0654873 0 0.997853
    outer loop
      vertex 15.6084 -81 52.0257
      vertex 16 -84 52
      vertex 16 -81 52
    endloop
  endfacet
  facet normal 0.0654873 0 0.997853
    outer loop
      vertex 16 -84 52
      vertex 15.6084 -81 52.0257
      vertex 15.6084 -84 52.0257
    endloop
  endfacet
  facet normal -0.896961 0 -0.44211
    outer loop
      vertex 22.7716 -84 58.148
      vertex 22.5981 -81 58.5
      vertex 22.7716 -81 58.148
    endloop
  endfacet
  facet normal -0.896961 -0 -0.44211
    outer loop
      vertex 22.5981 -81 58.5
      vertex 22.7716 -84 58.148
      vertex 22.5981 -84 58.5
    endloop
  endfacet
  facet normal 0.751724 -0 0.659478
    outer loop
      vertex 13.6199 -84 53.1737
      vertex 13.8787 -81 52.8787
      vertex 13.6199 -81 53.1737
    endloop
  endfacet
  facet normal 0.751724 0 0.659478
    outer loop
      vertex 13.8787 -81 52.8787
      vertex 13.6199 -84 53.1737
      vertex 13.8787 -84 52.8787
    endloop
  endfacet
  facet normal 0.997853 -0 0.0654873
    outer loop
      vertex 13 -84 55
      vertex 13.0257 -81 54.6084
      vertex 13 -81 55
    endloop
  endfacet
  facet normal 0.997853 0 0.0654873
    outer loop
      vertex 13.0257 -81 54.6084
      vertex 13 -84 55
      vertex 13.0257 -84 54.6084
    endloop
  endfacet
  facet normal -1 0 0
    outer loop
      vertex 23 -84 55
      vertex 23 -81 57
      vertex 23 -81 55
    endloop
  endfacet
  facet normal -1 -0 0
    outer loop
      vertex 23 -81 57
      vertex 23 -84 55
      vertex 23 -84 57
    endloop
  endfacet
  facet normal -0.751724 0 0.659478
    outer loop
      vertex 22.1213 -84 52.8787
      vertex 22.3801 -81 53.1737
      vertex 22.1213 -81 52.8787
    endloop
  endfacet
  facet normal -0.751724 0 0.659478
    outer loop
      vertex 22.3801 -81 53.1737
      vertex 22.1213 -84 52.8787
      vertex 22.3801 -84 53.1737
    endloop
  endfacet
  facet normal -0.896961 0 0.44211
    outer loop
      vertex 22.5981 -84 53.5
      vertex 22.7716 -81 53.852
      vertex 22.5981 -81 53.5
    endloop
  endfacet
  facet normal -0.896961 0 0.44211
    outer loop
      vertex 22.7716 -81 53.852
      vertex 22.5981 -84 53.5
      vertex 22.7716 -84 53.852
    endloop
  endfacet
  facet normal 0.555523 0 -0.831501
    outer loop
      vertex 14.1737 -84 59.3801
      vertex 14.5 -81 59.5981
      vertex 14.5 -84 59.5981
    endloop
  endfacet
  facet normal 0.555523 0 -0.831501
    outer loop
      vertex 14.5 -81 59.5981
      vertex 14.1737 -84 59.3801
      vertex 14.1737 -81 59.3801
    endloop
  endfacet
  facet normal -0.659478 0 -0.751724
    outer loop
      vertex 21.8263 -84 59.3801
      vertex 22.1213 -81 59.1213
      vertex 22.1213 -84 59.1213
    endloop
  endfacet
  facet normal -0.659478 0 -0.751724
    outer loop
      vertex 22.1213 -81 59.1213
      vertex 21.8263 -84 59.3801
      vertex 21.8263 -81 59.3801
    endloop
  endfacet
  facet normal 0.831501 -0 0.555523
    outer loop
      vertex 13.4019 -84 53.5
      vertex 13.6199 -81 53.1737
      vertex 13.4019 -81 53.5
    endloop
  endfacet
  facet normal 0.831501 0 0.555523
    outer loop
      vertex 13.6199 -81 53.1737
      vertex 13.4019 -84 53.5
      vertex 13.6199 -84 53.1737
    endloop
  endfacet
  facet normal 0.896961 -0 0.44211
    outer loop
      vertex 13.2284 -84 53.852
      vertex 13.4019 -81 53.5
      vertex 13.2284 -81 53.852
    endloop
  endfacet
  facet normal 0.896961 0 0.44211
    outer loop
      vertex 13.4019 -81 53.5
      vertex 13.2284 -84 53.852
      vertex 13.4019 -84 53.5
    endloop
  endfacet
  facet normal 0.946858 -0 0.321651
    outer loop
      vertex 13.1022 -84 54.2235
      vertex 13.2284 -81 53.852
      vertex 13.1022 -81 54.2235
    endloop
  endfacet
  facet normal 0.946858 0 0.321651
    outer loop
      vertex 13.2284 -81 53.852
      vertex 13.1022 -84 54.2235
      vertex 13.2284 -84 53.852
    endloop
  endfacet
  facet normal 0.980815 0 -0.19494
    outer loop
      vertex 13.1022 -84 57.7765
      vertex 13.0257 -81 57.3916
      vertex 13.1022 -81 57.7765
    endloop
  endfacet
  facet normal 0.980815 0 -0.19494
    outer loop
      vertex 13.0257 -81 57.3916
      vertex 13.1022 -84 57.7765
      vertex 13.0257 -84 57.3916
    endloop
  endfacet
  facet normal 0.659478 0 -0.751724
    outer loop
      vertex 13.8787 -84 59.1213
      vertex 14.1737 -81 59.3801
      vertex 14.1737 -84 59.3801
    endloop
  endfacet
  facet normal 0.659478 0 -0.751724
    outer loop
      vertex 14.1737 -81 59.3801
      vertex 13.8787 -84 59.1213
      vertex 13.8787 -81 59.1213
    endloop
  endfacet
  facet normal 0.555523 0 0.831501
    outer loop
      vertex 14.1737 -81 52.6199
      vertex 14.5 -84 52.4019
      vertex 14.5 -81 52.4019
    endloop
  endfacet
  facet normal 0.555523 0 0.831501
    outer loop
      vertex 14.5 -84 52.4019
      vertex 14.1737 -81 52.6199
      vertex 14.1737 -84 52.6199
    endloop
  endfacet
  facet normal -0.831501 0 0.555523
    outer loop
      vertex 22.3801 -84 53.1737
      vertex 22.5981 -81 53.5
      vertex 22.3801 -81 53.1737
    endloop
  endfacet
  facet normal -0.831501 0 0.555523
    outer loop
      vertex 22.5981 -81 53.5
      vertex 22.3801 -84 53.1737
      vertex 22.5981 -84 53.5
    endloop
  endfacet
  facet normal 0.751724 0 -0.659478
    outer loop
      vertex 13.8787 -84 59.1213
      vertex 13.6199 -81 58.8263
      vertex 13.8787 -81 59.1213
    endloop
  endfacet
  facet normal 0.751724 0 -0.659478
    outer loop
      vertex 13.6199 -81 58.8263
      vertex 13.8787 -84 59.1213
      vertex 13.6199 -84 58.8263
    endloop
  endfacet
  facet normal -0.946858 0 0.321651
    outer loop
      vertex 22.7716 -84 53.852
      vertex 22.8978 -81 54.2235
      vertex 22.7716 -81 53.852
    endloop
  endfacet
  facet normal -0.946858 0 0.321651
    outer loop
      vertex 22.8978 -81 54.2235
      vertex 22.7716 -84 53.852
      vertex 22.8978 -84 54.2235
    endloop
  endfacet
  facet normal 0.44211 0 -0.896961
    outer loop
      vertex 14.5 -84 59.5981
      vertex 14.852 -81 59.7716
      vertex 14.852 -84 59.7716
    endloop
  endfacet
  facet normal 0.44211 0 -0.896961
    outer loop
      vertex 14.852 -81 59.7716
      vertex 14.5 -84 59.5981
      vertex 14.5 -81 59.5981
    endloop
  endfacet
  facet normal 0.321651 0 -0.946858
    outer loop
      vertex 14.852 -84 59.7716
      vertex 15.2235 -81 59.8978
      vertex 15.2235 -84 59.8978
    endloop
  endfacet
  facet normal 0.321651 0 -0.946858
    outer loop
      vertex 15.2235 -81 59.8978
      vertex 14.852 -84 59.7716
      vertex 14.852 -81 59.7716
    endloop
  endfacet
  facet normal -0.997853 0 0.0654873
    outer loop
      vertex 22.9743 -84 54.6084
      vertex 23 -81 55
      vertex 22.9743 -81 54.6084
    endloop
  endfacet
  facet normal -0.997853 0 0.0654873
    outer loop
      vertex 23 -81 55
      vertex 22.9743 -84 54.6084
      vertex 23 -84 55
    endloop
  endfacet
  facet normal -0.321651 0 -0.946858
    outer loop
      vertex 20.7765 -84 59.8978
      vertex 21.148 -81 59.7716
      vertex 21.148 -84 59.7716
    endloop
  endfacet
  facet normal -0.321651 0 -0.946858
    outer loop
      vertex 21.148 -81 59.7716
      vertex 20.7765 -84 59.8978
      vertex 20.7765 -81 59.8978
    endloop
  endfacet
  facet normal -0.44211 0 -0.896961
    outer loop
      vertex 21.148 -84 59.7716
      vertex 21.5 -81 59.5981
      vertex 21.5 -84 59.5981
    endloop
  endfacet
  facet normal -0.44211 0 -0.896961
    outer loop
      vertex 21.5 -81 59.5981
      vertex 21.148 -84 59.7716
      vertex 21.148 -81 59.7716
    endloop
  endfacet
  facet normal -0.555523 0 -0.831501
    outer loop
      vertex 21.5 -84 59.5981
      vertex 21.8263 -81 59.3801
      vertex 21.8263 -84 59.3801
    endloop
  endfacet
  facet normal -0.555523 0 -0.831501
    outer loop
      vertex 21.8263 -81 59.3801
      vertex 21.5 -84 59.5981
      vertex 21.5 -81 59.5981
    endloop
  endfacet
  facet normal -0.831501 0 -0.555523
    outer loop
      vertex 22.5981 -84 58.5
      vertex 22.3801 -81 58.8263
      vertex 22.5981 -81 58.5
    endloop
  endfacet
  facet normal -0.831501 -0 -0.555523
    outer loop
      vertex 22.3801 -81 58.8263
      vertex 22.5981 -84 58.5
      vertex 22.3801 -84 58.8263
    endloop
  endfacet
  facet normal -0.195096 0 0.980784
    outer loop
      vertex 0.652631 0 39.0428
      vertex 1.2941 -2.4 39.1704
      vertex 1.2941 0 39.1704
    endloop
  endfacet
  facet normal -0.195096 0 0.980784
    outer loop
      vertex 1.2941 -2.4 39.1704
      vertex 0.652631 0 39.0428
      vertex 0.652631 -2.4 39.0428
    endloop
  endfacet
  facet normal -0.980789 0 -0.195072
    outer loop
      vertex 4.95722 -2.4 44.6526
      vertex 4.82963 0 45.2941
      vertex 4.95722 0 44.6526
    endloop
  endfacet
  facet normal -0.980789 -0 -0.195072
    outer loop
      vertex 4.82963 0 45.2941
      vertex 4.95722 -2.4 44.6526
      vertex 4.82963 -2.4 45.2941
    endloop
  endfacet
  facet normal -0.997858 0 -0.0654128
    outer loop
      vertex 5 -2.4 44
      vertex 4.95722 0 44.6526
      vertex 5 0 44
    endloop
  endfacet
  facet normal -0.997858 -0 -0.0654128
    outer loop
      vertex 4.95722 0 44.6526
      vertex 5 -2.4 44
      vertex 4.95722 -2.4 44.6526
    endloop
  endfacet
  facet normal 0.555504 0 -0.831514
    outer loop
      vertex -3.04381 -2.4 47.9668
      vertex -2.5 0 48.3301
      vertex -2.5 -2.4 48.3301
    endloop
  endfacet
  facet normal 0.555504 0 -0.831514
    outer loop
      vertex -2.5 0 48.3301
      vertex -3.04381 -2.4 47.9668
      vertex -3.04381 0 47.9668
    endloop
  endfacet
  facet normal 0.0654401 0 0.997856
    outer loop
      vertex -0.652631 0 39.0428
      vertex 0 -2.4 39
      vertex 0 0 39
    endloop
  endfacet
  facet normal 0.0654401 0 0.997856
    outer loop
      vertex 0 -2.4 39
      vertex -0.652631 0 39.0428
      vertex -0.652631 -2.4 39.0428
    endloop
  endfacet
  facet normal 0.195096 0 0.980784
    outer loop
      vertex -1.2941 0 39.1704
      vertex -0.652631 -2.4 39.0428
      vertex -0.652631 0 39.0428
    endloop
  endfacet
  facet normal 0.195096 0 0.980784
    outer loop
      vertex -0.652631 -2.4 39.0428
      vertex -1.2941 0 39.1704
      vertex -1.2941 -2.4 39.1704
    endloop
  endfacet
  facet normal -0.946927 0 0.321448
    outer loop
      vertex 4.6194 -2.4 42.0866
      vertex 4.82963 0 42.7059
      vertex 4.6194 0 42.0866
    endloop
  endfacet
  facet normal -0.946927 0 0.321448
    outer loop
      vertex 4.82963 0 42.7059
      vertex 4.6194 -2.4 42.0866
      vertex 4.82963 -2.4 42.7059
    endloop
  endfacet
  facet normal 0.831466 0 -0.555575
    outer loop
      vertex -3.96677 -2.4 47.0438
      vertex -4.33013 0 46.5
      vertex -3.96677 0 47.0438
    endloop
  endfacet
  facet normal 0.831466 0 -0.555575
    outer loop
      vertex -4.33013 0 46.5
      vertex -3.96677 -2.4 47.0438
      vertex -4.33013 -2.4 46.5
    endloop
  endfacet
  facet normal -0.980789 0 0.195072
    outer loop
      vertex 4.82963 -2.4 42.7059
      vertex 4.95722 0 43.3474
      vertex 4.82963 0 42.7059
    endloop
  endfacet
  facet normal -0.980789 0 0.195072
    outer loop
      vertex 4.95722 0 43.3474
      vertex 4.82963 -2.4 42.7059
      vertex 4.95722 -2.4 43.3474
    endloop
  endfacet
  facet normal 0.659409 0 -0.751784
    outer loop
      vertex -3.53553 -2.4 47.5355
      vertex -3.04381 0 47.9668
      vertex -3.04381 -2.4 47.9668
    endloop
  endfacet
  facet normal 0.659409 0 -0.751784
    outer loop
      vertex -3.04381 0 47.9668
      vertex -3.53553 -2.4 47.5355
      vertex -3.53553 0 47.5355
    endloop
  endfacet
  facet normal -0.659409 0 0.751784
    outer loop
      vertex 3.04381 0 40.0332
      vertex 3.53553 -2.4 40.4645
      vertex 3.53553 0 40.4645
    endloop
  endfacet
  facet normal -0.659409 0 0.751784
    outer loop
      vertex 3.53553 -2.4 40.4645
      vertex 3.04381 0 40.0332
      vertex 3.04381 -2.4 40.0332
    endloop
  endfacet
  facet normal 0.980789 -0 0.195072
    outer loop
      vertex -4.95722 -2.4 43.3474
      vertex -4.82963 0 42.7059
      vertex -4.95722 0 43.3474
    endloop
  endfacet
  facet normal 0.980789 0 0.195072
    outer loop
      vertex -4.82963 0 42.7059
      vertex -4.95722 -2.4 43.3474
      vertex -4.82963 -2.4 42.7059
    endloop
  endfacet
  facet normal 0.980789 0 -0.195072
    outer loop
      vertex -4.82963 -2.4 45.2941
      vertex -4.95722 0 44.6526
      vertex -4.82963 0 45.2941
    endloop
  endfacet
  facet normal 0.980789 0 -0.195072
    outer loop
      vertex -4.95722 0 44.6526
      vertex -4.82963 -2.4 45.2941
      vertex -4.95722 -2.4 44.6526
    endloop
  endfacet
  facet normal -0.0654401 0 0.997856
    outer loop
      vertex 0 0 39
      vertex 0.652631 -2.4 39.0428
      vertex 0.652631 0 39.0428
    endloop
  endfacet
  facet normal -0.0654401 0 0.997856
    outer loop
      vertex 0.652631 -2.4 39.0428
      vertex 0 0 39
      vertex 0 -2.4 39
    endloop
  endfacet
  facet normal 0.997858 -0 0.0654128
    outer loop
      vertex -5 -2.4 44
      vertex -4.95722 0 43.3474
      vertex -5 0 44
    endloop
  endfacet
  facet normal 0.997858 0 0.0654128
    outer loop
      vertex -4.95722 0 43.3474
      vertex -5 -2.4 44
      vertex -4.95722 -2.4 43.3474
    endloop
  endfacet
  facet normal -0.831466 0 -0.555575
    outer loop
      vertex 4.33013 -2.4 46.5
      vertex 3.96677 0 47.0438
      vertex 4.33013 0 46.5
    endloop
  endfacet
  facet normal -0.831466 -0 -0.555575
    outer loop
      vertex 3.96677 0 47.0438
      vertex 4.33013 -2.4 46.5
      vertex 3.96677 -2.4 47.0438
    endloop
  endfacet
  facet normal 0.321397 0 0.946944
    outer loop
      vertex -1.91342 0 39.3806
      vertex -1.2941 -2.4 39.1704
      vertex -1.2941 0 39.1704
    endloop
  endfacet
  facet normal 0.321397 0 0.946944
    outer loop
      vertex -1.2941 -2.4 39.1704
      vertex -1.91342 0 39.3806
      vertex -1.91342 -2.4 39.3806
    endloop
  endfacet
  facet normal 0.896878 0 -0.442277
    outer loop
      vertex -4.33013 -2.4 46.5
      vertex -4.6194 0 45.9134
      vertex -4.33013 0 46.5
    endloop
  endfacet
  facet normal 0.896878 0 -0.442277
    outer loop
      vertex -4.6194 0 45.9134
      vertex -4.33013 -2.4 46.5
      vertex -4.6194 -2.4 45.9134
    endloop
  endfacet
  facet normal 0.946927 0 -0.321448
    outer loop
      vertex -4.6194 -2.4 45.9134
      vertex -4.82963 0 45.2941
      vertex -4.6194 0 45.9134
    endloop
  endfacet
  facet normal 0.946927 0 -0.321448
    outer loop
      vertex -4.82963 0 45.2941
      vertex -4.6194 -2.4 45.9134
      vertex -4.82963 -2.4 45.2941
    endloop
  endfacet
  facet normal 0.442327 0 -0.896854
    outer loop
      vertex -2.5 -2.4 48.3301
      vertex -1.91342 0 48.6194
      vertex -1.91342 -2.4 48.6194
    endloop
  endfacet
  facet normal 0.442327 0 -0.896854
    outer loop
      vertex -1.91342 0 48.6194
      vertex -2.5 -2.4 48.3301
      vertex -2.5 0 48.3301
    endloop
  endfacet
  facet normal -0.321397 0 0.946944
    outer loop
      vertex 1.2941 0 39.1704
      vertex 1.91342 -2.4 39.3806
      vertex 1.91342 0 39.3806
    endloop
  endfacet
  facet normal -0.321397 0 0.946944
    outer loop
      vertex 1.91342 -2.4 39.3806
      vertex 1.2941 0 39.1704
      vertex 1.2941 -2.4 39.1704
    endloop
  endfacet
  facet normal -0.659409 0 -0.751784
    outer loop
      vertex 3.04381 -2.4 47.9668
      vertex 3.53553 0 47.5355
      vertex 3.53553 -2.4 47.5355
    endloop
  endfacet
  facet normal -0.659409 0 -0.751784
    outer loop
      vertex 3.53553 0 47.5355
      vertex 3.04381 -2.4 47.9668
      vertex 3.04381 0 47.9668
    endloop
  endfacet
  facet normal -0.442327 0 -0.896854
    outer loop
      vertex 1.91342 -2.4 48.6194
      vertex 2.5 0 48.3301
      vertex 2.5 -2.4 48.3301
    endloop
  endfacet
  facet normal -0.442327 0 -0.896854
    outer loop
      vertex 2.5 0 48.3301
      vertex 1.91342 -2.4 48.6194
      vertex 1.91342 0 48.6194
    endloop
  endfacet
  facet normal 0.831466 -0 0.555575
    outer loop
      vertex -4.33013 -2.4 41.5
      vertex -3.96677 0 40.9562
      vertex -4.33013 0 41.5
    endloop
  endfacet
  facet normal 0.831466 0 0.555575
    outer loop
      vertex -3.96677 0 40.9562
      vertex -4.33013 -2.4 41.5
      vertex -3.96677 -2.4 40.9562
    endloop
  endfacet
  facet normal -0.896878 0 0.442277
    outer loop
      vertex 4.33013 -2.4 41.5
      vertex 4.6194 0 42.0866
      vertex 4.33013 0 41.5
    endloop
  endfacet
  facet normal -0.896878 0 0.442277
    outer loop
      vertex 4.6194 0 42.0866
      vertex 4.33013 -2.4 41.5
      vertex 4.6194 -2.4 42.0866
    endloop
  endfacet
  facet normal 0.946927 -0 0.321448
    outer loop
      vertex -4.82963 -2.4 42.7059
      vertex -4.6194 0 42.0866
      vertex -4.82963 0 42.7059
    endloop
  endfacet
  facet normal 0.946927 0 0.321448
    outer loop
      vertex -4.6194 0 42.0866
      vertex -4.82963 -2.4 42.7059
      vertex -4.6194 -2.4 42.0866
    endloop
  endfacet
  facet normal -0.997858 0 0.0654128
    outer loop
      vertex 4.95722 -2.4 43.3474
      vertex 5 0 44
      vertex 4.95722 0 43.3474
    endloop
  endfacet
  facet normal -0.997858 0 0.0654128
    outer loop
      vertex 5 0 44
      vertex 4.95722 -2.4 43.3474
      vertex 5 -2.4 44
    endloop
  endfacet
  facet normal 0.751817 0 -0.659372
    outer loop
      vertex -3.53553 -2.4 47.5355
      vertex -3.96677 0 47.0438
      vertex -3.53553 0 47.5355
    endloop
  endfacet
  facet normal 0.751817 0 -0.659372
    outer loop
      vertex -3.96677 0 47.0438
      vertex -3.53553 -2.4 47.5355
      vertex -3.96677 -2.4 47.0438
    endloop
  endfacet
  facet normal -0.555504 0 -0.831514
    outer loop
      vertex 2.5 -2.4 48.3301
      vertex 3.04381 0 47.9668
      vertex 3.04381 -2.4 47.9668
    endloop
  endfacet
  facet normal -0.555504 0 -0.831514
    outer loop
      vertex 3.04381 0 47.9668
      vertex 2.5 -2.4 48.3301
      vertex 2.5 0 48.3301
    endloop
  endfacet
  facet normal 0.751817 -0 0.659372
    outer loop
      vertex -3.96677 -2.4 40.9562
      vertex -3.53553 0 40.4645
      vertex -3.96677 0 40.9562
    endloop
  endfacet
  facet normal 0.751817 0 0.659372
    outer loop
      vertex -3.53553 0 40.4645
      vertex -3.96677 -2.4 40.9562
      vertex -3.53553 -2.4 40.4645
    endloop
  endfacet
  facet normal -0.442327 0 0.896854
    outer loop
      vertex 1.91342 0 39.3806
      vertex 2.5 -2.4 39.6699
      vertex 2.5 0 39.6699
    endloop
  endfacet
  facet normal -0.442327 0 0.896854
    outer loop
      vertex 2.5 -2.4 39.6699
      vertex 1.91342 0 39.3806
      vertex 1.91342 -2.4 39.3806
    endloop
  endfacet
  facet normal -0.0654401 0 -0.997856
    outer loop
      vertex 0 -2.4 49
      vertex 0.652631 0 48.9572
      vertex 0.652631 -2.4 48.9572
    endloop
  endfacet
  facet normal -0.0654401 0 -0.997856
    outer loop
      vertex 0.652631 0 48.9572
      vertex 0 -2.4 49
      vertex 0 0 49
    endloop
  endfacet
  facet normal 0.896878 -0 0.442277
    outer loop
      vertex -4.6194 -2.4 42.0866
      vertex -4.33013 0 41.5
      vertex -4.6194 0 42.0866
    endloop
  endfacet
  facet normal 0.896878 0 0.442277
    outer loop
      vertex -4.33013 0 41.5
      vertex -4.6194 -2.4 42.0866
      vertex -4.33013 -2.4 41.5
    endloop
  endfacet
  facet normal -0.555504 0 0.831514
    outer loop
      vertex 2.5 0 39.6699
      vertex 3.04381 -2.4 40.0332
      vertex 3.04381 0 40.0332
    endloop
  endfacet
  facet normal -0.555504 0 0.831514
    outer loop
      vertex 3.04381 -2.4 40.0332
      vertex 2.5 0 39.6699
      vertex 2.5 -2.4 39.6699
    endloop
  endfacet
  facet normal 0.195096 0 -0.980784
    outer loop
      vertex -1.2941 -2.4 48.8296
      vertex -0.652631 0 48.9572
      vertex -0.652631 -2.4 48.9572
    endloop
  endfacet
  facet normal 0.195096 0 -0.980784
    outer loop
      vertex -0.652631 0 48.9572
      vertex -1.2941 -2.4 48.8296
      vertex -1.2941 0 48.8296
    endloop
  endfacet
  facet normal 0.0654401 0 -0.997856
    outer loop
      vertex -0.652631 -2.4 48.9572
      vertex 0 0 49
      vertex 0 -2.4 49
    endloop
  endfacet
  facet normal 0.0654401 0 -0.997856
    outer loop
      vertex 0 0 49
      vertex -0.652631 -2.4 48.9572
      vertex -0.652631 0 48.9572
    endloop
  endfacet
  facet normal -0.195096 0 -0.980784
    outer loop
      vertex 0.652631 -2.4 48.9572
      vertex 1.2941 0 48.8296
      vertex 1.2941 -2.4 48.8296
    endloop
  endfacet
  facet normal -0.195096 0 -0.980784
    outer loop
      vertex 1.2941 0 48.8296
      vertex 0.652631 -2.4 48.9572
      vertex 0.652631 0 48.9572
    endloop
  endfacet
  facet normal 0.659409 0 0.751784
    outer loop
      vertex -3.53553 0 40.4645
      vertex -3.04381 -2.4 40.0332
      vertex -3.04381 0 40.0332
    endloop
  endfacet
  facet normal 0.659409 0 0.751784
    outer loop
      vertex -3.04381 -2.4 40.0332
      vertex -3.53553 0 40.4645
      vertex -3.53553 -2.4 40.4645
    endloop
  endfacet
  facet normal -0.751817 0 0.659372
    outer loop
      vertex 3.53553 -2.4 40.4645
      vertex 3.96677 0 40.9562
      vertex 3.53553 0 40.4645
    endloop
  endfacet
  facet normal -0.751817 0 0.659372
    outer loop
      vertex 3.96677 0 40.9562
      vertex 3.53553 -2.4 40.4645
      vertex 3.96677 -2.4 40.9562
    endloop
  endfacet
  facet normal 0.997858 0 -0.0654128
    outer loop
      vertex -4.95722 -2.4 44.6526
      vertex -5 0 44
      vertex -4.95722 0 44.6526
    endloop
  endfacet
  facet normal 0.997858 0 -0.0654128
    outer loop
      vertex -5 0 44
      vertex -4.95722 -2.4 44.6526
      vertex -5 -2.4 44
    endloop
  endfacet
  facet normal -0.321397 0 -0.946944
    outer loop
      vertex 1.2941 -2.4 48.8296
      vertex 1.91342 0 48.6194
      vertex 1.91342 -2.4 48.6194
    endloop
  endfacet
  facet normal -0.321397 0 -0.946944
    outer loop
      vertex 1.91342 0 48.6194
      vertex 1.2941 -2.4 48.8296
      vertex 1.2941 0 48.8296
    endloop
  endfacet
  facet normal -0.831466 0 0.555575
    outer loop
      vertex 3.96677 -2.4 40.9562
      vertex 4.33013 0 41.5
      vertex 3.96677 0 40.9562
    endloop
  endfacet
  facet normal -0.831466 0 0.555575
    outer loop
      vertex 4.33013 0 41.5
      vertex 3.96677 -2.4 40.9562
      vertex 4.33013 -2.4 41.5
    endloop
  endfacet
  facet normal -0.896878 0 -0.442277
    outer loop
      vertex 4.6194 -2.4 45.9134
      vertex 4.33013 0 46.5
      vertex 4.6194 0 45.9134
    endloop
  endfacet
  facet normal -0.896878 -0 -0.442277
    outer loop
      vertex 4.33013 0 46.5
      vertex 4.6194 -2.4 45.9134
      vertex 4.33013 -2.4 46.5
    endloop
  endfacet
  facet normal -0.751817 0 -0.659372
    outer loop
      vertex 3.96677 -2.4 47.0438
      vertex 3.53553 0 47.5355
      vertex 3.96677 0 47.0438
    endloop
  endfacet
  facet normal -0.751817 -0 -0.659372
    outer loop
      vertex 3.53553 0 47.5355
      vertex 3.96677 -2.4 47.0438
      vertex 3.53553 -2.4 47.5355
    endloop
  endfacet
  facet normal -0.946927 0 -0.321448
    outer loop
      vertex 4.82963 -2.4 45.2941
      vertex 4.6194 0 45.9134
      vertex 4.82963 0 45.2941
    endloop
  endfacet
  facet normal -0.946927 -0 -0.321448
    outer loop
      vertex 4.6194 0 45.9134
      vertex 4.82963 -2.4 45.2941
      vertex 4.6194 -2.4 45.9134
    endloop
  endfacet
  facet normal 0.321397 0 -0.946944
    outer loop
      vertex -1.91342 -2.4 48.6194
      vertex -1.2941 0 48.8296
      vertex -1.2941 -2.4 48.8296
    endloop
  endfacet
  facet normal 0.321397 0 -0.946944
    outer loop
      vertex -1.2941 0 48.8296
      vertex -1.91342 -2.4 48.6194
      vertex -1.91342 0 48.6194
    endloop
  endfacet
  facet normal 0.442327 0 0.896854
    outer loop
      vertex -2.5 0 39.6699
      vertex -1.91342 -2.4 39.3806
      vertex -1.91342 0 39.3806
    endloop
  endfacet
  facet normal 0.442327 0 0.896854
    outer loop
      vertex -1.91342 -2.4 39.3806
      vertex -2.5 0 39.6699
      vertex -2.5 -2.4 39.6699
    endloop
  endfacet
  facet normal 0.555504 0 0.831514
    outer loop
      vertex -3.04381 0 40.0332
      vertex -2.5 -2.4 39.6699
      vertex -2.5 0 39.6699
    endloop
  endfacet
  facet normal 0.555504 0 0.831514
    outer loop
      vertex -2.5 -2.4 39.6699
      vertex -3.04381 0 40.0332
      vertex -3.04381 -2.4 40.0332
    endloop
  endfacet
endsolid OpenSCAD_Model
