solid OpenSCAD_Model
  facet normal 1 -0 0
    outer loop
      vertex -16.9 6 36.6
      vertex -16.9 14 2.4
      vertex -16.9 14 36.6
    endloop
  endfacet
  facet normal 1 0 0
    outer loop
      vertex -16.9 14 2.4
      vertex -16.9 6 36.6
      vertex -16.9 6 2.4
    endloop
  endfacet
  facet normal 0 1 -0
    outer loop
      vertex -16.9 14 2.4
      vertex -24.9 14 36.6
      vertex -16.9 14 36.6
    endloop
  endfacet
  facet normal 0 1 0
    outer loop
      vertex -24.9 14 36.6
      vertex -16.9 14 2.4
      vertex -24.9 14 2.4
    endloop
  endfacet
  facet normal 0 -1 0
    outer loop
      vertex -24.9 6 2.4
      vertex -16.9 6 36.6
      vertex -24.9 6 36.6
    endloop
  endfacet
  facet normal 0 -1 -0
    outer loop
      vertex -16.9 6 36.6
      vertex -24.9 6 2.4
      vertex -16.9 6 2.4
    endloop
  endfacet
  facet normal -1 0 0
    outer loop
      vertex -24.9 6 2.4
      vertex -24.9 14 36.6
      vertex -24.9 14 2.4
    endloop
  endfacet
  facet normal -1 -0 0
    outer loop
      vertex -24.9 14 36.6
      vertex -24.9 6 2.4
      vertex -24.9 6 36.6
    endloop
  endfacet
  facet normal -0 0 1
    outer loop
      vertex -24.9 14 36.6
      vertex -16.9 6 36.6
      vertex -16.9 14 36.6
    endloop
  endfacet
  facet normal 0 0 1
    outer loop
      vertex -16.9 6 36.6
      vertex -24.9 14 36.6
      vertex -24.9 6 36.6
    endloop
  endfacet
  facet normal 1 -0 0
    outer loop
      vertex 10.1 6 36.6
      vertex 10.1 14 2.4
      vertex 10.1 14 36.6
    endloop
  endfacet
  facet normal 1 0 0
    outer loop
      vertex 10.1 14 2.4
      vertex 10.1 6 36.6
      vertex 10.1 6 2.4
    endloop
  endfacet
  facet normal 0 1 -0
    outer loop
      vertex 10.1 14 2.4
      vertex 2.1 14 36.6
      vertex 10.1 14 36.6
    endloop
  endfacet
  facet normal 0 1 0
    outer loop
      vertex 2.1 14 36.6
      vertex 10.1 14 2.4
      vertex 2.1 14 2.4
    endloop
  endfacet
  facet normal 0 -1 0
    outer loop
      vertex 2.1 6 2.4
      vertex 10.1 6 36.6
      vertex 2.1 6 36.6
    endloop
  endfacet
  facet normal 0 -1 -0
    outer loop
      vertex 10.1 6 36.6
      vertex 2.1 6 2.4
      vertex 10.1 6 2.4
    endloop
  endfacet
  facet normal -1 0 0
    outer loop
      vertex 2.1 6 2.4
      vertex 2.1 14 36.6
      vertex 2.1 14 2.4
    endloop
  endfacet
  facet normal -1 -0 0
    outer loop
      vertex 2.1 14 36.6
      vertex 2.1 6 2.4
      vertex 2.1 6 36.6
    endloop
  endfacet
  facet normal -0 0 1
    outer loop
      vertex 2.1 14 36.6
      vertex 10.1 6 36.6
      vertex 10.1 14 36.6
    endloop
  endfacet
  facet normal 0 0 1
    outer loop
      vertex 10.1 6 36.6
      vertex 2.1 14 36.6
      vertex 2.1 6 36.6
    endloop
  endfacet
  facet normal 1 -0 0
    outer loop
      vertex -18 45.5 57
      vertex -18 51.5 2.4
      vertex -18 51.5 57
    endloop
  endfacet
  facet normal 1 0 0
    outer loop
      vertex -18 51.5 2.4
      vertex -18 45.5 57
      vertex -18 45.5 2.4
    endloop
  endfacet
  facet normal 0 1 -0
    outer loop
      vertex -18 51.5 2.4
      vertex -23 51.5 57
      vertex -18 51.5 57
    endloop
  endfacet
  facet normal 0 1 0
    outer loop
      vertex -23 51.5 57
      vertex -18 51.5 2.4
      vertex -23 51.5 2.4
    endloop
  endfacet
  facet normal 0 -1 0
    outer loop
      vertex -23 45.5 2.4
      vertex -18 45.5 57
      vertex -23 45.5 57
    endloop
  endfacet
  facet normal 0 -1 -0
    outer loop
      vertex -18 45.5 57
      vertex -23 45.5 2.4
      vertex -18 45.5 2.4
    endloop
  endfacet
  facet normal -1 0 0
    outer loop
      vertex -23 45.5 2.4
      vertex -23 51.5 57
      vertex -23 51.5 2.4
    endloop
  endfacet
  facet normal -1 -0 0
    outer loop
      vertex -23 51.5 57
      vertex -23 45.5 2.4
      vertex -23 45.5 57
    endloop
  endfacet
  facet normal -0 0 1
    outer loop
      vertex -23 51.5 57
      vertex -18 45.5 57
      vertex -18 51.5 57
    endloop
  endfacet
  facet normal 0 0 1
    outer loop
      vertex -18 45.5 57
      vertex -23 51.5 57
      vertex -23 45.5 57
    endloop
  endfacet
  facet normal 1 -0 0
    outer loop
      vertex 23 45.5 57
      vertex 23 51.5 2.4
      vertex 23 51.5 57
    endloop
  endfacet
  facet normal 1 0 0
    outer loop
      vertex 23 51.5 2.4
      vertex 23 45.5 57
      vertex 23 45.5 2.4
    endloop
  endfacet
  facet normal 0 1 -0
    outer loop
      vertex 23 51.5 2.4
      vertex 18 51.5 57
      vertex 23 51.5 57
    endloop
  endfacet
  facet normal 0 1 0
    outer loop
      vertex 18 51.5 57
      vertex 23 51.5 2.4
      vertex 18 51.5 2.4
    endloop
  endfacet
  facet normal 0 -1 0
    outer loop
      vertex 18 45.5 2.4
      vertex 23 45.5 57
      vertex 18 45.5 57
    endloop
  endfacet
  facet normal 0 -1 -0
    outer loop
      vertex 23 45.5 57
      vertex 18 45.5 2.4
      vertex 23 45.5 2.4
    endloop
  endfacet
  facet normal -1 0 0
    outer loop
      vertex 18 45.5 2.4
      vertex 18 51.5 57
      vertex 18 51.5 2.4
    endloop
  endfacet
  facet normal -1 -0 0
    outer loop
      vertex 18 51.5 57
      vertex 18 45.5 2.4
      vertex 18 45.5 57
    endloop
  endfacet
  facet normal -0 0 1
    outer loop
      vertex 18 51.5 57
      vertex 23 45.5 57
      vertex 23 51.5 57
    endloop
  endfacet
  facet normal 0 0 1
    outer loop
      vertex 23 45.5 57
      vertex 18 51.5 57
      vertex 18 45.5 57
    endloop
  endfacet
  facet normal 1 -0 0
    outer loop
      vertex 17.25 19 6.9
      vertex 17.25 61 2.4
      vertex 17.25 61 6.9
    endloop
  endfacet
  facet normal 1 0 0
    outer loop
      vertex 17.25 61 2.4
      vertex 17.25 19 6.9
      vertex 17.25 19 2.4
    endloop
  endfacet
  facet normal 0 1 -0
    outer loop
      vertex -15.75 61 2.4
      vertex -17.25 61 6.9
      vertex -15.75 61 6.9
    endloop
  endfacet
  facet normal 0 1 0
    outer loop
      vertex -17.25 61 6.9
      vertex -15.75 61 2.4
      vertex -17.25 61 2.4
    endloop
  endfacet
  facet normal 0 1 -0
    outer loop
      vertex 17.25 61 2.4
      vertex 15.75 61 6.9
      vertex 17.25 61 6.9
    endloop
  endfacet
  facet normal 0 1 0
    outer loop
      vertex 15.75 61 6.9
      vertex 17.25 61 2.4
      vertex 15.75 61 2.4
    endloop
  endfacet
  facet normal 0 -1 0
    outer loop
      vertex -15.75 61 6.9
      vertex -10.75 61 13.9
      vertex -15.75 61 13.9
    endloop
  endfacet
  facet normal 0 -1 -0
    outer loop
      vertex -10.75 61 13.9
      vertex -15.75 61 6.9
      vertex -10.75 61 6.9
    endloop
  endfacet
  facet normal 0 -1 0
    outer loop
      vertex 10.75 61 6.9
      vertex 15.75 61 13.9
      vertex 10.75 61 13.9
    endloop
  endfacet
  facet normal 0 -1 -0
    outer loop
      vertex 15.75 61 13.9
      vertex 10.75 61 6.9
      vertex 15.75 61 6.9
    endloop
  endfacet
  facet normal 0 1 -0
    outer loop
      vertex 10.75 61 2.4
      vertex -10.75 61 6.9
      vertex 10.75 61 6.9
    endloop
  endfacet
  facet normal 0 1 0
    outer loop
      vertex -10.75 61 6.9
      vertex 10.75 61 2.4
      vertex -10.75 61 2.4
    endloop
  endfacet
  facet normal 0 -1 0
    outer loop
      vertex 15.75 19 2.4
      vertex 17.25 19 6.9
      vertex 15.75 19 6.9
    endloop
  endfacet
  facet normal 0 -1 -0
    outer loop
      vertex 17.25 19 6.9
      vertex 15.75 19 2.4
      vertex 17.25 19 2.4
    endloop
  endfacet
  facet normal 0 -1 0
    outer loop
      vertex -17.25 19 2.4
      vertex -15.75 19 6.9
      vertex -17.25 19 6.9
    endloop
  endfacet
  facet normal 0 -1 -0
    outer loop
      vertex -15.75 19 6.9
      vertex -17.25 19 2.4
      vertex -15.75 19 2.4
    endloop
  endfacet
  facet normal 0 1 -0
    outer loop
      vertex -10.75 19 6.9
      vertex -15.75 19 13.9
      vertex -10.75 19 13.9
    endloop
  endfacet
  facet normal 0 1 0
    outer loop
      vertex -15.75 19 13.9
      vertex -10.75 19 6.9
      vertex -15.75 19 6.9
    endloop
  endfacet
  facet normal 0 1 -0
    outer loop
      vertex 15.75 19 6.9
      vertex 10.75 19 13.9
      vertex 15.75 19 13.9
    endloop
  endfacet
  facet normal 0 1 0
    outer loop
      vertex 10.75 19 13.9
      vertex 15.75 19 6.9
      vertex 10.75 19 6.9
    endloop
  endfacet
  facet normal 0 -1 0
    outer loop
      vertex -10.75 19 2.4
      vertex 10.75 19 6.9
      vertex -10.75 19 6.9
    endloop
  endfacet
  facet normal 0 -1 -0
    outer loop
      vertex 10.75 19 6.9
      vertex -10.75 19 2.4
      vertex 10.75 19 2.4
    endloop
  endfacet
  facet normal -1 0 0
    outer loop
      vertex -17.25 19 2.4
      vertex -17.25 61 6.9
      vertex -17.25 61 2.4
    endloop
  endfacet
  facet normal -1 -0 0
    outer loop
      vertex -17.25 61 6.9
      vertex -17.25 19 2.4
      vertex -17.25 19 6.9
    endloop
  endfacet
  facet normal 0 0 1
    outer loop
      vertex 17.25 61 6.9
      vertex 16.05 59.8 6.9
      vertex 17.25 19 6.9
    endloop
  endfacet
  facet normal -0 0 1
    outer loop
      vertex 15.75 61 6.9
      vertex 16.05 59.8 6.9
      vertex 17.25 61 6.9
    endloop
  endfacet
  facet normal -0 0 1
    outer loop
      vertex 10.75 61 6.9
      vertex 16.05 59.8 6.9
      vertex 15.75 61 6.9
    endloop
  endfacet
  facet normal -0 0 1
    outer loop
      vertex -10.75 61 6.9
      vertex 16.05 59.8 6.9
      vertex 10.75 61 6.9
    endloop
  endfacet
  facet normal 0 0 1
    outer loop
      vertex -16.05 59.8 6.9
      vertex -10.75 61 6.9
      vertex -15.75 61 6.9
    endloop
  endfacet
  facet normal 0 0 1
    outer loop
      vertex -10.75 61 6.9
      vertex -16.05 59.8 6.9
      vertex 16.05 59.8 6.9
    endloop
  endfacet
  facet normal 0 0 1
    outer loop
      vertex -16.05 59.8 6.9
      vertex -17.25 61 6.9
      vertex -16.05 20.2 6.9
    endloop
  endfacet
  facet normal -0 0 1
    outer loop
      vertex -17.25 61 6.9
      vertex -16.05 59.8 6.9
      vertex -15.75 61 6.9
    endloop
  endfacet
  facet normal -0 0 1
    outer loop
      vertex 16.05 20.2 6.9
      vertex 17.25 19 6.9
      vertex 16.05 59.8 6.9
    endloop
  endfacet
  facet normal 0 0 1
    outer loop
      vertex 16.05 20.2 6.9
      vertex 15.75 19 6.9
      vertex 17.25 19 6.9
    endloop
  endfacet
  facet normal 0 0 1
    outer loop
      vertex 16.05 20.2 6.9
      vertex 10.75 19 6.9
      vertex 15.75 19 6.9
    endloop
  endfacet
  facet normal 0 0 1
    outer loop
      vertex 16.05 20.2 6.9
      vertex -10.75 19 6.9
      vertex 10.75 19 6.9
    endloop
  endfacet
  facet normal -0 0 1
    outer loop
      vertex -16.05 20.2 6.9
      vertex -10.75 19 6.9
      vertex 16.05 20.2 6.9
    endloop
  endfacet
  facet normal 0 0 1
    outer loop
      vertex -10.75 19 6.9
      vertex -16.05 20.2 6.9
      vertex -15.75 19 6.9
    endloop
  endfacet
  facet normal 0 0 1
    outer loop
      vertex -16.05 20.2 6.9
      vertex -17.25 19 6.9
      vertex -15.75 19 6.9
    endloop
  endfacet
  facet normal 0 0 1
    outer loop
      vertex -17.25 19 6.9
      vertex -16.05 20.2 6.9
      vertex -17.25 61 6.9
    endloop
  endfacet
  facet normal -1 0 0
    outer loop
      vertex 16.05 20.2 2.4
      vertex 16.05 59.8 6.9
      vertex 16.05 59.8 2.4
    endloop
  endfacet
  facet normal -1 -0 0
    outer loop
      vertex 16.05 59.8 6.9
      vertex 16.05 20.2 2.4
      vertex 16.05 20.2 6.9
    endloop
  endfacet
  facet normal 0 -1 0
    outer loop
      vertex -16.05 59.8 2.4
      vertex 16.05 59.8 6.9
      vertex -16.05 59.8 6.9
    endloop
  endfacet
  facet normal 0 -1 -0
    outer loop
      vertex 16.05 59.8 6.9
      vertex -16.05 59.8 2.4
      vertex 16.05 59.8 2.4
    endloop
  endfacet
  facet normal 0 1 -0
    outer loop
      vertex 16.05 20.2 2.4
      vertex -16.05 20.2 6.9
      vertex 16.05 20.2 6.9
    endloop
  endfacet
  facet normal 0 1 0
    outer loop
      vertex -16.05 20.2 6.9
      vertex 16.05 20.2 2.4
      vertex -16.05 20.2 2.4
    endloop
  endfacet
  facet normal 1 -0 0
    outer loop
      vertex -16.05 20.2 6.9
      vertex -16.05 59.8 2.4
      vertex -16.05 59.8 6.9
    endloop
  endfacet
  facet normal 1 0 0
    outer loop
      vertex -16.05 59.8 2.4
      vertex -16.05 20.2 6.9
      vertex -16.05 20.2 2.4
    endloop
  endfacet
  facet normal 1 0 0
    outer loop
      vertex -10.75 61 6.9
      vertex -10.75 64 16.9
      vertex -10.75 61 13.9
    endloop
  endfacet
  facet normal 1 0 0
    outer loop
      vertex -10.75 64 16.9
      vertex -10.75 19 13.9
      vertex -10.75 61 13.9
    endloop
  endfacet
  facet normal 1 0 0
    outer loop
      vertex -10.75 16 16.9
      vertex -10.75 19 6.9
      vertex -10.75 19 13.9
    endloop
  endfacet
  facet normal 1 -0 0
    outer loop
      vertex -10.75 16 16.9
      vertex -10.75 19 13.9
      vertex -10.75 64 16.9
    endloop
  endfacet
  facet normal 1 0 0
    outer loop
      vertex -10.75 19 6.9
      vertex -10.75 16 16.9
      vertex -10.75 16 2.4
    endloop
  endfacet
  facet normal 1 0 0
    outer loop
      vertex -10.75 19 6.9
      vertex -10.75 16 2.4
      vertex -10.75 19 2.4
    endloop
  endfacet
  facet normal 1 0 0
    outer loop
      vertex -10.75 64 16.9
      vertex -10.75 61 6.9
      vertex -10.75 64 2.4
    endloop
  endfacet
  facet normal 1 0 0
    outer loop
      vertex -10.75 64 2.4
      vertex -10.75 61 6.9
      vertex -10.75 61 2.4
    endloop
  endfacet
  facet normal 0 -1 0
    outer loop
      vertex -15.75 16 2.4
      vertex -10.75 16 16.9
      vertex -15.75 16 16.9
    endloop
  endfacet
  facet normal 0 -1 -0
    outer loop
      vertex -10.75 16 16.9
      vertex -15.75 16 2.4
      vertex -10.75 16 2.4
    endloop
  endfacet
  facet normal -1 0 0
    outer loop
      vertex -15.75 16 2.4
      vertex -15.75 19 6.9
      vertex -15.75 19 2.4
    endloop
  endfacet
  facet normal -1 0 0
    outer loop
      vertex -15.75 16 16.9
      vertex -15.75 19 6.9
      vertex -15.75 16 2.4
    endloop
  endfacet
  facet normal -1 0 0
    outer loop
      vertex -15.75 61 6.9
      vertex -15.75 64 2.4
      vertex -15.75 61 2.4
    endloop
  endfacet
  facet normal -1 0 0
    outer loop
      vertex -15.75 64 2.4
      vertex -15.75 61 6.9
      vertex -15.75 64 16.9
    endloop
  endfacet
  facet normal -1 0 0
    outer loop
      vertex -15.75 61 13.9
      vertex -15.75 64 16.9
      vertex -15.75 61 6.9
    endloop
  endfacet
  facet normal -1 0 0
    outer loop
      vertex -15.75 19 13.9
      vertex -15.75 64 16.9
      vertex -15.75 61 13.9
    endloop
  endfacet
  facet normal -1 0 0
    outer loop
      vertex -15.75 19 13.9
      vertex -15.75 16 16.9
      vertex -15.75 64 16.9
    endloop
  endfacet
  facet normal -1 0 0
    outer loop
      vertex -15.75 19 6.9
      vertex -15.75 16 16.9
      vertex -15.75 19 13.9
    endloop
  endfacet
  facet normal -0 0 1
    outer loop
      vertex -15.75 64 16.9
      vertex -10.75 16 16.9
      vertex -10.75 64 16.9
    endloop
  endfacet
  facet normal 0 0 1
    outer loop
      vertex -10.75 16 16.9
      vertex -15.75 64 16.9
      vertex -15.75 16 16.9
    endloop
  endfacet
  facet normal 0 1 -0
    outer loop
      vertex -10.75 64 2.4
      vertex -15.75 64 16.9
      vertex -10.75 64 16.9
    endloop
  endfacet
  facet normal 0 1 0
    outer loop
      vertex -15.75 64 16.9
      vertex -10.75 64 2.4
      vertex -15.75 64 2.4
    endloop
  endfacet
  facet normal 0 0 -1
    outer loop
      vertex -15.75 19 13.9
      vertex -10.75 61 13.9
      vertex -10.75 19 13.9
    endloop
  endfacet
  facet normal -0 0 -1
    outer loop
      vertex -10.75 61 13.9
      vertex -15.75 19 13.9
      vertex -15.75 61 13.9
    endloop
  endfacet
  facet normal 1 0 0
    outer loop
      vertex 15.75 61 6.9
      vertex 15.75 64 16.9
      vertex 15.75 61 13.9
    endloop
  endfacet
  facet normal 1 0 0
    outer loop
      vertex 15.75 64 16.9
      vertex 15.75 19 13.9
      vertex 15.75 61 13.9
    endloop
  endfacet
  facet normal 1 0 0
    outer loop
      vertex 15.75 16 16.9
      vertex 15.75 19 6.9
      vertex 15.75 19 13.9
    endloop
  endfacet
  facet normal 1 -0 0
    outer loop
      vertex 15.75 16 16.9
      vertex 15.75 19 13.9
      vertex 15.75 64 16.9
    endloop
  endfacet
  facet normal 1 0 0
    outer loop
      vertex 15.75 19 6.9
      vertex 15.75 16 16.9
      vertex 15.75 16 2.4
    endloop
  endfacet
  facet normal 1 0 0
    outer loop
      vertex 15.75 19 6.9
      vertex 15.75 16 2.4
      vertex 15.75 19 2.4
    endloop
  endfacet
  facet normal 1 0 0
    outer loop
      vertex 15.75 64 16.9
      vertex 15.75 61 6.9
      vertex 15.75 64 2.4
    endloop
  endfacet
  facet normal 1 0 0
    outer loop
      vertex 15.75 64 2.4
      vertex 15.75 61 6.9
      vertex 15.75 61 2.4
    endloop
  endfacet
  facet normal 0 -1 0
    outer loop
      vertex 10.75 16 2.4
      vertex 15.75 16 16.9
      vertex 10.75 16 16.9
    endloop
  endfacet
  facet normal 0 -1 -0
    outer loop
      vertex 15.75 16 16.9
      vertex 10.75 16 2.4
      vertex 15.75 16 2.4
    endloop
  endfacet
  facet normal -1 0 0
    outer loop
      vertex 10.75 16 2.4
      vertex 10.75 19 6.9
      vertex 10.75 19 2.4
    endloop
  endfacet
  facet normal -1 0 0
    outer loop
      vertex 10.75 16 16.9
      vertex 10.75 19 6.9
      vertex 10.75 16 2.4
    endloop
  endfacet
  facet normal -1 0 0
    outer loop
      vertex 10.75 61 6.9
      vertex 10.75 64 2.4
      vertex 10.75 61 2.4
    endloop
  endfacet
  facet normal -1 0 0
    outer loop
      vertex 10.75 64 2.4
      vertex 10.75 61 6.9
      vertex 10.75 64 16.9
    endloop
  endfacet
  facet normal -1 0 0
    outer loop
      vertex 10.75 61 13.9
      vertex 10.75 64 16.9
      vertex 10.75 61 6.9
    endloop
  endfacet
  facet normal -1 0 0
    outer loop
      vertex 10.75 19 13.9
      vertex 10.75 64 16.9
      vertex 10.75 61 13.9
    endloop
  endfacet
  facet normal -1 0 0
    outer loop
      vertex 10.75 19 13.9
      vertex 10.75 16 16.9
      vertex 10.75 64 16.9
    endloop
  endfacet
  facet normal -1 0 0
    outer loop
      vertex 10.75 19 6.9
      vertex 10.75 16 16.9
      vertex 10.75 19 13.9
    endloop
  endfacet
  facet normal -0 0 1
    outer loop
      vertex 10.75 64 16.9
      vertex 15.75 16 16.9
      vertex 15.75 64 16.9
    endloop
  endfacet
  facet normal 0 0 1
    outer loop
      vertex 15.75 16 16.9
      vertex 10.75 64 16.9
      vertex 10.75 16 16.9
    endloop
  endfacet
  facet normal 0 1 -0
    outer loop
      vertex 15.75 64 2.4
      vertex 10.75 64 16.9
      vertex 15.75 64 16.9
    endloop
  endfacet
  facet normal 0 1 0
    outer loop
      vertex 10.75 64 16.9
      vertex 15.75 64 2.4
      vertex 10.75 64 2.4
    endloop
  endfacet
  facet normal 0 0 -1
    outer loop
      vertex 10.75 19 13.9
      vertex 15.75 61 13.9
      vertex 15.75 19 13.9
    endloop
  endfacet
  facet normal -0 0 -1
    outer loop
      vertex 15.75 61 13.9
      vertex 10.75 19 13.9
      vertex 10.75 61 13.9
    endloop
  endfacet
  facet normal 0.442289 -0.896873 0
    outer loop
      vertex 34.2961 0.456722 3.8147e-07
      vertex 35 0.803847 2.4
      vertex 34.2961 0.456722 2.4
    endloop
  endfacet
  facet normal 0.442289 -0.896873 0
    outer loop
      vertex 35 0.803847 2.4
      vertex 34.2961 0.456722 3.8147e-07
      vertex 35 0.803847 3.8147e-07
    endloop
  endfacet
  facet normal 0.659392 -0.751799 0
    outer loop
      vertex 35.6526 1.23988 3.8147e-07
      vertex 36.2426 1.75736 2.4
      vertex 35.6526 1.23988 2.4
    endloop
  endfacet
  facet normal 0.659392 -0.751799 0
    outer loop
      vertex 36.2426 1.75736 2.4
      vertex 35.6526 1.23988 3.8147e-07
      vertex 36.2426 1.75736 3.8147e-07
    endloop
  endfacet
  facet normal -0.997862 0.0653605 0
    outer loop
      vertex -38 78 3.8147e-07
      vertex -37.9487 78.7832 2.4
      vertex -37.9487 78.7832 3.8147e-07
    endloop
  endfacet
  facet normal -0.997862 0.0653605 0
    outer loop
      vertex -37.9487 78.7832 2.4
      vertex -38 78 3.8147e-07
      vertex -38 78 2.4
    endloop
  endfacet
  facet normal 0.946923 0.32146 0
    outer loop
      vertex 37.7956 79.5529 2.4
      vertex 37.5433 80.2961 3.8147e-07
      vertex 37.5433 80.2961 2.4
    endloop
  endfacet
  facet normal 0.946923 0.32146 0
    outer loop
      vertex 37.5433 80.2961 3.8147e-07
      vertex 37.7956 79.5529 2.4
      vertex 37.7956 79.5529 3.8147e-07
    endloop
  endfacet
  facet normal 0.896885 0.442263 0
    outer loop
      vertex 37.5433 80.2961 2.4
      vertex 37.1962 81 3.8147e-07
      vertex 37.1962 81 2.4
    endloop
  endfacet
  facet normal 0.896885 0.442263 0
    outer loop
      vertex 37.1962 81 3.8147e-07
      vertex 37.5433 80.2961 2.4
      vertex 37.5433 80.2961 3.8147e-07
    endloop
  endfacet
  facet normal -0.321433 -0.946932 0
    outer loop
      vertex -34.2961 0.456722 3.8147e-07
      vertex -33.5529 0.204445 2.4
      vertex -34.2961 0.456722 2.4
    endloop
  endfacet
  facet normal -0.321433 -0.946932 -0
    outer loop
      vertex -33.5529 0.204445 2.4
      vertex -34.2961 0.456722 3.8147e-07
      vertex -33.5529 0.204445 3.8147e-07
    endloop
  endfacet
  facet normal 0 1 -0
    outer loop
      vertex 32 84 3.8147e-07
      vertex -32 84 2.4
      vertex 32 84 2.4
    endloop
  endfacet
  facet normal 0 1 0
    outer loop
      vertex -32 84 2.4
      vertex 32 84 3.8147e-07
      vertex -32 84 3.8147e-07
    endloop
  endfacet
  facet normal 0.659406 0.751787 -0
    outer loop
      vertex 36.2426 82.2426 3.8147e-07
      vertex 35.6526 82.7601 2.4
      vertex 36.2426 82.2426 2.4
    endloop
  endfacet
  facet normal 0.659406 0.751787 0
    outer loop
      vertex 35.6526 82.7601 2.4
      vertex 36.2426 82.2426 3.8147e-07
      vertex 35.6526 82.7601 3.8147e-07
    endloop
  endfacet
  facet normal -0.555611 0.831442 0
    outer loop
      vertex -35 83.1962 3.8147e-07
      vertex -35.6526 82.7601 2.4
      vertex -35 83.1962 2.4
    endloop
  endfacet
  facet normal -0.555611 0.831442 0
    outer loop
      vertex -35.6526 82.7601 2.4
      vertex -35 83.1962 3.8147e-07
      vertex -35.6526 82.7601 3.8147e-07
    endloop
  endfacet
  facet normal 0 -1 0
    outer loop
      vertex -32 0 3.8147e-07
      vertex 32 0 2.4
      vertex -32 0 2.4
    endloop
  endfacet
  facet normal 0 -1 -0
    outer loop
      vertex 32 0 2.4
      vertex -32 0 3.8147e-07
      vertex 32 0 3.8147e-07
    endloop
  endfacet
  facet normal 0.997862 -0.0653638 0
    outer loop
      vertex 37.9487 5.21684 2.4
      vertex 38 6 3.8147e-07
      vertex 38 6 2.4
    endloop
  endfacet
  facet normal 0.997862 -0.0653638 0
    outer loop
      vertex 38 6 3.8147e-07
      vertex 37.9487 5.21684 2.4
      vertex 37.9487 5.21684 3.8147e-07
    endloop
  endfacet
  facet normal -0.195104 -0.980782 0
    outer loop
      vertex -33.5529 0.204445 3.8147e-07
      vertex -32.7832 0.0513306 2.4
      vertex -33.5529 0.204445 2.4
    endloop
  endfacet
  facet normal -0.195104 -0.980782 -0
    outer loop
      vertex -32.7832 0.0513306 2.4
      vertex -33.5529 0.204445 3.8147e-07
      vertex -32.7832 0.0513306 3.8147e-07
    endloop
  endfacet
  facet normal -1 0 0
    outer loop
      vertex -38 6 3.8147e-07
      vertex -38 78 2.4
      vertex -38 78 3.8147e-07
    endloop
  endfacet
  facet normal -1 -0 0
    outer loop
      vertex -38 78 2.4
      vertex -38 6 3.8147e-07
      vertex -38 6 2.4
    endloop
  endfacet
  facet normal 0.896885 -0.442263 0
    outer loop
      vertex 37.1962 3 2.4
      vertex 37.5433 3.7039 3.8147e-07
      vertex 37.5433 3.7039 2.4
    endloop
  endfacet
  facet normal 0.896885 -0.442263 0
    outer loop
      vertex 37.5433 3.7039 3.8147e-07
      vertex 37.1962 3 2.4
      vertex 37.1962 3 3.8147e-07
    endloop
  endfacet
  facet normal 0.946922 -0.321463 0
    outer loop
      vertex 37.5433 3.7039 2.4
      vertex 37.7956 4.44709 3.8147e-07
      vertex 37.7956 4.44709 2.4
    endloop
  endfacet
  facet normal 0.946922 -0.321463 0
    outer loop
      vertex 37.7956 4.44709 3.8147e-07
      vertex 37.5433 3.7039 2.4
      vertex 37.5433 3.7039 3.8147e-07
    endloop
  endfacet
  facet normal 1 -0 0
    outer loop
      vertex 38 6 2.4
      vertex 38 78 3.8147e-07
      vertex 38 78 2.4
    endloop
  endfacet
  facet normal 1 0 0
    outer loop
      vertex 38 78 3.8147e-07
      vertex 38 6 2.4
      vertex 38 6 3.8147e-07
    endloop
  endfacet
  facet normal -0.751787 0.659406 0
    outer loop
      vertex -36.7601 81.6526 3.8147e-07
      vertex -36.2426 82.2426 2.4
      vertex -36.2426 82.2426 3.8147e-07
    endloop
  endfacet
  facet normal -0.751787 0.659406 0
    outer loop
      vertex -36.2426 82.2426 2.4
      vertex -36.7601 81.6526 3.8147e-07
      vertex -36.7601 81.6526 2.4
    endloop
  endfacet
  facet normal -0.32146 0.946923 0
    outer loop
      vertex -33.5529 83.7956 3.8147e-07
      vertex -34.2961 83.5433 2.4
      vertex -33.5529 83.7956 2.4
    endloop
  endfacet
  facet normal -0.32146 0.946923 0
    outer loop
      vertex -34.2961 83.5433 2.4
      vertex -33.5529 83.7956 3.8147e-07
      vertex -34.2961 83.5433 3.8147e-07
    endloop
  endfacet
  facet normal -0.0653993 -0.997859 0
    outer loop
      vertex -32.7832 0.0513306 3.8147e-07
      vertex -32 0 2.4
      vertex -32.7832 0.0513306 2.4
    endloop
  endfacet
  facet normal -0.0653993 -0.997859 -0
    outer loop
      vertex -32 0 2.4
      vertex -32.7832 0.0513306 3.8147e-07
      vertex -32 0 3.8147e-07
    endloop
  endfacet
  facet normal 0.751826 -0.659362 0
    outer loop
      vertex 36.2426 1.75736 2.4
      vertex 36.7601 2.34743 3.8147e-07
      vertex 36.7601 2.34743 2.4
    endloop
  endfacet
  facet normal 0.751826 -0.659362 0
    outer loop
      vertex 36.7601 2.34743 3.8147e-07
      vertex 36.2426 1.75736 2.4
      vertex 36.2426 1.75736 3.8147e-07
    endloop
  endfacet
  facet normal 0.83143 -0.555629 0
    outer loop
      vertex 36.7601 2.34743 2.4
      vertex 37.1962 3 3.8147e-07
      vertex 37.1962 3 2.4
    endloop
  endfacet
  facet normal 0.83143 -0.555629 0
    outer loop
      vertex 37.1962 3 3.8147e-07
      vertex 36.7601 2.34743 2.4
      vertex 36.7601 2.34743 3.8147e-07
    endloop
  endfacet
  facet normal -0.980786 0.195087 0
    outer loop
      vertex -37.9487 78.7832 3.8147e-07
      vertex -37.7956 79.5529 2.4
      vertex -37.7956 79.5529 3.8147e-07
    endloop
  endfacet
  facet normal -0.980786 0.195087 0
    outer loop
      vertex -37.7956 79.5529 2.4
      vertex -37.9487 78.7832 3.8147e-07
      vertex -37.9487 78.7832 2.4
    endloop
  endfacet
  facet normal -0.831442 0.555611 0
    outer loop
      vertex -37.1962 81 3.8147e-07
      vertex -36.7601 81.6526 2.4
      vertex -36.7601 81.6526 3.8147e-07
    endloop
  endfacet
  facet normal -0.831442 0.555611 0
    outer loop
      vertex -36.7601 81.6526 2.4
      vertex -37.1962 81 3.8147e-07
      vertex -37.1962 81 2.4
    endloop
  endfacet
  facet normal 0.980786 0.195087 0
    outer loop
      vertex 37.9487 78.7832 2.4
      vertex 37.7956 79.5529 3.8147e-07
      vertex 37.7956 79.5529 2.4
    endloop
  endfacet
  facet normal 0.980786 0.195087 0
    outer loop
      vertex 37.7956 79.5529 3.8147e-07
      vertex 37.9487 78.7832 2.4
      vertex 37.9487 78.7832 3.8147e-07
    endloop
  endfacet
  facet normal 0.32146 0.946923 -0
    outer loop
      vertex 34.2961 83.5433 3.8147e-07
      vertex 33.5529 83.7956 2.4
      vertex 34.2961 83.5433 2.4
    endloop
  endfacet
  facet normal 0.32146 0.946923 0
    outer loop
      vertex 33.5529 83.7956 2.4
      vertex 34.2961 83.5433 3.8147e-07
      vertex 33.5529 83.7956 3.8147e-07
    endloop
  endfacet
  facet normal -0.946923 0.32146 0
    outer loop
      vertex -37.7956 79.5529 3.8147e-07
      vertex -37.5433 80.2961 2.4
      vertex -37.5433 80.2961 3.8147e-07
    endloop
  endfacet
  facet normal -0.946923 0.32146 0
    outer loop
      vertex -37.5433 80.2961 2.4
      vertex -37.7956 79.5529 3.8147e-07
      vertex -37.7956 79.5529 2.4
    endloop
  endfacet
  facet normal 0.0653993 -0.997859 0
    outer loop
      vertex 32 0 3.8147e-07
      vertex 32.7832 0.0513306 2.4
      vertex 32 0 2.4
    endloop
  endfacet
  facet normal 0.0653993 -0.997859 0
    outer loop
      vertex 32.7832 0.0513306 2.4
      vertex 32 0 3.8147e-07
      vertex 32.7832 0.0513306 3.8147e-07
    endloop
  endfacet
  facet normal -0.555552 -0.831482 0
    outer loop
      vertex -35.6526 1.23988 3.8147e-07
      vertex -35 0.803847 2.4
      vertex -35.6526 1.23988 2.4
    endloop
  endfacet
  facet normal -0.555552 -0.831482 -0
    outer loop
      vertex -35 0.803847 2.4
      vertex -35.6526 1.23988 3.8147e-07
      vertex -35 0.803847 3.8147e-07
    endloop
  endfacet
  facet normal 0.555552 -0.831482 0
    outer loop
      vertex 35 0.803847 3.8147e-07
      vertex 35.6526 1.23988 2.4
      vertex 35 0.803847 2.4
    endloop
  endfacet
  facet normal 0.555552 -0.831482 0
    outer loop
      vertex 35.6526 1.23988 2.4
      vertex 35 0.803847 3.8147e-07
      vertex 35.6526 1.23988 3.8147e-07
    endloop
  endfacet
  facet normal -0.896885 -0.442263 0
    outer loop
      vertex -37.1962 3 3.8147e-07
      vertex -37.5433 3.7039 2.4
      vertex -37.5433 3.7039 3.8147e-07
    endloop
  endfacet
  facet normal -0.896885 -0.442263 0
    outer loop
      vertex -37.5433 3.7039 2.4
      vertex -37.1962 3 3.8147e-07
      vertex -37.1962 3 2.4
    endloop
  endfacet
  facet normal -0.442289 -0.896873 0
    outer loop
      vertex -35 0.803847 3.8147e-07
      vertex -34.2961 0.456722 2.4
      vertex -35 0.803847 2.4
    endloop
  endfacet
  facet normal -0.442289 -0.896873 -0
    outer loop
      vertex -34.2961 0.456722 2.4
      vertex -35 0.803847 3.8147e-07
      vertex -34.2961 0.456722 3.8147e-07
    endloop
  endfacet
  facet normal 0.321433 -0.946932 0
    outer loop
      vertex 33.5529 0.204445 3.8147e-07
      vertex 34.2961 0.456722 2.4
      vertex 33.5529 0.204445 2.4
    endloop
  endfacet
  facet normal 0.321433 -0.946932 0
    outer loop
      vertex 34.2961 0.456722 2.4
      vertex 33.5529 0.204445 3.8147e-07
      vertex 34.2961 0.456722 3.8147e-07
    endloop
  endfacet
  facet normal -0 0 1
    outer loop
      vertex -30.5278 77.15 2.4
      vertex -21.5 72 2.4
      vertex -30.4294 77.3494 2.4
    endloop
  endfacet
  facet normal 0 0 1
    outer loop
      vertex -23 45.5 2.4
      vertex -30.3145 6.22189 2.4
      vertex -30.3 6 2.4
    endloop
  endfacet
  facet normal -0 0 1
    outer loop
      vertex -30.6513 76.9651 2.4
      vertex -21.5 72 2.4
      vertex -30.5278 77.15 2.4
    endloop
  endfacet
  facet normal 0 0 1
    outer loop
      vertex -23 45.5 2.4
      vertex -30.3579 6.43999 2.4
      vertex -30.3145 6.22189 2.4
    endloop
  endfacet
  facet normal -0 0 1
    outer loop
      vertex -30.7979 76.7979 2.4
      vertex -21.5 72 2.4
      vertex -30.6513 76.9651 2.4
    endloop
  endfacet
  facet normal 0 0 1
    outer loop
      vertex -23 45.5 2.4
      vertex -30.4294 6.65056 2.4
      vertex -30.3579 6.43999 2.4
    endloop
  endfacet
  facet normal -0 0 1
    outer loop
      vertex -30.9651 76.6513 2.4
      vertex -21.5 72 2.4
      vertex -30.7979 76.7979 2.4
    endloop
  endfacet
  facet normal 0 0 1
    outer loop
      vertex -23 45.5 2.4
      vertex -30.5278 6.85 2.4
      vertex -30.4294 6.65056 2.4
    endloop
  endfacet
  facet normal -0 0 1
    outer loop
      vertex -31.15 76.5278 2.4
      vertex -21.5 72 2.4
      vertex -30.9651 76.6513 2.4
    endloop
  endfacet
  facet normal 0 0 1
    outer loop
      vertex -23 45.5 2.4
      vertex -30.6513 7.03489 2.4
      vertex -30.5278 6.85 2.4
    endloop
  endfacet
  facet normal -0 0 1
    outer loop
      vertex -31.3494 76.4294 2.4
      vertex -21.5 72 2.4
      vertex -31.15 76.5278 2.4
    endloop
  endfacet
  facet normal 0 0 1
    outer loop
      vertex -23 45.5 2.4
      vertex -30.7979 7.20208 2.4
      vertex -30.6513 7.03489 2.4
    endloop
  endfacet
  facet normal -0 0 1
    outer loop
      vertex -31.56 76.3579 2.4
      vertex -21.5 72 2.4
      vertex -31.3494 76.4294 2.4
    endloop
  endfacet
  facet normal 0 0 1
    outer loop
      vertex -23 45.5 2.4
      vertex -30.9651 7.3487 2.4
      vertex -30.7979 7.20208 2.4
    endloop
  endfacet
  facet normal -0 0 1
    outer loop
      vertex -31.7781 76.3145 2.4
      vertex -21.5 72 2.4
      vertex -31.56 76.3579 2.4
    endloop
  endfacet
  facet normal 0 0 1
    outer loop
      vertex -23 45.5 2.4
      vertex -31.15 7.47224 2.4
      vertex -30.9651 7.3487 2.4
    endloop
  endfacet
  facet normal -0 0 1
    outer loop
      vertex -32 76.3 2.4
      vertex -21.5 72 2.4
      vertex -31.7781 76.3145 2.4
    endloop
  endfacet
  facet normal 0 0 1
    outer loop
      vertex -23 45.5 2.4
      vertex -31.3494 7.57059 2.4
      vertex -31.15 7.47224 2.4
    endloop
  endfacet
  facet normal 0 0 1
    outer loop
      vertex -21.5 72 2.4
      vertex -32 76.3 2.4
      vertex -23 51.5 2.4
    endloop
  endfacet
  facet normal 0 0 1
    outer loop
      vertex -23 45.5 2.4
      vertex -31.56 7.64207 2.4
      vertex -31.3494 7.57059 2.4
    endloop
  endfacet
  facet normal 0 0 1
    outer loop
      vertex -32.2219 76.3145 2.4
      vertex -23 51.5 2.4
      vertex -32 76.3 2.4
    endloop
  endfacet
  facet normal 0 0 1
    outer loop
      vertex -23 45.5 2.4
      vertex -31.7781 7.68546 2.4
      vertex -31.56 7.64207 2.4
    endloop
  endfacet
  facet normal 0 0 1
    outer loop
      vertex -32.44 76.3579 2.4
      vertex -23 51.5 2.4
      vertex -32.2219 76.3145 2.4
    endloop
  endfacet
  facet normal 0 0 1
    outer loop
      vertex -23 45.5 2.4
      vertex -32 7.7 2.4
      vertex -31.7781 7.68546 2.4
    endloop
  endfacet
  facet normal 0 0 1
    outer loop
      vertex -32.6506 76.4294 2.4
      vertex -23 51.5 2.4
      vertex -32.44 76.3579 2.4
    endloop
  endfacet
  facet normal 0 0 1
    outer loop
      vertex -23 45.5 2.4
      vertex -32.2219 7.68546 2.4
      vertex -32 7.7 2.4
    endloop
  endfacet
  facet normal 0 0 1
    outer loop
      vertex -38 78 2.4
      vertex -23 51.5 2.4
      vertex -32.6506 76.4294 2.4
    endloop
  endfacet
  facet normal 0 0 1
    outer loop
      vertex -23 45.5 2.4
      vertex -32.44 7.64207 2.4
      vertex -32.2219 7.68546 2.4
    endloop
  endfacet
  facet normal 0 0 1
    outer loop
      vertex -23 51.5 2.4
      vertex -38 78 2.4
      vertex -23 45.5 2.4
    endloop
  endfacet
  facet normal 0 0 1
    outer loop
      vertex -23 45.5 2.4
      vertex -32.6506 7.57059 2.4
      vertex -32.44 7.64207 2.4
    endloop
  endfacet
  facet normal 0 0 1
    outer loop
      vertex -38 78 2.4
      vertex -32.6506 76.4294 2.4
      vertex -32.85 76.5278 2.4
    endloop
  endfacet
  facet normal 0 0 1
    outer loop
      vertex -38 6 2.4
      vertex -23 45.5 2.4
      vertex -38 78 2.4
    endloop
  endfacet
  facet normal 0 0 1
    outer loop
      vertex -38 78 2.4
      vertex -32.85 76.5278 2.4
      vertex -33.0349 76.6513 2.4
    endloop
  endfacet
  facet normal 0 0 1
    outer loop
      vertex -23 45.5 2.4
      vertex -38 6 2.4
      vertex -32.6506 7.57059 2.4
    endloop
  endfacet
  facet normal 0 0 1
    outer loop
      vertex -38 78 2.4
      vertex -33.0349 76.6513 2.4
      vertex -33.2021 76.7979 2.4
    endloop
  endfacet
  facet normal 0 0 1
    outer loop
      vertex -32.6506 7.57059 2.4
      vertex -38 6 2.4
      vertex -32.85 7.47224 2.4
    endloop
  endfacet
  facet normal 0 0 1
    outer loop
      vertex -38 78 2.4
      vertex -33.2021 76.7979 2.4
      vertex -33.3487 76.9651 2.4
    endloop
  endfacet
  facet normal 0 0 1
    outer loop
      vertex -32.85 7.47224 2.4
      vertex -38 6 2.4
      vertex -33.0349 7.3487 2.4
    endloop
  endfacet
  facet normal 0 0 1
    outer loop
      vertex -38 78 2.4
      vertex -33.3487 76.9651 2.4
      vertex -33.4722 77.15 2.4
    endloop
  endfacet
  facet normal 0 0 1
    outer loop
      vertex -33.0349 7.3487 2.4
      vertex -38 6 2.4
      vertex -33.2021 7.20208 2.4
    endloop
  endfacet
  facet normal 0 0 1
    outer loop
      vertex -38 78 2.4
      vertex -33.4722 77.15 2.4
      vertex -33.5706 77.3494 2.4
    endloop
  endfacet
  facet normal 0 0 1
    outer loop
      vertex -33.2021 7.20208 2.4
      vertex -38 6 2.4
      vertex -33.3487 7.03489 2.4
    endloop
  endfacet
  facet normal 0 0 1
    outer loop
      vertex -38 78 2.4
      vertex -33.5706 77.3494 2.4
      vertex -33.6421 77.56 2.4
    endloop
  endfacet
  facet normal 0 0 1
    outer loop
      vertex -33.3487 7.03489 2.4
      vertex -38 6 2.4
      vertex -33.4722 6.85 2.4
    endloop
  endfacet
  facet normal 0 0 1
    outer loop
      vertex -38 78 2.4
      vertex -33.6421 77.56 2.4
      vertex -33.6855 77.7781 2.4
    endloop
  endfacet
  facet normal 0 0 1
    outer loop
      vertex -33.4722 6.85 2.4
      vertex -38 6 2.4
      vertex -33.5706 6.65056 2.4
    endloop
  endfacet
  facet normal -0 0 1
    outer loop
      vertex -38 78 2.4
      vertex -33.6855 77.7781 2.4
      vertex -33.7 78 2.4
    endloop
  endfacet
  facet normal 0 0 1
    outer loop
      vertex -33.5706 6.65056 2.4
      vertex -38 6 2.4
      vertex -33.6421 6.43999 2.4
    endloop
  endfacet
  facet normal -0 0 1
    outer loop
      vertex -17.25 19 2.4
      vertex -15.75 16 2.4
      vertex -15.75 19 2.4
    endloop
  endfacet
  facet normal 0 0 1
    outer loop
      vertex -15.75 16 2.4
      vertex -17.25 19 2.4
      vertex -16.9 14 2.4
    endloop
  endfacet
  facet normal 0 0 1
    outer loop
      vertex -17.25 61 2.4
      vertex -18 45.5 2.4
      vertex -17.25 19 2.4
    endloop
  endfacet
  facet normal -0 0 1
    outer loop
      vertex -23 45.5 2.4
      vertex -17.25 19 2.4
      vertex -18 45.5 2.4
    endloop
  endfacet
  facet normal 0 0 1
    outer loop
      vertex -24.9 14 2.4
      vertex -17.25 19 2.4
      vertex -23 45.5 2.4
    endloop
  endfacet
  facet normal 0 0 1
    outer loop
      vertex -17.25 19 2.4
      vertex -24.9 14 2.4
      vertex -16.9 14 2.4
    endloop
  endfacet
  facet normal 0 0 1
    outer loop
      vertex -9.5 72 2.4
      vertex -12.5 72 2.4
      vertex -10.75 64 2.4
    endloop
  endfacet
  facet normal 0 0 1
    outer loop
      vertex -15.75 64 2.4
      vertex -12.5 72 2.4
      vertex -15.5 72 2.4
    endloop
  endfacet
  facet normal 0 0 1
    outer loop
      vertex -12.5 72 2.4
      vertex -15.75 64 2.4
      vertex -10.75 64 2.4
    endloop
  endfacet
  facet normal 0 0 1
    outer loop
      vertex -15.75 64 2.4
      vertex -21.5 72 2.4
      vertex -17.25 61 2.4
    endloop
  endfacet
  facet normal 0 0 1
    outer loop
      vertex -23 51.5 2.4
      vertex -17.25 61 2.4
      vertex -21.5 72 2.4
    endloop
  endfacet
  facet normal 0 0 1
    outer loop
      vertex -17.25 61 2.4
      vertex -23 51.5 2.4
      vertex -18 51.5 2.4
    endloop
  endfacet
  facet normal 0 0 1
    outer loop
      vertex 2.1 14 2.4
      vertex 10.75 16 2.4
      vertex 10.75 19 2.4
    endloop
  endfacet
  facet normal 0 0 1
    outer loop
      vertex 10.75 16 2.4
      vertex 2.1 14 2.4
      vertex 10.1 14 2.4
    endloop
  endfacet
  facet normal -0 0 1
    outer loop
      vertex -10.75 16 2.4
      vertex 2.1 14 2.4
      vertex -10.75 19 2.4
    endloop
  endfacet
  facet normal -0 0 1
    outer loop
      vertex -10.75 19 2.4
      vertex 2.1 14 2.4
      vertex 10.75 19 2.4
    endloop
  endfacet
  facet normal 0 0 1
    outer loop
      vertex 33.5706 77.3494 2.4
      vertex 38 78 2.4
      vertex 33.6421 77.56 2.4
    endloop
  endfacet
  facet normal 0 0 1
    outer loop
      vertex 38 6 2.4
      vertex 33.6855 6.22189 2.4
      vertex 33.7 6 2.4
    endloop
  endfacet
  facet normal 0 0 1
    outer loop
      vertex 33.4722 77.15 2.4
      vertex 38 78 2.4
      vertex 33.5706 77.3494 2.4
    endloop
  endfacet
  facet normal 0 0 1
    outer loop
      vertex 38 6 2.4
      vertex 33.6421 6.43999 2.4
      vertex 33.6855 6.22189 2.4
    endloop
  endfacet
  facet normal 0 0 1
    outer loop
      vertex 33.3487 76.9651 2.4
      vertex 38 78 2.4
      vertex 33.4722 77.15 2.4
    endloop
  endfacet
  facet normal 0 0 1
    outer loop
      vertex 38 6 2.4
      vertex 33.5706 6.65056 2.4
      vertex 33.6421 6.43999 2.4
    endloop
  endfacet
  facet normal 0 0 1
    outer loop
      vertex 33.2021 76.7979 2.4
      vertex 38 78 2.4
      vertex 33.3487 76.9651 2.4
    endloop
  endfacet
  facet normal 0 0 1
    outer loop
      vertex 38 6 2.4
      vertex 33.4722 6.85 2.4
      vertex 33.5706 6.65056 2.4
    endloop
  endfacet
  facet normal 0 0 1
    outer loop
      vertex 38 78 2.4
      vertex 23 45.5 2.4
      vertex 38 6 2.4
    endloop
  endfacet
  facet normal 0 0 1
    outer loop
      vertex 38 6 2.4
      vertex 33.3487 7.03489 2.4
      vertex 33.4722 6.85 2.4
    endloop
  endfacet
  facet normal 0 0 1
    outer loop
      vertex 33.0349 76.6513 2.4
      vertex 38 78 2.4
      vertex 33.2021 76.7979 2.4
    endloop
  endfacet
  facet normal -0 -0 1
    outer loop
      vertex 32.6506 7.57059 2.4
      vertex 38 6 2.4
      vertex 23 45.5 2.4
    endloop
  endfacet
  facet normal 0 0 1
    outer loop
      vertex 32.85 76.5278 2.4
      vertex 38 78 2.4
      vertex 33.0349 76.6513 2.4
    endloop
  endfacet
  facet normal 0 0 1
    outer loop
      vertex 38 6 2.4
      vertex 33.2021 7.20208 2.4
      vertex 33.3487 7.03489 2.4
    endloop
  endfacet
  facet normal 0 0 1
    outer loop
      vertex 32.6506 76.4294 2.4
      vertex 38 78 2.4
      vertex 32.85 76.5278 2.4
    endloop
  endfacet
  facet normal 0 0 1
    outer loop
      vertex 38 6 2.4
      vertex 33.0349 7.3487 2.4
      vertex 33.2021 7.20208 2.4
    endloop
  endfacet
  facet normal 0 0 1
    outer loop
      vertex 38 78 2.4
      vertex 32.6506 76.4294 2.4
      vertex 23 51.5 2.4
    endloop
  endfacet
  facet normal 0 0 1
    outer loop
      vertex 38 6 2.4
      vertex 32.85 7.47224 2.4
      vertex 33.0349 7.3487 2.4
    endloop
  endfacet
  facet normal 0 0 1
    outer loop
      vertex 23 51.5 2.4
      vertex 32.6506 76.4294 2.4
      vertex 32.44 76.3579 2.4
    endloop
  endfacet
  facet normal 0 0 1
    outer loop
      vertex 38 6 2.4
      vertex 32.6506 7.57059 2.4
      vertex 32.85 7.47224 2.4
    endloop
  endfacet
  facet normal 0 0 1
    outer loop
      vertex 23 51.5 2.4
      vertex 32.44 76.3579 2.4
      vertex 32.2219 76.3145 2.4
    endloop
  endfacet
  facet normal 0 0 1
    outer loop
      vertex 32.6506 7.57059 2.4
      vertex 23 45.5 2.4
      vertex 32.44 7.64207 2.4
    endloop
  endfacet
  facet normal 0 0 1
    outer loop
      vertex 23 51.5 2.4
      vertex 32.2219 76.3145 2.4
      vertex 32 76.3 2.4
    endloop
  endfacet
  facet normal 0 0 1
    outer loop
      vertex 32.44 7.64207 2.4
      vertex 23 45.5 2.4
      vertex 32.2219 7.68546 2.4
    endloop
  endfacet
  facet normal 0 0 1
    outer loop
      vertex 21.5 72 2.4
      vertex 32 76.3 2.4
      vertex 31.7781 76.3145 2.4
    endloop
  endfacet
  facet normal -0 0 1
    outer loop
      vertex 17.25 19 2.4
      vertex 32.2219 7.68546 2.4
      vertex 23 45.5 2.4
    endloop
  endfacet
  facet normal 0 0 1
    outer loop
      vertex 21.5 72 2.4
      vertex 31.7781 76.3145 2.4
      vertex 31.56 76.3579 2.4
    endloop
  endfacet
  facet normal 0 0 1
    outer loop
      vertex 32.2219 7.68546 2.4
      vertex 17.25 19 2.4
      vertex 32 7.7 2.4
    endloop
  endfacet
  facet normal 0 0 1
    outer loop
      vertex 21.5 72 2.4
      vertex 31.56 76.3579 2.4
      vertex 31.3494 76.4294 2.4
    endloop
  endfacet
  facet normal 0 0 1
    outer loop
      vertex 32 7.7 2.4
      vertex 17.25 19 2.4
      vertex 31.7781 7.68546 2.4
    endloop
  endfacet
  facet normal 0 0 1
    outer loop
      vertex 21.5 72 2.4
      vertex 31.3494 76.4294 2.4
      vertex 31.15 76.5278 2.4
    endloop
  endfacet
  facet normal 0 0 1
    outer loop
      vertex 31.7781 7.68546 2.4
      vertex 17.25 19 2.4
      vertex 31.56 7.64207 2.4
    endloop
  endfacet
  facet normal 0 0 1
    outer loop
      vertex 21.5 72 2.4
      vertex 31.15 76.5278 2.4
      vertex 30.9651 76.6513 2.4
    endloop
  endfacet
  facet normal 0 0 1
    outer loop
      vertex 31.56 7.64207 2.4
      vertex 17.25 19 2.4
      vertex 31.3494 7.57059 2.4
    endloop
  endfacet
  facet normal 0 0 1
    outer loop
      vertex 21.5 72 2.4
      vertex 30.9651 76.6513 2.4
      vertex 30.7979 76.7979 2.4
    endloop
  endfacet
  facet normal 0 0 1
    outer loop
      vertex 31.3494 7.57059 2.4
      vertex 17.25 19 2.4
      vertex 31.15 7.47224 2.4
    endloop
  endfacet
  facet normal 0 0 1
    outer loop
      vertex 21.5 72 2.4
      vertex 30.7979 76.7979 2.4
      vertex 30.6513 76.9651 2.4
    endloop
  endfacet
  facet normal 0 0 1
    outer loop
      vertex 31.15 7.47224 2.4
      vertex 17.25 19 2.4
      vertex 30.9651 7.3487 2.4
    endloop
  endfacet
  facet normal 0 0 1
    outer loop
      vertex 21.5 72 2.4
      vertex 30.6513 76.9651 2.4
      vertex 30.5278 77.15 2.4
    endloop
  endfacet
  facet normal 0 0 1
    outer loop
      vertex 30.9651 7.3487 2.4
      vertex 17.25 19 2.4
      vertex 30.7979 7.20208 2.4
    endloop
  endfacet
  facet normal 0 0 1
    outer loop
      vertex 21.5 72 2.4
      vertex 30.5278 77.15 2.4
      vertex 30.4294 77.3494 2.4
    endloop
  endfacet
  facet normal -0 0 1
    outer loop
      vertex 15.75 16 2.4
      vertex 30.7979 7.20208 2.4
      vertex 17.25 19 2.4
    endloop
  endfacet
  facet normal 0 0 1
    outer loop
      vertex 21.5 72 2.4
      vertex 30.4294 77.3494 2.4
      vertex 30.3579 77.56 2.4
    endloop
  endfacet
  facet normal 0 0 1
    outer loop
      vertex 30.7979 7.20208 2.4
      vertex 15.75 16 2.4
      vertex 30.6513 7.03489 2.4
    endloop
  endfacet
  facet normal 0 0 1
    outer loop
      vertex 21.5 80 2.4
      vertex 30.3579 77.56 2.4
      vertex 30.3145 77.7781 2.4
    endloop
  endfacet
  facet normal 0 0 1
    outer loop
      vertex 30.6513 7.03489 2.4
      vertex 15.75 16 2.4
      vertex 30.5278 6.85 2.4
    endloop
  endfacet
  facet normal 0 0 1
    outer loop
      vertex 21.5 80 2.4
      vertex 30.3145 77.7781 2.4
      vertex 30.3 78 2.4
    endloop
  endfacet
  facet normal 0 0 1
    outer loop
      vertex 30.5278 6.85 2.4
      vertex 15.75 16 2.4
      vertex 30.4294 6.65056 2.4
    endloop
  endfacet
  facet normal 0 0 1
    outer loop
      vertex 33.7 78 2.4
      vertex 38 78 2.4
      vertex 37.9487 78.7832 2.4
    endloop
  endfacet
  facet normal 0 0 1
    outer loop
      vertex 33.6855 77.7781 2.4
      vertex 38 78 2.4
      vertex 33.7 78 2.4
    endloop
  endfacet
  facet normal 0 0 1
    outer loop
      vertex 33.6855 78.2219 2.4
      vertex 37.9487 78.7832 2.4
      vertex 37.7956 79.5529 2.4
    endloop
  endfacet
  facet normal 0 0 1
    outer loop
      vertex 33.6421 77.56 2.4
      vertex 38 78 2.4
      vertex 33.6855 77.7781 2.4
    endloop
  endfacet
  facet normal 0 0 1
    outer loop
      vertex 33.6421 78.44 2.4
      vertex 37.7956 79.5529 2.4
      vertex 37.5433 80.2961 2.4
    endloop
  endfacet
  facet normal 0 0 1
    outer loop
      vertex 38 6 2.4
      vertex 33.7 6 2.4
      vertex 37.9487 5.21684 2.4
    endloop
  endfacet
  facet normal 0 0 1
    outer loop
      vertex 33.5706 78.6506 2.4
      vertex 37.5433 80.2961 2.4
      vertex 37.1962 81 2.4
    endloop
  endfacet
  facet normal -0 0 1
    outer loop
      vertex 33.6855 5.77811 2.4
      vertex 37.9487 5.21684 2.4
      vertex 33.7 6 2.4
    endloop
  endfacet
  facet normal 0 0 1
    outer loop
      vertex 33.4722 78.85 2.4
      vertex 37.1962 81 2.4
      vertex 36.7601 81.6526 2.4
    endloop
  endfacet
  facet normal 0 0 1
    outer loop
      vertex 37.9487 5.21684 2.4
      vertex 33.6855 5.77811 2.4
      vertex 37.7956 4.44709 2.4
    endloop
  endfacet
  facet normal 0 0 1
    outer loop
      vertex 33.3487 79.0349 2.4
      vertex 36.7601 81.6526 2.4
      vertex 36.2426 82.2426 2.4
    endloop
  endfacet
  facet normal -0 0 1
    outer loop
      vertex 33.6421 5.56001 2.4
      vertex 37.7956 4.44709 2.4
      vertex 33.6855 5.77811 2.4
    endloop
  endfacet
  facet normal 0 0 1
    outer loop
      vertex 33.2021 79.2021 2.4
      vertex 36.2426 82.2426 2.4
      vertex 35.6526 82.7601 2.4
    endloop
  endfacet
  facet normal 0 0 1
    outer loop
      vertex 37.7956 4.44709 2.4
      vertex 33.6421 5.56001 2.4
      vertex 37.5433 3.7039 2.4
    endloop
  endfacet
  facet normal 0 0 1
    outer loop
      vertex 33.0349 79.3487 2.4
      vertex 35.6526 82.7601 2.4
      vertex 35 83.1962 2.4
    endloop
  endfacet
  facet normal -0 0 1
    outer loop
      vertex 33.5706 5.34944 2.4
      vertex 37.5433 3.7039 2.4
      vertex 33.6421 5.56001 2.4
    endloop
  endfacet
  facet normal 0 0 1
    outer loop
      vertex 32.85 79.4722 2.4
      vertex 35 83.1962 2.4
      vertex 34.2961 83.5433 2.4
    endloop
  endfacet
  facet normal 0 0 1
    outer loop
      vertex 37.5433 3.7039 2.4
      vertex 33.5706 5.34944 2.4
      vertex 37.1962 3 2.4
    endloop
  endfacet
  facet normal -0 0 1
    outer loop
      vertex 33.4722 5.15 2.4
      vertex 37.1962 3 2.4
      vertex 33.5706 5.34944 2.4
    endloop
  endfacet
  facet normal 0 0 1
    outer loop
      vertex 37.9487 78.7832 2.4
      vertex 33.6855 78.2219 2.4
      vertex 33.7 78 2.4
    endloop
  endfacet
  facet normal 0 0 1
    outer loop
      vertex 37.7956 79.5529 2.4
      vertex 33.6421 78.44 2.4
      vertex 33.6855 78.2219 2.4
    endloop
  endfacet
  facet normal 0 0 1
    outer loop
      vertex 37.5433 80.2961 2.4
      vertex 33.5706 78.6506 2.4
      vertex 33.6421 78.44 2.4
    endloop
  endfacet
  facet normal 0 0 1
    outer loop
      vertex 32.6506 79.5706 2.4
      vertex 34.2961 83.5433 2.4
      vertex 33.5529 83.7956 2.4
    endloop
  endfacet
  facet normal 0 0 1
    outer loop
      vertex 37.1962 81 2.4
      vertex 33.4722 78.85 2.4
      vertex 33.5706 78.6506 2.4
    endloop
  endfacet
  facet normal 0 0 1
    outer loop
      vertex 36.7601 81.6526 2.4
      vertex 33.3487 79.0349 2.4
      vertex 33.4722 78.85 2.4
    endloop
  endfacet
  facet normal 0 0 1
    outer loop
      vertex 36.2426 82.2426 2.4
      vertex 33.2021 79.2021 2.4
      vertex 33.3487 79.0349 2.4
    endloop
  endfacet
  facet normal 0 0 1
    outer loop
      vertex 35.6526 82.7601 2.4
      vertex 33.0349 79.3487 2.4
      vertex 33.2021 79.2021 2.4
    endloop
  endfacet
  facet normal 0 0 1
    outer loop
      vertex 35 83.1962 2.4
      vertex 32.85 79.4722 2.4
      vertex 33.0349 79.3487 2.4
    endloop
  endfacet
  facet normal 0 0 1
    outer loop
      vertex 32.44 79.6421 2.4
      vertex 33.5529 83.7956 2.4
      vertex 32.7832 83.9487 2.4
    endloop
  endfacet
  facet normal 0 0 1
    outer loop
      vertex 34.2961 83.5433 2.4
      vertex 32.6506 79.5706 2.4
      vertex 32.85 79.4722 2.4
    endloop
  endfacet
  facet normal 0 0 1
    outer loop
      vertex 33.5529 83.7956 2.4
      vertex 32.44 79.6421 2.4
      vertex 32.6506 79.5706 2.4
    endloop
  endfacet
  facet normal 0 0 1
    outer loop
      vertex 32.7832 83.9487 2.4
      vertex 32.2219 79.6855 2.4
      vertex 32.44 79.6421 2.4
    endloop
  endfacet
  facet normal 0 0 1
    outer loop
      vertex 32 84 2.4
      vertex 32.2219 79.6855 2.4
      vertex 32.7832 83.9487 2.4
    endloop
  endfacet
  facet normal 0 0 1
    outer loop
      vertex 32 84 2.4
      vertex 32 79.7 2.4
      vertex 32.2219 79.6855 2.4
    endloop
  endfacet
  facet normal 0 0 1
    outer loop
      vertex 32 84 2.4
      vertex 31.7781 79.6855 2.4
      vertex 32 79.7 2.4
    endloop
  endfacet
  facet normal 0 0 1
    outer loop
      vertex 32 84 2.4
      vertex 31.56 79.6421 2.4
      vertex 31.7781 79.6855 2.4
    endloop
  endfacet
  facet normal 0 0 1
    outer loop
      vertex 32 84 2.4
      vertex 31.3494 79.5706 2.4
      vertex 31.56 79.6421 2.4
    endloop
  endfacet
  facet normal 0 0 1
    outer loop
      vertex 32 84 2.4
      vertex 31.15 79.4722 2.4
      vertex 31.3494 79.5706 2.4
    endloop
  endfacet
  facet normal 0 0 1
    outer loop
      vertex 32 84 2.4
      vertex 30.9651 79.3487 2.4
      vertex 31.15 79.4722 2.4
    endloop
  endfacet
  facet normal 0 0 1
    outer loop
      vertex 32 84 2.4
      vertex 30.7979 79.2021 2.4
      vertex 30.9651 79.3487 2.4
    endloop
  endfacet
  facet normal 0 0 1
    outer loop
      vertex 32 84 2.4
      vertex 30.6513 79.0349 2.4
      vertex 30.7979 79.2021 2.4
    endloop
  endfacet
  facet normal -0 0 1
    outer loop
      vertex 21.5 80 2.4
      vertex 30.6513 79.0349 2.4
      vertex 32 84 2.4
    endloop
  endfacet
  facet normal 0 0 1
    outer loop
      vertex 30.6513 79.0349 2.4
      vertex 21.5 80 2.4
      vertex 30.5278 78.85 2.4
    endloop
  endfacet
  facet normal 0 0 1
    outer loop
      vertex 30.5278 78.85 2.4
      vertex 21.5 80 2.4
      vertex 30.4294 78.6506 2.4
    endloop
  endfacet
  facet normal 0 0 1
    outer loop
      vertex 38 78 2.4
      vertex 23 51.5 2.4
      vertex 23 45.5 2.4
    endloop
  endfacet
  facet normal 0 0 1
    outer loop
      vertex 21.5 80 2.4
      vertex 30.3 78 2.4
      vertex 30.3145 78.2219 2.4
    endloop
  endfacet
  facet normal 0 0 1
    outer loop
      vertex 21.5 80 2.4
      vertex 30.3145 78.2219 2.4
      vertex 30.3579 78.44 2.4
    endloop
  endfacet
  facet normal 0 0 1
    outer loop
      vertex 30.3579 77.56 2.4
      vertex 21.5 80 2.4
      vertex 21.5 72 2.4
    endloop
  endfacet
  facet normal 0 0 1
    outer loop
      vertex 30.4294 78.6506 2.4
      vertex 21.5 80 2.4
      vertex 30.3579 78.44 2.4
    endloop
  endfacet
  facet normal 0 0 1
    outer loop
      vertex 32 84 2.4
      vertex 18.5 80 2.4
      vertex 21.5 80 2.4
    endloop
  endfacet
  facet normal 0 0 1
    outer loop
      vertex 15.5 72 2.4
      vertex 18.5 72 2.4
      vertex 18.5 80 2.4
    endloop
  endfacet
  facet normal 0 0 1
    outer loop
      vertex 18 51.5 2.4
      vertex 17.25 61 2.4
      vertex 18 45.5 2.4
    endloop
  endfacet
  facet normal 0 0 1
    outer loop
      vertex 18.5 72 2.4
      vertex 17.25 61 2.4
      vertex 18 51.5 2.4
    endloop
  endfacet
  facet normal 0 -0 1
    outer loop
      vertex 15.75 64 2.4
      vertex 18.5 72 2.4
      vertex 15.5 72 2.4
    endloop
  endfacet
  facet normal 0 0 1
    outer loop
      vertex 15.5 72 2.4
      vertex 18.5 80 2.4
      vertex 15.5 80 2.4
    endloop
  endfacet
  facet normal 0 0 1
    outer loop
      vertex 32 84 2.4
      vertex 15.5 80 2.4
      vertex 18.5 80 2.4
    endloop
  endfacet
  facet normal 0 0 1
    outer loop
      vertex 32 84 2.4
      vertex 12.5 80 2.4
      vertex 15.5 80 2.4
    endloop
  endfacet
  facet normal 0 0 1
    outer loop
      vertex 9.5 72 2.4
      vertex 12.5 72 2.4
      vertex 12.5 80 2.4
    endloop
  endfacet
  facet normal 0 0 1
    outer loop
      vertex 12.5 72 2.4
      vertex 9.5 72 2.4
      vertex 10.75 64 2.4
    endloop
  endfacet
  facet normal 0 0 1
    outer loop
      vertex 9.5 72 2.4
      vertex 12.5 80 2.4
      vertex 9.5 80 2.4
    endloop
  endfacet
  facet normal 0 0 1
    outer loop
      vertex 32 84 2.4
      vertex 9.5 80 2.4
      vertex 12.5 80 2.4
    endloop
  endfacet
  facet normal 0 0 1
    outer loop
      vertex 32 84 2.4
      vertex 6.5 80 2.4
      vertex 9.5 80 2.4
    endloop
  endfacet
  facet normal 0 0 1
    outer loop
      vertex 6.5 80 2.4
      vertex 4 71 2.4
      vertex 6.5 72 2.4
    endloop
  endfacet
  facet normal 0 0 1
    outer loop
      vertex 6.5 80 2.4
      vertex -4 71 2.4
      vertex 4 71 2.4
    endloop
  endfacet
  facet normal -0 0 1
    outer loop
      vertex -6.5 72 2.4
      vertex -4 71 2.4
      vertex -6.5 80 2.4
    endloop
  endfacet
  facet normal 0 0 1
    outer loop
      vertex 6.5 80 2.4
      vertex -6.5 80 2.4
      vertex -4 71 2.4
    endloop
  endfacet
  facet normal 0 0 1
    outer loop
      vertex 32 84 2.4
      vertex -6.5 80 2.4
      vertex 6.5 80 2.4
    endloop
  endfacet
  facet normal -0 0 1
    outer loop
      vertex -32 84 2.4
      vertex -6.5 80 2.4
      vertex 32 84 2.4
    endloop
  endfacet
  facet normal -0 0 1
    outer loop
      vertex -12.5 80 2.4
      vertex -9.5 72 2.4
      vertex -9.5 80 2.4
    endloop
  endfacet
  facet normal 0 0 1
    outer loop
      vertex -12.5 72 2.4
      vertex -9.5 72 2.4
      vertex -12.5 80 2.4
    endloop
  endfacet
  facet normal 0 0 1
    outer loop
      vertex -6.5 80 2.4
      vertex -32 84 2.4
      vertex -9.5 80 2.4
    endloop
  endfacet
  facet normal 0 0 1
    outer loop
      vertex -9.5 80 2.4
      vertex -32 84 2.4
      vertex -12.5 80 2.4
    endloop
  endfacet
  facet normal -0 0 1
    outer loop
      vertex -18.5 80 2.4
      vertex -15.5 72 2.4
      vertex -15.5 80 2.4
    endloop
  endfacet
  facet normal 0 0 1
    outer loop
      vertex -15.75 64 2.4
      vertex -17.25 61 2.4
      vertex -15.75 61 2.4
    endloop
  endfacet
  facet normal 0 0 1
    outer loop
      vertex -18.5 72 2.4
      vertex -15.5 72 2.4
      vertex -18.5 80 2.4
    endloop
  endfacet
  facet normal 0 0 1
    outer loop
      vertex -18 45.5 2.4
      vertex -17.25 61 2.4
      vertex -18 51.5 2.4
    endloop
  endfacet
  facet normal -0 0 1
    outer loop
      vertex -21.5 72 2.4
      vertex -15.75 64 2.4
      vertex -18.5 72 2.4
    endloop
  endfacet
  facet normal -0 0 1
    outer loop
      vertex -18.5 72 2.4
      vertex -15.75 64 2.4
      vertex -15.5 72 2.4
    endloop
  endfacet
  facet normal 0 0 1
    outer loop
      vertex -12.5 80 2.4
      vertex -32 84 2.4
      vertex -15.5 80 2.4
    endloop
  endfacet
  facet normal 0 0 1
    outer loop
      vertex -15.5 80 2.4
      vertex -32 84 2.4
      vertex -18.5 80 2.4
    endloop
  endfacet
  facet normal 0 0 1
    outer loop
      vertex -30.3145 77.7781 2.4
      vertex -21.5 80 2.4
      vertex -30.3 78 2.4
    endloop
  endfacet
  facet normal 0 0 1
    outer loop
      vertex -21.5 80 2.4
      vertex -30.3579 77.56 2.4
      vertex -21.5 72 2.4
    endloop
  endfacet
  facet normal 0 0 1
    outer loop
      vertex -23 45.5 2.4
      vertex -30.3 6 2.4
      vertex -24.9 14 2.4
    endloop
  endfacet
  facet normal -0 0 1
    outer loop
      vertex -30.4294 77.3494 2.4
      vertex -21.5 72 2.4
      vertex -30.3579 77.56 2.4
    endloop
  endfacet
  facet normal 0 0 1
    outer loop
      vertex -30.3579 77.56 2.4
      vertex -21.5 80 2.4
      vertex -30.3145 77.7781 2.4
    endloop
  endfacet
  facet normal 0 0 1
    outer loop
      vertex -21.5 80 2.4
      vertex -30.3145 78.2219 2.4
      vertex -30.3 78 2.4
    endloop
  endfacet
  facet normal 0 0 1
    outer loop
      vertex -21.5 80 2.4
      vertex -30.3579 78.44 2.4
      vertex -30.3145 78.2219 2.4
    endloop
  endfacet
  facet normal 0 0 1
    outer loop
      vertex -21.5 80 2.4
      vertex -30.4294 78.6506 2.4
      vertex -30.3579 78.44 2.4
    endloop
  endfacet
  facet normal 0 0 1
    outer loop
      vertex -21.5 80 2.4
      vertex -30.5278 78.85 2.4
      vertex -30.4294 78.6506 2.4
    endloop
  endfacet
  facet normal 0 0 1
    outer loop
      vertex -21.5 80 2.4
      vertex -30.6513 79.0349 2.4
      vertex -30.5278 78.85 2.4
    endloop
  endfacet
  facet normal 0 0 1
    outer loop
      vertex -21.5 80 2.4
      vertex -30.7979 79.2021 2.4
      vertex -30.6513 79.0349 2.4
    endloop
  endfacet
  facet normal 0 0 1
    outer loop
      vertex -32 84 2.4
      vertex -30.7979 79.2021 2.4
      vertex -21.5 80 2.4
    endloop
  endfacet
  facet normal 0 0 1
    outer loop
      vertex -18.5 80 2.4
      vertex -32 84 2.4
      vertex -21.5 80 2.4
    endloop
  endfacet
  facet normal 0 0 1
    outer loop
      vertex -30.7979 79.2021 2.4
      vertex -32 84 2.4
      vertex -30.9651 79.3487 2.4
    endloop
  endfacet
  facet normal 0 0 1
    outer loop
      vertex -30.9651 79.3487 2.4
      vertex -32 84 2.4
      vertex -31.15 79.4722 2.4
    endloop
  endfacet
  facet normal 0 0 1
    outer loop
      vertex -31.15 79.4722 2.4
      vertex -32 84 2.4
      vertex -31.3494 79.5706 2.4
    endloop
  endfacet
  facet normal 0 0 1
    outer loop
      vertex -31.3494 79.5706 2.4
      vertex -32 84 2.4
      vertex -31.56 79.6421 2.4
    endloop
  endfacet
  facet normal 0 0 1
    outer loop
      vertex -31.56 79.6421 2.4
      vertex -32 84 2.4
      vertex -31.7781 79.6855 2.4
    endloop
  endfacet
  facet normal 0 0 1
    outer loop
      vertex -32 84 2.4
      vertex -32 79.7 2.4
      vertex -31.7781 79.6855 2.4
    endloop
  endfacet
  facet normal 0 0 1
    outer loop
      vertex -32 84 2.4
      vertex -32.2219 79.6855 2.4
      vertex -32 79.7 2.4
    endloop
  endfacet
  facet normal -0 0 1
    outer loop
      vertex -32.7832 83.9487 2.4
      vertex -32.2219 79.6855 2.4
      vertex -32 84 2.4
    endloop
  endfacet
  facet normal 0 0 1
    outer loop
      vertex -32.2219 79.6855 2.4
      vertex -32.7832 83.9487 2.4
      vertex -32.44 79.6421 2.4
    endloop
  endfacet
  facet normal -0 0 1
    outer loop
      vertex -33.5529 83.7956 2.4
      vertex -32.44 79.6421 2.4
      vertex -32.7832 83.9487 2.4
    endloop
  endfacet
  facet normal 0 0 1
    outer loop
      vertex -32.44 79.6421 2.4
      vertex -33.5529 83.7956 2.4
      vertex -32.6506 79.5706 2.4
    endloop
  endfacet
  facet normal -0 0 1
    outer loop
      vertex -34.2961 83.5433 2.4
      vertex -32.6506 79.5706 2.4
      vertex -33.5529 83.7956 2.4
    endloop
  endfacet
  facet normal 0 0 1
    outer loop
      vertex -32.6506 79.5706 2.4
      vertex -34.2961 83.5433 2.4
      vertex -32.85 79.4722 2.4
    endloop
  endfacet
  facet normal -0 0 1
    outer loop
      vertex -35 83.1962 2.4
      vertex -32.85 79.4722 2.4
      vertex -34.2961 83.5433 2.4
    endloop
  endfacet
  facet normal 0 0 1
    outer loop
      vertex -32.85 79.4722 2.4
      vertex -35 83.1962 2.4
      vertex -33.0349 79.3487 2.4
    endloop
  endfacet
  facet normal -0 0 1
    outer loop
      vertex -35.6526 82.7601 2.4
      vertex -33.0349 79.3487 2.4
      vertex -35 83.1962 2.4
    endloop
  endfacet
  facet normal 0 0 1
    outer loop
      vertex -33.0349 79.3487 2.4
      vertex -35.6526 82.7601 2.4
      vertex -33.2021 79.2021 2.4
    endloop
  endfacet
  facet normal -0 0 1
    outer loop
      vertex -36.2426 82.2426 2.4
      vertex -33.2021 79.2021 2.4
      vertex -35.6526 82.7601 2.4
    endloop
  endfacet
  facet normal 0 0 1
    outer loop
      vertex -33.2021 79.2021 2.4
      vertex -36.2426 82.2426 2.4
      vertex -33.3487 79.0349 2.4
    endloop
  endfacet
  facet normal -0 0 1
    outer loop
      vertex -36.7601 81.6526 2.4
      vertex -33.3487 79.0349 2.4
      vertex -36.2426 82.2426 2.4
    endloop
  endfacet
  facet normal -0 0 1
    outer loop
      vertex -37.1962 81 2.4
      vertex -33.4722 78.85 2.4
      vertex -36.7601 81.6526 2.4
    endloop
  endfacet
  facet normal 0 0 1
    outer loop
      vertex -33.3487 79.0349 2.4
      vertex -36.7601 81.6526 2.4
      vertex -33.4722 78.85 2.4
    endloop
  endfacet
  facet normal 0 0 1
    outer loop
      vertex 37.1962 3 2.4
      vertex 33.4722 5.15 2.4
      vertex 36.7601 2.34743 2.4
    endloop
  endfacet
  facet normal -0 0 1
    outer loop
      vertex 33.3487 4.96511 2.4
      vertex 36.7601 2.34743 2.4
      vertex 33.4722 5.15 2.4
    endloop
  endfacet
  facet normal 0 0 1
    outer loop
      vertex 36.7601 2.34743 2.4
      vertex 33.3487 4.96511 2.4
      vertex 36.2426 1.75736 2.4
    endloop
  endfacet
  facet normal -0 0 1
    outer loop
      vertex 33.2021 4.79792 2.4
      vertex 36.2426 1.75736 2.4
      vertex 33.3487 4.96511 2.4
    endloop
  endfacet
  facet normal 0 0 1
    outer loop
      vertex 36.2426 1.75736 2.4
      vertex 33.2021 4.79792 2.4
      vertex 35.6526 1.23988 2.4
    endloop
  endfacet
  facet normal -0 0 1
    outer loop
      vertex 33.0349 4.6513 2.4
      vertex 35.6526 1.23988 2.4
      vertex 33.2021 4.79792 2.4
    endloop
  endfacet
  facet normal 0 0 1
    outer loop
      vertex 35.6526 1.23988 2.4
      vertex 33.0349 4.6513 2.4
      vertex 35 0.803847 2.4
    endloop
  endfacet
  facet normal -0 0 1
    outer loop
      vertex 32.85 4.52776 2.4
      vertex 35 0.803847 2.4
      vertex 33.0349 4.6513 2.4
    endloop
  endfacet
  facet normal 0 0 1
    outer loop
      vertex 35 0.803847 2.4
      vertex 32.85 4.52776 2.4
      vertex 34.2961 0.456722 2.4
    endloop
  endfacet
  facet normal -0 0 1
    outer loop
      vertex 32.6506 4.42941 2.4
      vertex 34.2961 0.456722 2.4
      vertex 32.85 4.52776 2.4
    endloop
  endfacet
  facet normal 0 0 1
    outer loop
      vertex 34.2961 0.456722 2.4
      vertex 32.6506 4.42941 2.4
      vertex 33.5529 0.204445 2.4
    endloop
  endfacet
  facet normal -0 0 1
    outer loop
      vertex 32.44 4.35793 2.4
      vertex 33.5529 0.204445 2.4
      vertex 32.6506 4.42941 2.4
    endloop
  endfacet
  facet normal 0 0 1
    outer loop
      vertex 33.5529 0.204445 2.4
      vertex 32.44 4.35793 2.4
      vertex 32.7832 0.0513306 2.4
    endloop
  endfacet
  facet normal -0 0 1
    outer loop
      vertex 32.2219 4.31454 2.4
      vertex 32.7832 0.0513306 2.4
      vertex 32.44 4.35793 2.4
    endloop
  endfacet
  facet normal -0 0 1
    outer loop
      vertex 32 4.3 2.4
      vertex 32.7832 0.0513306 2.4
      vertex 32.2219 4.31454 2.4
    endloop
  endfacet
  facet normal 0 0 1
    outer loop
      vertex 32 4.3 2.4
      vertex 32 0 2.4
      vertex 32.7832 0.0513306 2.4
    endloop
  endfacet
  facet normal 0 0 1
    outer loop
      vertex 31.7781 4.31454 2.4
      vertex 32 0 2.4
      vertex 32 4.3 2.4
    endloop
  endfacet
  facet normal 0 0 1
    outer loop
      vertex 31.56 4.35793 2.4
      vertex 32 0 2.4
      vertex 31.7781 4.31454 2.4
    endloop
  endfacet
  facet normal 0 0 1
    outer loop
      vertex 31.3494 4.42941 2.4
      vertex 32 0 2.4
      vertex 31.56 4.35793 2.4
    endloop
  endfacet
  facet normal 0 0 1
    outer loop
      vertex 31.15 4.52776 2.4
      vertex 32 0 2.4
      vertex 31.3494 4.42941 2.4
    endloop
  endfacet
  facet normal 0 0 1
    outer loop
      vertex 30.9651 4.6513 2.4
      vertex 32 0 2.4
      vertex 31.15 4.52776 2.4
    endloop
  endfacet
  facet normal 0 0 1
    outer loop
      vertex 30.7979 4.79792 2.4
      vertex 32 0 2.4
      vertex 30.9651 4.6513 2.4
    endloop
  endfacet
  facet normal 0 0 1
    outer loop
      vertex 30.6513 4.96511 2.4
      vertex 32 0 2.4
      vertex 30.7979 4.79792 2.4
    endloop
  endfacet
  facet normal 0 0 1
    outer loop
      vertex 30.5278 5.15 2.4
      vertex 32 0 2.4
      vertex 30.6513 4.96511 2.4
    endloop
  endfacet
  facet normal 0 0 1
    outer loop
      vertex 10.1 6 2.4
      vertex 30.5278 5.15 2.4
      vertex 30.4294 5.34944 2.4
    endloop
  endfacet
  facet normal 0 0 1
    outer loop
      vertex 10.1 6 2.4
      vertex 30.4294 5.34944 2.4
      vertex 30.3579 5.56001 2.4
    endloop
  endfacet
  facet normal 0 0 1
    outer loop
      vertex 30.4294 6.65056 2.4
      vertex 15.75 16 2.4
      vertex 30.3579 6.43999 2.4
    endloop
  endfacet
  facet normal 0 0 1
    outer loop
      vertex 30.3579 6.43999 2.4
      vertex 15.75 16 2.4
      vertex 30.3145 6.22189 2.4
    endloop
  endfacet
  facet normal 0 0 1
    outer loop
      vertex 17.25 19 2.4
      vertex 23 45.5 2.4
      vertex 18 45.5 2.4
    endloop
  endfacet
  facet normal 0 0 1
    outer loop
      vertex 10.1 6 2.4
      vertex 30.3145 6.22189 2.4
      vertex 15.75 16 2.4
    endloop
  endfacet
  facet normal 0 0 1
    outer loop
      vertex 30.3145 6.22189 2.4
      vertex 10.1 6 2.4
      vertex 30.3 6 2.4
    endloop
  endfacet
  facet normal 0 0 1
    outer loop
      vertex 17.25 19 2.4
      vertex 18 45.5 2.4
      vertex 17.25 61 2.4
    endloop
  endfacet
  facet normal 0 0 1
    outer loop
      vertex 30.3 6 2.4
      vertex 10.1 6 2.4
      vertex 30.3145 5.77811 2.4
    endloop
  endfacet
  facet normal 0 0 1
    outer loop
      vertex 15.75 16 2.4
      vertex 17.25 19 2.4
      vertex 15.75 19 2.4
    endloop
  endfacet
  facet normal 0 0 1
    outer loop
      vertex 30.3145 5.77811 2.4
      vertex 10.1 6 2.4
      vertex 30.3579 5.56001 2.4
    endloop
  endfacet
  facet normal 0 0 1
    outer loop
      vertex 10.1 14 2.4
      vertex 15.75 16 2.4
      vertex 10.75 16 2.4
    endloop
  endfacet
  facet normal 0 0 1
    outer loop
      vertex 10.1 6 2.4
      vertex 15.75 16 2.4
      vertex 10.1 14 2.4
    endloop
  endfacet
  facet normal 0 0 1
    outer loop
      vertex 30.5278 5.15 2.4
      vertex 10.1 6 2.4
      vertex 32 0 2.4
    endloop
  endfacet
  facet normal -0 0 1
    outer loop
      vertex 2.1 6 2.4
      vertex 32 0 2.4
      vertex 10.1 6 2.4
    endloop
  endfacet
  facet normal 0 0 1
    outer loop
      vertex 2.1 14 2.4
      vertex -10.75 16 2.4
      vertex 2.1 6 2.4
    endloop
  endfacet
  facet normal 0 0 1
    outer loop
      vertex -16.9 14 2.4
      vertex -10.75 16 2.4
      vertex -15.75 16 2.4
    endloop
  endfacet
  facet normal 0 0 1
    outer loop
      vertex -10.75 16 2.4
      vertex -16.9 14 2.4
      vertex -16.9 6 2.4
    endloop
  endfacet
  facet normal 0 0 1
    outer loop
      vertex -10.75 16 2.4
      vertex -16.9 6 2.4
      vertex 2.1 6 2.4
    endloop
  endfacet
  facet normal 0 0 1
    outer loop
      vertex -32 0 2.4
      vertex 2.1 6 2.4
      vertex -16.9 6 2.4
    endloop
  endfacet
  facet normal 0 0 1
    outer loop
      vertex -32 0 2.4
      vertex -16.9 6 2.4
      vertex -24.9 6 2.4
    endloop
  endfacet
  facet normal 0 0 1
    outer loop
      vertex -24.9 14 2.4
      vertex -30.3 6 2.4
      vertex -24.9 6 2.4
    endloop
  endfacet
  facet normal 0 0 1
    outer loop
      vertex -30.3145 5.77811 2.4
      vertex -24.9 6 2.4
      vertex -30.3 6 2.4
    endloop
  endfacet
  facet normal 0 0 1
    outer loop
      vertex -30.3579 5.56001 2.4
      vertex -24.9 6 2.4
      vertex -30.3145 5.77811 2.4
    endloop
  endfacet
  facet normal 0 0 1
    outer loop
      vertex -30.4294 5.34944 2.4
      vertex -24.9 6 2.4
      vertex -30.3579 5.56001 2.4
    endloop
  endfacet
  facet normal 0 0 1
    outer loop
      vertex -30.5278 5.15 2.4
      vertex -24.9 6 2.4
      vertex -30.4294 5.34944 2.4
    endloop
  endfacet
  facet normal 0 0 1
    outer loop
      vertex -30.6513 4.96511 2.4
      vertex -24.9 6 2.4
      vertex -30.5278 5.15 2.4
    endloop
  endfacet
  facet normal 0 0 1
    outer loop
      vertex -30.7979 4.79792 2.4
      vertex -24.9 6 2.4
      vertex -30.6513 4.96511 2.4
    endloop
  endfacet
  facet normal 0 0 1
    outer loop
      vertex -24.9 6 2.4
      vertex -30.7979 4.79792 2.4
      vertex -32 0 2.4
    endloop
  endfacet
  facet normal 0 0 1
    outer loop
      vertex -32 0 2.4
      vertex -30.7979 4.79792 2.4
      vertex -30.9651 4.6513 2.4
    endloop
  endfacet
  facet normal 0 0 1
    outer loop
      vertex -32 0 2.4
      vertex -30.9651 4.6513 2.4
      vertex -31.15 4.52776 2.4
    endloop
  endfacet
  facet normal 0 0 1
    outer loop
      vertex -32 0 2.4
      vertex -31.15 4.52776 2.4
      vertex -31.3494 4.42941 2.4
    endloop
  endfacet
  facet normal 0 0 1
    outer loop
      vertex -32 0 2.4
      vertex -31.3494 4.42941 2.4
      vertex -31.56 4.35793 2.4
    endloop
  endfacet
  facet normal 0 0 1
    outer loop
      vertex -32 0 2.4
      vertex -31.56 4.35793 2.4
      vertex -31.7781 4.31454 2.4
    endloop
  endfacet
  facet normal 0 0 1
    outer loop
      vertex -32 0 2.4
      vertex -31.7781 4.31454 2.4
      vertex -32 4.3 2.4
    endloop
  endfacet
  facet normal 0 0 1
    outer loop
      vertex 2.1 6 2.4
      vertex -32 0 2.4
      vertex 32 0 2.4
    endloop
  endfacet
  facet normal 0 0 1
    outer loop
      vertex -32.2219 4.31454 2.4
      vertex -32 0 2.4
      vertex -32 4.3 2.4
    endloop
  endfacet
  facet normal 0 0 1
    outer loop
      vertex -32.7832 0.0513306 2.4
      vertex -32.2219 4.31454 2.4
      vertex -32.44 4.35793 2.4
    endloop
  endfacet
  facet normal 0 0 1
    outer loop
      vertex -33.5529 0.204445 2.4
      vertex -32.44 4.35793 2.4
      vertex -32.6506 4.42941 2.4
    endloop
  endfacet
  facet normal 0 0 1
    outer loop
      vertex -32.2219 4.31454 2.4
      vertex -32.7832 0.0513306 2.4
      vertex -32 0 2.4
    endloop
  endfacet
  facet normal 0 0 1
    outer loop
      vertex -34.2961 0.456722 2.4
      vertex -32.6506 4.42941 2.4
      vertex -32.85 4.52776 2.4
    endloop
  endfacet
  facet normal 0 0 1
    outer loop
      vertex -35 0.803847 2.4
      vertex -32.85 4.52776 2.4
      vertex -33.0349 4.6513 2.4
    endloop
  endfacet
  facet normal 0 0 1
    outer loop
      vertex -35.6526 1.23988 2.4
      vertex -33.0349 4.6513 2.4
      vertex -33.2021 4.79792 2.4
    endloop
  endfacet
  facet normal 0 0 1
    outer loop
      vertex -36.2426 1.75736 2.4
      vertex -33.2021 4.79792 2.4
      vertex -33.3487 4.96511 2.4
    endloop
  endfacet
  facet normal 0 0 1
    outer loop
      vertex -36.7601 2.34743 2.4
      vertex -33.3487 4.96511 2.4
      vertex -33.4722 5.15 2.4
    endloop
  endfacet
  facet normal 0 0 1
    outer loop
      vertex -32.44 4.35793 2.4
      vertex -33.5529 0.204445 2.4
      vertex -32.7832 0.0513306 2.4
    endloop
  endfacet
  facet normal 0 0 1
    outer loop
      vertex -37.1962 3 2.4
      vertex -33.4722 5.15 2.4
      vertex -33.5706 5.34944 2.4
    endloop
  endfacet
  facet normal 0 0 1
    outer loop
      vertex -37.5433 3.7039 2.4
      vertex -33.5706 5.34944 2.4
      vertex -33.6421 5.56001 2.4
    endloop
  endfacet
  facet normal 0 0 1
    outer loop
      vertex -37.7956 4.44709 2.4
      vertex -33.6421 5.56001 2.4
      vertex -33.6855 5.77811 2.4
    endloop
  endfacet
  facet normal 0 0 1
    outer loop
      vertex -37.9487 5.21684 2.4
      vertex -33.6855 5.77811 2.4
      vertex -33.7 6 2.4
    endloop
  endfacet
  facet normal 0 0 1
    outer loop
      vertex -32.6506 4.42941 2.4
      vertex -34.2961 0.456722 2.4
      vertex -33.5529 0.204445 2.4
    endloop
  endfacet
  facet normal 0 0 1
    outer loop
      vertex -33.6421 6.43999 2.4
      vertex -38 6 2.4
      vertex -33.6855 6.22189 2.4
    endloop
  endfacet
  facet normal 0 0 1
    outer loop
      vertex -33.4722 78.85 2.4
      vertex -37.1962 81 2.4
      vertex -33.5706 78.6506 2.4
    endloop
  endfacet
  facet normal 0 0 1
    outer loop
      vertex -33.6855 6.22189 2.4
      vertex -38 6 2.4
      vertex -33.7 6 2.4
    endloop
  endfacet
  facet normal -0 0 1
    outer loop
      vertex -37.5433 80.2961 2.4
      vertex -33.5706 78.6506 2.4
      vertex -37.1962 81 2.4
    endloop
  endfacet
  facet normal 0 -0 1
    outer loop
      vertex -37.9487 5.21684 2.4
      vertex -33.7 6 2.4
      vertex -38 6 2.4
    endloop
  endfacet
  facet normal 0 0 1
    outer loop
      vertex -33.5706 78.6506 2.4
      vertex -37.5433 80.2961 2.4
      vertex -33.6421 78.44 2.4
    endloop
  endfacet
  facet normal 0 0 1
    outer loop
      vertex -32.85 4.52776 2.4
      vertex -35 0.803847 2.4
      vertex -34.2961 0.456722 2.4
    endloop
  endfacet
  facet normal -0 0 1
    outer loop
      vertex -37.7956 79.5529 2.4
      vertex -33.6421 78.44 2.4
      vertex -37.5433 80.2961 2.4
    endloop
  endfacet
  facet normal 0 0 1
    outer loop
      vertex -33.0349 4.6513 2.4
      vertex -35.6526 1.23988 2.4
      vertex -35 0.803847 2.4
    endloop
  endfacet
  facet normal 0 0 1
    outer loop
      vertex -33.6421 78.44 2.4
      vertex -37.7956 79.5529 2.4
      vertex -33.6855 78.2219 2.4
    endloop
  endfacet
  facet normal 0 0 1
    outer loop
      vertex -33.2021 4.79792 2.4
      vertex -36.2426 1.75736 2.4
      vertex -35.6526 1.23988 2.4
    endloop
  endfacet
  facet normal -0 0 1
    outer loop
      vertex -37.9487 78.7832 2.4
      vertex -33.6855 78.2219 2.4
      vertex -37.7956 79.5529 2.4
    endloop
  endfacet
  facet normal 0 0 1
    outer loop
      vertex -33.3487 4.96511 2.4
      vertex -36.7601 2.34743 2.4
      vertex -36.2426 1.75736 2.4
    endloop
  endfacet
  facet normal 0 0 1
    outer loop
      vertex -33.6855 78.2219 2.4
      vertex -37.9487 78.7832 2.4
      vertex -33.7 78 2.4
    endloop
  endfacet
  facet normal 0 0 1
    outer loop
      vertex -33.4722 5.15 2.4
      vertex -37.1962 3 2.4
      vertex -36.7601 2.34743 2.4
    endloop
  endfacet
  facet normal 0 0 1
    outer loop
      vertex -33.7 78 2.4
      vertex -37.9487 78.7832 2.4
      vertex -38 78 2.4
    endloop
  endfacet
  facet normal 0 0 1
    outer loop
      vertex -33.5706 5.34944 2.4
      vertex -37.5433 3.7039 2.4
      vertex -37.1962 3 2.4
    endloop
  endfacet
  facet normal 0 0 1
    outer loop
      vertex -33.6421 5.56001 2.4
      vertex -37.7956 4.44709 2.4
      vertex -37.5433 3.7039 2.4
    endloop
  endfacet
  facet normal 0 0 1
    outer loop
      vertex -33.6855 5.77811 2.4
      vertex -37.9487 5.21684 2.4
      vertex -37.7956 4.44709 2.4
    endloop
  endfacet
  facet normal 0 0 1
    outer loop
      vertex 32 76.3 2.4
      vertex 21.5 72 2.4
      vertex 23 51.5 2.4
    endloop
  endfacet
  facet normal 0 0 1
    outer loop
      vertex 18 51.5 2.4
      vertex 21.5 72 2.4
      vertex 18.5 72 2.4
    endloop
  endfacet
  facet normal 0 0 1
    outer loop
      vertex 21.5 72 2.4
      vertex 18 51.5 2.4
      vertex 23 51.5 2.4
    endloop
  endfacet
  facet normal 0 0 1
    outer loop
      vertex 17.25 61 2.4
      vertex 15.75 64 2.4
      vertex 15.75 61 2.4
    endloop
  endfacet
  facet normal 0 0 1
    outer loop
      vertex 18.5 72 2.4
      vertex 15.75 64 2.4
      vertex 17.25 61 2.4
    endloop
  endfacet
  facet normal -0 0 1
    outer loop
      vertex 12.5 72 2.4
      vertex 15.75 64 2.4
      vertex 15.5 72 2.4
    endloop
  endfacet
  facet normal 0 0 1
    outer loop
      vertex 15.75 64 2.4
      vertex 12.5 72 2.4
      vertex 10.75 64 2.4
    endloop
  endfacet
  facet normal -0 0 1
    outer loop
      vertex 6.5 72 2.4
      vertex 10.75 64 2.4
      vertex 9.5 72 2.4
    endloop
  endfacet
  facet normal -0 0 1
    outer loop
      vertex 4 71 2.4
      vertex 10.75 64 2.4
      vertex 6.5 72 2.4
    endloop
  endfacet
  facet normal 0 0 1
    outer loop
      vertex 10.75 64 2.4
      vertex 4 71 2.4
      vertex 4 63 2.4
    endloop
  endfacet
  facet normal 0 0 1
    outer loop
      vertex 10.75 64 2.4
      vertex 4 63 2.4
      vertex 10.75 61 2.4
    endloop
  endfacet
  facet normal -0 0 1
    outer loop
      vertex -4 63 2.4
      vertex 10.75 61 2.4
      vertex 4 63 2.4
    endloop
  endfacet
  facet normal 0 0 1
    outer loop
      vertex -10.75 64 2.4
      vertex -4 71 2.4
      vertex -6.5 72 2.4
    endloop
  endfacet
  facet normal 0 0 1
    outer loop
      vertex -10.75 64 2.4
      vertex -6.5 72 2.4
      vertex -9.5 72 2.4
    endloop
  endfacet
  facet normal 0 0 1
    outer loop
      vertex -4 71 2.4
      vertex -10.75 64 2.4
      vertex -4 63 2.4
    endloop
  endfacet
  facet normal 0 0 1
    outer loop
      vertex -4 63 2.4
      vertex -10.75 61 2.4
      vertex 10.75 61 2.4
    endloop
  endfacet
  facet normal 0 0 1
    outer loop
      vertex -10.75 61 2.4
      vertex -4 63 2.4
      vertex -10.75 64 2.4
    endloop
  endfacet
  facet normal 0 0 1
    outer loop
      vertex 16.05 59.8 2.4
      vertex 14.3 54.7 2.4
      vertex 16.05 20.2 2.4
    endloop
  endfacet
  facet normal 0 0 1
    outer loop
      vertex 16.05 59.8 2.4
      vertex 14.2829 54.9611 2.4
      vertex 14.3 54.7 2.4
    endloop
  endfacet
  facet normal 0 0 1
    outer loop
      vertex 16.05 59.8 2.4
      vertex 14.2319 55.2176 2.4
      vertex 14.2829 54.9611 2.4
    endloop
  endfacet
  facet normal 0 0 1
    outer loop
      vertex 16.05 59.8 2.4
      vertex 14.1478 55.4654 2.4
      vertex 14.2319 55.2176 2.4
    endloop
  endfacet
  facet normal 0 0 1
    outer loop
      vertex 16.05 59.8 2.4
      vertex 14.0321 55.7 2.4
      vertex 14.1478 55.4654 2.4
    endloop
  endfacet
  facet normal 0 0 1
    outer loop
      vertex 16.05 59.8 2.4
      vertex 13.8867 55.9175 2.4
      vertex 14.0321 55.7 2.4
    endloop
  endfacet
  facet normal 0 0 1
    outer loop
      vertex 16.05 59.8 2.4
      vertex 13.7142 56.1142 2.4
      vertex 13.8867 55.9175 2.4
    endloop
  endfacet
  facet normal 0 0 1
    outer loop
      vertex 16.05 59.8 2.4
      vertex 13.5175 56.2867 2.4
      vertex 13.7142 56.1142 2.4
    endloop
  endfacet
  facet normal 0 0 1
    outer loop
      vertex 16.05 59.8 2.4
      vertex 13.3 56.4321 2.4
      vertex 13.5175 56.2867 2.4
    endloop
  endfacet
  facet normal 0 0 1
    outer loop
      vertex 16.05 59.8 2.4
      vertex 13.0654 56.5478 2.4
      vertex 13.3 56.4321 2.4
    endloop
  endfacet
  facet normal 0 0 1
    outer loop
      vertex 16.05 59.8 2.4
      vertex 12.8176 56.6319 2.4
      vertex 13.0654 56.5478 2.4
    endloop
  endfacet
  facet normal 0 0 1
    outer loop
      vertex 16.05 59.8 2.4
      vertex 12.5611 56.6829 2.4
      vertex 12.8176 56.6319 2.4
    endloop
  endfacet
  facet normal 0 0 1
    outer loop
      vertex 16.05 59.8 2.4
      vertex 12.3 56.7 2.4
      vertex 12.5611 56.6829 2.4
    endloop
  endfacet
  facet normal 0 0 1
    outer loop
      vertex 16.05 59.8 2.4
      vertex -12.3 56.7 2.4
      vertex 12.3 56.7 2.4
    endloop
  endfacet
  facet normal -0 0 1
    outer loop
      vertex -16.05 59.8 2.4
      vertex -12.3 56.7 2.4
      vertex 16.05 59.8 2.4
    endloop
  endfacet
  facet normal 0 0 1
    outer loop
      vertex -14.3 54.7 2.4
      vertex -16.05 59.8 2.4
      vertex -14.3 25.3 2.4
    endloop
  endfacet
  facet normal 0 0 1
    outer loop
      vertex -14.2829 54.9611 2.4
      vertex -16.05 59.8 2.4
      vertex -14.3 54.7 2.4
    endloop
  endfacet
  facet normal 0 0 1
    outer loop
      vertex -14.2319 55.2176 2.4
      vertex -16.05 59.8 2.4
      vertex -14.2829 54.9611 2.4
    endloop
  endfacet
  facet normal 0 0 1
    outer loop
      vertex -14.1478 55.4654 2.4
      vertex -16.05 59.8 2.4
      vertex -14.2319 55.2176 2.4
    endloop
  endfacet
  facet normal 0 0 1
    outer loop
      vertex -14.0321 55.7 2.4
      vertex -16.05 59.8 2.4
      vertex -14.1478 55.4654 2.4
    endloop
  endfacet
  facet normal 0 0 1
    outer loop
      vertex -13.8867 55.9175 2.4
      vertex -16.05 59.8 2.4
      vertex -14.0321 55.7 2.4
    endloop
  endfacet
  facet normal 0 0 1
    outer loop
      vertex -13.7142 56.1142 2.4
      vertex -16.05 59.8 2.4
      vertex -13.8867 55.9175 2.4
    endloop
  endfacet
  facet normal 0 0 1
    outer loop
      vertex -13.5175 56.2867 2.4
      vertex -16.05 59.8 2.4
      vertex -13.7142 56.1142 2.4
    endloop
  endfacet
  facet normal 0 0 1
    outer loop
      vertex -13.3 56.4321 2.4
      vertex -16.05 59.8 2.4
      vertex -13.5175 56.2867 2.4
    endloop
  endfacet
  facet normal 0 0 1
    outer loop
      vertex -13.0654 56.5478 2.4
      vertex -16.05 59.8 2.4
      vertex -13.3 56.4321 2.4
    endloop
  endfacet
  facet normal 0 0 1
    outer loop
      vertex -12.8176 56.6319 2.4
      vertex -16.05 59.8 2.4
      vertex -13.0654 56.5478 2.4
    endloop
  endfacet
  facet normal 0 0 1
    outer loop
      vertex -12.5611 56.6829 2.4
      vertex -16.05 59.8 2.4
      vertex -12.8176 56.6319 2.4
    endloop
  endfacet
  facet normal 0 0 1
    outer loop
      vertex -12.3 56.7 2.4
      vertex -16.05 59.8 2.4
      vertex -12.5611 56.6829 2.4
    endloop
  endfacet
  facet normal -0 0 1
    outer loop
      vertex 14.3 25.3 2.4
      vertex 16.05 20.2 2.4
      vertex 14.3 54.7 2.4
    endloop
  endfacet
  facet normal -0 0 1
    outer loop
      vertex 14.2829 25.0389 2.4
      vertex 16.05 20.2 2.4
      vertex 14.3 25.3 2.4
    endloop
  endfacet
  facet normal -0 0 1
    outer loop
      vertex 14.2319 24.7824 2.4
      vertex 16.05 20.2 2.4
      vertex 14.2829 25.0389 2.4
    endloop
  endfacet
  facet normal -0 0 1
    outer loop
      vertex 14.1478 24.5346 2.4
      vertex 16.05 20.2 2.4
      vertex 14.2319 24.7824 2.4
    endloop
  endfacet
  facet normal -0 0 1
    outer loop
      vertex 14.0321 24.3 2.4
      vertex 16.05 20.2 2.4
      vertex 14.1478 24.5346 2.4
    endloop
  endfacet
  facet normal -0 0 1
    outer loop
      vertex 13.8867 24.0825 2.4
      vertex 16.05 20.2 2.4
      vertex 14.0321 24.3 2.4
    endloop
  endfacet
  facet normal -0 0 1
    outer loop
      vertex 13.7142 23.8858 2.4
      vertex 16.05 20.2 2.4
      vertex 13.8867 24.0825 2.4
    endloop
  endfacet
  facet normal -0 0 1
    outer loop
      vertex 13.5175 23.7133 2.4
      vertex 16.05 20.2 2.4
      vertex 13.7142 23.8858 2.4
    endloop
  endfacet
  facet normal -0 0 1
    outer loop
      vertex 13.3 23.5679 2.4
      vertex 16.05 20.2 2.4
      vertex 13.5175 23.7133 2.4
    endloop
  endfacet
  facet normal -0 0 1
    outer loop
      vertex 13.0654 23.4522 2.4
      vertex 16.05 20.2 2.4
      vertex 13.3 23.5679 2.4
    endloop
  endfacet
  facet normal -0 0 1
    outer loop
      vertex 12.8176 23.3681 2.4
      vertex 16.05 20.2 2.4
      vertex 13.0654 23.4522 2.4
    endloop
  endfacet
  facet normal -0 0 1
    outer loop
      vertex 12.5611 23.3171 2.4
      vertex 16.05 20.2 2.4
      vertex 12.8176 23.3681 2.4
    endloop
  endfacet
  facet normal -0 0 1
    outer loop
      vertex 12.3 23.3 2.4
      vertex 16.05 20.2 2.4
      vertex 12.5611 23.3171 2.4
    endloop
  endfacet
  facet normal -0 0 1
    outer loop
      vertex -12.3 23.3 2.4
      vertex 16.05 20.2 2.4
      vertex 12.3 23.3 2.4
    endloop
  endfacet
  facet normal 0 0 1
    outer loop
      vertex -16.05 20.2 2.4
      vertex -12.3 23.3 2.4
      vertex -12.5611 23.3171 2.4
    endloop
  endfacet
  facet normal 0 0 1
    outer loop
      vertex -12.3 23.3 2.4
      vertex -16.05 20.2 2.4
      vertex 16.05 20.2 2.4
    endloop
  endfacet
  facet normal 0 0 1
    outer loop
      vertex -12.8176 23.3681 2.4
      vertex -16.05 20.2 2.4
      vertex -12.5611 23.3171 2.4
    endloop
  endfacet
  facet normal 0 0 1
    outer loop
      vertex -13.0654 23.4522 2.4
      vertex -16.05 20.2 2.4
      vertex -12.8176 23.3681 2.4
    endloop
  endfacet
  facet normal 0 0 1
    outer loop
      vertex -13.3 23.5679 2.4
      vertex -16.05 20.2 2.4
      vertex -13.0654 23.4522 2.4
    endloop
  endfacet
  facet normal 0 0 1
    outer loop
      vertex -13.5175 23.7133 2.4
      vertex -16.05 20.2 2.4
      vertex -13.3 23.5679 2.4
    endloop
  endfacet
  facet normal 0 0 1
    outer loop
      vertex -13.7142 23.8858 2.4
      vertex -16.05 20.2 2.4
      vertex -13.5175 23.7133 2.4
    endloop
  endfacet
  facet normal 0 0 1
    outer loop
      vertex -13.8867 24.0825 2.4
      vertex -16.05 20.2 2.4
      vertex -13.7142 23.8858 2.4
    endloop
  endfacet
  facet normal 0 0 1
    outer loop
      vertex -14.0321 24.3 2.4
      vertex -16.05 20.2 2.4
      vertex -13.8867 24.0825 2.4
    endloop
  endfacet
  facet normal 0 0 1
    outer loop
      vertex -14.1478 24.5346 2.4
      vertex -16.05 20.2 2.4
      vertex -14.0321 24.3 2.4
    endloop
  endfacet
  facet normal 0 0 1
    outer loop
      vertex -14.2319 24.7824 2.4
      vertex -16.05 20.2 2.4
      vertex -14.1478 24.5346 2.4
    endloop
  endfacet
  facet normal 0 0 1
    outer loop
      vertex -14.2829 25.0389 2.4
      vertex -16.05 20.2 2.4
      vertex -14.2319 24.7824 2.4
    endloop
  endfacet
  facet normal 0 0 1
    outer loop
      vertex -14.3 25.3 2.4
      vertex -16.05 20.2 2.4
      vertex -14.2829 25.0389 2.4
    endloop
  endfacet
  facet normal 0 0 1
    outer loop
      vertex -16.05 20.2 2.4
      vertex -14.3 25.3 2.4
      vertex -16.05 59.8 2.4
    endloop
  endfacet
  facet normal -0.83143 -0.555629 0
    outer loop
      vertex -36.7601 2.34743 3.8147e-07
      vertex -37.1962 3 2.4
      vertex -37.1962 3 3.8147e-07
    endloop
  endfacet
  facet normal -0.83143 -0.555629 0
    outer loop
      vertex -37.1962 3 2.4
      vertex -36.7601 2.34743 3.8147e-07
      vertex -36.7601 2.34743 2.4
    endloop
  endfacet
  facet normal 0.0653605 0.997862 -0
    outer loop
      vertex 32.7832 83.9487 3.8147e-07
      vertex 32 84 2.4
      vertex 32.7832 83.9487 2.4
    endloop
  endfacet
  facet normal 0.0653605 0.997862 0
    outer loop
      vertex 32 84 2.4
      vertex 32.7832 83.9487 3.8147e-07
      vertex 32 84 3.8147e-07
    endloop
  endfacet
  facet normal -0.896885 0.442263 0
    outer loop
      vertex -37.5433 80.2961 3.8147e-07
      vertex -37.1962 81 2.4
      vertex -37.1962 81 3.8147e-07
    endloop
  endfacet
  facet normal -0.896885 0.442263 0
    outer loop
      vertex -37.1962 81 2.4
      vertex -37.5433 80.2961 3.8147e-07
      vertex -37.5433 80.2961 2.4
    endloop
  endfacet
  facet normal 0.442263 0.896885 -0
    outer loop
      vertex 35 83.1962 3.8147e-07
      vertex 34.2961 83.5433 2.4
      vertex 35 83.1962 2.4
    endloop
  endfacet
  facet normal 0.442263 0.896885 0
    outer loop
      vertex 34.2961 83.5433 2.4
      vertex 35 83.1962 3.8147e-07
      vertex 34.2961 83.5433 3.8147e-07
    endloop
  endfacet
  facet normal 0.195104 -0.980782 0
    outer loop
      vertex 32.7832 0.0513306 3.8147e-07
      vertex 33.5529 0.204445 2.4
      vertex 32.7832 0.0513306 2.4
    endloop
  endfacet
  facet normal 0.195104 -0.980782 0
    outer loop
      vertex 33.5529 0.204445 2.4
      vertex 32.7832 0.0513306 3.8147e-07
      vertex 33.5529 0.204445 3.8147e-07
    endloop
  endfacet
  facet normal 0.555611 0.831442 -0
    outer loop
      vertex 35.6526 82.7601 3.8147e-07
      vertex 35 83.1962 2.4
      vertex 35.6526 82.7601 2.4
    endloop
  endfacet
  facet normal 0.555611 0.831442 0
    outer loop
      vertex 35 83.1962 2.4
      vertex 35.6526 82.7601 3.8147e-07
      vertex 35 83.1962 3.8147e-07
    endloop
  endfacet
  facet normal -0.946922 -0.321463 0
    outer loop
      vertex -37.5433 3.7039 3.8147e-07
      vertex -37.7956 4.44709 2.4
      vertex -37.7956 4.44709 3.8147e-07
    endloop
  endfacet
  facet normal -0.946922 -0.321463 0
    outer loop
      vertex -37.7956 4.44709 2.4
      vertex -37.5433 3.7039 3.8147e-07
      vertex -37.5433 3.7039 2.4
    endloop
  endfacet
  facet normal 0.195087 0.980786 -0
    outer loop
      vertex 33.5529 83.7956 3.8147e-07
      vertex 32.7832 83.9487 2.4
      vertex 33.5529 83.7956 2.4
    endloop
  endfacet
  facet normal 0.195087 0.980786 0
    outer loop
      vertex 32.7832 83.9487 2.4
      vertex 33.5529 83.7956 3.8147e-07
      vertex 32.7832 83.9487 3.8147e-07
    endloop
  endfacet
  facet normal -0.442263 0.896885 0
    outer loop
      vertex -34.2961 83.5433 3.8147e-07
      vertex -35 83.1962 2.4
      vertex -34.2961 83.5433 2.4
    endloop
  endfacet
  facet normal -0.442263 0.896885 0
    outer loop
      vertex -35 83.1962 2.4
      vertex -34.2961 83.5433 3.8147e-07
      vertex -35 83.1962 3.8147e-07
    endloop
  endfacet
  facet normal 0.831442 0.555611 0
    outer loop
      vertex 37.1962 81 2.4
      vertex 36.7601 81.6526 3.8147e-07
      vertex 36.7601 81.6526 2.4
    endloop
  endfacet
  facet normal 0.831442 0.555611 0
    outer loop
      vertex 36.7601 81.6526 3.8147e-07
      vertex 37.1962 81 2.4
      vertex 37.1962 81 3.8147e-07
    endloop
  endfacet
  facet normal -0.751826 -0.659362 0
    outer loop
      vertex -36.2426 1.75736 3.8147e-07
      vertex -36.7601 2.34743 2.4
      vertex -36.7601 2.34743 3.8147e-07
    endloop
  endfacet
  facet normal -0.751826 -0.659362 0
    outer loop
      vertex -36.7601 2.34743 2.4
      vertex -36.2426 1.75736 3.8147e-07
      vertex -36.2426 1.75736 2.4
    endloop
  endfacet
  facet normal -0.997862 -0.0653638 0
    outer loop
      vertex -37.9487 5.21684 3.8147e-07
      vertex -38 6 2.4
      vertex -38 6 3.8147e-07
    endloop
  endfacet
  facet normal -0.997862 -0.0653638 0
    outer loop
      vertex -38 6 2.4
      vertex -37.9487 5.21684 3.8147e-07
      vertex -37.9487 5.21684 2.4
    endloop
  endfacet
  facet normal 0.997862 0.0653605 0
    outer loop
      vertex 38 78 2.4
      vertex 37.9487 78.7832 3.8147e-07
      vertex 37.9487 78.7832 2.4
    endloop
  endfacet
  facet normal 0.997862 0.0653605 0
    outer loop
      vertex 37.9487 78.7832 3.8147e-07
      vertex 38 78 2.4
      vertex 38 78 3.8147e-07
    endloop
  endfacet
  facet normal -0.659406 0.751787 0
    outer loop
      vertex -35.6526 82.7601 3.8147e-07
      vertex -36.2426 82.2426 2.4
      vertex -35.6526 82.7601 2.4
    endloop
  endfacet
  facet normal -0.659406 0.751787 0
    outer loop
      vertex -36.2426 82.2426 2.4
      vertex -35.6526 82.7601 3.8147e-07
      vertex -36.2426 82.2426 3.8147e-07
    endloop
  endfacet
  facet normal 0 0 -1
    outer loop
      vertex -30.8137 8.86403 3.8147e-07
      vertex -15.0602 24.1567 3.8147e-07
      vertex -30.45 8.68468 3.8147e-07
    endloop
  endfacet
  facet normal 0 0 -1
    outer loop
      vertex -15.2877 54.7 3.8147e-07
      vertex -28.9265 77.5954 3.8147e-07
      vertex -28.9 78 3.8147e-07
    endloop
  endfacet
  facet normal -0 0 -1
    outer loop
      vertex -15.0602 24.1567 3.8147e-07
      vertex -30.8137 8.86403 3.8147e-07
      vertex -15.0613 24.1597 3.8147e-07
    endloop
  endfacet
  facet normal 0 0 -1
    outer loop
      vertex -15.2877 54.7 3.8147e-07
      vertex -29.0056 77.1977 3.8147e-07
      vertex -28.9265 77.5954 3.8147e-07
    endloop
  endfacet
  facet normal -0 0 -1
    outer loop
      vertex -15.0613 24.1597 3.8147e-07
      vertex -30.8137 8.86403 3.8147e-07
      vertex -15.1859 24.5267 3.8147e-07
    endloop
  endfacet
  facet normal 0 0 -1
    outer loop
      vertex -15.2877 54.7 3.8147e-07
      vertex -29.136 76.8137 3.8147e-07
      vertex -29.0056 77.1977 3.8147e-07
    endloop
  endfacet
  facet normal 0 0 -1
    outer loop
      vertex -31.1977 8.99437 3.8147e-07
      vertex -15.1859 24.5267 3.8147e-07
      vertex -30.8137 8.86403 3.8147e-07
    endloop
  endfacet
  facet normal 0 0 -1
    outer loop
      vertex -15.2877 54.7 3.8147e-07
      vertex -29.3153 76.45 3.8147e-07
      vertex -29.136 76.8137 3.8147e-07
    endloop
  endfacet
  facet normal -0 0 -1
    outer loop
      vertex -15.1859 24.5267 3.8147e-07
      vertex -31.1977 8.99437 3.8147e-07
      vertex -15.2615 24.9069 3.8147e-07
    endloop
  endfacet
  facet normal 0 0 -1
    outer loop
      vertex -15.2877 54.7 3.8147e-07
      vertex -29.5406 76.1128 3.8147e-07
      vertex -29.3153 76.45 3.8147e-07
    endloop
  endfacet
  facet normal -0 0 -1
    outer loop
      vertex -15.2615 24.9069 3.8147e-07
      vertex -31.1977 8.99437 3.8147e-07
      vertex -15.2621 24.91 3.8147e-07
    endloop
  endfacet
  facet normal 0 0 -1
    outer loop
      vertex -15.2877 54.7 3.8147e-07
      vertex -29.808 75.808 3.8147e-07
      vertex -29.5406 76.1128 3.8147e-07
    endloop
  endfacet
  facet normal 0 0 -1
    outer loop
      vertex -31.5954 9.07348 3.8147e-07
      vertex -15.2621 24.91 3.8147e-07
      vertex -31.1977 8.99437 3.8147e-07
    endloop
  endfacet
  facet normal 0 0 -1
    outer loop
      vertex -15.2877 54.7 3.8147e-07
      vertex -30.1128 75.5406 3.8147e-07
      vertex -29.808 75.808 3.8147e-07
    endloop
  endfacet
  facet normal -0 0 -1
    outer loop
      vertex -15.2621 24.91 3.8147e-07
      vertex -31.5954 9.07348 3.8147e-07
      vertex -15.2874 25.2968 3.8147e-07
    endloop
  endfacet
  facet normal 0 0 -1
    outer loop
      vertex -15.2877 54.7 3.8147e-07
      vertex -30.45 75.3153 3.8147e-07
      vertex -30.1128 75.5406 3.8147e-07
    endloop
  endfacet
  facet normal -0 0 -1
    outer loop
      vertex -15.2874 25.2968 3.8147e-07
      vertex -31.5954 9.07348 3.8147e-07
      vertex -15.2877 25.3 3.8147e-07
    endloop
  endfacet
  facet normal 0 0 -1
    outer loop
      vertex -15.2877 54.7 3.8147e-07
      vertex -30.8137 75.136 3.8147e-07
      vertex -30.45 75.3153 3.8147e-07
    endloop
  endfacet
  facet normal 0 0 -1
    outer loop
      vertex -32 9.1 3.8147e-07
      vertex -15.2877 25.3 3.8147e-07
      vertex -31.5954 9.07348 3.8147e-07
    endloop
  endfacet
  facet normal 0 0 -1
    outer loop
      vertex -15.2877 54.7 3.8147e-07
      vertex -31.1977 75.0056 3.8147e-07
      vertex -30.8137 75.136 3.8147e-07
    endloop
  endfacet
  facet normal 0 0 -1
    outer loop
      vertex -32.4046 9.07348 3.8147e-07
      vertex -15.2877 25.3 3.8147e-07
      vertex -32 9.1 3.8147e-07
    endloop
  endfacet
  facet normal 0 0 -1
    outer loop
      vertex -15.2877 54.7 3.8147e-07
      vertex -31.5954 74.9265 3.8147e-07
      vertex -31.1977 75.0056 3.8147e-07
    endloop
  endfacet
  facet normal 0 0 -1
    outer loop
      vertex -32.8023 8.99437 3.8147e-07
      vertex -15.2877 25.3 3.8147e-07
      vertex -32.4046 9.07348 3.8147e-07
    endloop
  endfacet
  facet normal 0 0 -1
    outer loop
      vertex -15.2877 54.7 3.8147e-07
      vertex -32 74.9 3.8147e-07
      vertex -31.5954 74.9265 3.8147e-07
    endloop
  endfacet
  facet normal 0 0 -1
    outer loop
      vertex -33.1863 8.86403 3.8147e-07
      vertex -15.2877 25.3 3.8147e-07
      vertex -32.8023 8.99437 3.8147e-07
    endloop
  endfacet
  facet normal 0 0 -1
    outer loop
      vertex -15.2877 54.7 3.8147e-07
      vertex -32.4046 74.9265 3.8147e-07
      vertex -32 74.9 3.8147e-07
    endloop
  endfacet
  facet normal -0 0 -1
    outer loop
      vertex -15.2877 25.3 3.8147e-07
      vertex -33.1863 8.86403 3.8147e-07
      vertex -15.2877 54.7 3.8147e-07
    endloop
  endfacet
  facet normal 0 0 -1
    outer loop
      vertex -15.2877 54.7 3.8147e-07
      vertex -32.8023 75.0056 3.8147e-07
      vertex -32.4046 74.9265 3.8147e-07
    endloop
  endfacet
  facet normal 0 0 -1
    outer loop
      vertex -33.55 8.68468 3.8147e-07
      vertex -15.2877 54.7 3.8147e-07
      vertex -33.1863 8.86403 3.8147e-07
    endloop
  endfacet
  facet normal 0 0 -1
    outer loop
      vertex -15.2877 54.7 3.8147e-07
      vertex -33.1863 75.136 3.8147e-07
      vertex -32.8023 75.0056 3.8147e-07
    endloop
  endfacet
  facet normal 0 0 -1
    outer loop
      vertex -33.55 75.3153 3.8147e-07
      vertex -15.2877 54.7 3.8147e-07
      vertex -33.55 8.68468 3.8147e-07
    endloop
  endfacet
  facet normal 0 0 -1
    outer loop
      vertex -15.2877 54.7 3.8147e-07
      vertex -33.55 75.3153 3.8147e-07
      vertex -33.1863 75.136 3.8147e-07
    endloop
  endfacet
  facet normal 0 0 -1
    outer loop
      vertex -33.8872 8.45939 3.8147e-07
      vertex -33.55 75.3153 3.8147e-07
      vertex -33.55 8.68468 3.8147e-07
    endloop
  endfacet
  facet normal 0 0 -1
    outer loop
      vertex -33.8872 8.45939 3.8147e-07
      vertex -33.8872 75.5406 3.8147e-07
      vertex -33.55 75.3153 3.8147e-07
    endloop
  endfacet
  facet normal 0 0 -1
    outer loop
      vertex -38 6 3.8147e-07
      vertex -33.8872 8.45939 3.8147e-07
      vertex -34.192 8.19203 3.8147e-07
    endloop
  endfacet
  facet normal -0 0 -1
    outer loop
      vertex -33.8872 8.45939 3.8147e-07
      vertex -38 6 3.8147e-07
      vertex -33.8872 75.5406 3.8147e-07
    endloop
  endfacet
  facet normal 0 0 -1
    outer loop
      vertex -38 6 3.8147e-07
      vertex -34.192 8.19203 3.8147e-07
      vertex -34.4594 7.88716 3.8147e-07
    endloop
  endfacet
  facet normal 0 0 -1
    outer loop
      vertex -38 78 3.8147e-07
      vertex -33.8872 75.5406 3.8147e-07
      vertex -38 6 3.8147e-07
    endloop
  endfacet
  facet normal 0 0 -1
    outer loop
      vertex -38 6 3.8147e-07
      vertex -34.4594 7.88716 3.8147e-07
      vertex -34.6847 7.55 3.8147e-07
    endloop
  endfacet
  facet normal 0 0 -1
    outer loop
      vertex -33.8872 75.5406 3.8147e-07
      vertex -38 78 3.8147e-07
      vertex -34.192 75.808 3.8147e-07
    endloop
  endfacet
  facet normal 0 0 -1
    outer loop
      vertex -38 6 3.8147e-07
      vertex -34.6847 7.55 3.8147e-07
      vertex -34.864 7.18632 3.8147e-07
    endloop
  endfacet
  facet normal 0 0 -1
    outer loop
      vertex -34.192 75.808 3.8147e-07
      vertex -38 78 3.8147e-07
      vertex -34.4594 76.1128 3.8147e-07
    endloop
  endfacet
  facet normal 0 0 -1
    outer loop
      vertex -38 6 3.8147e-07
      vertex -34.864 7.18632 3.8147e-07
      vertex -34.9944 6.80234 3.8147e-07
    endloop
  endfacet
  facet normal 0 0 -1
    outer loop
      vertex -34.4594 76.1128 3.8147e-07
      vertex -38 78 3.8147e-07
      vertex -34.6847 76.45 3.8147e-07
    endloop
  endfacet
  facet normal 0 0 -1
    outer loop
      vertex -38 6 3.8147e-07
      vertex -34.9944 6.80234 3.8147e-07
      vertex -35.0735 6.40463 3.8147e-07
    endloop
  endfacet
  facet normal 0 0 -1
    outer loop
      vertex -34.6847 76.45 3.8147e-07
      vertex -38 78 3.8147e-07
      vertex -34.864 76.8137 3.8147e-07
    endloop
  endfacet
  facet normal 0 0 -1
    outer loop
      vertex -38 6 3.8147e-07
      vertex -35.0735 6.40463 3.8147e-07
      vertex -35.1 6 3.8147e-07
    endloop
  endfacet
  facet normal 0 0 -1
    outer loop
      vertex -34.864 76.8137 3.8147e-07
      vertex -38 78 3.8147e-07
      vertex -34.9944 77.1977 3.8147e-07
    endloop
  endfacet
  facet normal 0 0 -1
    outer loop
      vertex -12.6867 57.6623 3.8147e-07
      vertex -12.5 72 3.8147e-07
      vertex -12.3 57.6877 3.8147e-07
    endloop
  endfacet
  facet normal 0 0 -1
    outer loop
      vertex -12.69 57.6621 3.8147e-07
      vertex -12.5 72 3.8147e-07
      vertex -12.6867 57.6623 3.8147e-07
    endloop
  endfacet
  facet normal 0 0 -1
    outer loop
      vertex -15.5 72 3.8147e-07
      vertex -12.69 57.6621 3.8147e-07
      vertex -12.6931 57.6615 3.8147e-07
    endloop
  endfacet
  facet normal 0 0 -1
    outer loop
      vertex -15.5 72 3.8147e-07
      vertex -12.6931 57.6615 3.8147e-07
      vertex -13.0733 57.5859 3.8147e-07
    endloop
  endfacet
  facet normal 0 0 -1
    outer loop
      vertex -15.5 72 3.8147e-07
      vertex -13.0733 57.5859 3.8147e-07
      vertex -13.0763 57.5848 3.8147e-07
    endloop
  endfacet
  facet normal 0 0 -1
    outer loop
      vertex -15.5 72 3.8147e-07
      vertex -13.0763 57.5848 3.8147e-07
      vertex -13.4433 57.4602 3.8147e-07
    endloop
  endfacet
  facet normal 0 0 -1
    outer loop
      vertex -15.5 72 3.8147e-07
      vertex -13.4433 57.4602 3.8147e-07
      vertex -13.7909 57.2888 3.8147e-07
    endloop
  endfacet
  facet normal 0 0 -1
    outer loop
      vertex -18.5 72 3.8147e-07
      vertex -13.7909 57.2888 3.8147e-07
      vertex -13.7938 57.2874 3.8147e-07
    endloop
  endfacet
  facet normal 0 0 -1
    outer loop
      vertex -18.5 72 3.8147e-07
      vertex -13.7938 57.2874 3.8147e-07
      vertex -14.1161 57.0721 3.8147e-07
    endloop
  endfacet
  facet normal 0 0 -1
    outer loop
      vertex -18.5 72 3.8147e-07
      vertex -14.1161 57.0721 3.8147e-07
      vertex -14.1188 57.0703 3.8147e-07
    endloop
  endfacet
  facet normal 0 0 -1
    outer loop
      vertex -18.5 72 3.8147e-07
      vertex -14.1188 57.0703 3.8147e-07
      vertex -14.1212 57.0681 3.8147e-07
    endloop
  endfacet
  facet normal 0 0 -1
    outer loop
      vertex -18.5 72 3.8147e-07
      vertex -14.1212 57.0681 3.8147e-07
      vertex -14.4126 56.8126 3.8147e-07
    endloop
  endfacet
  facet normal 0 0 -1
    outer loop
      vertex -21.5 72 3.8147e-07
      vertex -14.4126 56.8126 3.8147e-07
      vertex -14.6681 56.5212 3.8147e-07
    endloop
  endfacet
  facet normal 0 0 -1
    outer loop
      vertex -21.5 72 3.8147e-07
      vertex -14.6681 56.5212 3.8147e-07
      vertex -14.6703 56.5188 3.8147e-07
    endloop
  endfacet
  facet normal 0 0 -1
    outer loop
      vertex -21.5 72 3.8147e-07
      vertex -14.6703 56.5188 3.8147e-07
      vertex -14.8856 56.1965 3.8147e-07
    endloop
  endfacet
  facet normal 0 0 -1
    outer loop
      vertex -21.5 72 3.8147e-07
      vertex -14.8856 56.1965 3.8147e-07
      vertex -14.8874 56.1938 3.8147e-07
    endloop
  endfacet
  facet normal 0 0 -1
    outer loop
      vertex -21.5 72 3.8147e-07
      vertex -14.8874 56.1938 3.8147e-07
      vertex -14.8888 56.1909 3.8147e-07
    endloop
  endfacet
  facet normal 0 0 -1
    outer loop
      vertex -21.5 72 3.8147e-07
      vertex -14.8888 56.1909 3.8147e-07
      vertex -15.0602 55.8433 3.8147e-07
    endloop
  endfacet
  facet normal 0 0 -1
    outer loop
      vertex -21.5 72 3.8147e-07
      vertex -15.0602 55.8433 3.8147e-07
      vertex -15.0613 55.8403 3.8147e-07
    endloop
  endfacet
  facet normal 0 0 -1
    outer loop
      vertex -21.5 72 3.8147e-07
      vertex -15.0613 55.8403 3.8147e-07
      vertex -15.1859 55.4733 3.8147e-07
    endloop
  endfacet
  facet normal 0 0 -1
    outer loop
      vertex -21.5 72 3.8147e-07
      vertex -15.1859 55.4733 3.8147e-07
      vertex -15.2615 55.0931 3.8147e-07
    endloop
  endfacet
  facet normal 0 0 -1
    outer loop
      vertex -21.5 72 3.8147e-07
      vertex -15.2615 55.0931 3.8147e-07
      vertex -15.2621 55.09 3.8147e-07
    endloop
  endfacet
  facet normal 0 0 -1
    outer loop
      vertex -12.69 57.6621 3.8147e-07
      vertex -15.5 72 3.8147e-07
      vertex -12.5 72 3.8147e-07
    endloop
  endfacet
  facet normal 0 0 -1
    outer loop
      vertex -21.5 72 3.8147e-07
      vertex -15.2621 55.09 3.8147e-07
      vertex -15.2874 54.7032 3.8147e-07
    endloop
  endfacet
  facet normal 0 0 -1
    outer loop
      vertex -21.5 72 3.8147e-07
      vertex -15.2874 54.7032 3.8147e-07
      vertex -15.2877 54.7 3.8147e-07
    endloop
  endfacet
  facet normal 0 0 -1
    outer loop
      vertex 12.3 57.6877 3.8147e-07
      vertex 6.5 72 3.8147e-07
      vertex 9.5 72 3.8147e-07
    endloop
  endfacet
  facet normal 0 0 -1
    outer loop
      vertex 6.5 72 3.8147e-07
      vertex -6.5 72 3.8147e-07
      vertex 6.5 80 3.8147e-07
    endloop
  endfacet
  facet normal 0 0 -1
    outer loop
      vertex 12.3 57.6877 3.8147e-07
      vertex -6.5 72 3.8147e-07
      vertex 6.5 72 3.8147e-07
    endloop
  endfacet
  facet normal 0 0 -1
    outer loop
      vertex -12.3 57.6877 3.8147e-07
      vertex -6.5 72 3.8147e-07
      vertex 12.3 57.6877 3.8147e-07
    endloop
  endfacet
  facet normal 0 0 -1
    outer loop
      vertex -12.5 72 3.8147e-07
      vertex -9.5 72 3.8147e-07
      vertex -12.3 57.6877 3.8147e-07
    endloop
  endfacet
  facet normal -0 0 -1
    outer loop
      vertex -6.5 72 3.8147e-07
      vertex -12.3 57.6877 3.8147e-07
      vertex -9.5 72 3.8147e-07
    endloop
  endfacet
  facet normal 0 0 -1
    outer loop
      vertex 34.864 7.18632 3.8147e-07
      vertex 38 6 3.8147e-07
      vertex 34.9944 6.80234 3.8147e-07
    endloop
  endfacet
  facet normal -0 0 -1
    outer loop
      vertex 38 78 3.8147e-07
      vertex 35.0735 77.5954 3.8147e-07
      vertex 35.1 78 3.8147e-07
    endloop
  endfacet
  facet normal 0 0 -1
    outer loop
      vertex 34.6847 7.55 3.8147e-07
      vertex 38 6 3.8147e-07
      vertex 34.864 7.18632 3.8147e-07
    endloop
  endfacet
  facet normal 0 0 -1
    outer loop
      vertex 38 78 3.8147e-07
      vertex 34.9944 77.1977 3.8147e-07
      vertex 35.0735 77.5954 3.8147e-07
    endloop
  endfacet
  facet normal 0 0 -1
    outer loop
      vertex 34.4594 7.88716 3.8147e-07
      vertex 38 6 3.8147e-07
      vertex 34.6847 7.55 3.8147e-07
    endloop
  endfacet
  facet normal 0 0 -1
    outer loop
      vertex 38 78 3.8147e-07
      vertex 34.864 76.8137 3.8147e-07
      vertex 34.9944 77.1977 3.8147e-07
    endloop
  endfacet
  facet normal 0 0 -1
    outer loop
      vertex 34.192 8.19203 3.8147e-07
      vertex 38 6 3.8147e-07
      vertex 34.4594 7.88716 3.8147e-07
    endloop
  endfacet
  facet normal 0 0 -1
    outer loop
      vertex 38 78 3.8147e-07
      vertex 34.6847 76.45 3.8147e-07
      vertex 34.864 76.8137 3.8147e-07
    endloop
  endfacet
  facet normal 0 0 -1
    outer loop
      vertex 33.8872 8.45939 3.8147e-07
      vertex 38 6 3.8147e-07
      vertex 34.192 8.19203 3.8147e-07
    endloop
  endfacet
  facet normal 0 0 -1
    outer loop
      vertex 38 78 3.8147e-07
      vertex 34.4594 76.1128 3.8147e-07
      vertex 34.6847 76.45 3.8147e-07
    endloop
  endfacet
  facet normal 0 0 -1
    outer loop
      vertex 38 6 3.8147e-07
      vertex 33.8872 8.45939 3.8147e-07
      vertex 38 78 3.8147e-07
    endloop
  endfacet
  facet normal 0 0 -1
    outer loop
      vertex 38 78 3.8147e-07
      vertex 34.192 75.808 3.8147e-07
      vertex 34.4594 76.1128 3.8147e-07
    endloop
  endfacet
  facet normal 0 0 -1
    outer loop
      vertex 33.8872 75.5406 3.8147e-07
      vertex 38 78 3.8147e-07
      vertex 33.8872 8.45939 3.8147e-07
    endloop
  endfacet
  facet normal 0 0 -1
    outer loop
      vertex 38 78 3.8147e-07
      vertex 33.8872 75.5406 3.8147e-07
      vertex 34.192 75.808 3.8147e-07
    endloop
  endfacet
  facet normal 0 0 -1
    outer loop
      vertex 33.55 8.68468 3.8147e-07
      vertex 33.8872 75.5406 3.8147e-07
      vertex 33.8872 8.45939 3.8147e-07
    endloop
  endfacet
  facet normal 0 0 -1
    outer loop
      vertex 33.55 8.68468 3.8147e-07
      vertex 33.55 75.3153 3.8147e-07
      vertex 33.8872 75.5406 3.8147e-07
    endloop
  endfacet
  facet normal 0 0 -1
    outer loop
      vertex 15.2877 54.7 3.8147e-07
      vertex 33.55 8.68468 3.8147e-07
      vertex 33.1863 8.86403 3.8147e-07
    endloop
  endfacet
  facet normal 0 0 -1
    outer loop
      vertex 33.55 8.68468 3.8147e-07
      vertex 15.2877 54.7 3.8147e-07
      vertex 33.55 75.3153 3.8147e-07
    endloop
  endfacet
  facet normal 0 0 -1
    outer loop
      vertex 15.2877 25.3 3.8147e-07
      vertex 33.1863 8.86403 3.8147e-07
      vertex 32.8023 8.99437 3.8147e-07
    endloop
  endfacet
  facet normal 0 0 -1
    outer loop
      vertex 33.55 75.3153 3.8147e-07
      vertex 15.2877 54.7 3.8147e-07
      vertex 33.1863 75.136 3.8147e-07
    endloop
  endfacet
  facet normal 0 0 -1
    outer loop
      vertex 15.2877 25.3 3.8147e-07
      vertex 32.8023 8.99437 3.8147e-07
      vertex 32.4046 9.07348 3.8147e-07
    endloop
  endfacet
  facet normal 0 0 -1
    outer loop
      vertex 33.1863 75.136 3.8147e-07
      vertex 15.2877 54.7 3.8147e-07
      vertex 32.8023 75.0056 3.8147e-07
    endloop
  endfacet
  facet normal 0 0 -1
    outer loop
      vertex 15.2877 25.3 3.8147e-07
      vertex 32.4046 9.07348 3.8147e-07
      vertex 32 9.1 3.8147e-07
    endloop
  endfacet
  facet normal 0 0 -1
    outer loop
      vertex 32.8023 75.0056 3.8147e-07
      vertex 15.2877 54.7 3.8147e-07
      vertex 32.4046 74.9265 3.8147e-07
    endloop
  endfacet
  facet normal 0 0 -1
    outer loop
      vertex 15.2877 25.3 3.8147e-07
      vertex 32 9.1 3.8147e-07
      vertex 31.5954 9.07348 3.8147e-07
    endloop
  endfacet
  facet normal 0 0 -1
    outer loop
      vertex 15.2874 54.7032 3.8147e-07
      vertex 32.4046 74.9265 3.8147e-07
      vertex 15.2877 54.7 3.8147e-07
    endloop
  endfacet
  facet normal 0 0 -1
    outer loop
      vertex 15.2621 24.91 3.8147e-07
      vertex 31.5954 9.07348 3.8147e-07
      vertex 31.1977 8.99437 3.8147e-07
    endloop
  endfacet
  facet normal 0 0 -1
    outer loop
      vertex 15.2621 55.09 3.8147e-07
      vertex 32.4046 74.9265 3.8147e-07
      vertex 15.2874 54.7032 3.8147e-07
    endloop
  endfacet
  facet normal 0 0 -1
    outer loop
      vertex 15.1859 24.5267 3.8147e-07
      vertex 31.1977 8.99437 3.8147e-07
      vertex 30.8137 8.86403 3.8147e-07
    endloop
  endfacet
  facet normal 0 0 -1
    outer loop
      vertex 32.4046 74.9265 3.8147e-07
      vertex 15.2621 55.09 3.8147e-07
      vertex 32 74.9 3.8147e-07
    endloop
  endfacet
  facet normal 0 0 -1
    outer loop
      vertex 15.0602 24.1567 3.8147e-07
      vertex 30.8137 8.86403 3.8147e-07
      vertex 30.45 8.68468 3.8147e-07
    endloop
  endfacet
  facet normal 0 0 -1
    outer loop
      vertex 15.2615 55.0931 3.8147e-07
      vertex 32 74.9 3.8147e-07
      vertex 15.2621 55.09 3.8147e-07
    endloop
  endfacet
  facet normal 0 0 -1
    outer loop
      vertex 14.8874 23.8062 3.8147e-07
      vertex 30.45 8.68468 3.8147e-07
      vertex 30.1128 8.45939 3.8147e-07
    endloop
  endfacet
  facet normal 0 0 -1
    outer loop
      vertex 15.1859 55.4733 3.8147e-07
      vertex 32 74.9 3.8147e-07
      vertex 15.2615 55.0931 3.8147e-07
    endloop
  endfacet
  facet normal 0 0 -1
    outer loop
      vertex 14.6703 23.4812 3.8147e-07
      vertex 30.1128 8.45939 3.8147e-07
      vertex 29.808 8.19203 3.8147e-07
    endloop
  endfacet
  facet normal -0 0 -1
    outer loop
      vertex 32 74.9 3.8147e-07
      vertex 15.1859 55.4733 3.8147e-07
      vertex 31.5954 74.9265 3.8147e-07
    endloop
  endfacet
  facet normal 0 0 -1
    outer loop
      vertex 14.4126 23.1874 3.8147e-07
      vertex 29.808 8.19203 3.8147e-07
      vertex 29.5406 7.88716 3.8147e-07
    endloop
  endfacet
  facet normal 0 -0 -1
    outer loop
      vertex 21.5 72 3.8147e-07
      vertex 31.5954 74.9265 3.8147e-07
      vertex 15.1859 55.4733 3.8147e-07
    endloop
  endfacet
  facet normal 0 0 -1
    outer loop
      vertex 14.1188 22.9297 3.8147e-07
      vertex 29.5406 7.88716 3.8147e-07
      vertex 29.3153 7.55 3.8147e-07
    endloop
  endfacet
  facet normal -0 0 -1
    outer loop
      vertex 31.5954 74.9265 3.8147e-07
      vertex 21.5 72 3.8147e-07
      vertex 31.1977 75.0056 3.8147e-07
    endloop
  endfacet
  facet normal 0 0 -1
    outer loop
      vertex 13.7938 22.7126 3.8147e-07
      vertex 29.3153 7.55 3.8147e-07
      vertex 29.136 7.18632 3.8147e-07
    endloop
  endfacet
  facet normal -0 0 -1
    outer loop
      vertex 30.45 75.3153 3.8147e-07
      vertex 21.5 72 3.8147e-07
      vertex 30.1128 75.5406 3.8147e-07
    endloop
  endfacet
  facet normal 0 0 -1
    outer loop
      vertex 13.4433 22.5398 3.8147e-07
      vertex 29.136 7.18632 3.8147e-07
      vertex 29.0056 6.80234 3.8147e-07
    endloop
  endfacet
  facet normal -0 0 -1
    outer loop
      vertex 30.1128 75.5406 3.8147e-07
      vertex 21.5 72 3.8147e-07
      vertex 29.808 75.808 3.8147e-07
    endloop
  endfacet
  facet normal 0 0 -1
    outer loop
      vertex 13.0733 22.4141 3.8147e-07
      vertex 29.0056 6.80234 3.8147e-07
      vertex 28.9265 6.40463 3.8147e-07
    endloop
  endfacet
  facet normal -0 0 -1
    outer loop
      vertex 29.808 75.808 3.8147e-07
      vertex 21.5 72 3.8147e-07
      vertex 29.5406 76.1128 3.8147e-07
    endloop
  endfacet
  facet normal 0 0 -1
    outer loop
      vertex 12.69 22.3379 3.8147e-07
      vertex 28.9265 6.40463 3.8147e-07
      vertex 28.9 6 3.8147e-07
    endloop
  endfacet
  facet normal -0 0 -1
    outer loop
      vertex 29.136 76.8137 3.8147e-07
      vertex 21.5 72 3.8147e-07
      vertex 29.0056 77.1977 3.8147e-07
    endloop
  endfacet
  facet normal 0 0 -1
    outer loop
      vertex 35.1 6 3.8147e-07
      vertex 38 6 3.8147e-07
      vertex 37.9487 5.21684 3.8147e-07
    endloop
  endfacet
  facet normal 0 0 -1
    outer loop
      vertex 35.0735 6.40463 3.8147e-07
      vertex 38 6 3.8147e-07
      vertex 35.1 6 3.8147e-07
    endloop
  endfacet
  facet normal 0 0 -1
    outer loop
      vertex 35.0735 5.59537 3.8147e-07
      vertex 37.9487 5.21684 3.8147e-07
      vertex 37.7956 4.44709 3.8147e-07
    endloop
  endfacet
  facet normal 0 0 -1
    outer loop
      vertex 34.9944 6.80234 3.8147e-07
      vertex 38 6 3.8147e-07
      vertex 35.0735 6.40463 3.8147e-07
    endloop
  endfacet
  facet normal 0 0 -1
    outer loop
      vertex 34.9944 5.19766 3.8147e-07
      vertex 37.7956 4.44709 3.8147e-07
      vertex 37.5433 3.7039 3.8147e-07
    endloop
  endfacet
  facet normal 0 0 -1
    outer loop
      vertex 38 78 3.8147e-07
      vertex 35.1 78 3.8147e-07
      vertex 37.9487 78.7832 3.8147e-07
    endloop
  endfacet
  facet normal 0 0 -1
    outer loop
      vertex 34.864 4.81368 3.8147e-07
      vertex 37.5433 3.7039 3.8147e-07
      vertex 37.1962 3 3.8147e-07
    endloop
  endfacet
  facet normal 0 0 -1
    outer loop
      vertex 35.0735 78.4046 3.8147e-07
      vertex 37.9487 78.7832 3.8147e-07
      vertex 35.1 78 3.8147e-07
    endloop
  endfacet
  facet normal 0 0 -1
    outer loop
      vertex 34.6847 4.45 3.8147e-07
      vertex 37.1962 3 3.8147e-07
      vertex 36.7601 2.34743 3.8147e-07
    endloop
  endfacet
  facet normal -0 0 -1
    outer loop
      vertex 37.9487 78.7832 3.8147e-07
      vertex 35.0735 78.4046 3.8147e-07
      vertex 37.7956 79.5529 3.8147e-07
    endloop
  endfacet
  facet normal 0 0 -1
    outer loop
      vertex 34.4594 4.11284 3.8147e-07
      vertex 36.7601 2.34743 3.8147e-07
      vertex 36.2426 1.75736 3.8147e-07
    endloop
  endfacet
  facet normal 0 0 -1
    outer loop
      vertex 34.9944 78.8023 3.8147e-07
      vertex 37.7956 79.5529 3.8147e-07
      vertex 35.0735 78.4046 3.8147e-07
    endloop
  endfacet
  facet normal 0 0 -1
    outer loop
      vertex 34.192 3.80797 3.8147e-07
      vertex 36.2426 1.75736 3.8147e-07
      vertex 35.6526 1.23988 3.8147e-07
    endloop
  endfacet
  facet normal -0 0 -1
    outer loop
      vertex 37.7956 79.5529 3.8147e-07
      vertex 34.9944 78.8023 3.8147e-07
      vertex 37.5433 80.2961 3.8147e-07
    endloop
  endfacet
  facet normal 0 0 -1
    outer loop
      vertex 34.864 79.1863 3.8147e-07
      vertex 37.5433 80.2961 3.8147e-07
      vertex 34.9944 78.8023 3.8147e-07
    endloop
  endfacet
  facet normal 0 0 -1
    outer loop
      vertex 37.9487 5.21684 3.8147e-07
      vertex 35.0735 5.59537 3.8147e-07
      vertex 35.1 6 3.8147e-07
    endloop
  endfacet
  facet normal 0 0 -1
    outer loop
      vertex 33.8872 3.54061 3.8147e-07
      vertex 35.6526 1.23988 3.8147e-07
      vertex 35 0.803847 3.8147e-07
    endloop
  endfacet
  facet normal 0 0 -1
    outer loop
      vertex 37.7956 4.44709 3.8147e-07
      vertex 34.9944 5.19766 3.8147e-07
      vertex 35.0735 5.59537 3.8147e-07
    endloop
  endfacet
  facet normal 0 0 -1
    outer loop
      vertex 37.5433 3.7039 3.8147e-07
      vertex 34.864 4.81368 3.8147e-07
      vertex 34.9944 5.19766 3.8147e-07
    endloop
  endfacet
  facet normal 0 0 -1
    outer loop
      vertex 37.1962 3 3.8147e-07
      vertex 34.6847 4.45 3.8147e-07
      vertex 34.864 4.81368 3.8147e-07
    endloop
  endfacet
  facet normal 0 0 -1
    outer loop
      vertex 36.7601 2.34743 3.8147e-07
      vertex 34.4594 4.11284 3.8147e-07
      vertex 34.6847 4.45 3.8147e-07
    endloop
  endfacet
  facet normal 0 0 -1
    outer loop
      vertex 33.55 3.31532 3.8147e-07
      vertex 35 0.803847 3.8147e-07
      vertex 34.2961 0.456722 3.8147e-07
    endloop
  endfacet
  facet normal 0 0 -1
    outer loop
      vertex 36.2426 1.75736 3.8147e-07
      vertex 34.192 3.80797 3.8147e-07
      vertex 34.4594 4.11284 3.8147e-07
    endloop
  endfacet
  facet normal 0 0 -1
    outer loop
      vertex 35.6526 1.23988 3.8147e-07
      vertex 33.8872 3.54061 3.8147e-07
      vertex 34.192 3.80797 3.8147e-07
    endloop
  endfacet
  facet normal 0 0 -1
    outer loop
      vertex 33.1863 3.13597 3.8147e-07
      vertex 34.2961 0.456722 3.8147e-07
      vertex 33.5529 0.204445 3.8147e-07
    endloop
  endfacet
  facet normal 0 0 -1
    outer loop
      vertex 35 0.803847 3.8147e-07
      vertex 33.55 3.31532 3.8147e-07
      vertex 33.8872 3.54061 3.8147e-07
    endloop
  endfacet
  facet normal 0 0 -1
    outer loop
      vertex 34.2961 0.456722 3.8147e-07
      vertex 33.1863 3.13597 3.8147e-07
      vertex 33.55 3.31532 3.8147e-07
    endloop
  endfacet
  facet normal 0 0 -1
    outer loop
      vertex 33.5529 0.204445 3.8147e-07
      vertex 32.8023 3.00563 3.8147e-07
      vertex 33.1863 3.13597 3.8147e-07
    endloop
  endfacet
  facet normal 0 0 -1
    outer loop
      vertex 32.7832 0.0513306 3.8147e-07
      vertex 32.8023 3.00563 3.8147e-07
      vertex 33.5529 0.204445 3.8147e-07
    endloop
  endfacet
  facet normal 0 0 -1
    outer loop
      vertex 32.7832 0.0513306 3.8147e-07
      vertex 32.4046 2.92652 3.8147e-07
      vertex 32.8023 3.00563 3.8147e-07
    endloop
  endfacet
  facet normal 0 0 -1
    outer loop
      vertex 32 0 3.8147e-07
      vertex 32.4046 2.92652 3.8147e-07
      vertex 32.7832 0.0513306 3.8147e-07
    endloop
  endfacet
  facet normal 0 0 -1
    outer loop
      vertex 32 0 3.8147e-07
      vertex 32 2.9 3.8147e-07
      vertex 32.4046 2.92652 3.8147e-07
    endloop
  endfacet
  facet normal 0 0 -1
    outer loop
      vertex 32 0 3.8147e-07
      vertex 31.5954 2.92652 3.8147e-07
      vertex 32 2.9 3.8147e-07
    endloop
  endfacet
  facet normal 0 0 -1
    outer loop
      vertex 32 0 3.8147e-07
      vertex 31.1977 3.00563 3.8147e-07
      vertex 31.5954 2.92652 3.8147e-07
    endloop
  endfacet
  facet normal 0 0 -1
    outer loop
      vertex 32 0 3.8147e-07
      vertex 30.8137 3.13597 3.8147e-07
      vertex 31.1977 3.00563 3.8147e-07
    endloop
  endfacet
  facet normal 0 0 -1
    outer loop
      vertex 32 0 3.8147e-07
      vertex 30.45 3.31532 3.8147e-07
      vertex 30.8137 3.13597 3.8147e-07
    endloop
  endfacet
  facet normal 0 0 -1
    outer loop
      vertex 32 0 3.8147e-07
      vertex 30.1128 3.54061 3.8147e-07
      vertex 30.45 3.31532 3.8147e-07
    endloop
  endfacet
  facet normal 0 0 -1
    outer loop
      vertex 32 0 3.8147e-07
      vertex 29.808 3.80797 3.8147e-07
      vertex 30.1128 3.54061 3.8147e-07
    endloop
  endfacet
  facet normal 0 0 -1
    outer loop
      vertex 32 0 3.8147e-07
      vertex 29.5406 4.11284 3.8147e-07
      vertex 29.808 3.80797 3.8147e-07
    endloop
  endfacet
  facet normal 0 0 -1
    outer loop
      vertex -29.5406 4.11284 3.8147e-07
      vertex 29.5406 4.11284 3.8147e-07
      vertex 32 0 3.8147e-07
    endloop
  endfacet
  facet normal 0 0 -1
    outer loop
      vertex 21.5 80 3.8147e-07
      vertex 29.0056 77.1977 3.8147e-07
      vertex 21.5 72 3.8147e-07
    endloop
  endfacet
  facet normal 0 0 -1
    outer loop
      vertex 12.3 22.3123 3.8147e-07
      vertex 28.9 6 3.8147e-07
      vertex 28.9265 5.59537 3.8147e-07
    endloop
  endfacet
  facet normal 0 0 -1
    outer loop
      vertex 29.0056 77.1977 3.8147e-07
      vertex 21.5 80 3.8147e-07
      vertex 28.9265 77.5954 3.8147e-07
    endloop
  endfacet
  facet normal 0 0 -1
    outer loop
      vertex 18.5 72 3.8147e-07
      vertex 15.5 72 3.8147e-07
      vertex 18.5 80 3.8147e-07
    endloop
  endfacet
  facet normal -0 0 -1
    outer loop
      vertex 29.5406 76.1128 3.8147e-07
      vertex 21.5 72 3.8147e-07
      vertex 29.3153 76.45 3.8147e-07
    endloop
  endfacet
  facet normal 0 0 -1
    outer loop
      vertex 12.3 22.3123 3.8147e-07
      vertex 28.9265 5.59537 3.8147e-07
      vertex 29.0056 5.19766 3.8147e-07
    endloop
  endfacet
  facet normal 0 0 -1
    outer loop
      vertex 33.1863 8.86403 3.8147e-07
      vertex 15.2877 25.3 3.8147e-07
      vertex 15.2877 54.7 3.8147e-07
    endloop
  endfacet
  facet normal 0 0 -1
    outer loop
      vertex 12.3 22.3123 3.8147e-07
      vertex 29.0056 5.19766 3.8147e-07
      vertex 29.136 4.81368 3.8147e-07
    endloop
  endfacet
  facet normal 0 0 -1
    outer loop
      vertex -29.136 4.81368 3.8147e-07
      vertex 29.136 4.81368 3.8147e-07
      vertex 29.3153 4.45 3.8147e-07
    endloop
  endfacet
  facet normal 0 0 -1
    outer loop
      vertex 29.5406 4.11284 3.8147e-07
      vertex -29.5406 4.11284 3.8147e-07
      vertex 29.3153 4.45 3.8147e-07
    endloop
  endfacet
  facet normal 0 0 -1
    outer loop
      vertex 31.5954 9.07348 3.8147e-07
      vertex 15.2874 25.2968 3.8147e-07
      vertex 15.2877 25.3 3.8147e-07
    endloop
  endfacet
  facet normal 0 0 -1
    outer loop
      vertex 31.5954 9.07348 3.8147e-07
      vertex 15.2621 24.91 3.8147e-07
      vertex 15.2874 25.2968 3.8147e-07
    endloop
  endfacet
  facet normal 0 0 -1
    outer loop
      vertex 31.1977 8.99437 3.8147e-07
      vertex 15.2615 24.9069 3.8147e-07
      vertex 15.2621 24.91 3.8147e-07
    endloop
  endfacet
  facet normal 0 0 -1
    outer loop
      vertex 31.1977 8.99437 3.8147e-07
      vertex 15.1859 24.5267 3.8147e-07
      vertex 15.2615 24.9069 3.8147e-07
    endloop
  endfacet
  facet normal 0 0 -1
    outer loop
      vertex 30.8137 8.86403 3.8147e-07
      vertex 15.0613 24.1597 3.8147e-07
      vertex 15.1859 24.5267 3.8147e-07
    endloop
  endfacet
  facet normal 0 0 -1
    outer loop
      vertex 30.8137 8.86403 3.8147e-07
      vertex 15.0602 24.1567 3.8147e-07
      vertex 15.0613 24.1597 3.8147e-07
    endloop
  endfacet
  facet normal 0 0 -1
    outer loop
      vertex 30.45 8.68468 3.8147e-07
      vertex 14.8888 23.8091 3.8147e-07
      vertex 15.0602 24.1567 3.8147e-07
    endloop
  endfacet
  facet normal 0 0 -1
    outer loop
      vertex 30.45 8.68468 3.8147e-07
      vertex 14.8874 23.8062 3.8147e-07
      vertex 14.8888 23.8091 3.8147e-07
    endloop
  endfacet
  facet normal 0 0 -1
    outer loop
      vertex 30.1128 8.45939 3.8147e-07
      vertex 14.8856 23.8035 3.8147e-07
      vertex 14.8874 23.8062 3.8147e-07
    endloop
  endfacet
  facet normal 0 0 -1
    outer loop
      vertex 30.1128 8.45939 3.8147e-07
      vertex 14.6703 23.4812 3.8147e-07
      vertex 14.8856 23.8035 3.8147e-07
    endloop
  endfacet
  facet normal 0 0 -1
    outer loop
      vertex 29.808 8.19203 3.8147e-07
      vertex 14.6681 23.4788 3.8147e-07
      vertex 14.6703 23.4812 3.8147e-07
    endloop
  endfacet
  facet normal 0 0 -1
    outer loop
      vertex 29.808 8.19203 3.8147e-07
      vertex 14.4126 23.1874 3.8147e-07
      vertex 14.6681 23.4788 3.8147e-07
    endloop
  endfacet
  facet normal 0 0 -1
    outer loop
      vertex 29.5406 7.88716 3.8147e-07
      vertex 14.1212 22.9319 3.8147e-07
      vertex 14.4126 23.1874 3.8147e-07
    endloop
  endfacet
  facet normal 0 0 -1
    outer loop
      vertex 29.5406 7.88716 3.8147e-07
      vertex 14.1188 22.9297 3.8147e-07
      vertex 14.1212 22.9319 3.8147e-07
    endloop
  endfacet
  facet normal 0 0 -1
    outer loop
      vertex 29.3153 7.55 3.8147e-07
      vertex 14.1161 22.9279 3.8147e-07
      vertex 14.1188 22.9297 3.8147e-07
    endloop
  endfacet
  facet normal 0 0 -1
    outer loop
      vertex 29.3153 7.55 3.8147e-07
      vertex 13.7938 22.7126 3.8147e-07
      vertex 14.1161 22.9279 3.8147e-07
    endloop
  endfacet
  facet normal 0 0 -1
    outer loop
      vertex 29.136 7.18632 3.8147e-07
      vertex 13.7909 22.7112 3.8147e-07
      vertex 13.7938 22.7126 3.8147e-07
    endloop
  endfacet
  facet normal 0 0 -1
    outer loop
      vertex 29.136 7.18632 3.8147e-07
      vertex 13.4433 22.5398 3.8147e-07
      vertex 13.7909 22.7112 3.8147e-07
    endloop
  endfacet
  facet normal 0 0 -1
    outer loop
      vertex 29.0056 6.80234 3.8147e-07
      vertex 13.0763 22.4152 3.8147e-07
      vertex 13.4433 22.5398 3.8147e-07
    endloop
  endfacet
  facet normal 0 0 -1
    outer loop
      vertex 29.0056 6.80234 3.8147e-07
      vertex 13.0733 22.4141 3.8147e-07
      vertex 13.0763 22.4152 3.8147e-07
    endloop
  endfacet
  facet normal 0 0 -1
    outer loop
      vertex 28.9265 6.40463 3.8147e-07
      vertex 12.6931 22.3385 3.8147e-07
      vertex 13.0733 22.4141 3.8147e-07
    endloop
  endfacet
  facet normal 0 0 -1
    outer loop
      vertex 28.9265 6.40463 3.8147e-07
      vertex 12.69 22.3379 3.8147e-07
      vertex 12.6931 22.3385 3.8147e-07
    endloop
  endfacet
  facet normal 0 0 -1
    outer loop
      vertex 28.9 6 3.8147e-07
      vertex 12.6867 22.3377 3.8147e-07
      vertex 12.69 22.3379 3.8147e-07
    endloop
  endfacet
  facet normal 0 0 -1
    outer loop
      vertex 28.9 6 3.8147e-07
      vertex 12.3 22.3123 3.8147e-07
      vertex 12.6867 22.3377 3.8147e-07
    endloop
  endfacet
  facet normal 0 0 -1
    outer loop
      vertex 29.136 4.81368 3.8147e-07
      vertex -29.136 4.81368 3.8147e-07
      vertex 12.3 22.3123 3.8147e-07
    endloop
  endfacet
  facet normal -0 0 -1
    outer loop
      vertex 12.3 22.3123 3.8147e-07
      vertex -29.136 4.81368 3.8147e-07
      vertex -12.3 22.3123 3.8147e-07
    endloop
  endfacet
  facet normal 0 -0 -1
    outer loop
      vertex -29.0056 5.19766 3.8147e-07
      vertex -12.3 22.3123 3.8147e-07
      vertex -29.136 4.81368 3.8147e-07
    endloop
  endfacet
  facet normal 0 -0 -1
    outer loop
      vertex -28.9265 5.59537 3.8147e-07
      vertex -12.3 22.3123 3.8147e-07
      vertex -29.0056 5.19766 3.8147e-07
    endloop
  endfacet
  facet normal 0 -0 -1
    outer loop
      vertex -28.9 6 3.8147e-07
      vertex -12.3 22.3123 3.8147e-07
      vertex -28.9265 5.59537 3.8147e-07
    endloop
  endfacet
  facet normal -0 0 -1
    outer loop
      vertex -12.3 22.3123 3.8147e-07
      vertex -28.9 6 3.8147e-07
      vertex -12.6867 22.3377 3.8147e-07
    endloop
  endfacet
  facet normal -0 0 -1
    outer loop
      vertex -12.6867 22.3377 3.8147e-07
      vertex -28.9 6 3.8147e-07
      vertex -12.69 22.3379 3.8147e-07
    endloop
  endfacet
  facet normal 0 0 -1
    outer loop
      vertex -28.9265 6.40463 3.8147e-07
      vertex -12.69 22.3379 3.8147e-07
      vertex -28.9 6 3.8147e-07
    endloop
  endfacet
  facet normal -0 0 -1
    outer loop
      vertex -12.6931 22.3385 3.8147e-07
      vertex -28.9265 6.40463 3.8147e-07
      vertex -13.0733 22.4141 3.8147e-07
    endloop
  endfacet
  facet normal -0 0 -1
    outer loop
      vertex -13.7938 22.7126 3.8147e-07
      vertex -29.3153 7.55 3.8147e-07
      vertex -14.1161 22.9279 3.8147e-07
    endloop
  endfacet
  facet normal 0 0 -1
    outer loop
      vertex -29.5406 7.88716 3.8147e-07
      vertex -14.1188 22.9297 3.8147e-07
      vertex -29.3153 7.55 3.8147e-07
    endloop
  endfacet
  facet normal -0 0 -1
    outer loop
      vertex -14.1212 22.9319 3.8147e-07
      vertex -29.5406 7.88716 3.8147e-07
      vertex -14.4126 23.1874 3.8147e-07
    endloop
  endfacet
  facet normal -0 0 -1
    outer loop
      vertex -14.4126 23.1874 3.8147e-07
      vertex -29.808 8.19203 3.8147e-07
      vertex -14.6681 23.4788 3.8147e-07
    endloop
  endfacet
  facet normal 0 0 -1
    outer loop
      vertex -30.1128 8.45939 3.8147e-07
      vertex -14.6703 23.4812 3.8147e-07
      vertex -29.808 8.19203 3.8147e-07
    endloop
  endfacet
  facet normal -0 0 -1
    outer loop
      vertex -14.8874 23.8062 3.8147e-07
      vertex -30.45 8.68468 3.8147e-07
      vertex -14.8888 23.8091 3.8147e-07
    endloop
  endfacet
  facet normal 0 0 -1
    outer loop
      vertex -15.5 72 3.8147e-07
      vertex -18.5 72 3.8147e-07
      vertex -15.5 80 3.8147e-07
    endloop
  endfacet
  facet normal 0 0 -1
    outer loop
      vertex -13.7909 57.2888 3.8147e-07
      vertex -18.5 72 3.8147e-07
      vertex -15.5 72 3.8147e-07
    endloop
  endfacet
  facet normal 0 0 -1
    outer loop
      vertex -30.45 8.68468 3.8147e-07
      vertex -14.8874 23.8062 3.8147e-07
      vertex -30.1128 8.45939 3.8147e-07
    endloop
  endfacet
  facet normal -0 0 -1
    outer loop
      vertex -14.8856 23.8035 3.8147e-07
      vertex -30.1128 8.45939 3.8147e-07
      vertex -14.8874 23.8062 3.8147e-07
    endloop
  endfacet
  facet normal 0 0 -1
    outer loop
      vertex -14.4126 56.8126 3.8147e-07
      vertex -21.5 72 3.8147e-07
      vertex -18.5 72 3.8147e-07
    endloop
  endfacet
  facet normal 0 0 -1
    outer loop
      vertex -15.2877 54.7 3.8147e-07
      vertex -28.9 78 3.8147e-07
      vertex -21.5 72 3.8147e-07
    endloop
  endfacet
  facet normal -0 0 -1
    outer loop
      vertex -14.8888 23.8091 3.8147e-07
      vertex -30.45 8.68468 3.8147e-07
      vertex -15.0602 24.1567 3.8147e-07
    endloop
  endfacet
  facet normal -0 0 -1
    outer loop
      vertex -14.6703 23.4812 3.8147e-07
      vertex -30.1128 8.45939 3.8147e-07
      vertex -14.8856 23.8035 3.8147e-07
    endloop
  endfacet
  facet normal -0 0 -1
    outer loop
      vertex -14.6681 23.4788 3.8147e-07
      vertex -29.808 8.19203 3.8147e-07
      vertex -14.6703 23.4812 3.8147e-07
    endloop
  endfacet
  facet normal 0 0 -1
    outer loop
      vertex -29.808 8.19203 3.8147e-07
      vertex -14.4126 23.1874 3.8147e-07
      vertex -29.5406 7.88716 3.8147e-07
    endloop
  endfacet
  facet normal -0 0 -1
    outer loop
      vertex -14.1188 22.9297 3.8147e-07
      vertex -29.5406 7.88716 3.8147e-07
      vertex -14.1212 22.9319 3.8147e-07
    endloop
  endfacet
  facet normal -0 0 -1
    outer loop
      vertex -14.1161 22.9279 3.8147e-07
      vertex -29.3153 7.55 3.8147e-07
      vertex -14.1188 22.9297 3.8147e-07
    endloop
  endfacet
  facet normal 0 0 -1
    outer loop
      vertex -29.3153 7.55 3.8147e-07
      vertex -13.7938 22.7126 3.8147e-07
      vertex -29.136 7.18632 3.8147e-07
    endloop
  endfacet
  facet normal -0 0 -1
    outer loop
      vertex -13.7909 22.7112 3.8147e-07
      vertex -29.136 7.18632 3.8147e-07
      vertex -13.7938 22.7126 3.8147e-07
    endloop
  endfacet
  facet normal -0 0 -1
    outer loop
      vertex -13.4433 22.5398 3.8147e-07
      vertex -29.136 7.18632 3.8147e-07
      vertex -13.7909 22.7112 3.8147e-07
    endloop
  endfacet
  facet normal 0 0 -1
    outer loop
      vertex -29.136 7.18632 3.8147e-07
      vertex -13.4433 22.5398 3.8147e-07
      vertex -29.0056 6.80234 3.8147e-07
    endloop
  endfacet
  facet normal 0 0 -1
    outer loop
      vertex -29.0056 6.80234 3.8147e-07
      vertex -13.0733 22.4141 3.8147e-07
      vertex -28.9265 6.40463 3.8147e-07
    endloop
  endfacet
  facet normal -0 0 -1
    outer loop
      vertex -13.0763 22.4152 3.8147e-07
      vertex -29.0056 6.80234 3.8147e-07
      vertex -13.4433 22.5398 3.8147e-07
    endloop
  endfacet
  facet normal -0 0 -1
    outer loop
      vertex -13.0733 22.4141 3.8147e-07
      vertex -29.0056 6.80234 3.8147e-07
      vertex -13.0763 22.4152 3.8147e-07
    endloop
  endfacet
  facet normal -0 0 -1
    outer loop
      vertex -12.69 22.3379 3.8147e-07
      vertex -28.9265 6.40463 3.8147e-07
      vertex -12.6931 22.3385 3.8147e-07
    endloop
  endfacet
  facet normal 0 0 -1
    outer loop
      vertex 29.3153 4.45 3.8147e-07
      vertex -29.3153 4.45 3.8147e-07
      vertex -29.136 4.81368 3.8147e-07
    endloop
  endfacet
  facet normal -0 0 -1
    outer loop
      vertex 29.3153 4.45 3.8147e-07
      vertex -29.5406 4.11284 3.8147e-07
      vertex -29.3153 4.45 3.8147e-07
    endloop
  endfacet
  facet normal 0 0 -1
    outer loop
      vertex -32 0 3.8147e-07
      vertex -29.5406 4.11284 3.8147e-07
      vertex 32 0 3.8147e-07
    endloop
  endfacet
  facet normal 0 0 -1
    outer loop
      vertex -29.5406 4.11284 3.8147e-07
      vertex -32 0 3.8147e-07
      vertex -29.808 3.80797 3.8147e-07
    endloop
  endfacet
  facet normal 0 0 -1
    outer loop
      vertex -29.808 3.80797 3.8147e-07
      vertex -32 0 3.8147e-07
      vertex -30.1128 3.54061 3.8147e-07
    endloop
  endfacet
  facet normal 0 0 -1
    outer loop
      vertex -30.1128 3.54061 3.8147e-07
      vertex -32 0 3.8147e-07
      vertex -30.45 3.31532 3.8147e-07
    endloop
  endfacet
  facet normal 0 0 -1
    outer loop
      vertex -30.45 3.31532 3.8147e-07
      vertex -32 0 3.8147e-07
      vertex -30.8137 3.13597 3.8147e-07
    endloop
  endfacet
  facet normal 0 0 -1
    outer loop
      vertex -30.8137 3.13597 3.8147e-07
      vertex -32 0 3.8147e-07
      vertex -31.1977 3.00563 3.8147e-07
    endloop
  endfacet
  facet normal 0 0 -1
    outer loop
      vertex -31.1977 3.00563 3.8147e-07
      vertex -32 0 3.8147e-07
      vertex -31.5954 2.92652 3.8147e-07
    endloop
  endfacet
  facet normal 0 0 -1
    outer loop
      vertex -32 0 3.8147e-07
      vertex -32 2.9 3.8147e-07
      vertex -31.5954 2.92652 3.8147e-07
    endloop
  endfacet
  facet normal 0 0 -1
    outer loop
      vertex -32 0 3.8147e-07
      vertex -32.4046 2.92652 3.8147e-07
      vertex -32 2.9 3.8147e-07
    endloop
  endfacet
  facet normal 0 0 -1
    outer loop
      vertex -32.7832 0.0513306 3.8147e-07
      vertex -32.4046 2.92652 3.8147e-07
      vertex -32 0 3.8147e-07
    endloop
  endfacet
  facet normal 0 0 -1
    outer loop
      vertex -32.7832 0.0513306 3.8147e-07
      vertex -32.8023 3.00563 3.8147e-07
      vertex -32.4046 2.92652 3.8147e-07
    endloop
  endfacet
  facet normal 0 0 -1
    outer loop
      vertex -33.5529 0.204445 3.8147e-07
      vertex -32.8023 3.00563 3.8147e-07
      vertex -32.7832 0.0513306 3.8147e-07
    endloop
  endfacet
  facet normal -0 0 -1
    outer loop
      vertex -32.8023 3.00563 3.8147e-07
      vertex -33.5529 0.204445 3.8147e-07
      vertex -33.1863 3.13597 3.8147e-07
    endloop
  endfacet
  facet normal 0 0 -1
    outer loop
      vertex -34.2961 0.456722 3.8147e-07
      vertex -33.1863 3.13597 3.8147e-07
      vertex -33.5529 0.204445 3.8147e-07
    endloop
  endfacet
  facet normal -0 0 -1
    outer loop
      vertex -33.1863 3.13597 3.8147e-07
      vertex -34.2961 0.456722 3.8147e-07
      vertex -33.55 3.31532 3.8147e-07
    endloop
  endfacet
  facet normal 0 0 -1
    outer loop
      vertex -35 0.803847 3.8147e-07
      vertex -33.55 3.31532 3.8147e-07
      vertex -34.2961 0.456722 3.8147e-07
    endloop
  endfacet
  facet normal -0 0 -1
    outer loop
      vertex -33.55 3.31532 3.8147e-07
      vertex -35 0.803847 3.8147e-07
      vertex -33.8872 3.54061 3.8147e-07
    endloop
  endfacet
  facet normal 0 0 -1
    outer loop
      vertex -35.6526 1.23988 3.8147e-07
      vertex -33.8872 3.54061 3.8147e-07
      vertex -35 0.803847 3.8147e-07
    endloop
  endfacet
  facet normal -0 0 -1
    outer loop
      vertex -33.8872 3.54061 3.8147e-07
      vertex -35.6526 1.23988 3.8147e-07
      vertex -34.192 3.80797 3.8147e-07
    endloop
  endfacet
  facet normal 0 0 -1
    outer loop
      vertex -36.2426 1.75736 3.8147e-07
      vertex -34.192 3.80797 3.8147e-07
      vertex -35.6526 1.23988 3.8147e-07
    endloop
  endfacet
  facet normal -0 0 -1
    outer loop
      vertex -34.192 3.80797 3.8147e-07
      vertex -36.2426 1.75736 3.8147e-07
      vertex -34.4594 4.11284 3.8147e-07
    endloop
  endfacet
  facet normal 0 0 -1
    outer loop
      vertex -36.7601 2.34743 3.8147e-07
      vertex -34.4594 4.11284 3.8147e-07
      vertex -36.2426 1.75736 3.8147e-07
    endloop
  endfacet
  facet normal -0 0 -1
    outer loop
      vertex -34.4594 4.11284 3.8147e-07
      vertex -36.7601 2.34743 3.8147e-07
      vertex -34.6847 4.45 3.8147e-07
    endloop
  endfacet
  facet normal 0 0 -1
    outer loop
      vertex -37.1962 3 3.8147e-07
      vertex -34.6847 4.45 3.8147e-07
      vertex -36.7601 2.34743 3.8147e-07
    endloop
  endfacet
  facet normal 0 0 -1
    outer loop
      vertex -37.5433 3.7039 3.8147e-07
      vertex -34.864 4.81368 3.8147e-07
      vertex -37.1962 3 3.8147e-07
    endloop
  endfacet
  facet normal -0 0 -1
    outer loop
      vertex -34.6847 4.45 3.8147e-07
      vertex -37.1962 3 3.8147e-07
      vertex -34.864 4.81368 3.8147e-07
    endloop
  endfacet
  facet normal -0 0 -1
    outer loop
      vertex 37.5433 80.2961 3.8147e-07
      vertex 34.864 79.1863 3.8147e-07
      vertex 37.1962 81 3.8147e-07
    endloop
  endfacet
  facet normal 0 0 -1
    outer loop
      vertex 34.6847 79.55 3.8147e-07
      vertex 37.1962 81 3.8147e-07
      vertex 34.864 79.1863 3.8147e-07
    endloop
  endfacet
  facet normal -0 0 -1
    outer loop
      vertex 37.1962 81 3.8147e-07
      vertex 34.6847 79.55 3.8147e-07
      vertex 36.7601 81.6526 3.8147e-07
    endloop
  endfacet
  facet normal 0 0 -1
    outer loop
      vertex 34.4594 79.8872 3.8147e-07
      vertex 36.7601 81.6526 3.8147e-07
      vertex 34.6847 79.55 3.8147e-07
    endloop
  endfacet
  facet normal -0 0 -1
    outer loop
      vertex 36.7601 81.6526 3.8147e-07
      vertex 34.4594 79.8872 3.8147e-07
      vertex 36.2426 82.2426 3.8147e-07
    endloop
  endfacet
  facet normal 0 0 -1
    outer loop
      vertex 34.192 80.192 3.8147e-07
      vertex 36.2426 82.2426 3.8147e-07
      vertex 34.4594 79.8872 3.8147e-07
    endloop
  endfacet
  facet normal -0 0 -1
    outer loop
      vertex 36.2426 82.2426 3.8147e-07
      vertex 34.192 80.192 3.8147e-07
      vertex 35.6526 82.7601 3.8147e-07
    endloop
  endfacet
  facet normal 0 0 -1
    outer loop
      vertex 33.8872 80.4594 3.8147e-07
      vertex 35.6526 82.7601 3.8147e-07
      vertex 34.192 80.192 3.8147e-07
    endloop
  endfacet
  facet normal -0 0 -1
    outer loop
      vertex 35.6526 82.7601 3.8147e-07
      vertex 33.8872 80.4594 3.8147e-07
      vertex 35 83.1962 3.8147e-07
    endloop
  endfacet
  facet normal 0 0 -1
    outer loop
      vertex 33.55 80.6847 3.8147e-07
      vertex 35 83.1962 3.8147e-07
      vertex 33.8872 80.4594 3.8147e-07
    endloop
  endfacet
  facet normal -0 0 -1
    outer loop
      vertex 35 83.1962 3.8147e-07
      vertex 33.55 80.6847 3.8147e-07
      vertex 34.2961 83.5433 3.8147e-07
    endloop
  endfacet
  facet normal 0 0 -1
    outer loop
      vertex 33.1863 80.864 3.8147e-07
      vertex 34.2961 83.5433 3.8147e-07
      vertex 33.55 80.6847 3.8147e-07
    endloop
  endfacet
  facet normal -0 0 -1
    outer loop
      vertex 34.2961 83.5433 3.8147e-07
      vertex 33.1863 80.864 3.8147e-07
      vertex 33.5529 83.7956 3.8147e-07
    endloop
  endfacet
  facet normal 0 0 -1
    outer loop
      vertex 32.8023 80.9944 3.8147e-07
      vertex 33.5529 83.7956 3.8147e-07
      vertex 33.1863 80.864 3.8147e-07
    endloop
  endfacet
  facet normal 0 0 -1
    outer loop
      vertex 32.8023 80.9944 3.8147e-07
      vertex 32.7832 83.9487 3.8147e-07
      vertex 33.5529 83.7956 3.8147e-07
    endloop
  endfacet
  facet normal 0 0 -1
    outer loop
      vertex 32.4046 81.0735 3.8147e-07
      vertex 32.7832 83.9487 3.8147e-07
      vertex 32.8023 80.9944 3.8147e-07
    endloop
  endfacet
  facet normal 0 0 -1
    outer loop
      vertex 32 81.1 3.8147e-07
      vertex 32.7832 83.9487 3.8147e-07
      vertex 32.4046 81.0735 3.8147e-07
    endloop
  endfacet
  facet normal 0 0 -1
    outer loop
      vertex 32 81.1 3.8147e-07
      vertex 32 84 3.8147e-07
      vertex 32.7832 83.9487 3.8147e-07
    endloop
  endfacet
  facet normal 0 0 -1
    outer loop
      vertex 31.5954 81.0735 3.8147e-07
      vertex 32 84 3.8147e-07
      vertex 32 81.1 3.8147e-07
    endloop
  endfacet
  facet normal 0 0 -1
    outer loop
      vertex 31.1977 80.9944 3.8147e-07
      vertex 32 84 3.8147e-07
      vertex 31.5954 81.0735 3.8147e-07
    endloop
  endfacet
  facet normal 0 0 -1
    outer loop
      vertex 30.8137 80.864 3.8147e-07
      vertex 32 84 3.8147e-07
      vertex 31.1977 80.9944 3.8147e-07
    endloop
  endfacet
  facet normal 0 0 -1
    outer loop
      vertex 30.45 80.6847 3.8147e-07
      vertex 32 84 3.8147e-07
      vertex 30.8137 80.864 3.8147e-07
    endloop
  endfacet
  facet normal 0 0 -1
    outer loop
      vertex 30.1128 80.4594 3.8147e-07
      vertex 32 84 3.8147e-07
      vertex 30.45 80.6847 3.8147e-07
    endloop
  endfacet
  facet normal 0 0 -1
    outer loop
      vertex 29.808 80.192 3.8147e-07
      vertex 32 84 3.8147e-07
      vertex 30.1128 80.4594 3.8147e-07
    endloop
  endfacet
  facet normal 0 0 -1
    outer loop
      vertex 21.5 80 3.8147e-07
      vertex 29.808 80.192 3.8147e-07
      vertex 29.5406 79.8872 3.8147e-07
    endloop
  endfacet
  facet normal 0 0 -1
    outer loop
      vertex 21.5 80 3.8147e-07
      vertex 29.5406 79.8872 3.8147e-07
      vertex 29.3153 79.55 3.8147e-07
    endloop
  endfacet
  facet normal 0 0 -1
    outer loop
      vertex 28.9265 77.5954 3.8147e-07
      vertex 21.5 80 3.8147e-07
      vertex 28.9 78 3.8147e-07
    endloop
  endfacet
  facet normal 0 0 -1
    outer loop
      vertex 28.9 78 3.8147e-07
      vertex 21.5 80 3.8147e-07
      vertex 28.9265 78.4046 3.8147e-07
    endloop
  endfacet
  facet normal 0 0 -1
    outer loop
      vertex 28.9265 78.4046 3.8147e-07
      vertex 21.5 80 3.8147e-07
      vertex 29.0056 78.8023 3.8147e-07
    endloop
  endfacet
  facet normal 0 0 -1
    outer loop
      vertex 29.0056 78.8023 3.8147e-07
      vertex 21.5 80 3.8147e-07
      vertex 29.136 79.1863 3.8147e-07
    endloop
  endfacet
  facet normal 0 0 -1
    outer loop
      vertex 29.136 79.1863 3.8147e-07
      vertex 21.5 80 3.8147e-07
      vertex 29.3153 79.55 3.8147e-07
    endloop
  endfacet
  facet normal -0 0 -1
    outer loop
      vertex 29.808 80.192 3.8147e-07
      vertex 21.5 80 3.8147e-07
      vertex 32 84 3.8147e-07
    endloop
  endfacet
  facet normal 0 0 -1
    outer loop
      vertex 18.5 80 3.8147e-07
      vertex 32 84 3.8147e-07
      vertex 21.5 80 3.8147e-07
    endloop
  endfacet
  facet normal 0 0 -1
    outer loop
      vertex 15.5 80 3.8147e-07
      vertex 18.5 80 3.8147e-07
      vertex 15.5 72 3.8147e-07
    endloop
  endfacet
  facet normal 0 0 -1
    outer loop
      vertex 15.5 80 3.8147e-07
      vertex 32 84 3.8147e-07
      vertex 18.5 80 3.8147e-07
    endloop
  endfacet
  facet normal 0 0 -1
    outer loop
      vertex 12.5 80 3.8147e-07
      vertex 32 84 3.8147e-07
      vertex 15.5 80 3.8147e-07
    endloop
  endfacet
  facet normal 0 0 -1
    outer loop
      vertex 12.5 72 3.8147e-07
      vertex 9.5 72 3.8147e-07
      vertex 12.5 80 3.8147e-07
    endloop
  endfacet
  facet normal 0 0 -1
    outer loop
      vertex 9.5 80 3.8147e-07
      vertex 12.5 80 3.8147e-07
      vertex 9.5 72 3.8147e-07
    endloop
  endfacet
  facet normal 0 0 -1
    outer loop
      vertex 9.5 80 3.8147e-07
      vertex 32 84 3.8147e-07
      vertex 12.5 80 3.8147e-07
    endloop
  endfacet
  facet normal 0 0 -1
    outer loop
      vertex 6.5 80 3.8147e-07
      vertex 32 84 3.8147e-07
      vertex 9.5 80 3.8147e-07
    endloop
  endfacet
  facet normal 0 0 -1
    outer loop
      vertex -6.5 80 3.8147e-07
      vertex 6.5 80 3.8147e-07
      vertex -6.5 72 3.8147e-07
    endloop
  endfacet
  facet normal 0 0 -1
    outer loop
      vertex -6.5 80 3.8147e-07
      vertex 32 84 3.8147e-07
      vertex 6.5 80 3.8147e-07
    endloop
  endfacet
  facet normal 0 0 -1
    outer loop
      vertex -32 84 3.8147e-07
      vertex -6.5 80 3.8147e-07
      vertex -9.5 80 3.8147e-07
    endloop
  endfacet
  facet normal 0 0 -1
    outer loop
      vertex -9.5 72 3.8147e-07
      vertex -12.5 72 3.8147e-07
      vertex -9.5 80 3.8147e-07
    endloop
  endfacet
  facet normal 0 0 -1
    outer loop
      vertex -12.5 80 3.8147e-07
      vertex -9.5 80 3.8147e-07
      vertex -12.5 72 3.8147e-07
    endloop
  endfacet
  facet normal 0 0 -1
    outer loop
      vertex -32 84 3.8147e-07
      vertex -9.5 80 3.8147e-07
      vertex -12.5 80 3.8147e-07
    endloop
  endfacet
  facet normal 0 0 -1
    outer loop
      vertex -32 84 3.8147e-07
      vertex -12.5 80 3.8147e-07
      vertex -15.5 80 3.8147e-07
    endloop
  endfacet
  facet normal 0 0 -1
    outer loop
      vertex -18.5 80 3.8147e-07
      vertex -15.5 80 3.8147e-07
      vertex -18.5 72 3.8147e-07
    endloop
  endfacet
  facet normal 0 0 -1
    outer loop
      vertex -32 84 3.8147e-07
      vertex -15.5 80 3.8147e-07
      vertex -18.5 80 3.8147e-07
    endloop
  endfacet
  facet normal 0 0 -1
    outer loop
      vertex -32 84 3.8147e-07
      vertex -18.5 80 3.8147e-07
      vertex -21.5 80 3.8147e-07
    endloop
  endfacet
  facet normal 0 0 -1
    outer loop
      vertex -21.5 72 3.8147e-07
      vertex -28.9 78 3.8147e-07
      vertex -21.5 80 3.8147e-07
    endloop
  endfacet
  facet normal 0 0 -1
    outer loop
      vertex -28.9265 78.4046 3.8147e-07
      vertex -21.5 80 3.8147e-07
      vertex -28.9 78 3.8147e-07
    endloop
  endfacet
  facet normal 0 0 -1
    outer loop
      vertex -29.0056 78.8023 3.8147e-07
      vertex -21.5 80 3.8147e-07
      vertex -28.9265 78.4046 3.8147e-07
    endloop
  endfacet
  facet normal 0 0 -1
    outer loop
      vertex -29.136 79.1863 3.8147e-07
      vertex -21.5 80 3.8147e-07
      vertex -29.0056 78.8023 3.8147e-07
    endloop
  endfacet
  facet normal 0 0 -1
    outer loop
      vertex -29.3153 79.55 3.8147e-07
      vertex -21.5 80 3.8147e-07
      vertex -29.136 79.1863 3.8147e-07
    endloop
  endfacet
  facet normal 0 0 -1
    outer loop
      vertex -29.5406 79.8872 3.8147e-07
      vertex -21.5 80 3.8147e-07
      vertex -29.3153 79.55 3.8147e-07
    endloop
  endfacet
  facet normal 0 0 -1
    outer loop
      vertex -29.808 80.192 3.8147e-07
      vertex -21.5 80 3.8147e-07
      vertex -29.5406 79.8872 3.8147e-07
    endloop
  endfacet
  facet normal 0 0 -1
    outer loop
      vertex -21.5 80 3.8147e-07
      vertex -29.808 80.192 3.8147e-07
      vertex -32 84 3.8147e-07
    endloop
  endfacet
  facet normal 0 0 -1
    outer loop
      vertex -32 84 3.8147e-07
      vertex -29.808 80.192 3.8147e-07
      vertex -30.1128 80.4594 3.8147e-07
    endloop
  endfacet
  facet normal 0 0 -1
    outer loop
      vertex -32 84 3.8147e-07
      vertex -30.1128 80.4594 3.8147e-07
      vertex -30.45 80.6847 3.8147e-07
    endloop
  endfacet
  facet normal 0 0 -1
    outer loop
      vertex -32 84 3.8147e-07
      vertex -30.45 80.6847 3.8147e-07
      vertex -30.8137 80.864 3.8147e-07
    endloop
  endfacet
  facet normal 0 0 -1
    outer loop
      vertex -32 84 3.8147e-07
      vertex -30.8137 80.864 3.8147e-07
      vertex -31.1977 80.9944 3.8147e-07
    endloop
  endfacet
  facet normal 0 0 -1
    outer loop
      vertex -32 84 3.8147e-07
      vertex -31.1977 80.9944 3.8147e-07
      vertex -31.5954 81.0735 3.8147e-07
    endloop
  endfacet
  facet normal 0 0 -1
    outer loop
      vertex -32 84 3.8147e-07
      vertex -31.5954 81.0735 3.8147e-07
      vertex -32 81.1 3.8147e-07
    endloop
  endfacet
  facet normal 0 0 -1
    outer loop
      vertex -6.5 80 3.8147e-07
      vertex -32 84 3.8147e-07
      vertex 32 84 3.8147e-07
    endloop
  endfacet
  facet normal 0 0 -1
    outer loop
      vertex -32.4046 81.0735 3.8147e-07
      vertex -32 84 3.8147e-07
      vertex -32 81.1 3.8147e-07
    endloop
  endfacet
  facet normal 0 0 -1
    outer loop
      vertex -32.4046 81.0735 3.8147e-07
      vertex -32.7832 83.9487 3.8147e-07
      vertex -32 84 3.8147e-07
    endloop
  endfacet
  facet normal 0 0 -1
    outer loop
      vertex -32.8023 80.9944 3.8147e-07
      vertex -32.7832 83.9487 3.8147e-07
      vertex -32.4046 81.0735 3.8147e-07
    endloop
  endfacet
  facet normal 0 0 -1
    outer loop
      vertex -33.5529 83.7956 3.8147e-07
      vertex -32.8023 80.9944 3.8147e-07
      vertex -33.1863 80.864 3.8147e-07
    endloop
  endfacet
  facet normal 0 0 -1
    outer loop
      vertex -34.2961 83.5433 3.8147e-07
      vertex -33.1863 80.864 3.8147e-07
      vertex -33.55 80.6847 3.8147e-07
    endloop
  endfacet
  facet normal 0 0 -1
    outer loop
      vertex -32.8023 80.9944 3.8147e-07
      vertex -33.5529 83.7956 3.8147e-07
      vertex -32.7832 83.9487 3.8147e-07
    endloop
  endfacet
  facet normal 0 0 -1
    outer loop
      vertex -35 83.1962 3.8147e-07
      vertex -33.55 80.6847 3.8147e-07
      vertex -33.8872 80.4594 3.8147e-07
    endloop
  endfacet
  facet normal 0 0 -1
    outer loop
      vertex -35.6526 82.7601 3.8147e-07
      vertex -33.8872 80.4594 3.8147e-07
      vertex -34.192 80.192 3.8147e-07
    endloop
  endfacet
  facet normal 0 0 -1
    outer loop
      vertex -33.1863 80.864 3.8147e-07
      vertex -34.2961 83.5433 3.8147e-07
      vertex -33.5529 83.7956 3.8147e-07
    endloop
  endfacet
  facet normal 0 0 -1
    outer loop
      vertex -36.2426 82.2426 3.8147e-07
      vertex -34.192 80.192 3.8147e-07
      vertex -34.4594 79.8872 3.8147e-07
    endloop
  endfacet
  facet normal 0 0 -1
    outer loop
      vertex -36.7601 81.6526 3.8147e-07
      vertex -34.4594 79.8872 3.8147e-07
      vertex -34.6847 79.55 3.8147e-07
    endloop
  endfacet
  facet normal 0 0 -1
    outer loop
      vertex -37.1962 81 3.8147e-07
      vertex -34.6847 79.55 3.8147e-07
      vertex -34.864 79.1863 3.8147e-07
    endloop
  endfacet
  facet normal 0 0 -1
    outer loop
      vertex -37.5433 80.2961 3.8147e-07
      vertex -34.864 79.1863 3.8147e-07
      vertex -34.9944 78.8023 3.8147e-07
    endloop
  endfacet
  facet normal 0 0 -1
    outer loop
      vertex -33.55 80.6847 3.8147e-07
      vertex -35 83.1962 3.8147e-07
      vertex -34.2961 83.5433 3.8147e-07
    endloop
  endfacet
  facet normal 0 0 -1
    outer loop
      vertex -37.7956 79.5529 3.8147e-07
      vertex -34.9944 78.8023 3.8147e-07
      vertex -35.0735 78.4046 3.8147e-07
    endloop
  endfacet
  facet normal 0 0 -1
    outer loop
      vertex -37.9487 78.7832 3.8147e-07
      vertex -35.0735 78.4046 3.8147e-07
      vertex -35.1 78 3.8147e-07
    endloop
  endfacet
  facet normal 0 0 -1
    outer loop
      vertex -33.8872 80.4594 3.8147e-07
      vertex -35.6526 82.7601 3.8147e-07
      vertex -35 83.1962 3.8147e-07
    endloop
  endfacet
  facet normal 0 0 -1
    outer loop
      vertex -34.9944 77.1977 3.8147e-07
      vertex -38 78 3.8147e-07
      vertex -35.0735 77.5954 3.8147e-07
    endloop
  endfacet
  facet normal -0 0 -1
    outer loop
      vertex -34.864 4.81368 3.8147e-07
      vertex -37.5433 3.7039 3.8147e-07
      vertex -34.9944 5.19766 3.8147e-07
    endloop
  endfacet
  facet normal 0 0 -1
    outer loop
      vertex -35.0735 77.5954 3.8147e-07
      vertex -38 78 3.8147e-07
      vertex -35.1 78 3.8147e-07
    endloop
  endfacet
  facet normal 0 0 -1
    outer loop
      vertex -37.7956 4.44709 3.8147e-07
      vertex -34.9944 5.19766 3.8147e-07
      vertex -37.5433 3.7039 3.8147e-07
    endloop
  endfacet
  facet normal 0 -0 -1
    outer loop
      vertex -37.9487 78.7832 3.8147e-07
      vertex -35.1 78 3.8147e-07
      vertex -38 78 3.8147e-07
    endloop
  endfacet
  facet normal -0 0 -1
    outer loop
      vertex -34.9944 5.19766 3.8147e-07
      vertex -37.7956 4.44709 3.8147e-07
      vertex -35.0735 5.59537 3.8147e-07
    endloop
  endfacet
  facet normal 0 0 -1
    outer loop
      vertex -34.192 80.192 3.8147e-07
      vertex -36.2426 82.2426 3.8147e-07
      vertex -35.6526 82.7601 3.8147e-07
    endloop
  endfacet
  facet normal 0 0 -1
    outer loop
      vertex -37.9487 5.21684 3.8147e-07
      vertex -35.0735 5.59537 3.8147e-07
      vertex -37.7956 4.44709 3.8147e-07
    endloop
  endfacet
  facet normal 0 0 -1
    outer loop
      vertex -34.4594 79.8872 3.8147e-07
      vertex -36.7601 81.6526 3.8147e-07
      vertex -36.2426 82.2426 3.8147e-07
    endloop
  endfacet
  facet normal -0 0 -1
    outer loop
      vertex -35.0735 5.59537 3.8147e-07
      vertex -37.9487 5.21684 3.8147e-07
      vertex -35.1 6 3.8147e-07
    endloop
  endfacet
  facet normal 0 0 -1
    outer loop
      vertex -34.6847 79.55 3.8147e-07
      vertex -37.1962 81 3.8147e-07
      vertex -36.7601 81.6526 3.8147e-07
    endloop
  endfacet
  facet normal -0 0 -1
    outer loop
      vertex -35.1 6 3.8147e-07
      vertex -37.9487 5.21684 3.8147e-07
      vertex -38 6 3.8147e-07
    endloop
  endfacet
  facet normal 0 0 -1
    outer loop
      vertex -34.864 79.1863 3.8147e-07
      vertex -37.5433 80.2961 3.8147e-07
      vertex -37.1962 81 3.8147e-07
    endloop
  endfacet
  facet normal 0 0 -1
    outer loop
      vertex -34.9944 78.8023 3.8147e-07
      vertex -37.7956 79.5529 3.8147e-07
      vertex -37.5433 80.2961 3.8147e-07
    endloop
  endfacet
  facet normal 0 0 -1
    outer loop
      vertex -35.0735 78.4046 3.8147e-07
      vertex -37.9487 78.7832 3.8147e-07
      vertex -37.7956 79.5529 3.8147e-07
    endloop
  endfacet
  facet normal -0 0 -1
    outer loop
      vertex 29.3153 76.45 3.8147e-07
      vertex 21.5 72 3.8147e-07
      vertex 29.136 76.8137 3.8147e-07
    endloop
  endfacet
  facet normal -0 0 -1
    outer loop
      vertex 31.1977 75.0056 3.8147e-07
      vertex 21.5 72 3.8147e-07
      vertex 30.8137 75.136 3.8147e-07
    endloop
  endfacet
  facet normal -0 0 -1
    outer loop
      vertex 30.8137 75.136 3.8147e-07
      vertex 21.5 72 3.8147e-07
      vertex 30.45 75.3153 3.8147e-07
    endloop
  endfacet
  facet normal 0 0 -1
    outer loop
      vertex 15.0613 55.8403 3.8147e-07
      vertex 21.5 72 3.8147e-07
      vertex 15.1859 55.4733 3.8147e-07
    endloop
  endfacet
  facet normal 0 0 -1
    outer loop
      vertex 15.0602 55.8433 3.8147e-07
      vertex 21.5 72 3.8147e-07
      vertex 15.0613 55.8403 3.8147e-07
    endloop
  endfacet
  facet normal 0 0 -1
    outer loop
      vertex 14.8888 56.1909 3.8147e-07
      vertex 21.5 72 3.8147e-07
      vertex 15.0602 55.8433 3.8147e-07
    endloop
  endfacet
  facet normal 0 0 -1
    outer loop
      vertex 14.8874 56.1938 3.8147e-07
      vertex 21.5 72 3.8147e-07
      vertex 14.8888 56.1909 3.8147e-07
    endloop
  endfacet
  facet normal 0 0 -1
    outer loop
      vertex 14.8856 56.1965 3.8147e-07
      vertex 21.5 72 3.8147e-07
      vertex 14.8874 56.1938 3.8147e-07
    endloop
  endfacet
  facet normal 0 0 -1
    outer loop
      vertex 14.6703 56.5188 3.8147e-07
      vertex 21.5 72 3.8147e-07
      vertex 14.8856 56.1965 3.8147e-07
    endloop
  endfacet
  facet normal 0 0 -1
    outer loop
      vertex 14.6681 56.5212 3.8147e-07
      vertex 21.5 72 3.8147e-07
      vertex 14.6703 56.5188 3.8147e-07
    endloop
  endfacet
  facet normal 0 0 -1
    outer loop
      vertex 14.4126 56.8126 3.8147e-07
      vertex 21.5 72 3.8147e-07
      vertex 14.6681 56.5212 3.8147e-07
    endloop
  endfacet
  facet normal -0 0 -1
    outer loop
      vertex 21.5 72 3.8147e-07
      vertex 14.4126 56.8126 3.8147e-07
      vertex 18.5 72 3.8147e-07
    endloop
  endfacet
  facet normal 0 0 -1
    outer loop
      vertex 14.1212 57.0681 3.8147e-07
      vertex 18.5 72 3.8147e-07
      vertex 14.4126 56.8126 3.8147e-07
    endloop
  endfacet
  facet normal 0 0 -1
    outer loop
      vertex 14.1188 57.0703 3.8147e-07
      vertex 18.5 72 3.8147e-07
      vertex 14.1212 57.0681 3.8147e-07
    endloop
  endfacet
  facet normal 0 0 -1
    outer loop
      vertex 14.1161 57.0721 3.8147e-07
      vertex 18.5 72 3.8147e-07
      vertex 14.1188 57.0703 3.8147e-07
    endloop
  endfacet
  facet normal 0 0 -1
    outer loop
      vertex 13.7938 57.2874 3.8147e-07
      vertex 18.5 72 3.8147e-07
      vertex 14.1161 57.0721 3.8147e-07
    endloop
  endfacet
  facet normal 0 0 -1
    outer loop
      vertex 13.7909 57.2888 3.8147e-07
      vertex 18.5 72 3.8147e-07
      vertex 13.7938 57.2874 3.8147e-07
    endloop
  endfacet
  facet normal -0 0 -1
    outer loop
      vertex 18.5 72 3.8147e-07
      vertex 13.7909 57.2888 3.8147e-07
      vertex 15.5 72 3.8147e-07
    endloop
  endfacet
  facet normal 0 0 -1
    outer loop
      vertex 13.4433 57.4602 3.8147e-07
      vertex 15.5 72 3.8147e-07
      vertex 13.7909 57.2888 3.8147e-07
    endloop
  endfacet
  facet normal 0 0 -1
    outer loop
      vertex 13.0763 57.5848 3.8147e-07
      vertex 15.5 72 3.8147e-07
      vertex 13.4433 57.4602 3.8147e-07
    endloop
  endfacet
  facet normal 0 0 -1
    outer loop
      vertex 13.0733 57.5859 3.8147e-07
      vertex 15.5 72 3.8147e-07
      vertex 13.0763 57.5848 3.8147e-07
    endloop
  endfacet
  facet normal 0 0 -1
    outer loop
      vertex 12.6931 57.6615 3.8147e-07
      vertex 15.5 72 3.8147e-07
      vertex 13.0733 57.5859 3.8147e-07
    endloop
  endfacet
  facet normal 0 0 -1
    outer loop
      vertex 12.69 57.6621 3.8147e-07
      vertex 15.5 72 3.8147e-07
      vertex 12.6931 57.6615 3.8147e-07
    endloop
  endfacet
  facet normal 0 0 -1
    outer loop
      vertex 12.5 72 3.8147e-07
      vertex 12.69 57.6621 3.8147e-07
      vertex 12.6867 57.6623 3.8147e-07
    endloop
  endfacet
  facet normal 0 0 -1
    outer loop
      vertex 12.69 57.6621 3.8147e-07
      vertex 12.5 72 3.8147e-07
      vertex 15.5 72 3.8147e-07
    endloop
  endfacet
  facet normal 0 0 -1
    outer loop
      vertex 9.5 72 3.8147e-07
      vertex 12.5 72 3.8147e-07
      vertex 12.3 57.6877 3.8147e-07
    endloop
  endfacet
  facet normal 0 0 -1
    outer loop
      vertex 12.3 57.6877 3.8147e-07
      vertex 12.5 72 3.8147e-07
      vertex 12.6867 57.6623 3.8147e-07
    endloop
  endfacet
  facet normal 0.980788 -0.195075 0
    outer loop
      vertex 37.7956 4.44709 2.4
      vertex 37.9487 5.21684 3.8147e-07
      vertex 37.9487 5.21684 2.4
    endloop
  endfacet
  facet normal 0.980788 -0.195075 0
    outer loop
      vertex 37.9487 5.21684 3.8147e-07
      vertex 37.7956 4.44709 2.4
      vertex 37.7956 4.44709 3.8147e-07
    endloop
  endfacet
  facet normal -0.980788 -0.195075 0
    outer loop
      vertex -37.7956 4.44709 3.8147e-07
      vertex -37.9487 5.21684 2.4
      vertex -37.9487 5.21684 3.8147e-07
    endloop
  endfacet
  facet normal -0.980788 -0.195075 0
    outer loop
      vertex -37.9487 5.21684 2.4
      vertex -37.7956 4.44709 3.8147e-07
      vertex -37.7956 4.44709 2.4
    endloop
  endfacet
  facet normal -0.195087 0.980786 0
    outer loop
      vertex -32.7832 83.9487 3.8147e-07
      vertex -33.5529 83.7956 2.4
      vertex -32.7832 83.9487 2.4
    endloop
  endfacet
  facet normal -0.195087 0.980786 0
    outer loop
      vertex -33.5529 83.7956 2.4
      vertex -32.7832 83.9487 3.8147e-07
      vertex -33.5529 83.7956 3.8147e-07
    endloop
  endfacet
  facet normal 0.751787 0.659406 0
    outer loop
      vertex 36.7601 81.6526 2.4
      vertex 36.2426 82.2426 3.8147e-07
      vertex 36.2426 82.2426 2.4
    endloop
  endfacet
  facet normal 0.751787 0.659406 0
    outer loop
      vertex 36.2426 82.2426 3.8147e-07
      vertex 36.7601 81.6526 2.4
      vertex 36.7601 81.6526 3.8147e-07
    endloop
  endfacet
  facet normal -0.659392 -0.751799 0
    outer loop
      vertex -36.2426 1.75736 3.8147e-07
      vertex -35.6526 1.23988 2.4
      vertex -36.2426 1.75736 2.4
    endloop
  endfacet
  facet normal -0.659392 -0.751799 -0
    outer loop
      vertex -35.6526 1.23988 2.4
      vertex -36.2426 1.75736 3.8147e-07
      vertex -35.6526 1.23988 3.8147e-07
    endloop
  endfacet
  facet normal -0.0653605 0.997862 0
    outer loop
      vertex -32 84 3.8147e-07
      vertex -32.7832 83.9487 2.4
      vertex -32 84 2.4
    endloop
  endfacet
  facet normal -0.0653605 0.997862 0
    outer loop
      vertex -32.7832 83.9487 2.4
      vertex -32 84 3.8147e-07
      vertex -32.7832 83.9487 3.8147e-07
    endloop
  endfacet
  facet normal 1 -0 0
    outer loop
      vertex 4 63 44
      vertex 4 71 2.4
      vertex 4 71 44
    endloop
  endfacet
  facet normal 1 0 0
    outer loop
      vertex 4 71 2.4
      vertex 4 63 44
      vertex 4 63 2.4
    endloop
  endfacet
  facet normal 0 1 -0
    outer loop
      vertex 4 71 2.4
      vertex -4 71 44
      vertex 4 71 44
    endloop
  endfacet
  facet normal 0 1 0
    outer loop
      vertex -4 71 44
      vertex 4 71 2.4
      vertex -4 71 2.4
    endloop
  endfacet
  facet normal 0 -1 0
    outer loop
      vertex -4 63 2.4
      vertex 4 63 44
      vertex -4 63 44
    endloop
  endfacet
  facet normal 0 -1 -0
    outer loop
      vertex 4 63 44
      vertex -4 63 2.4
      vertex 4 63 2.4
    endloop
  endfacet
  facet normal -1 0 0
    outer loop
      vertex -4 63 2.4
      vertex -4 71 44
      vertex -4 71 2.4
    endloop
  endfacet
  facet normal -1 -0 0
    outer loop
      vertex -4 71 44
      vertex -4 63 2.4
      vertex -4 63 44
    endloop
  endfacet
  facet normal -0 0 1
    outer loop
      vertex -4 71 44
      vertex 4 63 44
      vertex 4 71 44
    endloop
  endfacet
  facet normal 0 0 1
    outer loop
      vertex 4 63 44
      vertex -4 71 44
      vertex -4 63 44
    endloop
  endfacet
  facet normal -0.98077 0.195165 0
    outer loop
      vertex -30.3579 5.56001 1.6
      vertex -30.3145 5.77811 2.4
      vertex -30.3145 5.77811 1.6
    endloop
  endfacet
  facet normal -0.98077 0.195165 0
    outer loop
      vertex -30.3145 5.77811 2.4
      vertex -30.3579 5.56001 1.6
      vertex -30.3579 5.56001 2.4
    endloop
  endfacet
  facet normal -0.997872 0.0652086 0
    outer loop
      vertex -30.3145 5.77811 1.6
      vertex -30.3 6 2.4
      vertex -30.3 6 1.6
    endloop
  endfacet
  facet normal -0.997872 0.0652086 0
    outer loop
      vertex -30.3 6 2.4
      vertex -30.3145 5.77811 1.6
      vertex -30.3145 5.77811 2.4
    endloop
  endfacet
  facet normal -0.0653848 -0.99786 0
    outer loop
      vertex -32 7.7 1.6
      vertex -31.7781 7.68546 2.4
      vertex -32 7.7 2.4
    endloop
  endfacet
  facet normal -0.0653848 -0.99786 -0
    outer loop
      vertex -31.7781 7.68546 2.4
      vertex -32 7.7 1.6
      vertex -31.7781 7.68546 1.6
    endloop
  endfacet
  facet normal 0.659319 0.751863 -0
    outer loop
      vertex -33.0349 4.6513 1.6
      vertex -33.2021 4.79792 2.4
      vertex -33.0349 4.6513 2.4
    endloop
  endfacet
  facet normal 0.659319 0.751863 0
    outer loop
      vertex -33.2021 4.79792 2.4
      vertex -33.0349 4.6513 1.6
      vertex -33.2021 4.79792 1.6
    endloop
  endfacet
  facet normal 0.831552 -0.555447 0
    outer loop
      vertex -33.4722 6.85 2.4
      vertex -33.3487 7.03489 1.6
      vertex -33.3487 7.03489 2.4
    endloop
  endfacet
  facet normal 0.831552 -0.555447 0
    outer loop
      vertex -33.3487 7.03489 1.6
      vertex -33.4722 6.85 2.4
      vertex -33.4722 6.85 1.6
    endloop
  endfacet
  facet normal 0.195122 -0.980779 0
    outer loop
      vertex -32.44 7.64207 1.6
      vertex -32.2219 7.68546 2.4
      vertex -32.44 7.64207 2.4
    endloop
  endfacet
  facet normal 0.195122 -0.980779 0
    outer loop
      vertex -32.2219 7.68546 2.4
      vertex -32.44 7.64207 1.6
      vertex -32.2219 7.68546 1.6
    endloop
  endfacet
  facet normal -0.659319 0.751863 0
    outer loop
      vertex -30.7979 4.79792 1.6
      vertex -30.9651 4.6513 2.4
      vertex -30.7979 4.79792 2.4
    endloop
  endfacet
  facet normal -0.659319 0.751863 0
    outer loop
      vertex -30.9651 4.6513 2.4
      vertex -30.7979 4.79792 1.6
      vertex -30.9651 4.6513 1.6
    endloop
  endfacet
  facet normal -0.946901 -0.321525 0
    outer loop
      vertex -30.3579 6.43999 1.6
      vertex -30.4294 6.65056 2.4
      vertex -30.4294 6.65056 1.6
    endloop
  endfacet
  facet normal -0.946901 -0.321525 0
    outer loop
      vertex -30.4294 6.65056 2.4
      vertex -30.3579 6.43999 1.6
      vertex -30.3579 6.43999 2.4
    endloop
  endfacet
  facet normal -0.751888 -0.659291 0
    outer loop
      vertex -30.6513 7.03489 1.6
      vertex -30.7979 7.20208 2.4
      vertex -30.7979 7.20208 1.6
    endloop
  endfacet
  facet normal -0.751888 -0.659291 0
    outer loop
      vertex -30.7979 7.20208 2.4
      vertex -30.6513 7.03489 1.6
      vertex -30.6513 7.03489 2.4
    endloop
  endfacet
  facet normal -0.751888 0.659291 0
    outer loop
      vertex -30.7979 4.79792 1.6
      vertex -30.6513 4.96511 2.4
      vertex -30.6513 4.96511 1.6
    endloop
  endfacet
  facet normal -0.751888 0.659291 0
    outer loop
      vertex -30.6513 4.96511 2.4
      vertex -30.7979 4.79792 1.6
      vertex -30.7979 4.79792 2.4
    endloop
  endfacet
  facet normal 0.946901 -0.321525 0
    outer loop
      vertex -33.6421 6.43999 2.4
      vertex -33.5706 6.65056 1.6
      vertex -33.5706 6.65056 2.4
    endloop
  endfacet
  facet normal 0.946901 -0.321525 0
    outer loop
      vertex -33.5706 6.65056 1.6
      vertex -33.6421 6.43999 2.4
      vertex -33.6421 6.43999 1.6
    endloop
  endfacet
  facet normal -0.321403 -0.946943 0
    outer loop
      vertex -31.56 7.64207 1.6
      vertex -31.3494 7.57059 2.4
      vertex -31.56 7.64207 2.4
    endloop
  endfacet
  facet normal -0.321403 -0.946943 -0
    outer loop
      vertex -31.3494 7.57059 2.4
      vertex -31.56 7.64207 1.6
      vertex -31.3494 7.57059 1.6
    endloop
  endfacet
  facet normal 0.0653848 -0.99786 0
    outer loop
      vertex -32.2219 7.68546 1.6
      vertex -32 7.7 2.4
      vertex -32.2219 7.68546 2.4
    endloop
  endfacet
  facet normal 0.0653848 -0.99786 0
    outer loop
      vertex -32 7.7 2.4
      vertex -32.2219 7.68546 1.6
      vertex -32 7.7 1.6
    endloop
  endfacet
  facet normal 0.321403 0.946943 -0
    outer loop
      vertex -32.44 4.35793 1.6
      vertex -32.6506 4.42941 2.4
      vertex -32.44 4.35793 2.4
    endloop
  endfacet
  facet normal 0.321403 0.946943 0
    outer loop
      vertex -32.6506 4.42941 2.4
      vertex -32.44 4.35793 1.6
      vertex -32.6506 4.42941 1.6
    endloop
  endfacet
  facet normal -0.946901 0.321525 0
    outer loop
      vertex -30.4294 5.34944 1.6
      vertex -30.3579 5.56001 2.4
      vertex -30.3579 5.56001 1.6
    endloop
  endfacet
  facet normal -0.946901 0.321525 0
    outer loop
      vertex -30.3579 5.56001 2.4
      vertex -30.4294 5.34944 1.6
      vertex -30.4294 5.34944 2.4
    endloop
  endfacet
  facet normal 0.751888 0.659291 0
    outer loop
      vertex -33.2021 4.79792 2.4
      vertex -33.3487 4.96511 1.6
      vertex -33.3487 4.96511 2.4
    endloop
  endfacet
  facet normal 0.751888 0.659291 0
    outer loop
      vertex -33.3487 4.96511 1.6
      vertex -33.2021 4.79792 2.4
      vertex -33.2021 4.79792 1.6
    endloop
  endfacet
  facet normal 0.442349 -0.896843 0
    outer loop
      vertex -32.85 7.47224 1.6
      vertex -32.6506 7.57059 2.4
      vertex -32.85 7.47224 2.4
    endloop
  endfacet
  facet normal 0.442349 -0.896843 0
    outer loop
      vertex -32.6506 7.57059 2.4
      vertex -32.85 7.47224 1.6
      vertex -32.6506 7.57059 1.6
    endloop
  endfacet
  facet normal 0.0653848 0.99786 -0
    outer loop
      vertex -32 4.3 1.6
      vertex -32.2219 4.31454 2.4
      vertex -32 4.3 2.4
    endloop
  endfacet
  facet normal 0.0653848 0.99786 0
    outer loop
      vertex -32.2219 4.31454 2.4
      vertex -32 4.3 1.6
      vertex -32.2219 4.31454 1.6
    endloop
  endfacet
  facet normal -0.896789 -0.442459 0
    outer loop
      vertex -30.4294 6.65056 1.6
      vertex -30.5278 6.85 2.4
      vertex -30.5278 6.85 1.6
    endloop
  endfacet
  facet normal -0.896789 -0.442459 0
    outer loop
      vertex -30.5278 6.85 2.4
      vertex -30.4294 6.65056 1.6
      vertex -30.4294 6.65056 2.4
    endloop
  endfacet
  facet normal -0.555551 -0.831483 0
    outer loop
      vertex -31.15 7.47224 1.6
      vertex -30.9651 7.3487 2.4
      vertex -31.15 7.47224 2.4
    endloop
  endfacet
  facet normal -0.555551 -0.831483 -0
    outer loop
      vertex -30.9651 7.3487 2.4
      vertex -31.15 7.47224 1.6
      vertex -30.9651 7.3487 1.6
    endloop
  endfacet
  facet normal 0.98077 -0.195165 0
    outer loop
      vertex -33.6855 6.22189 2.4
      vertex -33.6421 6.43999 1.6
      vertex -33.6421 6.43999 2.4
    endloop
  endfacet
  facet normal 0.98077 -0.195165 0
    outer loop
      vertex -33.6421 6.43999 1.6
      vertex -33.6855 6.22189 2.4
      vertex -33.6855 6.22189 1.6
    endloop
  endfacet
  facet normal -0.195122 0.980779 0
    outer loop
      vertex -31.56 4.35793 1.6
      vertex -31.7781 4.31454 2.4
      vertex -31.56 4.35793 2.4
    endloop
  endfacet
  facet normal -0.195122 0.980779 0
    outer loop
      vertex -31.7781 4.31454 2.4
      vertex -31.56 4.35793 1.6
      vertex -31.7781 4.31454 1.6
    endloop
  endfacet
  facet normal -0.831552 0.555447 0
    outer loop
      vertex -30.6513 4.96511 1.6
      vertex -30.5278 5.15 2.4
      vertex -30.5278 5.15 1.6
    endloop
  endfacet
  facet normal -0.831552 0.555447 0
    outer loop
      vertex -30.5278 5.15 2.4
      vertex -30.6513 4.96511 1.6
      vertex -30.6513 4.96511 2.4
    endloop
  endfacet
  facet normal -0.997872 -0.0652086 0
    outer loop
      vertex -30.3 6 1.6
      vertex -30.3145 6.22189 2.4
      vertex -30.3145 6.22189 1.6
    endloop
  endfacet
  facet normal -0.997872 -0.0652086 0
    outer loop
      vertex -30.3145 6.22189 2.4
      vertex -30.3 6 1.6
      vertex -30.3 6 2.4
    endloop
  endfacet
  facet normal -0.321403 0.946943 0
    outer loop
      vertex -31.3494 4.42941 1.6
      vertex -31.56 4.35793 2.4
      vertex -31.3494 4.42941 2.4
    endloop
  endfacet
  facet normal -0.321403 0.946943 0
    outer loop
      vertex -31.56 4.35793 2.4
      vertex -31.3494 4.42941 1.6
      vertex -31.56 4.35793 1.6
    endloop
  endfacet
  facet normal -0.555551 0.831483 0
    outer loop
      vertex -30.9651 4.6513 1.6
      vertex -31.15 4.52776 2.4
      vertex -30.9651 4.6513 2.4
    endloop
  endfacet
  facet normal -0.555551 0.831483 0
    outer loop
      vertex -31.15 4.52776 2.4
      vertex -30.9651 4.6513 1.6
      vertex -31.15 4.52776 1.6
    endloop
  endfacet
  facet normal 0.195122 0.980779 -0
    outer loop
      vertex -32.2219 4.31454 1.6
      vertex -32.44 4.35793 2.4
      vertex -32.2219 4.31454 2.4
    endloop
  endfacet
  facet normal 0.195122 0.980779 0
    outer loop
      vertex -32.44 4.35793 2.4
      vertex -32.2219 4.31454 1.6
      vertex -32.44 4.35793 1.6
    endloop
  endfacet
  facet normal -0.659319 -0.751863 0
    outer loop
      vertex -30.9651 7.3487 1.6
      vertex -30.7979 7.20208 2.4
      vertex -30.9651 7.3487 2.4
    endloop
  endfacet
  facet normal -0.659319 -0.751863 -0
    outer loop
      vertex -30.7979 7.20208 2.4
      vertex -30.9651 7.3487 1.6
      vertex -30.7979 7.20208 1.6
    endloop
  endfacet
  facet normal 0.896789 0.442459 0
    outer loop
      vertex -33.4722 5.15 2.4
      vertex -33.5706 5.34944 1.6
      vertex -33.5706 5.34944 2.4
    endloop
  endfacet
  facet normal 0.896789 0.442459 0
    outer loop
      vertex -33.5706 5.34944 1.6
      vertex -33.4722 5.15 2.4
      vertex -33.4722 5.15 1.6
    endloop
  endfacet
  facet normal -0.98077 -0.195165 0
    outer loop
      vertex -30.3145 6.22189 1.6
      vertex -30.3579 6.43999 2.4
      vertex -30.3579 6.43999 1.6
    endloop
  endfacet
  facet normal -0.98077 -0.195165 0
    outer loop
      vertex -30.3579 6.43999 2.4
      vertex -30.3145 6.22189 1.6
      vertex -30.3145 6.22189 2.4
    endloop
  endfacet
  facet normal -0.195122 -0.980779 0
    outer loop
      vertex -31.7781 7.68546 1.6
      vertex -31.56 7.64207 2.4
      vertex -31.7781 7.68546 2.4
    endloop
  endfacet
  facet normal -0.195122 -0.980779 -0
    outer loop
      vertex -31.56 7.64207 2.4
      vertex -31.7781 7.68546 1.6
      vertex -31.56 7.64207 1.6
    endloop
  endfacet
  facet normal 0.659319 -0.751863 0
    outer loop
      vertex -33.2021 7.20208 1.6
      vertex -33.0349 7.3487 2.4
      vertex -33.2021 7.20208 2.4
    endloop
  endfacet
  facet normal 0.659319 -0.751863 0
    outer loop
      vertex -33.0349 7.3487 2.4
      vertex -33.2021 7.20208 1.6
      vertex -33.0349 7.3487 1.6
    endloop
  endfacet
  facet normal 0.751888 -0.659291 0
    outer loop
      vertex -33.3487 7.03489 2.4
      vertex -33.2021 7.20208 1.6
      vertex -33.2021 7.20208 2.4
    endloop
  endfacet
  facet normal 0.751888 -0.659291 0
    outer loop
      vertex -33.2021 7.20208 1.6
      vertex -33.3487 7.03489 2.4
      vertex -33.3487 7.03489 1.6
    endloop
  endfacet
  facet normal -0.0653848 0.99786 0
    outer loop
      vertex -31.7781 4.31454 1.6
      vertex -32 4.3 2.4
      vertex -31.7781 4.31454 2.4
    endloop
  endfacet
  facet normal -0.0653848 0.99786 0
    outer loop
      vertex -32 4.3 2.4
      vertex -31.7781 4.31454 1.6
      vertex -32 4.3 1.6
    endloop
  endfacet
  facet normal -0.442349 0.896843 0
    outer loop
      vertex -31.15 4.52776 1.6
      vertex -31.3494 4.42941 2.4
      vertex -31.15 4.52776 2.4
    endloop
  endfacet
  facet normal -0.442349 0.896843 0
    outer loop
      vertex -31.3494 4.42941 2.4
      vertex -31.15 4.52776 1.6
      vertex -31.3494 4.42941 1.6
    endloop
  endfacet
  facet normal -0.831552 -0.555447 0
    outer loop
      vertex -30.5278 6.85 1.6
      vertex -30.6513 7.03489 2.4
      vertex -30.6513 7.03489 1.6
    endloop
  endfacet
  facet normal -0.831552 -0.555447 0
    outer loop
      vertex -30.6513 7.03489 2.4
      vertex -30.5278 6.85 1.6
      vertex -30.5278 6.85 2.4
    endloop
  endfacet
  facet normal 0.997872 -0.0652086 0
    outer loop
      vertex -33.7 6 2.4
      vertex -33.6855 6.22189 1.6
      vertex -33.6855 6.22189 2.4
    endloop
  endfacet
  facet normal 0.997872 -0.0652086 0
    outer loop
      vertex -33.6855 6.22189 1.6
      vertex -33.7 6 2.4
      vertex -33.7 6 1.6
    endloop
  endfacet
  facet normal -0.442349 -0.896843 0
    outer loop
      vertex -31.3494 7.57059 1.6
      vertex -31.15 7.47224 2.4
      vertex -31.3494 7.57059 2.4
    endloop
  endfacet
  facet normal -0.442349 -0.896843 -0
    outer loop
      vertex -31.15 7.47224 2.4
      vertex -31.3494 7.57059 1.6
      vertex -31.15 7.47224 1.6
    endloop
  endfacet
  facet normal 0.98077 0.195165 0
    outer loop
      vertex -33.6421 5.56001 2.4
      vertex -33.6855 5.77811 1.6
      vertex -33.6855 5.77811 2.4
    endloop
  endfacet
  facet normal 0.98077 0.195165 0
    outer loop
      vertex -33.6855 5.77811 1.6
      vertex -33.6421 5.56001 2.4
      vertex -33.6421 5.56001 1.6
    endloop
  endfacet
  facet normal 0.896789 -0.442459 0
    outer loop
      vertex -33.5706 6.65056 2.4
      vertex -33.4722 6.85 1.6
      vertex -33.4722 6.85 2.4
    endloop
  endfacet
  facet normal 0.896789 -0.442459 0
    outer loop
      vertex -33.4722 6.85 1.6
      vertex -33.5706 6.65056 2.4
      vertex -33.5706 6.65056 1.6
    endloop
  endfacet
  facet normal 0.946901 0.321525 0
    outer loop
      vertex -33.5706 5.34944 2.4
      vertex -33.6421 5.56001 1.6
      vertex -33.6421 5.56001 2.4
    endloop
  endfacet
  facet normal 0.946901 0.321525 0
    outer loop
      vertex -33.6421 5.56001 1.6
      vertex -33.5706 5.34944 2.4
      vertex -33.5706 5.34944 1.6
    endloop
  endfacet
  facet normal 0.555551 0.831483 -0
    outer loop
      vertex -32.85 4.52776 1.6
      vertex -33.0349 4.6513 2.4
      vertex -32.85 4.52776 2.4
    endloop
  endfacet
  facet normal 0.555551 0.831483 0
    outer loop
      vertex -33.0349 4.6513 2.4
      vertex -32.85 4.52776 1.6
      vertex -33.0349 4.6513 1.6
    endloop
  endfacet
  facet normal -0.896789 0.442459 0
    outer loop
      vertex -30.5278 5.15 1.6
      vertex -30.4294 5.34944 2.4
      vertex -30.4294 5.34944 1.6
    endloop
  endfacet
  facet normal -0.896789 0.442459 0
    outer loop
      vertex -30.4294 5.34944 2.4
      vertex -30.5278 5.15 1.6
      vertex -30.5278 5.15 2.4
    endloop
  endfacet
  facet normal 0.997872 0.0652086 0
    outer loop
      vertex -33.6855 5.77811 2.4
      vertex -33.7 6 1.6
      vertex -33.7 6 2.4
    endloop
  endfacet
  facet normal 0.997872 0.0652086 0
    outer loop
      vertex -33.7 6 1.6
      vertex -33.6855 5.77811 2.4
      vertex -33.6855 5.77811 1.6
    endloop
  endfacet
  facet normal 0.321403 -0.946943 0
    outer loop
      vertex -32.6506 7.57059 1.6
      vertex -32.44 7.64207 2.4
      vertex -32.6506 7.57059 2.4
    endloop
  endfacet
  facet normal 0.321403 -0.946943 0
    outer loop
      vertex -32.44 7.64207 2.4
      vertex -32.6506 7.57059 1.6
      vertex -32.44 7.64207 1.6
    endloop
  endfacet
  facet normal 0.442349 0.896843 -0
    outer loop
      vertex -32.6506 4.42941 1.6
      vertex -32.85 4.52776 2.4
      vertex -32.6506 4.42941 2.4
    endloop
  endfacet
  facet normal 0.442349 0.896843 0
    outer loop
      vertex -32.85 4.52776 2.4
      vertex -32.6506 4.42941 1.6
      vertex -32.85 4.52776 1.6
    endloop
  endfacet
  facet normal 0.831552 0.555447 0
    outer loop
      vertex -33.3487 4.96511 2.4
      vertex -33.4722 5.15 1.6
      vertex -33.4722 5.15 2.4
    endloop
  endfacet
  facet normal 0.831552 0.555447 0
    outer loop
      vertex -33.4722 5.15 1.6
      vertex -33.3487 4.96511 2.4
      vertex -33.3487 4.96511 1.6
    endloop
  endfacet
  facet normal 0.555551 -0.831483 0
    outer loop
      vertex -33.0349 7.3487 1.6
      vertex -32.85 7.47224 2.4
      vertex -33.0349 7.3487 2.4
    endloop
  endfacet
  facet normal 0.555551 -0.831483 0
    outer loop
      vertex -32.85 7.47224 2.4
      vertex -33.0349 7.3487 1.6
      vertex -32.85 7.47224 1.6
    endloop
  endfacet
  facet normal 0.896919 -0.442195 0
    outer loop
      vertex -34.864 7.18632 1.6
      vertex -34.6847 7.55 3.8147e-07
      vertex -34.6847 7.55 1.6
    endloop
  endfacet
  facet normal 0.896919 -0.442195 0
    outer loop
      vertex -34.6847 7.55 3.8147e-07
      vertex -34.864 7.18632 1.6
      vertex -34.864 7.18632 3.8147e-07
    endloop
  endfacet
  facet normal -0.442275 -0.89688 0
    outer loop
      vertex -30.8137 8.86403 3.8147e-07
      vertex -30.45 8.68468 1.6
      vertex -30.8137 8.86403 1.6
    endloop
  endfacet
  facet normal -0.442275 -0.89688 -0
    outer loop
      vertex -30.45 8.68468 1.6
      vertex -30.8137 8.86403 3.8147e-07
      vertex -30.45 8.68468 3.8147e-07
    endloop
  endfacet
  facet normal -0.98079 0.195068 0
    outer loop
      vertex -29.0056 5.19766 3.8147e-07
      vertex -28.9265 5.59537 1.6
      vertex -28.9265 5.59537 3.8147e-07
    endloop
  endfacet
  facet normal -0.98079 0.195068 0
    outer loop
      vertex -28.9265 5.59537 1.6
      vertex -29.0056 5.19766 3.8147e-07
      vertex -29.0056 5.19766 1.6
    endloop
  endfacet
  facet normal -0.997862 0.0653519 0
    outer loop
      vertex -28.9265 5.59537 3.8147e-07
      vertex -28.9 6 1.6
      vertex -28.9 6 3.8147e-07
    endloop
  endfacet
  facet normal -0.997862 0.0653519 0
    outer loop
      vertex -28.9 6 1.6
      vertex -28.9265 5.59537 3.8147e-07
      vertex -28.9265 5.59537 1.6
    endloop
  endfacet
  facet normal -0.946888 0.321564 0
    outer loop
      vertex -29.136 4.81368 3.8147e-07
      vertex -29.0056 5.19766 1.6
      vertex -29.0056 5.19766 3.8147e-07
    endloop
  endfacet
  facet normal -0.946888 0.321564 0
    outer loop
      vertex -29.0056 5.19766 1.6
      vertex -29.136 4.81368 3.8147e-07
      vertex -29.136 4.81368 1.6
    endloop
  endfacet
  facet normal -0.751796 -0.659396 0
    outer loop
      vertex -29.5406 7.88716 3.8147e-07
      vertex -29.808 8.19203 1.6
      vertex -29.808 8.19203 3.8147e-07
    endloop
  endfacet
  facet normal -0.751796 -0.659396 0
    outer loop
      vertex -29.808 8.19203 1.6
      vertex -29.5406 7.88716 3.8147e-07
      vertex -29.5406 7.88716 1.6
    endloop
  endfacet
  facet normal -0.321416 0.946938 0
    outer loop
      vertex -30.8137 3.13597 3.8147e-07
      vertex -31.1977 3.00563 1.6
      vertex -30.8137 3.13597 1.6
    endloop
  endfacet
  facet normal -0.321416 0.946938 0
    outer loop
      vertex -31.1977 3.00563 1.6
      vertex -30.8137 3.13597 3.8147e-07
      vertex -31.1977 3.00563 3.8147e-07
    endloop
  endfacet
  facet normal -0.555536 0.831492 0
    outer loop
      vertex -30.1128 3.54061 3.8147e-07
      vertex -30.45 3.31532 1.6
      vertex -30.1128 3.54061 1.6
    endloop
  endfacet
  facet normal -0.555536 0.831492 0
    outer loop
      vertex -30.45 3.31532 1.6
      vertex -30.1128 3.54061 3.8147e-07
      vertex -30.45 3.31532 3.8147e-07
    endloop
  endfacet
  facet normal -0.896919 -0.442195 0
    outer loop
      vertex -29.136 7.18632 3.8147e-07
      vertex -29.3153 7.55 1.6
      vertex -29.3153 7.55 3.8147e-07
    endloop
  endfacet
  facet normal -0.896919 -0.442195 0
    outer loop
      vertex -29.3153 7.55 1.6
      vertex -29.136 7.18632 3.8147e-07
      vertex -29.136 7.18632 1.6
    endloop
  endfacet
  facet normal -0.321416 -0.946938 0
    outer loop
      vertex -31.1977 8.99437 3.8147e-07
      vertex -30.8137 8.86403 1.6
      vertex -31.1977 8.99437 1.6
    endloop
  endfacet
  facet normal -0.321416 -0.946938 -0
    outer loop
      vertex -30.8137 8.86403 1.6
      vertex -31.1977 8.99437 3.8147e-07
      vertex -30.8137 8.86403 3.8147e-07
    endloop
  endfacet
  facet normal -0.896919 0.442195 0
    outer loop
      vertex -29.3153 4.45 3.8147e-07
      vertex -29.136 4.81368 1.6
      vertex -29.136 4.81368 3.8147e-07
    endloop
  endfacet
  facet normal -0.896919 0.442195 0
    outer loop
      vertex -29.136 4.81368 1.6
      vertex -29.3153 4.45 3.8147e-07
      vertex -29.3153 4.45 1.6
    endloop
  endfacet
  facet normal 0.195096 0.980784 -0
    outer loop
      vertex -32.4046 2.92652 3.8147e-07
      vertex -32.8023 3.00563 1.6
      vertex -32.4046 2.92652 1.6
    endloop
  endfacet
  facet normal 0.195096 0.980784 0
    outer loop
      vertex -32.8023 3.00563 1.6
      vertex -32.4046 2.92652 3.8147e-07
      vertex -32.8023 3.00563 3.8147e-07
    endloop
  endfacet
  facet normal 0.0654059 -0.997859 0
    outer loop
      vertex -32.4046 9.07348 3.8147e-07
      vertex -32 9.1 1.6
      vertex -32.4046 9.07348 1.6
    endloop
  endfacet
  facet normal 0.0654059 -0.997859 0
    outer loop
      vertex -32 9.1 1.6
      vertex -32.4046 9.07348 3.8147e-07
      vertex -32 9.1 3.8147e-07
    endloop
  endfacet
  facet normal 0.555536 0.831492 -0
    outer loop
      vertex -33.55 3.31532 3.8147e-07
      vertex -33.8872 3.54061 1.6
      vertex -33.55 3.31532 1.6
    endloop
  endfacet
  facet normal 0.555536 0.831492 0
    outer loop
      vertex -33.8872 3.54061 1.6
      vertex -33.55 3.31532 3.8147e-07
      vertex -33.8872 3.54061 3.8147e-07
    endloop
  endfacet
  facet normal 0.321416 -0.946938 0
    outer loop
      vertex -33.1863 8.86403 3.8147e-07
      vertex -32.8023 8.99437 1.6
      vertex -33.1863 8.86403 1.6
    endloop
  endfacet
  facet normal 0.321416 -0.946938 0
    outer loop
      vertex -32.8023 8.99437 1.6
      vertex -33.1863 8.86403 3.8147e-07
      vertex -32.8023 8.99437 3.8147e-07
    endloop
  endfacet
  facet normal -0.946888 -0.321564 0
    outer loop
      vertex -29.0056 6.80234 3.8147e-07
      vertex -29.136 7.18632 1.6
      vertex -29.136 7.18632 3.8147e-07
    endloop
  endfacet
  facet normal -0.946888 -0.321564 0
    outer loop
      vertex -29.136 7.18632 1.6
      vertex -29.0056 6.80234 3.8147e-07
      vertex -29.0056 6.80234 1.6
    endloop
  endfacet
  facet normal 0.83145 -0.555599 0
    outer loop
      vertex -34.6847 7.55 1.6
      vertex -34.4594 7.88716 3.8147e-07
      vertex -34.4594 7.88716 1.6
    endloop
  endfacet
  facet normal 0.83145 -0.555599 0
    outer loop
      vertex -34.4594 7.88716 3.8147e-07
      vertex -34.6847 7.55 1.6
      vertex -34.6847 7.55 3.8147e-07
    endloop
  endfacet
  facet normal 0.659426 -0.751769 0
    outer loop
      vertex -34.192 8.19203 3.8147e-07
      vertex -33.8872 8.45939 1.6
      vertex -34.192 8.19203 1.6
    endloop
  endfacet
  facet normal 0.659426 -0.751769 0
    outer loop
      vertex -33.8872 8.45939 1.6
      vertex -34.192 8.19203 3.8147e-07
      vertex -33.8872 8.45939 3.8147e-07
    endloop
  endfacet
  facet normal 0.659426 0.751769 -0
    outer loop
      vertex -33.8872 3.54061 3.8147e-07
      vertex -34.192 3.80797 1.6
      vertex -33.8872 3.54061 1.6
    endloop
  endfacet
  facet normal 0.659426 0.751769 0
    outer loop
      vertex -34.192 3.80797 1.6
      vertex -33.8872 3.54061 3.8147e-07
      vertex -34.192 3.80797 3.8147e-07
    endloop
  endfacet
  facet normal 0.946888 0.321564 0
    outer loop
      vertex -34.864 4.81368 1.6
      vertex -34.9944 5.19766 3.8147e-07
      vertex -34.9944 5.19766 1.6
    endloop
  endfacet
  facet normal 0.946888 0.321564 0
    outer loop
      vertex -34.9944 5.19766 3.8147e-07
      vertex -34.864 4.81368 1.6
      vertex -34.864 4.81368 3.8147e-07
    endloop
  endfacet
  facet normal 0.442275 0.89688 -0
    outer loop
      vertex -33.1863 3.13597 3.8147e-07
      vertex -33.55 3.31532 1.6
      vertex -33.1863 3.13597 1.6
    endloop
  endfacet
  facet normal 0.442275 0.89688 0
    outer loop
      vertex -33.55 3.31532 1.6
      vertex -33.1863 3.13597 3.8147e-07
      vertex -33.55 3.31532 3.8147e-07
    endloop
  endfacet
  facet normal 0.98079 0.195068 0
    outer loop
      vertex -34.9944 5.19766 1.6
      vertex -35.0735 5.59537 3.8147e-07
      vertex -35.0735 5.59537 1.6
    endloop
  endfacet
  facet normal 0.98079 0.195068 0
    outer loop
      vertex -35.0735 5.59537 3.8147e-07
      vertex -34.9944 5.19766 1.6
      vertex -34.9944 5.19766 3.8147e-07
    endloop
  endfacet
  facet normal 0.321416 0.946938 -0
    outer loop
      vertex -32.8023 3.00563 3.8147e-07
      vertex -33.1863 3.13597 1.6
      vertex -32.8023 3.00563 1.6
    endloop
  endfacet
  facet normal 0.321416 0.946938 0
    outer loop
      vertex -33.1863 3.13597 1.6
      vertex -32.8023 3.00563 3.8147e-07
      vertex -33.1863 3.13597 3.8147e-07
    endloop
  endfacet
  facet normal -0.659426 -0.751769 0
    outer loop
      vertex -30.1128 8.45939 3.8147e-07
      vertex -29.808 8.19203 1.6
      vertex -30.1128 8.45939 1.6
    endloop
  endfacet
  facet normal -0.659426 -0.751769 -0
    outer loop
      vertex -29.808 8.19203 1.6
      vertex -30.1128 8.45939 3.8147e-07
      vertex -29.808 8.19203 3.8147e-07
    endloop
  endfacet
  facet normal -0.0654059 0.997859 0
    outer loop
      vertex -31.5954 2.92652 3.8147e-07
      vertex -32 2.9 1.6
      vertex -31.5954 2.92652 1.6
    endloop
  endfacet
  facet normal -0.0654059 0.997859 0
    outer loop
      vertex -32 2.9 1.6
      vertex -31.5954 2.92652 3.8147e-07
      vertex -32 2.9 3.8147e-07
    endloop
  endfacet
  facet normal -0.83145 0.555599 0
    outer loop
      vertex -29.5406 4.11284 3.8147e-07
      vertex -29.3153 4.45 1.6
      vertex -29.3153 4.45 3.8147e-07
    endloop
  endfacet
  facet normal -0.83145 0.555599 0
    outer loop
      vertex -29.3153 4.45 1.6
      vertex -29.5406 4.11284 3.8147e-07
      vertex -29.5406 4.11284 1.6
    endloop
  endfacet
  facet normal -0.195096 -0.980784 0
    outer loop
      vertex -31.5954 9.07348 3.8147e-07
      vertex -31.1977 8.99437 1.6
      vertex -31.5954 9.07348 1.6
    endloop
  endfacet
  facet normal -0.195096 -0.980784 -0
    outer loop
      vertex -31.1977 8.99437 1.6
      vertex -31.5954 9.07348 3.8147e-07
      vertex -31.1977 8.99437 3.8147e-07
    endloop
  endfacet
  facet normal 0.98079 -0.195068 0
    outer loop
      vertex -35.0735 6.40463 1.6
      vertex -34.9944 6.80234 3.8147e-07
      vertex -34.9944 6.80234 1.6
    endloop
  endfacet
  facet normal 0.98079 -0.195068 0
    outer loop
      vertex -34.9944 6.80234 3.8147e-07
      vertex -35.0735 6.40463 1.6
      vertex -35.0735 6.40463 3.8147e-07
    endloop
  endfacet
  facet normal 0.751796 0.659396 0
    outer loop
      vertex -34.192 3.80797 1.6
      vertex -34.4594 4.11284 3.8147e-07
      vertex -34.4594 4.11284 1.6
    endloop
  endfacet
  facet normal 0.751796 0.659396 0
    outer loop
      vertex -34.4594 4.11284 3.8147e-07
      vertex -34.192 3.80797 1.6
      vertex -34.192 3.80797 3.8147e-07
    endloop
  endfacet
  facet normal -0.659426 0.751769 0
    outer loop
      vertex -29.808 3.80797 3.8147e-07
      vertex -30.1128 3.54061 1.6
      vertex -29.808 3.80797 1.6
    endloop
  endfacet
  facet normal -0.659426 0.751769 0
    outer loop
      vertex -30.1128 3.54061 1.6
      vertex -29.808 3.80797 3.8147e-07
      vertex -30.1128 3.54061 3.8147e-07
    endloop
  endfacet
  facet normal -0.997862 -0.0653519 0
    outer loop
      vertex -28.9 6 3.8147e-07
      vertex -28.9265 6.40463 1.6
      vertex -28.9265 6.40463 3.8147e-07
    endloop
  endfacet
  facet normal -0.997862 -0.0653519 0
    outer loop
      vertex -28.9265 6.40463 1.6
      vertex -28.9 6 3.8147e-07
      vertex -28.9 6 1.6
    endloop
  endfacet
  facet normal -0.98079 -0.195068 0
    outer loop
      vertex -28.9265 6.40463 3.8147e-07
      vertex -29.0056 6.80234 1.6
      vertex -29.0056 6.80234 3.8147e-07
    endloop
  endfacet
  facet normal -0.98079 -0.195068 0
    outer loop
      vertex -29.0056 6.80234 1.6
      vertex -28.9265 6.40463 3.8147e-07
      vertex -28.9265 6.40463 1.6
    endloop
  endfacet
  facet normal -0.555536 -0.831492 0
    outer loop
      vertex -30.45 8.68468 3.8147e-07
      vertex -30.1128 8.45939 1.6
      vertex -30.45 8.68468 1.6
    endloop
  endfacet
  facet normal -0.555536 -0.831492 -0
    outer loop
      vertex -30.1128 8.45939 1.6
      vertex -30.45 8.68468 3.8147e-07
      vertex -30.1128 8.45939 3.8147e-07
    endloop
  endfacet
  facet normal -0.195096 0.980784 0
    outer loop
      vertex -31.1977 3.00563 3.8147e-07
      vertex -31.5954 2.92652 1.6
      vertex -31.1977 3.00563 1.6
    endloop
  endfacet
  facet normal -0.195096 0.980784 0
    outer loop
      vertex -31.5954 2.92652 1.6
      vertex -31.1977 3.00563 3.8147e-07
      vertex -31.5954 2.92652 3.8147e-07
    endloop
  endfacet
  facet normal -0.751796 0.659396 0
    outer loop
      vertex -29.808 3.80797 3.8147e-07
      vertex -29.5406 4.11284 1.6
      vertex -29.5406 4.11284 3.8147e-07
    endloop
  endfacet
  facet normal -0.751796 0.659396 0
    outer loop
      vertex -29.5406 4.11284 1.6
      vertex -29.808 3.80797 3.8147e-07
      vertex -29.808 3.80797 1.6
    endloop
  endfacet
  facet normal -0.442275 0.89688 0
    outer loop
      vertex -30.45 3.31532 3.8147e-07
      vertex -30.8137 3.13597 1.6
      vertex -30.45 3.31532 1.6
    endloop
  endfacet
  facet normal -0.442275 0.89688 0
    outer loop
      vertex -30.8137 3.13597 1.6
      vertex -30.45 3.31532 3.8147e-07
      vertex -30.8137 3.13597 3.8147e-07
    endloop
  endfacet
  facet normal 0.997862 -0.0653519 0
    outer loop
      vertex -35.1 6 1.6
      vertex -35.0735 6.40463 3.8147e-07
      vertex -35.0735 6.40463 1.6
    endloop
  endfacet
  facet normal 0.997862 -0.0653519 0
    outer loop
      vertex -35.0735 6.40463 3.8147e-07
      vertex -35.1 6 1.6
      vertex -35.1 6 3.8147e-07
    endloop
  endfacet
  facet normal -0.83145 -0.555599 0
    outer loop
      vertex -29.3153 7.55 3.8147e-07
      vertex -29.5406 7.88716 1.6
      vertex -29.5406 7.88716 3.8147e-07
    endloop
  endfacet
  facet normal -0.83145 -0.555599 0
    outer loop
      vertex -29.5406 7.88716 1.6
      vertex -29.3153 7.55 3.8147e-07
      vertex -29.3153 7.55 1.6
    endloop
  endfacet
  facet normal 0.751796 -0.659396 0
    outer loop
      vertex -34.4594 7.88716 1.6
      vertex -34.192 8.19203 3.8147e-07
      vertex -34.192 8.19203 1.6
    endloop
  endfacet
  facet normal 0.751796 -0.659396 0
    outer loop
      vertex -34.192 8.19203 3.8147e-07
      vertex -34.4594 7.88716 1.6
      vertex -34.4594 7.88716 3.8147e-07
    endloop
  endfacet
  facet normal 0.997862 0.0653519 0
    outer loop
      vertex -35.0735 5.59537 1.6
      vertex -35.1 6 3.8147e-07
      vertex -35.1 6 1.6
    endloop
  endfacet
  facet normal 0.997862 0.0653519 0
    outer loop
      vertex -35.1 6 3.8147e-07
      vertex -35.0735 5.59537 1.6
      vertex -35.0735 5.59537 3.8147e-07
    endloop
  endfacet
  facet normal 0.442275 -0.89688 0
    outer loop
      vertex -33.55 8.68468 3.8147e-07
      vertex -33.1863 8.86403 1.6
      vertex -33.55 8.68468 1.6
    endloop
  endfacet
  facet normal 0.442275 -0.89688 0
    outer loop
      vertex -33.1863 8.86403 1.6
      vertex -33.55 8.68468 3.8147e-07
      vertex -33.1863 8.86403 3.8147e-07
    endloop
  endfacet
  facet normal 0.946888 -0.321564 0
    outer loop
      vertex -34.9944 6.80234 1.6
      vertex -34.864 7.18632 3.8147e-07
      vertex -34.864 7.18632 1.6
    endloop
  endfacet
  facet normal 0.946888 -0.321564 0
    outer loop
      vertex -34.864 7.18632 3.8147e-07
      vertex -34.9944 6.80234 1.6
      vertex -34.9944 6.80234 3.8147e-07
    endloop
  endfacet
  facet normal 0.195096 -0.980784 0
    outer loop
      vertex -32.8023 8.99437 3.8147e-07
      vertex -32.4046 9.07348 1.6
      vertex -32.8023 8.99437 1.6
    endloop
  endfacet
  facet normal 0.195096 -0.980784 0
    outer loop
      vertex -32.4046 9.07348 1.6
      vertex -32.8023 8.99437 3.8147e-07
      vertex -32.4046 9.07348 3.8147e-07
    endloop
  endfacet
  facet normal -0.0654059 -0.997859 0
    outer loop
      vertex -32 9.1 3.8147e-07
      vertex -31.5954 9.07348 1.6
      vertex -32 9.1 1.6
    endloop
  endfacet
  facet normal -0.0654059 -0.997859 -0
    outer loop
      vertex -31.5954 9.07348 1.6
      vertex -32 9.1 3.8147e-07
      vertex -31.5954 9.07348 3.8147e-07
    endloop
  endfacet
  facet normal 0.0654059 0.997859 -0
    outer loop
      vertex -32 2.9 3.8147e-07
      vertex -32.4046 2.92652 1.6
      vertex -32 2.9 1.6
    endloop
  endfacet
  facet normal 0.0654059 0.997859 0
    outer loop
      vertex -32.4046 2.92652 1.6
      vertex -32 2.9 3.8147e-07
      vertex -32.4046 2.92652 3.8147e-07
    endloop
  endfacet
  facet normal 0 0 -1
    outer loop
      vertex -30.3 6 1.6
      vertex -28.9 6 1.6
      vertex -28.9265 5.59537 1.6
    endloop
  endfacet
  facet normal 0 0 -1
    outer loop
      vertex -30.3145 5.77811 1.6
      vertex -28.9265 5.59537 1.6
      vertex -29.0056 5.19766 1.6
    endloop
  endfacet
  facet normal 0 0 -1
    outer loop
      vertex -28.9 6 1.6
      vertex -30.3 6 1.6
      vertex -28.9265 6.40463 1.6
    endloop
  endfacet
  facet normal 0 0 -1
    outer loop
      vertex -30.3579 5.56001 1.6
      vertex -29.0056 5.19766 1.6
      vertex -29.136 4.81368 1.6
    endloop
  endfacet
  facet normal 0 0 -1
    outer loop
      vertex -30.3145 6.22189 1.6
      vertex -28.9265 6.40463 1.6
      vertex -30.3 6 1.6
    endloop
  endfacet
  facet normal 0 0 -1
    outer loop
      vertex -30.4294 5.34944 1.6
      vertex -29.136 4.81368 1.6
      vertex -29.3153 4.45 1.6
    endloop
  endfacet
  facet normal -0 0 -1
    outer loop
      vertex -28.9265 6.40463 1.6
      vertex -30.3145 6.22189 1.6
      vertex -29.0056 6.80234 1.6
    endloop
  endfacet
  facet normal 0 0 -1
    outer loop
      vertex -30.5278 5.15 1.6
      vertex -29.3153 4.45 1.6
      vertex -29.5406 4.11284 1.6
    endloop
  endfacet
  facet normal 0 0 -1
    outer loop
      vertex -30.3579 6.43999 1.6
      vertex -29.0056 6.80234 1.6
      vertex -30.3145 6.22189 1.6
    endloop
  endfacet
  facet normal 0 0 -1
    outer loop
      vertex -30.6513 4.96511 1.6
      vertex -29.5406 4.11284 1.6
      vertex -29.808 3.80797 1.6
    endloop
  endfacet
  facet normal -0 0 -1
    outer loop
      vertex -29.0056 6.80234 1.6
      vertex -30.3579 6.43999 1.6
      vertex -29.136 7.18632 1.6
    endloop
  endfacet
  facet normal 0 0 -1
    outer loop
      vertex -30.7979 4.79792 1.6
      vertex -29.808 3.80797 1.6
      vertex -30.1128 3.54061 1.6
    endloop
  endfacet
  facet normal 0 0 -1
    outer loop
      vertex -30.4294 6.65056 1.6
      vertex -29.136 7.18632 1.6
      vertex -30.3579 6.43999 1.6
    endloop
  endfacet
  facet normal -0 0 -1
    outer loop
      vertex -29.136 7.18632 1.6
      vertex -30.4294 6.65056 1.6
      vertex -29.3153 7.55 1.6
    endloop
  endfacet
  facet normal 0 0 -1
    outer loop
      vertex -28.9265 5.59537 1.6
      vertex -30.3145 5.77811 1.6
      vertex -30.3 6 1.6
    endloop
  endfacet
  facet normal 0 0 -1
    outer loop
      vertex -29.0056 5.19766 1.6
      vertex -30.3579 5.56001 1.6
      vertex -30.3145 5.77811 1.6
    endloop
  endfacet
  facet normal 0 0 -1
    outer loop
      vertex -29.136 4.81368 1.6
      vertex -30.4294 5.34944 1.6
      vertex -30.3579 5.56001 1.6
    endloop
  endfacet
  facet normal 0 0 -1
    outer loop
      vertex -30.9651 4.6513 1.6
      vertex -30.1128 3.54061 1.6
      vertex -30.45 3.31532 1.6
    endloop
  endfacet
  facet normal 0 0 -1
    outer loop
      vertex -29.3153 4.45 1.6
      vertex -30.5278 5.15 1.6
      vertex -30.4294 5.34944 1.6
    endloop
  endfacet
  facet normal 0 0 -1
    outer loop
      vertex -29.5406 4.11284 1.6
      vertex -30.6513 4.96511 1.6
      vertex -30.5278 5.15 1.6
    endloop
  endfacet
  facet normal 0 0 -1
    outer loop
      vertex -29.808 3.80797 1.6
      vertex -30.7979 4.79792 1.6
      vertex -30.6513 4.96511 1.6
    endloop
  endfacet
  facet normal 0 0 -1
    outer loop
      vertex -31.15 4.52776 1.6
      vertex -30.45 3.31532 1.6
      vertex -30.8137 3.13597 1.6
    endloop
  endfacet
  facet normal 0 0 -1
    outer loop
      vertex -30.1128 3.54061 1.6
      vertex -30.9651 4.6513 1.6
      vertex -30.7979 4.79792 1.6
    endloop
  endfacet
  facet normal 0 0 -1
    outer loop
      vertex -30.45 3.31532 1.6
      vertex -31.15 4.52776 1.6
      vertex -30.9651 4.6513 1.6
    endloop
  endfacet
  facet normal 0 0 -1
    outer loop
      vertex -31.3494 4.42941 1.6
      vertex -30.8137 3.13597 1.6
      vertex -31.1977 3.00563 1.6
    endloop
  endfacet
  facet normal 0 0 -1
    outer loop
      vertex -30.8137 3.13597 1.6
      vertex -31.3494 4.42941 1.6
      vertex -31.15 4.52776 1.6
    endloop
  endfacet
  facet normal 0 0 -1
    outer loop
      vertex -31.1977 3.00563 1.6
      vertex -31.56 4.35793 1.6
      vertex -31.3494 4.42941 1.6
    endloop
  endfacet
  facet normal 0 0 -1
    outer loop
      vertex -31.5954 2.92652 1.6
      vertex -31.56 4.35793 1.6
      vertex -31.1977 3.00563 1.6
    endloop
  endfacet
  facet normal 0 0 -1
    outer loop
      vertex -31.5954 2.92652 1.6
      vertex -31.7781 4.31454 1.6
      vertex -31.56 4.35793 1.6
    endloop
  endfacet
  facet normal 0 0 -1
    outer loop
      vertex -32 2.9 1.6
      vertex -31.7781 4.31454 1.6
      vertex -31.5954 2.92652 1.6
    endloop
  endfacet
  facet normal 0 0 -1
    outer loop
      vertex -32 2.9 1.6
      vertex -32 4.3 1.6
      vertex -31.7781 4.31454 1.6
    endloop
  endfacet
  facet normal 0 0 -1
    outer loop
      vertex -32 2.9 1.6
      vertex -32.2219 4.31454 1.6
      vertex -32 4.3 1.6
    endloop
  endfacet
  facet normal 0 0 -1
    outer loop
      vertex -32.4046 2.92652 1.6
      vertex -32.2219 4.31454 1.6
      vertex -32 2.9 1.6
    endloop
  endfacet
  facet normal 0 0 -1
    outer loop
      vertex -32.4046 2.92652 1.6
      vertex -32.44 4.35793 1.6
      vertex -32.2219 4.31454 1.6
    endloop
  endfacet
  facet normal 0 0 -1
    outer loop
      vertex -32.8023 3.00563 1.6
      vertex -32.44 4.35793 1.6
      vertex -32.4046 2.92652 1.6
    endloop
  endfacet
  facet normal -0 0 -1
    outer loop
      vertex -32.44 4.35793 1.6
      vertex -32.8023 3.00563 1.6
      vertex -32.6506 4.42941 1.6
    endloop
  endfacet
  facet normal 0 0 -1
    outer loop
      vertex -33.1863 3.13597 1.6
      vertex -32.6506 4.42941 1.6
      vertex -32.8023 3.00563 1.6
    endloop
  endfacet
  facet normal -0 0 -1
    outer loop
      vertex -32.6506 4.42941 1.6
      vertex -33.1863 3.13597 1.6
      vertex -32.85 4.52776 1.6
    endloop
  endfacet
  facet normal 0 0 -1
    outer loop
      vertex -33.55 3.31532 1.6
      vertex -32.85 4.52776 1.6
      vertex -33.1863 3.13597 1.6
    endloop
  endfacet
  facet normal -0 0 -1
    outer loop
      vertex -32.85 4.52776 1.6
      vertex -33.55 3.31532 1.6
      vertex -33.0349 4.6513 1.6
    endloop
  endfacet
  facet normal 0 0 -1
    outer loop
      vertex -33.8872 3.54061 1.6
      vertex -33.0349 4.6513 1.6
      vertex -33.55 3.31532 1.6
    endloop
  endfacet
  facet normal -0 0 -1
    outer loop
      vertex -33.0349 4.6513 1.6
      vertex -33.8872 3.54061 1.6
      vertex -33.2021 4.79792 1.6
    endloop
  endfacet
  facet normal 0 0 -1
    outer loop
      vertex -34.192 3.80797 1.6
      vertex -33.2021 4.79792 1.6
      vertex -33.8872 3.54061 1.6
    endloop
  endfacet
  facet normal -0 0 -1
    outer loop
      vertex -33.2021 4.79792 1.6
      vertex -34.192 3.80797 1.6
      vertex -33.3487 4.96511 1.6
    endloop
  endfacet
  facet normal 0 0 -1
    outer loop
      vertex -34.4594 4.11284 1.6
      vertex -33.3487 4.96511 1.6
      vertex -34.192 3.80797 1.6
    endloop
  endfacet
  facet normal -0 0 -1
    outer loop
      vertex -33.3487 4.96511 1.6
      vertex -34.4594 4.11284 1.6
      vertex -33.4722 5.15 1.6
    endloop
  endfacet
  facet normal 0 0 -1
    outer loop
      vertex -34.6847 4.45 1.6
      vertex -33.4722 5.15 1.6
      vertex -34.4594 4.11284 1.6
    endloop
  endfacet
  facet normal -0 0 -1
    outer loop
      vertex -33.4722 5.15 1.6
      vertex -34.6847 4.45 1.6
      vertex -33.5706 5.34944 1.6
    endloop
  endfacet
  facet normal 0 0 -1
    outer loop
      vertex -30.5278 6.85 1.6
      vertex -29.3153 7.55 1.6
      vertex -30.4294 6.65056 1.6
    endloop
  endfacet
  facet normal -0 0 -1
    outer loop
      vertex -29.3153 7.55 1.6
      vertex -30.5278 6.85 1.6
      vertex -29.5406 7.88716 1.6
    endloop
  endfacet
  facet normal 0 0 -1
    outer loop
      vertex -30.6513 7.03489 1.6
      vertex -29.5406 7.88716 1.6
      vertex -30.5278 6.85 1.6
    endloop
  endfacet
  facet normal -0 0 -1
    outer loop
      vertex -29.5406 7.88716 1.6
      vertex -30.6513 7.03489 1.6
      vertex -29.808 8.19203 1.6
    endloop
  endfacet
  facet normal 0 0 -1
    outer loop
      vertex -30.7979 7.20208 1.6
      vertex -29.808 8.19203 1.6
      vertex -30.6513 7.03489 1.6
    endloop
  endfacet
  facet normal -0 0 -1
    outer loop
      vertex -29.808 8.19203 1.6
      vertex -30.7979 7.20208 1.6
      vertex -30.1128 8.45939 1.6
    endloop
  endfacet
  facet normal 0 0 -1
    outer loop
      vertex -30.9651 7.3487 1.6
      vertex -30.1128 8.45939 1.6
      vertex -30.7979 7.20208 1.6
    endloop
  endfacet
  facet normal -0 0 -1
    outer loop
      vertex -30.1128 8.45939 1.6
      vertex -30.9651 7.3487 1.6
      vertex -30.45 8.68468 1.6
    endloop
  endfacet
  facet normal 0 0 -1
    outer loop
      vertex -31.15 7.47224 1.6
      vertex -30.45 8.68468 1.6
      vertex -30.9651 7.3487 1.6
    endloop
  endfacet
  facet normal -0 0 -1
    outer loop
      vertex -30.45 8.68468 1.6
      vertex -31.15 7.47224 1.6
      vertex -30.8137 8.86403 1.6
    endloop
  endfacet
  facet normal 0 0 -1
    outer loop
      vertex -31.3494 7.57059 1.6
      vertex -30.8137 8.86403 1.6
      vertex -31.15 7.47224 1.6
    endloop
  endfacet
  facet normal -0 0 -1
    outer loop
      vertex -30.8137 8.86403 1.6
      vertex -31.3494 7.57059 1.6
      vertex -31.1977 8.99437 1.6
    endloop
  endfacet
  facet normal 0 0 -1
    outer loop
      vertex -31.56 7.64207 1.6
      vertex -31.1977 8.99437 1.6
      vertex -31.3494 7.57059 1.6
    endloop
  endfacet
  facet normal 0 0 -1
    outer loop
      vertex -31.56 7.64207 1.6
      vertex -31.5954 9.07348 1.6
      vertex -31.1977 8.99437 1.6
    endloop
  endfacet
  facet normal 0 0 -1
    outer loop
      vertex -31.7781 7.68546 1.6
      vertex -31.5954 9.07348 1.6
      vertex -31.56 7.64207 1.6
    endloop
  endfacet
  facet normal 0 0 -1
    outer loop
      vertex -32 7.7 1.6
      vertex -31.5954 9.07348 1.6
      vertex -31.7781 7.68546 1.6
    endloop
  endfacet
  facet normal 0 0 -1
    outer loop
      vertex -32 7.7 1.6
      vertex -32 9.1 1.6
      vertex -31.5954 9.07348 1.6
    endloop
  endfacet
  facet normal 0 0 -1
    outer loop
      vertex -32.2219 7.68546 1.6
      vertex -32 9.1 1.6
      vertex -32 7.7 1.6
    endloop
  endfacet
  facet normal 0 0 -1
    outer loop
      vertex -32.2219 7.68546 1.6
      vertex -32.4046 9.07348 1.6
      vertex -32 9.1 1.6
    endloop
  endfacet
  facet normal 0 0 -1
    outer loop
      vertex -32.44 7.64207 1.6
      vertex -32.4046 9.07348 1.6
      vertex -32.2219 7.68546 1.6
    endloop
  endfacet
  facet normal 0 0 -1
    outer loop
      vertex -32.8023 8.99437 1.6
      vertex -32.44 7.64207 1.6
      vertex -32.6506 7.57059 1.6
    endloop
  endfacet
  facet normal 0 0 -1
    outer loop
      vertex -32.44 7.64207 1.6
      vertex -32.8023 8.99437 1.6
      vertex -32.4046 9.07348 1.6
    endloop
  endfacet
  facet normal 0 0 -1
    outer loop
      vertex -33.1863 8.86403 1.6
      vertex -32.6506 7.57059 1.6
      vertex -32.85 7.47224 1.6
    endloop
  endfacet
  facet normal 0 0 -1
    outer loop
      vertex -33.55 8.68468 1.6
      vertex -32.85 7.47224 1.6
      vertex -33.0349 7.3487 1.6
    endloop
  endfacet
  facet normal 0 0 -1
    outer loop
      vertex -32.6506 7.57059 1.6
      vertex -33.1863 8.86403 1.6
      vertex -32.8023 8.99437 1.6
    endloop
  endfacet
  facet normal 0 0 -1
    outer loop
      vertex -33.8872 8.45939 1.6
      vertex -33.0349 7.3487 1.6
      vertex -33.2021 7.20208 1.6
    endloop
  endfacet
  facet normal 0 0 -1
    outer loop
      vertex -34.192 8.19203 1.6
      vertex -33.2021 7.20208 1.6
      vertex -33.3487 7.03489 1.6
    endloop
  endfacet
  facet normal 0 0 -1
    outer loop
      vertex -34.4594 7.88716 1.6
      vertex -33.3487 7.03489 1.6
      vertex -33.4722 6.85 1.6
    endloop
  endfacet
  facet normal 0 0 -1
    outer loop
      vertex -32.85 7.47224 1.6
      vertex -33.55 8.68468 1.6
      vertex -33.1863 8.86403 1.6
    endloop
  endfacet
  facet normal 0 0 -1
    outer loop
      vertex -34.6847 7.55 1.6
      vertex -33.4722 6.85 1.6
      vertex -33.5706 6.65056 1.6
    endloop
  endfacet
  facet normal 0 0 -1
    outer loop
      vertex -34.864 7.18632 1.6
      vertex -33.5706 6.65056 1.6
      vertex -33.6421 6.43999 1.6
    endloop
  endfacet
  facet normal 0 0 -1
    outer loop
      vertex -34.9944 6.80234 1.6
      vertex -33.6421 6.43999 1.6
      vertex -33.6855 6.22189 1.6
    endloop
  endfacet
  facet normal 0 0 -1
    outer loop
      vertex -35.0735 6.40463 1.6
      vertex -33.6855 6.22189 1.6
      vertex -33.7 6 1.6
    endloop
  endfacet
  facet normal 0 0 -1
    outer loop
      vertex -34.864 4.81368 1.6
      vertex -33.5706 5.34944 1.6
      vertex -34.6847 4.45 1.6
    endloop
  endfacet
  facet normal 0 0 -1
    outer loop
      vertex -33.0349 7.3487 1.6
      vertex -33.8872 8.45939 1.6
      vertex -33.55 8.68468 1.6
    endloop
  endfacet
  facet normal -0 0 -1
    outer loop
      vertex -33.5706 5.34944 1.6
      vertex -34.864 4.81368 1.6
      vertex -33.6421 5.56001 1.6
    endloop
  endfacet
  facet normal 0 0 -1
    outer loop
      vertex -33.2021 7.20208 1.6
      vertex -34.192 8.19203 1.6
      vertex -33.8872 8.45939 1.6
    endloop
  endfacet
  facet normal 0 0 -1
    outer loop
      vertex -34.9944 5.19766 1.6
      vertex -33.6421 5.56001 1.6
      vertex -34.864 4.81368 1.6
    endloop
  endfacet
  facet normal 0 0 -1
    outer loop
      vertex -33.3487 7.03489 1.6
      vertex -34.4594 7.88716 1.6
      vertex -34.192 8.19203 1.6
    endloop
  endfacet
  facet normal -0 0 -1
    outer loop
      vertex -33.6421 5.56001 1.6
      vertex -34.9944 5.19766 1.6
      vertex -33.6855 5.77811 1.6
    endloop
  endfacet
  facet normal 0 0 -1
    outer loop
      vertex -33.4722 6.85 1.6
      vertex -34.6847 7.55 1.6
      vertex -34.4594 7.88716 1.6
    endloop
  endfacet
  facet normal 0 0 -1
    outer loop
      vertex -35.0735 5.59537 1.6
      vertex -33.6855 5.77811 1.6
      vertex -34.9944 5.19766 1.6
    endloop
  endfacet
  facet normal 0 0 -1
    outer loop
      vertex -33.5706 6.65056 1.6
      vertex -34.864 7.18632 1.6
      vertex -34.6847 7.55 1.6
    endloop
  endfacet
  facet normal -0 0 -1
    outer loop
      vertex -33.6855 5.77811 1.6
      vertex -35.0735 5.59537 1.6
      vertex -33.7 6 1.6
    endloop
  endfacet
  facet normal 0 0 -1
    outer loop
      vertex -33.6421 6.43999 1.6
      vertex -34.9944 6.80234 1.6
      vertex -34.864 7.18632 1.6
    endloop
  endfacet
  facet normal 0 0 -1
    outer loop
      vertex -35.1 6 1.6
      vertex -33.7 6 1.6
      vertex -35.0735 5.59537 1.6
    endloop
  endfacet
  facet normal 0 0 -1
    outer loop
      vertex -33.6855 6.22189 1.6
      vertex -35.0735 6.40463 1.6
      vertex -34.9944 6.80234 1.6
    endloop
  endfacet
  facet normal 0 0 -1
    outer loop
      vertex -33.7 6 1.6
      vertex -35.1 6 1.6
      vertex -35.0735 6.40463 1.6
    endloop
  endfacet
  facet normal 0.896919 0.442195 0
    outer loop
      vertex -34.6847 4.45 1.6
      vertex -34.864 4.81368 3.8147e-07
      vertex -34.864 4.81368 1.6
    endloop
  endfacet
  facet normal 0.896919 0.442195 0
    outer loop
      vertex -34.864 4.81368 3.8147e-07
      vertex -34.6847 4.45 1.6
      vertex -34.6847 4.45 3.8147e-07
    endloop
  endfacet
  facet normal 0.83145 0.555599 0
    outer loop
      vertex -34.4594 4.11284 1.6
      vertex -34.6847 4.45 3.8147e-07
      vertex -34.6847 4.45 1.6
    endloop
  endfacet
  facet normal 0.83145 0.555599 0
    outer loop
      vertex -34.6847 4.45 3.8147e-07
      vertex -34.4594 4.11284 1.6
      vertex -34.4594 4.11284 3.8147e-07
    endloop
  endfacet
  facet normal 0.555536 -0.831492 0
    outer loop
      vertex -33.8872 8.45939 3.8147e-07
      vertex -33.55 8.68468 1.6
      vertex -33.8872 8.45939 1.6
    endloop
  endfacet
  facet normal 0.555536 -0.831492 0
    outer loop
      vertex -33.55 8.68468 1.6
      vertex -33.8872 8.45939 3.8147e-07
      vertex -33.55 8.68468 3.8147e-07
    endloop
  endfacet
  facet normal -0.98077 0.195165 0
    outer loop
      vertex -30.3579 77.56 1.6
      vertex -30.3145 77.7781 2.4
      vertex -30.3145 77.7781 1.6
    endloop
  endfacet
  facet normal -0.98077 0.195165 0
    outer loop
      vertex -30.3145 77.7781 2.4
      vertex -30.3579 77.56 1.6
      vertex -30.3579 77.56 2.4
    endloop
  endfacet
  facet normal -0.997872 0.0652057 0
    outer loop
      vertex -30.3145 77.7781 1.6
      vertex -30.3 78 2.4
      vertex -30.3 78 1.6
    endloop
  endfacet
  facet normal -0.997872 0.0652057 0
    outer loop
      vertex -30.3 78 2.4
      vertex -30.3145 77.7781 1.6
      vertex -30.3145 77.7781 2.4
    endloop
  endfacet
  facet normal -0.0652057 -0.997872 0
    outer loop
      vertex -32 79.7 1.6
      vertex -31.7781 79.6855 2.4
      vertex -32 79.7 2.4
    endloop
  endfacet
  facet normal -0.0652057 -0.997872 -0
    outer loop
      vertex -31.7781 79.6855 2.4
      vertex -32 79.7 1.6
      vertex -31.7781 79.6855 1.6
    endloop
  endfacet
  facet normal 0.659268 0.751908 -0
    outer loop
      vertex -33.0349 76.6513 1.6
      vertex -33.2021 76.7979 2.4
      vertex -33.0349 76.6513 2.4
    endloop
  endfacet
  facet normal 0.659268 0.751908 0
    outer loop
      vertex -33.2021 76.7979 2.4
      vertex -33.0349 76.6513 1.6
      vertex -33.2021 76.7979 1.6
    endloop
  endfacet
  facet normal 0.831566 -0.555426 0
    outer loop
      vertex -33.4722 78.85 2.4
      vertex -33.3487 79.0349 1.6
      vertex -33.3487 79.0349 2.4
    endloop
  endfacet
  facet normal 0.831566 -0.555426 0
    outer loop
      vertex -33.3487 79.0349 1.6
      vertex -33.4722 78.85 2.4
      vertex -33.4722 78.85 1.6
    endloop
  endfacet
  facet normal 0.195165 -0.98077 0
    outer loop
      vertex -32.44 79.6421 1.6
      vertex -32.2219 79.6855 2.4
      vertex -32.44 79.6421 2.4
    endloop
  endfacet
  facet normal 0.195165 -0.98077 0
    outer loop
      vertex -32.2219 79.6855 2.4
      vertex -32.44 79.6421 1.6
      vertex -32.2219 79.6855 1.6
    endloop
  endfacet
  facet normal -0.659268 0.751908 0
    outer loop
      vertex -30.7979 76.7979 1.6
      vertex -30.9651 76.6513 2.4
      vertex -30.7979 76.7979 2.4
    endloop
  endfacet
  facet normal -0.659268 0.751908 0
    outer loop
      vertex -30.9651 76.6513 2.4
      vertex -30.7979 76.7979 1.6
      vertex -30.9651 76.6513 1.6
    endloop
  endfacet
  facet normal -0.946915 -0.321484 0
    outer loop
      vertex -30.3579 78.44 1.6
      vertex -30.4294 78.6506 2.4
      vertex -30.4294 78.6506 1.6
    endloop
  endfacet
  facet normal -0.946915 -0.321484 0
    outer loop
      vertex -30.4294 78.6506 2.4
      vertex -30.3579 78.44 1.6
      vertex -30.3579 78.44 2.4
    endloop
  endfacet
  facet normal -0.751908 -0.659268 0
    outer loop
      vertex -30.6513 79.0349 1.6
      vertex -30.7979 79.2021 2.4
      vertex -30.7979 79.2021 1.6
    endloop
  endfacet
  facet normal -0.751908 -0.659268 0
    outer loop
      vertex -30.7979 79.2021 2.4
      vertex -30.6513 79.0349 1.6
      vertex -30.6513 79.0349 2.4
    endloop
  endfacet
  facet normal -0.751908 0.659268 0
    outer loop
      vertex -30.7979 76.7979 1.6
      vertex -30.6513 76.9651 2.4
      vertex -30.6513 76.9651 1.6
    endloop
  endfacet
  facet normal -0.751908 0.659268 0
    outer loop
      vertex -30.6513 76.9651 2.4
      vertex -30.7979 76.7979 1.6
      vertex -30.7979 76.7979 2.4
    endloop
  endfacet
  facet normal 0.946915 -0.321484 0
    outer loop
      vertex -33.6421 78.44 2.4
      vertex -33.5706 78.6506 1.6
      vertex -33.5706 78.6506 2.4
    endloop
  endfacet
  facet normal 0.946915 -0.321484 0
    outer loop
      vertex -33.5706 78.6506 1.6
      vertex -33.6421 78.44 2.4
      vertex -33.6421 78.44 1.6
    endloop
  endfacet
  facet normal -0.321484 -0.946915 0
    outer loop
      vertex -31.56 79.6421 1.6
      vertex -31.3494 79.5706 2.4
      vertex -31.56 79.6421 2.4
    endloop
  endfacet
  facet normal -0.321484 -0.946915 -0
    outer loop
      vertex -31.3494 79.5706 2.4
      vertex -31.56 79.6421 1.6
      vertex -31.3494 79.5706 1.6
    endloop
  endfacet
  facet normal 0.0652057 -0.997872 0
    outer loop
      vertex -32.2219 79.6855 1.6
      vertex -32 79.7 2.4
      vertex -32.2219 79.6855 2.4
    endloop
  endfacet
  facet normal 0.0652057 -0.997872 0
    outer loop
      vertex -32 79.7 2.4
      vertex -32.2219 79.6855 1.6
      vertex -32 79.7 1.6
    endloop
  endfacet
  facet normal 0.321484 0.946915 -0
    outer loop
      vertex -32.44 76.3579 1.6
      vertex -32.6506 76.4294 2.4
      vertex -32.44 76.3579 2.4
    endloop
  endfacet
  facet normal 0.321484 0.946915 0
    outer loop
      vertex -32.6506 76.4294 2.4
      vertex -32.44 76.3579 1.6
      vertex -32.6506 76.4294 1.6
    endloop
  endfacet
  facet normal -0.946915 0.321484 0
    outer loop
      vertex -30.4294 77.3494 1.6
      vertex -30.3579 77.56 2.4
      vertex -30.3579 77.56 1.6
    endloop
  endfacet
  facet normal -0.946915 0.321484 0
    outer loop
      vertex -30.3579 77.56 2.4
      vertex -30.4294 77.3494 1.6
      vertex -30.4294 77.3494 2.4
    endloop
  endfacet
  facet normal 0.751908 0.659268 0
    outer loop
      vertex -33.2021 76.7979 2.4
      vertex -33.3487 76.9651 1.6
      vertex -33.3487 76.9651 2.4
    endloop
  endfacet
  facet normal 0.751908 0.659268 0
    outer loop
      vertex -33.3487 76.9651 1.6
      vertex -33.2021 76.7979 2.4
      vertex -33.2021 76.7979 1.6
    endloop
  endfacet
  facet normal 0.44253 -0.896754 0
    outer loop
      vertex -32.85 79.4722 1.6
      vertex -32.6506 79.5706 2.4
      vertex -32.85 79.4722 2.4
    endloop
  endfacet
  facet normal 0.44253 -0.896754 0
    outer loop
      vertex -32.6506 79.5706 2.4
      vertex -32.85 79.4722 1.6
      vertex -32.6506 79.5706 1.6
    endloop
  endfacet
  facet normal 0.0652057 0.997872 -0
    outer loop
      vertex -32 76.3 1.6
      vertex -32.2219 76.3145 2.4
      vertex -32 76.3 2.4
    endloop
  endfacet
  facet normal 0.0652057 0.997872 0
    outer loop
      vertex -32.2219 76.3145 2.4
      vertex -32 76.3 1.6
      vertex -32.2219 76.3145 1.6
    endloop
  endfacet
  facet normal -0.896754 -0.44253 0
    outer loop
      vertex -30.4294 78.6506 1.6
      vertex -30.5278 78.85 2.4
      vertex -30.5278 78.85 1.6
    endloop
  endfacet
  facet normal -0.896754 -0.44253 0
    outer loop
      vertex -30.5278 78.85 2.4
      vertex -30.4294 78.6506 1.6
      vertex -30.4294 78.6506 2.4
    endloop
  endfacet
  facet normal -0.555426 -0.831566 0
    outer loop
      vertex -31.15 79.4722 1.6
      vertex -30.9651 79.3487 2.4
      vertex -31.15 79.4722 2.4
    endloop
  endfacet
  facet normal -0.555426 -0.831566 -0
    outer loop
      vertex -30.9651 79.3487 2.4
      vertex -31.15 79.4722 1.6
      vertex -30.9651 79.3487 1.6
    endloop
  endfacet
  facet normal 0.98077 -0.195165 0
    outer loop
      vertex -33.6855 78.2219 2.4
      vertex -33.6421 78.44 1.6
      vertex -33.6421 78.44 2.4
    endloop
  endfacet
  facet normal 0.98077 -0.195165 0
    outer loop
      vertex -33.6421 78.44 1.6
      vertex -33.6855 78.2219 2.4
      vertex -33.6855 78.2219 1.6
    endloop
  endfacet
  facet normal -0.195165 0.98077 0
    outer loop
      vertex -31.56 76.3579 1.6
      vertex -31.7781 76.3145 2.4
      vertex -31.56 76.3579 2.4
    endloop
  endfacet
  facet normal -0.195165 0.98077 0
    outer loop
      vertex -31.7781 76.3145 2.4
      vertex -31.56 76.3579 1.6
      vertex -31.7781 76.3145 1.6
    endloop
  endfacet
  facet normal -0.831566 0.555426 0
    outer loop
      vertex -30.6513 76.9651 1.6
      vertex -30.5278 77.15 2.4
      vertex -30.5278 77.15 1.6
    endloop
  endfacet
  facet normal -0.831566 0.555426 0
    outer loop
      vertex -30.5278 77.15 2.4
      vertex -30.6513 76.9651 1.6
      vertex -30.6513 76.9651 2.4
    endloop
  endfacet
  facet normal -0.997872 -0.0652057 0
    outer loop
      vertex -30.3 78 1.6
      vertex -30.3145 78.2219 2.4
      vertex -30.3145 78.2219 1.6
    endloop
  endfacet
  facet normal -0.997872 -0.0652057 0
    outer loop
      vertex -30.3145 78.2219 2.4
      vertex -30.3 78 1.6
      vertex -30.3 78 2.4
    endloop
  endfacet
  facet normal -0.321484 0.946915 0
    outer loop
      vertex -31.3494 76.4294 1.6
      vertex -31.56 76.3579 2.4
      vertex -31.3494 76.4294 2.4
    endloop
  endfacet
  facet normal -0.321484 0.946915 0
    outer loop
      vertex -31.56 76.3579 2.4
      vertex -31.3494 76.4294 1.6
      vertex -31.56 76.3579 1.6
    endloop
  endfacet
  facet normal -0.555426 0.831566 0
    outer loop
      vertex -30.9651 76.6513 1.6
      vertex -31.15 76.5278 2.4
      vertex -30.9651 76.6513 2.4
    endloop
  endfacet
  facet normal -0.555426 0.831566 0
    outer loop
      vertex -31.15 76.5278 2.4
      vertex -30.9651 76.6513 1.6
      vertex -31.15 76.5278 1.6
    endloop
  endfacet
  facet normal 0.195165 0.98077 -0
    outer loop
      vertex -32.2219 76.3145 1.6
      vertex -32.44 76.3579 2.4
      vertex -32.2219 76.3145 2.4
    endloop
  endfacet
  facet normal 0.195165 0.98077 0
    outer loop
      vertex -32.44 76.3579 2.4
      vertex -32.2219 76.3145 1.6
      vertex -32.44 76.3579 1.6
    endloop
  endfacet
  facet normal -0.659268 -0.751908 0
    outer loop
      vertex -30.9651 79.3487 1.6
      vertex -30.7979 79.2021 2.4
      vertex -30.9651 79.3487 2.4
    endloop
  endfacet
  facet normal -0.659268 -0.751908 -0
    outer loop
      vertex -30.7979 79.2021 2.4
      vertex -30.9651 79.3487 1.6
      vertex -30.7979 79.2021 1.6
    endloop
  endfacet
  facet normal 0.896754 0.44253 0
    outer loop
      vertex -33.4722 77.15 2.4
      vertex -33.5706 77.3494 1.6
      vertex -33.5706 77.3494 2.4
    endloop
  endfacet
  facet normal 0.896754 0.44253 0
    outer loop
      vertex -33.5706 77.3494 1.6
      vertex -33.4722 77.15 2.4
      vertex -33.4722 77.15 1.6
    endloop
  endfacet
  facet normal -0.98077 -0.195165 0
    outer loop
      vertex -30.3145 78.2219 1.6
      vertex -30.3579 78.44 2.4
      vertex -30.3579 78.44 1.6
    endloop
  endfacet
  facet normal -0.98077 -0.195165 0
    outer loop
      vertex -30.3579 78.44 2.4
      vertex -30.3145 78.2219 1.6
      vertex -30.3145 78.2219 2.4
    endloop
  endfacet
  facet normal -0.195165 -0.98077 0
    outer loop
      vertex -31.7781 79.6855 1.6
      vertex -31.56 79.6421 2.4
      vertex -31.7781 79.6855 2.4
    endloop
  endfacet
  facet normal -0.195165 -0.98077 -0
    outer loop
      vertex -31.56 79.6421 2.4
      vertex -31.7781 79.6855 1.6
      vertex -31.56 79.6421 1.6
    endloop
  endfacet
  facet normal 0.659268 -0.751908 0
    outer loop
      vertex -33.2021 79.2021 1.6
      vertex -33.0349 79.3487 2.4
      vertex -33.2021 79.2021 2.4
    endloop
  endfacet
  facet normal 0.659268 -0.751908 0
    outer loop
      vertex -33.0349 79.3487 2.4
      vertex -33.2021 79.2021 1.6
      vertex -33.0349 79.3487 1.6
    endloop
  endfacet
  facet normal 0.751908 -0.659268 0
    outer loop
      vertex -33.3487 79.0349 2.4
      vertex -33.2021 79.2021 1.6
      vertex -33.2021 79.2021 2.4
    endloop
  endfacet
  facet normal 0.751908 -0.659268 0
    outer loop
      vertex -33.2021 79.2021 1.6
      vertex -33.3487 79.0349 2.4
      vertex -33.3487 79.0349 1.6
    endloop
  endfacet
  facet normal -0.0652057 0.997872 0
    outer loop
      vertex -31.7781 76.3145 1.6
      vertex -32 76.3 2.4
      vertex -31.7781 76.3145 2.4
    endloop
  endfacet
  facet normal -0.0652057 0.997872 0
    outer loop
      vertex -32 76.3 2.4
      vertex -31.7781 76.3145 1.6
      vertex -32 76.3 1.6
    endloop
  endfacet
  facet normal -0.44253 0.896754 0
    outer loop
      vertex -31.15 76.5278 1.6
      vertex -31.3494 76.4294 2.4
      vertex -31.15 76.5278 2.4
    endloop
  endfacet
  facet normal -0.44253 0.896754 0
    outer loop
      vertex -31.3494 76.4294 2.4
      vertex -31.15 76.5278 1.6
      vertex -31.3494 76.4294 1.6
    endloop
  endfacet
  facet normal -0.831566 -0.555426 0
    outer loop
      vertex -30.5278 78.85 1.6
      vertex -30.6513 79.0349 2.4
      vertex -30.6513 79.0349 1.6
    endloop
  endfacet
  facet normal -0.831566 -0.555426 0
    outer loop
      vertex -30.6513 79.0349 2.4
      vertex -30.5278 78.85 1.6
      vertex -30.5278 78.85 2.4
    endloop
  endfacet
  facet normal 0.997872 -0.0652057 0
    outer loop
      vertex -33.7 78 2.4
      vertex -33.6855 78.2219 1.6
      vertex -33.6855 78.2219 2.4
    endloop
  endfacet
  facet normal 0.997872 -0.0652057 0
    outer loop
      vertex -33.6855 78.2219 1.6
      vertex -33.7 78 2.4
      vertex -33.7 78 1.6
    endloop
  endfacet
  facet normal -0.44253 -0.896754 0
    outer loop
      vertex -31.3494 79.5706 1.6
      vertex -31.15 79.4722 2.4
      vertex -31.3494 79.5706 2.4
    endloop
  endfacet
  facet normal -0.44253 -0.896754 -0
    outer loop
      vertex -31.15 79.4722 2.4
      vertex -31.3494 79.5706 1.6
      vertex -31.15 79.4722 1.6
    endloop
  endfacet
  facet normal 0.98077 0.195165 0
    outer loop
      vertex -33.6421 77.56 2.4
      vertex -33.6855 77.7781 1.6
      vertex -33.6855 77.7781 2.4
    endloop
  endfacet
  facet normal 0.98077 0.195165 0
    outer loop
      vertex -33.6855 77.7781 1.6
      vertex -33.6421 77.56 2.4
      vertex -33.6421 77.56 1.6
    endloop
  endfacet
  facet normal 0.896754 -0.44253 0
    outer loop
      vertex -33.5706 78.6506 2.4
      vertex -33.4722 78.85 1.6
      vertex -33.4722 78.85 2.4
    endloop
  endfacet
  facet normal 0.896754 -0.44253 0
    outer loop
      vertex -33.4722 78.85 1.6
      vertex -33.5706 78.6506 2.4
      vertex -33.5706 78.6506 1.6
    endloop
  endfacet
  facet normal 0.946915 0.321484 0
    outer loop
      vertex -33.5706 77.3494 2.4
      vertex -33.6421 77.56 1.6
      vertex -33.6421 77.56 2.4
    endloop
  endfacet
  facet normal 0.946915 0.321484 0
    outer loop
      vertex -33.6421 77.56 1.6
      vertex -33.5706 77.3494 2.4
      vertex -33.5706 77.3494 1.6
    endloop
  endfacet
  facet normal 0.555426 0.831566 -0
    outer loop
      vertex -32.85 76.5278 1.6
      vertex -33.0349 76.6513 2.4
      vertex -32.85 76.5278 2.4
    endloop
  endfacet
  facet normal 0.555426 0.831566 0
    outer loop
      vertex -33.0349 76.6513 2.4
      vertex -32.85 76.5278 1.6
      vertex -33.0349 76.6513 1.6
    endloop
  endfacet
  facet normal -0.896754 0.44253 0
    outer loop
      vertex -30.5278 77.15 1.6
      vertex -30.4294 77.3494 2.4
      vertex -30.4294 77.3494 1.6
    endloop
  endfacet
  facet normal -0.896754 0.44253 0
    outer loop
      vertex -30.4294 77.3494 2.4
      vertex -30.5278 77.15 1.6
      vertex -30.5278 77.15 2.4
    endloop
  endfacet
  facet normal 0.997872 0.0652057 0
    outer loop
      vertex -33.6855 77.7781 2.4
      vertex -33.7 78 1.6
      vertex -33.7 78 2.4
    endloop
  endfacet
  facet normal 0.997872 0.0652057 0
    outer loop
      vertex -33.7 78 1.6
      vertex -33.6855 77.7781 2.4
      vertex -33.6855 77.7781 1.6
    endloop
  endfacet
  facet normal 0.321484 -0.946915 0
    outer loop
      vertex -32.6506 79.5706 1.6
      vertex -32.44 79.6421 2.4
      vertex -32.6506 79.5706 2.4
    endloop
  endfacet
  facet normal 0.321484 -0.946915 0
    outer loop
      vertex -32.44 79.6421 2.4
      vertex -32.6506 79.5706 1.6
      vertex -32.44 79.6421 1.6
    endloop
  endfacet
  facet normal 0.44253 0.896754 -0
    outer loop
      vertex -32.6506 76.4294 1.6
      vertex -32.85 76.5278 2.4
      vertex -32.6506 76.4294 2.4
    endloop
  endfacet
  facet normal 0.44253 0.896754 0
    outer loop
      vertex -32.85 76.5278 2.4
      vertex -32.6506 76.4294 1.6
      vertex -32.85 76.5278 1.6
    endloop
  endfacet
  facet normal 0.831566 0.555426 0
    outer loop
      vertex -33.3487 76.9651 2.4
      vertex -33.4722 77.15 1.6
      vertex -33.4722 77.15 2.4
    endloop
  endfacet
  facet normal 0.831566 0.555426 0
    outer loop
      vertex -33.4722 77.15 1.6
      vertex -33.3487 76.9651 2.4
      vertex -33.3487 76.9651 1.6
    endloop
  endfacet
  facet normal 0.555426 -0.831566 0
    outer loop
      vertex -33.0349 79.3487 1.6
      vertex -32.85 79.4722 2.4
      vertex -33.0349 79.3487 2.4
    endloop
  endfacet
  facet normal 0.555426 -0.831566 0
    outer loop
      vertex -32.85 79.4722 2.4
      vertex -33.0349 79.3487 1.6
      vertex -32.85 79.4722 1.6
    endloop
  endfacet
  facet normal 0.896928 -0.442176 0
    outer loop
      vertex -34.864 79.1863 1.6
      vertex -34.6847 79.55 3.8147e-07
      vertex -34.6847 79.55 1.6
    endloop
  endfacet
  facet normal 0.896928 -0.442176 0
    outer loop
      vertex -34.6847 79.55 3.8147e-07
      vertex -34.864 79.1863 1.6
      vertex -34.864 79.1863 3.8147e-07
    endloop
  endfacet
  facet normal -0.442176 -0.896928 0
    outer loop
      vertex -30.8137 80.864 3.8147e-07
      vertex -30.45 80.6847 1.6
      vertex -30.8137 80.864 1.6
    endloop
  endfacet
  facet normal -0.442176 -0.896928 -0
    outer loop
      vertex -30.45 80.6847 1.6
      vertex -30.8137 80.864 3.8147e-07
      vertex -30.45 80.6847 3.8147e-07
    endloop
  endfacet
  facet normal -0.980789 0.195073 0
    outer loop
      vertex -29.0056 77.1977 3.8147e-07
      vertex -28.9265 77.5954 1.6
      vertex -28.9265 77.5954 3.8147e-07
    endloop
  endfacet
  facet normal -0.980789 0.195073 0
    outer loop
      vertex -28.9265 77.5954 1.6
      vertex -29.0056 77.1977 3.8147e-07
      vertex -29.0056 77.1977 1.6
    endloop
  endfacet
  facet normal -0.997862 0.0653568 0
    outer loop
      vertex -28.9265 77.5954 3.8147e-07
      vertex -28.9 78 1.6
      vertex -28.9 78 3.8147e-07
    endloop
  endfacet
  facet normal -0.997862 0.0653568 0
    outer loop
      vertex -28.9 78 1.6
      vertex -28.9265 77.5954 3.8147e-07
      vertex -28.9265 77.5954 1.6
    endloop
  endfacet
  facet normal -0.946893 0.321549 0
    outer loop
      vertex -29.136 76.8137 3.8147e-07
      vertex -29.0056 77.1977 1.6
      vertex -29.0056 77.1977 3.8147e-07
    endloop
  endfacet
  facet normal -0.946893 0.321549 0
    outer loop
      vertex -29.0056 77.1977 1.6
      vertex -29.136 76.8137 3.8147e-07
      vertex -29.136 76.8137 1.6
    endloop
  endfacet
  facet normal -0.751721 -0.659482 0
    outer loop
      vertex -29.5406 79.8872 3.8147e-07
      vertex -29.808 80.192 1.6
      vertex -29.808 80.192 3.8147e-07
    endloop
  endfacet
  facet normal -0.751721 -0.659482 0
    outer loop
      vertex -29.808 80.192 1.6
      vertex -29.5406 79.8872 3.8147e-07
      vertex -29.5406 79.8872 1.6
    endloop
  endfacet
  facet normal -0.321549 0.946893 0
    outer loop
      vertex -30.8137 75.136 3.8147e-07
      vertex -31.1977 75.0056 1.6
      vertex -30.8137 75.136 1.6
    endloop
  endfacet
  facet normal -0.321549 0.946893 0
    outer loop
      vertex -31.1977 75.0056 1.6
      vertex -30.8137 75.136 3.8147e-07
      vertex -31.1977 75.0056 3.8147e-07
    endloop
  endfacet
  facet normal -0.555553 0.831481 0
    outer loop
      vertex -30.1128 75.5406 3.8147e-07
      vertex -30.45 75.3153 1.6
      vertex -30.1128 75.5406 1.6
    endloop
  endfacet
  facet normal -0.555553 0.831481 0
    outer loop
      vertex -30.45 75.3153 1.6
      vertex -30.1128 75.5406 3.8147e-07
      vertex -30.45 75.3153 3.8147e-07
    endloop
  endfacet
  facet normal -0.896928 -0.442176 0
    outer loop
      vertex -29.136 79.1863 3.8147e-07
      vertex -29.3153 79.55 1.6
      vertex -29.3153 79.55 3.8147e-07
    endloop
  endfacet
  facet normal -0.896928 -0.442176 0
    outer loop
      vertex -29.3153 79.55 1.6
      vertex -29.136 79.1863 3.8147e-07
      vertex -29.136 79.1863 1.6
    endloop
  endfacet
  facet normal -0.321549 -0.946893 0
    outer loop
      vertex -31.1977 80.9944 3.8147e-07
      vertex -30.8137 80.864 1.6
      vertex -31.1977 80.9944 1.6
    endloop
  endfacet
  facet normal -0.321549 -0.946893 -0
    outer loop
      vertex -30.8137 80.864 1.6
      vertex -31.1977 80.9944 3.8147e-07
      vertex -30.8137 80.864 3.8147e-07
    endloop
  endfacet
  facet normal -0.896928 0.442176 0
    outer loop
      vertex -29.3153 76.45 3.8147e-07
      vertex -29.136 76.8137 1.6
      vertex -29.136 76.8137 3.8147e-07
    endloop
  endfacet
  facet normal -0.896928 0.442176 0
    outer loop
      vertex -29.136 76.8137 1.6
      vertex -29.3153 76.45 3.8147e-07
      vertex -29.3153 76.45 1.6
    endloop
  endfacet
  facet normal 0.195073 0.980789 -0
    outer loop
      vertex -32.4046 74.9265 3.8147e-07
      vertex -32.8023 75.0056 1.6
      vertex -32.4046 74.9265 1.6
    endloop
  endfacet
  facet normal 0.195073 0.980789 0
    outer loop
      vertex -32.8023 75.0056 1.6
      vertex -32.4046 74.9265 3.8147e-07
      vertex -32.8023 75.0056 3.8147e-07
    endloop
  endfacet
  facet normal 0.0653568 -0.997862 0
    outer loop
      vertex -32.4046 81.0735 3.8147e-07
      vertex -32 81.1 1.6
      vertex -32.4046 81.0735 1.6
    endloop
  endfacet
  facet normal 0.0653568 -0.997862 0
    outer loop
      vertex -32 81.1 1.6
      vertex -32.4046 81.0735 3.8147e-07
      vertex -32 81.1 3.8147e-07
    endloop
  endfacet
  facet normal 0.555553 0.831481 -0
    outer loop
      vertex -33.55 75.3153 3.8147e-07
      vertex -33.8872 75.5406 1.6
      vertex -33.55 75.3153 1.6
    endloop
  endfacet
  facet normal 0.555553 0.831481 0
    outer loop
      vertex -33.8872 75.5406 1.6
      vertex -33.55 75.3153 3.8147e-07
      vertex -33.8872 75.5406 3.8147e-07
    endloop
  endfacet
  facet normal 0.321549 -0.946893 0
    outer loop
      vertex -33.1863 80.864 3.8147e-07
      vertex -32.8023 80.9944 1.6
      vertex -33.1863 80.864 1.6
    endloop
  endfacet
  facet normal 0.321549 -0.946893 0
    outer loop
      vertex -32.8023 80.9944 1.6
      vertex -33.1863 80.864 3.8147e-07
      vertex -32.8023 80.9944 3.8147e-07
    endloop
  endfacet
  facet normal -0.946893 -0.321549 0
    outer loop
      vertex -29.0056 78.8023 3.8147e-07
      vertex -29.136 79.1863 1.6
      vertex -29.136 79.1863 3.8147e-07
    endloop
  endfacet
  facet normal -0.946893 -0.321549 0
    outer loop
      vertex -29.136 79.1863 1.6
      vertex -29.0056 78.8023 3.8147e-07
      vertex -29.0056 78.8023 1.6
    endloop
  endfacet
  facet normal 0.831481 -0.555553 0
    outer loop
      vertex -34.6847 79.55 1.6
      vertex -34.4594 79.8872 3.8147e-07
      vertex -34.4594 79.8872 1.6
    endloop
  endfacet
  facet normal 0.831481 -0.555553 0
    outer loop
      vertex -34.4594 79.8872 3.8147e-07
      vertex -34.6847 79.55 1.6
      vertex -34.6847 79.55 3.8147e-07
    endloop
  endfacet
  facet normal 0.659482 -0.751721 0
    outer loop
      vertex -34.192 80.192 3.8147e-07
      vertex -33.8872 80.4594 1.6
      vertex -34.192 80.192 1.6
    endloop
  endfacet
  facet normal 0.659482 -0.751721 0
    outer loop
      vertex -33.8872 80.4594 1.6
      vertex -34.192 80.192 3.8147e-07
      vertex -33.8872 80.4594 3.8147e-07
    endloop
  endfacet
  facet normal 0.659482 0.751721 -0
    outer loop
      vertex -33.8872 75.5406 3.8147e-07
      vertex -34.192 75.808 1.6
      vertex -33.8872 75.5406 1.6
    endloop
  endfacet
  facet normal 0.659482 0.751721 0
    outer loop
      vertex -34.192 75.808 1.6
      vertex -33.8872 75.5406 3.8147e-07
      vertex -34.192 75.808 3.8147e-07
    endloop
  endfacet
  facet normal 0.946893 0.321549 0
    outer loop
      vertex -34.864 76.8137 1.6
      vertex -34.9944 77.1977 3.8147e-07
      vertex -34.9944 77.1977 1.6
    endloop
  endfacet
  facet normal 0.946893 0.321549 0
    outer loop
      vertex -34.9944 77.1977 3.8147e-07
      vertex -34.864 76.8137 1.6
      vertex -34.864 76.8137 3.8147e-07
    endloop
  endfacet
  facet normal 0.442176 0.896928 -0
    outer loop
      vertex -33.1863 75.136 3.8147e-07
      vertex -33.55 75.3153 1.6
      vertex -33.1863 75.136 1.6
    endloop
  endfacet
  facet normal 0.442176 0.896928 0
    outer loop
      vertex -33.55 75.3153 1.6
      vertex -33.1863 75.136 3.8147e-07
      vertex -33.55 75.3153 3.8147e-07
    endloop
  endfacet
  facet normal 0.980789 0.195073 0
    outer loop
      vertex -34.9944 77.1977 1.6
      vertex -35.0735 77.5954 3.8147e-07
      vertex -35.0735 77.5954 1.6
    endloop
  endfacet
  facet normal 0.980789 0.195073 0
    outer loop
      vertex -35.0735 77.5954 3.8147e-07
      vertex -34.9944 77.1977 1.6
      vertex -34.9944 77.1977 3.8147e-07
    endloop
  endfacet
  facet normal 0.321549 0.946893 -0
    outer loop
      vertex -32.8023 75.0056 3.8147e-07
      vertex -33.1863 75.136 1.6
      vertex -32.8023 75.0056 1.6
    endloop
  endfacet
  facet normal 0.321549 0.946893 0
    outer loop
      vertex -33.1863 75.136 1.6
      vertex -32.8023 75.0056 3.8147e-07
      vertex -33.1863 75.136 3.8147e-07
    endloop
  endfacet
  facet normal -0.659482 -0.751721 0
    outer loop
      vertex -30.1128 80.4594 3.8147e-07
      vertex -29.808 80.192 1.6
      vertex -30.1128 80.4594 1.6
    endloop
  endfacet
  facet normal -0.659482 -0.751721 -0
    outer loop
      vertex -29.808 80.192 1.6
      vertex -30.1128 80.4594 3.8147e-07
      vertex -29.808 80.192 3.8147e-07
    endloop
  endfacet
  facet normal -0.0653568 0.997862 0
    outer loop
      vertex -31.5954 74.9265 3.8147e-07
      vertex -32 74.9 1.6
      vertex -31.5954 74.9265 1.6
    endloop
  endfacet
  facet normal -0.0653568 0.997862 0
    outer loop
      vertex -32 74.9 1.6
      vertex -31.5954 74.9265 3.8147e-07
      vertex -32 74.9 3.8147e-07
    endloop
  endfacet
  facet normal -0.831481 0.555553 0
    outer loop
      vertex -29.5406 76.1128 3.8147e-07
      vertex -29.3153 76.45 1.6
      vertex -29.3153 76.45 3.8147e-07
    endloop
  endfacet
  facet normal -0.831481 0.555553 0
    outer loop
      vertex -29.3153 76.45 1.6
      vertex -29.5406 76.1128 3.8147e-07
      vertex -29.5406 76.1128 1.6
    endloop
  endfacet
  facet normal -0.195073 -0.980789 0
    outer loop
      vertex -31.5954 81.0735 3.8147e-07
      vertex -31.1977 80.9944 1.6
      vertex -31.5954 81.0735 1.6
    endloop
  endfacet
  facet normal -0.195073 -0.980789 -0
    outer loop
      vertex -31.1977 80.9944 1.6
      vertex -31.5954 81.0735 3.8147e-07
      vertex -31.1977 80.9944 3.8147e-07
    endloop
  endfacet
  facet normal 0.980789 -0.195073 0
    outer loop
      vertex -35.0735 78.4046 1.6
      vertex -34.9944 78.8023 3.8147e-07
      vertex -34.9944 78.8023 1.6
    endloop
  endfacet
  facet normal 0.980789 -0.195073 0
    outer loop
      vertex -34.9944 78.8023 3.8147e-07
      vertex -35.0735 78.4046 1.6
      vertex -35.0735 78.4046 3.8147e-07
    endloop
  endfacet
  facet normal 0.751721 0.659482 0
    outer loop
      vertex -34.192 75.808 1.6
      vertex -34.4594 76.1128 3.8147e-07
      vertex -34.4594 76.1128 1.6
    endloop
  endfacet
  facet normal 0.751721 0.659482 0
    outer loop
      vertex -34.4594 76.1128 3.8147e-07
      vertex -34.192 75.808 1.6
      vertex -34.192 75.808 3.8147e-07
    endloop
  endfacet
  facet normal -0.659482 0.751721 0
    outer loop
      vertex -29.808 75.808 3.8147e-07
      vertex -30.1128 75.5406 1.6
      vertex -29.808 75.808 1.6
    endloop
  endfacet
  facet normal -0.659482 0.751721 0
    outer loop
      vertex -30.1128 75.5406 1.6
      vertex -29.808 75.808 3.8147e-07
      vertex -30.1128 75.5406 3.8147e-07
    endloop
  endfacet
  facet normal -0.997862 -0.0653568 0
    outer loop
      vertex -28.9 78 3.8147e-07
      vertex -28.9265 78.4046 1.6
      vertex -28.9265 78.4046 3.8147e-07
    endloop
  endfacet
  facet normal -0.997862 -0.0653568 0
    outer loop
      vertex -28.9265 78.4046 1.6
      vertex -28.9 78 3.8147e-07
      vertex -28.9 78 1.6
    endloop
  endfacet
  facet normal -0.980789 -0.195073 0
    outer loop
      vertex -28.9265 78.4046 3.8147e-07
      vertex -29.0056 78.8023 1.6
      vertex -29.0056 78.8023 3.8147e-07
    endloop
  endfacet
  facet normal -0.980789 -0.195073 0
    outer loop
      vertex -29.0056 78.8023 1.6
      vertex -28.9265 78.4046 3.8147e-07
      vertex -28.9265 78.4046 1.6
    endloop
  endfacet
  facet normal -0.555553 -0.831481 0
    outer loop
      vertex -30.45 80.6847 3.8147e-07
      vertex -30.1128 80.4594 1.6
      vertex -30.45 80.6847 1.6
    endloop
  endfacet
  facet normal -0.555553 -0.831481 -0
    outer loop
      vertex -30.1128 80.4594 1.6
      vertex -30.45 80.6847 3.8147e-07
      vertex -30.1128 80.4594 3.8147e-07
    endloop
  endfacet
  facet normal -0.195073 0.980789 0
    outer loop
      vertex -31.1977 75.0056 3.8147e-07
      vertex -31.5954 74.9265 1.6
      vertex -31.1977 75.0056 1.6
    endloop
  endfacet
  facet normal -0.195073 0.980789 0
    outer loop
      vertex -31.5954 74.9265 1.6
      vertex -31.1977 75.0056 3.8147e-07
      vertex -31.5954 74.9265 3.8147e-07
    endloop
  endfacet
  facet normal -0.751721 0.659482 0
    outer loop
      vertex -29.808 75.808 3.8147e-07
      vertex -29.5406 76.1128 1.6
      vertex -29.5406 76.1128 3.8147e-07
    endloop
  endfacet
  facet normal -0.751721 0.659482 0
    outer loop
      vertex -29.5406 76.1128 1.6
      vertex -29.808 75.808 3.8147e-07
      vertex -29.808 75.808 1.6
    endloop
  endfacet
  facet normal -0.442176 0.896928 0
    outer loop
      vertex -30.45 75.3153 3.8147e-07
      vertex -30.8137 75.136 1.6
      vertex -30.45 75.3153 1.6
    endloop
  endfacet
  facet normal -0.442176 0.896928 0
    outer loop
      vertex -30.8137 75.136 1.6
      vertex -30.45 75.3153 3.8147e-07
      vertex -30.8137 75.136 3.8147e-07
    endloop
  endfacet
  facet normal 0.997862 -0.0653568 0
    outer loop
      vertex -35.1 78 1.6
      vertex -35.0735 78.4046 3.8147e-07
      vertex -35.0735 78.4046 1.6
    endloop
  endfacet
  facet normal 0.997862 -0.0653568 0
    outer loop
      vertex -35.0735 78.4046 3.8147e-07
      vertex -35.1 78 1.6
      vertex -35.1 78 3.8147e-07
    endloop
  endfacet
  facet normal -0.831481 -0.555553 0
    outer loop
      vertex -29.3153 79.55 3.8147e-07
      vertex -29.5406 79.8872 1.6
      vertex -29.5406 79.8872 3.8147e-07
    endloop
  endfacet
  facet normal -0.831481 -0.555553 0
    outer loop
      vertex -29.5406 79.8872 1.6
      vertex -29.3153 79.55 3.8147e-07
      vertex -29.3153 79.55 1.6
    endloop
  endfacet
  facet normal 0.751721 -0.659482 0
    outer loop
      vertex -34.4594 79.8872 1.6
      vertex -34.192 80.192 3.8147e-07
      vertex -34.192 80.192 1.6
    endloop
  endfacet
  facet normal 0.751721 -0.659482 0
    outer loop
      vertex -34.192 80.192 3.8147e-07
      vertex -34.4594 79.8872 1.6
      vertex -34.4594 79.8872 3.8147e-07
    endloop
  endfacet
  facet normal 0.997862 0.0653568 0
    outer loop
      vertex -35.0735 77.5954 1.6
      vertex -35.1 78 3.8147e-07
      vertex -35.1 78 1.6
    endloop
  endfacet
  facet normal 0.997862 0.0653568 0
    outer loop
      vertex -35.1 78 3.8147e-07
      vertex -35.0735 77.5954 1.6
      vertex -35.0735 77.5954 3.8147e-07
    endloop
  endfacet
  facet normal 0.442176 -0.896928 0
    outer loop
      vertex -33.55 80.6847 3.8147e-07
      vertex -33.1863 80.864 1.6
      vertex -33.55 80.6847 1.6
    endloop
  endfacet
  facet normal 0.442176 -0.896928 0
    outer loop
      vertex -33.1863 80.864 1.6
      vertex -33.55 80.6847 3.8147e-07
      vertex -33.1863 80.864 3.8147e-07
    endloop
  endfacet
  facet normal 0.946893 -0.321549 0
    outer loop
      vertex -34.9944 78.8023 1.6
      vertex -34.864 79.1863 3.8147e-07
      vertex -34.864 79.1863 1.6
    endloop
  endfacet
  facet normal 0.946893 -0.321549 0
    outer loop
      vertex -34.864 79.1863 3.8147e-07
      vertex -34.9944 78.8023 1.6
      vertex -34.9944 78.8023 3.8147e-07
    endloop
  endfacet
  facet normal 0.195073 -0.980789 0
    outer loop
      vertex -32.8023 80.9944 3.8147e-07
      vertex -32.4046 81.0735 1.6
      vertex -32.8023 80.9944 1.6
    endloop
  endfacet
  facet normal 0.195073 -0.980789 0
    outer loop
      vertex -32.4046 81.0735 1.6
      vertex -32.8023 80.9944 3.8147e-07
      vertex -32.4046 81.0735 3.8147e-07
    endloop
  endfacet
  facet normal -0.0653568 -0.997862 0
    outer loop
      vertex -32 81.1 3.8147e-07
      vertex -31.5954 81.0735 1.6
      vertex -32 81.1 1.6
    endloop
  endfacet
  facet normal -0.0653568 -0.997862 -0
    outer loop
      vertex -31.5954 81.0735 1.6
      vertex -32 81.1 3.8147e-07
      vertex -31.5954 81.0735 3.8147e-07
    endloop
  endfacet
  facet normal 0.0653568 0.997862 -0
    outer loop
      vertex -32 74.9 3.8147e-07
      vertex -32.4046 74.9265 1.6
      vertex -32 74.9 1.6
    endloop
  endfacet
  facet normal 0.0653568 0.997862 0
    outer loop
      vertex -32.4046 74.9265 1.6
      vertex -32 74.9 3.8147e-07
      vertex -32.4046 74.9265 3.8147e-07
    endloop
  endfacet
  facet normal 0 0 -1
    outer loop
      vertex -30.3 78 1.6
      vertex -28.9 78 1.6
      vertex -28.9265 77.5954 1.6
    endloop
  endfacet
  facet normal 0 0 -1
    outer loop
      vertex -30.3145 77.7781 1.6
      vertex -28.9265 77.5954 1.6
      vertex -29.0056 77.1977 1.6
    endloop
  endfacet
  facet normal 0 0 -1
    outer loop
      vertex -28.9 78 1.6
      vertex -30.3 78 1.6
      vertex -28.9265 78.4046 1.6
    endloop
  endfacet
  facet normal 0 0 -1
    outer loop
      vertex -30.3579 77.56 1.6
      vertex -29.0056 77.1977 1.6
      vertex -29.136 76.8137 1.6
    endloop
  endfacet
  facet normal 0 0 -1
    outer loop
      vertex -30.3145 78.2219 1.6
      vertex -28.9265 78.4046 1.6
      vertex -30.3 78 1.6
    endloop
  endfacet
  facet normal 0 0 -1
    outer loop
      vertex -30.4294 77.3494 1.6
      vertex -29.136 76.8137 1.6
      vertex -29.3153 76.45 1.6
    endloop
  endfacet
  facet normal -0 0 -1
    outer loop
      vertex -28.9265 78.4046 1.6
      vertex -30.3145 78.2219 1.6
      vertex -29.0056 78.8023 1.6
    endloop
  endfacet
  facet normal 0 0 -1
    outer loop
      vertex -30.5278 77.15 1.6
      vertex -29.3153 76.45 1.6
      vertex -29.5406 76.1128 1.6
    endloop
  endfacet
  facet normal 0 0 -1
    outer loop
      vertex -30.3579 78.44 1.6
      vertex -29.0056 78.8023 1.6
      vertex -30.3145 78.2219 1.6
    endloop
  endfacet
  facet normal 0 0 -1
    outer loop
      vertex -30.6513 76.9651 1.6
      vertex -29.5406 76.1128 1.6
      vertex -29.808 75.808 1.6
    endloop
  endfacet
  facet normal -0 0 -1
    outer loop
      vertex -29.0056 78.8023 1.6
      vertex -30.3579 78.44 1.6
      vertex -29.136 79.1863 1.6
    endloop
  endfacet
  facet normal 0 0 -1
    outer loop
      vertex -30.7979 76.7979 1.6
      vertex -29.808 75.808 1.6
      vertex -30.1128 75.5406 1.6
    endloop
  endfacet
  facet normal 0 0 -1
    outer loop
      vertex -30.4294 78.6506 1.6
      vertex -29.136 79.1863 1.6
      vertex -30.3579 78.44 1.6
    endloop
  endfacet
  facet normal -0 0 -1
    outer loop
      vertex -29.136 79.1863 1.6
      vertex -30.4294 78.6506 1.6
      vertex -29.3153 79.55 1.6
    endloop
  endfacet
  facet normal 0 0 -1
    outer loop
      vertex -28.9265 77.5954 1.6
      vertex -30.3145 77.7781 1.6
      vertex -30.3 78 1.6
    endloop
  endfacet
  facet normal 0 0 -1
    outer loop
      vertex -29.0056 77.1977 1.6
      vertex -30.3579 77.56 1.6
      vertex -30.3145 77.7781 1.6
    endloop
  endfacet
  facet normal 0 0 -1
    outer loop
      vertex -29.136 76.8137 1.6
      vertex -30.4294 77.3494 1.6
      vertex -30.3579 77.56 1.6
    endloop
  endfacet
  facet normal 0 0 -1
    outer loop
      vertex -30.9651 76.6513 1.6
      vertex -30.1128 75.5406 1.6
      vertex -30.45 75.3153 1.6
    endloop
  endfacet
  facet normal 0 0 -1
    outer loop
      vertex -29.3153 76.45 1.6
      vertex -30.5278 77.15 1.6
      vertex -30.4294 77.3494 1.6
    endloop
  endfacet
  facet normal 0 0 -1
    outer loop
      vertex -29.5406 76.1128 1.6
      vertex -30.6513 76.9651 1.6
      vertex -30.5278 77.15 1.6
    endloop
  endfacet
  facet normal 0 0 -1
    outer loop
      vertex -29.808 75.808 1.6
      vertex -30.7979 76.7979 1.6
      vertex -30.6513 76.9651 1.6
    endloop
  endfacet
  facet normal 0 0 -1
    outer loop
      vertex -31.15 76.5278 1.6
      vertex -30.45 75.3153 1.6
      vertex -30.8137 75.136 1.6
    endloop
  endfacet
  facet normal 0 0 -1
    outer loop
      vertex -30.1128 75.5406 1.6
      vertex -30.9651 76.6513 1.6
      vertex -30.7979 76.7979 1.6
    endloop
  endfacet
  facet normal 0 0 -1
    outer loop
      vertex -30.45 75.3153 1.6
      vertex -31.15 76.5278 1.6
      vertex -30.9651 76.6513 1.6
    endloop
  endfacet
  facet normal 0 0 -1
    outer loop
      vertex -31.3494 76.4294 1.6
      vertex -30.8137 75.136 1.6
      vertex -31.1977 75.0056 1.6
    endloop
  endfacet
  facet normal 0 0 -1
    outer loop
      vertex -30.8137 75.136 1.6
      vertex -31.3494 76.4294 1.6
      vertex -31.15 76.5278 1.6
    endloop
  endfacet
  facet normal 0 0 -1
    outer loop
      vertex -31.1977 75.0056 1.6
      vertex -31.56 76.3579 1.6
      vertex -31.3494 76.4294 1.6
    endloop
  endfacet
  facet normal 0 0 -1
    outer loop
      vertex -31.5954 74.9265 1.6
      vertex -31.56 76.3579 1.6
      vertex -31.1977 75.0056 1.6
    endloop
  endfacet
  facet normal 0 0 -1
    outer loop
      vertex -31.5954 74.9265 1.6
      vertex -31.7781 76.3145 1.6
      vertex -31.56 76.3579 1.6
    endloop
  endfacet
  facet normal 0 0 -1
    outer loop
      vertex -32 74.9 1.6
      vertex -31.7781 76.3145 1.6
      vertex -31.5954 74.9265 1.6
    endloop
  endfacet
  facet normal 0 0 -1
    outer loop
      vertex -32 74.9 1.6
      vertex -32 76.3 1.6
      vertex -31.7781 76.3145 1.6
    endloop
  endfacet
  facet normal 0 0 -1
    outer loop
      vertex -32 74.9 1.6
      vertex -32.2219 76.3145 1.6
      vertex -32 76.3 1.6
    endloop
  endfacet
  facet normal 0 0 -1
    outer loop
      vertex -32.4046 74.9265 1.6
      vertex -32.2219 76.3145 1.6
      vertex -32 74.9 1.6
    endloop
  endfacet
  facet normal 0 0 -1
    outer loop
      vertex -32.4046 74.9265 1.6
      vertex -32.44 76.3579 1.6
      vertex -32.2219 76.3145 1.6
    endloop
  endfacet
  facet normal 0 0 -1
    outer loop
      vertex -32.8023 75.0056 1.6
      vertex -32.44 76.3579 1.6
      vertex -32.4046 74.9265 1.6
    endloop
  endfacet
  facet normal -0 0 -1
    outer loop
      vertex -32.44 76.3579 1.6
      vertex -32.8023 75.0056 1.6
      vertex -32.6506 76.4294 1.6
    endloop
  endfacet
  facet normal 0 0 -1
    outer loop
      vertex -33.1863 75.136 1.6
      vertex -32.6506 76.4294 1.6
      vertex -32.8023 75.0056 1.6
    endloop
  endfacet
  facet normal -0 0 -1
    outer loop
      vertex -32.6506 76.4294 1.6
      vertex -33.1863 75.136 1.6
      vertex -32.85 76.5278 1.6
    endloop
  endfacet
  facet normal 0 0 -1
    outer loop
      vertex -33.55 75.3153 1.6
      vertex -32.85 76.5278 1.6
      vertex -33.1863 75.136 1.6
    endloop
  endfacet
  facet normal -0 0 -1
    outer loop
      vertex -32.85 76.5278 1.6
      vertex -33.55 75.3153 1.6
      vertex -33.0349 76.6513 1.6
    endloop
  endfacet
  facet normal 0 0 -1
    outer loop
      vertex -33.8872 75.5406 1.6
      vertex -33.0349 76.6513 1.6
      vertex -33.55 75.3153 1.6
    endloop
  endfacet
  facet normal -0 0 -1
    outer loop
      vertex -33.0349 76.6513 1.6
      vertex -33.8872 75.5406 1.6
      vertex -33.2021 76.7979 1.6
    endloop
  endfacet
  facet normal 0 0 -1
    outer loop
      vertex -34.192 75.808 1.6
      vertex -33.2021 76.7979 1.6
      vertex -33.8872 75.5406 1.6
    endloop
  endfacet
  facet normal -0 0 -1
    outer loop
      vertex -33.2021 76.7979 1.6
      vertex -34.192 75.808 1.6
      vertex -33.3487 76.9651 1.6
    endloop
  endfacet
  facet normal 0 0 -1
    outer loop
      vertex -34.4594 76.1128 1.6
      vertex -33.3487 76.9651 1.6
      vertex -34.192 75.808 1.6
    endloop
  endfacet
  facet normal -0 0 -1
    outer loop
      vertex -33.3487 76.9651 1.6
      vertex -34.4594 76.1128 1.6
      vertex -33.4722 77.15 1.6
    endloop
  endfacet
  facet normal 0 0 -1
    outer loop
      vertex -34.6847 76.45 1.6
      vertex -33.4722 77.15 1.6
      vertex -34.4594 76.1128 1.6
    endloop
  endfacet
  facet normal -0 0 -1
    outer loop
      vertex -33.4722 77.15 1.6
      vertex -34.6847 76.45 1.6
      vertex -33.5706 77.3494 1.6
    endloop
  endfacet
  facet normal 0 0 -1
    outer loop
      vertex -30.5278 78.85 1.6
      vertex -29.3153 79.55 1.6
      vertex -30.4294 78.6506 1.6
    endloop
  endfacet
  facet normal -0 0 -1
    outer loop
      vertex -29.3153 79.55 1.6
      vertex -30.5278 78.85 1.6
      vertex -29.5406 79.8872 1.6
    endloop
  endfacet
  facet normal 0 0 -1
    outer loop
      vertex -30.6513 79.0349 1.6
      vertex -29.5406 79.8872 1.6
      vertex -30.5278 78.85 1.6
    endloop
  endfacet
  facet normal -0 0 -1
    outer loop
      vertex -29.5406 79.8872 1.6
      vertex -30.6513 79.0349 1.6
      vertex -29.808 80.192 1.6
    endloop
  endfacet
  facet normal 0 0 -1
    outer loop
      vertex -30.7979 79.2021 1.6
      vertex -29.808 80.192 1.6
      vertex -30.6513 79.0349 1.6
    endloop
  endfacet
  facet normal -0 0 -1
    outer loop
      vertex -29.808 80.192 1.6
      vertex -30.7979 79.2021 1.6
      vertex -30.1128 80.4594 1.6
    endloop
  endfacet
  facet normal 0 0 -1
    outer loop
      vertex -30.9651 79.3487 1.6
      vertex -30.1128 80.4594 1.6
      vertex -30.7979 79.2021 1.6
    endloop
  endfacet
  facet normal -0 0 -1
    outer loop
      vertex -30.1128 80.4594 1.6
      vertex -30.9651 79.3487 1.6
      vertex -30.45 80.6847 1.6
    endloop
  endfacet
  facet normal 0 0 -1
    outer loop
      vertex -31.15 79.4722 1.6
      vertex -30.45 80.6847 1.6
      vertex -30.9651 79.3487 1.6
    endloop
  endfacet
  facet normal -0 0 -1
    outer loop
      vertex -30.45 80.6847 1.6
      vertex -31.15 79.4722 1.6
      vertex -30.8137 80.864 1.6
    endloop
  endfacet
  facet normal 0 0 -1
    outer loop
      vertex -31.3494 79.5706 1.6
      vertex -30.8137 80.864 1.6
      vertex -31.15 79.4722 1.6
    endloop
  endfacet
  facet normal -0 0 -1
    outer loop
      vertex -30.8137 80.864 1.6
      vertex -31.3494 79.5706 1.6
      vertex -31.1977 80.9944 1.6
    endloop
  endfacet
  facet normal 0 0 -1
    outer loop
      vertex -31.56 79.6421 1.6
      vertex -31.1977 80.9944 1.6
      vertex -31.3494 79.5706 1.6
    endloop
  endfacet
  facet normal 0 0 -1
    outer loop
      vertex -31.56 79.6421 1.6
      vertex -31.5954 81.0735 1.6
      vertex -31.1977 80.9944 1.6
    endloop
  endfacet
  facet normal 0 0 -1
    outer loop
      vertex -31.7781 79.6855 1.6
      vertex -31.5954 81.0735 1.6
      vertex -31.56 79.6421 1.6
    endloop
  endfacet
  facet normal 0 0 -1
    outer loop
      vertex -32 79.7 1.6
      vertex -31.5954 81.0735 1.6
      vertex -31.7781 79.6855 1.6
    endloop
  endfacet
  facet normal 0 0 -1
    outer loop
      vertex -32 79.7 1.6
      vertex -32 81.1 1.6
      vertex -31.5954 81.0735 1.6
    endloop
  endfacet
  facet normal 0 0 -1
    outer loop
      vertex -32.2219 79.6855 1.6
      vertex -32 81.1 1.6
      vertex -32 79.7 1.6
    endloop
  endfacet
  facet normal 0 0 -1
    outer loop
      vertex -32.2219 79.6855 1.6
      vertex -32.4046 81.0735 1.6
      vertex -32 81.1 1.6
    endloop
  endfacet
  facet normal 0 0 -1
    outer loop
      vertex -32.44 79.6421 1.6
      vertex -32.4046 81.0735 1.6
      vertex -32.2219 79.6855 1.6
    endloop
  endfacet
  facet normal 0 0 -1
    outer loop
      vertex -32.8023 80.9944 1.6
      vertex -32.44 79.6421 1.6
      vertex -32.6506 79.5706 1.6
    endloop
  endfacet
  facet normal 0 0 -1
    outer loop
      vertex -32.44 79.6421 1.6
      vertex -32.8023 80.9944 1.6
      vertex -32.4046 81.0735 1.6
    endloop
  endfacet
  facet normal 0 0 -1
    outer loop
      vertex -33.1863 80.864 1.6
      vertex -32.6506 79.5706 1.6
      vertex -32.85 79.4722 1.6
    endloop
  endfacet
  facet normal 0 0 -1
    outer loop
      vertex -33.55 80.6847 1.6
      vertex -32.85 79.4722 1.6
      vertex -33.0349 79.3487 1.6
    endloop
  endfacet
  facet normal 0 0 -1
    outer loop
      vertex -32.6506 79.5706 1.6
      vertex -33.1863 80.864 1.6
      vertex -32.8023 80.9944 1.6
    endloop
  endfacet
  facet normal 0 0 -1
    outer loop
      vertex -33.8872 80.4594 1.6
      vertex -33.0349 79.3487 1.6
      vertex -33.2021 79.2021 1.6
    endloop
  endfacet
  facet normal 0 0 -1
    outer loop
      vertex -34.192 80.192 1.6
      vertex -33.2021 79.2021 1.6
      vertex -33.3487 79.0349 1.6
    endloop
  endfacet
  facet normal 0 0 -1
    outer loop
      vertex -34.4594 79.8872 1.6
      vertex -33.3487 79.0349 1.6
      vertex -33.4722 78.85 1.6
    endloop
  endfacet
  facet normal 0 0 -1
    outer loop
      vertex -32.85 79.4722 1.6
      vertex -33.55 80.6847 1.6
      vertex -33.1863 80.864 1.6
    endloop
  endfacet
  facet normal 0 0 -1
    outer loop
      vertex -34.6847 79.55 1.6
      vertex -33.4722 78.85 1.6
      vertex -33.5706 78.6506 1.6
    endloop
  endfacet
  facet normal 0 0 -1
    outer loop
      vertex -34.864 79.1863 1.6
      vertex -33.5706 78.6506 1.6
      vertex -33.6421 78.44 1.6
    endloop
  endfacet
  facet normal 0 0 -1
    outer loop
      vertex -34.9944 78.8023 1.6
      vertex -33.6421 78.44 1.6
      vertex -33.6855 78.2219 1.6
    endloop
  endfacet
  facet normal 0 0 -1
    outer loop
      vertex -35.0735 78.4046 1.6
      vertex -33.6855 78.2219 1.6
      vertex -33.7 78 1.6
    endloop
  endfacet
  facet normal 0 0 -1
    outer loop
      vertex -34.864 76.8137 1.6
      vertex -33.5706 77.3494 1.6
      vertex -34.6847 76.45 1.6
    endloop
  endfacet
  facet normal 0 0 -1
    outer loop
      vertex -33.0349 79.3487 1.6
      vertex -33.8872 80.4594 1.6
      vertex -33.55 80.6847 1.6
    endloop
  endfacet
  facet normal -0 0 -1
    outer loop
      vertex -33.5706 77.3494 1.6
      vertex -34.864 76.8137 1.6
      vertex -33.6421 77.56 1.6
    endloop
  endfacet
  facet normal 0 0 -1
    outer loop
      vertex -33.2021 79.2021 1.6
      vertex -34.192 80.192 1.6
      vertex -33.8872 80.4594 1.6
    endloop
  endfacet
  facet normal 0 0 -1
    outer loop
      vertex -34.9944 77.1977 1.6
      vertex -33.6421 77.56 1.6
      vertex -34.864 76.8137 1.6
    endloop
  endfacet
  facet normal 0 0 -1
    outer loop
      vertex -33.3487 79.0349 1.6
      vertex -34.4594 79.8872 1.6
      vertex -34.192 80.192 1.6
    endloop
  endfacet
  facet normal -0 0 -1
    outer loop
      vertex -33.6421 77.56 1.6
      vertex -34.9944 77.1977 1.6
      vertex -33.6855 77.7781 1.6
    endloop
  endfacet
  facet normal 0 0 -1
    outer loop
      vertex -33.4722 78.85 1.6
      vertex -34.6847 79.55 1.6
      vertex -34.4594 79.8872 1.6
    endloop
  endfacet
  facet normal 0 0 -1
    outer loop
      vertex -35.0735 77.5954 1.6
      vertex -33.6855 77.7781 1.6
      vertex -34.9944 77.1977 1.6
    endloop
  endfacet
  facet normal 0 0 -1
    outer loop
      vertex -33.5706 78.6506 1.6
      vertex -34.864 79.1863 1.6
      vertex -34.6847 79.55 1.6
    endloop
  endfacet
  facet normal -0 0 -1
    outer loop
      vertex -33.6855 77.7781 1.6
      vertex -35.0735 77.5954 1.6
      vertex -33.7 78 1.6
    endloop
  endfacet
  facet normal 0 0 -1
    outer loop
      vertex -33.6421 78.44 1.6
      vertex -34.9944 78.8023 1.6
      vertex -34.864 79.1863 1.6
    endloop
  endfacet
  facet normal 0 0 -1
    outer loop
      vertex -35.1 78 1.6
      vertex -33.7 78 1.6
      vertex -35.0735 77.5954 1.6
    endloop
  endfacet
  facet normal 0 0 -1
    outer loop
      vertex -33.6855 78.2219 1.6
      vertex -35.0735 78.4046 1.6
      vertex -34.9944 78.8023 1.6
    endloop
  endfacet
  facet normal 0 0 -1
    outer loop
      vertex -33.7 78 1.6
      vertex -35.1 78 1.6
      vertex -35.0735 78.4046 1.6
    endloop
  endfacet
  facet normal 0.896928 0.442176 0
    outer loop
      vertex -34.6847 76.45 1.6
      vertex -34.864 76.8137 3.8147e-07
      vertex -34.864 76.8137 1.6
    endloop
  endfacet
  facet normal 0.896928 0.442176 0
    outer loop
      vertex -34.864 76.8137 3.8147e-07
      vertex -34.6847 76.45 1.6
      vertex -34.6847 76.45 3.8147e-07
    endloop
  endfacet
  facet normal 0.831481 0.555553 0
    outer loop
      vertex -34.4594 76.1128 1.6
      vertex -34.6847 76.45 3.8147e-07
      vertex -34.6847 76.45 1.6
    endloop
  endfacet
  facet normal 0.831481 0.555553 0
    outer loop
      vertex -34.6847 76.45 3.8147e-07
      vertex -34.4594 76.1128 1.6
      vertex -34.4594 76.1128 3.8147e-07
    endloop
  endfacet
  facet normal 0.555553 -0.831481 0
    outer loop
      vertex -33.8872 80.4594 3.8147e-07
      vertex -33.55 80.6847 1.6
      vertex -33.8872 80.4594 1.6
    endloop
  endfacet
  facet normal 0.555553 -0.831481 0
    outer loop
      vertex -33.55 80.6847 1.6
      vertex -33.8872 80.4594 3.8147e-07
      vertex -33.55 80.6847 3.8147e-07
    endloop
  endfacet
  facet normal -0.98077 0.195165 0
    outer loop
      vertex 33.6421 5.56001 1.6
      vertex 33.6855 5.77811 2.4
      vertex 33.6855 5.77811 1.6
    endloop
  endfacet
  facet normal -0.98077 0.195165 0
    outer loop
      vertex 33.6855 5.77811 2.4
      vertex 33.6421 5.56001 1.6
      vertex 33.6421 5.56001 2.4
    endloop
  endfacet
  facet normal -0.997872 0.0652086 0
    outer loop
      vertex 33.6855 5.77811 1.6
      vertex 33.7 6 2.4
      vertex 33.7 6 1.6
    endloop
  endfacet
  facet normal -0.997872 0.0652086 0
    outer loop
      vertex 33.7 6 2.4
      vertex 33.6855 5.77811 1.6
      vertex 33.6855 5.77811 2.4
    endloop
  endfacet
  facet normal -0.0653848 -0.99786 0
    outer loop
      vertex 32 7.7 1.6
      vertex 32.2219 7.68546 2.4
      vertex 32 7.7 2.4
    endloop
  endfacet
  facet normal -0.0653848 -0.99786 -0
    outer loop
      vertex 32.2219 7.68546 2.4
      vertex 32 7.7 1.6
      vertex 32.2219 7.68546 1.6
    endloop
  endfacet
  facet normal 0.659319 0.751863 -0
    outer loop
      vertex 30.9651 4.6513 1.6
      vertex 30.7979 4.79792 2.4
      vertex 30.9651 4.6513 2.4
    endloop
  endfacet
  facet normal 0.659319 0.751863 0
    outer loop
      vertex 30.7979 4.79792 2.4
      vertex 30.9651 4.6513 1.6
      vertex 30.7979 4.79792 1.6
    endloop
  endfacet
  facet normal 0.831552 -0.555447 0
    outer loop
      vertex 30.5278 6.85 2.4
      vertex 30.6513 7.03489 1.6
      vertex 30.6513 7.03489 2.4
    endloop
  endfacet
  facet normal 0.831552 -0.555447 0
    outer loop
      vertex 30.6513 7.03489 1.6
      vertex 30.5278 6.85 2.4
      vertex 30.5278 6.85 1.6
    endloop
  endfacet
  facet normal 0.195122 -0.980779 0
    outer loop
      vertex 31.56 7.64207 1.6
      vertex 31.7781 7.68546 2.4
      vertex 31.56 7.64207 2.4
    endloop
  endfacet
  facet normal 0.195122 -0.980779 0
    outer loop
      vertex 31.7781 7.68546 2.4
      vertex 31.56 7.64207 1.6
      vertex 31.7781 7.68546 1.6
    endloop
  endfacet
  facet normal -0.659319 0.751863 0
    outer loop
      vertex 33.2021 4.79792 1.6
      vertex 33.0349 4.6513 2.4
      vertex 33.2021 4.79792 2.4
    endloop
  endfacet
  facet normal -0.659319 0.751863 0
    outer loop
      vertex 33.0349 4.6513 2.4
      vertex 33.2021 4.79792 1.6
      vertex 33.0349 4.6513 1.6
    endloop
  endfacet
  facet normal -0.946901 -0.321525 0
    outer loop
      vertex 33.6421 6.43999 1.6
      vertex 33.5706 6.65056 2.4
      vertex 33.5706 6.65056 1.6
    endloop
  endfacet
  facet normal -0.946901 -0.321525 0
    outer loop
      vertex 33.5706 6.65056 2.4
      vertex 33.6421 6.43999 1.6
      vertex 33.6421 6.43999 2.4
    endloop
  endfacet
  facet normal -0.751888 -0.659291 0
    outer loop
      vertex 33.3487 7.03489 1.6
      vertex 33.2021 7.20208 2.4
      vertex 33.2021 7.20208 1.6
    endloop
  endfacet
  facet normal -0.751888 -0.659291 0
    outer loop
      vertex 33.2021 7.20208 2.4
      vertex 33.3487 7.03489 1.6
      vertex 33.3487 7.03489 2.4
    endloop
  endfacet
  facet normal -0.751888 0.659291 0
    outer loop
      vertex 33.2021 4.79792 1.6
      vertex 33.3487 4.96511 2.4
      vertex 33.3487 4.96511 1.6
    endloop
  endfacet
  facet normal -0.751888 0.659291 0
    outer loop
      vertex 33.3487 4.96511 2.4
      vertex 33.2021 4.79792 1.6
      vertex 33.2021 4.79792 2.4
    endloop
  endfacet
  facet normal 0.946901 -0.321525 0
    outer loop
      vertex 30.3579 6.43999 2.4
      vertex 30.4294 6.65056 1.6
      vertex 30.4294 6.65056 2.4
    endloop
  endfacet
  facet normal 0.946901 -0.321525 0
    outer loop
      vertex 30.4294 6.65056 1.6
      vertex 30.3579 6.43999 2.4
      vertex 30.3579 6.43999 1.6
    endloop
  endfacet
  facet normal -0.321403 -0.946943 0
    outer loop
      vertex 32.44 7.64207 1.6
      vertex 32.6506 7.57059 2.4
      vertex 32.44 7.64207 2.4
    endloop
  endfacet
  facet normal -0.321403 -0.946943 -0
    outer loop
      vertex 32.6506 7.57059 2.4
      vertex 32.44 7.64207 1.6
      vertex 32.6506 7.57059 1.6
    endloop
  endfacet
  facet normal 0.0653848 -0.99786 0
    outer loop
      vertex 31.7781 7.68546 1.6
      vertex 32 7.7 2.4
      vertex 31.7781 7.68546 2.4
    endloop
  endfacet
  facet normal 0.0653848 -0.99786 0
    outer loop
      vertex 32 7.7 2.4
      vertex 31.7781 7.68546 1.6
      vertex 32 7.7 1.6
    endloop
  endfacet
  facet normal 0.321403 0.946943 -0
    outer loop
      vertex 31.56 4.35793 1.6
      vertex 31.3494 4.42941 2.4
      vertex 31.56 4.35793 2.4
    endloop
  endfacet
  facet normal 0.321403 0.946943 0
    outer loop
      vertex 31.3494 4.42941 2.4
      vertex 31.56 4.35793 1.6
      vertex 31.3494 4.42941 1.6
    endloop
  endfacet
  facet normal -0.946901 0.321525 0
    outer loop
      vertex 33.5706 5.34944 1.6
      vertex 33.6421 5.56001 2.4
      vertex 33.6421 5.56001 1.6
    endloop
  endfacet
  facet normal -0.946901 0.321525 0
    outer loop
      vertex 33.6421 5.56001 2.4
      vertex 33.5706 5.34944 1.6
      vertex 33.5706 5.34944 2.4
    endloop
  endfacet
  facet normal 0.751888 0.659291 0
    outer loop
      vertex 30.7979 4.79792 2.4
      vertex 30.6513 4.96511 1.6
      vertex 30.6513 4.96511 2.4
    endloop
  endfacet
  facet normal 0.751888 0.659291 0
    outer loop
      vertex 30.6513 4.96511 1.6
      vertex 30.7979 4.79792 2.4
      vertex 30.7979 4.79792 1.6
    endloop
  endfacet
  facet normal 0.442349 -0.896843 0
    outer loop
      vertex 31.15 7.47224 1.6
      vertex 31.3494 7.57059 2.4
      vertex 31.15 7.47224 2.4
    endloop
  endfacet
  facet normal 0.442349 -0.896843 0
    outer loop
      vertex 31.3494 7.57059 2.4
      vertex 31.15 7.47224 1.6
      vertex 31.3494 7.57059 1.6
    endloop
  endfacet
  facet normal 0.0653848 0.99786 -0
    outer loop
      vertex 32 4.3 1.6
      vertex 31.7781 4.31454 2.4
      vertex 32 4.3 2.4
    endloop
  endfacet
  facet normal 0.0653848 0.99786 0
    outer loop
      vertex 31.7781 4.31454 2.4
      vertex 32 4.3 1.6
      vertex 31.7781 4.31454 1.6
    endloop
  endfacet
  facet normal -0.896789 -0.442459 0
    outer loop
      vertex 33.5706 6.65056 1.6
      vertex 33.4722 6.85 2.4
      vertex 33.4722 6.85 1.6
    endloop
  endfacet
  facet normal -0.896789 -0.442459 0
    outer loop
      vertex 33.4722 6.85 2.4
      vertex 33.5706 6.65056 1.6
      vertex 33.5706 6.65056 2.4
    endloop
  endfacet
  facet normal -0.555551 -0.831483 0
    outer loop
      vertex 32.85 7.47224 1.6
      vertex 33.0349 7.3487 2.4
      vertex 32.85 7.47224 2.4
    endloop
  endfacet
  facet normal -0.555551 -0.831483 -0
    outer loop
      vertex 33.0349 7.3487 2.4
      vertex 32.85 7.47224 1.6
      vertex 33.0349 7.3487 1.6
    endloop
  endfacet
  facet normal 0.98077 -0.195165 0
    outer loop
      vertex 30.3145 6.22189 2.4
      vertex 30.3579 6.43999 1.6
      vertex 30.3579 6.43999 2.4
    endloop
  endfacet
  facet normal 0.98077 -0.195165 0
    outer loop
      vertex 30.3579 6.43999 1.6
      vertex 30.3145 6.22189 2.4
      vertex 30.3145 6.22189 1.6
    endloop
  endfacet
  facet normal -0.195122 0.980779 0
    outer loop
      vertex 32.44 4.35793 1.6
      vertex 32.2219 4.31454 2.4
      vertex 32.44 4.35793 2.4
    endloop
  endfacet
  facet normal -0.195122 0.980779 0
    outer loop
      vertex 32.2219 4.31454 2.4
      vertex 32.44 4.35793 1.6
      vertex 32.2219 4.31454 1.6
    endloop
  endfacet
  facet normal -0.831552 0.555447 0
    outer loop
      vertex 33.3487 4.96511 1.6
      vertex 33.4722 5.15 2.4
      vertex 33.4722 5.15 1.6
    endloop
  endfacet
  facet normal -0.831552 0.555447 0
    outer loop
      vertex 33.4722 5.15 2.4
      vertex 33.3487 4.96511 1.6
      vertex 33.3487 4.96511 2.4
    endloop
  endfacet
  facet normal -0.997872 -0.0652086 0
    outer loop
      vertex 33.7 6 1.6
      vertex 33.6855 6.22189 2.4
      vertex 33.6855 6.22189 1.6
    endloop
  endfacet
  facet normal -0.997872 -0.0652086 0
    outer loop
      vertex 33.6855 6.22189 2.4
      vertex 33.7 6 1.6
      vertex 33.7 6 2.4
    endloop
  endfacet
  facet normal -0.321403 0.946943 0
    outer loop
      vertex 32.6506 4.42941 1.6
      vertex 32.44 4.35793 2.4
      vertex 32.6506 4.42941 2.4
    endloop
  endfacet
  facet normal -0.321403 0.946943 0
    outer loop
      vertex 32.44 4.35793 2.4
      vertex 32.6506 4.42941 1.6
      vertex 32.44 4.35793 1.6
    endloop
  endfacet
  facet normal -0.555551 0.831483 0
    outer loop
      vertex 33.0349 4.6513 1.6
      vertex 32.85 4.52776 2.4
      vertex 33.0349 4.6513 2.4
    endloop
  endfacet
  facet normal -0.555551 0.831483 0
    outer loop
      vertex 32.85 4.52776 2.4
      vertex 33.0349 4.6513 1.6
      vertex 32.85 4.52776 1.6
    endloop
  endfacet
  facet normal 0.195122 0.980779 -0
    outer loop
      vertex 31.7781 4.31454 1.6
      vertex 31.56 4.35793 2.4
      vertex 31.7781 4.31454 2.4
    endloop
  endfacet
  facet normal 0.195122 0.980779 0
    outer loop
      vertex 31.56 4.35793 2.4
      vertex 31.7781 4.31454 1.6
      vertex 31.56 4.35793 1.6
    endloop
  endfacet
  facet normal -0.659319 -0.751863 0
    outer loop
      vertex 33.0349 7.3487 1.6
      vertex 33.2021 7.20208 2.4
      vertex 33.0349 7.3487 2.4
    endloop
  endfacet
  facet normal -0.659319 -0.751863 -0
    outer loop
      vertex 33.2021 7.20208 2.4
      vertex 33.0349 7.3487 1.6
      vertex 33.2021 7.20208 1.6
    endloop
  endfacet
  facet normal 0.896789 0.442459 0
    outer loop
      vertex 30.5278 5.15 2.4
      vertex 30.4294 5.34944 1.6
      vertex 30.4294 5.34944 2.4
    endloop
  endfacet
  facet normal 0.896789 0.442459 0
    outer loop
      vertex 30.4294 5.34944 1.6
      vertex 30.5278 5.15 2.4
      vertex 30.5278 5.15 1.6
    endloop
  endfacet
  facet normal -0.98077 -0.195165 0
    outer loop
      vertex 33.6855 6.22189 1.6
      vertex 33.6421 6.43999 2.4
      vertex 33.6421 6.43999 1.6
    endloop
  endfacet
  facet normal -0.98077 -0.195165 0
    outer loop
      vertex 33.6421 6.43999 2.4
      vertex 33.6855 6.22189 1.6
      vertex 33.6855 6.22189 2.4
    endloop
  endfacet
  facet normal -0.195122 -0.980779 0
    outer loop
      vertex 32.2219 7.68546 1.6
      vertex 32.44 7.64207 2.4
      vertex 32.2219 7.68546 2.4
    endloop
  endfacet
  facet normal -0.195122 -0.980779 -0
    outer loop
      vertex 32.44 7.64207 2.4
      vertex 32.2219 7.68546 1.6
      vertex 32.44 7.64207 1.6
    endloop
  endfacet
  facet normal 0.659319 -0.751863 0
    outer loop
      vertex 30.7979 7.20208 1.6
      vertex 30.9651 7.3487 2.4
      vertex 30.7979 7.20208 2.4
    endloop
  endfacet
  facet normal 0.659319 -0.751863 0
    outer loop
      vertex 30.9651 7.3487 2.4
      vertex 30.7979 7.20208 1.6
      vertex 30.9651 7.3487 1.6
    endloop
  endfacet
  facet normal 0.751888 -0.659291 0
    outer loop
      vertex 30.6513 7.03489 2.4
      vertex 30.7979 7.20208 1.6
      vertex 30.7979 7.20208 2.4
    endloop
  endfacet
  facet normal 0.751888 -0.659291 0
    outer loop
      vertex 30.7979 7.20208 1.6
      vertex 30.6513 7.03489 2.4
      vertex 30.6513 7.03489 1.6
    endloop
  endfacet
  facet normal -0.0653848 0.99786 0
    outer loop
      vertex 32.2219 4.31454 1.6
      vertex 32 4.3 2.4
      vertex 32.2219 4.31454 2.4
    endloop
  endfacet
  facet normal -0.0653848 0.99786 0
    outer loop
      vertex 32 4.3 2.4
      vertex 32.2219 4.31454 1.6
      vertex 32 4.3 1.6
    endloop
  endfacet
  facet normal -0.442349 0.896843 0
    outer loop
      vertex 32.85 4.52776 1.6
      vertex 32.6506 4.42941 2.4
      vertex 32.85 4.52776 2.4
    endloop
  endfacet
  facet normal -0.442349 0.896843 0
    outer loop
      vertex 32.6506 4.42941 2.4
      vertex 32.85 4.52776 1.6
      vertex 32.6506 4.42941 1.6
    endloop
  endfacet
  facet normal -0.831552 -0.555447 0
    outer loop
      vertex 33.4722 6.85 1.6
      vertex 33.3487 7.03489 2.4
      vertex 33.3487 7.03489 1.6
    endloop
  endfacet
  facet normal -0.831552 -0.555447 0
    outer loop
      vertex 33.3487 7.03489 2.4
      vertex 33.4722 6.85 1.6
      vertex 33.4722 6.85 2.4
    endloop
  endfacet
  facet normal 0.997872 -0.0652086 0
    outer loop
      vertex 30.3 6 2.4
      vertex 30.3145 6.22189 1.6
      vertex 30.3145 6.22189 2.4
    endloop
  endfacet
  facet normal 0.997872 -0.0652086 0
    outer loop
      vertex 30.3145 6.22189 1.6
      vertex 30.3 6 2.4
      vertex 30.3 6 1.6
    endloop
  endfacet
  facet normal -0.442349 -0.896843 0
    outer loop
      vertex 32.6506 7.57059 1.6
      vertex 32.85 7.47224 2.4
      vertex 32.6506 7.57059 2.4
    endloop
  endfacet
  facet normal -0.442349 -0.896843 -0
    outer loop
      vertex 32.85 7.47224 2.4
      vertex 32.6506 7.57059 1.6
      vertex 32.85 7.47224 1.6
    endloop
  endfacet
  facet normal 0.98077 0.195165 0
    outer loop
      vertex 30.3579 5.56001 2.4
      vertex 30.3145 5.77811 1.6
      vertex 30.3145 5.77811 2.4
    endloop
  endfacet
  facet normal 0.98077 0.195165 0
    outer loop
      vertex 30.3145 5.77811 1.6
      vertex 30.3579 5.56001 2.4
      vertex 30.3579 5.56001 1.6
    endloop
  endfacet
  facet normal 0.896789 -0.442459 0
    outer loop
      vertex 30.4294 6.65056 2.4
      vertex 30.5278 6.85 1.6
      vertex 30.5278 6.85 2.4
    endloop
  endfacet
  facet normal 0.896789 -0.442459 0
    outer loop
      vertex 30.5278 6.85 1.6
      vertex 30.4294 6.65056 2.4
      vertex 30.4294 6.65056 1.6
    endloop
  endfacet
  facet normal 0.946901 0.321525 0
    outer loop
      vertex 30.4294 5.34944 2.4
      vertex 30.3579 5.56001 1.6
      vertex 30.3579 5.56001 2.4
    endloop
  endfacet
  facet normal 0.946901 0.321525 0
    outer loop
      vertex 30.3579 5.56001 1.6
      vertex 30.4294 5.34944 2.4
      vertex 30.4294 5.34944 1.6
    endloop
  endfacet
  facet normal 0.555551 0.831483 -0
    outer loop
      vertex 31.15 4.52776 1.6
      vertex 30.9651 4.6513 2.4
      vertex 31.15 4.52776 2.4
    endloop
  endfacet
  facet normal 0.555551 0.831483 0
    outer loop
      vertex 30.9651 4.6513 2.4
      vertex 31.15 4.52776 1.6
      vertex 30.9651 4.6513 1.6
    endloop
  endfacet
  facet normal -0.896789 0.442459 0
    outer loop
      vertex 33.4722 5.15 1.6
      vertex 33.5706 5.34944 2.4
      vertex 33.5706 5.34944 1.6
    endloop
  endfacet
  facet normal -0.896789 0.442459 0
    outer loop
      vertex 33.5706 5.34944 2.4
      vertex 33.4722 5.15 1.6
      vertex 33.4722 5.15 2.4
    endloop
  endfacet
  facet normal 0.997872 0.0652086 0
    outer loop
      vertex 30.3145 5.77811 2.4
      vertex 30.3 6 1.6
      vertex 30.3 6 2.4
    endloop
  endfacet
  facet normal 0.997872 0.0652086 0
    outer loop
      vertex 30.3 6 1.6
      vertex 30.3145 5.77811 2.4
      vertex 30.3145 5.77811 1.6
    endloop
  endfacet
  facet normal 0.321403 -0.946943 0
    outer loop
      vertex 31.3494 7.57059 1.6
      vertex 31.56 7.64207 2.4
      vertex 31.3494 7.57059 2.4
    endloop
  endfacet
  facet normal 0.321403 -0.946943 0
    outer loop
      vertex 31.56 7.64207 2.4
      vertex 31.3494 7.57059 1.6
      vertex 31.56 7.64207 1.6
    endloop
  endfacet
  facet normal 0.442349 0.896843 -0
    outer loop
      vertex 31.3494 4.42941 1.6
      vertex 31.15 4.52776 2.4
      vertex 31.3494 4.42941 2.4
    endloop
  endfacet
  facet normal 0.442349 0.896843 0
    outer loop
      vertex 31.15 4.52776 2.4
      vertex 31.3494 4.42941 1.6
      vertex 31.15 4.52776 1.6
    endloop
  endfacet
  facet normal 0.831552 0.555447 0
    outer loop
      vertex 30.6513 4.96511 2.4
      vertex 30.5278 5.15 1.6
      vertex 30.5278 5.15 2.4
    endloop
  endfacet
  facet normal 0.831552 0.555447 0
    outer loop
      vertex 30.5278 5.15 1.6
      vertex 30.6513 4.96511 2.4
      vertex 30.6513 4.96511 1.6
    endloop
  endfacet
  facet normal 0.555551 -0.831483 0
    outer loop
      vertex 30.9651 7.3487 1.6
      vertex 31.15 7.47224 2.4
      vertex 30.9651 7.3487 2.4
    endloop
  endfacet
  facet normal 0.555551 -0.831483 0
    outer loop
      vertex 31.15 7.47224 2.4
      vertex 30.9651 7.3487 1.6
      vertex 31.15 7.47224 1.6
    endloop
  endfacet
  facet normal 0.896919 -0.442195 0
    outer loop
      vertex 29.136 7.18632 1.6
      vertex 29.3153 7.55 3.8147e-07
      vertex 29.3153 7.55 1.6
    endloop
  endfacet
  facet normal 0.896919 -0.442195 0
    outer loop
      vertex 29.3153 7.55 3.8147e-07
      vertex 29.136 7.18632 1.6
      vertex 29.136 7.18632 3.8147e-07
    endloop
  endfacet
  facet normal -0.442275 -0.89688 0
    outer loop
      vertex 33.1863 8.86403 3.8147e-07
      vertex 33.55 8.68468 1.6
      vertex 33.1863 8.86403 1.6
    endloop
  endfacet
  facet normal -0.442275 -0.89688 -0
    outer loop
      vertex 33.55 8.68468 1.6
      vertex 33.1863 8.86403 3.8147e-07
      vertex 33.55 8.68468 3.8147e-07
    endloop
  endfacet
  facet normal -0.98079 0.195068 0
    outer loop
      vertex 34.9944 5.19766 3.8147e-07
      vertex 35.0735 5.59537 1.6
      vertex 35.0735 5.59537 3.8147e-07
    endloop
  endfacet
  facet normal -0.98079 0.195068 0
    outer loop
      vertex 35.0735 5.59537 1.6
      vertex 34.9944 5.19766 3.8147e-07
      vertex 34.9944 5.19766 1.6
    endloop
  endfacet
  facet normal -0.997862 0.0653519 0
    outer loop
      vertex 35.0735 5.59537 3.8147e-07
      vertex 35.1 6 1.6
      vertex 35.1 6 3.8147e-07
    endloop
  endfacet
  facet normal -0.997862 0.0653519 0
    outer loop
      vertex 35.1 6 1.6
      vertex 35.0735 5.59537 3.8147e-07
      vertex 35.0735 5.59537 1.6
    endloop
  endfacet
  facet normal -0.946888 0.321564 0
    outer loop
      vertex 34.864 4.81368 3.8147e-07
      vertex 34.9944 5.19766 1.6
      vertex 34.9944 5.19766 3.8147e-07
    endloop
  endfacet
  facet normal -0.946888 0.321564 0
    outer loop
      vertex 34.9944 5.19766 1.6
      vertex 34.864 4.81368 3.8147e-07
      vertex 34.864 4.81368 1.6
    endloop
  endfacet
  facet normal -0.751796 -0.659396 0
    outer loop
      vertex 34.4594 7.88716 3.8147e-07
      vertex 34.192 8.19203 1.6
      vertex 34.192 8.19203 3.8147e-07
    endloop
  endfacet
  facet normal -0.751796 -0.659396 0
    outer loop
      vertex 34.192 8.19203 1.6
      vertex 34.4594 7.88716 3.8147e-07
      vertex 34.4594 7.88716 1.6
    endloop
  endfacet
  facet normal -0.321416 0.946938 0
    outer loop
      vertex 33.1863 3.13597 3.8147e-07
      vertex 32.8023 3.00563 1.6
      vertex 33.1863 3.13597 1.6
    endloop
  endfacet
  facet normal -0.321416 0.946938 0
    outer loop
      vertex 32.8023 3.00563 1.6
      vertex 33.1863 3.13597 3.8147e-07
      vertex 32.8023 3.00563 3.8147e-07
    endloop
  endfacet
  facet normal -0.555536 0.831492 0
    outer loop
      vertex 33.8872 3.54061 3.8147e-07
      vertex 33.55 3.31532 1.6
      vertex 33.8872 3.54061 1.6
    endloop
  endfacet
  facet normal -0.555536 0.831492 0
    outer loop
      vertex 33.55 3.31532 1.6
      vertex 33.8872 3.54061 3.8147e-07
      vertex 33.55 3.31532 3.8147e-07
    endloop
  endfacet
  facet normal -0.896919 -0.442195 0
    outer loop
      vertex 34.864 7.18632 3.8147e-07
      vertex 34.6847 7.55 1.6
      vertex 34.6847 7.55 3.8147e-07
    endloop
  endfacet
  facet normal -0.896919 -0.442195 0
    outer loop
      vertex 34.6847 7.55 1.6
      vertex 34.864 7.18632 3.8147e-07
      vertex 34.864 7.18632 1.6
    endloop
  endfacet
  facet normal -0.321416 -0.946938 0
    outer loop
      vertex 32.8023 8.99437 3.8147e-07
      vertex 33.1863 8.86403 1.6
      vertex 32.8023 8.99437 1.6
    endloop
  endfacet
  facet normal -0.321416 -0.946938 -0
    outer loop
      vertex 33.1863 8.86403 1.6
      vertex 32.8023 8.99437 3.8147e-07
      vertex 33.1863 8.86403 3.8147e-07
    endloop
  endfacet
  facet normal -0.896919 0.442195 0
    outer loop
      vertex 34.6847 4.45 3.8147e-07
      vertex 34.864 4.81368 1.6
      vertex 34.864 4.81368 3.8147e-07
    endloop
  endfacet
  facet normal -0.896919 0.442195 0
    outer loop
      vertex 34.864 4.81368 1.6
      vertex 34.6847 4.45 3.8147e-07
      vertex 34.6847 4.45 1.6
    endloop
  endfacet
  facet normal 0.195096 0.980784 -0
    outer loop
      vertex 31.5954 2.92652 3.8147e-07
      vertex 31.1977 3.00563 1.6
      vertex 31.5954 2.92652 1.6
    endloop
  endfacet
  facet normal 0.195096 0.980784 0
    outer loop
      vertex 31.1977 3.00563 1.6
      vertex 31.5954 2.92652 3.8147e-07
      vertex 31.1977 3.00563 3.8147e-07
    endloop
  endfacet
  facet normal 0.0654059 -0.997859 0
    outer loop
      vertex 31.5954 9.07348 3.8147e-07
      vertex 32 9.1 1.6
      vertex 31.5954 9.07348 1.6
    endloop
  endfacet
  facet normal 0.0654059 -0.997859 0
    outer loop
      vertex 32 9.1 1.6
      vertex 31.5954 9.07348 3.8147e-07
      vertex 32 9.1 3.8147e-07
    endloop
  endfacet
  facet normal 0.555536 0.831492 -0
    outer loop
      vertex 30.45 3.31532 3.8147e-07
      vertex 30.1128 3.54061 1.6
      vertex 30.45 3.31532 1.6
    endloop
  endfacet
  facet normal 0.555536 0.831492 0
    outer loop
      vertex 30.1128 3.54061 1.6
      vertex 30.45 3.31532 3.8147e-07
      vertex 30.1128 3.54061 3.8147e-07
    endloop
  endfacet
  facet normal 0.321416 -0.946938 0
    outer loop
      vertex 30.8137 8.86403 3.8147e-07
      vertex 31.1977 8.99437 1.6
      vertex 30.8137 8.86403 1.6
    endloop
  endfacet
  facet normal 0.321416 -0.946938 0
    outer loop
      vertex 31.1977 8.99437 1.6
      vertex 30.8137 8.86403 3.8147e-07
      vertex 31.1977 8.99437 3.8147e-07
    endloop
  endfacet
  facet normal -0.946888 -0.321564 0
    outer loop
      vertex 34.9944 6.80234 3.8147e-07
      vertex 34.864 7.18632 1.6
      vertex 34.864 7.18632 3.8147e-07
    endloop
  endfacet
  facet normal -0.946888 -0.321564 0
    outer loop
      vertex 34.864 7.18632 1.6
      vertex 34.9944 6.80234 3.8147e-07
      vertex 34.9944 6.80234 1.6
    endloop
  endfacet
  facet normal 0.83145 -0.555599 0
    outer loop
      vertex 29.3153 7.55 1.6
      vertex 29.5406 7.88716 3.8147e-07
      vertex 29.5406 7.88716 1.6
    endloop
  endfacet
  facet normal 0.83145 -0.555599 0
    outer loop
      vertex 29.5406 7.88716 3.8147e-07
      vertex 29.3153 7.55 1.6
      vertex 29.3153 7.55 3.8147e-07
    endloop
  endfacet
  facet normal 0.659426 -0.751769 0
    outer loop
      vertex 29.808 8.19203 3.8147e-07
      vertex 30.1128 8.45939 1.6
      vertex 29.808 8.19203 1.6
    endloop
  endfacet
  facet normal 0.659426 -0.751769 0
    outer loop
      vertex 30.1128 8.45939 1.6
      vertex 29.808 8.19203 3.8147e-07
      vertex 30.1128 8.45939 3.8147e-07
    endloop
  endfacet
  facet normal 0.659426 0.751769 -0
    outer loop
      vertex 30.1128 3.54061 3.8147e-07
      vertex 29.808 3.80797 1.6
      vertex 30.1128 3.54061 1.6
    endloop
  endfacet
  facet normal 0.659426 0.751769 0
    outer loop
      vertex 29.808 3.80797 1.6
      vertex 30.1128 3.54061 3.8147e-07
      vertex 29.808 3.80797 3.8147e-07
    endloop
  endfacet
  facet normal 0.946888 0.321564 0
    outer loop
      vertex 29.136 4.81368 1.6
      vertex 29.0056 5.19766 3.8147e-07
      vertex 29.0056 5.19766 1.6
    endloop
  endfacet
  facet normal 0.946888 0.321564 0
    outer loop
      vertex 29.0056 5.19766 3.8147e-07
      vertex 29.136 4.81368 1.6
      vertex 29.136 4.81368 3.8147e-07
    endloop
  endfacet
  facet normal 0.442275 0.89688 -0
    outer loop
      vertex 30.8137 3.13597 3.8147e-07
      vertex 30.45 3.31532 1.6
      vertex 30.8137 3.13597 1.6
    endloop
  endfacet
  facet normal 0.442275 0.89688 0
    outer loop
      vertex 30.45 3.31532 1.6
      vertex 30.8137 3.13597 3.8147e-07
      vertex 30.45 3.31532 3.8147e-07
    endloop
  endfacet
  facet normal 0.98079 0.195068 0
    outer loop
      vertex 29.0056 5.19766 1.6
      vertex 28.9265 5.59537 3.8147e-07
      vertex 28.9265 5.59537 1.6
    endloop
  endfacet
  facet normal 0.98079 0.195068 0
    outer loop
      vertex 28.9265 5.59537 3.8147e-07
      vertex 29.0056 5.19766 1.6
      vertex 29.0056 5.19766 3.8147e-07
    endloop
  endfacet
  facet normal 0.321416 0.946938 -0
    outer loop
      vertex 31.1977 3.00563 3.8147e-07
      vertex 30.8137 3.13597 1.6
      vertex 31.1977 3.00563 1.6
    endloop
  endfacet
  facet normal 0.321416 0.946938 0
    outer loop
      vertex 30.8137 3.13597 1.6
      vertex 31.1977 3.00563 3.8147e-07
      vertex 30.8137 3.13597 3.8147e-07
    endloop
  endfacet
  facet normal -0.659426 -0.751769 0
    outer loop
      vertex 33.8872 8.45939 3.8147e-07
      vertex 34.192 8.19203 1.6
      vertex 33.8872 8.45939 1.6
    endloop
  endfacet
  facet normal -0.659426 -0.751769 -0
    outer loop
      vertex 34.192 8.19203 1.6
      vertex 33.8872 8.45939 3.8147e-07
      vertex 34.192 8.19203 3.8147e-07
    endloop
  endfacet
  facet normal -0.0654059 0.997859 0
    outer loop
      vertex 32.4046 2.92652 3.8147e-07
      vertex 32 2.9 1.6
      vertex 32.4046 2.92652 1.6
    endloop
  endfacet
  facet normal -0.0654059 0.997859 0
    outer loop
      vertex 32 2.9 1.6
      vertex 32.4046 2.92652 3.8147e-07
      vertex 32 2.9 3.8147e-07
    endloop
  endfacet
  facet normal -0.83145 0.555599 0
    outer loop
      vertex 34.4594 4.11284 3.8147e-07
      vertex 34.6847 4.45 1.6
      vertex 34.6847 4.45 3.8147e-07
    endloop
  endfacet
  facet normal -0.83145 0.555599 0
    outer loop
      vertex 34.6847 4.45 1.6
      vertex 34.4594 4.11284 3.8147e-07
      vertex 34.4594 4.11284 1.6
    endloop
  endfacet
  facet normal -0.195096 -0.980784 0
    outer loop
      vertex 32.4046 9.07348 3.8147e-07
      vertex 32.8023 8.99437 1.6
      vertex 32.4046 9.07348 1.6
    endloop
  endfacet
  facet normal -0.195096 -0.980784 -0
    outer loop
      vertex 32.8023 8.99437 1.6
      vertex 32.4046 9.07348 3.8147e-07
      vertex 32.8023 8.99437 3.8147e-07
    endloop
  endfacet
  facet normal 0.98079 -0.195068 0
    outer loop
      vertex 28.9265 6.40463 1.6
      vertex 29.0056 6.80234 3.8147e-07
      vertex 29.0056 6.80234 1.6
    endloop
  endfacet
  facet normal 0.98079 -0.195068 0
    outer loop
      vertex 29.0056 6.80234 3.8147e-07
      vertex 28.9265 6.40463 1.6
      vertex 28.9265 6.40463 3.8147e-07
    endloop
  endfacet
  facet normal 0.751796 0.659396 0
    outer loop
      vertex 29.808 3.80797 1.6
      vertex 29.5406 4.11284 3.8147e-07
      vertex 29.5406 4.11284 1.6
    endloop
  endfacet
  facet normal 0.751796 0.659396 0
    outer loop
      vertex 29.5406 4.11284 3.8147e-07
      vertex 29.808 3.80797 1.6
      vertex 29.808 3.80797 3.8147e-07
    endloop
  endfacet
  facet normal -0.659426 0.751769 0
    outer loop
      vertex 34.192 3.80797 3.8147e-07
      vertex 33.8872 3.54061 1.6
      vertex 34.192 3.80797 1.6
    endloop
  endfacet
  facet normal -0.659426 0.751769 0
    outer loop
      vertex 33.8872 3.54061 1.6
      vertex 34.192 3.80797 3.8147e-07
      vertex 33.8872 3.54061 3.8147e-07
    endloop
  endfacet
  facet normal -0.997862 -0.0653519 0
    outer loop
      vertex 35.1 6 3.8147e-07
      vertex 35.0735 6.40463 1.6
      vertex 35.0735 6.40463 3.8147e-07
    endloop
  endfacet
  facet normal -0.997862 -0.0653519 0
    outer loop
      vertex 35.0735 6.40463 1.6
      vertex 35.1 6 3.8147e-07
      vertex 35.1 6 1.6
    endloop
  endfacet
  facet normal -0.98079 -0.195068 0
    outer loop
      vertex 35.0735 6.40463 3.8147e-07
      vertex 34.9944 6.80234 1.6
      vertex 34.9944 6.80234 3.8147e-07
    endloop
  endfacet
  facet normal -0.98079 -0.195068 0
    outer loop
      vertex 34.9944 6.80234 1.6
      vertex 35.0735 6.40463 3.8147e-07
      vertex 35.0735 6.40463 1.6
    endloop
  endfacet
  facet normal -0.555536 -0.831492 0
    outer loop
      vertex 33.55 8.68468 3.8147e-07
      vertex 33.8872 8.45939 1.6
      vertex 33.55 8.68468 1.6
    endloop
  endfacet
  facet normal -0.555536 -0.831492 -0
    outer loop
      vertex 33.8872 8.45939 1.6
      vertex 33.55 8.68468 3.8147e-07
      vertex 33.8872 8.45939 3.8147e-07
    endloop
  endfacet
  facet normal -0.195096 0.980784 0
    outer loop
      vertex 32.8023 3.00563 3.8147e-07
      vertex 32.4046 2.92652 1.6
      vertex 32.8023 3.00563 1.6
    endloop
  endfacet
  facet normal -0.195096 0.980784 0
    outer loop
      vertex 32.4046 2.92652 1.6
      vertex 32.8023 3.00563 3.8147e-07
      vertex 32.4046 2.92652 3.8147e-07
    endloop
  endfacet
  facet normal -0.751796 0.659396 0
    outer loop
      vertex 34.192 3.80797 3.8147e-07
      vertex 34.4594 4.11284 1.6
      vertex 34.4594 4.11284 3.8147e-07
    endloop
  endfacet
  facet normal -0.751796 0.659396 0
    outer loop
      vertex 34.4594 4.11284 1.6
      vertex 34.192 3.80797 3.8147e-07
      vertex 34.192 3.80797 1.6
    endloop
  endfacet
  facet normal -0.442275 0.89688 0
    outer loop
      vertex 33.55 3.31532 3.8147e-07
      vertex 33.1863 3.13597 1.6
      vertex 33.55 3.31532 1.6
    endloop
  endfacet
  facet normal -0.442275 0.89688 0
    outer loop
      vertex 33.1863 3.13597 1.6
      vertex 33.55 3.31532 3.8147e-07
      vertex 33.1863 3.13597 3.8147e-07
    endloop
  endfacet
  facet normal 0.997862 -0.0653519 0
    outer loop
      vertex 28.9 6 1.6
      vertex 28.9265 6.40463 3.8147e-07
      vertex 28.9265 6.40463 1.6
    endloop
  endfacet
  facet normal 0.997862 -0.0653519 0
    outer loop
      vertex 28.9265 6.40463 3.8147e-07
      vertex 28.9 6 1.6
      vertex 28.9 6 3.8147e-07
    endloop
  endfacet
  facet normal -0.83145 -0.555599 0
    outer loop
      vertex 34.6847 7.55 3.8147e-07
      vertex 34.4594 7.88716 1.6
      vertex 34.4594 7.88716 3.8147e-07
    endloop
  endfacet
  facet normal -0.83145 -0.555599 0
    outer loop
      vertex 34.4594 7.88716 1.6
      vertex 34.6847 7.55 3.8147e-07
      vertex 34.6847 7.55 1.6
    endloop
  endfacet
  facet normal 0.751796 -0.659396 0
    outer loop
      vertex 29.5406 7.88716 1.6
      vertex 29.808 8.19203 3.8147e-07
      vertex 29.808 8.19203 1.6
    endloop
  endfacet
  facet normal 0.751796 -0.659396 0
    outer loop
      vertex 29.808 8.19203 3.8147e-07
      vertex 29.5406 7.88716 1.6
      vertex 29.5406 7.88716 3.8147e-07
    endloop
  endfacet
  facet normal 0.997862 0.0653519 0
    outer loop
      vertex 28.9265 5.59537 1.6
      vertex 28.9 6 3.8147e-07
      vertex 28.9 6 1.6
    endloop
  endfacet
  facet normal 0.997862 0.0653519 0
    outer loop
      vertex 28.9 6 3.8147e-07
      vertex 28.9265 5.59537 1.6
      vertex 28.9265 5.59537 3.8147e-07
    endloop
  endfacet
  facet normal 0.442275 -0.89688 0
    outer loop
      vertex 30.45 8.68468 3.8147e-07
      vertex 30.8137 8.86403 1.6
      vertex 30.45 8.68468 1.6
    endloop
  endfacet
  facet normal 0.442275 -0.89688 0
    outer loop
      vertex 30.8137 8.86403 1.6
      vertex 30.45 8.68468 3.8147e-07
      vertex 30.8137 8.86403 3.8147e-07
    endloop
  endfacet
  facet normal 0.946888 -0.321564 0
    outer loop
      vertex 29.0056 6.80234 1.6
      vertex 29.136 7.18632 3.8147e-07
      vertex 29.136 7.18632 1.6
    endloop
  endfacet
  facet normal 0.946888 -0.321564 0
    outer loop
      vertex 29.136 7.18632 3.8147e-07
      vertex 29.0056 6.80234 1.6
      vertex 29.0056 6.80234 3.8147e-07
    endloop
  endfacet
  facet normal 0.195096 -0.980784 0
    outer loop
      vertex 31.1977 8.99437 3.8147e-07
      vertex 31.5954 9.07348 1.6
      vertex 31.1977 8.99437 1.6
    endloop
  endfacet
  facet normal 0.195096 -0.980784 0
    outer loop
      vertex 31.5954 9.07348 1.6
      vertex 31.1977 8.99437 3.8147e-07
      vertex 31.5954 9.07348 3.8147e-07
    endloop
  endfacet
  facet normal -0.0654059 -0.997859 0
    outer loop
      vertex 32 9.1 3.8147e-07
      vertex 32.4046 9.07348 1.6
      vertex 32 9.1 1.6
    endloop
  endfacet
  facet normal -0.0654059 -0.997859 -0
    outer loop
      vertex 32.4046 9.07348 1.6
      vertex 32 9.1 3.8147e-07
      vertex 32.4046 9.07348 3.8147e-07
    endloop
  endfacet
  facet normal 0.0654059 0.997859 -0
    outer loop
      vertex 32 2.9 3.8147e-07
      vertex 31.5954 2.92652 1.6
      vertex 32 2.9 1.6
    endloop
  endfacet
  facet normal 0.0654059 0.997859 0
    outer loop
      vertex 31.5954 2.92652 1.6
      vertex 32 2.9 3.8147e-07
      vertex 31.5954 2.92652 3.8147e-07
    endloop
  endfacet
  facet normal 0 0 -1
    outer loop
      vertex 33.7 6 1.6
      vertex 35.1 6 1.6
      vertex 35.0735 5.59537 1.6
    endloop
  endfacet
  facet normal 0 0 -1
    outer loop
      vertex 33.6855 5.77811 1.6
      vertex 35.0735 5.59537 1.6
      vertex 34.9944 5.19766 1.6
    endloop
  endfacet
  facet normal 0 0 -1
    outer loop
      vertex 35.1 6 1.6
      vertex 33.7 6 1.6
      vertex 35.0735 6.40463 1.6
    endloop
  endfacet
  facet normal 0 0 -1
    outer loop
      vertex 33.6421 5.56001 1.6
      vertex 34.9944 5.19766 1.6
      vertex 34.864 4.81368 1.6
    endloop
  endfacet
  facet normal 0 0 -1
    outer loop
      vertex 33.6855 6.22189 1.6
      vertex 35.0735 6.40463 1.6
      vertex 33.7 6 1.6
    endloop
  endfacet
  facet normal 0 0 -1
    outer loop
      vertex 33.5706 5.34944 1.6
      vertex 34.864 4.81368 1.6
      vertex 34.6847 4.45 1.6
    endloop
  endfacet
  facet normal -0 0 -1
    outer loop
      vertex 35.0735 6.40463 1.6
      vertex 33.6855 6.22189 1.6
      vertex 34.9944 6.80234 1.6
    endloop
  endfacet
  facet normal 0 0 -1
    outer loop
      vertex 33.4722 5.15 1.6
      vertex 34.6847 4.45 1.6
      vertex 34.4594 4.11284 1.6
    endloop
  endfacet
  facet normal 0 0 -1
    outer loop
      vertex 33.6421 6.43999 1.6
      vertex 34.9944 6.80234 1.6
      vertex 33.6855 6.22189 1.6
    endloop
  endfacet
  facet normal 0 0 -1
    outer loop
      vertex 33.3487 4.96511 1.6
      vertex 34.4594 4.11284 1.6
      vertex 34.192 3.80797 1.6
    endloop
  endfacet
  facet normal -0 0 -1
    outer loop
      vertex 34.9944 6.80234 1.6
      vertex 33.6421 6.43999 1.6
      vertex 34.864 7.18632 1.6
    endloop
  endfacet
  facet normal 0 0 -1
    outer loop
      vertex 33.2021 4.79792 1.6
      vertex 34.192 3.80797 1.6
      vertex 33.8872 3.54061 1.6
    endloop
  endfacet
  facet normal 0 0 -1
    outer loop
      vertex 33.5706 6.65056 1.6
      vertex 34.864 7.18632 1.6
      vertex 33.6421 6.43999 1.6
    endloop
  endfacet
  facet normal -0 0 -1
    outer loop
      vertex 34.864 7.18632 1.6
      vertex 33.5706 6.65056 1.6
      vertex 34.6847 7.55 1.6
    endloop
  endfacet
  facet normal 0 0 -1
    outer loop
      vertex 35.0735 5.59537 1.6
      vertex 33.6855 5.77811 1.6
      vertex 33.7 6 1.6
    endloop
  endfacet
  facet normal 0 0 -1
    outer loop
      vertex 34.9944 5.19766 1.6
      vertex 33.6421 5.56001 1.6
      vertex 33.6855 5.77811 1.6
    endloop
  endfacet
  facet normal 0 0 -1
    outer loop
      vertex 34.864 4.81368 1.6
      vertex 33.5706 5.34944 1.6
      vertex 33.6421 5.56001 1.6
    endloop
  endfacet
  facet normal 0 0 -1
    outer loop
      vertex 33.0349 4.6513 1.6
      vertex 33.8872 3.54061 1.6
      vertex 33.55 3.31532 1.6
    endloop
  endfacet
  facet normal 0 0 -1
    outer loop
      vertex 34.6847 4.45 1.6
      vertex 33.4722 5.15 1.6
      vertex 33.5706 5.34944 1.6
    endloop
  endfacet
  facet normal 0 0 -1
    outer loop
      vertex 34.4594 4.11284 1.6
      vertex 33.3487 4.96511 1.6
      vertex 33.4722 5.15 1.6
    endloop
  endfacet
  facet normal 0 0 -1
    outer loop
      vertex 34.192 3.80797 1.6
      vertex 33.2021 4.79792 1.6
      vertex 33.3487 4.96511 1.6
    endloop
  endfacet
  facet normal 0 0 -1
    outer loop
      vertex 32.85 4.52776 1.6
      vertex 33.55 3.31532 1.6
      vertex 33.1863 3.13597 1.6
    endloop
  endfacet
  facet normal 0 0 -1
    outer loop
      vertex 33.8872 3.54061 1.6
      vertex 33.0349 4.6513 1.6
      vertex 33.2021 4.79792 1.6
    endloop
  endfacet
  facet normal 0 0 -1
    outer loop
      vertex 33.55 3.31532 1.6
      vertex 32.85 4.52776 1.6
      vertex 33.0349 4.6513 1.6
    endloop
  endfacet
  facet normal 0 0 -1
    outer loop
      vertex 32.6506 4.42941 1.6
      vertex 33.1863 3.13597 1.6
      vertex 32.8023 3.00563 1.6
    endloop
  endfacet
  facet normal 0 0 -1
    outer loop
      vertex 33.1863 3.13597 1.6
      vertex 32.6506 4.42941 1.6
      vertex 32.85 4.52776 1.6
    endloop
  endfacet
  facet normal 0 0 -1
    outer loop
      vertex 32.8023 3.00563 1.6
      vertex 32.44 4.35793 1.6
      vertex 32.6506 4.42941 1.6
    endloop
  endfacet
  facet normal 0 0 -1
    outer loop
      vertex 32.4046 2.92652 1.6
      vertex 32.44 4.35793 1.6
      vertex 32.8023 3.00563 1.6
    endloop
  endfacet
  facet normal 0 0 -1
    outer loop
      vertex 32.4046 2.92652 1.6
      vertex 32.2219 4.31454 1.6
      vertex 32.44 4.35793 1.6
    endloop
  endfacet
  facet normal 0 0 -1
    outer loop
      vertex 32 2.9 1.6
      vertex 32.2219 4.31454 1.6
      vertex 32.4046 2.92652 1.6
    endloop
  endfacet
  facet normal 0 0 -1
    outer loop
      vertex 32 2.9 1.6
      vertex 32 4.3 1.6
      vertex 32.2219 4.31454 1.6
    endloop
  endfacet
  facet normal 0 0 -1
    outer loop
      vertex 32 2.9 1.6
      vertex 31.7781 4.31454 1.6
      vertex 32 4.3 1.6
    endloop
  endfacet
  facet normal 0 0 -1
    outer loop
      vertex 31.5954 2.92652 1.6
      vertex 31.7781 4.31454 1.6
      vertex 32 2.9 1.6
    endloop
  endfacet
  facet normal 0 0 -1
    outer loop
      vertex 31.5954 2.92652 1.6
      vertex 31.56 4.35793 1.6
      vertex 31.7781 4.31454 1.6
    endloop
  endfacet
  facet normal 0 0 -1
    outer loop
      vertex 31.1977 3.00563 1.6
      vertex 31.56 4.35793 1.6
      vertex 31.5954 2.92652 1.6
    endloop
  endfacet
  facet normal -0 0 -1
    outer loop
      vertex 31.56 4.35793 1.6
      vertex 31.1977 3.00563 1.6
      vertex 31.3494 4.42941 1.6
    endloop
  endfacet
  facet normal 0 0 -1
    outer loop
      vertex 30.8137 3.13597 1.6
      vertex 31.3494 4.42941 1.6
      vertex 31.1977 3.00563 1.6
    endloop
  endfacet
  facet normal -0 0 -1
    outer loop
      vertex 31.3494 4.42941 1.6
      vertex 30.8137 3.13597 1.6
      vertex 31.15 4.52776 1.6
    endloop
  endfacet
  facet normal 0 0 -1
    outer loop
      vertex 30.45 3.31532 1.6
      vertex 31.15 4.52776 1.6
      vertex 30.8137 3.13597 1.6
    endloop
  endfacet
  facet normal -0 0 -1
    outer loop
      vertex 31.15 4.52776 1.6
      vertex 30.45 3.31532 1.6
      vertex 30.9651 4.6513 1.6
    endloop
  endfacet
  facet normal 0 0 -1
    outer loop
      vertex 30.1128 3.54061 1.6
      vertex 30.9651 4.6513 1.6
      vertex 30.45 3.31532 1.6
    endloop
  endfacet
  facet normal -0 0 -1
    outer loop
      vertex 30.9651 4.6513 1.6
      vertex 30.1128 3.54061 1.6
      vertex 30.7979 4.79792 1.6
    endloop
  endfacet
  facet normal 0 0 -1
    outer loop
      vertex 29.808 3.80797 1.6
      vertex 30.7979 4.79792 1.6
      vertex 30.1128 3.54061 1.6
    endloop
  endfacet
  facet normal -0 0 -1
    outer loop
      vertex 30.7979 4.79792 1.6
      vertex 29.808 3.80797 1.6
      vertex 30.6513 4.96511 1.6
    endloop
  endfacet
  facet normal 0 0 -1
    outer loop
      vertex 29.5406 4.11284 1.6
      vertex 30.6513 4.96511 1.6
      vertex 29.808 3.80797 1.6
    endloop
  endfacet
  facet normal -0 0 -1
    outer loop
      vertex 30.6513 4.96511 1.6
      vertex 29.5406 4.11284 1.6
      vertex 30.5278 5.15 1.6
    endloop
  endfacet
  facet normal 0 0 -1
    outer loop
      vertex 29.3153 4.45 1.6
      vertex 30.5278 5.15 1.6
      vertex 29.5406 4.11284 1.6
    endloop
  endfacet
  facet normal -0 0 -1
    outer loop
      vertex 30.5278 5.15 1.6
      vertex 29.3153 4.45 1.6
      vertex 30.4294 5.34944 1.6
    endloop
  endfacet
  facet normal 0 0 -1
    outer loop
      vertex 33.4722 6.85 1.6
      vertex 34.6847 7.55 1.6
      vertex 33.5706 6.65056 1.6
    endloop
  endfacet
  facet normal -0 0 -1
    outer loop
      vertex 34.6847 7.55 1.6
      vertex 33.4722 6.85 1.6
      vertex 34.4594 7.88716 1.6
    endloop
  endfacet
  facet normal 0 0 -1
    outer loop
      vertex 33.3487 7.03489 1.6
      vertex 34.4594 7.88716 1.6
      vertex 33.4722 6.85 1.6
    endloop
  endfacet
  facet normal -0 0 -1
    outer loop
      vertex 34.4594 7.88716 1.6
      vertex 33.3487 7.03489 1.6
      vertex 34.192 8.19203 1.6
    endloop
  endfacet
  facet normal 0 0 -1
    outer loop
      vertex 33.2021 7.20208 1.6
      vertex 34.192 8.19203 1.6
      vertex 33.3487 7.03489 1.6
    endloop
  endfacet
  facet normal -0 0 -1
    outer loop
      vertex 34.192 8.19203 1.6
      vertex 33.2021 7.20208 1.6
      vertex 33.8872 8.45939 1.6
    endloop
  endfacet
  facet normal 0 0 -1
    outer loop
      vertex 33.0349 7.3487 1.6
      vertex 33.8872 8.45939 1.6
      vertex 33.2021 7.20208 1.6
    endloop
  endfacet
  facet normal -0 0 -1
    outer loop
      vertex 33.8872 8.45939 1.6
      vertex 33.0349 7.3487 1.6
      vertex 33.55 8.68468 1.6
    endloop
  endfacet
  facet normal 0 0 -1
    outer loop
      vertex 32.85 7.47224 1.6
      vertex 33.55 8.68468 1.6
      vertex 33.0349 7.3487 1.6
    endloop
  endfacet
  facet normal -0 0 -1
    outer loop
      vertex 33.55 8.68468 1.6
      vertex 32.85 7.47224 1.6
      vertex 33.1863 8.86403 1.6
    endloop
  endfacet
  facet normal 0 0 -1
    outer loop
      vertex 32.6506 7.57059 1.6
      vertex 33.1863 8.86403 1.6
      vertex 32.85 7.47224 1.6
    endloop
  endfacet
  facet normal -0 0 -1
    outer loop
      vertex 33.1863 8.86403 1.6
      vertex 32.6506 7.57059 1.6
      vertex 32.8023 8.99437 1.6
    endloop
  endfacet
  facet normal 0 0 -1
    outer loop
      vertex 32.44 7.64207 1.6
      vertex 32.8023 8.99437 1.6
      vertex 32.6506 7.57059 1.6
    endloop
  endfacet
  facet normal 0 0 -1
    outer loop
      vertex 32.44 7.64207 1.6
      vertex 32.4046 9.07348 1.6
      vertex 32.8023 8.99437 1.6
    endloop
  endfacet
  facet normal 0 0 -1
    outer loop
      vertex 32.2219 7.68546 1.6
      vertex 32.4046 9.07348 1.6
      vertex 32.44 7.64207 1.6
    endloop
  endfacet
  facet normal 0 0 -1
    outer loop
      vertex 32 7.7 1.6
      vertex 32.4046 9.07348 1.6
      vertex 32.2219 7.68546 1.6
    endloop
  endfacet
  facet normal 0 0 -1
    outer loop
      vertex 32 7.7 1.6
      vertex 32 9.1 1.6
      vertex 32.4046 9.07348 1.6
    endloop
  endfacet
  facet normal 0 0 -1
    outer loop
      vertex 31.7781 7.68546 1.6
      vertex 32 9.1 1.6
      vertex 32 7.7 1.6
    endloop
  endfacet
  facet normal 0 0 -1
    outer loop
      vertex 31.7781 7.68546 1.6
      vertex 31.5954 9.07348 1.6
      vertex 32 9.1 1.6
    endloop
  endfacet
  facet normal 0 0 -1
    outer loop
      vertex 31.56 7.64207 1.6
      vertex 31.5954 9.07348 1.6
      vertex 31.7781 7.68546 1.6
    endloop
  endfacet
  facet normal 0 0 -1
    outer loop
      vertex 31.1977 8.99437 1.6
      vertex 31.56 7.64207 1.6
      vertex 31.3494 7.57059 1.6
    endloop
  endfacet
  facet normal 0 0 -1
    outer loop
      vertex 31.56 7.64207 1.6
      vertex 31.1977 8.99437 1.6
      vertex 31.5954 9.07348 1.6
    endloop
  endfacet
  facet normal 0 0 -1
    outer loop
      vertex 30.8137 8.86403 1.6
      vertex 31.3494 7.57059 1.6
      vertex 31.15 7.47224 1.6
    endloop
  endfacet
  facet normal 0 0 -1
    outer loop
      vertex 30.45 8.68468 1.6
      vertex 31.15 7.47224 1.6
      vertex 30.9651 7.3487 1.6
    endloop
  endfacet
  facet normal 0 0 -1
    outer loop
      vertex 31.3494 7.57059 1.6
      vertex 30.8137 8.86403 1.6
      vertex 31.1977 8.99437 1.6
    endloop
  endfacet
  facet normal 0 0 -1
    outer loop
      vertex 30.1128 8.45939 1.6
      vertex 30.9651 7.3487 1.6
      vertex 30.7979 7.20208 1.6
    endloop
  endfacet
  facet normal 0 0 -1
    outer loop
      vertex 29.808 8.19203 1.6
      vertex 30.7979 7.20208 1.6
      vertex 30.6513 7.03489 1.6
    endloop
  endfacet
  facet normal 0 0 -1
    outer loop
      vertex 29.5406 7.88716 1.6
      vertex 30.6513 7.03489 1.6
      vertex 30.5278 6.85 1.6
    endloop
  endfacet
  facet normal 0 0 -1
    outer loop
      vertex 31.15 7.47224 1.6
      vertex 30.45 8.68468 1.6
      vertex 30.8137 8.86403 1.6
    endloop
  endfacet
  facet normal 0 0 -1
    outer loop
      vertex 29.3153 7.55 1.6
      vertex 30.5278 6.85 1.6
      vertex 30.4294 6.65056 1.6
    endloop
  endfacet
  facet normal 0 0 -1
    outer loop
      vertex 29.136 7.18632 1.6
      vertex 30.4294 6.65056 1.6
      vertex 30.3579 6.43999 1.6
    endloop
  endfacet
  facet normal 0 0 -1
    outer loop
      vertex 29.0056 6.80234 1.6
      vertex 30.3579 6.43999 1.6
      vertex 30.3145 6.22189 1.6
    endloop
  endfacet
  facet normal 0 0 -1
    outer loop
      vertex 28.9265 6.40463 1.6
      vertex 30.3145 6.22189 1.6
      vertex 30.3 6 1.6
    endloop
  endfacet
  facet normal 0 0 -1
    outer loop
      vertex 29.136 4.81368 1.6
      vertex 30.4294 5.34944 1.6
      vertex 29.3153 4.45 1.6
    endloop
  endfacet
  facet normal 0 0 -1
    outer loop
      vertex 30.9651 7.3487 1.6
      vertex 30.1128 8.45939 1.6
      vertex 30.45 8.68468 1.6
    endloop
  endfacet
  facet normal -0 0 -1
    outer loop
      vertex 30.4294 5.34944 1.6
      vertex 29.136 4.81368 1.6
      vertex 30.3579 5.56001 1.6
    endloop
  endfacet
  facet normal 0 0 -1
    outer loop
      vertex 30.7979 7.20208 1.6
      vertex 29.808 8.19203 1.6
      vertex 30.1128 8.45939 1.6
    endloop
  endfacet
  facet normal 0 0 -1
    outer loop
      vertex 29.0056 5.19766 1.6
      vertex 30.3579 5.56001 1.6
      vertex 29.136 4.81368 1.6
    endloop
  endfacet
  facet normal 0 0 -1
    outer loop
      vertex 30.6513 7.03489 1.6
      vertex 29.5406 7.88716 1.6
      vertex 29.808 8.19203 1.6
    endloop
  endfacet
  facet normal -0 0 -1
    outer loop
      vertex 30.3579 5.56001 1.6
      vertex 29.0056 5.19766 1.6
      vertex 30.3145 5.77811 1.6
    endloop
  endfacet
  facet normal 0 0 -1
    outer loop
      vertex 30.5278 6.85 1.6
      vertex 29.3153 7.55 1.6
      vertex 29.5406 7.88716 1.6
    endloop
  endfacet
  facet normal 0 0 -1
    outer loop
      vertex 28.9265 5.59537 1.6
      vertex 30.3145 5.77811 1.6
      vertex 29.0056 5.19766 1.6
    endloop
  endfacet
  facet normal 0 0 -1
    outer loop
      vertex 30.4294 6.65056 1.6
      vertex 29.136 7.18632 1.6
      vertex 29.3153 7.55 1.6
    endloop
  endfacet
  facet normal -0 0 -1
    outer loop
      vertex 30.3145 5.77811 1.6
      vertex 28.9265 5.59537 1.6
      vertex 30.3 6 1.6
    endloop
  endfacet
  facet normal 0 0 -1
    outer loop
      vertex 30.3579 6.43999 1.6
      vertex 29.0056 6.80234 1.6
      vertex 29.136 7.18632 1.6
    endloop
  endfacet
  facet normal 0 0 -1
    outer loop
      vertex 28.9 6 1.6
      vertex 30.3 6 1.6
      vertex 28.9265 5.59537 1.6
    endloop
  endfacet
  facet normal 0 0 -1
    outer loop
      vertex 30.3145 6.22189 1.6
      vertex 28.9265 6.40463 1.6
      vertex 29.0056 6.80234 1.6
    endloop
  endfacet
  facet normal 0 0 -1
    outer loop
      vertex 30.3 6 1.6
      vertex 28.9 6 1.6
      vertex 28.9265 6.40463 1.6
    endloop
  endfacet
  facet normal 0.896919 0.442195 0
    outer loop
      vertex 29.3153 4.45 1.6
      vertex 29.136 4.81368 3.8147e-07
      vertex 29.136 4.81368 1.6
    endloop
  endfacet
  facet normal 0.896919 0.442195 0
    outer loop
      vertex 29.136 4.81368 3.8147e-07
      vertex 29.3153 4.45 1.6
      vertex 29.3153 4.45 3.8147e-07
    endloop
  endfacet
  facet normal 0.83145 0.555599 0
    outer loop
      vertex 29.5406 4.11284 1.6
      vertex 29.3153 4.45 3.8147e-07
      vertex 29.3153 4.45 1.6
    endloop
  endfacet
  facet normal 0.83145 0.555599 0
    outer loop
      vertex 29.3153 4.45 3.8147e-07
      vertex 29.5406 4.11284 1.6
      vertex 29.5406 4.11284 3.8147e-07
    endloop
  endfacet
  facet normal 0.555536 -0.831492 0
    outer loop
      vertex 30.1128 8.45939 3.8147e-07
      vertex 30.45 8.68468 1.6
      vertex 30.1128 8.45939 1.6
    endloop
  endfacet
  facet normal 0.555536 -0.831492 0
    outer loop
      vertex 30.45 8.68468 1.6
      vertex 30.1128 8.45939 3.8147e-07
      vertex 30.45 8.68468 3.8147e-07
    endloop
  endfacet
  facet normal -0.98077 0.195165 0
    outer loop
      vertex 33.6421 77.56 1.6
      vertex 33.6855 77.7781 2.4
      vertex 33.6855 77.7781 1.6
    endloop
  endfacet
  facet normal -0.98077 0.195165 0
    outer loop
      vertex 33.6855 77.7781 2.4
      vertex 33.6421 77.56 1.6
      vertex 33.6421 77.56 2.4
    endloop
  endfacet
  facet normal -0.997872 0.0652057 0
    outer loop
      vertex 33.6855 77.7781 1.6
      vertex 33.7 78 2.4
      vertex 33.7 78 1.6
    endloop
  endfacet
  facet normal -0.997872 0.0652057 0
    outer loop
      vertex 33.7 78 2.4
      vertex 33.6855 77.7781 1.6
      vertex 33.6855 77.7781 2.4
    endloop
  endfacet
  facet normal -0.0652057 -0.997872 0
    outer loop
      vertex 32 79.7 1.6
      vertex 32.2219 79.6855 2.4
      vertex 32 79.7 2.4
    endloop
  endfacet
  facet normal -0.0652057 -0.997872 -0
    outer loop
      vertex 32.2219 79.6855 2.4
      vertex 32 79.7 1.6
      vertex 32.2219 79.6855 1.6
    endloop
  endfacet
  facet normal 0.659268 0.751908 -0
    outer loop
      vertex 30.9651 76.6513 1.6
      vertex 30.7979 76.7979 2.4
      vertex 30.9651 76.6513 2.4
    endloop
  endfacet
  facet normal 0.659268 0.751908 0
    outer loop
      vertex 30.7979 76.7979 2.4
      vertex 30.9651 76.6513 1.6
      vertex 30.7979 76.7979 1.6
    endloop
  endfacet
  facet normal 0.831566 -0.555426 0
    outer loop
      vertex 30.5278 78.85 2.4
      vertex 30.6513 79.0349 1.6
      vertex 30.6513 79.0349 2.4
    endloop
  endfacet
  facet normal 0.831566 -0.555426 0
    outer loop
      vertex 30.6513 79.0349 1.6
      vertex 30.5278 78.85 2.4
      vertex 30.5278 78.85 1.6
    endloop
  endfacet
  facet normal 0.195165 -0.98077 0
    outer loop
      vertex 31.56 79.6421 1.6
      vertex 31.7781 79.6855 2.4
      vertex 31.56 79.6421 2.4
    endloop
  endfacet
  facet normal 0.195165 -0.98077 0
    outer loop
      vertex 31.7781 79.6855 2.4
      vertex 31.56 79.6421 1.6
      vertex 31.7781 79.6855 1.6
    endloop
  endfacet
  facet normal -0.659268 0.751908 0
    outer loop
      vertex 33.2021 76.7979 1.6
      vertex 33.0349 76.6513 2.4
      vertex 33.2021 76.7979 2.4
    endloop
  endfacet
  facet normal -0.659268 0.751908 0
    outer loop
      vertex 33.0349 76.6513 2.4
      vertex 33.2021 76.7979 1.6
      vertex 33.0349 76.6513 1.6
    endloop
  endfacet
  facet normal -0.946915 -0.321484 0
    outer loop
      vertex 33.6421 78.44 1.6
      vertex 33.5706 78.6506 2.4
      vertex 33.5706 78.6506 1.6
    endloop
  endfacet
  facet normal -0.946915 -0.321484 0
    outer loop
      vertex 33.5706 78.6506 2.4
      vertex 33.6421 78.44 1.6
      vertex 33.6421 78.44 2.4
    endloop
  endfacet
  facet normal -0.751908 -0.659268 0
    outer loop
      vertex 33.3487 79.0349 1.6
      vertex 33.2021 79.2021 2.4
      vertex 33.2021 79.2021 1.6
    endloop
  endfacet
  facet normal -0.751908 -0.659268 0
    outer loop
      vertex 33.2021 79.2021 2.4
      vertex 33.3487 79.0349 1.6
      vertex 33.3487 79.0349 2.4
    endloop
  endfacet
  facet normal -0.751908 0.659268 0
    outer loop
      vertex 33.2021 76.7979 1.6
      vertex 33.3487 76.9651 2.4
      vertex 33.3487 76.9651 1.6
    endloop
  endfacet
  facet normal -0.751908 0.659268 0
    outer loop
      vertex 33.3487 76.9651 2.4
      vertex 33.2021 76.7979 1.6
      vertex 33.2021 76.7979 2.4
    endloop
  endfacet
  facet normal 0.946915 -0.321484 0
    outer loop
      vertex 30.3579 78.44 2.4
      vertex 30.4294 78.6506 1.6
      vertex 30.4294 78.6506 2.4
    endloop
  endfacet
  facet normal 0.946915 -0.321484 0
    outer loop
      vertex 30.4294 78.6506 1.6
      vertex 30.3579 78.44 2.4
      vertex 30.3579 78.44 1.6
    endloop
  endfacet
  facet normal -0.321484 -0.946915 0
    outer loop
      vertex 32.44 79.6421 1.6
      vertex 32.6506 79.5706 2.4
      vertex 32.44 79.6421 2.4
    endloop
  endfacet
  facet normal -0.321484 -0.946915 -0
    outer loop
      vertex 32.6506 79.5706 2.4
      vertex 32.44 79.6421 1.6
      vertex 32.6506 79.5706 1.6
    endloop
  endfacet
  facet normal 0.0652057 -0.997872 0
    outer loop
      vertex 31.7781 79.6855 1.6
      vertex 32 79.7 2.4
      vertex 31.7781 79.6855 2.4
    endloop
  endfacet
  facet normal 0.0652057 -0.997872 0
    outer loop
      vertex 32 79.7 2.4
      vertex 31.7781 79.6855 1.6
      vertex 32 79.7 1.6
    endloop
  endfacet
  facet normal 0.321484 0.946915 -0
    outer loop
      vertex 31.56 76.3579 1.6
      vertex 31.3494 76.4294 2.4
      vertex 31.56 76.3579 2.4
    endloop
  endfacet
  facet normal 0.321484 0.946915 0
    outer loop
      vertex 31.3494 76.4294 2.4
      vertex 31.56 76.3579 1.6
      vertex 31.3494 76.4294 1.6
    endloop
  endfacet
  facet normal -0.946915 0.321484 0
    outer loop
      vertex 33.5706 77.3494 1.6
      vertex 33.6421 77.56 2.4
      vertex 33.6421 77.56 1.6
    endloop
  endfacet
  facet normal -0.946915 0.321484 0
    outer loop
      vertex 33.6421 77.56 2.4
      vertex 33.5706 77.3494 1.6
      vertex 33.5706 77.3494 2.4
    endloop
  endfacet
  facet normal 0.751908 0.659268 0
    outer loop
      vertex 30.7979 76.7979 2.4
      vertex 30.6513 76.9651 1.6
      vertex 30.6513 76.9651 2.4
    endloop
  endfacet
  facet normal 0.751908 0.659268 0
    outer loop
      vertex 30.6513 76.9651 1.6
      vertex 30.7979 76.7979 2.4
      vertex 30.7979 76.7979 1.6
    endloop
  endfacet
  facet normal 0.44253 -0.896754 0
    outer loop
      vertex 31.15 79.4722 1.6
      vertex 31.3494 79.5706 2.4
      vertex 31.15 79.4722 2.4
    endloop
  endfacet
  facet normal 0.44253 -0.896754 0
    outer loop
      vertex 31.3494 79.5706 2.4
      vertex 31.15 79.4722 1.6
      vertex 31.3494 79.5706 1.6
    endloop
  endfacet
  facet normal 0.0652057 0.997872 -0
    outer loop
      vertex 32 76.3 1.6
      vertex 31.7781 76.3145 2.4
      vertex 32 76.3 2.4
    endloop
  endfacet
  facet normal 0.0652057 0.997872 0
    outer loop
      vertex 31.7781 76.3145 2.4
      vertex 32 76.3 1.6
      vertex 31.7781 76.3145 1.6
    endloop
  endfacet
  facet normal -0.896754 -0.44253 0
    outer loop
      vertex 33.5706 78.6506 1.6
      vertex 33.4722 78.85 2.4
      vertex 33.4722 78.85 1.6
    endloop
  endfacet
  facet normal -0.896754 -0.44253 0
    outer loop
      vertex 33.4722 78.85 2.4
      vertex 33.5706 78.6506 1.6
      vertex 33.5706 78.6506 2.4
    endloop
  endfacet
  facet normal -0.555426 -0.831566 0
    outer loop
      vertex 32.85 79.4722 1.6
      vertex 33.0349 79.3487 2.4
      vertex 32.85 79.4722 2.4
    endloop
  endfacet
  facet normal -0.555426 -0.831566 -0
    outer loop
      vertex 33.0349 79.3487 2.4
      vertex 32.85 79.4722 1.6
      vertex 33.0349 79.3487 1.6
    endloop
  endfacet
  facet normal 0.98077 -0.195165 0
    outer loop
      vertex 30.3145 78.2219 2.4
      vertex 30.3579 78.44 1.6
      vertex 30.3579 78.44 2.4
    endloop
  endfacet
  facet normal 0.98077 -0.195165 0
    outer loop
      vertex 30.3579 78.44 1.6
      vertex 30.3145 78.2219 2.4
      vertex 30.3145 78.2219 1.6
    endloop
  endfacet
  facet normal -0.195165 0.98077 0
    outer loop
      vertex 32.44 76.3579 1.6
      vertex 32.2219 76.3145 2.4
      vertex 32.44 76.3579 2.4
    endloop
  endfacet
  facet normal -0.195165 0.98077 0
    outer loop
      vertex 32.2219 76.3145 2.4
      vertex 32.44 76.3579 1.6
      vertex 32.2219 76.3145 1.6
    endloop
  endfacet
  facet normal -0.831566 0.555426 0
    outer loop
      vertex 33.3487 76.9651 1.6
      vertex 33.4722 77.15 2.4
      vertex 33.4722 77.15 1.6
    endloop
  endfacet
  facet normal -0.831566 0.555426 0
    outer loop
      vertex 33.4722 77.15 2.4
      vertex 33.3487 76.9651 1.6
      vertex 33.3487 76.9651 2.4
    endloop
  endfacet
  facet normal -0.997872 -0.0652057 0
    outer loop
      vertex 33.7 78 1.6
      vertex 33.6855 78.2219 2.4
      vertex 33.6855 78.2219 1.6
    endloop
  endfacet
  facet normal -0.997872 -0.0652057 0
    outer loop
      vertex 33.6855 78.2219 2.4
      vertex 33.7 78 1.6
      vertex 33.7 78 2.4
    endloop
  endfacet
  facet normal -0.321484 0.946915 0
    outer loop
      vertex 32.6506 76.4294 1.6
      vertex 32.44 76.3579 2.4
      vertex 32.6506 76.4294 2.4
    endloop
  endfacet
  facet normal -0.321484 0.946915 0
    outer loop
      vertex 32.44 76.3579 2.4
      vertex 32.6506 76.4294 1.6
      vertex 32.44 76.3579 1.6
    endloop
  endfacet
  facet normal -0.555426 0.831566 0
    outer loop
      vertex 33.0349 76.6513 1.6
      vertex 32.85 76.5278 2.4
      vertex 33.0349 76.6513 2.4
    endloop
  endfacet
  facet normal -0.555426 0.831566 0
    outer loop
      vertex 32.85 76.5278 2.4
      vertex 33.0349 76.6513 1.6
      vertex 32.85 76.5278 1.6
    endloop
  endfacet
  facet normal 0.195165 0.98077 -0
    outer loop
      vertex 31.7781 76.3145 1.6
      vertex 31.56 76.3579 2.4
      vertex 31.7781 76.3145 2.4
    endloop
  endfacet
  facet normal 0.195165 0.98077 0
    outer loop
      vertex 31.56 76.3579 2.4
      vertex 31.7781 76.3145 1.6
      vertex 31.56 76.3579 1.6
    endloop
  endfacet
  facet normal -0.659268 -0.751908 0
    outer loop
      vertex 33.0349 79.3487 1.6
      vertex 33.2021 79.2021 2.4
      vertex 33.0349 79.3487 2.4
    endloop
  endfacet
  facet normal -0.659268 -0.751908 -0
    outer loop
      vertex 33.2021 79.2021 2.4
      vertex 33.0349 79.3487 1.6
      vertex 33.2021 79.2021 1.6
    endloop
  endfacet
  facet normal 0.896754 0.44253 0
    outer loop
      vertex 30.5278 77.15 2.4
      vertex 30.4294 77.3494 1.6
      vertex 30.4294 77.3494 2.4
    endloop
  endfacet
  facet normal 0.896754 0.44253 0
    outer loop
      vertex 30.4294 77.3494 1.6
      vertex 30.5278 77.15 2.4
      vertex 30.5278 77.15 1.6
    endloop
  endfacet
  facet normal -0.98077 -0.195165 0
    outer loop
      vertex 33.6855 78.2219 1.6
      vertex 33.6421 78.44 2.4
      vertex 33.6421 78.44 1.6
    endloop
  endfacet
  facet normal -0.98077 -0.195165 0
    outer loop
      vertex 33.6421 78.44 2.4
      vertex 33.6855 78.2219 1.6
      vertex 33.6855 78.2219 2.4
    endloop
  endfacet
  facet normal -0.195165 -0.98077 0
    outer loop
      vertex 32.2219 79.6855 1.6
      vertex 32.44 79.6421 2.4
      vertex 32.2219 79.6855 2.4
    endloop
  endfacet
  facet normal -0.195165 -0.98077 -0
    outer loop
      vertex 32.44 79.6421 2.4
      vertex 32.2219 79.6855 1.6
      vertex 32.44 79.6421 1.6
    endloop
  endfacet
  facet normal 0.659268 -0.751908 0
    outer loop
      vertex 30.7979 79.2021 1.6
      vertex 30.9651 79.3487 2.4
      vertex 30.7979 79.2021 2.4
    endloop
  endfacet
  facet normal 0.659268 -0.751908 0
    outer loop
      vertex 30.9651 79.3487 2.4
      vertex 30.7979 79.2021 1.6
      vertex 30.9651 79.3487 1.6
    endloop
  endfacet
  facet normal 0.751908 -0.659268 0
    outer loop
      vertex 30.6513 79.0349 2.4
      vertex 30.7979 79.2021 1.6
      vertex 30.7979 79.2021 2.4
    endloop
  endfacet
  facet normal 0.751908 -0.659268 0
    outer loop
      vertex 30.7979 79.2021 1.6
      vertex 30.6513 79.0349 2.4
      vertex 30.6513 79.0349 1.6
    endloop
  endfacet
  facet normal -0.0652057 0.997872 0
    outer loop
      vertex 32.2219 76.3145 1.6
      vertex 32 76.3 2.4
      vertex 32.2219 76.3145 2.4
    endloop
  endfacet
  facet normal -0.0652057 0.997872 0
    outer loop
      vertex 32 76.3 2.4
      vertex 32.2219 76.3145 1.6
      vertex 32 76.3 1.6
    endloop
  endfacet
  facet normal -0.44253 0.896754 0
    outer loop
      vertex 32.85 76.5278 1.6
      vertex 32.6506 76.4294 2.4
      vertex 32.85 76.5278 2.4
    endloop
  endfacet
  facet normal -0.44253 0.896754 0
    outer loop
      vertex 32.6506 76.4294 2.4
      vertex 32.85 76.5278 1.6
      vertex 32.6506 76.4294 1.6
    endloop
  endfacet
  facet normal -0.831566 -0.555426 0
    outer loop
      vertex 33.4722 78.85 1.6
      vertex 33.3487 79.0349 2.4
      vertex 33.3487 79.0349 1.6
    endloop
  endfacet
  facet normal -0.831566 -0.555426 0
    outer loop
      vertex 33.3487 79.0349 2.4
      vertex 33.4722 78.85 1.6
      vertex 33.4722 78.85 2.4
    endloop
  endfacet
  facet normal 0.997872 -0.0652057 0
    outer loop
      vertex 30.3 78 2.4
      vertex 30.3145 78.2219 1.6
      vertex 30.3145 78.2219 2.4
    endloop
  endfacet
  facet normal 0.997872 -0.0652057 0
    outer loop
      vertex 30.3145 78.2219 1.6
      vertex 30.3 78 2.4
      vertex 30.3 78 1.6
    endloop
  endfacet
  facet normal -0.44253 -0.896754 0
    outer loop
      vertex 32.6506 79.5706 1.6
      vertex 32.85 79.4722 2.4
      vertex 32.6506 79.5706 2.4
    endloop
  endfacet
  facet normal -0.44253 -0.896754 -0
    outer loop
      vertex 32.85 79.4722 2.4
      vertex 32.6506 79.5706 1.6
      vertex 32.85 79.4722 1.6
    endloop
  endfacet
  facet normal 0.98077 0.195165 0
    outer loop
      vertex 30.3579 77.56 2.4
      vertex 30.3145 77.7781 1.6
      vertex 30.3145 77.7781 2.4
    endloop
  endfacet
  facet normal 0.98077 0.195165 0
    outer loop
      vertex 30.3145 77.7781 1.6
      vertex 30.3579 77.56 2.4
      vertex 30.3579 77.56 1.6
    endloop
  endfacet
  facet normal 0.896754 -0.44253 0
    outer loop
      vertex 30.4294 78.6506 2.4
      vertex 30.5278 78.85 1.6
      vertex 30.5278 78.85 2.4
    endloop
  endfacet
  facet normal 0.896754 -0.44253 0
    outer loop
      vertex 30.5278 78.85 1.6
      vertex 30.4294 78.6506 2.4
      vertex 30.4294 78.6506 1.6
    endloop
  endfacet
  facet normal 0.946915 0.321484 0
    outer loop
      vertex 30.4294 77.3494 2.4
      vertex 30.3579 77.56 1.6
      vertex 30.3579 77.56 2.4
    endloop
  endfacet
  facet normal 0.946915 0.321484 0
    outer loop
      vertex 30.3579 77.56 1.6
      vertex 30.4294 77.3494 2.4
      vertex 30.4294 77.3494 1.6
    endloop
  endfacet
  facet normal 0.555426 0.831566 -0
    outer loop
      vertex 31.15 76.5278 1.6
      vertex 30.9651 76.6513 2.4
      vertex 31.15 76.5278 2.4
    endloop
  endfacet
  facet normal 0.555426 0.831566 0
    outer loop
      vertex 30.9651 76.6513 2.4
      vertex 31.15 76.5278 1.6
      vertex 30.9651 76.6513 1.6
    endloop
  endfacet
  facet normal -0.896754 0.44253 0
    outer loop
      vertex 33.4722 77.15 1.6
      vertex 33.5706 77.3494 2.4
      vertex 33.5706 77.3494 1.6
    endloop
  endfacet
  facet normal -0.896754 0.44253 0
    outer loop
      vertex 33.5706 77.3494 2.4
      vertex 33.4722 77.15 1.6
      vertex 33.4722 77.15 2.4
    endloop
  endfacet
  facet normal 0.997872 0.0652057 0
    outer loop
      vertex 30.3145 77.7781 2.4
      vertex 30.3 78 1.6
      vertex 30.3 78 2.4
    endloop
  endfacet
  facet normal 0.997872 0.0652057 0
    outer loop
      vertex 30.3 78 1.6
      vertex 30.3145 77.7781 2.4
      vertex 30.3145 77.7781 1.6
    endloop
  endfacet
  facet normal 0.321484 -0.946915 0
    outer loop
      vertex 31.3494 79.5706 1.6
      vertex 31.56 79.6421 2.4
      vertex 31.3494 79.5706 2.4
    endloop
  endfacet
  facet normal 0.321484 -0.946915 0
    outer loop
      vertex 31.56 79.6421 2.4
      vertex 31.3494 79.5706 1.6
      vertex 31.56 79.6421 1.6
    endloop
  endfacet
  facet normal 0.44253 0.896754 -0
    outer loop
      vertex 31.3494 76.4294 1.6
      vertex 31.15 76.5278 2.4
      vertex 31.3494 76.4294 2.4
    endloop
  endfacet
  facet normal 0.44253 0.896754 0
    outer loop
      vertex 31.15 76.5278 2.4
      vertex 31.3494 76.4294 1.6
      vertex 31.15 76.5278 1.6
    endloop
  endfacet
  facet normal 0.831566 0.555426 0
    outer loop
      vertex 30.6513 76.9651 2.4
      vertex 30.5278 77.15 1.6
      vertex 30.5278 77.15 2.4
    endloop
  endfacet
  facet normal 0.831566 0.555426 0
    outer loop
      vertex 30.5278 77.15 1.6
      vertex 30.6513 76.9651 2.4
      vertex 30.6513 76.9651 1.6
    endloop
  endfacet
  facet normal 0.555426 -0.831566 0
    outer loop
      vertex 30.9651 79.3487 1.6
      vertex 31.15 79.4722 2.4
      vertex 30.9651 79.3487 2.4
    endloop
  endfacet
  facet normal 0.555426 -0.831566 0
    outer loop
      vertex 31.15 79.4722 2.4
      vertex 30.9651 79.3487 1.6
      vertex 31.15 79.4722 1.6
    endloop
  endfacet
  facet normal 0.896928 -0.442176 0
    outer loop
      vertex 29.136 79.1863 1.6
      vertex 29.3153 79.55 3.8147e-07
      vertex 29.3153 79.55 1.6
    endloop
  endfacet
  facet normal 0.896928 -0.442176 0
    outer loop
      vertex 29.3153 79.55 3.8147e-07
      vertex 29.136 79.1863 1.6
      vertex 29.136 79.1863 3.8147e-07
    endloop
  endfacet
  facet normal -0.442176 -0.896928 0
    outer loop
      vertex 33.1863 80.864 3.8147e-07
      vertex 33.55 80.6847 1.6
      vertex 33.1863 80.864 1.6
    endloop
  endfacet
  facet normal -0.442176 -0.896928 -0
    outer loop
      vertex 33.55 80.6847 1.6
      vertex 33.1863 80.864 3.8147e-07
      vertex 33.55 80.6847 3.8147e-07
    endloop
  endfacet
  facet normal -0.980789 0.195073 0
    outer loop
      vertex 34.9944 77.1977 3.8147e-07
      vertex 35.0735 77.5954 1.6
      vertex 35.0735 77.5954 3.8147e-07
    endloop
  endfacet
  facet normal -0.980789 0.195073 0
    outer loop
      vertex 35.0735 77.5954 1.6
      vertex 34.9944 77.1977 3.8147e-07
      vertex 34.9944 77.1977 1.6
    endloop
  endfacet
  facet normal -0.997862 0.0653568 0
    outer loop
      vertex 35.0735 77.5954 3.8147e-07
      vertex 35.1 78 1.6
      vertex 35.1 78 3.8147e-07
    endloop
  endfacet
  facet normal -0.997862 0.0653568 0
    outer loop
      vertex 35.1 78 1.6
      vertex 35.0735 77.5954 3.8147e-07
      vertex 35.0735 77.5954 1.6
    endloop
  endfacet
  facet normal -0.946893 0.321549 0
    outer loop
      vertex 34.864 76.8137 3.8147e-07
      vertex 34.9944 77.1977 1.6
      vertex 34.9944 77.1977 3.8147e-07
    endloop
  endfacet
  facet normal -0.946893 0.321549 0
    outer loop
      vertex 34.9944 77.1977 1.6
      vertex 34.864 76.8137 3.8147e-07
      vertex 34.864 76.8137 1.6
    endloop
  endfacet
  facet normal -0.751721 -0.659482 0
    outer loop
      vertex 34.4594 79.8872 3.8147e-07
      vertex 34.192 80.192 1.6
      vertex 34.192 80.192 3.8147e-07
    endloop
  endfacet
  facet normal -0.751721 -0.659482 0
    outer loop
      vertex 34.192 80.192 1.6
      vertex 34.4594 79.8872 3.8147e-07
      vertex 34.4594 79.8872 1.6
    endloop
  endfacet
  facet normal -0.321549 0.946893 0
    outer loop
      vertex 33.1863 75.136 3.8147e-07
      vertex 32.8023 75.0056 1.6
      vertex 33.1863 75.136 1.6
    endloop
  endfacet
  facet normal -0.321549 0.946893 0
    outer loop
      vertex 32.8023 75.0056 1.6
      vertex 33.1863 75.136 3.8147e-07
      vertex 32.8023 75.0056 3.8147e-07
    endloop
  endfacet
  facet normal -0.555553 0.831481 0
    outer loop
      vertex 33.8872 75.5406 3.8147e-07
      vertex 33.55 75.3153 1.6
      vertex 33.8872 75.5406 1.6
    endloop
  endfacet
  facet normal -0.555553 0.831481 0
    outer loop
      vertex 33.55 75.3153 1.6
      vertex 33.8872 75.5406 3.8147e-07
      vertex 33.55 75.3153 3.8147e-07
    endloop
  endfacet
  facet normal -0.896928 -0.442176 0
    outer loop
      vertex 34.864 79.1863 3.8147e-07
      vertex 34.6847 79.55 1.6
      vertex 34.6847 79.55 3.8147e-07
    endloop
  endfacet
  facet normal -0.896928 -0.442176 0
    outer loop
      vertex 34.6847 79.55 1.6
      vertex 34.864 79.1863 3.8147e-07
      vertex 34.864 79.1863 1.6
    endloop
  endfacet
  facet normal -0.321549 -0.946893 0
    outer loop
      vertex 32.8023 80.9944 3.8147e-07
      vertex 33.1863 80.864 1.6
      vertex 32.8023 80.9944 1.6
    endloop
  endfacet
  facet normal -0.321549 -0.946893 -0
    outer loop
      vertex 33.1863 80.864 1.6
      vertex 32.8023 80.9944 3.8147e-07
      vertex 33.1863 80.864 3.8147e-07
    endloop
  endfacet
  facet normal -0.896928 0.442176 0
    outer loop
      vertex 34.6847 76.45 3.8147e-07
      vertex 34.864 76.8137 1.6
      vertex 34.864 76.8137 3.8147e-07
    endloop
  endfacet
  facet normal -0.896928 0.442176 0
    outer loop
      vertex 34.864 76.8137 1.6
      vertex 34.6847 76.45 3.8147e-07
      vertex 34.6847 76.45 1.6
    endloop
  endfacet
  facet normal 0.195073 0.980789 -0
    outer loop
      vertex 31.5954 74.9265 3.8147e-07
      vertex 31.1977 75.0056 1.6
      vertex 31.5954 74.9265 1.6
    endloop
  endfacet
  facet normal 0.195073 0.980789 0
    outer loop
      vertex 31.1977 75.0056 1.6
      vertex 31.5954 74.9265 3.8147e-07
      vertex 31.1977 75.0056 3.8147e-07
    endloop
  endfacet
  facet normal 0.0653568 -0.997862 0
    outer loop
      vertex 31.5954 81.0735 3.8147e-07
      vertex 32 81.1 1.6
      vertex 31.5954 81.0735 1.6
    endloop
  endfacet
  facet normal 0.0653568 -0.997862 0
    outer loop
      vertex 32 81.1 1.6
      vertex 31.5954 81.0735 3.8147e-07
      vertex 32 81.1 3.8147e-07
    endloop
  endfacet
  facet normal 0.555553 0.831481 -0
    outer loop
      vertex 30.45 75.3153 3.8147e-07
      vertex 30.1128 75.5406 1.6
      vertex 30.45 75.3153 1.6
    endloop
  endfacet
  facet normal 0.555553 0.831481 0
    outer loop
      vertex 30.1128 75.5406 1.6
      vertex 30.45 75.3153 3.8147e-07
      vertex 30.1128 75.5406 3.8147e-07
    endloop
  endfacet
  facet normal 0.321549 -0.946893 0
    outer loop
      vertex 30.8137 80.864 3.8147e-07
      vertex 31.1977 80.9944 1.6
      vertex 30.8137 80.864 1.6
    endloop
  endfacet
  facet normal 0.321549 -0.946893 0
    outer loop
      vertex 31.1977 80.9944 1.6
      vertex 30.8137 80.864 3.8147e-07
      vertex 31.1977 80.9944 3.8147e-07
    endloop
  endfacet
  facet normal -0.946893 -0.321549 0
    outer loop
      vertex 34.9944 78.8023 3.8147e-07
      vertex 34.864 79.1863 1.6
      vertex 34.864 79.1863 3.8147e-07
    endloop
  endfacet
  facet normal -0.946893 -0.321549 0
    outer loop
      vertex 34.864 79.1863 1.6
      vertex 34.9944 78.8023 3.8147e-07
      vertex 34.9944 78.8023 1.6
    endloop
  endfacet
  facet normal 0.831481 -0.555553 0
    outer loop
      vertex 29.3153 79.55 1.6
      vertex 29.5406 79.8872 3.8147e-07
      vertex 29.5406 79.8872 1.6
    endloop
  endfacet
  facet normal 0.831481 -0.555553 0
    outer loop
      vertex 29.5406 79.8872 3.8147e-07
      vertex 29.3153 79.55 1.6
      vertex 29.3153 79.55 3.8147e-07
    endloop
  endfacet
  facet normal 0.659482 -0.751721 0
    outer loop
      vertex 29.808 80.192 3.8147e-07
      vertex 30.1128 80.4594 1.6
      vertex 29.808 80.192 1.6
    endloop
  endfacet
  facet normal 0.659482 -0.751721 0
    outer loop
      vertex 30.1128 80.4594 1.6
      vertex 29.808 80.192 3.8147e-07
      vertex 30.1128 80.4594 3.8147e-07
    endloop
  endfacet
  facet normal 0.659482 0.751721 -0
    outer loop
      vertex 30.1128 75.5406 3.8147e-07
      vertex 29.808 75.808 1.6
      vertex 30.1128 75.5406 1.6
    endloop
  endfacet
  facet normal 0.659482 0.751721 0
    outer loop
      vertex 29.808 75.808 1.6
      vertex 30.1128 75.5406 3.8147e-07
      vertex 29.808 75.808 3.8147e-07
    endloop
  endfacet
  facet normal 0.946893 0.321549 0
    outer loop
      vertex 29.136 76.8137 1.6
      vertex 29.0056 77.1977 3.8147e-07
      vertex 29.0056 77.1977 1.6
    endloop
  endfacet
  facet normal 0.946893 0.321549 0
    outer loop
      vertex 29.0056 77.1977 3.8147e-07
      vertex 29.136 76.8137 1.6
      vertex 29.136 76.8137 3.8147e-07
    endloop
  endfacet
  facet normal 0.442176 0.896928 -0
    outer loop
      vertex 30.8137 75.136 3.8147e-07
      vertex 30.45 75.3153 1.6
      vertex 30.8137 75.136 1.6
    endloop
  endfacet
  facet normal 0.442176 0.896928 0
    outer loop
      vertex 30.45 75.3153 1.6
      vertex 30.8137 75.136 3.8147e-07
      vertex 30.45 75.3153 3.8147e-07
    endloop
  endfacet
  facet normal 0.980789 0.195073 0
    outer loop
      vertex 29.0056 77.1977 1.6
      vertex 28.9265 77.5954 3.8147e-07
      vertex 28.9265 77.5954 1.6
    endloop
  endfacet
  facet normal 0.980789 0.195073 0
    outer loop
      vertex 28.9265 77.5954 3.8147e-07
      vertex 29.0056 77.1977 1.6
      vertex 29.0056 77.1977 3.8147e-07
    endloop
  endfacet
  facet normal 0.321549 0.946893 -0
    outer loop
      vertex 31.1977 75.0056 3.8147e-07
      vertex 30.8137 75.136 1.6
      vertex 31.1977 75.0056 1.6
    endloop
  endfacet
  facet normal 0.321549 0.946893 0
    outer loop
      vertex 30.8137 75.136 1.6
      vertex 31.1977 75.0056 3.8147e-07
      vertex 30.8137 75.136 3.8147e-07
    endloop
  endfacet
  facet normal -0.659482 -0.751721 0
    outer loop
      vertex 33.8872 80.4594 3.8147e-07
      vertex 34.192 80.192 1.6
      vertex 33.8872 80.4594 1.6
    endloop
  endfacet
  facet normal -0.659482 -0.751721 -0
    outer loop
      vertex 34.192 80.192 1.6
      vertex 33.8872 80.4594 3.8147e-07
      vertex 34.192 80.192 3.8147e-07
    endloop
  endfacet
  facet normal -0.0653568 0.997862 0
    outer loop
      vertex 32.4046 74.9265 3.8147e-07
      vertex 32 74.9 1.6
      vertex 32.4046 74.9265 1.6
    endloop
  endfacet
  facet normal -0.0653568 0.997862 0
    outer loop
      vertex 32 74.9 1.6
      vertex 32.4046 74.9265 3.8147e-07
      vertex 32 74.9 3.8147e-07
    endloop
  endfacet
  facet normal -0.831481 0.555553 0
    outer loop
      vertex 34.4594 76.1128 3.8147e-07
      vertex 34.6847 76.45 1.6
      vertex 34.6847 76.45 3.8147e-07
    endloop
  endfacet
  facet normal -0.831481 0.555553 0
    outer loop
      vertex 34.6847 76.45 1.6
      vertex 34.4594 76.1128 3.8147e-07
      vertex 34.4594 76.1128 1.6
    endloop
  endfacet
  facet normal -0.195073 -0.980789 0
    outer loop
      vertex 32.4046 81.0735 3.8147e-07
      vertex 32.8023 80.9944 1.6
      vertex 32.4046 81.0735 1.6
    endloop
  endfacet
  facet normal -0.195073 -0.980789 -0
    outer loop
      vertex 32.8023 80.9944 1.6
      vertex 32.4046 81.0735 3.8147e-07
      vertex 32.8023 80.9944 3.8147e-07
    endloop
  endfacet
  facet normal 0.980789 -0.195073 0
    outer loop
      vertex 28.9265 78.4046 1.6
      vertex 29.0056 78.8023 3.8147e-07
      vertex 29.0056 78.8023 1.6
    endloop
  endfacet
  facet normal 0.980789 -0.195073 0
    outer loop
      vertex 29.0056 78.8023 3.8147e-07
      vertex 28.9265 78.4046 1.6
      vertex 28.9265 78.4046 3.8147e-07
    endloop
  endfacet
  facet normal 0.751721 0.659482 0
    outer loop
      vertex 29.808 75.808 1.6
      vertex 29.5406 76.1128 3.8147e-07
      vertex 29.5406 76.1128 1.6
    endloop
  endfacet
  facet normal 0.751721 0.659482 0
    outer loop
      vertex 29.5406 76.1128 3.8147e-07
      vertex 29.808 75.808 1.6
      vertex 29.808 75.808 3.8147e-07
    endloop
  endfacet
  facet normal -0.659482 0.751721 0
    outer loop
      vertex 34.192 75.808 3.8147e-07
      vertex 33.8872 75.5406 1.6
      vertex 34.192 75.808 1.6
    endloop
  endfacet
  facet normal -0.659482 0.751721 0
    outer loop
      vertex 33.8872 75.5406 1.6
      vertex 34.192 75.808 3.8147e-07
      vertex 33.8872 75.5406 3.8147e-07
    endloop
  endfacet
  facet normal -0.997862 -0.0653568 0
    outer loop
      vertex 35.1 78 3.8147e-07
      vertex 35.0735 78.4046 1.6
      vertex 35.0735 78.4046 3.8147e-07
    endloop
  endfacet
  facet normal -0.997862 -0.0653568 0
    outer loop
      vertex 35.0735 78.4046 1.6
      vertex 35.1 78 3.8147e-07
      vertex 35.1 78 1.6
    endloop
  endfacet
  facet normal -0.980789 -0.195073 0
    outer loop
      vertex 35.0735 78.4046 3.8147e-07
      vertex 34.9944 78.8023 1.6
      vertex 34.9944 78.8023 3.8147e-07
    endloop
  endfacet
  facet normal -0.980789 -0.195073 0
    outer loop
      vertex 34.9944 78.8023 1.6
      vertex 35.0735 78.4046 3.8147e-07
      vertex 35.0735 78.4046 1.6
    endloop
  endfacet
  facet normal -0.555553 -0.831481 0
    outer loop
      vertex 33.55 80.6847 3.8147e-07
      vertex 33.8872 80.4594 1.6
      vertex 33.55 80.6847 1.6
    endloop
  endfacet
  facet normal -0.555553 -0.831481 -0
    outer loop
      vertex 33.8872 80.4594 1.6
      vertex 33.55 80.6847 3.8147e-07
      vertex 33.8872 80.4594 3.8147e-07
    endloop
  endfacet
  facet normal -0.195073 0.980789 0
    outer loop
      vertex 32.8023 75.0056 3.8147e-07
      vertex 32.4046 74.9265 1.6
      vertex 32.8023 75.0056 1.6
    endloop
  endfacet
  facet normal -0.195073 0.980789 0
    outer loop
      vertex 32.4046 74.9265 1.6
      vertex 32.8023 75.0056 3.8147e-07
      vertex 32.4046 74.9265 3.8147e-07
    endloop
  endfacet
  facet normal -0.751721 0.659482 0
    outer loop
      vertex 34.192 75.808 3.8147e-07
      vertex 34.4594 76.1128 1.6
      vertex 34.4594 76.1128 3.8147e-07
    endloop
  endfacet
  facet normal -0.751721 0.659482 0
    outer loop
      vertex 34.4594 76.1128 1.6
      vertex 34.192 75.808 3.8147e-07
      vertex 34.192 75.808 1.6
    endloop
  endfacet
  facet normal -0.442176 0.896928 0
    outer loop
      vertex 33.55 75.3153 3.8147e-07
      vertex 33.1863 75.136 1.6
      vertex 33.55 75.3153 1.6
    endloop
  endfacet
  facet normal -0.442176 0.896928 0
    outer loop
      vertex 33.1863 75.136 1.6
      vertex 33.55 75.3153 3.8147e-07
      vertex 33.1863 75.136 3.8147e-07
    endloop
  endfacet
  facet normal 0.997862 -0.0653568 0
    outer loop
      vertex 28.9 78 1.6
      vertex 28.9265 78.4046 3.8147e-07
      vertex 28.9265 78.4046 1.6
    endloop
  endfacet
  facet normal 0.997862 -0.0653568 0
    outer loop
      vertex 28.9265 78.4046 3.8147e-07
      vertex 28.9 78 1.6
      vertex 28.9 78 3.8147e-07
    endloop
  endfacet
  facet normal -0.831481 -0.555553 0
    outer loop
      vertex 34.6847 79.55 3.8147e-07
      vertex 34.4594 79.8872 1.6
      vertex 34.4594 79.8872 3.8147e-07
    endloop
  endfacet
  facet normal -0.831481 -0.555553 0
    outer loop
      vertex 34.4594 79.8872 1.6
      vertex 34.6847 79.55 3.8147e-07
      vertex 34.6847 79.55 1.6
    endloop
  endfacet
  facet normal 0.751721 -0.659482 0
    outer loop
      vertex 29.5406 79.8872 1.6
      vertex 29.808 80.192 3.8147e-07
      vertex 29.808 80.192 1.6
    endloop
  endfacet
  facet normal 0.751721 -0.659482 0
    outer loop
      vertex 29.808 80.192 3.8147e-07
      vertex 29.5406 79.8872 1.6
      vertex 29.5406 79.8872 3.8147e-07
    endloop
  endfacet
  facet normal 0.997862 0.0653568 0
    outer loop
      vertex 28.9265 77.5954 1.6
      vertex 28.9 78 3.8147e-07
      vertex 28.9 78 1.6
    endloop
  endfacet
  facet normal 0.997862 0.0653568 0
    outer loop
      vertex 28.9 78 3.8147e-07
      vertex 28.9265 77.5954 1.6
      vertex 28.9265 77.5954 3.8147e-07
    endloop
  endfacet
  facet normal 0.442176 -0.896928 0
    outer loop
      vertex 30.45 80.6847 3.8147e-07
      vertex 30.8137 80.864 1.6
      vertex 30.45 80.6847 1.6
    endloop
  endfacet
  facet normal 0.442176 -0.896928 0
    outer loop
      vertex 30.8137 80.864 1.6
      vertex 30.45 80.6847 3.8147e-07
      vertex 30.8137 80.864 3.8147e-07
    endloop
  endfacet
  facet normal 0.946893 -0.321549 0
    outer loop
      vertex 29.0056 78.8023 1.6
      vertex 29.136 79.1863 3.8147e-07
      vertex 29.136 79.1863 1.6
    endloop
  endfacet
  facet normal 0.946893 -0.321549 0
    outer loop
      vertex 29.136 79.1863 3.8147e-07
      vertex 29.0056 78.8023 1.6
      vertex 29.0056 78.8023 3.8147e-07
    endloop
  endfacet
  facet normal 0.195073 -0.980789 0
    outer loop
      vertex 31.1977 80.9944 3.8147e-07
      vertex 31.5954 81.0735 1.6
      vertex 31.1977 80.9944 1.6
    endloop
  endfacet
  facet normal 0.195073 -0.980789 0
    outer loop
      vertex 31.5954 81.0735 1.6
      vertex 31.1977 80.9944 3.8147e-07
      vertex 31.5954 81.0735 3.8147e-07
    endloop
  endfacet
  facet normal -0.0653568 -0.997862 0
    outer loop
      vertex 32 81.1 3.8147e-07
      vertex 32.4046 81.0735 1.6
      vertex 32 81.1 1.6
    endloop
  endfacet
  facet normal -0.0653568 -0.997862 -0
    outer loop
      vertex 32.4046 81.0735 1.6
      vertex 32 81.1 3.8147e-07
      vertex 32.4046 81.0735 3.8147e-07
    endloop
  endfacet
  facet normal 0.0653568 0.997862 -0
    outer loop
      vertex 32 74.9 3.8147e-07
      vertex 31.5954 74.9265 1.6
      vertex 32 74.9 1.6
    endloop
  endfacet
  facet normal 0.0653568 0.997862 0
    outer loop
      vertex 31.5954 74.9265 1.6
      vertex 32 74.9 3.8147e-07
      vertex 31.5954 74.9265 3.8147e-07
    endloop
  endfacet
  facet normal 0 0 -1
    outer loop
      vertex 33.7 78 1.6
      vertex 35.1 78 1.6
      vertex 35.0735 77.5954 1.6
    endloop
  endfacet
  facet normal 0 0 -1
    outer loop
      vertex 33.6855 77.7781 1.6
      vertex 35.0735 77.5954 1.6
      vertex 34.9944 77.1977 1.6
    endloop
  endfacet
  facet normal 0 0 -1
    outer loop
      vertex 35.1 78 1.6
      vertex 33.7 78 1.6
      vertex 35.0735 78.4046 1.6
    endloop
  endfacet
  facet normal 0 0 -1
    outer loop
      vertex 33.6421 77.56 1.6
      vertex 34.9944 77.1977 1.6
      vertex 34.864 76.8137 1.6
    endloop
  endfacet
  facet normal 0 0 -1
    outer loop
      vertex 33.6855 78.2219 1.6
      vertex 35.0735 78.4046 1.6
      vertex 33.7 78 1.6
    endloop
  endfacet
  facet normal 0 0 -1
    outer loop
      vertex 33.5706 77.3494 1.6
      vertex 34.864 76.8137 1.6
      vertex 34.6847 76.45 1.6
    endloop
  endfacet
  facet normal -0 0 -1
    outer loop
      vertex 35.0735 78.4046 1.6
      vertex 33.6855 78.2219 1.6
      vertex 34.9944 78.8023 1.6
    endloop
  endfacet
  facet normal 0 0 -1
    outer loop
      vertex 33.4722 77.15 1.6
      vertex 34.6847 76.45 1.6
      vertex 34.4594 76.1128 1.6
    endloop
  endfacet
  facet normal 0 0 -1
    outer loop
      vertex 33.6421 78.44 1.6
      vertex 34.9944 78.8023 1.6
      vertex 33.6855 78.2219 1.6
    endloop
  endfacet
  facet normal 0 0 -1
    outer loop
      vertex 33.3487 76.9651 1.6
      vertex 34.4594 76.1128 1.6
      vertex 34.192 75.808 1.6
    endloop
  endfacet
  facet normal -0 0 -1
    outer loop
      vertex 34.9944 78.8023 1.6
      vertex 33.6421 78.44 1.6
      vertex 34.864 79.1863 1.6
    endloop
  endfacet
  facet normal 0 0 -1
    outer loop
      vertex 33.2021 76.7979 1.6
      vertex 34.192 75.808 1.6
      vertex 33.8872 75.5406 1.6
    endloop
  endfacet
  facet normal 0 0 -1
    outer loop
      vertex 33.5706 78.6506 1.6
      vertex 34.864 79.1863 1.6
      vertex 33.6421 78.44 1.6
    endloop
  endfacet
  facet normal -0 0 -1
    outer loop
      vertex 34.864 79.1863 1.6
      vertex 33.5706 78.6506 1.6
      vertex 34.6847 79.55 1.6
    endloop
  endfacet
  facet normal 0 0 -1
    outer loop
      vertex 35.0735 77.5954 1.6
      vertex 33.6855 77.7781 1.6
      vertex 33.7 78 1.6
    endloop
  endfacet
  facet normal 0 0 -1
    outer loop
      vertex 34.9944 77.1977 1.6
      vertex 33.6421 77.56 1.6
      vertex 33.6855 77.7781 1.6
    endloop
  endfacet
  facet normal 0 0 -1
    outer loop
      vertex 34.864 76.8137 1.6
      vertex 33.5706 77.3494 1.6
      vertex 33.6421 77.56 1.6
    endloop
  endfacet
  facet normal 0 0 -1
    outer loop
      vertex 33.0349 76.6513 1.6
      vertex 33.8872 75.5406 1.6
      vertex 33.55 75.3153 1.6
    endloop
  endfacet
  facet normal 0 0 -1
    outer loop
      vertex 34.6847 76.45 1.6
      vertex 33.4722 77.15 1.6
      vertex 33.5706 77.3494 1.6
    endloop
  endfacet
  facet normal 0 0 -1
    outer loop
      vertex 34.4594 76.1128 1.6
      vertex 33.3487 76.9651 1.6
      vertex 33.4722 77.15 1.6
    endloop
  endfacet
  facet normal 0 0 -1
    outer loop
      vertex 34.192 75.808 1.6
      vertex 33.2021 76.7979 1.6
      vertex 33.3487 76.9651 1.6
    endloop
  endfacet
  facet normal 0 0 -1
    outer loop
      vertex 32.85 76.5278 1.6
      vertex 33.55 75.3153 1.6
      vertex 33.1863 75.136 1.6
    endloop
  endfacet
  facet normal 0 0 -1
    outer loop
      vertex 33.8872 75.5406 1.6
      vertex 33.0349 76.6513 1.6
      vertex 33.2021 76.7979 1.6
    endloop
  endfacet
  facet normal 0 0 -1
    outer loop
      vertex 33.55 75.3153 1.6
      vertex 32.85 76.5278 1.6
      vertex 33.0349 76.6513 1.6
    endloop
  endfacet
  facet normal 0 0 -1
    outer loop
      vertex 32.6506 76.4294 1.6
      vertex 33.1863 75.136 1.6
      vertex 32.8023 75.0056 1.6
    endloop
  endfacet
  facet normal 0 0 -1
    outer loop
      vertex 33.1863 75.136 1.6
      vertex 32.6506 76.4294 1.6
      vertex 32.85 76.5278 1.6
    endloop
  endfacet
  facet normal 0 0 -1
    outer loop
      vertex 32.8023 75.0056 1.6
      vertex 32.44 76.3579 1.6
      vertex 32.6506 76.4294 1.6
    endloop
  endfacet
  facet normal 0 0 -1
    outer loop
      vertex 32.4046 74.9265 1.6
      vertex 32.44 76.3579 1.6
      vertex 32.8023 75.0056 1.6
    endloop
  endfacet
  facet normal 0 0 -1
    outer loop
      vertex 32.4046 74.9265 1.6
      vertex 32.2219 76.3145 1.6
      vertex 32.44 76.3579 1.6
    endloop
  endfacet
  facet normal 0 0 -1
    outer loop
      vertex 32 74.9 1.6
      vertex 32.2219 76.3145 1.6
      vertex 32.4046 74.9265 1.6
    endloop
  endfacet
  facet normal 0 0 -1
    outer loop
      vertex 32 74.9 1.6
      vertex 32 76.3 1.6
      vertex 32.2219 76.3145 1.6
    endloop
  endfacet
  facet normal 0 0 -1
    outer loop
      vertex 32 74.9 1.6
      vertex 31.7781 76.3145 1.6
      vertex 32 76.3 1.6
    endloop
  endfacet
  facet normal 0 0 -1
    outer loop
      vertex 31.5954 74.9265 1.6
      vertex 31.7781 76.3145 1.6
      vertex 32 74.9 1.6
    endloop
  endfacet
  facet normal 0 0 -1
    outer loop
      vertex 31.5954 74.9265 1.6
      vertex 31.56 76.3579 1.6
      vertex 31.7781 76.3145 1.6
    endloop
  endfacet
  facet normal 0 0 -1
    outer loop
      vertex 31.1977 75.0056 1.6
      vertex 31.56 76.3579 1.6
      vertex 31.5954 74.9265 1.6
    endloop
  endfacet
  facet normal -0 0 -1
    outer loop
      vertex 31.56 76.3579 1.6
      vertex 31.1977 75.0056 1.6
      vertex 31.3494 76.4294 1.6
    endloop
  endfacet
  facet normal 0 0 -1
    outer loop
      vertex 30.8137 75.136 1.6
      vertex 31.3494 76.4294 1.6
      vertex 31.1977 75.0056 1.6
    endloop
  endfacet
  facet normal -0 0 -1
    outer loop
      vertex 31.3494 76.4294 1.6
      vertex 30.8137 75.136 1.6
      vertex 31.15 76.5278 1.6
    endloop
  endfacet
  facet normal 0 0 -1
    outer loop
      vertex 30.45 75.3153 1.6
      vertex 31.15 76.5278 1.6
      vertex 30.8137 75.136 1.6
    endloop
  endfacet
  facet normal -0 0 -1
    outer loop
      vertex 31.15 76.5278 1.6
      vertex 30.45 75.3153 1.6
      vertex 30.9651 76.6513 1.6
    endloop
  endfacet
  facet normal 0 0 -1
    outer loop
      vertex 30.1128 75.5406 1.6
      vertex 30.9651 76.6513 1.6
      vertex 30.45 75.3153 1.6
    endloop
  endfacet
  facet normal -0 0 -1
    outer loop
      vertex 30.9651 76.6513 1.6
      vertex 30.1128 75.5406 1.6
      vertex 30.7979 76.7979 1.6
    endloop
  endfacet
  facet normal 0 0 -1
    outer loop
      vertex 29.808 75.808 1.6
      vertex 30.7979 76.7979 1.6
      vertex 30.1128 75.5406 1.6
    endloop
  endfacet
  facet normal -0 0 -1
    outer loop
      vertex 30.7979 76.7979 1.6
      vertex 29.808 75.808 1.6
      vertex 30.6513 76.9651 1.6
    endloop
  endfacet
  facet normal 0 0 -1
    outer loop
      vertex 29.5406 76.1128 1.6
      vertex 30.6513 76.9651 1.6
      vertex 29.808 75.808 1.6
    endloop
  endfacet
  facet normal -0 0 -1
    outer loop
      vertex 30.6513 76.9651 1.6
      vertex 29.5406 76.1128 1.6
      vertex 30.5278 77.15 1.6
    endloop
  endfacet
  facet normal 0 0 -1
    outer loop
      vertex 29.3153 76.45 1.6
      vertex 30.5278 77.15 1.6
      vertex 29.5406 76.1128 1.6
    endloop
  endfacet
  facet normal -0 0 -1
    outer loop
      vertex 30.5278 77.15 1.6
      vertex 29.3153 76.45 1.6
      vertex 30.4294 77.3494 1.6
    endloop
  endfacet
  facet normal 0 0 -1
    outer loop
      vertex 33.4722 78.85 1.6
      vertex 34.6847 79.55 1.6
      vertex 33.5706 78.6506 1.6
    endloop
  endfacet
  facet normal -0 0 -1
    outer loop
      vertex 34.6847 79.55 1.6
      vertex 33.4722 78.85 1.6
      vertex 34.4594 79.8872 1.6
    endloop
  endfacet
  facet normal 0 0 -1
    outer loop
      vertex 33.3487 79.0349 1.6
      vertex 34.4594 79.8872 1.6
      vertex 33.4722 78.85 1.6
    endloop
  endfacet
  facet normal -0 0 -1
    outer loop
      vertex 34.4594 79.8872 1.6
      vertex 33.3487 79.0349 1.6
      vertex 34.192 80.192 1.6
    endloop
  endfacet
  facet normal 0 0 -1
    outer loop
      vertex 33.2021 79.2021 1.6
      vertex 34.192 80.192 1.6
      vertex 33.3487 79.0349 1.6
    endloop
  endfacet
  facet normal -0 0 -1
    outer loop
      vertex 34.192 80.192 1.6
      vertex 33.2021 79.2021 1.6
      vertex 33.8872 80.4594 1.6
    endloop
  endfacet
  facet normal 0 0 -1
    outer loop
      vertex 33.0349 79.3487 1.6
      vertex 33.8872 80.4594 1.6
      vertex 33.2021 79.2021 1.6
    endloop
  endfacet
  facet normal -0 0 -1
    outer loop
      vertex 33.8872 80.4594 1.6
      vertex 33.0349 79.3487 1.6
      vertex 33.55 80.6847 1.6
    endloop
  endfacet
  facet normal 0 0 -1
    outer loop
      vertex 32.85 79.4722 1.6
      vertex 33.55 80.6847 1.6
      vertex 33.0349 79.3487 1.6
    endloop
  endfacet
  facet normal -0 0 -1
    outer loop
      vertex 33.55 80.6847 1.6
      vertex 32.85 79.4722 1.6
      vertex 33.1863 80.864 1.6
    endloop
  endfacet
  facet normal 0 0 -1
    outer loop
      vertex 32.6506 79.5706 1.6
      vertex 33.1863 80.864 1.6
      vertex 32.85 79.4722 1.6
    endloop
  endfacet
  facet normal -0 0 -1
    outer loop
      vertex 33.1863 80.864 1.6
      vertex 32.6506 79.5706 1.6
      vertex 32.8023 80.9944 1.6
    endloop
  endfacet
  facet normal 0 0 -1
    outer loop
      vertex 32.44 79.6421 1.6
      vertex 32.8023 80.9944 1.6
      vertex 32.6506 79.5706 1.6
    endloop
  endfacet
  facet normal 0 0 -1
    outer loop
      vertex 32.44 79.6421 1.6
      vertex 32.4046 81.0735 1.6
      vertex 32.8023 80.9944 1.6
    endloop
  endfacet
  facet normal 0 0 -1
    outer loop
      vertex 32.2219 79.6855 1.6
      vertex 32.4046 81.0735 1.6
      vertex 32.44 79.6421 1.6
    endloop
  endfacet
  facet normal 0 0 -1
    outer loop
      vertex 32 79.7 1.6
      vertex 32.4046 81.0735 1.6
      vertex 32.2219 79.6855 1.6
    endloop
  endfacet
  facet normal 0 0 -1
    outer loop
      vertex 32 79.7 1.6
      vertex 32 81.1 1.6
      vertex 32.4046 81.0735 1.6
    endloop
  endfacet
  facet normal 0 0 -1
    outer loop
      vertex 31.7781 79.6855 1.6
      vertex 32 81.1 1.6
      vertex 32 79.7 1.6
    endloop
  endfacet
  facet normal 0 0 -1
    outer loop
      vertex 31.7781 79.6855 1.6
      vertex 31.5954 81.0735 1.6
      vertex 32 81.1 1.6
    endloop
  endfacet
  facet normal 0 0 -1
    outer loop
      vertex 31.56 79.6421 1.6
      vertex 31.5954 81.0735 1.6
      vertex 31.7781 79.6855 1.6
    endloop
  endfacet
  facet normal 0 0 -1
    outer loop
      vertex 31.1977 80.9944 1.6
      vertex 31.56 79.6421 1.6
      vertex 31.3494 79.5706 1.6
    endloop
  endfacet
  facet normal 0 0 -1
    outer loop
      vertex 31.56 79.6421 1.6
      vertex 31.1977 80.9944 1.6
      vertex 31.5954 81.0735 1.6
    endloop
  endfacet
  facet normal 0 0 -1
    outer loop
      vertex 30.8137 80.864 1.6
      vertex 31.3494 79.5706 1.6
      vertex 31.15 79.4722 1.6
    endloop
  endfacet
  facet normal 0 0 -1
    outer loop
      vertex 30.45 80.6847 1.6
      vertex 31.15 79.4722 1.6
      vertex 30.9651 79.3487 1.6
    endloop
  endfacet
  facet normal 0 0 -1
    outer loop
      vertex 31.3494 79.5706 1.6
      vertex 30.8137 80.864 1.6
      vertex 31.1977 80.9944 1.6
    endloop
  endfacet
  facet normal 0 0 -1
    outer loop
      vertex 30.1128 80.4594 1.6
      vertex 30.9651 79.3487 1.6
      vertex 30.7979 79.2021 1.6
    endloop
  endfacet
  facet normal 0 0 -1
    outer loop
      vertex 29.808 80.192 1.6
      vertex 30.7979 79.2021 1.6
      vertex 30.6513 79.0349 1.6
    endloop
  endfacet
  facet normal 0 0 -1
    outer loop
      vertex 29.5406 79.8872 1.6
      vertex 30.6513 79.0349 1.6
      vertex 30.5278 78.85 1.6
    endloop
  endfacet
  facet normal 0 0 -1
    outer loop
      vertex 31.15 79.4722 1.6
      vertex 30.45 80.6847 1.6
      vertex 30.8137 80.864 1.6
    endloop
  endfacet
  facet normal 0 0 -1
    outer loop
      vertex 29.3153 79.55 1.6
      vertex 30.5278 78.85 1.6
      vertex 30.4294 78.6506 1.6
    endloop
  endfacet
  facet normal 0 0 -1
    outer loop
      vertex 29.136 79.1863 1.6
      vertex 30.4294 78.6506 1.6
      vertex 30.3579 78.44 1.6
    endloop
  endfacet
  facet normal 0 0 -1
    outer loop
      vertex 29.0056 78.8023 1.6
      vertex 30.3579 78.44 1.6
      vertex 30.3145 78.2219 1.6
    endloop
  endfacet
  facet normal 0 0 -1
    outer loop
      vertex 28.9265 78.4046 1.6
      vertex 30.3145 78.2219 1.6
      vertex 30.3 78 1.6
    endloop
  endfacet
  facet normal 0 0 -1
    outer loop
      vertex 29.136 76.8137 1.6
      vertex 30.4294 77.3494 1.6
      vertex 29.3153 76.45 1.6
    endloop
  endfacet
  facet normal 0 0 -1
    outer loop
      vertex 30.9651 79.3487 1.6
      vertex 30.1128 80.4594 1.6
      vertex 30.45 80.6847 1.6
    endloop
  endfacet
  facet normal -0 0 -1
    outer loop
      vertex 30.4294 77.3494 1.6
      vertex 29.136 76.8137 1.6
      vertex 30.3579 77.56 1.6
    endloop
  endfacet
  facet normal 0 0 -1
    outer loop
      vertex 30.7979 79.2021 1.6
      vertex 29.808 80.192 1.6
      vertex 30.1128 80.4594 1.6
    endloop
  endfacet
  facet normal 0 0 -1
    outer loop
      vertex 29.0056 77.1977 1.6
      vertex 30.3579 77.56 1.6
      vertex 29.136 76.8137 1.6
    endloop
  endfacet
  facet normal 0 0 -1
    outer loop
      vertex 30.6513 79.0349 1.6
      vertex 29.5406 79.8872 1.6
      vertex 29.808 80.192 1.6
    endloop
  endfacet
  facet normal -0 0 -1
    outer loop
      vertex 30.3579 77.56 1.6
      vertex 29.0056 77.1977 1.6
      vertex 30.3145 77.7781 1.6
    endloop
  endfacet
  facet normal 0 0 -1
    outer loop
      vertex 30.5278 78.85 1.6
      vertex 29.3153 79.55 1.6
      vertex 29.5406 79.8872 1.6
    endloop
  endfacet
  facet normal 0 0 -1
    outer loop
      vertex 28.9265 77.5954 1.6
      vertex 30.3145 77.7781 1.6
      vertex 29.0056 77.1977 1.6
    endloop
  endfacet
  facet normal 0 0 -1
    outer loop
      vertex 30.4294 78.6506 1.6
      vertex 29.136 79.1863 1.6
      vertex 29.3153 79.55 1.6
    endloop
  endfacet
  facet normal -0 0 -1
    outer loop
      vertex 30.3145 77.7781 1.6
      vertex 28.9265 77.5954 1.6
      vertex 30.3 78 1.6
    endloop
  endfacet
  facet normal 0 0 -1
    outer loop
      vertex 30.3579 78.44 1.6
      vertex 29.0056 78.8023 1.6
      vertex 29.136 79.1863 1.6
    endloop
  endfacet
  facet normal 0 0 -1
    outer loop
      vertex 28.9 78 1.6
      vertex 30.3 78 1.6
      vertex 28.9265 77.5954 1.6
    endloop
  endfacet
  facet normal 0 0 -1
    outer loop
      vertex 30.3145 78.2219 1.6
      vertex 28.9265 78.4046 1.6
      vertex 29.0056 78.8023 1.6
    endloop
  endfacet
  facet normal 0 0 -1
    outer loop
      vertex 30.3 78 1.6
      vertex 28.9 78 1.6
      vertex 28.9265 78.4046 1.6
    endloop
  endfacet
  facet normal 0.896928 0.442176 0
    outer loop
      vertex 29.3153 76.45 1.6
      vertex 29.136 76.8137 3.8147e-07
      vertex 29.136 76.8137 1.6
    endloop
  endfacet
  facet normal 0.896928 0.442176 0
    outer loop
      vertex 29.136 76.8137 3.8147e-07
      vertex 29.3153 76.45 1.6
      vertex 29.3153 76.45 3.8147e-07
    endloop
  endfacet
  facet normal 0.831481 0.555553 0
    outer loop
      vertex 29.5406 76.1128 1.6
      vertex 29.3153 76.45 3.8147e-07
      vertex 29.3153 76.45 1.6
    endloop
  endfacet
  facet normal 0.831481 0.555553 0
    outer loop
      vertex 29.3153 76.45 3.8147e-07
      vertex 29.5406 76.1128 1.6
      vertex 29.5406 76.1128 3.8147e-07
    endloop
  endfacet
  facet normal 0.555553 -0.831481 0
    outer loop
      vertex 30.1128 80.4594 3.8147e-07
      vertex 30.45 80.6847 1.6
      vertex 30.1128 80.4594 1.6
    endloop
  endfacet
  facet normal 0.555553 -0.831481 0
    outer loop
      vertex 30.45 80.6847 1.6
      vertex 30.1128 80.4594 3.8147e-07
      vertex 30.45 80.6847 3.8147e-07
    endloop
  endfacet
  facet normal -1 0 0
    outer loop
      vertex -18.5 72 3.8147e-07
      vertex -18.5 80 2.4
      vertex -18.5 80 3.8147e-07
    endloop
  endfacet
  facet normal -1 -0 0
    outer loop
      vertex -18.5 80 2.4
      vertex -18.5 72 3.8147e-07
      vertex -18.5 72 2.4
    endloop
  endfacet
  facet normal 0 -1 0
    outer loop
      vertex -21.5 80 3.8147e-07
      vertex -18.5 80 2.4
      vertex -21.5 80 2.4
    endloop
  endfacet
  facet normal 0 -1 -0
    outer loop
      vertex -18.5 80 2.4
      vertex -21.5 80 3.8147e-07
      vertex -18.5 80 3.8147e-07
    endloop
  endfacet
  facet normal 0 1 -0
    outer loop
      vertex -18.5 72 3.8147e-07
      vertex -21.5 72 2.4
      vertex -18.5 72 2.4
    endloop
  endfacet
  facet normal 0 1 0
    outer loop
      vertex -21.5 72 2.4
      vertex -18.5 72 3.8147e-07
      vertex -21.5 72 3.8147e-07
    endloop
  endfacet
  facet normal 1 -0 0
    outer loop
      vertex -21.5 72 2.4
      vertex -21.5 80 3.8147e-07
      vertex -21.5 80 2.4
    endloop
  endfacet
  facet normal 1 0 0
    outer loop
      vertex -21.5 80 3.8147e-07
      vertex -21.5 72 2.4
      vertex -21.5 72 3.8147e-07
    endloop
  endfacet
  facet normal -1 0 0
    outer loop
      vertex -12.5 72 3.8147e-07
      vertex -12.5 80 2.4
      vertex -12.5 80 3.8147e-07
    endloop
  endfacet
  facet normal -1 -0 0
    outer loop
      vertex -12.5 80 2.4
      vertex -12.5 72 3.8147e-07
      vertex -12.5 72 2.4
    endloop
  endfacet
  facet normal 0 -1 0
    outer loop
      vertex -15.5 80 3.8147e-07
      vertex -12.5 80 2.4
      vertex -15.5 80 2.4
    endloop
  endfacet
  facet normal 0 -1 -0
    outer loop
      vertex -12.5 80 2.4
      vertex -15.5 80 3.8147e-07
      vertex -12.5 80 3.8147e-07
    endloop
  endfacet
  facet normal 0 1 -0
    outer loop
      vertex -12.5 72 3.8147e-07
      vertex -15.5 72 2.4
      vertex -12.5 72 2.4
    endloop
  endfacet
  facet normal 0 1 0
    outer loop
      vertex -15.5 72 2.4
      vertex -12.5 72 3.8147e-07
      vertex -15.5 72 3.8147e-07
    endloop
  endfacet
  facet normal 1 -0 0
    outer loop
      vertex -15.5 72 2.4
      vertex -15.5 80 3.8147e-07
      vertex -15.5 80 2.4
    endloop
  endfacet
  facet normal 1 0 0
    outer loop
      vertex -15.5 80 3.8147e-07
      vertex -15.5 72 2.4
      vertex -15.5 72 3.8147e-07
    endloop
  endfacet
  facet normal -1 0 0
    outer loop
      vertex -6.5 72 3.8147e-07
      vertex -6.5 80 2.4
      vertex -6.5 80 3.8147e-07
    endloop
  endfacet
  facet normal -1 -0 0
    outer loop
      vertex -6.5 80 2.4
      vertex -6.5 72 3.8147e-07
      vertex -6.5 72 2.4
    endloop
  endfacet
  facet normal 0 -1 0
    outer loop
      vertex -9.5 80 3.8147e-07
      vertex -6.5 80 2.4
      vertex -9.5 80 2.4
    endloop
  endfacet
  facet normal 0 -1 -0
    outer loop
      vertex -6.5 80 2.4
      vertex -9.5 80 3.8147e-07
      vertex -6.5 80 3.8147e-07
    endloop
  endfacet
  facet normal 0 1 -0
    outer loop
      vertex -6.5 72 3.8147e-07
      vertex -9.5 72 2.4
      vertex -6.5 72 2.4
    endloop
  endfacet
  facet normal 0 1 0
    outer loop
      vertex -9.5 72 2.4
      vertex -6.5 72 3.8147e-07
      vertex -9.5 72 3.8147e-07
    endloop
  endfacet
  facet normal 1 -0 0
    outer loop
      vertex -9.5 72 2.4
      vertex -9.5 80 3.8147e-07
      vertex -9.5 80 2.4
    endloop
  endfacet
  facet normal 1 0 0
    outer loop
      vertex -9.5 80 3.8147e-07
      vertex -9.5 72 2.4
      vertex -9.5 72 3.8147e-07
    endloop
  endfacet
  facet normal -1 0 0
    outer loop
      vertex 9.5 72 3.8147e-07
      vertex 9.5 80 2.4
      vertex 9.5 80 3.8147e-07
    endloop
  endfacet
  facet normal -1 -0 0
    outer loop
      vertex 9.5 80 2.4
      vertex 9.5 72 3.8147e-07
      vertex 9.5 72 2.4
    endloop
  endfacet
  facet normal 0 -1 0
    outer loop
      vertex 6.5 80 3.8147e-07
      vertex 9.5 80 2.4
      vertex 6.5 80 2.4
    endloop
  endfacet
  facet normal 0 -1 -0
    outer loop
      vertex 9.5 80 2.4
      vertex 6.5 80 3.8147e-07
      vertex 9.5 80 3.8147e-07
    endloop
  endfacet
  facet normal 0 1 -0
    outer loop
      vertex 9.5 72 3.8147e-07
      vertex 6.5 72 2.4
      vertex 9.5 72 2.4
    endloop
  endfacet
  facet normal 0 1 0
    outer loop
      vertex 6.5 72 2.4
      vertex 9.5 72 3.8147e-07
      vertex 6.5 72 3.8147e-07
    endloop
  endfacet
  facet normal 1 -0 0
    outer loop
      vertex 6.5 72 2.4
      vertex 6.5 80 3.8147e-07
      vertex 6.5 80 2.4
    endloop
  endfacet
  facet normal 1 0 0
    outer loop
      vertex 6.5 80 3.8147e-07
      vertex 6.5 72 2.4
      vertex 6.5 72 3.8147e-07
    endloop
  endfacet
  facet normal -1 0 0
    outer loop
      vertex 15.5 72 3.8147e-07
      vertex 15.5 80 2.4
      vertex 15.5 80 3.8147e-07
    endloop
  endfacet
  facet normal -1 -0 0
    outer loop
      vertex 15.5 80 2.4
      vertex 15.5 72 3.8147e-07
      vertex 15.5 72 2.4
    endloop
  endfacet
  facet normal 0 -1 0
    outer loop
      vertex 12.5 80 3.8147e-07
      vertex 15.5 80 2.4
      vertex 12.5 80 2.4
    endloop
  endfacet
  facet normal 0 -1 -0
    outer loop
      vertex 15.5 80 2.4
      vertex 12.5 80 3.8147e-07
      vertex 15.5 80 3.8147e-07
    endloop
  endfacet
  facet normal 0 1 -0
    outer loop
      vertex 15.5 72 3.8147e-07
      vertex 12.5 72 2.4
      vertex 15.5 72 2.4
    endloop
  endfacet
  facet normal 0 1 0
    outer loop
      vertex 12.5 72 2.4
      vertex 15.5 72 3.8147e-07
      vertex 12.5 72 3.8147e-07
    endloop
  endfacet
  facet normal 1 -0 0
    outer loop
      vertex 12.5 72 2.4
      vertex 12.5 80 3.8147e-07
      vertex 12.5 80 2.4
    endloop
  endfacet
  facet normal 1 0 0
    outer loop
      vertex 12.5 80 3.8147e-07
      vertex 12.5 72 2.4
      vertex 12.5 72 3.8147e-07
    endloop
  endfacet
  facet normal -1 0 0
    outer loop
      vertex 21.5 72 3.8147e-07
      vertex 21.5 80 2.4
      vertex 21.5 80 3.8147e-07
    endloop
  endfacet
  facet normal -1 -0 0
    outer loop
      vertex 21.5 80 2.4
      vertex 21.5 72 3.8147e-07
      vertex 21.5 72 2.4
    endloop
  endfacet
  facet normal 0 -1 0
    outer loop
      vertex 18.5 80 3.8147e-07
      vertex 21.5 80 2.4
      vertex 18.5 80 2.4
    endloop
  endfacet
  facet normal 0 -1 -0
    outer loop
      vertex 21.5 80 2.4
      vertex 18.5 80 3.8147e-07
      vertex 21.5 80 3.8147e-07
    endloop
  endfacet
  facet normal 0 1 -0
    outer loop
      vertex 21.5 72 3.8147e-07
      vertex 18.5 72 2.4
      vertex 21.5 72 2.4
    endloop
  endfacet
  facet normal 0 1 0
    outer loop
      vertex 18.5 72 2.4
      vertex 21.5 72 3.8147e-07
      vertex 18.5 72 3.8147e-07
    endloop
  endfacet
  facet normal 1 -0 0
    outer loop
      vertex 18.5 72 2.4
      vertex 18.5 80 3.8147e-07
      vertex 18.5 80 2.4
    endloop
  endfacet
  facet normal 1 0 0
    outer loop
      vertex 18.5 80 3.8147e-07
      vertex 18.5 72 2.4
      vertex 18.5 72 3.8147e-07
    endloop
  endfacet
  facet normal -0.0653521 -0.997862 0
    outer loop
      vertex 12.3 56.7 0.800001
      vertex 12.5611 56.6829 2.4
      vertex 12.3 56.7 2.4
    endloop
  endfacet
  facet normal -0.0653521 -0.997862 -0
    outer loop
      vertex 12.5611 56.6829 2.4
      vertex 12.3 56.7 0.800001
      vertex 12.5611 56.6829 0.800001
    endloop
  endfacet
  facet normal 1 -0 0
    outer loop
      vertex -14.3 25.3 2.4
      vertex -14.3 54.7 0.800001
      vertex -14.3 54.7 2.4
    endloop
  endfacet
  facet normal 1 0 0
    outer loop
      vertex -14.3 54.7 0.800001
      vertex -14.3 25.3 2.4
      vertex -14.3 25.3 0.800001
    endloop
  endfacet
  facet normal -0.751842 -0.659343 0
    outer loop
      vertex 13.8867 55.9175 0.800001
      vertex 13.7142 56.1142 2.4
      vertex 13.7142 56.1142 0.800001
    endloop
  endfacet
  facet normal -0.751842 -0.659343 0
    outer loop
      vertex 13.7142 56.1142 2.4
      vertex 13.8867 55.9175 0.800001
      vertex 13.8867 55.9175 2.4
    endloop
  endfacet
  facet normal -0.0653521 0.997862 0
    outer loop
      vertex 12.5611 23.3171 0.800001
      vertex 12.3 23.3 2.4
      vertex 12.5611 23.3171 2.4
    endloop
  endfacet
  facet normal -0.0653521 0.997862 0
    outer loop
      vertex 12.3 23.3 2.4
      vertex 12.5611 23.3171 0.800001
      vertex 12.3 23.3 0.800001
    endloop
  endfacet
  facet normal -0.659343 -0.751842 0
    outer loop
      vertex 13.5175 56.2867 0.800001
      vertex 13.7142 56.1142 2.4
      vertex 13.5175 56.2867 2.4
    endloop
  endfacet
  facet normal -0.659343 -0.751842 -0
    outer loop
      vertex 13.7142 56.1142 2.4
      vertex 13.5175 56.2867 0.800001
      vertex 13.7142 56.1142 0.800001
    endloop
  endfacet
  facet normal 0.997862 -0.0653521 0
    outer loop
      vertex -14.3 54.7 2.4
      vertex -14.2829 54.9611 0.800001
      vertex -14.2829 54.9611 2.4
    endloop
  endfacet
  facet normal 0.997862 -0.0653521 0
    outer loop
      vertex -14.2829 54.9611 0.800001
      vertex -14.3 54.7 2.4
      vertex -14.3 54.7 0.800001
    endloop
  endfacet
  facet normal 0 -1 0
    outer loop
      vertex -12.3 56.7 0.800001
      vertex 12.3 56.7 2.4
      vertex -12.3 56.7 2.4
    endloop
  endfacet
  facet normal 0 -1 -0
    outer loop
      vertex 12.3 56.7 2.4
      vertex -12.3 56.7 0.800001
      vertex 12.3 56.7 0.800001
    endloop
  endfacet
  facet normal 0.195013 0.980801 -0
    outer loop
      vertex -12.5611 23.3171 0.800001
      vertex -12.8176 23.3681 2.4
      vertex -12.5611 23.3171 2.4
    endloop
  endfacet
  facet normal 0.195013 0.980801 0
    outer loop
      vertex -12.8176 23.3681 2.4
      vertex -12.5611 23.3171 0.800001
      vertex -12.8176 23.3681 0.800001
    endloop
  endfacet
  facet normal 0.321382 0.94695 -0
    outer loop
      vertex -12.8176 23.3681 0.800001
      vertex -13.0654 23.4522 2.4
      vertex -12.8176 23.3681 2.4
    endloop
  endfacet
  facet normal 0.321382 0.94695 0
    outer loop
      vertex -13.0654 23.4522 2.4
      vertex -12.8176 23.3681 0.800001
      vertex -13.0654 23.4522 0.800001
    endloop
  endfacet
  facet normal 0 1 -0
    outer loop
      vertex 12.3 23.3 0.800001
      vertex -12.3 23.3 2.4
      vertex 12.3 23.3 2.4
    endloop
  endfacet
  facet normal 0 1 0
    outer loop
      vertex -12.3 23.3 2.4
      vertex 12.3 23.3 0.800001
      vertex -12.3 23.3 0.800001
    endloop
  endfacet
  facet normal 0.555758 -0.831344 0
    outer loop
      vertex -13.5175 56.2867 0.800001
      vertex -13.3 56.4321 2.4
      vertex -13.5175 56.2867 2.4
    endloop
  endfacet
  facet normal 0.555758 -0.831344 0
    outer loop
      vertex -13.3 56.4321 2.4
      vertex -13.5175 56.2867 0.800001
      vertex -13.3 56.4321 0.800001
    endloop
  endfacet
  facet normal 0.980801 -0.195013 0
    outer loop
      vertex -14.2829 54.9611 2.4
      vertex -14.2319 55.2176 0.800001
      vertex -14.2319 55.2176 2.4
    endloop
  endfacet
  facet normal 0.980801 -0.195013 0
    outer loop
      vertex -14.2319 55.2176 0.800001
      vertex -14.2829 54.9611 2.4
      vertex -14.2829 54.9611 0.800001
    endloop
  endfacet
  facet normal 0.997862 0.0653521 0
    outer loop
      vertex -14.2829 25.0389 2.4
      vertex -14.3 25.3 0.800001
      vertex -14.3 25.3 2.4
    endloop
  endfacet
  facet normal 0.997862 0.0653521 0
    outer loop
      vertex -14.3 25.3 0.800001
      vertex -14.2829 25.0389 2.4
      vertex -14.2829 25.0389 0.800001
    endloop
  endfacet
  facet normal -0.555758 0.831344 0
    outer loop
      vertex 13.5175 23.7133 0.800001
      vertex 13.3 23.5679 2.4
      vertex 13.5175 23.7133 2.4
    endloop
  endfacet
  facet normal -0.555758 0.831344 0
    outer loop
      vertex 13.3 23.5679 2.4
      vertex 13.5175 23.7133 0.800001
      vertex 13.3 23.5679 0.800001
    endloop
  endfacet
  facet normal -0.980801 -0.195013 0
    outer loop
      vertex 14.2829 54.9611 0.800001
      vertex 14.2319 55.2176 2.4
      vertex 14.2319 55.2176 0.800001
    endloop
  endfacet
  facet normal -0.980801 -0.195013 0
    outer loop
      vertex 14.2319 55.2176 2.4
      vertex 14.2829 54.9611 0.800001
      vertex 14.2829 54.9611 2.4
    endloop
  endfacet
  facet normal -0.89686 -0.442314 0
    outer loop
      vertex 14.1478 55.4654 0.800001
      vertex 14.0321 55.7 2.4
      vertex 14.0321 55.7 0.800001
    endloop
  endfacet
  facet normal -0.89686 -0.442314 0
    outer loop
      vertex 14.0321 55.7 2.4
      vertex 14.1478 55.4654 0.800001
      vertex 14.1478 55.4654 2.4
    endloop
  endfacet
  facet normal -0.659343 0.751842 0
    outer loop
      vertex 13.7142 23.8858 0.800001
      vertex 13.5175 23.7133 2.4
      vertex 13.7142 23.8858 2.4
    endloop
  endfacet
  facet normal -0.659343 0.751842 0
    outer loop
      vertex 13.5175 23.7133 2.4
      vertex 13.7142 23.8858 0.800001
      vertex 13.5175 23.7133 0.800001
    endloop
  endfacet
  facet normal -0.997862 -0.0653521 0
    outer loop
      vertex 14.3 54.7 0.800001
      vertex 14.2829 54.9611 2.4
      vertex 14.2829 54.9611 0.800001
    endloop
  endfacet
  facet normal -0.997862 -0.0653521 0
    outer loop
      vertex 14.2829 54.9611 2.4
      vertex 14.3 54.7 0.800001
      vertex 14.3 54.7 2.4
    endloop
  endfacet
  facet normal 0.89686 0.442314 0
    outer loop
      vertex -14.0321 24.3 2.4
      vertex -14.1478 24.5346 0.800001
      vertex -14.1478 24.5346 2.4
    endloop
  endfacet
  facet normal 0.89686 0.442314 0
    outer loop
      vertex -14.1478 24.5346 0.800001
      vertex -14.0321 24.3 2.4
      vertex -14.0321 24.3 0.800001
    endloop
  endfacet
  facet normal -1 0 0
    outer loop
      vertex 14.3 25.3 0.800001
      vertex 14.3 54.7 2.4
      vertex 14.3 54.7 0.800001
    endloop
  endfacet
  facet normal -1 -0 0
    outer loop
      vertex 14.3 54.7 2.4
      vertex 14.3 25.3 0.800001
      vertex 14.3 25.3 2.4
    endloop
  endfacet
  facet normal 0.659343 0.751842 -0
    outer loop
      vertex -13.5175 23.7133 0.800001
      vertex -13.7142 23.8858 2.4
      vertex -13.5175 23.7133 2.4
    endloop
  endfacet
  facet normal 0.659343 0.751842 0
    outer loop
      vertex -13.7142 23.8858 2.4
      vertex -13.5175 23.7133 0.800001
      vertex -13.7142 23.8858 0.800001
    endloop
  endfacet
  facet normal 0.321382 -0.94695 0
    outer loop
      vertex -13.0654 56.5478 0.800001
      vertex -12.8176 56.6319 2.4
      vertex -13.0654 56.5478 2.4
    endloop
  endfacet
  facet normal 0.321382 -0.94695 0
    outer loop
      vertex -12.8176 56.6319 2.4
      vertex -13.0654 56.5478 0.800001
      vertex -12.8176 56.6319 0.800001
    endloop
  endfacet
  facet normal 0.0653521 0.997862 -0
    outer loop
      vertex -12.3 23.3 0.800001
      vertex -12.5611 23.3171 2.4
      vertex -12.3 23.3 2.4
    endloop
  endfacet
  facet normal 0.0653521 0.997862 0
    outer loop
      vertex -12.5611 23.3171 2.4
      vertex -12.3 23.3 0.800001
      vertex -12.5611 23.3171 0.800001
    endloop
  endfacet
  facet normal 0.94695 0.321382 0
    outer loop
      vertex -14.1478 24.5346 2.4
      vertex -14.2319 24.7824 0.800001
      vertex -14.2319 24.7824 2.4
    endloop
  endfacet
  facet normal 0.94695 0.321382 0
    outer loop
      vertex -14.2319 24.7824 0.800001
      vertex -14.1478 24.5346 2.4
      vertex -14.1478 24.5346 0.800001
    endloop
  endfacet
  facet normal -0.321382 0.94695 0
    outer loop
      vertex 13.0654 23.4522 0.800001
      vertex 12.8176 23.3681 2.4
      vertex 13.0654 23.4522 2.4
    endloop
  endfacet
  facet normal -0.321382 0.94695 0
    outer loop
      vertex 12.8176 23.3681 2.4
      vertex 13.0654 23.4522 0.800001
      vertex 12.8176 23.3681 0.800001
    endloop
  endfacet
  facet normal 0.831344 -0.555758 0
    outer loop
      vertex -14.0321 55.7 2.4
      vertex -13.8867 55.9175 0.800001
      vertex -13.8867 55.9175 2.4
    endloop
  endfacet
  facet normal 0.831344 -0.555758 0
    outer loop
      vertex -13.8867 55.9175 0.800001
      vertex -14.0321 55.7 2.4
      vertex -14.0321 55.7 0.800001
    endloop
  endfacet
  facet normal -0.321382 -0.94695 0
    outer loop
      vertex 12.8176 56.6319 0.800001
      vertex 13.0654 56.5478 2.4
      vertex 12.8176 56.6319 2.4
    endloop
  endfacet
  facet normal -0.321382 -0.94695 -0
    outer loop
      vertex 13.0654 56.5478 2.4
      vertex 12.8176 56.6319 0.800001
      vertex 13.0654 56.5478 0.800001
    endloop
  endfacet
  facet normal -0.980801 0.195013 0
    outer loop
      vertex 14.2319 24.7824 0.800001
      vertex 14.2829 25.0389 2.4
      vertex 14.2829 25.0389 0.800001
    endloop
  endfacet
  facet normal -0.980801 0.195013 0
    outer loop
      vertex 14.2829 25.0389 2.4
      vertex 14.2319 24.7824 0.800001
      vertex 14.2319 24.7824 2.4
    endloop
  endfacet
  facet normal -0.94695 -0.321382 0
    outer loop
      vertex 14.2319 55.2176 0.800001
      vertex 14.1478 55.4654 2.4
      vertex 14.1478 55.4654 0.800001
    endloop
  endfacet
  facet normal -0.94695 -0.321382 0
    outer loop
      vertex 14.1478 55.4654 2.4
      vertex 14.2319 55.2176 0.800001
      vertex 14.2319 55.2176 2.4
    endloop
  endfacet
  facet normal 0.555758 0.831344 -0
    outer loop
      vertex -13.3 23.5679 0.800001
      vertex -13.5175 23.7133 2.4
      vertex -13.3 23.5679 2.4
    endloop
  endfacet
  facet normal 0.555758 0.831344 0
    outer loop
      vertex -13.5175 23.7133 2.4
      vertex -13.3 23.5679 0.800001
      vertex -13.5175 23.7133 0.800001
    endloop
  endfacet
  facet normal -0.442314 0.89686 0
    outer loop
      vertex 13.3 23.5679 0.800001
      vertex 13.0654 23.4522 2.4
      vertex 13.3 23.5679 2.4
    endloop
  endfacet
  facet normal -0.442314 0.89686 0
    outer loop
      vertex 13.0654 23.4522 2.4
      vertex 13.3 23.5679 0.800001
      vertex 13.0654 23.4522 0.800001
    endloop
  endfacet
  facet normal 0.195013 -0.980801 0
    outer loop
      vertex -12.8176 56.6319 0.800001
      vertex -12.5611 56.6829 2.4
      vertex -12.8176 56.6319 2.4
    endloop
  endfacet
  facet normal 0.195013 -0.980801 0
    outer loop
      vertex -12.5611 56.6829 2.4
      vertex -12.8176 56.6319 0.800001
      vertex -12.5611 56.6829 0.800001
    endloop
  endfacet
  facet normal 0.94695 -0.321382 0
    outer loop
      vertex -14.2319 55.2176 2.4
      vertex -14.1478 55.4654 0.800001
      vertex -14.1478 55.4654 2.4
    endloop
  endfacet
  facet normal 0.94695 -0.321382 0
    outer loop
      vertex -14.1478 55.4654 0.800001
      vertex -14.2319 55.2176 2.4
      vertex -14.2319 55.2176 0.800001
    endloop
  endfacet
  facet normal -0.94695 0.321382 0
    outer loop
      vertex 14.1478 24.5346 0.800001
      vertex 14.2319 24.7824 2.4
      vertex 14.2319 24.7824 0.800001
    endloop
  endfacet
  facet normal -0.94695 0.321382 0
    outer loop
      vertex 14.2319 24.7824 2.4
      vertex 14.1478 24.5346 0.800001
      vertex 14.1478 24.5346 2.4
    endloop
  endfacet
  facet normal 0.442314 0.89686 -0
    outer loop
      vertex -13.0654 23.4522 0.800001
      vertex -13.3 23.5679 2.4
      vertex -13.0654 23.4522 2.4
    endloop
  endfacet
  facet normal 0.442314 0.89686 0
    outer loop
      vertex -13.3 23.5679 2.4
      vertex -13.0654 23.4522 0.800001
      vertex -13.3 23.5679 0.800001
    endloop
  endfacet
  facet normal 0.89686 -0.442314 0
    outer loop
      vertex -14.1478 55.4654 2.4
      vertex -14.0321 55.7 0.800001
      vertex -14.0321 55.7 2.4
    endloop
  endfacet
  facet normal 0.89686 -0.442314 0
    outer loop
      vertex -14.0321 55.7 0.800001
      vertex -14.1478 55.4654 2.4
      vertex -14.1478 55.4654 0.800001
    endloop
  endfacet
  facet normal -0.442314 -0.89686 0
    outer loop
      vertex 13.0654 56.5478 0.800001
      vertex 13.3 56.4321 2.4
      vertex 13.0654 56.5478 2.4
    endloop
  endfacet
  facet normal -0.442314 -0.89686 -0
    outer loop
      vertex 13.3 56.4321 2.4
      vertex 13.0654 56.5478 0.800001
      vertex 13.3 56.4321 0.800001
    endloop
  endfacet
  facet normal -0.831344 0.555758 0
    outer loop
      vertex 13.8867 24.0825 0.800001
      vertex 14.0321 24.3 2.4
      vertex 14.0321 24.3 0.800001
    endloop
  endfacet
  facet normal -0.831344 0.555758 0
    outer loop
      vertex 14.0321 24.3 2.4
      vertex 13.8867 24.0825 0.800001
      vertex 13.8867 24.0825 2.4
    endloop
  endfacet
  facet normal 0.980801 0.195013 0
    outer loop
      vertex -14.2319 24.7824 2.4
      vertex -14.2829 25.0389 0.800001
      vertex -14.2829 25.0389 2.4
    endloop
  endfacet
  facet normal 0.980801 0.195013 0
    outer loop
      vertex -14.2829 25.0389 0.800001
      vertex -14.2319 24.7824 2.4
      vertex -14.2319 24.7824 0.800001
    endloop
  endfacet
  facet normal -0.997862 0.0653521 0
    outer loop
      vertex 14.2829 25.0389 0.800001
      vertex 14.3 25.3 2.4
      vertex 14.3 25.3 0.800001
    endloop
  endfacet
  facet normal -0.997862 0.0653521 0
    outer loop
      vertex 14.3 25.3 2.4
      vertex 14.2829 25.0389 0.800001
      vertex 14.2829 25.0389 2.4
    endloop
  endfacet
  facet normal -0.195013 -0.980801 0
    outer loop
      vertex 12.5611 56.6829 0.800001
      vertex 12.8176 56.6319 2.4
      vertex 12.5611 56.6829 2.4
    endloop
  endfacet
  facet normal -0.195013 -0.980801 -0
    outer loop
      vertex 12.8176 56.6319 2.4
      vertex 12.5611 56.6829 0.800001
      vertex 12.8176 56.6319 0.800001
    endloop
  endfacet
  facet normal 0.751842 -0.659343 0
    outer loop
      vertex -13.8867 55.9175 2.4
      vertex -13.7142 56.1142 0.800001
      vertex -13.7142 56.1142 2.4
    endloop
  endfacet
  facet normal 0.751842 -0.659343 0
    outer loop
      vertex -13.7142 56.1142 0.800001
      vertex -13.8867 55.9175 2.4
      vertex -13.8867 55.9175 0.800001
    endloop
  endfacet
  facet normal 0.659343 -0.751842 0
    outer loop
      vertex -13.7142 56.1142 0.800001
      vertex -13.5175 56.2867 2.4
      vertex -13.7142 56.1142 2.4
    endloop
  endfacet
  facet normal 0.659343 -0.751842 0
    outer loop
      vertex -13.5175 56.2867 2.4
      vertex -13.7142 56.1142 0.800001
      vertex -13.5175 56.2867 0.800001
    endloop
  endfacet
  facet normal 0.751842 0.659343 0
    outer loop
      vertex -13.7142 23.8858 2.4
      vertex -13.8867 24.0825 0.800001
      vertex -13.8867 24.0825 2.4
    endloop
  endfacet
  facet normal 0.751842 0.659343 0
    outer loop
      vertex -13.8867 24.0825 0.800001
      vertex -13.7142 23.8858 2.4
      vertex -13.7142 23.8858 0.800001
    endloop
  endfacet
  facet normal 0.0653521 -0.997862 0
    outer loop
      vertex -12.5611 56.6829 0.800001
      vertex -12.3 56.7 2.4
      vertex -12.5611 56.6829 2.4
    endloop
  endfacet
  facet normal 0.0653521 -0.997862 0
    outer loop
      vertex -12.3 56.7 2.4
      vertex -12.5611 56.6829 0.800001
      vertex -12.3 56.7 0.800001
    endloop
  endfacet
  facet normal -0.831344 -0.555758 0
    outer loop
      vertex 14.0321 55.7 0.800001
      vertex 13.8867 55.9175 2.4
      vertex 13.8867 55.9175 0.800001
    endloop
  endfacet
  facet normal -0.831344 -0.555758 0
    outer loop
      vertex 13.8867 55.9175 2.4
      vertex 14.0321 55.7 0.800001
      vertex 14.0321 55.7 2.4
    endloop
  endfacet
  facet normal -0.555758 -0.831344 0
    outer loop
      vertex 13.3 56.4321 0.800001
      vertex 13.5175 56.2867 2.4
      vertex 13.3 56.4321 2.4
    endloop
  endfacet
  facet normal -0.555758 -0.831344 -0
    outer loop
      vertex 13.5175 56.2867 2.4
      vertex 13.3 56.4321 0.800001
      vertex 13.5175 56.2867 0.800001
    endloop
  endfacet
  facet normal -0.751842 0.659343 0
    outer loop
      vertex 13.7142 23.8858 0.800001
      vertex 13.8867 24.0825 2.4
      vertex 13.8867 24.0825 0.800001
    endloop
  endfacet
  facet normal -0.751842 0.659343 0
    outer loop
      vertex 13.8867 24.0825 2.4
      vertex 13.7142 23.8858 0.800001
      vertex 13.7142 23.8858 2.4
    endloop
  endfacet
  facet normal 0.831344 0.555758 0
    outer loop
      vertex -13.8867 24.0825 2.4
      vertex -14.0321 24.3 0.800001
      vertex -14.0321 24.3 2.4
    endloop
  endfacet
  facet normal 0.831344 0.555758 0
    outer loop
      vertex -14.0321 24.3 0.800001
      vertex -13.8867 24.0825 2.4
      vertex -13.8867 24.0825 0.800001
    endloop
  endfacet
  facet normal -0.195013 0.980801 0
    outer loop
      vertex 12.8176 23.3681 0.800001
      vertex 12.5611 23.3171 2.4
      vertex 12.8176 23.3681 2.4
    endloop
  endfacet
  facet normal -0.195013 0.980801 0
    outer loop
      vertex 12.5611 23.3171 2.4
      vertex 12.8176 23.3681 0.800001
      vertex 12.5611 23.3171 0.800001
    endloop
  endfacet
  facet normal 0.442314 -0.89686 0
    outer loop
      vertex -13.3 56.4321 0.800001
      vertex -13.0654 56.5478 2.4
      vertex -13.3 56.4321 2.4
    endloop
  endfacet
  facet normal 0.442314 -0.89686 0
    outer loop
      vertex -13.0654 56.5478 2.4
      vertex -13.3 56.4321 0.800001
      vertex -13.0654 56.5478 0.800001
    endloop
  endfacet
  facet normal -0.89686 0.442314 0
    outer loop
      vertex 14.0321 24.3 0.800001
      vertex 14.1478 24.5346 2.4
      vertex 14.1478 24.5346 0.800001
    endloop
  endfacet
  facet normal -0.89686 0.442314 0
    outer loop
      vertex 14.1478 24.5346 2.4
      vertex 14.0321 24.3 0.800001
      vertex 14.0321 24.3 2.4
    endloop
  endfacet
  facet normal -0.591285 0.216805 -0.776774
    outer loop
      vertex 14.1478 24.5346 0.800001
      vertex 15.0613 24.1597 3.8147e-07
      vertex 15.0602 24.1567 3.8147e-07
    endloop
  endfacet
  facet normal -0.596808 0.202549 -0.776399
    outer loop
      vertex 15.0613 24.1597 3.8147e-07
      vertex 14.1478 24.5346 0.800001
      vertex 14.2319 24.7824 0.800001
    endloop
  endfacet
  facet normal 0.567775 0.274098 -0.776209
    outer loop
      vertex -14.8888 23.8091 3.8147e-07
      vertex -14.0321 24.3 0.800001
      vertex -14.8874 23.8062 3.8147e-07
    endloop
  endfacet
  facet normal 0.565258 0.278774 -0.776382
    outer loop
      vertex -14.0321 24.3 0.800001
      vertex -14.8888 23.8091 3.8147e-07
      vertex -14.1478 24.5346 0.800001
    endloop
  endfacet
  facet normal -0.628312 -0.0589042 -0.775729
    outer loop
      vertex 14.3 54.7 0.800001
      vertex 15.2874 54.7032 3.8147e-07
      vertex 15.2877 54.7 3.8147e-07
    endloop
  endfacet
  facet normal -0.628905 -0.0411883 -0.77639
    outer loop
      vertex 15.2874 54.7032 3.8147e-07
      vertex 14.3 54.7 0.800001
      vertex 14.2829 54.9611 0.800001
    endloop
  endfacet
  facet normal 0.0413065 -0.628867 -0.776415
    outer loop
      vertex -12.3 57.6877 3.8147e-07
      vertex -12.3 56.7 0.800001
      vertex -12.6867 57.6623 3.8147e-07
    endloop
  endfacet
  facet normal 0.350088 0.524074 -0.776392
    outer loop
      vertex -13.3 23.5679 0.800001
      vertex -13.7938 22.7126 3.8147e-07
      vertex -14.1161 22.9279 3.8147e-07
    endloop
  endfacet
  facet normal -0.038134 -0.629211 -0.776298
    outer loop
      vertex 12.5611 56.6829 0.800001
      vertex 12.6867 57.6623 3.8147e-07
      vertex 12.69 57.6621 3.8147e-07
    endloop
  endfacet
  facet normal -0.0411879 -0.628899 -0.776395
    outer loop
      vertex 12.6867 57.6623 3.8147e-07
      vertex 12.5611 56.6829 0.800001
      vertex 12.3 56.7 0.800001
    endloop
  endfacet
  facet normal -0.465034 -0.426281 -0.775904
    outer loop
      vertex 13.8867 55.9175 0.800001
      vertex 14.6681 56.5212 3.8147e-07
      vertex 14.6703 56.5188 3.8147e-07
    endloop
  endfacet
  facet normal -0.47384 -0.415543 -0.776402
    outer loop
      vertex 14.6681 56.5212 3.8147e-07
      vertex 13.8867 55.9175 0.800001
      vertex 13.7142 56.1142 0.800001
    endloop
  endfacet
  facet normal 0.119736 -0.618635 -0.776501
    outer loop
      vertex -12.5611 56.6829 0.800001
      vertex -12.6931 57.6615 3.8147e-07
      vertex -12.69 57.6621 3.8147e-07
    endloop
  endfacet
  facet normal 0.122903 -0.618131 -0.776407
    outer loop
      vertex -12.6931 57.6615 3.8147e-07
      vertex -12.5611 56.6829 0.800001
      vertex -12.8176 56.6319 0.800001
    endloop
  endfacet
  facet normal 0.202623 0.596811 -0.776376
    outer loop
      vertex -13.0654 23.4522 0.800001
      vertex -13.0763 22.4152 3.8147e-07
      vertex -13.4433 22.5398 3.8147e-07
    endloop
  endfacet
  facet normal -0.0413065 0.628867 -0.776415
    outer loop
      vertex 12.6867 22.3377 3.8147e-07
      vertex 12.3 22.3123 3.8147e-07
      vertex 12.3 23.3 0.800001
    endloop
  endfacet
  facet normal -0.217204 0.592375 -0.775831
    outer loop
      vertex 12.8176 23.3681 0.800001
      vertex 13.0763 22.4152 3.8147e-07
      vertex 13.0733 22.4141 3.8147e-07
    endloop
  endfacet
  facet normal -0.202553 0.59682 -0.776388
    outer loop
      vertex 13.0763 22.4152 3.8147e-07
      vertex 12.8176 23.3681 0.800001
      vertex 13.0654 23.4522 0.800001
    endloop
  endfacet
  facet normal 0 -0.629404 -0.777078
    outer loop
      vertex -12.3 56.7 0.800001
      vertex 12.3 57.6877 3.8147e-07
      vertex 12.3 56.7 0.800001
    endloop
  endfacet
  facet normal -0 -0.629404 -0.777078
    outer loop
      vertex 12.3 57.6877 3.8147e-07
      vertex -12.3 56.7 0.800001
      vertex -12.3 57.6877 3.8147e-07
    endloop
  endfacet
  facet normal -0.629404 0 -0.777078
    outer loop
      vertex 14.3 25.3 0.800001
      vertex 15.2877 54.7 3.8147e-07
      vertex 15.2877 25.3 3.8147e-07
    endloop
  endfacet
  facet normal -0.629404 0 -0.777078
    outer loop
      vertex 15.2877 54.7 3.8147e-07
      vertex 14.3 25.3 0.800001
      vertex 14.3 54.7 0.800001
    endloop
  endfacet
  facet normal -0.565284 0.278739 -0.776375
    outer loop
      vertex 15.0602 24.1567 3.8147e-07
      vertex 14.8888 23.8091 3.8147e-07
      vertex 14.1478 24.5346 0.800001
    endloop
  endfacet
  facet normal -0.524381 0.349587 -0.776411
    outer loop
      vertex 14.8856 23.8035 3.8147e-07
      vertex 14.0321 24.3 0.800001
      vertex 14.8874 23.8062 3.8147e-07
    endloop
  endfacet
  facet normal -0.52396 0.350271 -0.776386
    outer loop
      vertex 14.0321 24.3 0.800001
      vertex 14.8856 23.8035 3.8147e-07
      vertex 13.8867 24.0825 0.800001
    endloop
  endfacet
  facet normal 0 0.629404 -0.777078
    outer loop
      vertex -12.3 22.3123 3.8147e-07
      vertex 12.3 23.3 0.800001
      vertex 12.3 22.3123 3.8147e-07
    endloop
  endfacet
  facet normal 0 0.629404 -0.777078
    outer loop
      vertex 12.3 23.3 0.800001
      vertex -12.3 22.3123 3.8147e-07
      vertex -12.3 23.3 0.800001
    endloop
  endfacet
  facet normal 0.47384 -0.415543 -0.776402
    outer loop
      vertex -13.8867 55.9175 0.800001
      vertex -14.6681 56.5212 3.8147e-07
      vertex -13.7142 56.1142 0.800001
    endloop
  endfacet
  facet normal 0.465034 -0.426281 -0.775904
    outer loop
      vertex -14.6681 56.5212 3.8147e-07
      vertex -13.8867 55.9175 0.800001
      vertex -14.6703 56.5188 3.8147e-07
    endloop
  endfacet
  facet normal 0.350243 0.523919 -0.776427
    outer loop
      vertex -14.1161 22.9279 3.8147e-07
      vertex -13.5175 23.7133 0.800001
      vertex -13.3 23.5679 0.800001
    endloop
  endfacet
  facet normal 0.349593 0.52439 -0.776402
    outer loop
      vertex -13.5175 23.7133 0.800001
      vertex -14.1161 22.9279 3.8147e-07
      vertex -14.1188 22.9297 3.8147e-07
    endloop
  endfacet
  facet normal -0.628312 0.0589042 -0.775729
    outer loop
      vertex 15.2874 25.2968 3.8147e-07
      vertex 14.3 25.3 0.800001
      vertex 15.2877 25.3 3.8147e-07
    endloop
  endfacet
  facet normal -0.628905 0.0411883 -0.77639
    outer loop
      vertex 14.3 25.3 0.800001
      vertex 15.2874 25.2968 3.8147e-07
      vertex 14.2829 25.0389 0.800001
    endloop
  endfacet
  facet normal 0.278774 -0.565258 -0.776382
    outer loop
      vertex -13.3 56.4321 0.800001
      vertex -13.7909 57.2888 3.8147e-07
      vertex -13.0654 56.5478 0.800001
    endloop
  endfacet
  facet normal 0.274098 -0.567775 -0.776209
    outer loop
      vertex -13.7909 57.2888 3.8147e-07
      vertex -13.3 56.4321 0.800001
      vertex -13.7938 57.2874 3.8147e-07
    endloop
  endfacet
  facet normal -0.122903 -0.618131 -0.776407
    outer loop
      vertex 12.5611 56.6829 0.800001
      vertex 12.6931 57.6615 3.8147e-07
      vertex 12.8176 56.6319 0.800001
    endloop
  endfacet
  facet normal -0.119736 -0.618635 -0.776501
    outer loop
      vertex 12.6931 57.6615 3.8147e-07
      vertex 12.5611 56.6829 0.800001
      vertex 12.69 57.6621 3.8147e-07
    endloop
  endfacet
  facet normal -0.618635 0.119736 -0.776501
    outer loop
      vertex 15.2615 24.9069 3.8147e-07
      vertex 14.2829 25.0389 0.800001
      vertex 15.2621 24.91 3.8147e-07
    endloop
  endfacet
  facet normal -0.618131 0.122903 -0.776407
    outer loop
      vertex 14.2829 25.0389 0.800001
      vertex 15.2615 24.9069 3.8147e-07
      vertex 14.2319 24.7824 0.800001
    endloop
  endfacet
  facet normal 0.278739 0.565284 -0.776375
    outer loop
      vertex -13.0654 23.4522 0.800001
      vertex -13.4433 22.5398 3.8147e-07
      vertex -13.7909 22.7112 3.8147e-07
    endloop
  endfacet
  facet normal 0.278774 0.565258 -0.776382
    outer loop
      vertex -13.7909 22.7112 3.8147e-07
      vertex -13.3 23.5679 0.800001
      vertex -13.0654 23.4522 0.800001
    endloop
  endfacet
  facet normal 0.274098 0.567775 -0.776209
    outer loop
      vertex -13.3 23.5679 0.800001
      vertex -13.7909 22.7112 3.8147e-07
      vertex -13.7938 22.7126 3.8147e-07
    endloop
  endfacet
  facet normal 0.122911 -0.618131 -0.776406
    outer loop
      vertex -12.6931 57.6615 3.8147e-07
      vertex -12.8176 56.6319 0.800001
      vertex -13.0733 57.5859 3.8147e-07
    endloop
  endfacet
  facet normal -0.202553 -0.59682 -0.776388
    outer loop
      vertex 12.8176 56.6319 0.800001
      vertex 13.0763 57.5848 3.8147e-07
      vertex 13.0654 56.5478 0.800001
    endloop
  endfacet
  facet normal -0.217204 -0.592375 -0.775831
    outer loop
      vertex 13.0763 57.5848 3.8147e-07
      vertex 12.8176 56.6319 0.800001
      vertex 13.0733 57.5859 3.8147e-07
    endloop
  endfacet
  facet normal 0.618131 -0.122903 -0.776407
    outer loop
      vertex -14.2829 54.9611 0.800001
      vertex -15.2615 55.0931 3.8147e-07
      vertex -14.2319 55.2176 0.800001
    endloop
  endfacet
  facet normal 0.618635 -0.119736 -0.776501
    outer loop
      vertex -15.2615 55.0931 3.8147e-07
      vertex -14.2829 54.9611 0.800001
      vertex -15.2621 55.09 3.8147e-07
    endloop
  endfacet
  facet normal -0.618131 0.122911 -0.776406
    outer loop
      vertex 15.2615 24.9069 3.8147e-07
      vertex 15.1859 24.5267 3.8147e-07
      vertex 14.2319 24.7824 0.800001
    endloop
  endfacet
  facet normal -0.038134 0.629211 -0.776298
    outer loop
      vertex 12.6867 22.3377 3.8147e-07
      vertex 12.5611 23.3171 0.800001
      vertex 12.69 22.3379 3.8147e-07
    endloop
  endfacet
  facet normal -0.0411879 0.628899 -0.776395
    outer loop
      vertex 12.5611 23.3171 0.800001
      vertex 12.6867 22.3377 3.8147e-07
      vertex 12.3 23.3 0.800001
    endloop
  endfacet
  facet normal 0.0413065 0.628867 -0.776415
    outer loop
      vertex -12.3 23.3 0.800001
      vertex -12.3 22.3123 3.8147e-07
      vertex -12.6867 22.3377 3.8147e-07
    endloop
  endfacet
  facet normal 0.618131 0.122903 -0.776407
    outer loop
      vertex -15.2615 24.9069 3.8147e-07
      vertex -14.2829 25.0389 0.800001
      vertex -14.2319 24.7824 0.800001
    endloop
  endfacet
  facet normal 0.618635 0.119736 -0.776501
    outer loop
      vertex -14.2829 25.0389 0.800001
      vertex -15.2615 24.9069 3.8147e-07
      vertex -15.2621 24.91 3.8147e-07
    endloop
  endfacet
  facet normal -0.524045 0.350068 -0.776421
    outer loop
      vertex 14.8856 23.8035 3.8147e-07
      vertex 14.6703 23.4812 3.8147e-07
      vertex 13.8867 24.0825 0.800001
    endloop
  endfacet
  facet normal -0.567775 0.274098 -0.776209
    outer loop
      vertex 14.0321 24.3 0.800001
      vertex 14.8888 23.8091 3.8147e-07
      vertex 14.8874 23.8062 3.8147e-07
    endloop
  endfacet
  facet normal -0.565258 0.278774 -0.776382
    outer loop
      vertex 14.8888 23.8091 3.8147e-07
      vertex 14.0321 24.3 0.800001
      vertex 14.1478 24.5346 0.800001
    endloop
  endfacet
  facet normal -0.202623 0.596811 -0.776376
    outer loop
      vertex 13.4433 22.5398 3.8147e-07
      vertex 13.0763 22.4152 3.8147e-07
      vertex 13.0654 23.4522 0.800001
    endloop
  endfacet
  facet normal -0.122911 0.618131 -0.776406
    outer loop
      vertex 12.8176 23.3681 0.800001
      vertex 13.0733 22.4141 3.8147e-07
      vertex 12.6931 22.3385 3.8147e-07
    endloop
  endfacet
  facet normal 0.524045 0.350068 -0.776421
    outer loop
      vertex -13.8867 24.0825 0.800001
      vertex -14.6703 23.4812 3.8147e-07
      vertex -14.8856 23.8035 3.8147e-07
    endloop
  endfacet
  facet normal -0.565284 -0.278739 -0.776375
    outer loop
      vertex 14.8888 56.1909 3.8147e-07
      vertex 15.0602 55.8433 3.8147e-07
      vertex 14.1478 55.4654 0.800001
    endloop
  endfacet
  facet normal 0.47384 0.415543 -0.776402
    outer loop
      vertex -14.6681 23.4788 3.8147e-07
      vertex -13.8867 24.0825 0.800001
      vertex -13.7142 23.8858 0.800001
    endloop
  endfacet
  facet normal 0.465034 0.426281 -0.775904
    outer loop
      vertex -13.8867 24.0825 0.800001
      vertex -14.6681 23.4788 3.8147e-07
      vertex -14.6703 23.4812 3.8147e-07
    endloop
  endfacet
  facet normal -0.119736 0.618635 -0.776501
    outer loop
      vertex 12.5611 23.3171 0.800001
      vertex 12.6931 22.3385 3.8147e-07
      vertex 12.69 22.3379 3.8147e-07
    endloop
  endfacet
  facet normal -0.122903 0.618131 -0.776407
    outer loop
      vertex 12.6931 22.3385 3.8147e-07
      vertex 12.5611 23.3171 0.800001
      vertex 12.8176 23.3681 0.800001
    endloop
  endfacet
  facet normal -0.0413065 -0.628867 -0.776415
    outer loop
      vertex 12.3 57.6877 3.8147e-07
      vertex 12.6867 57.6623 3.8147e-07
      vertex 12.3 56.7 0.800001
    endloop
  endfacet
  facet normal 0.629404 0 -0.777078
    outer loop
      vertex -15.2877 25.3 3.8147e-07
      vertex -14.3 54.7 0.800001
      vertex -14.3 25.3 0.800001
    endloop
  endfacet
  facet normal 0.629404 0 -0.777078
    outer loop
      vertex -14.3 54.7 0.800001
      vertex -15.2877 25.3 3.8147e-07
      vertex -15.2877 54.7 3.8147e-07
    endloop
  endfacet
  facet normal -0.618635 -0.119736 -0.776501
    outer loop
      vertex 14.2829 54.9611 0.800001
      vertex 15.2615 55.0931 3.8147e-07
      vertex 15.2621 55.09 3.8147e-07
    endloop
  endfacet
  facet normal -0.618131 -0.122903 -0.776407
    outer loop
      vertex 15.2615 55.0931 3.8147e-07
      vertex 14.2829 54.9611 0.800001
      vertex 14.2319 55.2176 0.800001
    endloop
  endfacet
  facet normal 0.217204 0.592375 -0.775831
    outer loop
      vertex -13.0763 22.4152 3.8147e-07
      vertex -12.8176 23.3681 0.800001
      vertex -13.0733 22.4141 3.8147e-07
    endloop
  endfacet
  facet normal 0.202553 0.59682 -0.776388
    outer loop
      vertex -12.8176 23.3681 0.800001
      vertex -13.0763 22.4152 3.8147e-07
      vertex -13.0654 23.4522 0.800001
    endloop
  endfacet
  facet normal -0.628898 -0.0411353 -0.776399
    outer loop
      vertex 15.2621 55.09 3.8147e-07
      vertex 15.2874 54.7032 3.8147e-07
      vertex 14.2829 54.9611 0.800001
    endloop
  endfacet
  facet normal -0.274098 -0.567775 -0.776209
    outer loop
      vertex 13.3 56.4321 0.800001
      vertex 13.7909 57.2888 3.8147e-07
      vertex 13.7938 57.2874 3.8147e-07
    endloop
  endfacet
  facet normal -0.278774 -0.565258 -0.776382
    outer loop
      vertex 13.7909 57.2888 3.8147e-07
      vertex 13.3 56.4321 0.800001
      vertex 13.0654 56.5478 0.800001
    endloop
  endfacet
  facet normal 0.628905 0.0411883 -0.77639
    outer loop
      vertex -15.2874 25.2968 3.8147e-07
      vertex -14.3 25.3 0.800001
      vertex -14.2829 25.0389 0.800001
    endloop
  endfacet
  facet normal 0.628312 0.0589042 -0.775729
    outer loop
      vertex -14.3 25.3 0.800001
      vertex -15.2874 25.2968 3.8147e-07
      vertex -15.2877 25.3 3.8147e-07
    endloop
  endfacet
  facet normal -0.596808 -0.202549 -0.776399
    outer loop
      vertex 14.1478 55.4654 0.800001
      vertex 15.0613 55.8403 3.8147e-07
      vertex 14.2319 55.2176 0.800001
    endloop
  endfacet
  facet normal -0.591285 -0.216805 -0.776774
    outer loop
      vertex 15.0613 55.8403 3.8147e-07
      vertex 14.1478 55.4654 0.800001
      vertex 15.0602 55.8433 3.8147e-07
    endloop
  endfacet
  facet normal 0.415543 -0.47384 -0.776402
    outer loop
      vertex -14.1212 57.0681 3.8147e-07
      vertex -13.5175 56.2867 0.800001
      vertex -13.7142 56.1142 0.800001
    endloop
  endfacet
  facet normal 0.426281 -0.465034 -0.775904
    outer loop
      vertex -13.5175 56.2867 0.800001
      vertex -14.1212 57.0681 3.8147e-07
      vertex -14.1188 57.0703 3.8147e-07
    endloop
  endfacet
  facet normal -0.628898 0.0411353 -0.776399
    outer loop
      vertex 15.2874 25.2968 3.8147e-07
      vertex 15.2621 24.91 3.8147e-07
      vertex 14.2829 25.0389 0.800001
    endloop
  endfacet
  facet normal -0.596772 0.20261 -0.77641
    outer loop
      vertex 15.1859 24.5267 3.8147e-07
      vertex 15.0613 24.1597 3.8147e-07
      vertex 14.2319 24.7824 0.800001
    endloop
  endfacet
  facet normal -0.122911 -0.618131 -0.776406
    outer loop
      vertex 13.0733 57.5859 3.8147e-07
      vertex 12.8176 56.6319 0.800001
      vertex 12.6931 57.6615 3.8147e-07
    endloop
  endfacet
  facet normal 0.41549 0.47387 -0.776411
    outer loop
      vertex -13.7142 23.8858 0.800001
      vertex -14.1212 22.9319 3.8147e-07
      vertex -14.4126 23.1874 3.8147e-07
    endloop
  endfacet
  facet normal -0.274098 0.567775 -0.776209
    outer loop
      vertex 13.7909 22.7112 3.8147e-07
      vertex 13.3 23.5679 0.800001
      vertex 13.7938 22.7126 3.8147e-07
    endloop
  endfacet
  facet normal -0.278774 0.565258 -0.776382
    outer loop
      vertex 13.3 23.5679 0.800001
      vertex 13.7909 22.7112 3.8147e-07
      vertex 13.0654 23.4522 0.800001
    endloop
  endfacet
  facet normal 0.52396 0.350271 -0.776386
    outer loop
      vertex -14.8856 23.8035 3.8147e-07
      vertex -14.0321 24.3 0.800001
      vertex -13.8867 24.0825 0.800001
    endloop
  endfacet
  facet normal 0.524381 0.349587 -0.776411
    outer loop
      vertex -14.0321 24.3 0.800001
      vertex -14.8856 23.8035 3.8147e-07
      vertex -14.8874 23.8062 3.8147e-07
    endloop
  endfacet
  facet normal 0.47387 0.41549 -0.776411
    outer loop
      vertex -13.7142 23.8858 0.800001
      vertex -14.4126 23.1874 3.8147e-07
      vertex -14.6681 23.4788 3.8147e-07
    endloop
  endfacet
  facet normal 0.0411879 -0.628899 -0.776395
    outer loop
      vertex -12.5611 56.6829 0.800001
      vertex -12.6867 57.6623 3.8147e-07
      vertex -12.3 56.7 0.800001
    endloop
  endfacet
  facet normal 0.038134 -0.629211 -0.776298
    outer loop
      vertex -12.6867 57.6623 3.8147e-07
      vertex -12.5611 56.6829 0.800001
      vertex -12.69 57.6621 3.8147e-07
    endloop
  endfacet
  facet normal 0.628898 0.0411353 -0.776399
    outer loop
      vertex -14.2829 25.0389 0.800001
      vertex -15.2621 24.91 3.8147e-07
      vertex -15.2874 25.2968 3.8147e-07
    endloop
  endfacet
  facet normal -0.426281 0.465034 -0.775904
    outer loop
      vertex 13.5175 23.7133 0.800001
      vertex 14.1212 22.9319 3.8147e-07
      vertex 14.1188 22.9297 3.8147e-07
    endloop
  endfacet
  facet normal -0.415543 0.47384 -0.776402
    outer loop
      vertex 14.1212 22.9319 3.8147e-07
      vertex 13.5175 23.7133 0.800001
      vertex 13.7142 23.8858 0.800001
    endloop
  endfacet
  facet normal -0.524045 -0.350068 -0.776421
    outer loop
      vertex 14.6703 56.5188 3.8147e-07
      vertex 14.8856 56.1965 3.8147e-07
      vertex 13.8867 55.9175 0.800001
    endloop
  endfacet
  facet normal -0.41549 0.47387 -0.776411
    outer loop
      vertex 14.4126 23.1874 3.8147e-07
      vertex 14.1212 22.9319 3.8147e-07
      vertex 13.7142 23.8858 0.800001
    endloop
  endfacet
  facet normal 0.426281 0.465034 -0.775904
    outer loop
      vertex -14.1212 22.9319 3.8147e-07
      vertex -13.5175 23.7133 0.800001
      vertex -14.1188 22.9297 3.8147e-07
    endloop
  endfacet
  facet normal 0.415543 0.47384 -0.776402
    outer loop
      vertex -13.5175 23.7133 0.800001
      vertex -14.1212 22.9319 3.8147e-07
      vertex -13.7142 23.8858 0.800001
    endloop
  endfacet
  facet normal 0.41549 -0.47387 -0.776411
    outer loop
      vertex -14.1212 57.0681 3.8147e-07
      vertex -13.7142 56.1142 0.800001
      vertex -14.4126 56.8126 3.8147e-07
    endloop
  endfacet
  facet normal -0.47387 0.41549 -0.776411
    outer loop
      vertex 14.6681 23.4788 3.8147e-07
      vertex 14.4126 23.1874 3.8147e-07
      vertex 13.7142 23.8858 0.800001
    endloop
  endfacet
  facet normal -0.350088 0.524074 -0.776392
    outer loop
      vertex 14.1161 22.9279 3.8147e-07
      vertex 13.7938 22.7126 3.8147e-07
      vertex 13.3 23.5679 0.800001
    endloop
  endfacet
  facet normal -0.278739 0.565284 -0.776375
    outer loop
      vertex 13.7909 22.7112 3.8147e-07
      vertex 13.4433 22.5398 3.8147e-07
      vertex 13.0654 23.4522 0.800001
    endloop
  endfacet
  facet normal 0.524045 -0.350068 -0.776421
    outer loop
      vertex -14.6703 56.5188 3.8147e-07
      vertex -13.8867 55.9175 0.800001
      vertex -14.8856 56.1965 3.8147e-07
    endloop
  endfacet
  facet normal 0.565284 0.278739 -0.776375
    outer loop
      vertex -14.1478 24.5346 0.800001
      vertex -14.8888 23.8091 3.8147e-07
      vertex -15.0602 24.1567 3.8147e-07
    endloop
  endfacet
  facet normal -0.618131 -0.122911 -0.776406
    outer loop
      vertex 15.1859 55.4733 3.8147e-07
      vertex 15.2615 55.0931 3.8147e-07
      vertex 14.2319 55.2176 0.800001
    endloop
  endfacet
  facet normal -0.565258 -0.278774 -0.776382
    outer loop
      vertex 14.0321 55.7 0.800001
      vertex 14.8888 56.1909 3.8147e-07
      vertex 14.1478 55.4654 0.800001
    endloop
  endfacet
  facet normal -0.567775 -0.274098 -0.776209
    outer loop
      vertex 14.8888 56.1909 3.8147e-07
      vertex 14.0321 55.7 0.800001
      vertex 14.8874 56.1938 3.8147e-07
    endloop
  endfacet
  facet normal -0.524381 -0.349587 -0.776411
    outer loop
      vertex 14.0321 55.7 0.800001
      vertex 14.8856 56.1965 3.8147e-07
      vertex 14.8874 56.1938 3.8147e-07
    endloop
  endfacet
  facet normal -0.52396 -0.350271 -0.776386
    outer loop
      vertex 14.8856 56.1965 3.8147e-07
      vertex 14.0321 55.7 0.800001
      vertex 13.8867 55.9175 0.800001
    endloop
  endfacet
  facet normal -0.596772 -0.20261 -0.77641
    outer loop
      vertex 15.0613 55.8403 3.8147e-07
      vertex 15.1859 55.4733 3.8147e-07
      vertex 14.2319 55.2176 0.800001
    endloop
  endfacet
  facet normal 0.591285 0.216805 -0.776774
    outer loop
      vertex -15.0613 24.1597 3.8147e-07
      vertex -14.1478 24.5346 0.800001
      vertex -15.0602 24.1567 3.8147e-07
    endloop
  endfacet
  facet normal 0.596808 0.202549 -0.776399
    outer loop
      vertex -14.1478 24.5346 0.800001
      vertex -15.0613 24.1597 3.8147e-07
      vertex -14.2319 24.7824 0.800001
    endloop
  endfacet
  facet normal -0.350088 -0.524074 -0.776392
    outer loop
      vertex 13.7938 57.2874 3.8147e-07
      vertex 14.1161 57.0721 3.8147e-07
      vertex 13.3 56.4321 0.800001
    endloop
  endfacet
  facet normal -0.349593 -0.52439 -0.776402
    outer loop
      vertex 13.5175 56.2867 0.800001
      vertex 14.1161 57.0721 3.8147e-07
      vertex 14.1188 57.0703 3.8147e-07
    endloop
  endfacet
  facet normal -0.350243 -0.523919 -0.776427
    outer loop
      vertex 14.1161 57.0721 3.8147e-07
      vertex 13.5175 56.2867 0.800001
      vertex 13.3 56.4321 0.800001
    endloop
  endfacet
  facet normal -0.415543 -0.47384 -0.776402
    outer loop
      vertex 13.5175 56.2867 0.800001
      vertex 14.1212 57.0681 3.8147e-07
      vertex 13.7142 56.1142 0.800001
    endloop
  endfacet
  facet normal -0.426281 -0.465034 -0.775904
    outer loop
      vertex 14.1212 57.0681 3.8147e-07
      vertex 13.5175 56.2867 0.800001
      vertex 14.1188 57.0703 3.8147e-07
    endloop
  endfacet
  facet normal 0.202623 -0.596811 -0.776376
    outer loop
      vertex -13.0763 57.5848 3.8147e-07
      vertex -13.0654 56.5478 0.800001
      vertex -13.4433 57.4602 3.8147e-07
    endloop
  endfacet
  facet normal -0.202623 -0.596811 -0.776376
    outer loop
      vertex 13.0763 57.5848 3.8147e-07
      vertex 13.4433 57.4602 3.8147e-07
      vertex 13.0654 56.5478 0.800001
    endloop
  endfacet
  facet normal -0.278739 -0.565284 -0.776375
    outer loop
      vertex 13.4433 57.4602 3.8147e-07
      vertex 13.7909 57.2888 3.8147e-07
      vertex 13.0654 56.5478 0.800001
    endloop
  endfacet
  facet normal -0.465034 0.426281 -0.775904
    outer loop
      vertex 14.6681 23.4788 3.8147e-07
      vertex 13.8867 24.0825 0.800001
      vertex 14.6703 23.4812 3.8147e-07
    endloop
  endfacet
  facet normal -0.47384 0.415543 -0.776402
    outer loop
      vertex 13.8867 24.0825 0.800001
      vertex 14.6681 23.4788 3.8147e-07
      vertex 13.7142 23.8858 0.800001
    endloop
  endfacet
  facet normal 0.0411879 0.628899 -0.776395
    outer loop
      vertex -12.6867 22.3377 3.8147e-07
      vertex -12.5611 23.3171 0.800001
      vertex -12.3 23.3 0.800001
    endloop
  endfacet
  facet normal 0.038134 0.629211 -0.776298
    outer loop
      vertex -12.5611 23.3171 0.800001
      vertex -12.6867 22.3377 3.8147e-07
      vertex -12.69 22.3379 3.8147e-07
    endloop
  endfacet
  facet normal 0.119736 0.618635 -0.776501
    outer loop
      vertex -12.6931 22.3385 3.8147e-07
      vertex -12.5611 23.3171 0.800001
      vertex -12.69 22.3379 3.8147e-07
    endloop
  endfacet
  facet normal 0.122903 0.618131 -0.776407
    outer loop
      vertex -12.5611 23.3171 0.800001
      vertex -12.6931 22.3385 3.8147e-07
      vertex -12.8176 23.3681 0.800001
    endloop
  endfacet
  facet normal 0.278739 -0.565284 -0.776375
    outer loop
      vertex -13.4433 57.4602 3.8147e-07
      vertex -13.0654 56.5478 0.800001
      vertex -13.7909 57.2888 3.8147e-07
    endloop
  endfacet
  facet normal -0.47387 -0.41549 -0.776411
    outer loop
      vertex 14.4126 56.8126 3.8147e-07
      vertex 14.6681 56.5212 3.8147e-07
      vertex 13.7142 56.1142 0.800001
    endloop
  endfacet
  facet normal 0.47387 -0.41549 -0.776411
    outer loop
      vertex -14.4126 56.8126 3.8147e-07
      vertex -13.7142 56.1142 0.800001
      vertex -14.6681 56.5212 3.8147e-07
    endloop
  endfacet
  facet normal -0.349593 0.52439 -0.776402
    outer loop
      vertex 14.1161 22.9279 3.8147e-07
      vertex 13.5175 23.7133 0.800001
      vertex 14.1188 22.9297 3.8147e-07
    endloop
  endfacet
  facet normal -0.350243 0.523919 -0.776427
    outer loop
      vertex 13.5175 23.7133 0.800001
      vertex 14.1161 22.9279 3.8147e-07
      vertex 13.3 23.5679 0.800001
    endloop
  endfacet
  facet normal 0.565284 -0.278739 -0.776375
    outer loop
      vertex -14.8888 56.1909 3.8147e-07
      vertex -14.1478 55.4654 0.800001
      vertex -15.0602 55.8433 3.8147e-07
    endloop
  endfacet
  facet normal 0.122911 0.618131 -0.776406
    outer loop
      vertex -12.8176 23.3681 0.800001
      vertex -12.6931 22.3385 3.8147e-07
      vertex -13.0733 22.4141 3.8147e-07
    endloop
  endfacet
  facet normal -0.41549 -0.47387 -0.776411
    outer loop
      vertex 14.1212 57.0681 3.8147e-07
      vertex 14.4126 56.8126 3.8147e-07
      vertex 13.7142 56.1142 0.800001
    endloop
  endfacet
  facet normal 0.565258 -0.278774 -0.776382
    outer loop
      vertex -14.8888 56.1909 3.8147e-07
      vertex -14.0321 55.7 0.800001
      vertex -14.1478 55.4654 0.800001
    endloop
  endfacet
  facet normal 0.567775 -0.274098 -0.776209
    outer loop
      vertex -14.0321 55.7 0.800001
      vertex -14.8888 56.1909 3.8147e-07
      vertex -14.8874 56.1938 3.8147e-07
    endloop
  endfacet
  facet normal 0.628905 -0.0411883 -0.77639
    outer loop
      vertex -14.3 54.7 0.800001
      vertex -15.2874 54.7032 3.8147e-07
      vertex -14.2829 54.9611 0.800001
    endloop
  endfacet
  facet normal 0.628312 -0.0589042 -0.775729
    outer loop
      vertex -15.2874 54.7032 3.8147e-07
      vertex -14.3 54.7 0.800001
      vertex -15.2877 54.7 3.8147e-07
    endloop
  endfacet
  facet normal 0.628898 -0.0411353 -0.776399
    outer loop
      vertex -15.2621 55.09 3.8147e-07
      vertex -14.2829 54.9611 0.800001
      vertex -15.2874 54.7032 3.8147e-07
    endloop
  endfacet
  facet normal 0.350088 -0.524074 -0.776392
    outer loop
      vertex -13.7938 57.2874 3.8147e-07
      vertex -13.3 56.4321 0.800001
      vertex -14.1161 57.0721 3.8147e-07
    endloop
  endfacet
  facet normal 0.202553 -0.59682 -0.776388
    outer loop
      vertex -13.0763 57.5848 3.8147e-07
      vertex -12.8176 56.6319 0.800001
      vertex -13.0654 56.5478 0.800001
    endloop
  endfacet
  facet normal 0.217204 -0.592375 -0.775831
    outer loop
      vertex -12.8176 56.6319 0.800001
      vertex -13.0763 57.5848 3.8147e-07
      vertex -13.0733 57.5859 3.8147e-07
    endloop
  endfacet
  facet normal 0.350243 -0.523919 -0.776427
    outer loop
      vertex -13.5175 56.2867 0.800001
      vertex -14.1161 57.0721 3.8147e-07
      vertex -13.3 56.4321 0.800001
    endloop
  endfacet
  facet normal 0.349593 -0.52439 -0.776402
    outer loop
      vertex -14.1161 57.0721 3.8147e-07
      vertex -13.5175 56.2867 0.800001
      vertex -14.1188 57.0703 3.8147e-07
    endloop
  endfacet
  facet normal 0.596808 -0.202549 -0.776399
    outer loop
      vertex -15.0613 55.8403 3.8147e-07
      vertex -14.1478 55.4654 0.800001
      vertex -14.2319 55.2176 0.800001
    endloop
  endfacet
  facet normal 0.591285 -0.216805 -0.776774
    outer loop
      vertex -14.1478 55.4654 0.800001
      vertex -15.0613 55.8403 3.8147e-07
      vertex -15.0602 55.8433 3.8147e-07
    endloop
  endfacet
  facet normal 0.596772 0.20261 -0.77641
    outer loop
      vertex -14.2319 24.7824 0.800001
      vertex -15.0613 24.1597 3.8147e-07
      vertex -15.1859 24.5267 3.8147e-07
    endloop
  endfacet
  facet normal 0.618131 0.122911 -0.776406
    outer loop
      vertex -14.2319 24.7824 0.800001
      vertex -15.1859 24.5267 3.8147e-07
      vertex -15.2615 24.9069 3.8147e-07
    endloop
  endfacet
  facet normal 0.52396 -0.350271 -0.776386
    outer loop
      vertex -14.0321 55.7 0.800001
      vertex -14.8856 56.1965 3.8147e-07
      vertex -13.8867 55.9175 0.800001
    endloop
  endfacet
  facet normal 0.524381 -0.349587 -0.776411
    outer loop
      vertex -14.8856 56.1965 3.8147e-07
      vertex -14.0321 55.7 0.800001
      vertex -14.8874 56.1938 3.8147e-07
    endloop
  endfacet
  facet normal 0.596772 -0.20261 -0.77641
    outer loop
      vertex -15.0613 55.8403 3.8147e-07
      vertex -14.2319 55.2176 0.800001
      vertex -15.1859 55.4733 3.8147e-07
    endloop
  endfacet
  facet normal 0.618131 -0.122911 -0.776406
    outer loop
      vertex -15.1859 55.4733 3.8147e-07
      vertex -14.2319 55.2176 0.800001
      vertex -15.2615 55.0931 3.8147e-07
    endloop
  endfacet
endsolid OpenSCAD_Model
