solid OpenSCAD_Model
  facet normal -0.740984 -0.671522 0
    outer loop
      vertex -30.4853 -27.4853 0
      vertex -31.2761 -26.6127 6
      vertex -31.2761 -26.6127 0
    endloop
  endfacet
  facet normal -0.740984 -0.671522 0
    outer loop
      vertex -31.2761 -26.6127 6
      vertex -30.4853 -27.4853 0
      vertex -30.4853 -27.4853 6
    endloop
  endfacet
  facet normal -0.85768 -0.514184 0
    outer loop
      vertex -31.9776 -25.6668 0
      vertex -32.5831 -24.6568 6
      vertex -32.5831 -24.6568 0
    endloop
  endfacet
  facet normal -0.85768 -0.514184 0
    outer loop
      vertex -32.5831 -24.6568 6
      vertex -31.9776 -25.6668 0
      vertex -31.9776 -25.6668 6
    endloop
  endfacet
  facet normal 0.336939 -0.941527 0
    outer loop
      vertex 25.4834 -30.4833 0
      vertex 26.5922 -30.0865 6
      vertex 25.4834 -30.4833 6
    endloop
  endfacet
  facet normal 0.336939 -0.941527 0
    outer loop
      vertex 26.5922 -30.0865 6
      vertex 25.4834 -30.4833 0
      vertex 26.5922 -30.0865 0
    endloop
  endfacet
  facet normal -0.336939 0.941527 0
    outer loop
      vertex -25.4834 30.4833 0
      vertex -26.5922 30.0865 6
      vertex -25.4834 30.4833 6
    endloop
  endfacet
  facet normal -0.336939 0.941527 0
    outer loop
      vertex -26.5922 30.0865 6
      vertex -25.4834 30.4833 0
      vertex -26.5922 30.0865 0
    endloop
  endfacet
  facet normal 0.242955 -0.970038 0
    outer loop
      vertex 24.3411 -30.7694 0
      vertex 25.4834 -30.4833 6
      vertex 24.3411 -30.7694 6
    endloop
  endfacet
  facet normal 0.242955 -0.970038 0
    outer loop
      vertex 25.4834 -30.4833 6
      vertex 24.3411 -30.7694 0
      vertex 25.4834 -30.4833 0
    endloop
  endfacet
  facet normal 0.595684 0.803219 -0
    outer loop
      vertex 29.6127 28.2761 0
      vertex 28.6668 28.9776 6
      vertex 29.6127 28.2761 6
    endloop
  endfacet
  facet normal 0.595684 0.803219 0
    outer loop
      vertex 28.6668 28.9776 6
      vertex 29.6127 28.2761 0
      vertex 28.6668 28.9776 0
    endloop
  endfacet
  facet normal 0.146733 -0.989176 0
    outer loop
      vertex 23.1762 -30.9422 0
      vertex 24.3411 -30.7694 6
      vertex 23.1762 -30.9422 6
    endloop
  endfacet
  facet normal 0.146733 -0.989176 0
    outer loop
      vertex 24.3411 -30.7694 6
      vertex 23.1762 -30.9422 0
      vertex 24.3411 -30.7694 0
    endloop
  endfacet
  facet normal -0.514184 -0.85768 0
    outer loop
      vertex -28.6668 -28.9776 0
      vertex -27.6568 -29.5831 6
      vertex -28.6668 -28.9776 6
    endloop
  endfacet
  facet normal -0.514184 -0.85768 -0
    outer loop
      vertex -27.6568 -29.5831 6
      vertex -28.6668 -28.9776 0
      vertex -27.6568 -29.5831 0
    endloop
  endfacet
  facet normal 0 1 -0
    outer loop
      vertex -4 31 0
      vertex -22 31 6
      vertex -4 31 6
    endloop
  endfacet
  facet normal 0 1 0
    outer loop
      vertex -22 31 6
      vertex -4 31 0
      vertex -22 31 0
    endloop
  endfacet
  facet normal 0 1 -0
    outer loop
      vertex 22 31 0
      vertex 4 31 6
      vertex 22 31 6
    endloop
  endfacet
  facet normal 0 1 0
    outer loop
      vertex 4 31 6
      vertex 22 31 0
      vertex 4 31 0
    endloop
  endfacet
  facet normal 0.970038 -0.242955 0
    outer loop
      vertex 33.4833 -22.4834 6
      vertex 33.7694 -21.3411 0
      vertex 33.7694 -21.3411 6
    endloop
  endfacet
  facet normal 0.970038 -0.242955 0
    outer loop
      vertex 33.7694 -21.3411 0
      vertex 33.4833 -22.4834 6
      vertex 33.4833 -22.4834 0
    endloop
  endfacet
  facet normal 0.740984 -0.671522 0
    outer loop
      vertex 30.4853 -27.4853 6
      vertex 31.2761 -26.6127 0
      vertex 31.2761 -26.6127 6
    endloop
  endfacet
  facet normal 0.740984 -0.671522 0
    outer loop
      vertex 31.2761 -26.6127 0
      vertex 30.4853 -27.4853 6
      vertex 30.4853 -27.4853 0
    endloop
  endfacet
  facet normal -0.146733 0.989176 0
    outer loop
      vertex -23.1762 30.9422 0
      vertex -24.3411 30.7694 6
      vertex -23.1762 30.9422 6
    endloop
  endfacet
  facet normal -0.146733 0.989176 0
    outer loop
      vertex -24.3411 30.7694 6
      vertex -23.1762 30.9422 0
      vertex -24.3411 30.7694 0
    endloop
  endfacet
  facet normal 0.0490821 0.998795 -0
    outer loop
      vertex 23.1762 30.9422 0
      vertex 22 31 6
      vertex 23.1762 30.9422 6
    endloop
  endfacet
  facet normal 0.0490821 0.998795 0
    outer loop
      vertex 22 31 6
      vertex 23.1762 30.9422 0
      vertex 22 31 0
    endloop
  endfacet
  facet normal 0.0490821 -0.998795 0
    outer loop
      vertex 22 -31 0
      vertex 23.1762 -30.9422 6
      vertex 22 -31 6
    endloop
  endfacet
  facet normal 0.0490821 -0.998795 0
    outer loop
      vertex 23.1762 -30.9422 6
      vertex 22 -31 0
      vertex 23.1762 -30.9422 0
    endloop
  endfacet
  facet normal -0.989176 -0.146733 0
    outer loop
      vertex -33.7694 -21.3411 0
      vertex -33.9422 -20.1762 6
      vertex -33.9422 -20.1762 0
    endloop
  endfacet
  facet normal -0.989176 -0.146733 0
    outer loop
      vertex -33.9422 -20.1762 6
      vertex -33.7694 -21.3411 0
      vertex -33.7694 -21.3411 6
    endloop
  endfacet
  facet normal -0.0490821 -0.998795 0
    outer loop
      vertex -23.1762 -30.9422 0
      vertex -22 -31 6
      vertex -23.1762 -30.9422 6
    endloop
  endfacet
  facet normal -0.0490821 -0.998795 -0
    outer loop
      vertex -22 -31 6
      vertex -23.1762 -30.9422 0
      vertex -22 -31 0
    endloop
  endfacet
  facet normal -0.671522 -0.740984 0
    outer loop
      vertex -30.4853 -27.4853 0
      vertex -29.6127 -28.2761 6
      vertex -30.4853 -27.4853 6
    endloop
  endfacet
  facet normal -0.671522 -0.740984 -0
    outer loop
      vertex -29.6127 -28.2761 6
      vertex -30.4853 -27.4853 0
      vertex -29.6127 -28.2761 0
    endloop
  endfacet
  facet normal -0.970038 0.242955 0
    outer loop
      vertex -33.7694 21.3411 0
      vertex -33.4833 22.4834 6
      vertex -33.4833 22.4834 0
    endloop
  endfacet
  facet normal -0.970038 0.242955 0
    outer loop
      vertex -33.4833 22.4834 6
      vertex -33.7694 21.3411 0
      vertex -33.7694 21.3411 6
    endloop
  endfacet
  facet normal -0.242955 0.970038 0
    outer loop
      vertex -24.3411 30.7694 0
      vertex -25.4834 30.4833 6
      vertex -24.3411 30.7694 6
    endloop
  endfacet
  facet normal -0.242955 0.970038 0
    outer loop
      vertex -25.4834 30.4833 6
      vertex -24.3411 30.7694 0
      vertex -25.4834 30.4833 0
    endloop
  endfacet
  facet normal -0.998795 0.0490821 0
    outer loop
      vertex -34 19 0
      vertex -33.9422 20.1762 6
      vertex -33.9422 20.1762 0
    endloop
  endfacet
  facet normal -0.998795 0.0490821 0
    outer loop
      vertex -33.9422 20.1762 6
      vertex -34 19 0
      vertex -34 19 6
    endloop
  endfacet
  facet normal 0.85768 0.514184 0
    outer loop
      vertex 32.5831 24.6568 6
      vertex 31.9776 25.6668 0
      vertex 31.9776 25.6668 6
    endloop
  endfacet
  facet normal 0.85768 0.514184 0
    outer loop
      vertex 31.9776 25.6668 0
      vertex 32.5831 24.6568 6
      vertex 32.5831 24.6568 0
    endloop
  endfacet
  facet normal -0.904028 0.427473 0
    outer loop
      vertex -33.0865 23.5922 0
      vertex -32.5831 24.6568 6
      vertex -32.5831 24.6568 0
    endloop
  endfacet
  facet normal -0.904028 0.427473 0
    outer loop
      vertex -32.5831 24.6568 6
      vertex -33.0865 23.5922 0
      vertex -33.0865 23.5922 6
    endloop
  endfacet
  facet normal 0 -1 0
    outer loop
      vertex -22 -31 0
      vertex 22 -31 6
      vertex -22 -31 6
    endloop
  endfacet
  facet normal 0 -1 -0
    outer loop
      vertex 22 -31 6
      vertex -22 -31 0
      vertex 22 -31 0
    endloop
  endfacet
  facet normal -0.336939 -0.941527 0
    outer loop
      vertex -26.5922 -30.0865 0
      vertex -25.4834 -30.4833 6
      vertex -26.5922 -30.0865 6
    endloop
  endfacet
  facet normal -0.336939 -0.941527 -0
    outer loop
      vertex -25.4834 -30.4833 6
      vertex -26.5922 -30.0865 0
      vertex -25.4834 -30.4833 0
    endloop
  endfacet
  facet normal -0.0490821 0.998795 0
    outer loop
      vertex -22 31 0
      vertex -23.1762 30.9422 6
      vertex -22 31 6
    endloop
  endfacet
  facet normal -0.0490821 0.998795 0
    outer loop
      vertex -23.1762 30.9422 6
      vertex -22 31 0
      vertex -23.1762 30.9422 0
    endloop
  endfacet
  facet normal 0.904028 0.427473 0
    outer loop
      vertex 33.0865 23.5922 6
      vertex 32.5831 24.6568 0
      vertex 32.5831 24.6568 6
    endloop
  endfacet
  facet normal 0.904028 0.427473 0
    outer loop
      vertex 32.5831 24.6568 0
      vertex 33.0865 23.5922 6
      vertex 33.0865 23.5922 0
    endloop
  endfacet
  facet normal -0.941527 0.336939 0
    outer loop
      vertex -33.4833 22.4834 0
      vertex -33.0865 23.5922 6
      vertex -33.0865 23.5922 0
    endloop
  endfacet
  facet normal -0.941527 0.336939 0
    outer loop
      vertex -33.0865 23.5922 6
      vertex -33.4833 22.4834 0
      vertex -33.4833 22.4834 6
    endloop
  endfacet
  facet normal 0.336939 0.941527 -0
    outer loop
      vertex 26.5922 30.0865 0
      vertex 25.4834 30.4833 6
      vertex 26.5922 30.0865 6
    endloop
  endfacet
  facet normal 0.336939 0.941527 0
    outer loop
      vertex 25.4834 30.4833 6
      vertex 26.5922 30.0865 0
      vertex 25.4834 30.4833 0
    endloop
  endfacet
  facet normal -0.427473 -0.904028 0
    outer loop
      vertex -27.6568 -29.5831 0
      vertex -26.5922 -30.0865 6
      vertex -27.6568 -29.5831 6
    endloop
  endfacet
  facet normal -0.427473 -0.904028 -0
    outer loop
      vertex -26.5922 -30.0865 6
      vertex -27.6568 -29.5831 0
      vertex -26.5922 -30.0865 0
    endloop
  endfacet
  facet normal -0.514184 0.85768 0
    outer loop
      vertex -27.6568 29.5831 0
      vertex -28.6668 28.9776 6
      vertex -27.6568 29.5831 6
    endloop
  endfacet
  facet normal -0.514184 0.85768 0
    outer loop
      vertex -28.6668 28.9776 6
      vertex -27.6568 29.5831 0
      vertex -28.6668 28.9776 0
    endloop
  endfacet
  facet normal -1 0 0
    outer loop
      vertex -34 -19 0
      vertex -34 19 6
      vertex -34 19 0
    endloop
  endfacet
  facet normal -1 -0 0
    outer loop
      vertex -34 19 6
      vertex -34 -19 0
      vertex -34 -19 6
    endloop
  endfacet
  facet normal -0.242955 -0.970038 0
    outer loop
      vertex -25.4834 -30.4833 0
      vertex -24.3411 -30.7694 6
      vertex -25.4834 -30.4833 6
    endloop
  endfacet
  facet normal -0.242955 -0.970038 -0
    outer loop
      vertex -24.3411 -30.7694 6
      vertex -25.4834 -30.4833 0
      vertex -24.3411 -30.7694 0
    endloop
  endfacet
  facet normal -0.595684 0.803219 0
    outer loop
      vertex -28.6668 28.9776 0
      vertex -29.6127 28.2761 6
      vertex -28.6668 28.9776 6
    endloop
  endfacet
  facet normal -0.595684 0.803219 0
    outer loop
      vertex -29.6127 28.2761 6
      vertex -28.6668 28.9776 0
      vertex -29.6127 28.2761 0
    endloop
  endfacet
  facet normal -0.595684 -0.803219 0
    outer loop
      vertex -29.6127 -28.2761 0
      vertex -28.6668 -28.9776 6
      vertex -29.6127 -28.2761 6
    endloop
  endfacet
  facet normal -0.595684 -0.803219 -0
    outer loop
      vertex -28.6668 -28.9776 6
      vertex -29.6127 -28.2761 0
      vertex -28.6668 -28.9776 0
    endloop
  endfacet
  facet normal -0.904028 -0.427473 0
    outer loop
      vertex -32.5831 -24.6568 0
      vertex -33.0865 -23.5922 6
      vertex -33.0865 -23.5922 0
    endloop
  endfacet
  facet normal -0.904028 -0.427473 0
    outer loop
      vertex -33.0865 -23.5922 6
      vertex -32.5831 -24.6568 0
      vertex -32.5831 -24.6568 6
    endloop
  endfacet
  facet normal 0.514184 -0.85768 0
    outer loop
      vertex 27.6568 -29.5831 0
      vertex 28.6668 -28.9776 6
      vertex 27.6568 -29.5831 6
    endloop
  endfacet
  facet normal 0.514184 -0.85768 0
    outer loop
      vertex 28.6668 -28.9776 6
      vertex 27.6568 -29.5831 0
      vertex 28.6668 -28.9776 0
    endloop
  endfacet
  facet normal 0.941527 0.336939 0
    outer loop
      vertex 33.4833 22.4834 6
      vertex 33.0865 23.5922 0
      vertex 33.0865 23.5922 6
    endloop
  endfacet
  facet normal 0.941527 0.336939 0
    outer loop
      vertex 33.0865 23.5922 0
      vertex 33.4833 22.4834 6
      vertex 33.4833 22.4834 0
    endloop
  endfacet
  facet normal -0.85768 0.514184 0
    outer loop
      vertex -32.5831 24.6568 0
      vertex -31.9776 25.6668 6
      vertex -31.9776 25.6668 0
    endloop
  endfacet
  facet normal -0.85768 0.514184 0
    outer loop
      vertex -31.9776 25.6668 6
      vertex -32.5831 24.6568 0
      vertex -32.5831 24.6568 6
    endloop
  endfacet
  facet normal 0.998795 -0.0490821 0
    outer loop
      vertex 33.9422 -20.1762 6
      vertex 34 -19 0
      vertex 34 -19 6
    endloop
  endfacet
  facet normal 0.998795 -0.0490821 0
    outer loop
      vertex 34 -19 0
      vertex 33.9422 -20.1762 6
      vertex 33.9422 -20.1762 0
    endloop
  endfacet
  facet normal -0.427473 0.904028 0
    outer loop
      vertex -26.5922 30.0865 0
      vertex -27.6568 29.5831 6
      vertex -26.5922 30.0865 6
    endloop
  endfacet
  facet normal -0.427473 0.904028 0
    outer loop
      vertex -27.6568 29.5831 6
      vertex -26.5922 30.0865 0
      vertex -27.6568 29.5831 0
    endloop
  endfacet
  facet normal 0.941527 -0.336939 0
    outer loop
      vertex 33.0865 -23.5922 6
      vertex 33.4833 -22.4834 0
      vertex 33.4833 -22.4834 6
    endloop
  endfacet
  facet normal 0.941527 -0.336939 0
    outer loop
      vertex 33.4833 -22.4834 0
      vertex 33.0865 -23.5922 6
      vertex 33.0865 -23.5922 0
    endloop
  endfacet
  facet normal 0.671522 0.740984 -0
    outer loop
      vertex 30.4853 27.4853 0
      vertex 29.6127 28.2761 6
      vertex 30.4853 27.4853 6
    endloop
  endfacet
  facet normal 0.671522 0.740984 0
    outer loop
      vertex 29.6127 28.2761 6
      vertex 30.4853 27.4853 0
      vertex 29.6127 28.2761 0
    endloop
  endfacet
  facet normal 1 -0 0
    outer loop
      vertex 34 -19 6
      vertex 34 19 0
      vertex 34 19 6
    endloop
  endfacet
  facet normal 1 0 0
    outer loop
      vertex 34 19 0
      vertex 34 -19 6
      vertex 34 -19 0
    endloop
  endfacet
  facet normal -0.998795 -0.0490821 0
    outer loop
      vertex -33.9422 -20.1762 0
      vertex -34 -19 6
      vertex -34 -19 0
    endloop
  endfacet
  facet normal -0.998795 -0.0490821 0
    outer loop
      vertex -34 -19 6
      vertex -33.9422 -20.1762 0
      vertex -33.9422 -20.1762 6
    endloop
  endfacet
  facet normal -0.970038 -0.242955 0
    outer loop
      vertex -33.4833 -22.4834 0
      vertex -33.7694 -21.3411 6
      vertex -33.7694 -21.3411 0
    endloop
  endfacet
  facet normal -0.970038 -0.242955 0
    outer loop
      vertex -33.7694 -21.3411 6
      vertex -33.4833 -22.4834 0
      vertex -33.4833 -22.4834 6
    endloop
  endfacet
  facet normal 0.427473 -0.904028 0
    outer loop
      vertex 26.5922 -30.0865 0
      vertex 27.6568 -29.5831 6
      vertex 26.5922 -30.0865 6
    endloop
  endfacet
  facet normal 0.427473 -0.904028 0
    outer loop
      vertex 27.6568 -29.5831 6
      vertex 26.5922 -30.0865 0
      vertex 27.6568 -29.5831 0
    endloop
  endfacet
  facet normal -0.803219 0.595684 0
    outer loop
      vertex -31.9776 25.6668 0
      vertex -31.2761 26.6127 6
      vertex -31.2761 26.6127 0
    endloop
  endfacet
  facet normal -0.803219 0.595684 0
    outer loop
      vertex -31.2761 26.6127 6
      vertex -31.9776 25.6668 0
      vertex -31.9776 25.6668 6
    endloop
  endfacet
  facet normal 0.904028 -0.427473 0
    outer loop
      vertex 32.5831 -24.6568 6
      vertex 33.0865 -23.5922 0
      vertex 33.0865 -23.5922 6
    endloop
  endfacet
  facet normal 0.904028 -0.427473 0
    outer loop
      vertex 33.0865 -23.5922 0
      vertex 32.5831 -24.6568 6
      vertex 32.5831 -24.6568 0
    endloop
  endfacet
  facet normal 0.671522 -0.740984 0
    outer loop
      vertex 29.6127 -28.2761 0
      vertex 30.4853 -27.4853 6
      vertex 29.6127 -28.2761 6
    endloop
  endfacet
  facet normal 0.671522 -0.740984 0
    outer loop
      vertex 30.4853 -27.4853 6
      vertex 29.6127 -28.2761 0
      vertex 30.4853 -27.4853 0
    endloop
  endfacet
  facet normal -0.146733 -0.989176 0
    outer loop
      vertex -24.3411 -30.7694 0
      vertex -23.1762 -30.9422 6
      vertex -24.3411 -30.7694 6
    endloop
  endfacet
  facet normal -0.146733 -0.989176 -0
    outer loop
      vertex -23.1762 -30.9422 6
      vertex -24.3411 -30.7694 0
      vertex -23.1762 -30.9422 0
    endloop
  endfacet
  facet normal 0.989176 0.146733 0
    outer loop
      vertex 33.9422 20.1762 6
      vertex 33.7694 21.3411 0
      vertex 33.7694 21.3411 6
    endloop
  endfacet
  facet normal 0.989176 0.146733 0
    outer loop
      vertex 33.7694 21.3411 0
      vertex 33.9422 20.1762 6
      vertex 33.9422 20.1762 0
    endloop
  endfacet
  facet normal 0.595684 -0.803219 0
    outer loop
      vertex 28.6668 -28.9776 0
      vertex 29.6127 -28.2761 6
      vertex 28.6668 -28.9776 6
    endloop
  endfacet
  facet normal 0.595684 -0.803219 0
    outer loop
      vertex 29.6127 -28.2761 6
      vertex 28.6668 -28.9776 0
      vertex 29.6127 -28.2761 0
    endloop
  endfacet
  facet normal 0.514184 0.85768 -0
    outer loop
      vertex 28.6668 28.9776 0
      vertex 27.6568 29.5831 6
      vertex 28.6668 28.9776 6
    endloop
  endfacet
  facet normal 0.514184 0.85768 0
    outer loop
      vertex 27.6568 29.5831 6
      vertex 28.6668 28.9776 0
      vertex 27.6568 29.5831 0
    endloop
  endfacet
  facet normal 0.998795 0.0490821 0
    outer loop
      vertex 34 19 6
      vertex 33.9422 20.1762 0
      vertex 33.9422 20.1762 6
    endloop
  endfacet
  facet normal 0.998795 0.0490821 0
    outer loop
      vertex 33.9422 20.1762 0
      vertex 34 19 6
      vertex 34 19 0
    endloop
  endfacet
  facet normal 0.85768 -0.514184 0
    outer loop
      vertex 31.9776 -25.6668 6
      vertex 32.5831 -24.6568 0
      vertex 32.5831 -24.6568 6
    endloop
  endfacet
  facet normal 0.85768 -0.514184 0
    outer loop
      vertex 32.5831 -24.6568 0
      vertex 31.9776 -25.6668 6
      vertex 31.9776 -25.6668 0
    endloop
  endfacet
  facet normal 0.803219 0.595684 0
    outer loop
      vertex 31.9776 25.6668 6
      vertex 31.2761 26.6127 0
      vertex 31.2761 26.6127 6
    endloop
  endfacet
  facet normal 0.803219 0.595684 0
    outer loop
      vertex 31.2761 26.6127 0
      vertex 31.9776 25.6668 6
      vertex 31.9776 25.6668 0
    endloop
  endfacet
  facet normal -0.941527 -0.336939 0
    outer loop
      vertex -33.0865 -23.5922 0
      vertex -33.4833 -22.4834 6
      vertex -33.4833 -22.4834 0
    endloop
  endfacet
  facet normal -0.941527 -0.336939 0
    outer loop
      vertex -33.4833 -22.4834 6
      vertex -33.0865 -23.5922 0
      vertex -33.0865 -23.5922 6
    endloop
  endfacet
  facet normal 0.242955 0.970038 -0
    outer loop
      vertex 25.4834 30.4833 0
      vertex 24.3411 30.7694 6
      vertex 25.4834 30.4833 6
    endloop
  endfacet
  facet normal 0.242955 0.970038 0
    outer loop
      vertex 24.3411 30.7694 6
      vertex 25.4834 30.4833 0
      vertex 24.3411 30.7694 0
    endloop
  endfacet
  facet normal 0.970038 0.242955 0
    outer loop
      vertex 33.7694 21.3411 6
      vertex 33.4833 22.4834 0
      vertex 33.4833 22.4834 6
    endloop
  endfacet
  facet normal 0.970038 0.242955 0
    outer loop
      vertex 33.4833 22.4834 0
      vertex 33.7694 21.3411 6
      vertex 33.7694 21.3411 0
    endloop
  endfacet
  facet normal -0.989176 0.146733 0
    outer loop
      vertex -33.9422 20.1762 0
      vertex -33.7694 21.3411 6
      vertex -33.7694 21.3411 0
    endloop
  endfacet
  facet normal -0.989176 0.146733 0
    outer loop
      vertex -33.7694 21.3411 6
      vertex -33.9422 20.1762 0
      vertex -33.9422 20.1762 6
    endloop
  endfacet
  facet normal 0.740984 0.671522 0
    outer loop
      vertex 31.2761 26.6127 6
      vertex 30.4853 27.4853 0
      vertex 30.4853 27.4853 6
    endloop
  endfacet
  facet normal 0.740984 0.671522 0
    outer loop
      vertex 30.4853 27.4853 0
      vertex 31.2761 26.6127 6
      vertex 31.2761 26.6127 0
    endloop
  endfacet
  facet normal 0.146733 0.989176 -0
    outer loop
      vertex 24.3411 30.7694 0
      vertex 23.1762 30.9422 6
      vertex 24.3411 30.7694 6
    endloop
  endfacet
  facet normal 0.146733 0.989176 0
    outer loop
      vertex 23.1762 30.9422 6
      vertex 24.3411 30.7694 0
      vertex 23.1762 30.9422 0
    endloop
  endfacet
  facet normal -0.671522 0.740984 0
    outer loop
      vertex -29.6127 28.2761 0
      vertex -30.4853 27.4853 6
      vertex -29.6127 28.2761 6
    endloop
  endfacet
  facet normal -0.671522 0.740984 0
    outer loop
      vertex -30.4853 27.4853 6
      vertex -29.6127 28.2761 0
      vertex -30.4853 27.4853 0
    endloop
  endfacet
  facet normal -0.740984 0.671522 0
    outer loop
      vertex -31.2761 26.6127 0
      vertex -30.4853 27.4853 6
      vertex -30.4853 27.4853 0
    endloop
  endfacet
  facet normal -0.740984 0.671522 0
    outer loop
      vertex -30.4853 27.4853 6
      vertex -31.2761 26.6127 0
      vertex -31.2761 26.6127 6
    endloop
  endfacet
  facet normal 0.427473 0.904028 -0
    outer loop
      vertex 27.6568 29.5831 0
      vertex 26.5922 30.0865 6
      vertex 27.6568 29.5831 6
    endloop
  endfacet
  facet normal 0.427473 0.904028 0
    outer loop
      vertex 26.5922 30.0865 6
      vertex 27.6568 29.5831 0
      vertex 26.5922 30.0865 0
    endloop
  endfacet
  facet normal 0 0 -1
    outer loop
      vertex -4 21.4 0
      vertex -17.825 19.4903 0
      vertex -17.8 20 0
    endloop
  endfacet
  facet normal 0 0 -1
    outer loop
      vertex -17 11.1 0
      vertex -17.8999 18.9855 0
      vertex -17.825 19.4903 0
    endloop
  endfacet
  facet normal 0 0 -1
    outer loop
      vertex -17 11.1 0
      vertex -18.0239 18.4905 0
      vertex -17.8999 18.9855 0
    endloop
  endfacet
  facet normal 0 0 -1
    outer loop
      vertex -20.111 15.6764 0
      vertex -17.6048 11.0404 0
      vertex -18.1863 10.864 0
    endloop
  endfacet
  facet normal 0 0 -1
    outer loop
      vertex -17 11.1 0
      vertex -18.1958 18.01 0
      vertex -18.0239 18.4905 0
    endloop
  endfacet
  facet normal 0 0 -1
    outer loop
      vertex -17 11.1 0
      vertex -18.414 17.5487 0
      vertex -18.1958 18.01 0
    endloop
  endfacet
  facet normal 0 0 -1
    outer loop
      vertex -17 11.1 0
      vertex -18.6764 17.111 0
      vertex -18.414 17.5487 0
    endloop
  endfacet
  facet normal 0 0 -1
    outer loop
      vertex -20.5487 15.414 0
      vertex -18.1863 10.864 0
      vertex -18.7223 10.5776 0
    endloop
  endfacet
  facet normal 0 0 -1
    outer loop
      vertex -17 11.1 0
      vertex -18.9803 16.7012 0
      vertex -18.6764 17.111 0
    endloop
  endfacet
  facet normal 0 0 -1
    outer loop
      vertex -21.4905 15.0239 0
      vertex -18.7223 10.5776 0
      vertex -19.192 10.192 0
    endloop
  endfacet
  facet normal 0 0 -1
    outer loop
      vertex -17 11.1 0
      vertex -19.323 16.323 0
      vertex -18.9803 16.7012 0
    endloop
  endfacet
  facet normal 0 0 -1
    outer loop
      vertex -21.9855 14.8999 0
      vertex -19.192 10.192 0
      vertex -19.5776 9.72227 0
    endloop
  endfacet
  facet normal 0 0 -1
    outer loop
      vertex -17 11.1 0
      vertex -19.7012 15.9803 0
      vertex -19.323 16.323 0
    endloop
  endfacet
  facet normal 0 0 -1
    outer loop
      vertex -23 14.8 0
      vertex -19.5776 9.72227 0
      vertex -19.864 9.18632 0
    endloop
  endfacet
  facet normal 0 0 -1
    outer loop
      vertex -23.5097 14.825 0
      vertex -19.864 9.18632 0
      vertex -20.0404 8.60478 0
    endloop
  endfacet
  facet normal 0 0 -1
    outer loop
      vertex -24.5095 15.0239 0
      vertex -20.0404 8.60478 0
      vertex -20.1 8 0
    endloop
  endfacet
  facet normal 0 0 -1
    outer loop
      vertex -17.6048 11.0404 0
      vertex -20.111 15.6764 0
      vertex -19.7012 15.9803 0
    endloop
  endfacet
  facet normal -0 0 -1
    outer loop
      vertex -18.1863 5.13597 0
      vertex -23 -14.8 0
      vertex -18.7223 5.42244 0
    endloop
  endfacet
  facet normal 0 0 -1
    outer loop
      vertex -23.5097 -14.825 0
      vertex -18.7223 5.42244 0
      vertex -23 -14.8 0
    endloop
  endfacet
  facet normal 0 0 -1
    outer loop
      vertex -18.1863 10.864 0
      vertex -20.5487 15.414 0
      vertex -20.111 15.6764 0
    endloop
  endfacet
  facet normal 0 0 -1
    outer loop
      vertex -24.0145 -14.8999 0
      vertex -18.7223 5.42244 0
      vertex -23.5097 -14.825 0
    endloop
  endfacet
  facet normal 0 0 -1
    outer loop
      vertex -18.7223 10.5776 0
      vertex -21.01 15.1958 0
      vertex -20.5487 15.414 0
    endloop
  endfacet
  facet normal -0 0 -1
    outer loop
      vertex -18.7223 5.42244 0
      vertex -24.0145 -14.8999 0
      vertex -19.192 5.80797 0
    endloop
  endfacet
  facet normal 0 0 -1
    outer loop
      vertex -18.7223 10.5776 0
      vertex -21.4905 15.0239 0
      vertex -21.01 15.1958 0
    endloop
  endfacet
  facet normal 0 0 -1
    outer loop
      vertex -24.5095 -15.0239 0
      vertex -19.192 5.80797 0
      vertex -24.0145 -14.8999 0
    endloop
  endfacet
  facet normal 0 0 -1
    outer loop
      vertex -19.192 10.192 0
      vertex -21.9855 14.8999 0
      vertex -21.4905 15.0239 0
    endloop
  endfacet
  facet normal 0 0 -1
    outer loop
      vertex -24.99 -15.1958 0
      vertex -19.192 5.80797 0
      vertex -24.5095 -15.0239 0
    endloop
  endfacet
  facet normal 0 0 -1
    outer loop
      vertex -19.5776 9.72227 0
      vertex -22.4903 14.825 0
      vertex -21.9855 14.8999 0
    endloop
  endfacet
  facet normal -0 0 -1
    outer loop
      vertex -19.192 5.80797 0
      vertex -24.99 -15.1958 0
      vertex -19.5776 6.27773 0
    endloop
  endfacet
  facet normal 0 0 -1
    outer loop
      vertex -19.5776 9.72227 0
      vertex -23 14.8 0
      vertex -22.4903 14.825 0
    endloop
  endfacet
  facet normal 0 0 -1
    outer loop
      vertex -25.4513 -15.414 0
      vertex -19.5776 6.27773 0
      vertex -24.99 -15.1958 0
    endloop
  endfacet
  facet normal 0 0 -1
    outer loop
      vertex -19.864 9.18632 0
      vertex -23.5097 14.825 0
      vertex -23 14.8 0
    endloop
  endfacet
  facet normal 0 0 -1
    outer loop
      vertex -25.889 -15.6764 0
      vertex -19.5776 6.27773 0
      vertex -25.4513 -15.414 0
    endloop
  endfacet
  facet normal 0 0 -1
    outer loop
      vertex -20.0404 8.60478 0
      vertex -24.0145 14.8999 0
      vertex -23.5097 14.825 0
    endloop
  endfacet
  facet normal -0 0 -1
    outer loop
      vertex -19.5776 6.27773 0
      vertex -25.889 -15.6764 0
      vertex -19.864 6.81368 0
    endloop
  endfacet
  facet normal 0 0 -1
    outer loop
      vertex -20.0404 8.60478 0
      vertex -24.5095 15.0239 0
      vertex -24.0145 14.8999 0
    endloop
  endfacet
  facet normal 0 0 -1
    outer loop
      vertex -34 -19 0
      vertex -19.864 6.81368 0
      vertex -25.889 -15.6764 0
    endloop
  endfacet
  facet normal 0 0 -1
    outer loop
      vertex -20.1 8 0
      vertex -24.99 15.1958 0
      vertex -24.5095 15.0239 0
    endloop
  endfacet
  facet normal 0 0 -1
    outer loop
      vertex -34 19 0
      vertex -19.864 6.81368 0
      vertex -34 -19 0
    endloop
  endfacet
  facet normal 0 0 -1
    outer loop
      vertex -20.1 8 0
      vertex -25.4513 15.414 0
      vertex -24.99 15.1958 0
    endloop
  endfacet
  facet normal 0 0 -1
    outer loop
      vertex -19.864 6.81368 0
      vertex -34 19 0
      vertex -20.0404 7.39522 0
    endloop
  endfacet
  facet normal 0 0 -1
    outer loop
      vertex -20.0404 7.39522 0
      vertex -25.4513 15.414 0
      vertex -20.1 8 0
    endloop
  endfacet
  facet normal 0 0 -1
    outer loop
      vertex -34 -19 0
      vertex -25.889 -15.6764 0
      vertex -26.2988 -15.9803 0
    endloop
  endfacet
  facet normal -0 -0 -1
    outer loop
      vertex -25.889 15.6764 0
      vertex -20.0404 7.39522 0
      vertex -34 19 0
    endloop
  endfacet
  facet normal 0 0 -1
    outer loop
      vertex -34 -19 0
      vertex -26.2988 -15.9803 0
      vertex -26.677 -16.323 0
    endloop
  endfacet
  facet normal -0 -0 -1
    outer loop
      vertex -25.4513 15.414 0
      vertex -20.0404 7.39522 0
      vertex -25.889 15.6764 0
    endloop
  endfacet
  facet normal 0 0 -1
    outer loop
      vertex -34 -19 0
      vertex -26.677 -16.323 0
      vertex -27.0197 -16.7012 0
    endloop
  endfacet
  facet normal 0 0 -1
    outer loop
      vertex -25.889 15.6764 0
      vertex -34 19 0
      vertex -26.2988 15.9803 0
    endloop
  endfacet
  facet normal 0 0 -1
    outer loop
      vertex -34 -19 0
      vertex -27.0197 -16.7012 0
      vertex -27.3236 -17.111 0
    endloop
  endfacet
  facet normal 0 0 -1
    outer loop
      vertex -26.2988 15.9803 0
      vertex -34 19 0
      vertex -26.677 16.323 0
    endloop
  endfacet
  facet normal 0 0 -1
    outer loop
      vertex -34 -19 0
      vertex -27.3236 -17.111 0
      vertex -27.586 -17.5487 0
    endloop
  endfacet
  facet normal 0 0 -1
    outer loop
      vertex -26.677 16.323 0
      vertex -34 19 0
      vertex -27.0197 16.7012 0
    endloop
  endfacet
  facet normal 0 0 -1
    outer loop
      vertex -34 -19 0
      vertex -27.586 -17.5487 0
      vertex -27.8042 -18.01 0
    endloop
  endfacet
  facet normal 0 0 -1
    outer loop
      vertex -27.0197 16.7012 0
      vertex -34 19 0
      vertex -27.3236 17.111 0
    endloop
  endfacet
  facet normal 0 0 -1
    outer loop
      vertex -34 -19 0
      vertex -27.8042 -18.01 0
      vertex -27.9761 -18.4905 0
    endloop
  endfacet
  facet normal 0 0 -1
    outer loop
      vertex -27.3236 17.111 0
      vertex -34 19 0
      vertex -27.586 17.5487 0
    endloop
  endfacet
  facet normal 0 0 -1
    outer loop
      vertex -34 -19 0
      vertex -27.9761 -18.4905 0
      vertex -28.1001 -18.9855 0
    endloop
  endfacet
  facet normal 0 0 -1
    outer loop
      vertex -27.586 17.5487 0
      vertex -34 19 0
      vertex -27.8042 18.01 0
    endloop
  endfacet
  facet normal 0 0 -1
    outer loop
      vertex -34 -19 0
      vertex -28.1001 -18.9855 0
      vertex -28.175 -19.4903 0
    endloop
  endfacet
  facet normal 0 0 -1
    outer loop
      vertex -27.8042 18.01 0
      vertex -34 19 0
      vertex -27.9761 18.4905 0
    endloop
  endfacet
  facet normal 0 0 -1
    outer loop
      vertex -34 -19 0
      vertex -28.175 -19.4903 0
      vertex -28.2 -20 0
    endloop
  endfacet
  facet normal 0 0 -1
    outer loop
      vertex -27.9761 18.4905 0
      vertex -34 19 0
      vertex -28.1001 18.9855 0
    endloop
  endfacet
  facet normal 0 0 -1
    outer loop
      vertex -14.136 9.18632 0
      vertex -4 21.4 0
      vertex -13.9596 8.60478 0
    endloop
  endfacet
  facet normal 0 0 -1
    outer loop
      vertex -14.4224 9.72227 0
      vertex -4 21.4 0
      vertex -14.136 9.18632 0
    endloop
  endfacet
  facet normal 0 0 -1
    outer loop
      vertex -14.808 10.192 0
      vertex -4 21.4 0
      vertex -14.4224 9.72227 0
    endloop
  endfacet
  facet normal 0 0 -1
    outer loop
      vertex -15.2777 10.5776 0
      vertex -4 21.4 0
      vertex -14.808 10.192 0
    endloop
  endfacet
  facet normal 0 0 -1
    outer loop
      vertex -17.825 19.4903 0
      vertex -4 21.4 0
      vertex -15.2777 10.5776 0
    endloop
  endfacet
  facet normal 0 0 -1
    outer loop
      vertex -17.825 19.4903 0
      vertex -15.2777 10.5776 0
      vertex -15.8137 10.864 0
    endloop
  endfacet
  facet normal 0 0 -1
    outer loop
      vertex -17.825 19.4903 0
      vertex -15.8137 10.864 0
      vertex -16.3952 11.0404 0
    endloop
  endfacet
  facet normal 0 0 -1
    outer loop
      vertex -17.825 19.4903 0
      vertex -16.3952 11.0404 0
      vertex -17 11.1 0
    endloop
  endfacet
  facet normal 0 0 -1
    outer loop
      vertex -19.7012 15.9803 0
      vertex -17 11.1 0
      vertex -17.6048 11.0404 0
    endloop
  endfacet
  facet normal 0 0 -1
    outer loop
      vertex -17.825 20.5097 0
      vertex -4 21.4 0
      vertex -17.8 20 0
    endloop
  endfacet
  facet normal 0 0 -1
    outer loop
      vertex -17.8999 21.0145 0
      vertex -4 21.4 0
      vertex -17.825 20.5097 0
    endloop
  endfacet
  facet normal 0 0 -1
    outer loop
      vertex -18.0239 21.5095 0
      vertex -4 21.4 0
      vertex -17.8999 21.0145 0
    endloop
  endfacet
  facet normal 0 0 -1
    outer loop
      vertex -18.1958 21.99 0
      vertex -4 21.4 0
      vertex -18.0239 21.5095 0
    endloop
  endfacet
  facet normal 0 0 -1
    outer loop
      vertex -18.414 22.4513 0
      vertex -4 21.4 0
      vertex -18.1958 21.99 0
    endloop
  endfacet
  facet normal 0 0 -1
    outer loop
      vertex -4 21.4 0
      vertex -18.414 22.4513 0
      vertex -4 31 0
    endloop
  endfacet
  facet normal 0 0 -1
    outer loop
      vertex -18.6764 22.889 0
      vertex -4 31 0
      vertex -18.414 22.4513 0
    endloop
  endfacet
  facet normal 0 0 -1
    outer loop
      vertex -18.9803 23.2988 0
      vertex -4 31 0
      vertex -18.6764 22.889 0
    endloop
  endfacet
  facet normal 0 0 -1
    outer loop
      vertex -19.323 23.677 0
      vertex -4 31 0
      vertex -18.9803 23.2988 0
    endloop
  endfacet
  facet normal 0 0 -1
    outer loop
      vertex -22 31 0
      vertex -19.323 23.677 0
      vertex -19.7012 24.0197 0
    endloop
  endfacet
  facet normal 0 0 -1
    outer loop
      vertex -22 31 0
      vertex -19.7012 24.0197 0
      vertex -20.111 24.3236 0
    endloop
  endfacet
  facet normal 0 0 -1
    outer loop
      vertex -22 31 0
      vertex -20.111 24.3236 0
      vertex -20.5487 24.586 0
    endloop
  endfacet
  facet normal 0 0 -1
    outer loop
      vertex -22 31 0
      vertex -20.5487 24.586 0
      vertex -21.01 24.8042 0
    endloop
  endfacet
  facet normal 0 0 -1
    outer loop
      vertex -22 31 0
      vertex -21.01 24.8042 0
      vertex -21.4905 24.9761 0
    endloop
  endfacet
  facet normal 0 0 -1
    outer loop
      vertex -22 31 0
      vertex -21.4905 24.9761 0
      vertex -21.9855 25.1001 0
    endloop
  endfacet
  facet normal 0 0 -1
    outer loop
      vertex -19.323 23.677 0
      vertex -22 31 0
      vertex -4 31 0
    endloop
  endfacet
  facet normal 0 0 -1
    outer loop
      vertex -22.4903 25.175 0
      vertex -22 31 0
      vertex -21.9855 25.1001 0
    endloop
  endfacet
  facet normal 0 0 -1
    outer loop
      vertex -23.1762 30.9422 0
      vertex -22.4903 25.175 0
      vertex -23 25.2 0
    endloop
  endfacet
  facet normal 0 0 -1
    outer loop
      vertex -22.4903 25.175 0
      vertex -23.1762 30.9422 0
      vertex -22 31 0
    endloop
  endfacet
  facet normal 0 0 -1
    outer loop
      vertex -24.3411 30.7694 0
      vertex -23 25.2 0
      vertex -23.5097 25.175 0
    endloop
  endfacet
  facet normal 0 0 -1
    outer loop
      vertex -24.3411 30.7694 0
      vertex -23.5097 25.175 0
      vertex -24.0145 25.1001 0
    endloop
  endfacet
  facet normal 0 0 -1
    outer loop
      vertex -23 25.2 0
      vertex -24.3411 30.7694 0
      vertex -23.1762 30.9422 0
    endloop
  endfacet
  facet normal 0 0 -1
    outer loop
      vertex -25.4834 30.4833 0
      vertex -24.0145 25.1001 0
      vertex -24.5095 24.9761 0
    endloop
  endfacet
  facet normal 0 0 -1
    outer loop
      vertex -26.5922 30.0865 0
      vertex -24.5095 24.9761 0
      vertex -24.99 24.8042 0
    endloop
  endfacet
  facet normal 0 0 -1
    outer loop
      vertex -27.6568 29.5831 0
      vertex -24.99 24.8042 0
      vertex -25.4513 24.586 0
    endloop
  endfacet
  facet normal 0 0 -1
    outer loop
      vertex -24.0145 25.1001 0
      vertex -25.4834 30.4833 0
      vertex -24.3411 30.7694 0
    endloop
  endfacet
  facet normal 0 0 -1
    outer loop
      vertex -28.6668 28.9776 0
      vertex -25.4513 24.586 0
      vertex -25.889 24.3236 0
    endloop
  endfacet
  facet normal 0 0 -1
    outer loop
      vertex -29.6127 28.2761 0
      vertex -25.889 24.3236 0
      vertex -26.2988 24.0197 0
    endloop
  endfacet
  facet normal 0 0 -1
    outer loop
      vertex -24.5095 24.9761 0
      vertex -26.5922 30.0865 0
      vertex -25.4834 30.4833 0
    endloop
  endfacet
  facet normal 0 0 -1
    outer loop
      vertex -30.4853 27.4853 0
      vertex -26.2988 24.0197 0
      vertex -26.677 23.677 0
    endloop
  endfacet
  facet normal 0 0 -1
    outer loop
      vertex -30.4853 27.4853 0
      vertex -26.677 23.677 0
      vertex -27.0197 23.2988 0
    endloop
  endfacet
  facet normal 0 0 -1
    outer loop
      vertex -31.2761 26.6127 0
      vertex -27.0197 23.2988 0
      vertex -27.3236 22.889 0
    endloop
  endfacet
  facet normal 0 0 -1
    outer loop
      vertex -31.9776 25.6668 0
      vertex -27.3236 22.889 0
      vertex -27.586 22.4513 0
    endloop
  endfacet
  facet normal 0 0 -1
    outer loop
      vertex -24.99 24.8042 0
      vertex -27.6568 29.5831 0
      vertex -26.5922 30.0865 0
    endloop
  endfacet
  facet normal 0 0 -1
    outer loop
      vertex -32.5831 24.6568 0
      vertex -27.586 22.4513 0
      vertex -27.8042 21.99 0
    endloop
  endfacet
  facet normal 0 0 -1
    outer loop
      vertex -33.0865 23.5922 0
      vertex -27.8042 21.99 0
      vertex -27.9761 21.5095 0
    endloop
  endfacet
  facet normal 0 0 -1
    outer loop
      vertex -33.4833 22.4834 0
      vertex -27.9761 21.5095 0
      vertex -28.1001 21.0145 0
    endloop
  endfacet
  facet normal 0 0 -1
    outer loop
      vertex -33.7694 21.3411 0
      vertex -28.1001 21.0145 0
      vertex -28.175 20.5097 0
    endloop
  endfacet
  facet normal 0 0 -1
    outer loop
      vertex -25.4513 24.586 0
      vertex -28.6668 28.9776 0
      vertex -27.6568 29.5831 0
    endloop
  endfacet
  facet normal 0 0 -1
    outer loop
      vertex -33.7694 21.3411 0
      vertex -28.175 20.5097 0
      vertex -28.2 20 0
    endloop
  endfacet
  facet normal 0 0 -1
    outer loop
      vertex -28.1001 18.9855 0
      vertex -34 19 0
      vertex -28.175 19.4903 0
    endloop
  endfacet
  facet normal 0 0 -1
    outer loop
      vertex -34 -19 0
      vertex -28.6668 -28.9776 0
      vertex -29.6127 -28.2761 0
    endloop
  endfacet
  facet normal 0 -0 -1
    outer loop
      vertex -33.9422 20.1762 0
      vertex -28.175 19.4903 0
      vertex -34 19 0
    endloop
  endfacet
  facet normal 0 0 -1
    outer loop
      vertex -34 -19 0
      vertex -29.6127 -28.2761 0
      vertex -30.4853 -27.4853 0
    endloop
  endfacet
  facet normal 0 0 -1
    outer loop
      vertex -28.175 19.4903 0
      vertex -33.9422 20.1762 0
      vertex -28.2 20 0
    endloop
  endfacet
  facet normal 0 0 -1
    outer loop
      vertex -34 -19 0
      vertex -30.4853 -27.4853 0
      vertex -31.2761 -26.6127 0
    endloop
  endfacet
  facet normal 0 0 -1
    outer loop
      vertex -25.889 24.3236 0
      vertex -29.6127 28.2761 0
      vertex -28.6668 28.9776 0
    endloop
  endfacet
  facet normal 0 0 -1
    outer loop
      vertex -34 -19 0
      vertex -31.2761 -26.6127 0
      vertex -31.9776 -25.6668 0
    endloop
  endfacet
  facet normal 0 0 -1
    outer loop
      vertex -26.2988 24.0197 0
      vertex -30.4853 27.4853 0
      vertex -29.6127 28.2761 0
    endloop
  endfacet
  facet normal 0 0 -1
    outer loop
      vertex -34 -19 0
      vertex -31.9776 -25.6668 0
      vertex -32.5831 -24.6568 0
    endloop
  endfacet
  facet normal 0 0 -1
    outer loop
      vertex -27.0197 23.2988 0
      vertex -31.2761 26.6127 0
      vertex -30.4853 27.4853 0
    endloop
  endfacet
  facet normal 0 0 -1
    outer loop
      vertex -34 -19 0
      vertex -32.5831 -24.6568 0
      vertex -33.0865 -23.5922 0
    endloop
  endfacet
  facet normal 0 0 -1
    outer loop
      vertex -27.3236 22.889 0
      vertex -31.9776 25.6668 0
      vertex -31.2761 26.6127 0
    endloop
  endfacet
  facet normal 0 0 -1
    outer loop
      vertex -34 -19 0
      vertex -33.0865 -23.5922 0
      vertex -33.4833 -22.4834 0
    endloop
  endfacet
  facet normal 0 0 -1
    outer loop
      vertex -27.586 22.4513 0
      vertex -32.5831 24.6568 0
      vertex -31.9776 25.6668 0
    endloop
  endfacet
  facet normal 0 0 -1
    outer loop
      vertex -34 -19 0
      vertex -33.4833 -22.4834 0
      vertex -33.7694 -21.3411 0
    endloop
  endfacet
  facet normal 0 0 -1
    outer loop
      vertex -27.8042 21.99 0
      vertex -33.0865 23.5922 0
      vertex -32.5831 24.6568 0
    endloop
  endfacet
  facet normal 0 0 -1
    outer loop
      vertex -34 -19 0
      vertex -33.7694 -21.3411 0
      vertex -33.9422 -20.1762 0
    endloop
  endfacet
  facet normal 0 0 -1
    outer loop
      vertex -27.9761 21.5095 0
      vertex -33.4833 22.4834 0
      vertex -33.0865 23.5922 0
    endloop
  endfacet
  facet normal 0 0 -1
    outer loop
      vertex -28.1001 21.0145 0
      vertex -33.7694 21.3411 0
      vertex -33.4833 22.4834 0
    endloop
  endfacet
  facet normal 0 0 -1
    outer loop
      vertex -28.2 20 0
      vertex -33.9422 20.1762 0
      vertex -33.7694 21.3411 0
    endloop
  endfacet
  facet normal 0 0 -1
    outer loop
      vertex -18.6764 -17.111 0
      vertex -14.808 5.80797 0
      vertex -18.414 -17.5487 0
    endloop
  endfacet
  facet normal 0 0 -1
    outer loop
      vertex -14.808 5.80797 0
      vertex -18.6764 -17.111 0
      vertex -15.2777 5.42244 0
    endloop
  endfacet
  facet normal 0 0 -1
    outer loop
      vertex -18.9803 -16.7012 0
      vertex -15.2777 5.42244 0
      vertex -18.6764 -17.111 0
    endloop
  endfacet
  facet normal 0 0 -1
    outer loop
      vertex -19.323 -16.323 0
      vertex -15.2777 5.42244 0
      vertex -18.9803 -16.7012 0
    endloop
  endfacet
  facet normal 0 0 -1
    outer loop
      vertex -15.2777 5.42244 0
      vertex -19.323 -16.323 0
      vertex -15.8137 5.13597 0
    endloop
  endfacet
  facet normal 0 0 -1
    outer loop
      vertex -19.7012 -15.9803 0
      vertex -15.8137 5.13597 0
      vertex -19.323 -16.323 0
    endloop
  endfacet
  facet normal 0 0 -1
    outer loop
      vertex -15.8137 5.13597 0
      vertex -19.7012 -15.9803 0
      vertex -16.3952 4.95957 0
    endloop
  endfacet
  facet normal 0 0 -1
    outer loop
      vertex -20.111 -15.6764 0
      vertex -16.3952 4.95957 0
      vertex -19.7012 -15.9803 0
    endloop
  endfacet
  facet normal 0 0 -1
    outer loop
      vertex -20.5487 -15.414 0
      vertex -16.3952 4.95957 0
      vertex -20.111 -15.6764 0
    endloop
  endfacet
  facet normal 0 0 -1
    outer loop
      vertex -16.3952 4.95957 0
      vertex -20.5487 -15.414 0
      vertex -17 4.9 0
    endloop
  endfacet
  facet normal 0 0 -1
    outer loop
      vertex -21.01 -15.1958 0
      vertex -17 4.9 0
      vertex -20.5487 -15.414 0
    endloop
  endfacet
  facet normal 0 0 -1
    outer loop
      vertex -21.4905 -15.0239 0
      vertex -17 4.9 0
      vertex -21.01 -15.1958 0
    endloop
  endfacet
  facet normal -0 0 -1
    outer loop
      vertex -17 4.9 0
      vertex -21.4905 -15.0239 0
      vertex -17.6048 4.95957 0
    endloop
  endfacet
  facet normal 0 0 -1
    outer loop
      vertex -21.9855 -14.8999 0
      vertex -17.6048 4.95957 0
      vertex -21.4905 -15.0239 0
    endloop
  endfacet
  facet normal 0 0 -1
    outer loop
      vertex -22.4903 -14.825 0
      vertex -17.6048 4.95957 0
      vertex -21.9855 -14.8999 0
    endloop
  endfacet
  facet normal -0 0 -1
    outer loop
      vertex -17.6048 4.95957 0
      vertex -22.4903 -14.825 0
      vertex -18.1863 5.13597 0
    endloop
  endfacet
  facet normal 0 0 -1
    outer loop
      vertex -23 -14.8 0
      vertex -18.1863 5.13597 0
      vertex -22.4903 -14.825 0
    endloop
  endfacet
  facet normal 0 0 -1
    outer loop
      vertex 27.9761 -18.4905 0
      vertex 34 -19 0
      vertex 28.1001 -18.9855 0
    endloop
  endfacet
  facet normal 0 0 -1
    outer loop
      vertex 34 19 0
      vertex 28.175 19.4903 0
      vertex 28.2 20 0
    endloop
  endfacet
  facet normal 0 0 -1
    outer loop
      vertex 27.8042 -18.01 0
      vertex 34 -19 0
      vertex 27.9761 -18.4905 0
    endloop
  endfacet
  facet normal -0 0 -1
    outer loop
      vertex 34 19 0
      vertex 28.1001 18.9855 0
      vertex 28.175 19.4903 0
    endloop
  endfacet
  facet normal 0 0 -1
    outer loop
      vertex 27.586 -17.5487 0
      vertex 34 -19 0
      vertex 27.8042 -18.01 0
    endloop
  endfacet
  facet normal 0 0 -1
    outer loop
      vertex 34 19 0
      vertex 27.9761 18.4905 0
      vertex 28.1001 18.9855 0
    endloop
  endfacet
  facet normal 0 0 -1
    outer loop
      vertex 27.3236 -17.111 0
      vertex 34 -19 0
      vertex 27.586 -17.5487 0
    endloop
  endfacet
  facet normal 0 0 -1
    outer loop
      vertex 34 19 0
      vertex 27.8042 18.01 0
      vertex 27.9761 18.4905 0
    endloop
  endfacet
  facet normal 0 0 -1
    outer loop
      vertex 27.0197 -16.7012 0
      vertex 34 -19 0
      vertex 27.3236 -17.111 0
    endloop
  endfacet
  facet normal 0 0 -1
    outer loop
      vertex 34 19 0
      vertex 27.586 17.5487 0
      vertex 27.8042 18.01 0
    endloop
  endfacet
  facet normal 0 0 -1
    outer loop
      vertex 26.677 -16.323 0
      vertex 34 -19 0
      vertex 27.0197 -16.7012 0
    endloop
  endfacet
  facet normal 0 0 -1
    outer loop
      vertex 34 19 0
      vertex 27.3236 17.111 0
      vertex 27.586 17.5487 0
    endloop
  endfacet
  facet normal 0 0 -1
    outer loop
      vertex 26.2988 -15.9803 0
      vertex 34 -19 0
      vertex 26.677 -16.323 0
    endloop
  endfacet
  facet normal 0 0 -1
    outer loop
      vertex 34 19 0
      vertex 27.0197 16.7012 0
      vertex 27.3236 17.111 0
    endloop
  endfacet
  facet normal 0 0 -1
    outer loop
      vertex 25.889 -15.6764 0
      vertex 34 -19 0
      vertex 26.2988 -15.9803 0
    endloop
  endfacet
  facet normal 0 0 -1
    outer loop
      vertex 34 19 0
      vertex 26.677 16.323 0
      vertex 27.0197 16.7012 0
    endloop
  endfacet
  facet normal 0 0 -1
    outer loop
      vertex 34 -19 0
      vertex 19.864 6.81368 0
      vertex 34 19 0
    endloop
  endfacet
  facet normal 0 0 -1
    outer loop
      vertex 34 19 0
      vertex 26.2988 15.9803 0
      vertex 26.677 16.323 0
    endloop
  endfacet
  facet normal 0 0 -1
    outer loop
      vertex 34 -19 0
      vertex 25.889 -15.6764 0
      vertex 19.864 6.81368 0
    endloop
  endfacet
  facet normal 0 0 -1
    outer loop
      vertex 34 19 0
      vertex 19.864 6.81368 0
      vertex 26.2988 15.9803 0
    endloop
  endfacet
  facet normal 0 0 -1
    outer loop
      vertex 19.5776 6.27773 0
      vertex 25.889 -15.6764 0
      vertex 25.4513 -15.414 0
    endloop
  endfacet
  facet normal 0 0 -1
    outer loop
      vertex 26.2988 15.9803 0
      vertex 19.864 6.81368 0
      vertex 25.889 15.6764 0
    endloop
  endfacet
  facet normal 0 0 -1
    outer loop
      vertex 19.5776 6.27773 0
      vertex 25.4513 -15.414 0
      vertex 24.99 -15.1958 0
    endloop
  endfacet
  facet normal 0 -0 -1
    outer loop
      vertex 20.0404 7.39522 0
      vertex 25.889 15.6764 0
      vertex 19.864 6.81368 0
    endloop
  endfacet
  facet normal 0 0 -1
    outer loop
      vertex 19.192 5.80797 0
      vertex 24.99 -15.1958 0
      vertex 24.5095 -15.0239 0
    endloop
  endfacet
  facet normal 0 0 -1
    outer loop
      vertex 25.889 15.6764 0
      vertex 20.0404 7.39522 0
      vertex 25.4513 15.414 0
    endloop
  endfacet
  facet normal 0 0 -1
    outer loop
      vertex 19.192 5.80797 0
      vertex 24.5095 -15.0239 0
      vertex 24.0145 -14.8999 0
    endloop
  endfacet
  facet normal 0 -0 -1
    outer loop
      vertex 20.1 8 0
      vertex 25.4513 15.414 0
      vertex 20.0404 7.39522 0
    endloop
  endfacet
  facet normal 0 0 -1
    outer loop
      vertex 18.7223 5.42244 0
      vertex 24.0145 -14.8999 0
      vertex 23.5097 -14.825 0
    endloop
  endfacet
  facet normal 0 0 -1
    outer loop
      vertex 24.99 15.1958 0
      vertex 20.1 8 0
      vertex 24.5095 15.0239 0
    endloop
  endfacet
  facet normal 0 0 -1
    outer loop
      vertex 18.7223 5.42244 0
      vertex 23.5097 -14.825 0
      vertex 23 -14.8 0
    endloop
  endfacet
  facet normal 0 0 -1
    outer loop
      vertex 20.0404 8.60478 0
      vertex 24.5095 15.0239 0
      vertex 20.1 8 0
    endloop
  endfacet
  facet normal 0 0 -1
    outer loop
      vertex 18.1863 5.13597 0
      vertex 23 -14.8 0
      vertex 22.4903 -14.825 0
    endloop
  endfacet
  facet normal 0 0 -1
    outer loop
      vertex 24.5095 15.0239 0
      vertex 20.0404 8.60478 0
      vertex 24.0145 14.8999 0
    endloop
  endfacet
  facet normal 0 0 -1
    outer loop
      vertex 17.6048 4.95957 0
      vertex 22.4903 -14.825 0
      vertex 21.9855 -14.8999 0
    endloop
  endfacet
  facet normal 0 0 -1
    outer loop
      vertex 24.0145 14.8999 0
      vertex 20.0404 8.60478 0
      vertex 23.5097 14.825 0
    endloop
  endfacet
  facet normal 0 0 -1
    outer loop
      vertex 17.6048 4.95957 0
      vertex 21.9855 -14.8999 0
      vertex 21.4905 -15.0239 0
    endloop
  endfacet
  facet normal 0 0 -1
    outer loop
      vertex 19.864 9.18632 0
      vertex 23.5097 14.825 0
      vertex 20.0404 8.60478 0
    endloop
  endfacet
  facet normal 0 0 -1
    outer loop
      vertex 17 4.9 0
      vertex 21.4905 -15.0239 0
      vertex 21.01 -15.1958 0
    endloop
  endfacet
  facet normal 0 0 -1
    outer loop
      vertex 23.5097 14.825 0
      vertex 19.864 9.18632 0
      vertex 23 14.8 0
    endloop
  endfacet
  facet normal 0 0 -1
    outer loop
      vertex 17 4.9 0
      vertex 21.01 -15.1958 0
      vertex 20.5487 -15.414 0
    endloop
  endfacet
  facet normal -0 0 -1
    outer loop
      vertex 23 14.8 0
      vertex 19.5776 9.72227 0
      vertex 22.4903 14.825 0
    endloop
  endfacet
  facet normal 0 0 -1
    outer loop
      vertex 16.3952 4.95957 0
      vertex 20.5487 -15.414 0
      vertex 20.111 -15.6764 0
    endloop
  endfacet
  facet normal -0 0 -1
    outer loop
      vertex 22.4903 14.825 0
      vertex 19.5776 9.72227 0
      vertex 21.9855 14.8999 0
    endloop
  endfacet
  facet normal 0 0 -1
    outer loop
      vertex 19.192 10.192 0
      vertex 21.9855 14.8999 0
      vertex 19.5776 9.72227 0
    endloop
  endfacet
  facet normal 0 0 -1
    outer loop
      vertex 19.5776 9.72227 0
      vertex 23 14.8 0
      vertex 19.864 9.18632 0
    endloop
  endfacet
  facet normal 0 0 -1
    outer loop
      vertex 25.4513 15.414 0
      vertex 20.1 8 0
      vertex 24.99 15.1958 0
    endloop
  endfacet
  facet normal 0 0 -1
    outer loop
      vertex 16.3952 4.95957 0
      vertex 20.111 -15.6764 0
      vertex 19.7012 -15.9803 0
    endloop
  endfacet
  facet normal 0 0 -1
    outer loop
      vertex 25.889 -15.6764 0
      vertex 19.5776 6.27773 0
      vertex 19.864 6.81368 0
    endloop
  endfacet
  facet normal 0 0 -1
    outer loop
      vertex 15.8137 5.13597 0
      vertex 19.7012 -15.9803 0
      vertex 19.323 -16.323 0
    endloop
  endfacet
  facet normal 0 0 -1
    outer loop
      vertex 24.99 -15.1958 0
      vertex 19.192 5.80797 0
      vertex 19.5776 6.27773 0
    endloop
  endfacet
  facet normal 0 0 -1
    outer loop
      vertex 15.2777 5.42244 0
      vertex 19.323 -16.323 0
      vertex 18.9803 -16.7012 0
    endloop
  endfacet
  facet normal 0 0 -1
    outer loop
      vertex 24.0145 -14.8999 0
      vertex 18.7223 5.42244 0
      vertex 19.192 5.80797 0
    endloop
  endfacet
  facet normal 0 0 -1
    outer loop
      vertex 15.2777 5.42244 0
      vertex 18.9803 -16.7012 0
      vertex 18.6764 -17.111 0
    endloop
  endfacet
  facet normal 0 0 -1
    outer loop
      vertex 14.808 5.80797 0
      vertex 18.6764 -17.111 0
      vertex 18.414 -17.5487 0
    endloop
  endfacet
  facet normal 0 0 -1
    outer loop
      vertex -18.0239 -18.4905 0
      vertex 18.0239 -18.4905 0
      vertex -17.8999 -18.9855 0
    endloop
  endfacet
  facet normal 0 0 -1
    outer loop
      vertex 23 -14.8 0
      vertex 18.1863 5.13597 0
      vertex 18.7223 5.42244 0
    endloop
  endfacet
  facet normal 0 0 -1
    outer loop
      vertex -17.8999 -18.9855 0
      vertex 17.8999 -18.9855 0
      vertex -17.825 -19.4903 0
    endloop
  endfacet
  facet normal 0 0 -1
    outer loop
      vertex 17.825 -19.4903 0
      vertex -17.825 -19.4903 0
      vertex 17.8999 -18.9855 0
    endloop
  endfacet
  facet normal 0 0 -1
    outer loop
      vertex -17.825 -19.4903 0
      vertex 17.825 -19.4903 0
      vertex -17.8 -20 0
    endloop
  endfacet
  facet normal 0 0 -1
    outer loop
      vertex -17.8 -20 0
      vertex 17.825 -19.4903 0
      vertex 17.8 -20 0
    endloop
  endfacet
  facet normal 0 0 -1
    outer loop
      vertex 22.4903 -14.825 0
      vertex 17.6048 4.95957 0
      vertex 18.1863 5.13597 0
    endloop
  endfacet
  facet normal 0 0 -1
    outer loop
      vertex 28.175 -19.4903 0
      vertex 33.9422 -20.1762 0
      vertex 28.2 -20 0
    endloop
  endfacet
  facet normal 0 0 -1
    outer loop
      vertex 33.9422 -20.1762 0
      vertex 28.175 -19.4903 0
      vertex 34 -19 0
    endloop
  endfacet
  facet normal 0 0 -1
    outer loop
      vertex 28.2 -20 0
      vertex 33.9422 -20.1762 0
      vertex 33.7694 -21.3411 0
    endloop
  endfacet
  facet normal 0 0 -1
    outer loop
      vertex 28.1001 -18.9855 0
      vertex 34 -19 0
      vertex 28.175 -19.4903 0
    endloop
  endfacet
  facet normal 0 0 -1
    outer loop
      vertex 28.1001 -21.0145 0
      vertex 33.7694 -21.3411 0
      vertex 33.4833 -22.4834 0
    endloop
  endfacet
  facet normal 0 0 -1
    outer loop
      vertex 34 19 0
      vertex 28.2 20 0
      vertex 33.9422 20.1762 0
    endloop
  endfacet
  facet normal 0 0 -1
    outer loop
      vertex 27.9761 -21.5095 0
      vertex 33.4833 -22.4834 0
      vertex 33.0865 -23.5922 0
    endloop
  endfacet
  facet normal -0 0 -1
    outer loop
      vertex 33.9422 20.1762 0
      vertex 28.2 20 0
      vertex 33.7694 21.3411 0
    endloop
  endfacet
  facet normal 0 0 -1
    outer loop
      vertex 27.8042 -21.99 0
      vertex 33.0865 -23.5922 0
      vertex 32.5831 -24.6568 0
    endloop
  endfacet
  facet normal 0 0 -1
    outer loop
      vertex 28.175 20.5097 0
      vertex 33.7694 21.3411 0
      vertex 28.2 20 0
    endloop
  endfacet
  facet normal 0 0 -1
    outer loop
      vertex 27.586 -22.4513 0
      vertex 32.5831 -24.6568 0
      vertex 31.9776 -25.6668 0
    endloop
  endfacet
  facet normal 0 0 -1
    outer loop
      vertex 28.1001 21.0145 0
      vertex 33.7694 21.3411 0
      vertex 28.175 20.5097 0
    endloop
  endfacet
  facet normal 0 0 -1
    outer loop
      vertex 27.3236 -22.889 0
      vertex 31.9776 -25.6668 0
      vertex 31.2761 -26.6127 0
    endloop
  endfacet
  facet normal -0 0 -1
    outer loop
      vertex 33.7694 21.3411 0
      vertex 28.1001 21.0145 0
      vertex 33.4833 22.4834 0
    endloop
  endfacet
  facet normal 0 0 -1
    outer loop
      vertex 27.0197 -23.2988 0
      vertex 31.2761 -26.6127 0
      vertex 30.4853 -27.4853 0
    endloop
  endfacet
  facet normal 0 0 -1
    outer loop
      vertex 27.9761 21.5095 0
      vertex 33.4833 22.4834 0
      vertex 28.1001 21.0145 0
    endloop
  endfacet
  facet normal 0 0 -1
    outer loop
      vertex 26.2988 -24.0197 0
      vertex 30.4853 -27.4853 0
      vertex 29.6127 -28.2761 0
    endloop
  endfacet
  facet normal -0 0 -1
    outer loop
      vertex 33.4833 22.4834 0
      vertex 27.9761 21.5095 0
      vertex 33.0865 23.5922 0
    endloop
  endfacet
  facet normal 0 0 -1
    outer loop
      vertex 25.889 -24.3236 0
      vertex 29.6127 -28.2761 0
      vertex 28.6668 -28.9776 0
    endloop
  endfacet
  facet normal 0 0 -1
    outer loop
      vertex 27.8042 21.99 0
      vertex 33.0865 23.5922 0
      vertex 27.9761 21.5095 0
    endloop
  endfacet
  facet normal -0 0 -1
    outer loop
      vertex 33.0865 23.5922 0
      vertex 27.8042 21.99 0
      vertex 32.5831 24.6568 0
    endloop
  endfacet
  facet normal 0 0 -1
    outer loop
      vertex 33.7694 -21.3411 0
      vertex 28.175 -20.5097 0
      vertex 28.2 -20 0
    endloop
  endfacet
  facet normal 0 0 -1
    outer loop
      vertex 33.7694 -21.3411 0
      vertex 28.1001 -21.0145 0
      vertex 28.175 -20.5097 0
    endloop
  endfacet
  facet normal 0 0 -1
    outer loop
      vertex 33.4833 -22.4834 0
      vertex 27.9761 -21.5095 0
      vertex 28.1001 -21.0145 0
    endloop
  endfacet
  facet normal 0 0 -1
    outer loop
      vertex 33.0865 -23.5922 0
      vertex 27.8042 -21.99 0
      vertex 27.9761 -21.5095 0
    endloop
  endfacet
  facet normal 0 0 -1
    outer loop
      vertex 25.4513 -24.586 0
      vertex 28.6668 -28.9776 0
      vertex 27.6568 -29.5831 0
    endloop
  endfacet
  facet normal 0 0 -1
    outer loop
      vertex 32.5831 -24.6568 0
      vertex 27.586 -22.4513 0
      vertex 27.8042 -21.99 0
    endloop
  endfacet
  facet normal 0 0 -1
    outer loop
      vertex 31.9776 -25.6668 0
      vertex 27.3236 -22.889 0
      vertex 27.586 -22.4513 0
    endloop
  endfacet
  facet normal 0 0 -1
    outer loop
      vertex 31.2761 -26.6127 0
      vertex 27.0197 -23.2988 0
      vertex 27.3236 -22.889 0
    endloop
  endfacet
  facet normal 0 0 -1
    outer loop
      vertex 30.4853 -27.4853 0
      vertex 26.677 -23.677 0
      vertex 27.0197 -23.2988 0
    endloop
  endfacet
  facet normal 0 0 -1
    outer loop
      vertex 24.99 -24.8042 0
      vertex 27.6568 -29.5831 0
      vertex 26.5922 -30.0865 0
    endloop
  endfacet
  facet normal 0 0 -1
    outer loop
      vertex 30.4853 -27.4853 0
      vertex 26.2988 -24.0197 0
      vertex 26.677 -23.677 0
    endloop
  endfacet
  facet normal 0 0 -1
    outer loop
      vertex 29.6127 -28.2761 0
      vertex 25.889 -24.3236 0
      vertex 26.2988 -24.0197 0
    endloop
  endfacet
  facet normal 0 0 -1
    outer loop
      vertex 24.5095 -24.9761 0
      vertex 26.5922 -30.0865 0
      vertex 25.4834 -30.4833 0
    endloop
  endfacet
  facet normal 0 0 -1
    outer loop
      vertex 28.6668 -28.9776 0
      vertex 25.4513 -24.586 0
      vertex 25.889 -24.3236 0
    endloop
  endfacet
  facet normal 0 0 -1
    outer loop
      vertex 27.6568 -29.5831 0
      vertex 24.99 -24.8042 0
      vertex 25.4513 -24.586 0
    endloop
  endfacet
  facet normal 0 0 -1
    outer loop
      vertex 26.5922 -30.0865 0
      vertex 24.5095 -24.9761 0
      vertex 24.99 -24.8042 0
    endloop
  endfacet
  facet normal 0 0 -1
    outer loop
      vertex 24.0145 -25.1001 0
      vertex 25.4834 -30.4833 0
      vertex 24.3411 -30.7694 0
    endloop
  endfacet
  facet normal 0 0 -1
    outer loop
      vertex 25.4834 -30.4833 0
      vertex 24.0145 -25.1001 0
      vertex 24.5095 -24.9761 0
    endloop
  endfacet
  facet normal 0 0 -1
    outer loop
      vertex 24.3411 -30.7694 0
      vertex 23.5097 -25.175 0
      vertex 24.0145 -25.1001 0
    endloop
  endfacet
  facet normal 0 0 -1
    outer loop
      vertex 23 -25.2 0
      vertex 24.3411 -30.7694 0
      vertex 23.1762 -30.9422 0
    endloop
  endfacet
  facet normal 0 0 -1
    outer loop
      vertex 24.3411 -30.7694 0
      vertex 23 -25.2 0
      vertex 23.5097 -25.175 0
    endloop
  endfacet
  facet normal 0 0 -1
    outer loop
      vertex 23.1762 -30.9422 0
      vertex 22.4903 -25.175 0
      vertex 23 -25.2 0
    endloop
  endfacet
  facet normal 0 0 -1
    outer loop
      vertex 22 -31 0
      vertex 22.4903 -25.175 0
      vertex 23.1762 -30.9422 0
    endloop
  endfacet
  facet normal 0 0 -1
    outer loop
      vertex 22 -31 0
      vertex 21.9855 -25.1001 0
      vertex 22.4903 -25.175 0
    endloop
  endfacet
  facet normal 0 0 -1
    outer loop
      vertex 22 -31 0
      vertex 21.4905 -24.9761 0
      vertex 21.9855 -25.1001 0
    endloop
  endfacet
  facet normal 0 0 -1
    outer loop
      vertex 22 -31 0
      vertex 21.01 -24.8042 0
      vertex 21.4905 -24.9761 0
    endloop
  endfacet
  facet normal 0 0 -1
    outer loop
      vertex 22 -31 0
      vertex 20.5487 -24.586 0
      vertex 21.01 -24.8042 0
    endloop
  endfacet
  facet normal 0 0 -1
    outer loop
      vertex 22 -31 0
      vertex 20.111 -24.3236 0
      vertex 20.5487 -24.586 0
    endloop
  endfacet
  facet normal 0 0 -1
    outer loop
      vertex 22 -31 0
      vertex 19.7012 -24.0197 0
      vertex 20.111 -24.3236 0
    endloop
  endfacet
  facet normal 0 0 -1
    outer loop
      vertex 22 -31 0
      vertex 19.323 -23.677 0
      vertex 19.7012 -24.0197 0
    endloop
  endfacet
  facet normal 0 0 -1
    outer loop
      vertex 22 -31 0
      vertex 18.9803 -23.2988 0
      vertex 19.323 -23.677 0
    endloop
  endfacet
  facet normal 0 0 -1
    outer loop
      vertex 22 -31 0
      vertex 18.6764 -22.889 0
      vertex 18.9803 -23.2988 0
    endloop
  endfacet
  facet normal 0 0 -1
    outer loop
      vertex -18.6764 -22.889 0
      vertex 18.6764 -22.889 0
      vertex 22 -31 0
    endloop
  endfacet
  facet normal 0 0 -1
    outer loop
      vertex 18.6764 -22.889 0
      vertex -18.6764 -22.889 0
      vertex 18.414 -22.4513 0
    endloop
  endfacet
  facet normal 0 0 -1
    outer loop
      vertex 21.4905 -15.0239 0
      vertex 17 4.9 0
      vertex 17.6048 4.95957 0
    endloop
  endfacet
  facet normal 0 0 -1
    outer loop
      vertex 20.5487 -15.414 0
      vertex 16.3952 4.95957 0
      vertex 17 4.9 0
    endloop
  endfacet
  facet normal 0 0 -1
    outer loop
      vertex -17.8 -20 0
      vertex 17.8 -20 0
      vertex 17.825 -20.5097 0
    endloop
  endfacet
  facet normal 0 0 -1
    outer loop
      vertex 19.7012 -15.9803 0
      vertex 15.8137 5.13597 0
      vertex 16.3952 4.95957 0
    endloop
  endfacet
  facet normal 0 0 -1
    outer loop
      vertex 19.323 -16.323 0
      vertex 15.2777 5.42244 0
      vertex 15.8137 5.13597 0
    endloop
  endfacet
  facet normal 0 0 -1
    outer loop
      vertex 18.6764 -17.111 0
      vertex 14.808 5.80797 0
      vertex 15.2777 5.42244 0
    endloop
  endfacet
  facet normal 0 0 -1
    outer loop
      vertex 17.8999 -18.9855 0
      vertex -17.8999 -18.9855 0
      vertex 18.0239 -18.4905 0
    endloop
  endfacet
  facet normal 0 0 -1
    outer loop
      vertex 14.808 5.80797 0
      vertex -14.808 5.80797 0
      vertex 14.4224 6.27773 0
    endloop
  endfacet
  facet normal 0 -0 -1
    outer loop
      vertex -14.4224 6.27773 0
      vertex 14.4224 6.27773 0
      vertex -14.808 5.80797 0
    endloop
  endfacet
  facet normal 0 0 -1
    outer loop
      vertex -13.9 8 0
      vertex 13.9 8 0
      vertex 13.9596 7.39522 0
    endloop
  endfacet
  facet normal 0 0 -1
    outer loop
      vertex 14.4224 6.27773 0
      vertex -14.4224 6.27773 0
      vertex 14.136 6.81368 0
    endloop
  endfacet
  facet normal 0 0 -1
    outer loop
      vertex -17.825 -20.5097 0
      vertex 17.825 -20.5097 0
      vertex 17.8999 -21.0145 0
    endloop
  endfacet
  facet normal 0 0 -1
    outer loop
      vertex -17.8999 -21.0145 0
      vertex 17.8999 -21.0145 0
      vertex 18.0239 -21.5095 0
    endloop
  endfacet
  facet normal 0 -0 -1
    outer loop
      vertex -13.9596 7.39522 0
      vertex 13.9596 7.39522 0
      vertex -14.136 6.81368 0
    endloop
  endfacet
  facet normal 0 0 -1
    outer loop
      vertex -18.0239 -21.5095 0
      vertex 18.0239 -21.5095 0
      vertex 18.1958 -21.99 0
    endloop
  endfacet
  facet normal 0 -0 -1
    outer loop
      vertex -18.414 -22.4513 0
      vertex 18.414 -22.4513 0
      vertex -18.6764 -22.889 0
    endloop
  endfacet
  facet normal 0 0 -1
    outer loop
      vertex -13.9596 8.60478 0
      vertex -4 21.4 0
      vertex -13.9 8 0
    endloop
  endfacet
  facet normal 0 -0 -1
    outer loop
      vertex -13.9 8 0
      vertex 13.9596 7.39522 0
      vertex -13.9596 7.39522 0
    endloop
  endfacet
  facet normal -0 0 -1
    outer loop
      vertex 4 21.4 0
      vertex -13.9 8 0
      vertex -4 21.4 0
    endloop
  endfacet
  facet normal 0 0 -1
    outer loop
      vertex 13.9 8 0
      vertex -13.9 8 0
      vertex 4 21.4 0
    endloop
  endfacet
  facet normal 0 0 -1
    outer loop
      vertex 14.136 6.81368 0
      vertex -14.136 6.81368 0
      vertex 13.9596 7.39522 0
    endloop
  endfacet
  facet normal 0 0 -1
    outer loop
      vertex 18.414 -17.5487 0
      vertex -14.808 5.80797 0
      vertex 14.808 5.80797 0
    endloop
  endfacet
  facet normal 0 -0 -1
    outer loop
      vertex -14.136 6.81368 0
      vertex 14.136 6.81368 0
      vertex -14.4224 6.27773 0
    endloop
  endfacet
  facet normal 0 0 -1
    outer loop
      vertex 18.0239 -18.4905 0
      vertex -18.0239 -18.4905 0
      vertex 18.1958 -18.01 0
    endloop
  endfacet
  facet normal 0 0 -1
    outer loop
      vertex -18.1958 -18.01 0
      vertex 18.1958 -18.01 0
      vertex -18.0239 -18.4905 0
    endloop
  endfacet
  facet normal 0 0 -1
    outer loop
      vertex 18.1958 -18.01 0
      vertex -18.1958 -18.01 0
      vertex 18.414 -17.5487 0
    endloop
  endfacet
  facet normal 0 0 -1
    outer loop
      vertex -18.414 -17.5487 0
      vertex 18.414 -17.5487 0
      vertex -18.1958 -18.01 0
    endloop
  endfacet
  facet normal 0 0 -1
    outer loop
      vertex 18.414 -17.5487 0
      vertex -18.414 -17.5487 0
      vertex -14.808 5.80797 0
    endloop
  endfacet
  facet normal 0 0 -1
    outer loop
      vertex 17.825 -20.5097 0
      vertex -17.825 -20.5097 0
      vertex -17.8 -20 0
    endloop
  endfacet
  facet normal 0 0 -1
    outer loop
      vertex 17.8999 -21.0145 0
      vertex -17.8999 -21.0145 0
      vertex -17.825 -20.5097 0
    endloop
  endfacet
  facet normal 0 0 -1
    outer loop
      vertex 18.0239 -21.5095 0
      vertex -18.0239 -21.5095 0
      vertex -17.8999 -21.0145 0
    endloop
  endfacet
  facet normal 0 0 -1
    outer loop
      vertex 18.1958 -21.99 0
      vertex -18.1958 -21.99 0
      vertex -18.0239 -21.5095 0
    endloop
  endfacet
  facet normal -0 0 -1
    outer loop
      vertex 18.1958 -21.99 0
      vertex -18.414 -22.4513 0
      vertex -18.1958 -21.99 0
    endloop
  endfacet
  facet normal 0 0 -1
    outer loop
      vertex 18.414 -22.4513 0
      vertex -18.414 -22.4513 0
      vertex 18.1958 -21.99 0
    endloop
  endfacet
  facet normal 0 0 -1
    outer loop
      vertex -22 -31 0
      vertex -18.6764 -22.889 0
      vertex 22 -31 0
    endloop
  endfacet
  facet normal 0 0 -1
    outer loop
      vertex -18.6764 -22.889 0
      vertex -22 -31 0
      vertex -18.9803 -23.2988 0
    endloop
  endfacet
  facet normal 0 0 -1
    outer loop
      vertex -18.9803 -23.2988 0
      vertex -22 -31 0
      vertex -19.323 -23.677 0
    endloop
  endfacet
  facet normal 0 0 -1
    outer loop
      vertex -19.323 -23.677 0
      vertex -22 -31 0
      vertex -19.7012 -24.0197 0
    endloop
  endfacet
  facet normal 0 0 -1
    outer loop
      vertex -19.7012 -24.0197 0
      vertex -22 -31 0
      vertex -20.111 -24.3236 0
    endloop
  endfacet
  facet normal 0 0 -1
    outer loop
      vertex -20.111 -24.3236 0
      vertex -22 -31 0
      vertex -20.5487 -24.586 0
    endloop
  endfacet
  facet normal 0 0 -1
    outer loop
      vertex -20.5487 -24.586 0
      vertex -22 -31 0
      vertex -21.01 -24.8042 0
    endloop
  endfacet
  facet normal 0 0 -1
    outer loop
      vertex -21.01 -24.8042 0
      vertex -22 -31 0
      vertex -21.4905 -24.9761 0
    endloop
  endfacet
  facet normal 0 0 -1
    outer loop
      vertex -21.4905 -24.9761 0
      vertex -22 -31 0
      vertex -21.9855 -25.1001 0
    endloop
  endfacet
  facet normal 0 0 -1
    outer loop
      vertex -22 -31 0
      vertex -22.4903 -25.175 0
      vertex -21.9855 -25.1001 0
    endloop
  endfacet
  facet normal 0 0 -1
    outer loop
      vertex -23.1762 -30.9422 0
      vertex -22.4903 -25.175 0
      vertex -22 -31 0
    endloop
  endfacet
  facet normal 0 0 -1
    outer loop
      vertex -22.4903 -25.175 0
      vertex -23.1762 -30.9422 0
      vertex -23 -25.2 0
    endloop
  endfacet
  facet normal 0 0 -1
    outer loop
      vertex -24.3411 -30.7694 0
      vertex -23 -25.2 0
      vertex -23.1762 -30.9422 0
    endloop
  endfacet
  facet normal -0 0 -1
    outer loop
      vertex -23 -25.2 0
      vertex -24.3411 -30.7694 0
      vertex -23.5097 -25.175 0
    endloop
  endfacet
  facet normal -0 0 -1
    outer loop
      vertex -23.5097 -25.175 0
      vertex -24.3411 -30.7694 0
      vertex -24.0145 -25.1001 0
    endloop
  endfacet
  facet normal 0 0 -1
    outer loop
      vertex -25.4834 -30.4833 0
      vertex -24.0145 -25.1001 0
      vertex -24.3411 -30.7694 0
    endloop
  endfacet
  facet normal -0 0 -1
    outer loop
      vertex -24.0145 -25.1001 0
      vertex -25.4834 -30.4833 0
      vertex -24.5095 -24.9761 0
    endloop
  endfacet
  facet normal 0 0 -1
    outer loop
      vertex -26.5922 -30.0865 0
      vertex -24.5095 -24.9761 0
      vertex -25.4834 -30.4833 0
    endloop
  endfacet
  facet normal -0 0 -1
    outer loop
      vertex -24.5095 -24.9761 0
      vertex -26.5922 -30.0865 0
      vertex -24.99 -24.8042 0
    endloop
  endfacet
  facet normal 0 0 -1
    outer loop
      vertex -27.6568 -29.5831 0
      vertex -24.99 -24.8042 0
      vertex -26.5922 -30.0865 0
    endloop
  endfacet
  facet normal -0 0 -1
    outer loop
      vertex -24.99 -24.8042 0
      vertex -27.6568 -29.5831 0
      vertex -25.4513 -24.586 0
    endloop
  endfacet
  facet normal 0 0 -1
    outer loop
      vertex -28.6668 -28.9776 0
      vertex -25.4513 -24.586 0
      vertex -27.6568 -29.5831 0
    endloop
  endfacet
  facet normal -0 0 -1
    outer loop
      vertex -25.4513 -24.586 0
      vertex -28.6668 -28.9776 0
      vertex -25.889 -24.3236 0
    endloop
  endfacet
  facet normal -0 0 -1
    outer loop
      vertex -25.889 -24.3236 0
      vertex -28.6668 -28.9776 0
      vertex -26.2988 -24.0197 0
    endloop
  endfacet
  facet normal -0 0 -1
    outer loop
      vertex -26.2988 -24.0197 0
      vertex -28.6668 -28.9776 0
      vertex -26.677 -23.677 0
    endloop
  endfacet
  facet normal -0 0 -1
    outer loop
      vertex -26.677 -23.677 0
      vertex -28.6668 -28.9776 0
      vertex -27.0197 -23.2988 0
    endloop
  endfacet
  facet normal -0 0 -1
    outer loop
      vertex -27.0197 -23.2988 0
      vertex -28.6668 -28.9776 0
      vertex -27.3236 -22.889 0
    endloop
  endfacet
  facet normal -0 0 -1
    outer loop
      vertex -27.3236 -22.889 0
      vertex -28.6668 -28.9776 0
      vertex -27.586 -22.4513 0
    endloop
  endfacet
  facet normal 0 0 -1
    outer loop
      vertex -34 -19 0
      vertex -27.586 -22.4513 0
      vertex -28.6668 -28.9776 0
    endloop
  endfacet
  facet normal 0 0 -1
    outer loop
      vertex -27.586 -22.4513 0
      vertex -34 -19 0
      vertex -27.8042 -21.99 0
    endloop
  endfacet
  facet normal 0 0 -1
    outer loop
      vertex -27.8042 -21.99 0
      vertex -34 -19 0
      vertex -27.9761 -21.5095 0
    endloop
  endfacet
  facet normal 0 0 -1
    outer loop
      vertex -28.175 -20.5097 0
      vertex -34 -19 0
      vertex -28.2 -20 0
    endloop
  endfacet
  facet normal 0 0 -1
    outer loop
      vertex -28.1001 -21.0145 0
      vertex -34 -19 0
      vertex -28.175 -20.5097 0
    endloop
  endfacet
  facet normal 0 0 -1
    outer loop
      vertex -27.9761 -21.5095 0
      vertex -34 -19 0
      vertex -28.1001 -21.0145 0
    endloop
  endfacet
  facet normal 0 0 -1
    outer loop
      vertex 27.586 22.4513 0
      vertex 32.5831 24.6568 0
      vertex 27.8042 21.99 0
    endloop
  endfacet
  facet normal -0 0 -1
    outer loop
      vertex 32.5831 24.6568 0
      vertex 27.586 22.4513 0
      vertex 31.9776 25.6668 0
    endloop
  endfacet
  facet normal 0 0 -1
    outer loop
      vertex 27.3236 22.889 0
      vertex 31.9776 25.6668 0
      vertex 27.586 22.4513 0
    endloop
  endfacet
  facet normal -0 0 -1
    outer loop
      vertex 31.9776 25.6668 0
      vertex 27.3236 22.889 0
      vertex 31.2761 26.6127 0
    endloop
  endfacet
  facet normal 0 0 -1
    outer loop
      vertex 27.0197 23.2988 0
      vertex 31.2761 26.6127 0
      vertex 27.3236 22.889 0
    endloop
  endfacet
  facet normal -0 0 -1
    outer loop
      vertex 31.2761 26.6127 0
      vertex 27.0197 23.2988 0
      vertex 30.4853 27.4853 0
    endloop
  endfacet
  facet normal 0 0 -1
    outer loop
      vertex 26.677 23.677 0
      vertex 30.4853 27.4853 0
      vertex 27.0197 23.2988 0
    endloop
  endfacet
  facet normal 0 0 -1
    outer loop
      vertex 26.2988 24.0197 0
      vertex 30.4853 27.4853 0
      vertex 26.677 23.677 0
    endloop
  endfacet
  facet normal -0 0 -1
    outer loop
      vertex 30.4853 27.4853 0
      vertex 26.2988 24.0197 0
      vertex 29.6127 28.2761 0
    endloop
  endfacet
  facet normal 0 0 -1
    outer loop
      vertex 25.889 24.3236 0
      vertex 29.6127 28.2761 0
      vertex 26.2988 24.0197 0
    endloop
  endfacet
  facet normal -0 0 -1
    outer loop
      vertex 29.6127 28.2761 0
      vertex 25.889 24.3236 0
      vertex 28.6668 28.9776 0
    endloop
  endfacet
  facet normal 0 0 -1
    outer loop
      vertex 25.4513 24.586 0
      vertex 28.6668 28.9776 0
      vertex 25.889 24.3236 0
    endloop
  endfacet
  facet normal -0 0 -1
    outer loop
      vertex 28.6668 28.9776 0
      vertex 25.4513 24.586 0
      vertex 27.6568 29.5831 0
    endloop
  endfacet
  facet normal 0 0 -1
    outer loop
      vertex 24.99 24.8042 0
      vertex 27.6568 29.5831 0
      vertex 25.4513 24.586 0
    endloop
  endfacet
  facet normal -0 0 -1
    outer loop
      vertex 27.6568 29.5831 0
      vertex 24.99 24.8042 0
      vertex 26.5922 30.0865 0
    endloop
  endfacet
  facet normal 0 0 -1
    outer loop
      vertex 24.5095 24.9761 0
      vertex 26.5922 30.0865 0
      vertex 24.99 24.8042 0
    endloop
  endfacet
  facet normal -0 0 -1
    outer loop
      vertex 26.5922 30.0865 0
      vertex 24.5095 24.9761 0
      vertex 25.4834 30.4833 0
    endloop
  endfacet
  facet normal 0 0 -1
    outer loop
      vertex 24.0145 25.1001 0
      vertex 25.4834 30.4833 0
      vertex 24.5095 24.9761 0
    endloop
  endfacet
  facet normal -0 0 -1
    outer loop
      vertex 25.4834 30.4833 0
      vertex 24.0145 25.1001 0
      vertex 24.3411 30.7694 0
    endloop
  endfacet
  facet normal 0 0 -1
    outer loop
      vertex 23.5097 25.175 0
      vertex 24.3411 30.7694 0
      vertex 24.0145 25.1001 0
    endloop
  endfacet
  facet normal 0 0 -1
    outer loop
      vertex 23 25.2 0
      vertex 24.3411 30.7694 0
      vertex 23.5097 25.175 0
    endloop
  endfacet
  facet normal -0 0 -1
    outer loop
      vertex 24.3411 30.7694 0
      vertex 23 25.2 0
      vertex 23.1762 30.9422 0
    endloop
  endfacet
  facet normal 0 0 -1
    outer loop
      vertex 22.4903 25.175 0
      vertex 23.1762 30.9422 0
      vertex 23 25.2 0
    endloop
  endfacet
  facet normal 0 0 -1
    outer loop
      vertex 22.4903 25.175 0
      vertex 22 31 0
      vertex 23.1762 30.9422 0
    endloop
  endfacet
  facet normal 0 0 -1
    outer loop
      vertex 21.9855 25.1001 0
      vertex 22 31 0
      vertex 22.4903 25.175 0
    endloop
  endfacet
  facet normal 0 0 -1
    outer loop
      vertex 21.4905 24.9761 0
      vertex 22 31 0
      vertex 21.9855 25.1001 0
    endloop
  endfacet
  facet normal 0 0 -1
    outer loop
      vertex 21.01 24.8042 0
      vertex 22 31 0
      vertex 21.4905 24.9761 0
    endloop
  endfacet
  facet normal 0 0 -1
    outer loop
      vertex 20.5487 24.586 0
      vertex 22 31 0
      vertex 21.01 24.8042 0
    endloop
  endfacet
  facet normal 0 0 -1
    outer loop
      vertex 20.111 24.3236 0
      vertex 22 31 0
      vertex 20.5487 24.586 0
    endloop
  endfacet
  facet normal 0 0 -1
    outer loop
      vertex 19.7012 24.0197 0
      vertex 22 31 0
      vertex 20.111 24.3236 0
    endloop
  endfacet
  facet normal 0 0 -1
    outer loop
      vertex 19.323 23.677 0
      vertex 22 31 0
      vertex 19.7012 24.0197 0
    endloop
  endfacet
  facet normal 0 0 -1
    outer loop
      vertex 4 31 0
      vertex 19.323 23.677 0
      vertex 18.9803 23.2988 0
    endloop
  endfacet
  facet normal 0 0 -1
    outer loop
      vertex 4 31 0
      vertex 18.9803 23.2988 0
      vertex 18.6764 22.889 0
    endloop
  endfacet
  facet normal 0 0 -1
    outer loop
      vertex 4 31 0
      vertex 18.6764 22.889 0
      vertex 18.414 22.4513 0
    endloop
  endfacet
  facet normal 0 0 -1
    outer loop
      vertex 4 21.4 0
      vertex 18.414 22.4513 0
      vertex 18.1958 21.99 0
    endloop
  endfacet
  facet normal -0 0 -1
    outer loop
      vertex 18.1958 18.01 0
      vertex 15.2777 10.5776 0
      vertex 18.0239 18.4905 0
    endloop
  endfacet
  facet normal 0 0 -1
    outer loop
      vertex 4 21.4 0
      vertex 18.0239 18.4905 0
      vertex 15.2777 10.5776 0
    endloop
  endfacet
  facet normal 0 0 -1
    outer loop
      vertex 18.0239 18.4905 0
      vertex 4 21.4 0
      vertex 17.8999 18.9855 0
    endloop
  endfacet
  facet normal 0 0 -1
    outer loop
      vertex 17.8999 18.9855 0
      vertex 4 21.4 0
      vertex 17.825 19.4903 0
    endloop
  endfacet
  facet normal 0 0 -1
    outer loop
      vertex 17.825 19.4903 0
      vertex 4 21.4 0
      vertex 17.8 20 0
    endloop
  endfacet
  facet normal 0 0 -1
    outer loop
      vertex 17.8 20 0
      vertex 4 21.4 0
      vertex 17.825 20.5097 0
    endloop
  endfacet
  facet normal 0 0 -1
    outer loop
      vertex 17.825 20.5097 0
      vertex 4 21.4 0
      vertex 17.8999 21.0145 0
    endloop
  endfacet
  facet normal 0 0 -1
    outer loop
      vertex 4 21.4 0
      vertex 15.2777 10.5776 0
      vertex 14.808 10.192 0
    endloop
  endfacet
  facet normal 0 0 -1
    outer loop
      vertex 4 21.4 0
      vertex 14.808 10.192 0
      vertex 14.4224 9.72227 0
    endloop
  endfacet
  facet normal 0 0 -1
    outer loop
      vertex 4 21.4 0
      vertex 14.4224 9.72227 0
      vertex 14.136 9.18632 0
    endloop
  endfacet
  facet normal 0 0 -1
    outer loop
      vertex 4 21.4 0
      vertex 13.9596 8.60478 0
      vertex 13.9 8 0
    endloop
  endfacet
  facet normal 0 0 -1
    outer loop
      vertex 4 21.4 0
      vertex 14.136 9.18632 0
      vertex 13.9596 8.60478 0
    endloop
  endfacet
  facet normal 0 0 -1
    outer loop
      vertex 17.8999 21.0145 0
      vertex 4 21.4 0
      vertex 18.0239 21.5095 0
    endloop
  endfacet
  facet normal 0 0 -1
    outer loop
      vertex 4 21.4 0
      vertex 18.1958 21.99 0
      vertex 18.0239 21.5095 0
    endloop
  endfacet
  facet normal -0 0 -1
    outer loop
      vertex 18.414 22.4513 0
      vertex 4 21.4 0
      vertex 4 31 0
    endloop
  endfacet
  facet normal 0 0 -1
    outer loop
      vertex 19.323 23.677 0
      vertex 4 31 0
      vertex 22 31 0
    endloop
  endfacet
  facet normal -0 0 -1
    outer loop
      vertex 21.9855 14.8999 0
      vertex 19.192 10.192 0
      vertex 21.4905 15.0239 0
    endloop
  endfacet
  facet normal 0 0 -1
    outer loop
      vertex 18.7223 10.5776 0
      vertex 21.4905 15.0239 0
      vertex 19.192 10.192 0
    endloop
  endfacet
  facet normal -0 0 -1
    outer loop
      vertex 21.4905 15.0239 0
      vertex 18.7223 10.5776 0
      vertex 21.01 15.1958 0
    endloop
  endfacet
  facet normal -0 0 -1
    outer loop
      vertex 21.01 15.1958 0
      vertex 18.7223 10.5776 0
      vertex 20.5487 15.414 0
    endloop
  endfacet
  facet normal 0 0 -1
    outer loop
      vertex 18.1863 10.864 0
      vertex 20.5487 15.414 0
      vertex 18.7223 10.5776 0
    endloop
  endfacet
  facet normal -0 0 -1
    outer loop
      vertex 20.5487 15.414 0
      vertex 18.1863 10.864 0
      vertex 20.111 15.6764 0
    endloop
  endfacet
  facet normal 0 0 -1
    outer loop
      vertex 17.6048 11.0404 0
      vertex 20.111 15.6764 0
      vertex 18.1863 10.864 0
    endloop
  endfacet
  facet normal -0 0 -1
    outer loop
      vertex 20.111 15.6764 0
      vertex 17.6048 11.0404 0
      vertex 19.7012 15.9803 0
    endloop
  endfacet
  facet normal 0 0 -1
    outer loop
      vertex 17 11.1 0
      vertex 19.7012 15.9803 0
      vertex 17.6048 11.0404 0
    endloop
  endfacet
  facet normal -0 0 -1
    outer loop
      vertex 19.7012 15.9803 0
      vertex 17 11.1 0
      vertex 19.323 16.323 0
    endloop
  endfacet
  facet normal -0 0 -1
    outer loop
      vertex 19.323 16.323 0
      vertex 17 11.1 0
      vertex 18.9803 16.7012 0
    endloop
  endfacet
  facet normal 0 0 -1
    outer loop
      vertex 16.3952 11.0404 0
      vertex 18.9803 16.7012 0
      vertex 17 11.1 0
    endloop
  endfacet
  facet normal -0 0 -1
    outer loop
      vertex 18.9803 16.7012 0
      vertex 16.3952 11.0404 0
      vertex 18.6764 17.111 0
    endloop
  endfacet
  facet normal -0 0 -1
    outer loop
      vertex 18.6764 17.111 0
      vertex 16.3952 11.0404 0
      vertex 18.414 17.5487 0
    endloop
  endfacet
  facet normal 0 0 -1
    outer loop
      vertex 15.8137 10.864 0
      vertex 18.414 17.5487 0
      vertex 16.3952 11.0404 0
    endloop
  endfacet
  facet normal -0 0 -1
    outer loop
      vertex 18.414 17.5487 0
      vertex 15.8137 10.864 0
      vertex 18.1958 18.01 0
    endloop
  endfacet
  facet normal 0 0 -1
    outer loop
      vertex 15.2777 10.5776 0
      vertex 18.1958 18.01 0
      vertex 15.8137 10.864 0
    endloop
  endfacet
  facet normal 0.989176 -0.146733 0
    outer loop
      vertex 33.7694 -21.3411 6
      vertex 33.9422 -20.1762 0
      vertex 33.9422 -20.1762 6
    endloop
  endfacet
  facet normal 0.989176 -0.146733 0
    outer loop
      vertex 33.9422 -20.1762 0
      vertex 33.7694 -21.3411 6
      vertex 33.7694 -21.3411 0
    endloop
  endfacet
  facet normal 0.803219 -0.595684 0
    outer loop
      vertex 31.2761 -26.6127 6
      vertex 31.9776 -25.6668 0
      vertex 31.9776 -25.6668 6
    endloop
  endfacet
  facet normal 0.803219 -0.595684 0
    outer loop
      vertex 31.9776 -25.6668 0
      vertex 31.2761 -26.6127 6
      vertex 31.2761 -26.6127 0
    endloop
  endfacet
  facet normal -0.803219 -0.595684 0
    outer loop
      vertex -31.2761 -26.6127 0
      vertex -31.9776 -25.6668 6
      vertex -31.9776 -25.6668 0
    endloop
  endfacet
  facet normal -0.803219 -0.595684 0
    outer loop
      vertex -31.9776 -25.6668 6
      vertex -31.2761 -26.6127 0
      vertex -31.2761 -26.6127 6
    endloop
  endfacet
  facet normal 0.336922 -0.941532 0
    outer loop
      vertex 28.093 -34.4929 6
      vertex 29.3958 -34.0267 8
      vertex 28.093 -34.4929 8
    endloop
  endfacet
  facet normal 0.336922 -0.941532 0
    outer loop
      vertex 29.3958 -34.0267 8
      vertex 28.093 -34.4929 6
      vertex 29.3958 -34.0267 6
    endloop
  endfacet
  facet normal 0.85771 0.514134 0
    outer loop
      vertex 36.4351 27.6467 8
      vertex 35.7237 28.8335 6
      vertex 35.7237 28.8335 8
    endloop
  endfacet
  facet normal 0.85771 0.514134 0
    outer loop
      vertex 35.7237 28.8335 6
      vertex 36.4351 27.6467 8
      vertex 36.4351 27.6467 6
    endloop
  endfacet
  facet normal -0.85771 0.514134 0
    outer loop
      vertex -36.4351 27.6467 6
      vertex -35.7237 28.8335 8
      vertex -35.7237 28.8335 6
    endloop
  endfacet
  facet normal -0.85771 0.514134 0
    outer loop
      vertex -35.7237 28.8335 8
      vertex -36.4351 27.6467 6
      vertex -36.4351 27.6467 8
    endloop
  endfacet
  facet normal 0.146701 -0.989181 0
    outer loop
      vertex 25.382 -35.0321 6
      vertex 26.7508 -34.8291 8
      vertex 25.382 -35.0321 8
    endloop
  endfacet
  facet normal 0.146701 -0.989181 0
    outer loop
      vertex 26.7508 -34.8291 8
      vertex 25.382 -35.0321 6
      vertex 26.7508 -34.8291 6
    endloop
  endfacet
  facet normal 0.595713 0.803197 -0
    outer loop
      vertex 32.9449 31.8994 6
      vertex 31.8335 32.7237 8
      vertex 32.9449 31.8994 8
    endloop
  endfacet
  facet normal 0.595713 0.803197 0
    outer loop
      vertex 31.8335 32.7237 8
      vertex 32.9449 31.8994 6
      vertex 31.8335 32.7237 6
    endloop
  endfacet
  facet normal -0.0490725 -0.998795 0
    outer loop
      vertex -25.382 -35.0321 6
      vertex -24 -35.1 8
      vertex -25.382 -35.0321 8
    endloop
  endfacet
  facet normal -0.0490725 -0.998795 -0
    outer loop
      vertex -24 -35.1 8
      vertex -25.382 -35.0321 6
      vertex -24 -35.1 6
    endloop
  endfacet
  facet normal -0.989181 0.146701 0
    outer loop
      vertex -38.0321 22.382 6
      vertex -37.8291 23.7508 8
      vertex -37.8291 23.7508 6
    endloop
  endfacet
  facet normal -0.989181 0.146701 0
    outer loop
      vertex -37.8291 23.7508 8
      vertex -38.0321 22.382 6
      vertex -38.0321 22.382 8
    endloop
  endfacet
  facet normal -0.740979 -0.671528 0
    outer loop
      vertex -33.9702 -30.9702 6
      vertex -34.8994 -29.9449 8
      vertex -34.8994 -29.9449 6
    endloop
  endfacet
  facet normal -0.740979 -0.671528 0
    outer loop
      vertex -34.8994 -29.9449 8
      vertex -33.9702 -30.9702 6
      vertex -33.9702 -30.9702 8
    endloop
  endfacet
  facet normal 0 1 -0
    outer loop
      vertex -4 35.1 6
      vertex -24 35.1 8
      vertex -4 35.1 8
    endloop
  endfacet
  facet normal 0 1 0
    outer loop
      vertex -24 35.1 8
      vertex -4 35.1 6
      vertex -24 35.1 6
    endloop
  endfacet
  facet normal 0 1 -0
    outer loop
      vertex 24 35.1 6
      vertex 4 35.1 8
      vertex 24 35.1 8
    endloop
  endfacet
  facet normal 0 1 0
    outer loop
      vertex 4 35.1 8
      vertex 24 35.1 6
      vertex 4 35.1 6
    endloop
  endfacet
  facet normal 0.970032 0.242978 0
    outer loop
      vertex 37.8291 23.7508 8
      vertex 37.4929 25.093 6
      vertex 37.4929 25.093 8
    endloop
  endfacet
  facet normal 0.970032 0.242978 0
    outer loop
      vertex 37.4929 25.093 6
      vertex 37.8291 23.7508 8
      vertex 37.8291 23.7508 6
    endloop
  endfacet
  facet normal -0.514134 0.85771 0
    outer loop
      vertex -30.6467 33.4351 6
      vertex -31.8335 32.7237 8
      vertex -30.6467 33.4351 8
    endloop
  endfacet
  facet normal -0.514134 0.85771 0
    outer loop
      vertex -31.8335 32.7237 8
      vertex -30.6467 33.4351 6
      vertex -31.8335 32.7237 6
    endloop
  endfacet
  facet normal -0.336922 -0.941532 0
    outer loop
      vertex -29.3958 -34.0267 6
      vertex -28.093 -34.4929 8
      vertex -29.3958 -34.0267 8
    endloop
  endfacet
  facet normal -0.336922 -0.941532 -0
    outer loop
      vertex -28.093 -34.4929 8
      vertex -29.3958 -34.0267 6
      vertex -28.093 -34.4929 6
    endloop
  endfacet
  facet normal -0.595713 -0.803197 0
    outer loop
      vertex -32.9449 -31.8994 6
      vertex -31.8335 -32.7237 8
      vertex -32.9449 -31.8994 8
    endloop
  endfacet
  facet normal -0.595713 -0.803197 -0
    outer loop
      vertex -31.8335 -32.7237 8
      vertex -32.9449 -31.8994 6
      vertex -31.8335 -32.7237 6
    endloop
  endfacet
  facet normal -0.803197 0.595713 0
    outer loop
      vertex -35.7237 28.8335 6
      vertex -34.8994 29.9449 8
      vertex -34.8994 29.9449 6
    endloop
  endfacet
  facet normal -0.803197 0.595713 0
    outer loop
      vertex -34.8994 29.9449 8
      vertex -35.7237 28.8335 6
      vertex -35.7237 28.8335 8
    endloop
  endfacet
  facet normal -0.595713 0.803197 0
    outer loop
      vertex -31.8335 32.7237 6
      vertex -32.9449 31.8994 8
      vertex -31.8335 32.7237 8
    endloop
  endfacet
  facet normal -0.595713 0.803197 0
    outer loop
      vertex -32.9449 31.8994 8
      vertex -31.8335 32.7237 6
      vertex -32.9449 31.8994 6
    endloop
  endfacet
  facet normal 0.941532 0.336922 0
    outer loop
      vertex 37.4929 25.093 8
      vertex 37.0267 26.3958 6
      vertex 37.0267 26.3958 8
    endloop
  endfacet
  facet normal 0.941532 0.336922 0
    outer loop
      vertex 37.0267 26.3958 6
      vertex 37.4929 25.093 8
      vertex 37.4929 25.093 6
    endloop
  endfacet
  facet normal 0 -1 0
    outer loop
      vertex -24 -35.1 6
      vertex 24 -35.1 8
      vertex -24 -35.1 8
    endloop
  endfacet
  facet normal 0 -1 -0
    outer loop
      vertex 24 -35.1 8
      vertex -24 -35.1 6
      vertex 24 -35.1 6
    endloop
  endfacet
  facet normal -0.970032 -0.242978 0
    outer loop
      vertex -37.4929 -25.093 6
      vertex -37.8291 -23.7508 8
      vertex -37.8291 -23.7508 6
    endloop
  endfacet
  facet normal -0.970032 -0.242978 0
    outer loop
      vertex -37.8291 -23.7508 8
      vertex -37.4929 -25.093 6
      vertex -37.4929 -25.093 8
    endloop
  endfacet
  facet normal -0.941532 -0.336922 0
    outer loop
      vertex -37.0267 -26.3958 6
      vertex -37.4929 -25.093 8
      vertex -37.4929 -25.093 6
    endloop
  endfacet
  facet normal -0.941532 -0.336922 0
    outer loop
      vertex -37.4929 -25.093 8
      vertex -37.0267 -26.3958 6
      vertex -37.0267 -26.3958 8
    endloop
  endfacet
  facet normal 0.740979 -0.671528 0
    outer loop
      vertex 33.9702 -30.9702 8
      vertex 34.8994 -29.9449 6
      vertex 34.8994 -29.9449 8
    endloop
  endfacet
  facet normal 0.740979 -0.671528 0
    outer loop
      vertex 34.8994 -29.9449 6
      vertex 33.9702 -30.9702 8
      vertex 33.9702 -30.9702 6
    endloop
  endfacet
  facet normal 0.740979 0.671528 0
    outer loop
      vertex 34.8994 29.9449 8
      vertex 33.9702 30.9702 6
      vertex 33.9702 30.9702 8
    endloop
  endfacet
  facet normal 0.740979 0.671528 0
    outer loop
      vertex 33.9702 30.9702 6
      vertex 34.8994 29.9449 8
      vertex 34.8994 29.9449 6
    endloop
  endfacet
  facet normal -0.427536 0.903998 0
    outer loop
      vertex -29.3958 34.0267 6
      vertex -30.6467 33.4351 8
      vertex -29.3958 34.0267 8
    endloop
  endfacet
  facet normal -0.427536 0.903998 0
    outer loop
      vertex -30.6467 33.4351 8
      vertex -29.3958 34.0267 6
      vertex -30.6467 33.4351 6
    endloop
  endfacet
  facet normal -1 0 0
    outer loop
      vertex -38.1 -21 6
      vertex -38.1 21 8
      vertex -38.1 21 6
    endloop
  endfacet
  facet normal -1 -0 0
    outer loop
      vertex -38.1 21 8
      vertex -38.1 -21 6
      vertex -38.1 -21 8
    endloop
  endfacet
  facet normal 1 -0 0
    outer loop
      vertex 38.1 -21 8
      vertex 38.1 21 6
      vertex 38.1 21 8
    endloop
  endfacet
  facet normal 1 0 0
    outer loop
      vertex 38.1 21 6
      vertex 38.1 -21 8
      vertex 38.1 -21 6
    endloop
  endfacet
  facet normal -0.803197 -0.595713 0
    outer loop
      vertex -34.8994 -29.9449 6
      vertex -35.7237 -28.8335 8
      vertex -35.7237 -28.8335 6
    endloop
  endfacet
  facet normal -0.803197 -0.595713 0
    outer loop
      vertex -35.7237 -28.8335 8
      vertex -34.8994 -29.9449 6
      vertex -34.8994 -29.9449 8
    endloop
  endfacet
  facet normal 0.242978 -0.970032 0
    outer loop
      vertex 26.7508 -34.8291 6
      vertex 28.093 -34.4929 8
      vertex 26.7508 -34.8291 8
    endloop
  endfacet
  facet normal 0.242978 -0.970032 0
    outer loop
      vertex 28.093 -34.4929 8
      vertex 26.7508 -34.8291 6
      vertex 28.093 -34.4929 6
    endloop
  endfacet
  facet normal 0.146701 0.989181 -0
    outer loop
      vertex 26.7508 34.8291 6
      vertex 25.382 35.0321 8
      vertex 26.7508 34.8291 8
    endloop
  endfacet
  facet normal 0.146701 0.989181 0
    outer loop
      vertex 25.382 35.0321 8
      vertex 26.7508 34.8291 6
      vertex 25.382 35.0321 6
    endloop
  endfacet
  facet normal -0.146701 -0.989181 0
    outer loop
      vertex -26.7508 -34.8291 6
      vertex -25.382 -35.0321 8
      vertex -26.7508 -34.8291 8
    endloop
  endfacet
  facet normal -0.146701 -0.989181 -0
    outer loop
      vertex -25.382 -35.0321 8
      vertex -26.7508 -34.8291 6
      vertex -25.382 -35.0321 6
    endloop
  endfacet
  facet normal 0.998795 0.0490725 0
    outer loop
      vertex 38.1 21 8
      vertex 38.0321 22.382 6
      vertex 38.0321 22.382 8
    endloop
  endfacet
  facet normal 0.998795 0.0490725 0
    outer loop
      vertex 38.0321 22.382 6
      vertex 38.1 21 8
      vertex 38.1 21 6
    endloop
  endfacet
  facet normal 0.336922 0.941532 -0
    outer loop
      vertex 29.3958 34.0267 6
      vertex 28.093 34.4929 8
      vertex 29.3958 34.0267 8
    endloop
  endfacet
  facet normal 0.336922 0.941532 0
    outer loop
      vertex 28.093 34.4929 8
      vertex 29.3958 34.0267 6
      vertex 28.093 34.4929 6
    endloop
  endfacet
  facet normal 0.514134 -0.85771 0
    outer loop
      vertex 30.6467 -33.4351 6
      vertex 31.8335 -32.7237 8
      vertex 30.6467 -33.4351 8
    endloop
  endfacet
  facet normal 0.514134 -0.85771 0
    outer loop
      vertex 31.8335 -32.7237 8
      vertex 30.6467 -33.4351 6
      vertex 31.8335 -32.7237 6
    endloop
  endfacet
  facet normal 0.0490725 -0.998795 0
    outer loop
      vertex 24 -35.1 6
      vertex 25.382 -35.0321 8
      vertex 24 -35.1 8
    endloop
  endfacet
  facet normal 0.0490725 -0.998795 0
    outer loop
      vertex 25.382 -35.0321 8
      vertex 24 -35.1 6
      vertex 25.382 -35.0321 6
    endloop
  endfacet
  facet normal -0.671528 -0.740979 0
    outer loop
      vertex -33.9702 -30.9702 6
      vertex -32.9449 -31.8994 8
      vertex -33.9702 -30.9702 8
    endloop
  endfacet
  facet normal -0.671528 -0.740979 -0
    outer loop
      vertex -32.9449 -31.8994 8
      vertex -33.9702 -30.9702 6
      vertex -32.9449 -31.8994 6
    endloop
  endfacet
  facet normal 0.427536 0.903998 -0
    outer loop
      vertex 30.6467 33.4351 6
      vertex 29.3958 34.0267 8
      vertex 30.6467 33.4351 8
    endloop
  endfacet
  facet normal 0.427536 0.903998 0
    outer loop
      vertex 29.3958 34.0267 8
      vertex 30.6467 33.4351 6
      vertex 29.3958 34.0267 6
    endloop
  endfacet
  facet normal -0.242978 0.970032 0
    outer loop
      vertex -26.7508 34.8291 6
      vertex -28.093 34.4929 8
      vertex -26.7508 34.8291 8
    endloop
  endfacet
  facet normal -0.242978 0.970032 0
    outer loop
      vertex -28.093 34.4929 8
      vertex -26.7508 34.8291 6
      vertex -28.093 34.4929 6
    endloop
  endfacet
  facet normal 0.0490725 0.998795 -0
    outer loop
      vertex 25.382 35.0321 6
      vertex 24 35.1 8
      vertex 25.382 35.0321 8
    endloop
  endfacet
  facet normal 0.0490725 0.998795 0
    outer loop
      vertex 24 35.1 8
      vertex 25.382 35.0321 6
      vertex 24 35.1 6
    endloop
  endfacet
  facet normal 0.514134 0.85771 -0
    outer loop
      vertex 31.8335 32.7237 6
      vertex 30.6467 33.4351 8
      vertex 31.8335 32.7237 8
    endloop
  endfacet
  facet normal 0.514134 0.85771 0
    outer loop
      vertex 30.6467 33.4351 8
      vertex 31.8335 32.7237 6
      vertex 30.6467 33.4351 6
    endloop
  endfacet
  facet normal 0.903998 -0.427536 0
    outer loop
      vertex 36.4351 -27.6467 8
      vertex 37.0267 -26.3958 6
      vertex 37.0267 -26.3958 8
    endloop
  endfacet
  facet normal 0.903998 -0.427536 0
    outer loop
      vertex 37.0267 -26.3958 6
      vertex 36.4351 -27.6467 8
      vertex 36.4351 -27.6467 6
    endloop
  endfacet
  facet normal 0.803197 -0.595713 0
    outer loop
      vertex 34.8994 -29.9449 8
      vertex 35.7237 -28.8335 6
      vertex 35.7237 -28.8335 8
    endloop
  endfacet
  facet normal 0.803197 -0.595713 0
    outer loop
      vertex 35.7237 -28.8335 6
      vertex 34.8994 -29.9449 8
      vertex 34.8994 -29.9449 6
    endloop
  endfacet
  facet normal -0.903998 0.427536 0
    outer loop
      vertex -37.0267 26.3958 6
      vertex -36.4351 27.6467 8
      vertex -36.4351 27.6467 6
    endloop
  endfacet
  facet normal -0.903998 0.427536 0
    outer loop
      vertex -36.4351 27.6467 8
      vertex -37.0267 26.3958 6
      vertex -37.0267 26.3958 8
    endloop
  endfacet
  facet normal -0.989181 -0.146701 0
    outer loop
      vertex -37.8291 -23.7508 6
      vertex -38.0321 -22.382 8
      vertex -38.0321 -22.382 6
    endloop
  endfacet
  facet normal -0.989181 -0.146701 0
    outer loop
      vertex -38.0321 -22.382 8
      vertex -37.8291 -23.7508 6
      vertex -37.8291 -23.7508 8
    endloop
  endfacet
  facet normal -0.514134 -0.85771 0
    outer loop
      vertex -31.8335 -32.7237 6
      vertex -30.6467 -33.4351 8
      vertex -31.8335 -32.7237 8
    endloop
  endfacet
  facet normal -0.514134 -0.85771 -0
    outer loop
      vertex -30.6467 -33.4351 8
      vertex -31.8335 -32.7237 6
      vertex -30.6467 -33.4351 6
    endloop
  endfacet
  facet normal -0.998795 -0.0490725 0
    outer loop
      vertex -38.0321 -22.382 6
      vertex -38.1 -21 8
      vertex -38.1 -21 6
    endloop
  endfacet
  facet normal -0.998795 -0.0490725 0
    outer loop
      vertex -38.1 -21 8
      vertex -38.0321 -22.382 6
      vertex -38.0321 -22.382 8
    endloop
  endfacet
  facet normal -0.998795 0.0490725 0
    outer loop
      vertex -38.1 21 6
      vertex -38.0321 22.382 8
      vertex -38.0321 22.382 6
    endloop
  endfacet
  facet normal -0.998795 0.0490725 0
    outer loop
      vertex -38.0321 22.382 8
      vertex -38.1 21 6
      vertex -38.1 21 8
    endloop
  endfacet
  facet normal 0.595713 -0.803197 0
    outer loop
      vertex 31.8335 -32.7237 6
      vertex 32.9449 -31.8994 8
      vertex 31.8335 -32.7237 8
    endloop
  endfacet
  facet normal 0.595713 -0.803197 0
    outer loop
      vertex 32.9449 -31.8994 8
      vertex 31.8335 -32.7237 6
      vertex 32.9449 -31.8994 6
    endloop
  endfacet
  facet normal 0.427536 -0.903998 0
    outer loop
      vertex 29.3958 -34.0267 6
      vertex 30.6467 -33.4351 8
      vertex 29.3958 -34.0267 8
    endloop
  endfacet
  facet normal 0.427536 -0.903998 0
    outer loop
      vertex 30.6467 -33.4351 8
      vertex 29.3958 -34.0267 6
      vertex 30.6467 -33.4351 6
    endloop
  endfacet
  facet normal -0.242978 -0.970032 0
    outer loop
      vertex -28.093 -34.4929 6
      vertex -26.7508 -34.8291 8
      vertex -28.093 -34.4929 8
    endloop
  endfacet
  facet normal -0.242978 -0.970032 -0
    outer loop
      vertex -26.7508 -34.8291 8
      vertex -28.093 -34.4929 6
      vertex -26.7508 -34.8291 6
    endloop
  endfacet
  facet normal -0.336922 0.941532 0
    outer loop
      vertex -28.093 34.4929 6
      vertex -29.3958 34.0267 8
      vertex -28.093 34.4929 8
    endloop
  endfacet
  facet normal -0.336922 0.941532 0
    outer loop
      vertex -29.3958 34.0267 8
      vertex -28.093 34.4929 6
      vertex -29.3958 34.0267 6
    endloop
  endfacet
  facet normal -0.427536 -0.903998 0
    outer loop
      vertex -30.6467 -33.4351 6
      vertex -29.3958 -34.0267 8
      vertex -30.6467 -33.4351 8
    endloop
  endfacet
  facet normal -0.427536 -0.903998 -0
    outer loop
      vertex -29.3958 -34.0267 8
      vertex -30.6467 -33.4351 6
      vertex -29.3958 -34.0267 6
    endloop
  endfacet
  facet normal 0.998795 -0.0490725 0
    outer loop
      vertex 38.0321 -22.382 8
      vertex 38.1 -21 6
      vertex 38.1 -21 8
    endloop
  endfacet
  facet normal 0.998795 -0.0490725 0
    outer loop
      vertex 38.1 -21 6
      vertex 38.0321 -22.382 8
      vertex 38.0321 -22.382 6
    endloop
  endfacet
  facet normal -0.740979 0.671528 0
    outer loop
      vertex -34.8994 29.9449 6
      vertex -33.9702 30.9702 8
      vertex -33.9702 30.9702 6
    endloop
  endfacet
  facet normal -0.740979 0.671528 0
    outer loop
      vertex -33.9702 30.9702 8
      vertex -34.8994 29.9449 6
      vertex -34.8994 29.9449 8
    endloop
  endfacet
  facet normal -0.671528 0.740979 0
    outer loop
      vertex -32.9449 31.8994 6
      vertex -33.9702 30.9702 8
      vertex -32.9449 31.8994 8
    endloop
  endfacet
  facet normal -0.671528 0.740979 0
    outer loop
      vertex -33.9702 30.9702 8
      vertex -32.9449 31.8994 6
      vertex -33.9702 30.9702 6
    endloop
  endfacet
  facet normal -0.0490725 0.998795 0
    outer loop
      vertex -24 35.1 6
      vertex -25.382 35.0321 8
      vertex -24 35.1 8
    endloop
  endfacet
  facet normal -0.0490725 0.998795 0
    outer loop
      vertex -25.382 35.0321 8
      vertex -24 35.1 6
      vertex -25.382 35.0321 6
    endloop
  endfacet
  facet normal -0.146701 0.989181 0
    outer loop
      vertex -25.382 35.0321 6
      vertex -26.7508 34.8291 8
      vertex -25.382 35.0321 8
    endloop
  endfacet
  facet normal -0.146701 0.989181 0
    outer loop
      vertex -26.7508 34.8291 8
      vertex -25.382 35.0321 6
      vertex -26.7508 34.8291 6
    endloop
  endfacet
  facet normal -0.941532 0.336922 0
    outer loop
      vertex -37.4929 25.093 6
      vertex -37.0267 26.3958 8
      vertex -37.0267 26.3958 6
    endloop
  endfacet
  facet normal -0.941532 0.336922 0
    outer loop
      vertex -37.0267 26.3958 8
      vertex -37.4929 25.093 6
      vertex -37.4929 25.093 8
    endloop
  endfacet
  facet normal 0.989181 0.146701 0
    outer loop
      vertex 38.0321 22.382 8
      vertex 37.8291 23.7508 6
      vertex 37.8291 23.7508 8
    endloop
  endfacet
  facet normal 0.989181 0.146701 0
    outer loop
      vertex 37.8291 23.7508 6
      vertex 38.0321 22.382 8
      vertex 38.0321 22.382 6
    endloop
  endfacet
  facet normal 0.803197 0.595713 0
    outer loop
      vertex 35.7237 28.8335 8
      vertex 34.8994 29.9449 6
      vertex 34.8994 29.9449 8
    endloop
  endfacet
  facet normal 0.803197 0.595713 0
    outer loop
      vertex 34.8994 29.9449 6
      vertex 35.7237 28.8335 8
      vertex 35.7237 28.8335 6
    endloop
  endfacet
  facet normal 0.671528 -0.740979 0
    outer loop
      vertex 32.9449 -31.8994 6
      vertex 33.9702 -30.9702 8
      vertex 32.9449 -31.8994 8
    endloop
  endfacet
  facet normal 0.671528 -0.740979 0
    outer loop
      vertex 33.9702 -30.9702 8
      vertex 32.9449 -31.8994 6
      vertex 33.9702 -30.9702 6
    endloop
  endfacet
  facet normal 0.989181 -0.146701 0
    outer loop
      vertex 37.8291 -23.7508 8
      vertex 38.0321 -22.382 6
      vertex 38.0321 -22.382 8
    endloop
  endfacet
  facet normal 0.989181 -0.146701 0
    outer loop
      vertex 38.0321 -22.382 6
      vertex 37.8291 -23.7508 8
      vertex 37.8291 -23.7508 6
    endloop
  endfacet
  facet normal -0.85771 -0.514134 0
    outer loop
      vertex -35.7237 -28.8335 6
      vertex -36.4351 -27.6467 8
      vertex -36.4351 -27.6467 6
    endloop
  endfacet
  facet normal -0.85771 -0.514134 0
    outer loop
      vertex -36.4351 -27.6467 8
      vertex -35.7237 -28.8335 6
      vertex -35.7237 -28.8335 8
    endloop
  endfacet
  facet normal 0.903998 0.427536 0
    outer loop
      vertex 37.0267 26.3958 8
      vertex 36.4351 27.6467 6
      vertex 36.4351 27.6467 8
    endloop
  endfacet
  facet normal 0.903998 0.427536 0
    outer loop
      vertex 36.4351 27.6467 6
      vertex 37.0267 26.3958 8
      vertex 37.0267 26.3958 6
    endloop
  endfacet
  facet normal 0.85771 -0.514134 0
    outer loop
      vertex 35.7237 -28.8335 8
      vertex 36.4351 -27.6467 6
      vertex 36.4351 -27.6467 8
    endloop
  endfacet
  facet normal 0.85771 -0.514134 0
    outer loop
      vertex 36.4351 -27.6467 6
      vertex 35.7237 -28.8335 8
      vertex 35.7237 -28.8335 6
    endloop
  endfacet
  facet normal 0.970032 -0.242978 0
    outer loop
      vertex 37.4929 -25.093 8
      vertex 37.8291 -23.7508 6
      vertex 37.8291 -23.7508 8
    endloop
  endfacet
  facet normal 0.970032 -0.242978 0
    outer loop
      vertex 37.8291 -23.7508 6
      vertex 37.4929 -25.093 8
      vertex 37.4929 -25.093 6
    endloop
  endfacet
  facet normal 0.941532 -0.336922 0
    outer loop
      vertex 37.0267 -26.3958 8
      vertex 37.4929 -25.093 6
      vertex 37.4929 -25.093 8
    endloop
  endfacet
  facet normal 0.941532 -0.336922 0
    outer loop
      vertex 37.4929 -25.093 6
      vertex 37.0267 -26.3958 8
      vertex 37.0267 -26.3958 6
    endloop
  endfacet
  facet normal 0.671528 0.740979 -0
    outer loop
      vertex 33.9702 30.9702 6
      vertex 32.9449 31.8994 8
      vertex 33.9702 30.9702 8
    endloop
  endfacet
  facet normal 0.671528 0.740979 0
    outer loop
      vertex 32.9449 31.8994 8
      vertex 33.9702 30.9702 6
      vertex 32.9449 31.8994 6
    endloop
  endfacet
  facet normal -0.903998 -0.427536 0
    outer loop
      vertex -36.4351 -27.6467 6
      vertex -37.0267 -26.3958 8
      vertex -37.0267 -26.3958 6
    endloop
  endfacet
  facet normal -0.903998 -0.427536 0
    outer loop
      vertex -37.0267 -26.3958 8
      vertex -36.4351 -27.6467 6
      vertex -36.4351 -27.6467 8
    endloop
  endfacet
  facet normal -0.970032 0.242978 0
    outer loop
      vertex -37.8291 23.7508 6
      vertex -37.4929 25.093 8
      vertex -37.4929 25.093 6
    endloop
  endfacet
  facet normal -0.970032 0.242978 0
    outer loop
      vertex -37.4929 25.093 8
      vertex -37.8291 23.7508 6
      vertex -37.8291 23.7508 8
    endloop
  endfacet
  facet normal 0.242978 0.970032 -0
    outer loop
      vertex 28.093 34.4929 6
      vertex 26.7508 34.8291 8
      vertex 28.093 34.4929 8
    endloop
  endfacet
  facet normal 0.242978 0.970032 0
    outer loop
      vertex 26.7508 34.8291 8
      vertex 28.093 34.4929 6
      vertex 26.7508 34.8291 6
    endloop
  endfacet
  facet normal -0 0 1
    outer loop
      vertex -24 35.1 8
      vertex -4 21.4 8
      vertex -4 35.1 8
    endloop
  endfacet
  facet normal 0 0 1
    outer loop
      vertex -4 21.4 8
      vertex -15.3579 8.43999 8
      vertex -15.3 8 8
    endloop
  endfacet
  facet normal 0 0 1
    outer loop
      vertex -4 21.4 8
      vertex -15.5278 8.85 8
      vertex -15.3579 8.43999 8
    endloop
  endfacet
  facet normal 0 0 1
    outer loop
      vertex -4 21.4 8
      vertex -15.7979 9.20208 8
      vertex -15.5278 8.85 8
    endloop
  endfacet
  facet normal 0 0 1
    outer loop
      vertex -4 21.4 8
      vertex -16.15 9.47224 8
      vertex -15.7979 9.20208 8
    endloop
  endfacet
  facet normal 0 0 1
    outer loop
      vertex -4 21.4 8
      vertex -16.56 9.64207 8
      vertex -16.15 9.47224 8
    endloop
  endfacet
  facet normal 0 -0 1
    outer loop
      vertex -17 9.7 8
      vertex -4 21.4 8
      vertex -24 35.1 8
    endloop
  endfacet
  facet normal 0 0 1
    outer loop
      vertex -4 21.4 8
      vertex -17 9.7 8
      vertex -16.56 9.64207 8
    endloop
  endfacet
  facet normal 0 0 1
    outer loop
      vertex -17 9.7 8
      vertex -24 35.1 8
      vertex -17.44 9.64207 8
    endloop
  endfacet
  facet normal 0 0 1
    outer loop
      vertex -17.44 9.64207 8
      vertex -24 35.1 8
      vertex -17.85 9.47224 8
    endloop
  endfacet
  facet normal -0 0 1
    outer loop
      vertex -25.382 35.0321 8
      vertex -17.85 9.47224 8
      vertex -24 35.1 8
    endloop
  endfacet
  facet normal -0 0 1
    outer loop
      vertex -29.3958 34.0267 8
      vertex -17.85 9.47224 8
      vertex -28.093 34.4929 8
    endloop
  endfacet
  facet normal -0 0 1
    outer loop
      vertex -28.093 34.4929 8
      vertex -17.85 9.47224 8
      vertex -26.7508 34.8291 8
    endloop
  endfacet
  facet normal -0 0 1
    outer loop
      vertex -26.7508 34.8291 8
      vertex -17.85 9.47224 8
      vertex -25.382 35.0321 8
    endloop
  endfacet
  facet normal 0 0 1
    outer loop
      vertex 17.85 9.47224 8
      vertex 38.1 21 8
      vertex 38.0321 22.382 8
    endloop
  endfacet
  facet normal 0 0 1
    outer loop
      vertex 38.1 21 8
      vertex 18.6421 7.56001 8
      vertex 38.1 -21 8
    endloop
  endfacet
  facet normal 0 0 1
    outer loop
      vertex 17.85 9.47224 8
      vertex 38.0321 22.382 8
      vertex 37.8291 23.7508 8
    endloop
  endfacet
  facet normal -0 0 1
    outer loop
      vertex 18.4722 7.15 8
      vertex 38.1 -21 8
      vertex 18.6421 7.56001 8
    endloop
  endfacet
  facet normal 0 0 1
    outer loop
      vertex 17.85 9.47224 8
      vertex 37.8291 23.7508 8
      vertex 37.4929 25.093 8
    endloop
  endfacet
  facet normal -0 0 1
    outer loop
      vertex 18.2021 6.79792 8
      vertex 38.1 -21 8
      vertex 18.4722 7.15 8
    endloop
  endfacet
  facet normal 0 0 1
    outer loop
      vertex 17.85 9.47224 8
      vertex 37.4929 25.093 8
      vertex 37.0267 26.3958 8
    endloop
  endfacet
  facet normal -0 0 1
    outer loop
      vertex 17.85 6.52776 8
      vertex 38.1 -21 8
      vertex 18.2021 6.79792 8
    endloop
  endfacet
  facet normal 0 0 1
    outer loop
      vertex 17.85 9.47224 8
      vertex 37.0267 26.3958 8
      vertex 36.4351 27.6467 8
    endloop
  endfacet
  facet normal -0 0 1
    outer loop
      vertex 17.44 6.35793 8
      vertex 38.1 -21 8
      vertex 17.85 6.52776 8
    endloop
  endfacet
  facet normal 0 0 1
    outer loop
      vertex 17.85 9.47224 8
      vertex 36.4351 27.6467 8
      vertex 35.7237 28.8335 8
    endloop
  endfacet
  facet normal -0 0 1
    outer loop
      vertex 17 6.3 8
      vertex 38.1 -21 8
      vertex 17.44 6.35793 8
    endloop
  endfacet
  facet normal 0 0 1
    outer loop
      vertex 17.85 9.47224 8
      vertex 35.7237 28.8335 8
      vertex 34.8994 29.9449 8
    endloop
  endfacet
  facet normal 0 -0 1
    outer loop
      vertex 24 -35.1 8
      vertex 38.1 -21 8
      vertex 17 6.3 8
    endloop
  endfacet
  facet normal 0 0 1
    outer loop
      vertex 17.85 9.47224 8
      vertex 34.8994 29.9449 8
      vertex 33.9702 30.9702 8
    endloop
  endfacet
  facet normal 0 0 1
    outer loop
      vertex 38.1 -21 8
      vertex 24 -35.1 8
      vertex 38.0321 -22.382 8
    endloop
  endfacet
  facet normal 0 0 1
    outer loop
      vertex 17.85 9.47224 8
      vertex 33.9702 30.9702 8
      vertex 32.9449 31.8994 8
    endloop
  endfacet
  facet normal 0 0 1
    outer loop
      vertex 38.0321 -22.382 8
      vertex 24 -35.1 8
      vertex 37.8291 -23.7508 8
    endloop
  endfacet
  facet normal 0 0 1
    outer loop
      vertex 17.85 9.47224 8
      vertex 32.9449 31.8994 8
      vertex 31.8335 32.7237 8
    endloop
  endfacet
  facet normal 0 0 1
    outer loop
      vertex 37.8291 -23.7508 8
      vertex 24 -35.1 8
      vertex 37.4929 -25.093 8
    endloop
  endfacet
  facet normal 0 0 1
    outer loop
      vertex 17.85 9.47224 8
      vertex 31.8335 32.7237 8
      vertex 30.6467 33.4351 8
    endloop
  endfacet
  facet normal 0 0 1
    outer loop
      vertex 37.0267 -26.3958 8
      vertex 24 -35.1 8
      vertex 36.4351 -27.6467 8
    endloop
  endfacet
  facet normal 0 0 1
    outer loop
      vertex 17.85 9.47224 8
      vertex 30.6467 33.4351 8
      vertex 29.3958 34.0267 8
    endloop
  endfacet
  facet normal 0 0 1
    outer loop
      vertex 38.1 21 8
      vertex 18.7 8 8
      vertex 18.6421 7.56001 8
    endloop
  endfacet
  facet normal 0 0 1
    outer loop
      vertex 17.85 9.47224 8
      vertex 29.3958 34.0267 8
      vertex 28.093 34.4929 8
    endloop
  endfacet
  facet normal 0 0 1
    outer loop
      vertex 36.4351 -27.6467 8
      vertex 24 -35.1 8
      vertex 35.7237 -28.8335 8
    endloop
  endfacet
  facet normal 0 0 1
    outer loop
      vertex 17.85 9.47224 8
      vertex 28.093 34.4929 8
      vertex 26.7508 34.8291 8
    endloop
  endfacet
  facet normal 0 0 1
    outer loop
      vertex 35.7237 -28.8335 8
      vertex 24 -35.1 8
      vertex 34.8994 -29.9449 8
    endloop
  endfacet
  facet normal 0 0 1
    outer loop
      vertex 17.85 9.47224 8
      vertex 26.7508 34.8291 8
      vertex 25.382 35.0321 8
    endloop
  endfacet
  facet normal 0 0 1
    outer loop
      vertex 34.8994 -29.9449 8
      vertex 24 -35.1 8
      vertex 33.9702 -30.9702 8
    endloop
  endfacet
  facet normal 0 0 1
    outer loop
      vertex 17.85 9.47224 8
      vertex 25.382 35.0321 8
      vertex 24 35.1 8
    endloop
  endfacet
  facet normal 0 0 1
    outer loop
      vertex 33.9702 -30.9702 8
      vertex 24 -35.1 8
      vertex 32.9449 -31.8994 8
    endloop
  endfacet
  facet normal 0 0 1
    outer loop
      vertex 32.9449 -31.8994 8
      vertex 24 -35.1 8
      vertex 31.8335 -32.7237 8
    endloop
  endfacet
  facet normal 0 0 1
    outer loop
      vertex 38.1 21 8
      vertex 18.6421 8.43999 8
      vertex 18.7 8 8
    endloop
  endfacet
  facet normal 0 0 1
    outer loop
      vertex 38.1 21 8
      vertex 18.4722 8.85 8
      vertex 18.6421 8.43999 8
    endloop
  endfacet
  facet normal 0 0 1
    outer loop
      vertex 38.1 21 8
      vertex 18.2021 9.20208 8
      vertex 18.4722 8.85 8
    endloop
  endfacet
  facet normal 0 0 1
    outer loop
      vertex 38.1 21 8
      vertex 17.85 9.47224 8
      vertex 18.2021 9.20208 8
    endloop
  endfacet
  facet normal 0 0 1
    outer loop
      vertex 24 35.1 8
      vertex 17.44 9.64207 8
      vertex 17.85 9.47224 8
    endloop
  endfacet
  facet normal 0 0 1
    outer loop
      vertex 24 35.1 8
      vertex 17 9.7 8
      vertex 17.44 9.64207 8
    endloop
  endfacet
  facet normal -0 0 1
    outer loop
      vertex 4 21.4 8
      vertex 17 9.7 8
      vertex 24 35.1 8
    endloop
  endfacet
  facet normal 0 0 1
    outer loop
      vertex 17 9.7 8
      vertex 4 21.4 8
      vertex 16.56 9.64207 8
    endloop
  endfacet
  facet normal 0 0 1
    outer loop
      vertex 16.56 9.64207 8
      vertex 4 21.4 8
      vertex 16.15 9.47224 8
    endloop
  endfacet
  facet normal 0 0 1
    outer loop
      vertex 16.15 9.47224 8
      vertex 4 21.4 8
      vertex 15.7979 9.20208 8
    endloop
  endfacet
  facet normal 0 0 1
    outer loop
      vertex 15.7979 9.20208 8
      vertex 4 21.4 8
      vertex 15.5278 8.85 8
    endloop
  endfacet
  facet normal 0 0 1
    outer loop
      vertex 15.5278 8.85 8
      vertex 4 21.4 8
      vertex 15.3579 8.43999 8
    endloop
  endfacet
  facet normal 0 0 1
    outer loop
      vertex 4 21.4 8
      vertex 24 35.1 8
      vertex 4 35.1 8
    endloop
  endfacet
  facet normal 0 0 1
    outer loop
      vertex 31.8335 -32.7237 8
      vertex 24 -35.1 8
      vertex 30.6467 -33.4351 8
    endloop
  endfacet
  facet normal 0 0 1
    outer loop
      vertex 30.6467 -33.4351 8
      vertex 24 -35.1 8
      vertex 29.3958 -34.0267 8
    endloop
  endfacet
  facet normal 0 0 1
    outer loop
      vertex 29.3958 -34.0267 8
      vertex 24 -35.1 8
      vertex 28.093 -34.4929 8
    endloop
  endfacet
  facet normal 0 0 1
    outer loop
      vertex 28.093 -34.4929 8
      vertex 24 -35.1 8
      vertex 26.7508 -34.8291 8
    endloop
  endfacet
  facet normal 0 0 1
    outer loop
      vertex 26.7508 -34.8291 8
      vertex 24 -35.1 8
      vertex 25.382 -35.0321 8
    endloop
  endfacet
  facet normal 0 0 1
    outer loop
      vertex 37.4929 -25.093 8
      vertex 24 -35.1 8
      vertex 37.0267 -26.3958 8
    endloop
  endfacet
  facet normal 0 0 1
    outer loop
      vertex 16.56 6.35793 8
      vertex 24 -35.1 8
      vertex 17 6.3 8
    endloop
  endfacet
  facet normal 0 0 1
    outer loop
      vertex 16.15 6.52776 8
      vertex 24 -35.1 8
      vertex 16.56 6.35793 8
    endloop
  endfacet
  facet normal 0 0 1
    outer loop
      vertex -16.15 6.52776 8
      vertex 16.15 6.52776 8
      vertex 15.7979 6.79792 8
    endloop
  endfacet
  facet normal 0 0 1
    outer loop
      vertex -15.7979 6.79792 8
      vertex 15.7979 6.79792 8
      vertex 15.5278 7.15 8
    endloop
  endfacet
  facet normal 0 0 1
    outer loop
      vertex -15.5278 7.15 8
      vertex 15.5278 7.15 8
      vertex 15.3579 7.56001 8
    endloop
  endfacet
  facet normal 0 0 1
    outer loop
      vertex 15.3579 8.43999 8
      vertex 4 21.4 8
      vertex 15.3 8 8
    endloop
  endfacet
  facet normal 0 0 1
    outer loop
      vertex -15.3 8 8
      vertex 15.3 8 8
      vertex 4 21.4 8
    endloop
  endfacet
  facet normal 0 0 1
    outer loop
      vertex 15.3 8 8
      vertex -15.3 8 8
      vertex 15.3579 7.56001 8
    endloop
  endfacet
  facet normal 0 0 1
    outer loop
      vertex -15.3 8 8
      vertex 4 21.4 8
      vertex -4 21.4 8
    endloop
  endfacet
  facet normal 0 0 1
    outer loop
      vertex 15.3579 7.56001 8
      vertex -15.3 8 8
      vertex -15.3579 7.56001 8
    endloop
  endfacet
  facet normal 0 0 1
    outer loop
      vertex 15.3579 7.56001 8
      vertex -15.3579 7.56001 8
      vertex -15.5278 7.15 8
    endloop
  endfacet
  facet normal 0 0 1
    outer loop
      vertex 15.5278 7.15 8
      vertex -15.5278 7.15 8
      vertex -15.7979 6.79792 8
    endloop
  endfacet
  facet normal 0 0 1
    outer loop
      vertex 15.7979 6.79792 8
      vertex -15.7979 6.79792 8
      vertex -16.15 6.52776 8
    endloop
  endfacet
  facet normal 0 0 1
    outer loop
      vertex 16.15 6.52776 8
      vertex -16.15 6.52776 8
      vertex 24 -35.1 8
    endloop
  endfacet
  facet normal 0 0 1
    outer loop
      vertex -24 -35.1 8
      vertex -16.15 6.52776 8
      vertex -16.56 6.35793 8
    endloop
  endfacet
  facet normal 0 0 1
    outer loop
      vertex -24 -35.1 8
      vertex -16.56 6.35793 8
      vertex -17 6.3 8
    endloop
  endfacet
  facet normal 0 0 1
    outer loop
      vertex -38.1 -21 8
      vertex -17 6.3 8
      vertex -17.44 6.35793 8
    endloop
  endfacet
  facet normal 0 0 1
    outer loop
      vertex -38.1 -21 8
      vertex -17.44 6.35793 8
      vertex -17.85 6.52776 8
    endloop
  endfacet
  facet normal 0 0 1
    outer loop
      vertex -38.1 -21 8
      vertex -17.85 6.52776 8
      vertex -18.2021 6.79792 8
    endloop
  endfacet
  facet normal 0 0 1
    outer loop
      vertex -18.6421 8.43999 8
      vertex -38.1 21 8
      vertex -18.7 8 8
    endloop
  endfacet
  facet normal 0 0 1
    outer loop
      vertex -16.15 6.52776 8
      vertex -24 -35.1 8
      vertex 24 -35.1 8
    endloop
  endfacet
  facet normal 0 0 1
    outer loop
      vertex -38.1 -21 8
      vertex -18.2021 6.79792 8
      vertex -18.4722 7.15 8
    endloop
  endfacet
  facet normal 0 0 1
    outer loop
      vertex -38.1 -21 8
      vertex -18.4722 7.15 8
      vertex -18.6421 7.56001 8
    endloop
  endfacet
  facet normal 0 0 1
    outer loop
      vertex -18.7 8 8
      vertex -38.1 21 8
      vertex -18.6421 7.56001 8
    endloop
  endfacet
  facet normal -0 0 1
    outer loop
      vertex -30.6467 33.4351 8
      vertex -17.85 9.47224 8
      vertex -29.3958 34.0267 8
    endloop
  endfacet
  facet normal 0 0 1
    outer loop
      vertex -38.1 -21 8
      vertex -18.6421 7.56001 8
      vertex -38.1 21 8
    endloop
  endfacet
  facet normal -0 0 1
    outer loop
      vertex -31.8335 32.7237 8
      vertex -17.85 9.47224 8
      vertex -30.6467 33.4351 8
    endloop
  endfacet
  facet normal 0 0 1
    outer loop
      vertex -17 6.3 8
      vertex -38.1 -21 8
      vertex -24 -35.1 8
    endloop
  endfacet
  facet normal -0 0 1
    outer loop
      vertex -32.9449 31.8994 8
      vertex -17.85 9.47224 8
      vertex -31.8335 32.7237 8
    endloop
  endfacet
  facet normal 0 0 1
    outer loop
      vertex -24 -35.1 8
      vertex -38.1 -21 8
      vertex -25.382 -35.0321 8
    endloop
  endfacet
  facet normal -0 0 1
    outer loop
      vertex -33.9702 30.9702 8
      vertex -17.85 9.47224 8
      vertex -32.9449 31.8994 8
    endloop
  endfacet
  facet normal 0 0 1
    outer loop
      vertex -25.382 -35.0321 8
      vertex -38.1 -21 8
      vertex -26.7508 -34.8291 8
    endloop
  endfacet
  facet normal 0 0 1
    outer loop
      vertex -18.4722 8.85 8
      vertex -38.1 21 8
      vertex -18.6421 8.43999 8
    endloop
  endfacet
  facet normal 0 0 1
    outer loop
      vertex -26.7508 -34.8291 8
      vertex -38.1 -21 8
      vertex -28.093 -34.4929 8
    endloop
  endfacet
  facet normal -0 0 1
    outer loop
      vertex -34.8994 29.9449 8
      vertex -17.85 9.47224 8
      vertex -33.9702 30.9702 8
    endloop
  endfacet
  facet normal 0 0 1
    outer loop
      vertex -28.093 -34.4929 8
      vertex -38.1 -21 8
      vertex -29.3958 -34.0267 8
    endloop
  endfacet
  facet normal -0 0 1
    outer loop
      vertex -35.7237 28.8335 8
      vertex -17.85 9.47224 8
      vertex -34.8994 29.9449 8
    endloop
  endfacet
  facet normal 0 0 1
    outer loop
      vertex -29.3958 -34.0267 8
      vertex -38.1 -21 8
      vertex -30.6467 -33.4351 8
    endloop
  endfacet
  facet normal -0 0 1
    outer loop
      vertex -36.4351 27.6467 8
      vertex -17.85 9.47224 8
      vertex -35.7237 28.8335 8
    endloop
  endfacet
  facet normal 0 0 1
    outer loop
      vertex -30.6467 -33.4351 8
      vertex -38.1 -21 8
      vertex -31.8335 -32.7237 8
    endloop
  endfacet
  facet normal -0 0 1
    outer loop
      vertex -37.0267 26.3958 8
      vertex -17.85 9.47224 8
      vertex -36.4351 27.6467 8
    endloop
  endfacet
  facet normal 0 0 1
    outer loop
      vertex -31.8335 -32.7237 8
      vertex -38.1 -21 8
      vertex -32.9449 -31.8994 8
    endloop
  endfacet
  facet normal 0 0 1
    outer loop
      vertex -18.2021 9.20208 8
      vertex -38.1 21 8
      vertex -18.4722 8.85 8
    endloop
  endfacet
  facet normal 0 0 1
    outer loop
      vertex -32.9449 -31.8994 8
      vertex -38.1 -21 8
      vertex -33.9702 -30.9702 8
    endloop
  endfacet
  facet normal -0 0 1
    outer loop
      vertex -38.1 21 8
      vertex -17.85 9.47224 8
      vertex -37.0267 26.3958 8
    endloop
  endfacet
  facet normal 0 0 1
    outer loop
      vertex -33.9702 -30.9702 8
      vertex -38.1 -21 8
      vertex -34.8994 -29.9449 8
    endloop
  endfacet
  facet normal 0 0 1
    outer loop
      vertex -17.85 9.47224 8
      vertex -38.1 21 8
      vertex -18.2021 9.20208 8
    endloop
  endfacet
  facet normal 0 0 1
    outer loop
      vertex -34.8994 -29.9449 8
      vertex -38.1 -21 8
      vertex -35.7237 -28.8335 8
    endloop
  endfacet
  facet normal 0 0 1
    outer loop
      vertex -38.1 21 8
      vertex -37.0267 26.3958 8
      vertex -37.4929 25.093 8
    endloop
  endfacet
  facet normal 0 0 1
    outer loop
      vertex -35.7237 -28.8335 8
      vertex -38.1 -21 8
      vertex -36.4351 -27.6467 8
    endloop
  endfacet
  facet normal 0 0 1
    outer loop
      vertex -38.1 21 8
      vertex -37.4929 25.093 8
      vertex -37.8291 23.7508 8
    endloop
  endfacet
  facet normal 0 0 1
    outer loop
      vertex -36.4351 -27.6467 8
      vertex -38.1 -21 8
      vertex -37.0267 -26.3958 8
    endloop
  endfacet
  facet normal 0 0 1
    outer loop
      vertex -38.1 21 8
      vertex -37.8291 23.7508 8
      vertex -38.0321 22.382 8
    endloop
  endfacet
  facet normal 0 0 1
    outer loop
      vertex -37.0267 -26.3958 8
      vertex -38.1 -21 8
      vertex -37.4929 -25.093 8
    endloop
  endfacet
  facet normal 0 0 1
    outer loop
      vertex -37.4929 -25.093 8
      vertex -38.1 -21 8
      vertex -37.8291 -23.7508 8
    endloop
  endfacet
  facet normal 0 0 1
    outer loop
      vertex -37.8291 -23.7508 8
      vertex -38.1 -21 8
      vertex -38.0321 -22.382 8
    endloop
  endfacet
  facet normal 0 0 -1
    outer loop
      vertex 33.7694 -21.3411 6
      vertex 38.1 -21 6
      vertex 38.0321 -22.382 6
    endloop
  endfacet
  facet normal 0 0 -1
    outer loop
      vertex 38.1 -21 6
      vertex 34 -19 6
      vertex 38.1 21 6
    endloop
  endfacet
  facet normal 0 0 -1
    outer loop
      vertex 33.4833 -22.4834 6
      vertex 38.0321 -22.382 6
      vertex 37.8291 -23.7508 6
    endloop
  endfacet
  facet normal 0 0 -1
    outer loop
      vertex 34 19 6
      vertex 38.1 21 6
      vertex 34 -19 6
    endloop
  endfacet
  facet normal 0 0 -1
    outer loop
      vertex 33.0865 -23.5922 6
      vertex 37.8291 -23.7508 6
      vertex 37.4929 -25.093 6
    endloop
  endfacet
  facet normal 0 0 -1
    outer loop
      vertex 33.9422 20.1762 6
      vertex 38.1 21 6
      vertex 34 19 6
    endloop
  endfacet
  facet normal 0 0 -1
    outer loop
      vertex 33.0865 -23.5922 6
      vertex 37.4929 -25.093 6
      vertex 37.0267 -26.3958 6
    endloop
  endfacet
  facet normal 0 0 -1
    outer loop
      vertex 33.7694 21.3411 6
      vertex 38.1 21 6
      vertex 33.9422 20.1762 6
    endloop
  endfacet
  facet normal 0 0 -1
    outer loop
      vertex 32.5831 -24.6568 6
      vertex 37.0267 -26.3958 6
      vertex 36.4351 -27.6467 6
    endloop
  endfacet
  facet normal 0 0 -1
    outer loop
      vertex 38.1 21 6
      vertex 33.7694 21.3411 6
      vertex 38.0321 22.382 6
    endloop
  endfacet
  facet normal 0 0 -1
    outer loop
      vertex 31.9776 -25.6668 6
      vertex 36.4351 -27.6467 6
      vertex 35.7237 -28.8335 6
    endloop
  endfacet
  facet normal 0 0 -1
    outer loop
      vertex 33.4833 22.4834 6
      vertex 38.0321 22.382 6
      vertex 33.7694 21.3411 6
    endloop
  endfacet
  facet normal 0 0 -1
    outer loop
      vertex 31.2761 -26.6127 6
      vertex 35.7237 -28.8335 6
      vertex 34.8994 -29.9449 6
    endloop
  endfacet
  facet normal 0 0 -1
    outer loop
      vertex 38.0321 22.382 6
      vertex 33.4833 22.4834 6
      vertex 37.8291 23.7508 6
    endloop
  endfacet
  facet normal 0 0 -1
    outer loop
      vertex 33.0865 23.5922 6
      vertex 37.8291 23.7508 6
      vertex 33.4833 22.4834 6
    endloop
  endfacet
  facet normal 0 0 -1
    outer loop
      vertex 30.4853 -27.4853 6
      vertex 34.8994 -29.9449 6
      vertex 33.9702 -30.9702 6
    endloop
  endfacet
  facet normal 0 0 -1
    outer loop
      vertex 38.1 -21 6
      vertex 33.9422 -20.1762 6
      vertex 34 -19 6
    endloop
  endfacet
  facet normal -0 0 -1
    outer loop
      vertex 38.1 -21 6
      vertex 33.7694 -21.3411 6
      vertex 33.9422 -20.1762 6
    endloop
  endfacet
  facet normal -0 0 -1
    outer loop
      vertex 38.0321 -22.382 6
      vertex 33.4833 -22.4834 6
      vertex 33.7694 -21.3411 6
    endloop
  endfacet
  facet normal 0 0 -1
    outer loop
      vertex 37.8291 -23.7508 6
      vertex 33.0865 -23.5922 6
      vertex 33.4833 -22.4834 6
    endloop
  endfacet
  facet normal 0 0 -1
    outer loop
      vertex 30.4853 -27.4853 6
      vertex 33.9702 -30.9702 6
      vertex 32.9449 -31.8994 6
    endloop
  endfacet
  facet normal 0 0 -1
    outer loop
      vertex 37.0267 -26.3958 6
      vertex 32.5831 -24.6568 6
      vertex 33.0865 -23.5922 6
    endloop
  endfacet
  facet normal 0 0 -1
    outer loop
      vertex 36.4351 -27.6467 6
      vertex 31.9776 -25.6668 6
      vertex 32.5831 -24.6568 6
    endloop
  endfacet
  facet normal 0 0 -1
    outer loop
      vertex 29.6127 -28.2761 6
      vertex 32.9449 -31.8994 6
      vertex 31.8335 -32.7237 6
    endloop
  endfacet
  facet normal 0 0 -1
    outer loop
      vertex 35.7237 -28.8335 6
      vertex 31.2761 -26.6127 6
      vertex 31.9776 -25.6668 6
    endloop
  endfacet
  facet normal 0 0 -1
    outer loop
      vertex 28.6668 -28.9776 6
      vertex 31.8335 -32.7237 6
      vertex 30.6467 -33.4351 6
    endloop
  endfacet
  facet normal 0 0 -1
    outer loop
      vertex 34.8994 -29.9449 6
      vertex 30.4853 -27.4853 6
      vertex 31.2761 -26.6127 6
    endloop
  endfacet
  facet normal 0 0 -1
    outer loop
      vertex 32.9449 -31.8994 6
      vertex 29.6127 -28.2761 6
      vertex 30.4853 -27.4853 6
    endloop
  endfacet
  facet normal 0 0 -1
    outer loop
      vertex 27.6568 -29.5831 6
      vertex 30.6467 -33.4351 6
      vertex 29.3958 -34.0267 6
    endloop
  endfacet
  facet normal 0 0 -1
    outer loop
      vertex 31.8335 -32.7237 6
      vertex 28.6668 -28.9776 6
      vertex 29.6127 -28.2761 6
    endloop
  endfacet
  facet normal 0 0 -1
    outer loop
      vertex 26.5922 -30.0865 6
      vertex 29.3958 -34.0267 6
      vertex 28.093 -34.4929 6
    endloop
  endfacet
  facet normal 0 0 -1
    outer loop
      vertex 30.6467 -33.4351 6
      vertex 27.6568 -29.5831 6
      vertex 28.6668 -28.9776 6
    endloop
  endfacet
  facet normal 0 0 -1
    outer loop
      vertex 26.5922 -30.0865 6
      vertex 28.093 -34.4929 6
      vertex 26.7508 -34.8291 6
    endloop
  endfacet
  facet normal 0 0 -1
    outer loop
      vertex 29.3958 -34.0267 6
      vertex 26.5922 -30.0865 6
      vertex 27.6568 -29.5831 6
    endloop
  endfacet
  facet normal 0 0 -1
    outer loop
      vertex 26.7508 -34.8291 6
      vertex 25.4834 -30.4833 6
      vertex 26.5922 -30.0865 6
    endloop
  endfacet
  facet normal 0 0 -1
    outer loop
      vertex 25.382 -35.0321 6
      vertex 25.4834 -30.4833 6
      vertex 26.7508 -34.8291 6
    endloop
  endfacet
  facet normal 0 0 -1
    outer loop
      vertex 25.382 -35.0321 6
      vertex 24.3411 -30.7694 6
      vertex 25.4834 -30.4833 6
    endloop
  endfacet
  facet normal 0 0 -1
    outer loop
      vertex 24 -35.1 6
      vertex 24.3411 -30.7694 6
      vertex 25.382 -35.0321 6
    endloop
  endfacet
  facet normal 0 0 -1
    outer loop
      vertex 24 -35.1 6
      vertex 23.1762 -30.9422 6
      vertex 24.3411 -30.7694 6
    endloop
  endfacet
  facet normal 0 0 -1
    outer loop
      vertex 24 -35.1 6
      vertex 22 -31 6
      vertex 23.1762 -30.9422 6
    endloop
  endfacet
  facet normal 0 0 -1
    outer loop
      vertex 24 -35.1 6
      vertex -22 -31 6
      vertex 22 -31 6
    endloop
  endfacet
  facet normal 0 0 -1
    outer loop
      vertex -24 -35.1 6
      vertex -22 -31 6
      vertex 24 -35.1 6
    endloop
  endfacet
  facet normal -0 0 -1
    outer loop
      vertex -22 -31 6
      vertex -24 -35.1 6
      vertex -23.1762 -30.9422 6
    endloop
  endfacet
  facet normal 0 0 -1
    outer loop
      vertex -24 -35.1 6
      vertex -24.3411 -30.7694 6
      vertex -23.1762 -30.9422 6
    endloop
  endfacet
  facet normal 0 0 -1
    outer loop
      vertex -25.382 -35.0321 6
      vertex -24.3411 -30.7694 6
      vertex -24 -35.1 6
    endloop
  endfacet
  facet normal 0 0 -1
    outer loop
      vertex -25.382 -35.0321 6
      vertex -25.4834 -30.4833 6
      vertex -24.3411 -30.7694 6
    endloop
  endfacet
  facet normal 0 0 -1
    outer loop
      vertex -26.7508 -34.8291 6
      vertex -25.4834 -30.4833 6
      vertex -25.382 -35.0321 6
    endloop
  endfacet
  facet normal -0 0 -1
    outer loop
      vertex -25.4834 -30.4833 6
      vertex -26.7508 -34.8291 6
      vertex -26.5922 -30.0865 6
    endloop
  endfacet
  facet normal 0 0 -1
    outer loop
      vertex -28.093 -34.4929 6
      vertex -26.5922 -30.0865 6
      vertex -26.7508 -34.8291 6
    endloop
  endfacet
  facet normal 0 0 -1
    outer loop
      vertex -29.3958 -34.0267 6
      vertex -26.5922 -30.0865 6
      vertex -28.093 -34.4929 6
    endloop
  endfacet
  facet normal -0 0 -1
    outer loop
      vertex -26.5922 -30.0865 6
      vertex -29.3958 -34.0267 6
      vertex -27.6568 -29.5831 6
    endloop
  endfacet
  facet normal 0 0 -1
    outer loop
      vertex -30.6467 -33.4351 6
      vertex -27.6568 -29.5831 6
      vertex -29.3958 -34.0267 6
    endloop
  endfacet
  facet normal -0 0 -1
    outer loop
      vertex -27.6568 -29.5831 6
      vertex -30.6467 -33.4351 6
      vertex -28.6668 -28.9776 6
    endloop
  endfacet
  facet normal 0 0 -1
    outer loop
      vertex -31.8335 -32.7237 6
      vertex -28.6668 -28.9776 6
      vertex -30.6467 -33.4351 6
    endloop
  endfacet
  facet normal -0 0 -1
    outer loop
      vertex -28.6668 -28.9776 6
      vertex -31.8335 -32.7237 6
      vertex -29.6127 -28.2761 6
    endloop
  endfacet
  facet normal 0 0 -1
    outer loop
      vertex -32.9449 -31.8994 6
      vertex -29.6127 -28.2761 6
      vertex -31.8335 -32.7237 6
    endloop
  endfacet
  facet normal -0 0 -1
    outer loop
      vertex -29.6127 -28.2761 6
      vertex -32.9449 -31.8994 6
      vertex -30.4853 -27.4853 6
    endloop
  endfacet
  facet normal 0 0 -1
    outer loop
      vertex -33.9702 -30.9702 6
      vertex -30.4853 -27.4853 6
      vertex -32.9449 -31.8994 6
    endloop
  endfacet
  facet normal 0 0 -1
    outer loop
      vertex -34.8994 -29.9449 6
      vertex -30.4853 -27.4853 6
      vertex -33.9702 -30.9702 6
    endloop
  endfacet
  facet normal -0 0 -1
    outer loop
      vertex -30.4853 -27.4853 6
      vertex -34.8994 -29.9449 6
      vertex -31.2761 -26.6127 6
    endloop
  endfacet
  facet normal 0 0 -1
    outer loop
      vertex -35.7237 -28.8335 6
      vertex -31.2761 -26.6127 6
      vertex -34.8994 -29.9449 6
    endloop
  endfacet
  facet normal -0 0 -1
    outer loop
      vertex -31.2761 -26.6127 6
      vertex -35.7237 -28.8335 6
      vertex -31.9776 -25.6668 6
    endloop
  endfacet
  facet normal 0 0 -1
    outer loop
      vertex -36.4351 -27.6467 6
      vertex -31.9776 -25.6668 6
      vertex -35.7237 -28.8335 6
    endloop
  endfacet
  facet normal -0 0 -1
    outer loop
      vertex -31.9776 -25.6668 6
      vertex -36.4351 -27.6467 6
      vertex -32.5831 -24.6568 6
    endloop
  endfacet
  facet normal 0 0 -1
    outer loop
      vertex -37.0267 -26.3958 6
      vertex -32.5831 -24.6568 6
      vertex -36.4351 -27.6467 6
    endloop
  endfacet
  facet normal -0 0 -1
    outer loop
      vertex -32.5831 -24.6568 6
      vertex -37.0267 -26.3958 6
      vertex -33.0865 -23.5922 6
    endloop
  endfacet
  facet normal 0 0 -1
    outer loop
      vertex -37.8291 -23.7508 6
      vertex -33.0865 -23.5922 6
      vertex -37.4929 -25.093 6
    endloop
  endfacet
  facet normal 0 0 -1
    outer loop
      vertex -37.4929 -25.093 6
      vertex -33.0865 -23.5922 6
      vertex -37.0267 -26.3958 6
    endloop
  endfacet
  facet normal -0 0 -1
    outer loop
      vertex 37.8291 23.7508 6
      vertex 33.0865 23.5922 6
      vertex 37.4929 25.093 6
    endloop
  endfacet
  facet normal -0 0 -1
    outer loop
      vertex 37.4929 25.093 6
      vertex 33.0865 23.5922 6
      vertex 37.0267 26.3958 6
    endloop
  endfacet
  facet normal 0 0 -1
    outer loop
      vertex 32.5831 24.6568 6
      vertex 37.0267 26.3958 6
      vertex 33.0865 23.5922 6
    endloop
  endfacet
  facet normal -0 0 -1
    outer loop
      vertex 37.0267 26.3958 6
      vertex 32.5831 24.6568 6
      vertex 36.4351 27.6467 6
    endloop
  endfacet
  facet normal 0 0 -1
    outer loop
      vertex 31.9776 25.6668 6
      vertex 36.4351 27.6467 6
      vertex 32.5831 24.6568 6
    endloop
  endfacet
  facet normal -0 0 -1
    outer loop
      vertex 36.4351 27.6467 6
      vertex 31.9776 25.6668 6
      vertex 35.7237 28.8335 6
    endloop
  endfacet
  facet normal 0 0 -1
    outer loop
      vertex 31.2761 26.6127 6
      vertex 35.7237 28.8335 6
      vertex 31.9776 25.6668 6
    endloop
  endfacet
  facet normal -0 0 -1
    outer loop
      vertex 35.7237 28.8335 6
      vertex 31.2761 26.6127 6
      vertex 34.8994 29.9449 6
    endloop
  endfacet
  facet normal 0 0 -1
    outer loop
      vertex 30.4853 27.4853 6
      vertex 34.8994 29.9449 6
      vertex 31.2761 26.6127 6
    endloop
  endfacet
  facet normal -0 0 -1
    outer loop
      vertex 34.8994 29.9449 6
      vertex 30.4853 27.4853 6
      vertex 33.9702 30.9702 6
    endloop
  endfacet
  facet normal -0 0 -1
    outer loop
      vertex 33.9702 30.9702 6
      vertex 30.4853 27.4853 6
      vertex 32.9449 31.8994 6
    endloop
  endfacet
  facet normal 0 0 -1
    outer loop
      vertex 29.6127 28.2761 6
      vertex 32.9449 31.8994 6
      vertex 30.4853 27.4853 6
    endloop
  endfacet
  facet normal -0 0 -1
    outer loop
      vertex 32.9449 31.8994 6
      vertex 29.6127 28.2761 6
      vertex 31.8335 32.7237 6
    endloop
  endfacet
  facet normal 0 0 -1
    outer loop
      vertex 28.6668 28.9776 6
      vertex 31.8335 32.7237 6
      vertex 29.6127 28.2761 6
    endloop
  endfacet
  facet normal -0 0 -1
    outer loop
      vertex 31.8335 32.7237 6
      vertex 28.6668 28.9776 6
      vertex 30.6467 33.4351 6
    endloop
  endfacet
  facet normal 0 0 -1
    outer loop
      vertex 27.6568 29.5831 6
      vertex 30.6467 33.4351 6
      vertex 28.6668 28.9776 6
    endloop
  endfacet
  facet normal -0 0 -1
    outer loop
      vertex 30.6467 33.4351 6
      vertex 27.6568 29.5831 6
      vertex 29.3958 34.0267 6
    endloop
  endfacet
  facet normal 0 0 -1
    outer loop
      vertex 26.5922 30.0865 6
      vertex 29.3958 34.0267 6
      vertex 27.6568 29.5831 6
    endloop
  endfacet
  facet normal -0 0 -1
    outer loop
      vertex 29.3958 34.0267 6
      vertex 26.5922 30.0865 6
      vertex 28.093 34.4929 6
    endloop
  endfacet
  facet normal -0 0 -1
    outer loop
      vertex 28.093 34.4929 6
      vertex 26.5922 30.0865 6
      vertex 26.7508 34.8291 6
    endloop
  endfacet
  facet normal 0 0 -1
    outer loop
      vertex 25.4834 30.4833 6
      vertex 26.7508 34.8291 6
      vertex 26.5922 30.0865 6
    endloop
  endfacet
  facet normal 0 0 -1
    outer loop
      vertex 25.4834 30.4833 6
      vertex 25.382 35.0321 6
      vertex 26.7508 34.8291 6
    endloop
  endfacet
  facet normal 0 0 -1
    outer loop
      vertex 24.3411 30.7694 6
      vertex 25.382 35.0321 6
      vertex 25.4834 30.4833 6
    endloop
  endfacet
  facet normal 0 0 -1
    outer loop
      vertex 24.3411 30.7694 6
      vertex 24 35.1 6
      vertex 25.382 35.0321 6
    endloop
  endfacet
  facet normal 0 0 -1
    outer loop
      vertex 23.1762 30.9422 6
      vertex 24 35.1 6
      vertex 24.3411 30.7694 6
    endloop
  endfacet
  facet normal 0 0 -1
    outer loop
      vertex 22 31 6
      vertex 24 35.1 6
      vertex 23.1762 30.9422 6
    endloop
  endfacet
  facet normal 0 0 -1
    outer loop
      vertex 4 35.1 6
      vertex 22 31 6
      vertex 4 31 6
    endloop
  endfacet
  facet normal 0 0 -1
    outer loop
      vertex 22 31 6
      vertex 4 35.1 6
      vertex 24 35.1 6
    endloop
  endfacet
  facet normal 0 0 -1
    outer loop
      vertex -22 31 6
      vertex -4 35.1 6
      vertex -4 31 6
    endloop
  endfacet
  facet normal 0 0 -1
    outer loop
      vertex -24 35.1 6
      vertex -22 31 6
      vertex -23.1762 30.9422 6
    endloop
  endfacet
  facet normal 0 0 -1
    outer loop
      vertex -22 31 6
      vertex -24 35.1 6
      vertex -4 35.1 6
    endloop
  endfacet
  facet normal 0 0 -1
    outer loop
      vertex -24.3411 30.7694 6
      vertex -24 35.1 6
      vertex -23.1762 30.9422 6
    endloop
  endfacet
  facet normal 0 0 -1
    outer loop
      vertex -24.3411 30.7694 6
      vertex -25.382 35.0321 6
      vertex -24 35.1 6
    endloop
  endfacet
  facet normal 0 0 -1
    outer loop
      vertex -25.4834 30.4833 6
      vertex -25.382 35.0321 6
      vertex -24.3411 30.7694 6
    endloop
  endfacet
  facet normal 0 0 -1
    outer loop
      vertex -26.7508 34.8291 6
      vertex -25.4834 30.4833 6
      vertex -26.5922 30.0865 6
    endloop
  endfacet
  facet normal 0 0 -1
    outer loop
      vertex -25.4834 30.4833 6
      vertex -26.7508 34.8291 6
      vertex -25.382 35.0321 6
    endloop
  endfacet
  facet normal 0 0 -1
    outer loop
      vertex -29.3958 34.0267 6
      vertex -26.5922 30.0865 6
      vertex -27.6568 29.5831 6
    endloop
  endfacet
  facet normal 0 0 -1
    outer loop
      vertex -26.5922 30.0865 6
      vertex -28.093 34.4929 6
      vertex -26.7508 34.8291 6
    endloop
  endfacet
  facet normal 0 0 -1
    outer loop
      vertex -30.6467 33.4351 6
      vertex -27.6568 29.5831 6
      vertex -28.6668 28.9776 6
    endloop
  endfacet
  facet normal 0 0 -1
    outer loop
      vertex -26.5922 30.0865 6
      vertex -29.3958 34.0267 6
      vertex -28.093 34.4929 6
    endloop
  endfacet
  facet normal 0 0 -1
    outer loop
      vertex -31.8335 32.7237 6
      vertex -28.6668 28.9776 6
      vertex -29.6127 28.2761 6
    endloop
  endfacet
  facet normal 0 0 -1
    outer loop
      vertex -32.9449 31.8994 6
      vertex -29.6127 28.2761 6
      vertex -30.4853 27.4853 6
    endloop
  endfacet
  facet normal 0 0 -1
    outer loop
      vertex -27.6568 29.5831 6
      vertex -30.6467 33.4351 6
      vertex -29.3958 34.0267 6
    endloop
  endfacet
  facet normal 0 0 -1
    outer loop
      vertex -34.8994 29.9449 6
      vertex -30.4853 27.4853 6
      vertex -31.2761 26.6127 6
    endloop
  endfacet
  facet normal 0 0 -1
    outer loop
      vertex -28.6668 28.9776 6
      vertex -31.8335 32.7237 6
      vertex -30.6467 33.4351 6
    endloop
  endfacet
  facet normal 0 0 -1
    outer loop
      vertex -35.7237 28.8335 6
      vertex -31.2761 26.6127 6
      vertex -31.9776 25.6668 6
    endloop
  endfacet
  facet normal 0 0 -1
    outer loop
      vertex -36.4351 27.6467 6
      vertex -31.9776 25.6668 6
      vertex -32.5831 24.6568 6
    endloop
  endfacet
  facet normal 0 0 -1
    outer loop
      vertex -29.6127 28.2761 6
      vertex -32.9449 31.8994 6
      vertex -31.8335 32.7237 6
    endloop
  endfacet
  facet normal 0 0 -1
    outer loop
      vertex -37.0267 26.3958 6
      vertex -32.5831 24.6568 6
      vertex -33.0865 23.5922 6
    endloop
  endfacet
  facet normal 0 0 -1
    outer loop
      vertex -37.8291 23.7508 6
      vertex -33.0865 23.5922 6
      vertex -33.4833 22.4834 6
    endloop
  endfacet
  facet normal 0 0 -1
    outer loop
      vertex -38.0321 22.382 6
      vertex -33.4833 22.4834 6
      vertex -33.7694 21.3411 6
    endloop
  endfacet
  facet normal 0 0 -1
    outer loop
      vertex -38.1 21 6
      vertex -33.7694 21.3411 6
      vertex -33.9422 20.1762 6
    endloop
  endfacet
  facet normal 0 0 -1
    outer loop
      vertex -30.4853 27.4853 6
      vertex -33.9702 30.9702 6
      vertex -32.9449 31.8994 6
    endloop
  endfacet
  facet normal 0 0 -1
    outer loop
      vertex -38.1 21 6
      vertex -33.9422 20.1762 6
      vertex -34 19 6
    endloop
  endfacet
  facet normal -0 0 -1
    outer loop
      vertex -34 -19 6
      vertex -38.1 -21 6
      vertex -34 19 6
    endloop
  endfacet
  facet normal 0 0 -1
    outer loop
      vertex -38.1 21 6
      vertex -34 19 6
      vertex -38.1 -21 6
    endloop
  endfacet
  facet normal -0 0 -1
    outer loop
      vertex -33.0865 -23.5922 6
      vertex -37.8291 -23.7508 6
      vertex -33.4833 -22.4834 6
    endloop
  endfacet
  facet normal -0 0 -1
    outer loop
      vertex -33.7694 21.3411 6
      vertex -38.1 21 6
      vertex -38.0321 22.382 6
    endloop
  endfacet
  facet normal 0 0 -1
    outer loop
      vertex -38.0321 -22.382 6
      vertex -33.4833 -22.4834 6
      vertex -37.8291 -23.7508 6
    endloop
  endfacet
  facet normal 0 0 -1
    outer loop
      vertex -30.4853 27.4853 6
      vertex -34.8994 29.9449 6
      vertex -33.9702 30.9702 6
    endloop
  endfacet
  facet normal 0 0 -1
    outer loop
      vertex -33.4833 -22.4834 6
      vertex -38.0321 -22.382 6
      vertex -33.7694 -21.3411 6
    endloop
  endfacet
  facet normal 0 0 -1
    outer loop
      vertex -31.2761 26.6127 6
      vertex -35.7237 28.8335 6
      vertex -34.8994 29.9449 6
    endloop
  endfacet
  facet normal 0 0 -1
    outer loop
      vertex -38.1 -21 6
      vertex -33.7694 -21.3411 6
      vertex -38.0321 -22.382 6
    endloop
  endfacet
  facet normal 0 0 -1
    outer loop
      vertex -31.9776 25.6668 6
      vertex -36.4351 27.6467 6
      vertex -35.7237 28.8335 6
    endloop
  endfacet
  facet normal 0 0 -1
    outer loop
      vertex -33.7694 -21.3411 6
      vertex -38.1 -21 6
      vertex -33.9422 -20.1762 6
    endloop
  endfacet
  facet normal 0 0 -1
    outer loop
      vertex -32.5831 24.6568 6
      vertex -37.0267 26.3958 6
      vertex -36.4351 27.6467 6
    endloop
  endfacet
  facet normal -0 0 -1
    outer loop
      vertex -33.9422 -20.1762 6
      vertex -38.1 -21 6
      vertex -34 -19 6
    endloop
  endfacet
  facet normal 0 0 -1
    outer loop
      vertex -33.0865 23.5922 6
      vertex -37.4929 25.093 6
      vertex -37.0267 26.3958 6
    endloop
  endfacet
  facet normal 0 0 -1
    outer loop
      vertex -33.0865 23.5922 6
      vertex -37.8291 23.7508 6
      vertex -37.4929 25.093 6
    endloop
  endfacet
  facet normal -0 0 -1
    outer loop
      vertex -33.4833 22.4834 6
      vertex -38.0321 22.382 6
      vertex -37.8291 23.7508 6
    endloop
  endfacet
  facet normal 0.923825 0.382815 0
    outer loop
      vertex -18.4722 7.15 8
      vertex -18.6421 7.56001 3
      vertex -18.6421 7.56001 8
    endloop
  endfacet
  facet normal 0.923825 0.382815 0
    outer loop
      vertex -18.6421 7.56001 3
      vertex -18.4722 7.15 8
      vertex -18.4722 7.15 3
    endloop
  endfacet
  facet normal -0.923825 -0.382815 0
    outer loop
      vertex -15.3579 8.43999 3
      vertex -15.5278 8.85 8
      vertex -15.5278 8.85 3
    endloop
  endfacet
  facet normal -0.923825 -0.382815 0
    outer loop
      vertex -15.5278 8.85 8
      vertex -15.3579 8.43999 3
      vertex -15.3579 8.43999 8
    endloop
  endfacet
  facet normal -0.991452 -0.130469 0
    outer loop
      vertex -15.3 8 3
      vertex -15.3579 8.43999 8
      vertex -15.3579 8.43999 3
    endloop
  endfacet
  facet normal -0.991452 -0.130469 0
    outer loop
      vertex -15.3579 8.43999 8
      vertex -15.3 8 3
      vertex -15.3 8 8
    endloop
  endfacet
  facet normal -0.793419 -0.608676 0
    outer loop
      vertex -15.5278 8.85 3
      vertex -15.7979 9.20208 8
      vertex -15.7979 9.20208 3
    endloop
  endfacet
  facet normal -0.793419 -0.608676 0
    outer loop
      vertex -15.7979 9.20208 8
      vertex -15.5278 8.85 3
      vertex -15.5278 8.85 8
    endloop
  endfacet
  facet normal -0.608739 -0.793371 0
    outer loop
      vertex -16.15 9.47224 3
      vertex -15.7979 9.20208 8
      vertex -16.15 9.47224 8
    endloop
  endfacet
  facet normal -0.608739 -0.793371 -0
    outer loop
      vertex -15.7979 9.20208 8
      vertex -16.15 9.47224 3
      vertex -15.7979 9.20208 3
    endloop
  endfacet
  facet normal -0.130533 -0.991444 0
    outer loop
      vertex -17 9.7 3
      vertex -16.56 9.64207 8
      vertex -17 9.7 8
    endloop
  endfacet
  facet normal -0.130533 -0.991444 -0
    outer loop
      vertex -16.56 9.64207 8
      vertex -17 9.7 3
      vertex -16.56 9.64207 3
    endloop
  endfacet
  facet normal 0.991452 -0.130469 0
    outer loop
      vertex -18.7 8 8
      vertex -18.6421 8.43999 3
      vertex -18.6421 8.43999 8
    endloop
  endfacet
  facet normal 0.991452 -0.130469 0
    outer loop
      vertex -18.6421 8.43999 3
      vertex -18.7 8 8
      vertex -18.7 8 3
    endloop
  endfacet
  facet normal 0.382688 0.923878 -0
    outer loop
      vertex -17.44 6.35793 3
      vertex -17.85 6.52776 8
      vertex -17.44 6.35793 8
    endloop
  endfacet
  facet normal 0.382688 0.923878 0
    outer loop
      vertex -17.85 6.52776 8
      vertex -17.44 6.35793 3
      vertex -17.85 6.52776 3
    endloop
  endfacet
  facet normal -0.382688 0.923878 0
    outer loop
      vertex -16.15 6.52776 3
      vertex -16.56 6.35793 8
      vertex -16.15 6.52776 8
    endloop
  endfacet
  facet normal -0.382688 0.923878 0
    outer loop
      vertex -16.56 6.35793 8
      vertex -16.15 6.52776 3
      vertex -16.56 6.35793 3
    endloop
  endfacet
  facet normal 0.382688 -0.923878 0
    outer loop
      vertex -17.85 9.47224 3
      vertex -17.44 9.64207 8
      vertex -17.85 9.47224 8
    endloop
  endfacet
  facet normal 0.382688 -0.923878 0
    outer loop
      vertex -17.44 9.64207 8
      vertex -17.85 9.47224 3
      vertex -17.44 9.64207 3
    endloop
  endfacet
  facet normal 0.793419 -0.608676 0
    outer loop
      vertex -18.4722 8.85 8
      vertex -18.2021 9.20208 3
      vertex -18.2021 9.20208 8
    endloop
  endfacet
  facet normal 0.793419 -0.608676 0
    outer loop
      vertex -18.2021 9.20208 3
      vertex -18.4722 8.85 8
      vertex -18.4722 8.85 3
    endloop
  endfacet
  facet normal 0.608739 -0.793371 0
    outer loop
      vertex -18.2021 9.20208 3
      vertex -17.85 9.47224 8
      vertex -18.2021 9.20208 8
    endloop
  endfacet
  facet normal 0.608739 -0.793371 0
    outer loop
      vertex -17.85 9.47224 8
      vertex -18.2021 9.20208 3
      vertex -17.85 9.47224 3
    endloop
  endfacet
  facet normal -0.991452 0.130469 0
    outer loop
      vertex -15.3579 7.56001 3
      vertex -15.3 8 8
      vertex -15.3 8 3
    endloop
  endfacet
  facet normal -0.991452 0.130469 0
    outer loop
      vertex -15.3 8 8
      vertex -15.3579 7.56001 3
      vertex -15.3579 7.56001 8
    endloop
  endfacet
  facet normal -0.382688 -0.923878 0
    outer loop
      vertex -16.56 9.64207 3
      vertex -16.15 9.47224 8
      vertex -16.56 9.64207 8
    endloop
  endfacet
  facet normal -0.382688 -0.923878 -0
    outer loop
      vertex -16.15 9.47224 8
      vertex -16.56 9.64207 3
      vertex -16.15 9.47224 3
    endloop
  endfacet
  facet normal 0.130533 -0.991444 0
    outer loop
      vertex -17.44 9.64207 3
      vertex -17 9.7 8
      vertex -17.44 9.64207 8
    endloop
  endfacet
  facet normal 0.130533 -0.991444 0
    outer loop
      vertex -17 9.7 8
      vertex -17.44 9.64207 3
      vertex -17 9.7 3
    endloop
  endfacet
  facet normal -0.793419 0.608676 0
    outer loop
      vertex -15.7979 6.79792 3
      vertex -15.5278 7.15 8
      vertex -15.5278 7.15 3
    endloop
  endfacet
  facet normal -0.793419 0.608676 0
    outer loop
      vertex -15.5278 7.15 8
      vertex -15.7979 6.79792 3
      vertex -15.7979 6.79792 8
    endloop
  endfacet
  facet normal 0.923825 -0.382815 0
    outer loop
      vertex -18.6421 8.43999 8
      vertex -18.4722 8.85 3
      vertex -18.4722 8.85 8
    endloop
  endfacet
  facet normal 0.923825 -0.382815 0
    outer loop
      vertex -18.4722 8.85 3
      vertex -18.6421 8.43999 8
      vertex -18.6421 8.43999 3
    endloop
  endfacet
  facet normal -0.130533 0.991444 0
    outer loop
      vertex -16.56 6.35793 3
      vertex -17 6.3 8
      vertex -16.56 6.35793 8
    endloop
  endfacet
  facet normal -0.130533 0.991444 0
    outer loop
      vertex -17 6.3 8
      vertex -16.56 6.35793 3
      vertex -17 6.3 3
    endloop
  endfacet
  facet normal 0.608739 0.793371 -0
    outer loop
      vertex -17.85 6.52776 3
      vertex -18.2021 6.79792 8
      vertex -17.85 6.52776 8
    endloop
  endfacet
  facet normal 0.608739 0.793371 0
    outer loop
      vertex -18.2021 6.79792 8
      vertex -17.85 6.52776 3
      vertex -18.2021 6.79792 3
    endloop
  endfacet
  facet normal 0.991452 0.130469 0
    outer loop
      vertex -18.6421 7.56001 8
      vertex -18.7 8 3
      vertex -18.7 8 8
    endloop
  endfacet
  facet normal 0.991452 0.130469 0
    outer loop
      vertex -18.7 8 3
      vertex -18.6421 7.56001 8
      vertex -18.6421 7.56001 3
    endloop
  endfacet
  facet normal -0.608739 0.793371 0
    outer loop
      vertex -15.7979 6.79792 3
      vertex -16.15 6.52776 8
      vertex -15.7979 6.79792 8
    endloop
  endfacet
  facet normal -0.608739 0.793371 0
    outer loop
      vertex -16.15 6.52776 8
      vertex -15.7979 6.79792 3
      vertex -16.15 6.52776 3
    endloop
  endfacet
  facet normal 0.793419 0.608676 0
    outer loop
      vertex -18.2021 6.79792 8
      vertex -18.4722 7.15 3
      vertex -18.4722 7.15 8
    endloop
  endfacet
  facet normal 0.793419 0.608676 0
    outer loop
      vertex -18.4722 7.15 3
      vertex -18.2021 6.79792 8
      vertex -18.2021 6.79792 3
    endloop
  endfacet
  facet normal -0.923825 0.382815 0
    outer loop
      vertex -15.5278 7.15 3
      vertex -15.3579 7.56001 8
      vertex -15.3579 7.56001 3
    endloop
  endfacet
  facet normal -0.923825 0.382815 0
    outer loop
      vertex -15.3579 7.56001 8
      vertex -15.5278 7.15 3
      vertex -15.5278 7.15 8
    endloop
  endfacet
  facet normal 0.130533 0.991444 -0
    outer loop
      vertex -17 6.3 3
      vertex -17.44 6.35793 8
      vertex -17 6.3 8
    endloop
  endfacet
  facet normal 0.130533 0.991444 0
    outer loop
      vertex -17.44 6.35793 8
      vertex -17 6.3 3
      vertex -17.44 6.35793 3
    endloop
  endfacet
  facet normal 0.995179 -0.0980732 0
    outer loop
      vertex -20.1 8 3
      vertex -20.0404 8.60478 0
      vertex -20.0404 8.60478 3
    endloop
  endfacet
  facet normal 0.995179 -0.0980732 0
    outer loop
      vertex -20.0404 8.60478 0
      vertex -20.1 8 3
      vertex -20.1 8 0
    endloop
  endfacet
  facet normal -0.956944 -0.290272 0
    outer loop
      vertex -13.9596 8.60478 0
      vertex -14.136 9.18632 3
      vertex -14.136 9.18632 0
    endloop
  endfacet
  facet normal -0.956944 -0.290272 0
    outer loop
      vertex -14.136 9.18632 3
      vertex -13.9596 8.60478 0
      vertex -13.9596 8.60478 3
    endloop
  endfacet
  facet normal -0.995179 -0.0980732 0
    outer loop
      vertex -13.9 8 0
      vertex -13.9596 8.60478 3
      vertex -13.9596 8.60478 0
    endloop
  endfacet
  facet normal -0.995179 -0.0980732 0
    outer loop
      vertex -13.9596 8.60478 3
      vertex -13.9 8 0
      vertex -13.9 8 3
    endloop
  endfacet
  facet normal -0.88197 0.471306 0
    outer loop
      vertex -14.4224 6.27773 0
      vertex -14.136 6.81368 3
      vertex -14.136 6.81368 0
    endloop
  endfacet
  facet normal -0.88197 0.471306 0
    outer loop
      vertex -14.136 6.81368 3
      vertex -14.4224 6.27773 0
      vertex -14.4224 6.27773 3
    endloop
  endfacet
  facet normal -0.290291 0.956939 0
    outer loop
      vertex -15.8137 5.13597 0
      vertex -16.3952 4.95957 3
      vertex -15.8137 5.13597 3
    endloop
  endfacet
  facet normal -0.290291 0.956939 0
    outer loop
      vertex -16.3952 4.95957 3
      vertex -15.8137 5.13597 0
      vertex -16.3952 4.95957 0
    endloop
  endfacet
  facet normal -0.471271 -0.881988 0
    outer loop
      vertex -15.8137 10.864 0
      vertex -15.2777 10.5776 3
      vertex -15.8137 10.864 3
    endloop
  endfacet
  facet normal -0.471271 -0.881988 -0
    outer loop
      vertex -15.2777 10.5776 3
      vertex -15.8137 10.864 0
      vertex -15.2777 10.5776 0
    endloop
  endfacet
  facet normal 0.63445 0.772964 -0
    outer loop
      vertex -18.7223 5.42244 0
      vertex -19.192 5.80797 3
      vertex -18.7223 5.42244 3
    endloop
  endfacet
  facet normal 0.63445 0.772964 0
    outer loop
      vertex -19.192 5.80797 3
      vertex -18.7223 5.42244 0
      vertex -19.192 5.80797 0
    endloop
  endfacet
  facet normal -0.0980699 -0.99518 0
    outer loop
      vertex -17 11.1 0
      vertex -16.3952 11.0404 3
      vertex -17 11.1 3
    endloop
  endfacet
  facet normal -0.0980699 -0.99518 -0
    outer loop
      vertex -16.3952 11.0404 3
      vertex -17 11.1 0
      vertex -16.3952 11.0404 0
    endloop
  endfacet
  facet normal 0.471271 -0.881988 0
    outer loop
      vertex -18.7223 10.5776 0
      vertex -18.1863 10.864 3
      vertex -18.7223 10.5776 3
    endloop
  endfacet
  facet normal 0.471271 -0.881988 0
    outer loop
      vertex -18.1863 10.864 3
      vertex -18.7223 10.5776 0
      vertex -18.1863 10.864 0
    endloop
  endfacet
  facet normal -0.290291 -0.956939 0
    outer loop
      vertex -16.3952 11.0404 0
      vertex -15.8137 10.864 3
      vertex -16.3952 11.0404 3
    endloop
  endfacet
  facet normal -0.290291 -0.956939 -0
    outer loop
      vertex -15.8137 10.864 3
      vertex -16.3952 11.0404 0
      vertex -15.8137 10.864 0
    endloop
  endfacet
  facet normal 0.956944 0.290272 0
    outer loop
      vertex -19.864 6.81368 3
      vertex -20.0404 7.39522 0
      vertex -20.0404 7.39522 3
    endloop
  endfacet
  facet normal 0.956944 0.290272 0
    outer loop
      vertex -20.0404 7.39522 0
      vertex -19.864 6.81368 3
      vertex -19.864 6.81368 0
    endloop
  endfacet
  facet normal -0.772928 -0.634494 0
    outer loop
      vertex -14.4224 9.72227 0
      vertex -14.808 10.192 3
      vertex -14.808 10.192 0
    endloop
  endfacet
  facet normal -0.772928 -0.634494 0
    outer loop
      vertex -14.808 10.192 3
      vertex -14.4224 9.72227 0
      vertex -14.4224 9.72227 3
    endloop
  endfacet
  facet normal -0.956944 0.290272 0
    outer loop
      vertex -14.136 6.81368 0
      vertex -13.9596 7.39522 3
      vertex -13.9596 7.39522 0
    endloop
  endfacet
  facet normal -0.956944 0.290272 0
    outer loop
      vertex -13.9596 7.39522 3
      vertex -14.136 6.81368 0
      vertex -14.136 6.81368 3
    endloop
  endfacet
  facet normal 0.634518 -0.772908 0
    outer loop
      vertex -19.192 10.192 0
      vertex -18.7223 10.5776 3
      vertex -19.192 10.192 3
    endloop
  endfacet
  facet normal 0.634518 -0.772908 0
    outer loop
      vertex -18.7223 10.5776 3
      vertex -19.192 10.192 0
      vertex -18.7223 10.5776 0
    endloop
  endfacet
  facet normal 0.88197 0.471306 0
    outer loop
      vertex -19.5776 6.27773 3
      vertex -19.864 6.81368 0
      vertex -19.864 6.81368 3
    endloop
  endfacet
  facet normal 0.88197 0.471306 0
    outer loop
      vertex -19.864 6.81368 0
      vertex -19.5776 6.27773 3
      vertex -19.5776 6.27773 0
    endloop
  endfacet
  facet normal 0.290291 -0.956939 0
    outer loop
      vertex -18.1863 10.864 0
      vertex -17.6048 11.0404 3
      vertex -18.1863 10.864 3
    endloop
  endfacet
  facet normal 0.290291 -0.956939 0
    outer loop
      vertex -17.6048 11.0404 3
      vertex -18.1863 10.864 0
      vertex -17.6048 11.0404 0
    endloop
  endfacet
  facet normal 0 0 -1
    outer loop
      vertex -15.3 8 3
      vertex -13.9 8 3
      vertex -13.9596 7.39522 3
    endloop
  endfacet
  facet normal 0 0 -1
    outer loop
      vertex -15.3579 7.56001 3
      vertex -13.9596 7.39522 3
      vertex -14.136 6.81368 3
    endloop
  endfacet
  facet normal 0 0 -1
    outer loop
      vertex -13.9 8 3
      vertex -15.3 8 3
      vertex -13.9596 8.60478 3
    endloop
  endfacet
  facet normal 0 0 -1
    outer loop
      vertex -15.5278 7.15 3
      vertex -14.136 6.81368 3
      vertex -14.4224 6.27773 3
    endloop
  endfacet
  facet normal 0 0 -1
    outer loop
      vertex -15.3579 8.43999 3
      vertex -13.9596 8.60478 3
      vertex -15.3 8 3
    endloop
  endfacet
  facet normal 0 0 -1
    outer loop
      vertex -15.7979 6.79792 3
      vertex -14.4224 6.27773 3
      vertex -14.808 5.80797 3
    endloop
  endfacet
  facet normal -0 0 -1
    outer loop
      vertex -13.9596 8.60478 3
      vertex -15.3579 8.43999 3
      vertex -14.136 9.18632 3
    endloop
  endfacet
  facet normal 0 0 -1
    outer loop
      vertex -15.7979 6.79792 3
      vertex -14.808 5.80797 3
      vertex -15.2777 5.42244 3
    endloop
  endfacet
  facet normal 0 0 -1
    outer loop
      vertex -15.5278 8.85 3
      vertex -14.136 9.18632 3
      vertex -15.3579 8.43999 3
    endloop
  endfacet
  facet normal -0 0 -1
    outer loop
      vertex -14.136 9.18632 3
      vertex -15.5278 8.85 3
      vertex -14.4224 9.72227 3
    endloop
  endfacet
  facet normal 0 0 -1
    outer loop
      vertex -13.9596 7.39522 3
      vertex -15.3579 7.56001 3
      vertex -15.3 8 3
    endloop
  endfacet
  facet normal 0 0 -1
    outer loop
      vertex -14.136 6.81368 3
      vertex -15.5278 7.15 3
      vertex -15.3579 7.56001 3
    endloop
  endfacet
  facet normal 0 0 -1
    outer loop
      vertex -14.4224 6.27773 3
      vertex -15.7979 6.79792 3
      vertex -15.5278 7.15 3
    endloop
  endfacet
  facet normal 0 0 -1
    outer loop
      vertex -16.15 6.52776 3
      vertex -15.2777 5.42244 3
      vertex -15.8137 5.13597 3
    endloop
  endfacet
  facet normal 0 0 -1
    outer loop
      vertex -15.2777 5.42244 3
      vertex -16.15 6.52776 3
      vertex -15.7979 6.79792 3
    endloop
  endfacet
  facet normal 0 0 -1
    outer loop
      vertex -16.56 6.35793 3
      vertex -15.8137 5.13597 3
      vertex -16.3952 4.95957 3
    endloop
  endfacet
  facet normal 0 0 -1
    outer loop
      vertex -15.8137 5.13597 3
      vertex -16.56 6.35793 3
      vertex -16.15 6.52776 3
    endloop
  endfacet
  facet normal 0 0 -1
    outer loop
      vertex -17 6.3 3
      vertex -16.3952 4.95957 3
      vertex -17 4.9 3
    endloop
  endfacet
  facet normal 0 0 -1
    outer loop
      vertex -16.3952 4.95957 3
      vertex -17 6.3 3
      vertex -16.56 6.35793 3
    endloop
  endfacet
  facet normal 0 0 -1
    outer loop
      vertex -17.6048 4.95957 3
      vertex -17 6.3 3
      vertex -17 4.9 3
    endloop
  endfacet
  facet normal -0 0 -1
    outer loop
      vertex -17 6.3 3
      vertex -17.6048 4.95957 3
      vertex -17.44 6.35793 3
    endloop
  endfacet
  facet normal 0 0 -1
    outer loop
      vertex -18.1863 5.13597 3
      vertex -17.44 6.35793 3
      vertex -17.6048 4.95957 3
    endloop
  endfacet
  facet normal -0 0 -1
    outer loop
      vertex -17.44 6.35793 3
      vertex -18.1863 5.13597 3
      vertex -17.85 6.52776 3
    endloop
  endfacet
  facet normal 0 0 -1
    outer loop
      vertex -18.7223 5.42244 3
      vertex -17.85 6.52776 3
      vertex -18.1863 5.13597 3
    endloop
  endfacet
  facet normal -0 0 -1
    outer loop
      vertex -17.85 6.52776 3
      vertex -18.7223 5.42244 3
      vertex -18.2021 6.79792 3
    endloop
  endfacet
  facet normal 0 0 -1
    outer loop
      vertex -19.192 5.80797 3
      vertex -18.2021 6.79792 3
      vertex -18.7223 5.42244 3
    endloop
  endfacet
  facet normal -0 0 -1
    outer loop
      vertex -18.2021 6.79792 3
      vertex -19.5776 6.27773 3
      vertex -18.4722 7.15 3
    endloop
  endfacet
  facet normal 0 0 -1
    outer loop
      vertex -19.5776 6.27773 3
      vertex -18.2021 6.79792 3
      vertex -19.192 5.80797 3
    endloop
  endfacet
  facet normal 0 0 -1
    outer loop
      vertex -15.7979 9.20208 3
      vertex -14.4224 9.72227 3
      vertex -15.5278 8.85 3
    endloop
  endfacet
  facet normal -0 0 -1
    outer loop
      vertex -14.4224 9.72227 3
      vertex -15.7979 9.20208 3
      vertex -14.808 10.192 3
    endloop
  endfacet
  facet normal -0 0 -1
    outer loop
      vertex -14.808 10.192 3
      vertex -15.7979 9.20208 3
      vertex -15.2777 10.5776 3
    endloop
  endfacet
  facet normal 0 0 -1
    outer loop
      vertex -16.15 9.47224 3
      vertex -15.2777 10.5776 3
      vertex -15.7979 9.20208 3
    endloop
  endfacet
  facet normal -0 0 -1
    outer loop
      vertex -15.2777 10.5776 3
      vertex -16.15 9.47224 3
      vertex -15.8137 10.864 3
    endloop
  endfacet
  facet normal 0 0 -1
    outer loop
      vertex -16.56 9.64207 3
      vertex -15.8137 10.864 3
      vertex -16.15 9.47224 3
    endloop
  endfacet
  facet normal -0 0 -1
    outer loop
      vertex -15.8137 10.864 3
      vertex -16.56 9.64207 3
      vertex -16.3952 11.0404 3
    endloop
  endfacet
  facet normal 0 0 -1
    outer loop
      vertex -17 9.7 3
      vertex -16.3952 11.0404 3
      vertex -16.56 9.64207 3
    endloop
  endfacet
  facet normal 0 0 -1
    outer loop
      vertex -17 9.7 3
      vertex -17 11.1 3
      vertex -16.3952 11.0404 3
    endloop
  endfacet
  facet normal 0 0 -1
    outer loop
      vertex -17.6048 11.0404 3
      vertex -17 9.7 3
      vertex -17.44 9.64207 3
    endloop
  endfacet
  facet normal 0 0 -1
    outer loop
      vertex -17 9.7 3
      vertex -17.6048 11.0404 3
      vertex -17 11.1 3
    endloop
  endfacet
  facet normal 0 0 -1
    outer loop
      vertex -18.1863 10.864 3
      vertex -17.44 9.64207 3
      vertex -17.85 9.47224 3
    endloop
  endfacet
  facet normal 0 0 -1
    outer loop
      vertex -17.44 9.64207 3
      vertex -18.1863 10.864 3
      vertex -17.6048 11.0404 3
    endloop
  endfacet
  facet normal 0 0 -1
    outer loop
      vertex -18.7223 10.5776 3
      vertex -17.85 9.47224 3
      vertex -18.2021 9.20208 3
    endloop
  endfacet
  facet normal 0 0 -1
    outer loop
      vertex -19.5776 9.72227 3
      vertex -18.2021 9.20208 3
      vertex -18.4722 8.85 3
    endloop
  endfacet
  facet normal 0 0 -1
    outer loop
      vertex -19.864 9.18632 3
      vertex -18.4722 8.85 3
      vertex -18.6421 8.43999 3
    endloop
  endfacet
  facet normal 0 0 -1
    outer loop
      vertex -17.85 9.47224 3
      vertex -18.7223 10.5776 3
      vertex -18.1863 10.864 3
    endloop
  endfacet
  facet normal 0 0 -1
    outer loop
      vertex -20.0404 8.60478 3
      vertex -18.6421 8.43999 3
      vertex -18.7 8 3
    endloop
  endfacet
  facet normal 0 0 -1
    outer loop
      vertex -19.864 6.81368 3
      vertex -18.4722 7.15 3
      vertex -19.5776 6.27773 3
    endloop
  endfacet
  facet normal -0 0 -1
    outer loop
      vertex -18.4722 7.15 3
      vertex -19.864 6.81368 3
      vertex -18.6421 7.56001 3
    endloop
  endfacet
  facet normal 0 0 -1
    outer loop
      vertex -18.2021 9.20208 3
      vertex -19.192 10.192 3
      vertex -18.7223 10.5776 3
    endloop
  endfacet
  facet normal 0 0 -1
    outer loop
      vertex -20.0404 7.39522 3
      vertex -18.6421 7.56001 3
      vertex -19.864 6.81368 3
    endloop
  endfacet
  facet normal 0 0 -1
    outer loop
      vertex -18.2021 9.20208 3
      vertex -19.5776 9.72227 3
      vertex -19.192 10.192 3
    endloop
  endfacet
  facet normal -0 0 -1
    outer loop
      vertex -18.6421 7.56001 3
      vertex -20.0404 7.39522 3
      vertex -18.7 8 3
    endloop
  endfacet
  facet normal 0 0 -1
    outer loop
      vertex -18.4722 8.85 3
      vertex -19.864 9.18632 3
      vertex -19.5776 9.72227 3
    endloop
  endfacet
  facet normal 0 0 -1
    outer loop
      vertex -20.1 8 3
      vertex -18.7 8 3
      vertex -20.0404 7.39522 3
    endloop
  endfacet
  facet normal 0 0 -1
    outer loop
      vertex -18.6421 8.43999 3
      vertex -20.0404 8.60478 3
      vertex -19.864 9.18632 3
    endloop
  endfacet
  facet normal 0 0 -1
    outer loop
      vertex -18.7 8 3
      vertex -20.1 8 3
      vertex -20.0404 8.60478 3
    endloop
  endfacet
  facet normal -0.634518 -0.772908 0
    outer loop
      vertex -15.2777 10.5776 0
      vertex -14.808 10.192 3
      vertex -15.2777 10.5776 3
    endloop
  endfacet
  facet normal -0.634518 -0.772908 -0
    outer loop
      vertex -14.808 10.192 3
      vertex -15.2777 10.5776 0
      vertex -14.808 10.192 0
    endloop
  endfacet
  facet normal -0.471361 0.88194 0
    outer loop
      vertex -15.2777 5.42244 0
      vertex -15.8137 5.13597 3
      vertex -15.2777 5.42244 3
    endloop
  endfacet
  facet normal -0.471361 0.88194 0
    outer loop
      vertex -15.8137 5.13597 3
      vertex -15.2777 5.42244 0
      vertex -15.8137 5.13597 0
    endloop
  endfacet
  facet normal -0.0980211 0.995184 0
    outer loop
      vertex -16.3952 4.95957 0
      vertex -17 4.9 3
      vertex -16.3952 4.95957 3
    endloop
  endfacet
  facet normal -0.0980211 0.995184 0
    outer loop
      vertex -17 4.9 3
      vertex -16.3952 4.95957 0
      vertex -17 4.9 0
    endloop
  endfacet
  facet normal 0.88197 -0.471306 0
    outer loop
      vertex -19.864 9.18632 3
      vertex -19.5776 9.72227 0
      vertex -19.5776 9.72227 3
    endloop
  endfacet
  facet normal 0.88197 -0.471306 0
    outer loop
      vertex -19.5776 9.72227 0
      vertex -19.864 9.18632 3
      vertex -19.864 9.18632 0
    endloop
  endfacet
  facet normal 0.471361 0.88194 -0
    outer loop
      vertex -18.1863 5.13597 0
      vertex -18.7223 5.42244 3
      vertex -18.1863 5.13597 3
    endloop
  endfacet
  facet normal 0.471361 0.88194 0
    outer loop
      vertex -18.7223 5.42244 3
      vertex -18.1863 5.13597 0
      vertex -18.7223 5.42244 0
    endloop
  endfacet
  facet normal -0.995179 0.0980732 0
    outer loop
      vertex -13.9596 7.39522 0
      vertex -13.9 8 3
      vertex -13.9 8 0
    endloop
  endfacet
  facet normal -0.995179 0.0980732 0
    outer loop
      vertex -13.9 8 3
      vertex -13.9596 7.39522 0
      vertex -13.9596 7.39522 3
    endloop
  endfacet
  facet normal -0.772948 0.63447 0
    outer loop
      vertex -14.808 5.80797 0
      vertex -14.4224 6.27773 3
      vertex -14.4224 6.27773 0
    endloop
  endfacet
  facet normal -0.772948 0.63447 0
    outer loop
      vertex -14.4224 6.27773 3
      vertex -14.808 5.80797 0
      vertex -14.808 5.80797 3
    endloop
  endfacet
  facet normal 0.956944 -0.290272 0
    outer loop
      vertex -20.0404 8.60478 3
      vertex -19.864 9.18632 0
      vertex -19.864 9.18632 3
    endloop
  endfacet
  facet normal 0.956944 -0.290272 0
    outer loop
      vertex -19.864 9.18632 0
      vertex -20.0404 8.60478 3
      vertex -20.0404 8.60478 0
    endloop
  endfacet
  facet normal -0.88197 -0.471306 0
    outer loop
      vertex -14.136 9.18632 0
      vertex -14.4224 9.72227 3
      vertex -14.4224 9.72227 0
    endloop
  endfacet
  facet normal -0.88197 -0.471306 0
    outer loop
      vertex -14.4224 9.72227 3
      vertex -14.136 9.18632 0
      vertex -14.136 9.18632 3
    endloop
  endfacet
  facet normal 0.0980699 -0.99518 0
    outer loop
      vertex -17.6048 11.0404 0
      vertex -17 11.1 3
      vertex -17.6048 11.0404 3
    endloop
  endfacet
  facet normal 0.0980699 -0.99518 0
    outer loop
      vertex -17 11.1 3
      vertex -17.6048 11.0404 0
      vertex -17 11.1 0
    endloop
  endfacet
  facet normal 0.772928 -0.634494 0
    outer loop
      vertex -19.5776 9.72227 3
      vertex -19.192 10.192 0
      vertex -19.192 10.192 3
    endloop
  endfacet
  facet normal 0.772928 -0.634494 0
    outer loop
      vertex -19.192 10.192 0
      vertex -19.5776 9.72227 3
      vertex -19.5776 9.72227 0
    endloop
  endfacet
  facet normal 0.772948 0.63447 0
    outer loop
      vertex -19.192 5.80797 3
      vertex -19.5776 6.27773 0
      vertex -19.5776 6.27773 3
    endloop
  endfacet
  facet normal 0.772948 0.63447 0
    outer loop
      vertex -19.5776 6.27773 0
      vertex -19.192 5.80797 3
      vertex -19.192 5.80797 0
    endloop
  endfacet
  facet normal -0.63445 0.772964 0
    outer loop
      vertex -14.808 5.80797 0
      vertex -15.2777 5.42244 3
      vertex -14.808 5.80797 3
    endloop
  endfacet
  facet normal -0.63445 0.772964 0
    outer loop
      vertex -15.2777 5.42244 3
      vertex -14.808 5.80797 0
      vertex -15.2777 5.42244 0
    endloop
  endfacet
  facet normal 0.995179 0.0980732 0
    outer loop
      vertex -20.0404 7.39522 3
      vertex -20.1 8 0
      vertex -20.1 8 3
    endloop
  endfacet
  facet normal 0.995179 0.0980732 0
    outer loop
      vertex -20.1 8 0
      vertex -20.0404 7.39522 3
      vertex -20.0404 7.39522 0
    endloop
  endfacet
  facet normal 0.0980211 0.995184 -0
    outer loop
      vertex -17 4.9 0
      vertex -17.6048 4.95957 3
      vertex -17 4.9 3
    endloop
  endfacet
  facet normal 0.0980211 0.995184 0
    outer loop
      vertex -17.6048 4.95957 3
      vertex -17 4.9 0
      vertex -17.6048 4.95957 0
    endloop
  endfacet
  facet normal 0.290291 0.956939 -0
    outer loop
      vertex -17.6048 4.95957 0
      vertex -18.1863 5.13597 3
      vertex -17.6048 4.95957 3
    endloop
  endfacet
  facet normal 0.290291 0.956939 0
    outer loop
      vertex -18.1863 5.13597 3
      vertex -17.6048 4.95957 0
      vertex -18.1863 5.13597 0
    endloop
  endfacet
  facet normal 0.923825 0.382815 0
    outer loop
      vertex 15.5278 7.15 8
      vertex 15.3579 7.56001 3
      vertex 15.3579 7.56001 8
    endloop
  endfacet
  facet normal 0.923825 0.382815 0
    outer loop
      vertex 15.3579 7.56001 3
      vertex 15.5278 7.15 8
      vertex 15.5278 7.15 3
    endloop
  endfacet
  facet normal -0.923825 -0.382815 0
    outer loop
      vertex 18.6421 8.43999 3
      vertex 18.4722 8.85 8
      vertex 18.4722 8.85 3
    endloop
  endfacet
  facet normal -0.923825 -0.382815 0
    outer loop
      vertex 18.4722 8.85 8
      vertex 18.6421 8.43999 3
      vertex 18.6421 8.43999 8
    endloop
  endfacet
  facet normal -0.991452 -0.130469 0
    outer loop
      vertex 18.7 8 3
      vertex 18.6421 8.43999 8
      vertex 18.6421 8.43999 3
    endloop
  endfacet
  facet normal -0.991452 -0.130469 0
    outer loop
      vertex 18.6421 8.43999 8
      vertex 18.7 8 3
      vertex 18.7 8 8
    endloop
  endfacet
  facet normal -0.793419 -0.608676 0
    outer loop
      vertex 18.4722 8.85 3
      vertex 18.2021 9.20208 8
      vertex 18.2021 9.20208 3
    endloop
  endfacet
  facet normal -0.793419 -0.608676 0
    outer loop
      vertex 18.2021 9.20208 8
      vertex 18.4722 8.85 3
      vertex 18.4722 8.85 8
    endloop
  endfacet
  facet normal -0.608739 -0.793371 0
    outer loop
      vertex 17.85 9.47224 3
      vertex 18.2021 9.20208 8
      vertex 17.85 9.47224 8
    endloop
  endfacet
  facet normal -0.608739 -0.793371 -0
    outer loop
      vertex 18.2021 9.20208 8
      vertex 17.85 9.47224 3
      vertex 18.2021 9.20208 3
    endloop
  endfacet
  facet normal -0.130533 -0.991444 0
    outer loop
      vertex 17 9.7 3
      vertex 17.44 9.64207 8
      vertex 17 9.7 8
    endloop
  endfacet
  facet normal -0.130533 -0.991444 -0
    outer loop
      vertex 17.44 9.64207 8
      vertex 17 9.7 3
      vertex 17.44 9.64207 3
    endloop
  endfacet
  facet normal 0.991452 -0.130469 0
    outer loop
      vertex 15.3 8 8
      vertex 15.3579 8.43999 3
      vertex 15.3579 8.43999 8
    endloop
  endfacet
  facet normal 0.991452 -0.130469 0
    outer loop
      vertex 15.3579 8.43999 3
      vertex 15.3 8 8
      vertex 15.3 8 3
    endloop
  endfacet
  facet normal 0.382688 0.923878 -0
    outer loop
      vertex 16.56 6.35793 3
      vertex 16.15 6.52776 8
      vertex 16.56 6.35793 8
    endloop
  endfacet
  facet normal 0.382688 0.923878 0
    outer loop
      vertex 16.15 6.52776 8
      vertex 16.56 6.35793 3
      vertex 16.15 6.52776 3
    endloop
  endfacet
  facet normal -0.382688 0.923878 0
    outer loop
      vertex 17.85 6.52776 3
      vertex 17.44 6.35793 8
      vertex 17.85 6.52776 8
    endloop
  endfacet
  facet normal -0.382688 0.923878 0
    outer loop
      vertex 17.44 6.35793 8
      vertex 17.85 6.52776 3
      vertex 17.44 6.35793 3
    endloop
  endfacet
  facet normal 0.382688 -0.923878 0
    outer loop
      vertex 16.15 9.47224 3
      vertex 16.56 9.64207 8
      vertex 16.15 9.47224 8
    endloop
  endfacet
  facet normal 0.382688 -0.923878 0
    outer loop
      vertex 16.56 9.64207 8
      vertex 16.15 9.47224 3
      vertex 16.56 9.64207 3
    endloop
  endfacet
  facet normal 0.793419 -0.608676 0
    outer loop
      vertex 15.5278 8.85 8
      vertex 15.7979 9.20208 3
      vertex 15.7979 9.20208 8
    endloop
  endfacet
  facet normal 0.793419 -0.608676 0
    outer loop
      vertex 15.7979 9.20208 3
      vertex 15.5278 8.85 8
      vertex 15.5278 8.85 3
    endloop
  endfacet
  facet normal 0.608739 -0.793371 0
    outer loop
      vertex 15.7979 9.20208 3
      vertex 16.15 9.47224 8
      vertex 15.7979 9.20208 8
    endloop
  endfacet
  facet normal 0.608739 -0.793371 0
    outer loop
      vertex 16.15 9.47224 8
      vertex 15.7979 9.20208 3
      vertex 16.15 9.47224 3
    endloop
  endfacet
  facet normal -0.991452 0.130469 0
    outer loop
      vertex 18.6421 7.56001 3
      vertex 18.7 8 8
      vertex 18.7 8 3
    endloop
  endfacet
  facet normal -0.991452 0.130469 0
    outer loop
      vertex 18.7 8 8
      vertex 18.6421 7.56001 3
      vertex 18.6421 7.56001 8
    endloop
  endfacet
  facet normal -0.382688 -0.923878 0
    outer loop
      vertex 17.44 9.64207 3
      vertex 17.85 9.47224 8
      vertex 17.44 9.64207 8
    endloop
  endfacet
  facet normal -0.382688 -0.923878 -0
    outer loop
      vertex 17.85 9.47224 8
      vertex 17.44 9.64207 3
      vertex 17.85 9.47224 3
    endloop
  endfacet
  facet normal 0.130533 -0.991444 0
    outer loop
      vertex 16.56 9.64207 3
      vertex 17 9.7 8
      vertex 16.56 9.64207 8
    endloop
  endfacet
  facet normal 0.130533 -0.991444 0
    outer loop
      vertex 17 9.7 8
      vertex 16.56 9.64207 3
      vertex 17 9.7 3
    endloop
  endfacet
  facet normal -0.793419 0.608676 0
    outer loop
      vertex 18.2021 6.79792 3
      vertex 18.4722 7.15 8
      vertex 18.4722 7.15 3
    endloop
  endfacet
  facet normal -0.793419 0.608676 0
    outer loop
      vertex 18.4722 7.15 8
      vertex 18.2021 6.79792 3
      vertex 18.2021 6.79792 8
    endloop
  endfacet
  facet normal 0.923825 -0.382815 0
    outer loop
      vertex 15.3579 8.43999 8
      vertex 15.5278 8.85 3
      vertex 15.5278 8.85 8
    endloop
  endfacet
  facet normal 0.923825 -0.382815 0
    outer loop
      vertex 15.5278 8.85 3
      vertex 15.3579 8.43999 8
      vertex 15.3579 8.43999 3
    endloop
  endfacet
  facet normal -0.130533 0.991444 0
    outer loop
      vertex 17.44 6.35793 3
      vertex 17 6.3 8
      vertex 17.44 6.35793 8
    endloop
  endfacet
  facet normal -0.130533 0.991444 0
    outer loop
      vertex 17 6.3 8
      vertex 17.44 6.35793 3
      vertex 17 6.3 3
    endloop
  endfacet
  facet normal 0.608739 0.793371 -0
    outer loop
      vertex 16.15 6.52776 3
      vertex 15.7979 6.79792 8
      vertex 16.15 6.52776 8
    endloop
  endfacet
  facet normal 0.608739 0.793371 0
    outer loop
      vertex 15.7979 6.79792 8
      vertex 16.15 6.52776 3
      vertex 15.7979 6.79792 3
    endloop
  endfacet
  facet normal 0.991452 0.130469 0
    outer loop
      vertex 15.3579 7.56001 8
      vertex 15.3 8 3
      vertex 15.3 8 8
    endloop
  endfacet
  facet normal 0.991452 0.130469 0
    outer loop
      vertex 15.3 8 3
      vertex 15.3579 7.56001 8
      vertex 15.3579 7.56001 3
    endloop
  endfacet
  facet normal -0.608739 0.793371 0
    outer loop
      vertex 18.2021 6.79792 3
      vertex 17.85 6.52776 8
      vertex 18.2021 6.79792 8
    endloop
  endfacet
  facet normal -0.608739 0.793371 0
    outer loop
      vertex 17.85 6.52776 8
      vertex 18.2021 6.79792 3
      vertex 17.85 6.52776 3
    endloop
  endfacet
  facet normal 0.793419 0.608676 0
    outer loop
      vertex 15.7979 6.79792 8
      vertex 15.5278 7.15 3
      vertex 15.5278 7.15 8
    endloop
  endfacet
  facet normal 0.793419 0.608676 0
    outer loop
      vertex 15.5278 7.15 3
      vertex 15.7979 6.79792 8
      vertex 15.7979 6.79792 3
    endloop
  endfacet
  facet normal -0.923825 0.382815 0
    outer loop
      vertex 18.4722 7.15 3
      vertex 18.6421 7.56001 8
      vertex 18.6421 7.56001 3
    endloop
  endfacet
  facet normal -0.923825 0.382815 0
    outer loop
      vertex 18.6421 7.56001 8
      vertex 18.4722 7.15 3
      vertex 18.4722 7.15 8
    endloop
  endfacet
  facet normal 0.130533 0.991444 -0
    outer loop
      vertex 17 6.3 3
      vertex 16.56 6.35793 8
      vertex 17 6.3 8
    endloop
  endfacet
  facet normal 0.130533 0.991444 0
    outer loop
      vertex 16.56 6.35793 8
      vertex 17 6.3 3
      vertex 16.56 6.35793 3
    endloop
  endfacet
  facet normal 0.995179 -0.0980732 0
    outer loop
      vertex 13.9 8 3
      vertex 13.9596 8.60478 0
      vertex 13.9596 8.60478 3
    endloop
  endfacet
  facet normal 0.995179 -0.0980732 0
    outer loop
      vertex 13.9596 8.60478 0
      vertex 13.9 8 3
      vertex 13.9 8 0
    endloop
  endfacet
  facet normal -0.956944 -0.290272 0
    outer loop
      vertex 20.0404 8.60478 0
      vertex 19.864 9.18632 3
      vertex 19.864 9.18632 0
    endloop
  endfacet
  facet normal -0.956944 -0.290272 0
    outer loop
      vertex 19.864 9.18632 3
      vertex 20.0404 8.60478 0
      vertex 20.0404 8.60478 3
    endloop
  endfacet
  facet normal -0.995179 -0.0980732 0
    outer loop
      vertex 20.1 8 0
      vertex 20.0404 8.60478 3
      vertex 20.0404 8.60478 0
    endloop
  endfacet
  facet normal -0.995179 -0.0980732 0
    outer loop
      vertex 20.0404 8.60478 3
      vertex 20.1 8 0
      vertex 20.1 8 3
    endloop
  endfacet
  facet normal -0.88197 0.471306 0
    outer loop
      vertex 19.5776 6.27773 0
      vertex 19.864 6.81368 3
      vertex 19.864 6.81368 0
    endloop
  endfacet
  facet normal -0.88197 0.471306 0
    outer loop
      vertex 19.864 6.81368 3
      vertex 19.5776 6.27773 0
      vertex 19.5776 6.27773 3
    endloop
  endfacet
  facet normal -0.290291 0.956939 0
    outer loop
      vertex 18.1863 5.13597 0
      vertex 17.6048 4.95957 3
      vertex 18.1863 5.13597 3
    endloop
  endfacet
  facet normal -0.290291 0.956939 0
    outer loop
      vertex 17.6048 4.95957 3
      vertex 18.1863 5.13597 0
      vertex 17.6048 4.95957 0
    endloop
  endfacet
  facet normal -0.471271 -0.881988 0
    outer loop
      vertex 18.1863 10.864 0
      vertex 18.7223 10.5776 3
      vertex 18.1863 10.864 3
    endloop
  endfacet
  facet normal -0.471271 -0.881988 -0
    outer loop
      vertex 18.7223 10.5776 3
      vertex 18.1863 10.864 0
      vertex 18.7223 10.5776 0
    endloop
  endfacet
  facet normal 0.63445 0.772964 -0
    outer loop
      vertex 15.2777 5.42244 0
      vertex 14.808 5.80797 3
      vertex 15.2777 5.42244 3
    endloop
  endfacet
  facet normal 0.63445 0.772964 0
    outer loop
      vertex 14.808 5.80797 3
      vertex 15.2777 5.42244 0
      vertex 14.808 5.80797 0
    endloop
  endfacet
  facet normal -0.0980699 -0.99518 0
    outer loop
      vertex 17 11.1 0
      vertex 17.6048 11.0404 3
      vertex 17 11.1 3
    endloop
  endfacet
  facet normal -0.0980699 -0.99518 -0
    outer loop
      vertex 17.6048 11.0404 3
      vertex 17 11.1 0
      vertex 17.6048 11.0404 0
    endloop
  endfacet
  facet normal 0.471271 -0.881988 0
    outer loop
      vertex 15.2777 10.5776 0
      vertex 15.8137 10.864 3
      vertex 15.2777 10.5776 3
    endloop
  endfacet
  facet normal 0.471271 -0.881988 0
    outer loop
      vertex 15.8137 10.864 3
      vertex 15.2777 10.5776 0
      vertex 15.8137 10.864 0
    endloop
  endfacet
  facet normal -0.290291 -0.956939 0
    outer loop
      vertex 17.6048 11.0404 0
      vertex 18.1863 10.864 3
      vertex 17.6048 11.0404 3
    endloop
  endfacet
  facet normal -0.290291 -0.956939 -0
    outer loop
      vertex 18.1863 10.864 3
      vertex 17.6048 11.0404 0
      vertex 18.1863 10.864 0
    endloop
  endfacet
  facet normal 0.956944 0.290272 0
    outer loop
      vertex 14.136 6.81368 3
      vertex 13.9596 7.39522 0
      vertex 13.9596 7.39522 3
    endloop
  endfacet
  facet normal 0.956944 0.290272 0
    outer loop
      vertex 13.9596 7.39522 0
      vertex 14.136 6.81368 3
      vertex 14.136 6.81368 0
    endloop
  endfacet
  facet normal -0.772928 -0.634494 0
    outer loop
      vertex 19.5776 9.72227 0
      vertex 19.192 10.192 3
      vertex 19.192 10.192 0
    endloop
  endfacet
  facet normal -0.772928 -0.634494 0
    outer loop
      vertex 19.192 10.192 3
      vertex 19.5776 9.72227 0
      vertex 19.5776 9.72227 3
    endloop
  endfacet
  facet normal -0.956944 0.290272 0
    outer loop
      vertex 19.864 6.81368 0
      vertex 20.0404 7.39522 3
      vertex 20.0404 7.39522 0
    endloop
  endfacet
  facet normal -0.956944 0.290272 0
    outer loop
      vertex 20.0404 7.39522 3
      vertex 19.864 6.81368 0
      vertex 19.864 6.81368 3
    endloop
  endfacet
  facet normal 0.634518 -0.772908 0
    outer loop
      vertex 14.808 10.192 0
      vertex 15.2777 10.5776 3
      vertex 14.808 10.192 3
    endloop
  endfacet
  facet normal 0.634518 -0.772908 0
    outer loop
      vertex 15.2777 10.5776 3
      vertex 14.808 10.192 0
      vertex 15.2777 10.5776 0
    endloop
  endfacet
  facet normal 0.88197 0.471306 0
    outer loop
      vertex 14.4224 6.27773 3
      vertex 14.136 6.81368 0
      vertex 14.136 6.81368 3
    endloop
  endfacet
  facet normal 0.88197 0.471306 0
    outer loop
      vertex 14.136 6.81368 0
      vertex 14.4224 6.27773 3
      vertex 14.4224 6.27773 0
    endloop
  endfacet
  facet normal 0.290291 -0.956939 0
    outer loop
      vertex 15.8137 10.864 0
      vertex 16.3952 11.0404 3
      vertex 15.8137 10.864 3
    endloop
  endfacet
  facet normal 0.290291 -0.956939 0
    outer loop
      vertex 16.3952 11.0404 3
      vertex 15.8137 10.864 0
      vertex 16.3952 11.0404 0
    endloop
  endfacet
  facet normal 0 0 -1
    outer loop
      vertex 18.7 8 3
      vertex 20.1 8 3
      vertex 20.0404 7.39522 3
    endloop
  endfacet
  facet normal 0 0 -1
    outer loop
      vertex 18.6421 7.56001 3
      vertex 20.0404 7.39522 3
      vertex 19.864 6.81368 3
    endloop
  endfacet
  facet normal 0 0 -1
    outer loop
      vertex 20.1 8 3
      vertex 18.7 8 3
      vertex 20.0404 8.60478 3
    endloop
  endfacet
  facet normal 0 0 -1
    outer loop
      vertex 18.4722 7.15 3
      vertex 19.864 6.81368 3
      vertex 19.5776 6.27773 3
    endloop
  endfacet
  facet normal 0 0 -1
    outer loop
      vertex 18.6421 8.43999 3
      vertex 20.0404 8.60478 3
      vertex 18.7 8 3
    endloop
  endfacet
  facet normal 0 0 -1
    outer loop
      vertex 18.2021 6.79792 3
      vertex 19.5776 6.27773 3
      vertex 19.192 5.80797 3
    endloop
  endfacet
  facet normal -0 0 -1
    outer loop
      vertex 20.0404 8.60478 3
      vertex 18.6421 8.43999 3
      vertex 19.864 9.18632 3
    endloop
  endfacet
  facet normal 0 0 -1
    outer loop
      vertex 18.2021 6.79792 3
      vertex 19.192 5.80797 3
      vertex 18.7223 5.42244 3
    endloop
  endfacet
  facet normal 0 0 -1
    outer loop
      vertex 18.4722 8.85 3
      vertex 19.864 9.18632 3
      vertex 18.6421 8.43999 3
    endloop
  endfacet
  facet normal -0 0 -1
    outer loop
      vertex 19.864 9.18632 3
      vertex 18.4722 8.85 3
      vertex 19.5776 9.72227 3
    endloop
  endfacet
  facet normal 0 0 -1
    outer loop
      vertex 20.0404 7.39522 3
      vertex 18.6421 7.56001 3
      vertex 18.7 8 3
    endloop
  endfacet
  facet normal 0 0 -1
    outer loop
      vertex 19.864 6.81368 3
      vertex 18.4722 7.15 3
      vertex 18.6421 7.56001 3
    endloop
  endfacet
  facet normal 0 0 -1
    outer loop
      vertex 19.5776 6.27773 3
      vertex 18.2021 6.79792 3
      vertex 18.4722 7.15 3
    endloop
  endfacet
  facet normal 0 0 -1
    outer loop
      vertex 17.85 6.52776 3
      vertex 18.7223 5.42244 3
      vertex 18.1863 5.13597 3
    endloop
  endfacet
  facet normal 0 0 -1
    outer loop
      vertex 18.7223 5.42244 3
      vertex 17.85 6.52776 3
      vertex 18.2021 6.79792 3
    endloop
  endfacet
  facet normal 0 0 -1
    outer loop
      vertex 17.44 6.35793 3
      vertex 18.1863 5.13597 3
      vertex 17.6048 4.95957 3
    endloop
  endfacet
  facet normal 0 0 -1
    outer loop
      vertex 18.1863 5.13597 3
      vertex 17.44 6.35793 3
      vertex 17.85 6.52776 3
    endloop
  endfacet
  facet normal 0 0 -1
    outer loop
      vertex 17 6.3 3
      vertex 17.6048 4.95957 3
      vertex 17 4.9 3
    endloop
  endfacet
  facet normal 0 0 -1
    outer loop
      vertex 17.6048 4.95957 3
      vertex 17 6.3 3
      vertex 17.44 6.35793 3
    endloop
  endfacet
  facet normal 0 0 -1
    outer loop
      vertex 16.3952 4.95957 3
      vertex 17 6.3 3
      vertex 17 4.9 3
    endloop
  endfacet
  facet normal -0 0 -1
    outer loop
      vertex 17 6.3 3
      vertex 16.3952 4.95957 3
      vertex 16.56 6.35793 3
    endloop
  endfacet
  facet normal 0 0 -1
    outer loop
      vertex 15.8137 5.13597 3
      vertex 16.56 6.35793 3
      vertex 16.3952 4.95957 3
    endloop
  endfacet
  facet normal -0 0 -1
    outer loop
      vertex 16.56 6.35793 3
      vertex 15.8137 5.13597 3
      vertex 16.15 6.52776 3
    endloop
  endfacet
  facet normal 0 0 -1
    outer loop
      vertex 15.2777 5.42244 3
      vertex 16.15 6.52776 3
      vertex 15.8137 5.13597 3
    endloop
  endfacet
  facet normal -0 0 -1
    outer loop
      vertex 16.15 6.52776 3
      vertex 15.2777 5.42244 3
      vertex 15.7979 6.79792 3
    endloop
  endfacet
  facet normal 0 0 -1
    outer loop
      vertex 14.808 5.80797 3
      vertex 15.7979 6.79792 3
      vertex 15.2777 5.42244 3
    endloop
  endfacet
  facet normal -0 0 -1
    outer loop
      vertex 15.7979 6.79792 3
      vertex 14.4224 6.27773 3
      vertex 15.5278 7.15 3
    endloop
  endfacet
  facet normal 0 0 -1
    outer loop
      vertex 14.4224 6.27773 3
      vertex 15.7979 6.79792 3
      vertex 14.808 5.80797 3
    endloop
  endfacet
  facet normal 0 0 -1
    outer loop
      vertex 18.2021 9.20208 3
      vertex 19.5776 9.72227 3
      vertex 18.4722 8.85 3
    endloop
  endfacet
  facet normal -0 0 -1
    outer loop
      vertex 19.5776 9.72227 3
      vertex 18.2021 9.20208 3
      vertex 19.192 10.192 3
    endloop
  endfacet
  facet normal -0 0 -1
    outer loop
      vertex 19.192 10.192 3
      vertex 18.2021 9.20208 3
      vertex 18.7223 10.5776 3
    endloop
  endfacet
  facet normal 0 0 -1
    outer loop
      vertex 17.85 9.47224 3
      vertex 18.7223 10.5776 3
      vertex 18.2021 9.20208 3
    endloop
  endfacet
  facet normal -0 0 -1
    outer loop
      vertex 18.7223 10.5776 3
      vertex 17.85 9.47224 3
      vertex 18.1863 10.864 3
    endloop
  endfacet
  facet normal 0 0 -1
    outer loop
      vertex 17.44 9.64207 3
      vertex 18.1863 10.864 3
      vertex 17.85 9.47224 3
    endloop
  endfacet
  facet normal -0 0 -1
    outer loop
      vertex 18.1863 10.864 3
      vertex 17.44 9.64207 3
      vertex 17.6048 11.0404 3
    endloop
  endfacet
  facet normal 0 0 -1
    outer loop
      vertex 17 9.7 3
      vertex 17.6048 11.0404 3
      vertex 17.44 9.64207 3
    endloop
  endfacet
  facet normal 0 0 -1
    outer loop
      vertex 17 9.7 3
      vertex 17 11.1 3
      vertex 17.6048 11.0404 3
    endloop
  endfacet
  facet normal 0 0 -1
    outer loop
      vertex 16.3952 11.0404 3
      vertex 17 9.7 3
      vertex 16.56 9.64207 3
    endloop
  endfacet
  facet normal 0 0 -1
    outer loop
      vertex 17 9.7 3
      vertex 16.3952 11.0404 3
      vertex 17 11.1 3
    endloop
  endfacet
  facet normal 0 0 -1
    outer loop
      vertex 15.8137 10.864 3
      vertex 16.56 9.64207 3
      vertex 16.15 9.47224 3
    endloop
  endfacet
  facet normal 0 0 -1
    outer loop
      vertex 16.56 9.64207 3
      vertex 15.8137 10.864 3
      vertex 16.3952 11.0404 3
    endloop
  endfacet
  facet normal 0 0 -1
    outer loop
      vertex 15.2777 10.5776 3
      vertex 16.15 9.47224 3
      vertex 15.7979 9.20208 3
    endloop
  endfacet
  facet normal 0 0 -1
    outer loop
      vertex 14.4224 9.72227 3
      vertex 15.7979 9.20208 3
      vertex 15.5278 8.85 3
    endloop
  endfacet
  facet normal 0 0 -1
    outer loop
      vertex 14.136 9.18632 3
      vertex 15.5278 8.85 3
      vertex 15.3579 8.43999 3
    endloop
  endfacet
  facet normal 0 0 -1
    outer loop
      vertex 16.15 9.47224 3
      vertex 15.2777 10.5776 3
      vertex 15.8137 10.864 3
    endloop
  endfacet
  facet normal 0 0 -1
    outer loop
      vertex 13.9596 8.60478 3
      vertex 15.3579 8.43999 3
      vertex 15.3 8 3
    endloop
  endfacet
  facet normal 0 0 -1
    outer loop
      vertex 14.136 6.81368 3
      vertex 15.5278 7.15 3
      vertex 14.4224 6.27773 3
    endloop
  endfacet
  facet normal -0 0 -1
    outer loop
      vertex 15.5278 7.15 3
      vertex 14.136 6.81368 3
      vertex 15.3579 7.56001 3
    endloop
  endfacet
  facet normal 0 0 -1
    outer loop
      vertex 15.7979 9.20208 3
      vertex 14.808 10.192 3
      vertex 15.2777 10.5776 3
    endloop
  endfacet
  facet normal 0 0 -1
    outer loop
      vertex 13.9596 7.39522 3
      vertex 15.3579 7.56001 3
      vertex 14.136 6.81368 3
    endloop
  endfacet
  facet normal 0 0 -1
    outer loop
      vertex 15.7979 9.20208 3
      vertex 14.4224 9.72227 3
      vertex 14.808 10.192 3
    endloop
  endfacet
  facet normal -0 0 -1
    outer loop
      vertex 15.3579 7.56001 3
      vertex 13.9596 7.39522 3
      vertex 15.3 8 3
    endloop
  endfacet
  facet normal 0 0 -1
    outer loop
      vertex 15.5278 8.85 3
      vertex 14.136 9.18632 3
      vertex 14.4224 9.72227 3
    endloop
  endfacet
  facet normal 0 0 -1
    outer loop
      vertex 13.9 8 3
      vertex 15.3 8 3
      vertex 13.9596 7.39522 3
    endloop
  endfacet
  facet normal 0 0 -1
    outer loop
      vertex 15.3579 8.43999 3
      vertex 13.9596 8.60478 3
      vertex 14.136 9.18632 3
    endloop
  endfacet
  facet normal 0 0 -1
    outer loop
      vertex 15.3 8 3
      vertex 13.9 8 3
      vertex 13.9596 8.60478 3
    endloop
  endfacet
  facet normal -0.634518 -0.772908 0
    outer loop
      vertex 18.7223 10.5776 0
      vertex 19.192 10.192 3
      vertex 18.7223 10.5776 3
    endloop
  endfacet
  facet normal -0.634518 -0.772908 -0
    outer loop
      vertex 19.192 10.192 3
      vertex 18.7223 10.5776 0
      vertex 19.192 10.192 0
    endloop
  endfacet
  facet normal -0.471361 0.88194 0
    outer loop
      vertex 18.7223 5.42244 0
      vertex 18.1863 5.13597 3
      vertex 18.7223 5.42244 3
    endloop
  endfacet
  facet normal -0.471361 0.88194 0
    outer loop
      vertex 18.1863 5.13597 3
      vertex 18.7223 5.42244 0
      vertex 18.1863 5.13597 0
    endloop
  endfacet
  facet normal -0.0980211 0.995184 0
    outer loop
      vertex 17.6048 4.95957 0
      vertex 17 4.9 3
      vertex 17.6048 4.95957 3
    endloop
  endfacet
  facet normal -0.0980211 0.995184 0
    outer loop
      vertex 17 4.9 3
      vertex 17.6048 4.95957 0
      vertex 17 4.9 0
    endloop
  endfacet
  facet normal 0.88197 -0.471306 0
    outer loop
      vertex 14.136 9.18632 3
      vertex 14.4224 9.72227 0
      vertex 14.4224 9.72227 3
    endloop
  endfacet
  facet normal 0.88197 -0.471306 0
    outer loop
      vertex 14.4224 9.72227 0
      vertex 14.136 9.18632 3
      vertex 14.136 9.18632 0
    endloop
  endfacet
  facet normal 0.471361 0.88194 -0
    outer loop
      vertex 15.8137 5.13597 0
      vertex 15.2777 5.42244 3
      vertex 15.8137 5.13597 3
    endloop
  endfacet
  facet normal 0.471361 0.88194 0
    outer loop
      vertex 15.2777 5.42244 3
      vertex 15.8137 5.13597 0
      vertex 15.2777 5.42244 0
    endloop
  endfacet
  facet normal -0.995179 0.0980732 0
    outer loop
      vertex 20.0404 7.39522 0
      vertex 20.1 8 3
      vertex 20.1 8 0
    endloop
  endfacet
  facet normal -0.995179 0.0980732 0
    outer loop
      vertex 20.1 8 3
      vertex 20.0404 7.39522 0
      vertex 20.0404 7.39522 3
    endloop
  endfacet
  facet normal -0.772948 0.63447 0
    outer loop
      vertex 19.192 5.80797 0
      vertex 19.5776 6.27773 3
      vertex 19.5776 6.27773 0
    endloop
  endfacet
  facet normal -0.772948 0.63447 0
    outer loop
      vertex 19.5776 6.27773 3
      vertex 19.192 5.80797 0
      vertex 19.192 5.80797 3
    endloop
  endfacet
  facet normal 0.956944 -0.290272 0
    outer loop
      vertex 13.9596 8.60478 3
      vertex 14.136 9.18632 0
      vertex 14.136 9.18632 3
    endloop
  endfacet
  facet normal 0.956944 -0.290272 0
    outer loop
      vertex 14.136 9.18632 0
      vertex 13.9596 8.60478 3
      vertex 13.9596 8.60478 0
    endloop
  endfacet
  facet normal -0.88197 -0.471306 0
    outer loop
      vertex 19.864 9.18632 0
      vertex 19.5776 9.72227 3
      vertex 19.5776 9.72227 0
    endloop
  endfacet
  facet normal -0.88197 -0.471306 0
    outer loop
      vertex 19.5776 9.72227 3
      vertex 19.864 9.18632 0
      vertex 19.864 9.18632 3
    endloop
  endfacet
  facet normal 0.0980699 -0.99518 0
    outer loop
      vertex 16.3952 11.0404 0
      vertex 17 11.1 3
      vertex 16.3952 11.0404 3
    endloop
  endfacet
  facet normal 0.0980699 -0.99518 0
    outer loop
      vertex 17 11.1 3
      vertex 16.3952 11.0404 0
      vertex 17 11.1 0
    endloop
  endfacet
  facet normal 0.772928 -0.634494 0
    outer loop
      vertex 14.4224 9.72227 3
      vertex 14.808 10.192 0
      vertex 14.808 10.192 3
    endloop
  endfacet
  facet normal 0.772928 -0.634494 0
    outer loop
      vertex 14.808 10.192 0
      vertex 14.4224 9.72227 3
      vertex 14.4224 9.72227 0
    endloop
  endfacet
  facet normal 0.772948 0.63447 0
    outer loop
      vertex 14.808 5.80797 3
      vertex 14.4224 6.27773 0
      vertex 14.4224 6.27773 3
    endloop
  endfacet
  facet normal 0.772948 0.63447 0
    outer loop
      vertex 14.4224 6.27773 0
      vertex 14.808 5.80797 3
      vertex 14.808 5.80797 0
    endloop
  endfacet
  facet normal -0.63445 0.772964 0
    outer loop
      vertex 19.192 5.80797 0
      vertex 18.7223 5.42244 3
      vertex 19.192 5.80797 3
    endloop
  endfacet
  facet normal -0.63445 0.772964 0
    outer loop
      vertex 18.7223 5.42244 3
      vertex 19.192 5.80797 0
      vertex 18.7223 5.42244 0
    endloop
  endfacet
  facet normal 0.995179 0.0980732 0
    outer loop
      vertex 13.9596 7.39522 3
      vertex 13.9 8 0
      vertex 13.9 8 3
    endloop
  endfacet
  facet normal 0.995179 0.0980732 0
    outer loop
      vertex 13.9 8 0
      vertex 13.9596 7.39522 3
      vertex 13.9596 7.39522 0
    endloop
  endfacet
  facet normal 0.0980211 0.995184 -0
    outer loop
      vertex 17 4.9 0
      vertex 16.3952 4.95957 3
      vertex 17 4.9 3
    endloop
  endfacet
  facet normal 0.0980211 0.995184 0
    outer loop
      vertex 16.3952 4.95957 3
      vertex 17 4.9 0
      vertex 16.3952 4.95957 0
    endloop
  endfacet
  facet normal 0.290291 0.956939 -0
    outer loop
      vertex 16.3952 4.95957 0
      vertex 15.8137 5.13597 3
      vertex 16.3952 4.95957 3
    endloop
  endfacet
  facet normal 0.290291 0.956939 0
    outer loop
      vertex 15.8137 5.13597 3
      vertex 16.3952 4.95957 0
      vertex 15.8137 5.13597 0
    endloop
  endfacet
  facet normal 0.671472 0.74103 -0
    outer loop
      vertex -26.2988 -24.0197 0
      vertex -26.677 -23.677 1
      vertex -26.2988 -24.0197 1
    endloop
  endfacet
  facet normal 0.671472 0.74103 0
    outer loop
      vertex -26.677 -23.677 1
      vertex -26.2988 -24.0197 0
      vertex -26.677 -23.677 0
    endloop
  endfacet
  facet normal 0.94156 -0.336845 0
    outer loop
      vertex -27.9761 -18.4905 1
      vertex -27.8042 -18.01 0
      vertex -27.8042 -18.01 1
    endloop
  endfacet
  facet normal 0.94156 -0.336845 0
    outer loop
      vertex -27.8042 -18.01 0
      vertex -27.9761 -18.4905 1
      vertex -27.9761 -18.4905 0
    endloop
  endfacet
  facet normal -0.989171 -0.146769 0
    outer loop
      vertex -17.825 -19.4903 0
      vertex -17.8999 -18.9855 1
      vertex -17.8999 -18.9855 0
    endloop
  endfacet
  facet normal -0.989171 -0.146769 0
    outer loop
      vertex -17.8999 -18.9855 1
      vertex -17.825 -19.4903 0
      vertex -17.825 -19.4903 1
    endloop
  endfacet
  facet normal -0.998799 -0.0489896 0
    outer loop
      vertex -17.8 -20 0
      vertex -17.825 -19.4903 1
      vertex -17.825 -19.4903 0
    endloop
  endfacet
  facet normal -0.998799 -0.0489896 0
    outer loop
      vertex -17.825 -19.4903 1
      vertex -17.8 -20 0
      vertex -17.8 -20 1
    endloop
  endfacet
  facet normal 0.514179 0.857683 -0
    outer loop
      vertex -25.4513 -24.586 0
      vertex -25.889 -24.3236 1
      vertex -25.4513 -24.586 1
    endloop
  endfacet
  facet normal 0.514179 0.857683 0
    outer loop
      vertex -25.889 -24.3236 1
      vertex -25.4513 -24.586 0
      vertex -25.889 -24.3236 0
    endloop
  endfacet
  facet normal -0.671472 -0.74103 0
    outer loop
      vertex -19.7012 -15.9803 0
      vertex -19.323 -16.323 1
      vertex -19.7012 -15.9803 1
    endloop
  endfacet
  facet normal -0.671472 -0.74103 -0
    outer loop
      vertex -19.323 -16.323 1
      vertex -19.7012 -15.9803 0
      vertex -19.323 -16.323 0
    endloop
  endfacet
  facet normal 0.146769 0.989171 -0
    outer loop
      vertex -23.5097 -25.175 0
      vertex -24.0145 -25.1001 1
      vertex -23.5097 -25.175 1
    endloop
  endfacet
  facet normal 0.146769 0.989171 0
    outer loop
      vertex -24.0145 -25.1001 1
      vertex -23.5097 -25.175 0
      vertex -24.0145 -25.1001 0
    endloop
  endfacet
  facet normal -0.74103 -0.671472 0
    outer loop
      vertex -18.9803 -16.7012 0
      vertex -19.323 -16.323 1
      vertex -19.323 -16.323 0
    endloop
  endfacet
  facet normal -0.74103 -0.671472 0
    outer loop
      vertex -19.323 -16.323 1
      vertex -18.9803 -16.7012 0
      vertex -18.9803 -16.7012 1
    endloop
  endfacet
  facet normal -0.427589 -0.903973 0
    outer loop
      vertex -21.01 -15.1958 0
      vertex -20.5487 -15.414 1
      vertex -21.01 -15.1958 1
    endloop
  endfacet
  facet normal -0.427589 -0.903973 -0
    outer loop
      vertex -20.5487 -15.414 1
      vertex -21.01 -15.1958 0
      vertex -20.5487 -15.414 0
    endloop
  endfacet
  facet normal -0.0489896 0.998799 0
    outer loop
      vertex -22.4903 -25.175 0
      vertex -23 -25.2 1
      vertex -22.4903 -25.175 1
    endloop
  endfacet
  facet normal -0.0489896 0.998799 0
    outer loop
      vertex -23 -25.2 1
      vertex -22.4903 -25.175 0
      vertex -23 -25.2 0
    endloop
  endfacet
  facet normal 0.74103 -0.671472 0
    outer loop
      vertex -27.0197 -16.7012 1
      vertex -26.677 -16.323 0
      vertex -26.677 -16.323 1
    endloop
  endfacet
  facet normal 0.74103 -0.671472 0
    outer loop
      vertex -26.677 -16.323 0
      vertex -27.0197 -16.7012 1
      vertex -27.0197 -16.7012 0
    endloop
  endfacet
  facet normal -0.989171 0.146769 0
    outer loop
      vertex -17.8999 -21.0145 0
      vertex -17.825 -20.5097 1
      vertex -17.825 -20.5097 0
    endloop
  endfacet
  facet normal -0.989171 0.146769 0
    outer loop
      vertex -17.825 -20.5097 1
      vertex -17.8999 -21.0145 0
      vertex -17.8999 -21.0145 1
    endloop
  endfacet
  facet normal -0.903973 -0.427589 0
    outer loop
      vertex -18.1958 -18.01 0
      vertex -18.414 -17.5487 1
      vertex -18.414 -17.5487 0
    endloop
  endfacet
  facet normal -0.903973 -0.427589 0
    outer loop
      vertex -18.414 -17.5487 1
      vertex -18.1958 -18.01 0
      vertex -18.1958 -18.01 1
    endloop
  endfacet
  facet normal 0.242997 -0.970027 0
    outer loop
      vertex -24.5095 -15.0239 0
      vertex -24.0145 -14.8999 1
      vertex -24.5095 -15.0239 1
    endloop
  endfacet
  facet normal 0.242997 -0.970027 0
    outer loop
      vertex -24.0145 -14.8999 1
      vertex -24.5095 -15.0239 0
      vertex -24.0145 -14.8999 0
    endloop
  endfacet
  facet normal 0.803234 -0.595663 0
    outer loop
      vertex -27.3236 -17.111 1
      vertex -27.0197 -16.7012 0
      vertex -27.0197 -16.7012 1
    endloop
  endfacet
  facet normal 0.803234 -0.595663 0
    outer loop
      vertex -27.0197 -16.7012 0
      vertex -27.3236 -17.111 1
      vertex -27.3236 -17.111 0
    endloop
  endfacet
  facet normal -0.242997 -0.970027 0
    outer loop
      vertex -21.9855 -14.8999 0
      vertex -21.4905 -15.0239 1
      vertex -21.9855 -14.8999 1
    endloop
  endfacet
  facet normal -0.242997 -0.970027 -0
    outer loop
      vertex -21.4905 -15.0239 1
      vertex -21.9855 -14.8999 0
      vertex -21.4905 -15.0239 0
    endloop
  endfacet
  facet normal -0.336845 -0.94156 0
    outer loop
      vertex -21.4905 -15.0239 0
      vertex -21.01 -15.1958 1
      vertex -21.4905 -15.0239 1
    endloop
  endfacet
  facet normal -0.336845 -0.94156 -0
    outer loop
      vertex -21.01 -15.1958 1
      vertex -21.4905 -15.0239 0
      vertex -21.01 -15.1958 0
    endloop
  endfacet
  facet normal -0.94156 -0.336845 0
    outer loop
      vertex -18.0239 -18.4905 0
      vertex -18.1958 -18.01 1
      vertex -18.1958 -18.01 0
    endloop
  endfacet
  facet normal -0.94156 -0.336845 0
    outer loop
      vertex -18.1958 -18.01 1
      vertex -18.0239 -18.4905 0
      vertex -18.0239 -18.4905 1
    endloop
  endfacet
  facet normal -0.595663 -0.803234 0
    outer loop
      vertex -20.111 -15.6764 0
      vertex -19.7012 -15.9803 1
      vertex -20.111 -15.6764 1
    endloop
  endfacet
  facet normal -0.595663 -0.803234 -0
    outer loop
      vertex -19.7012 -15.9803 1
      vertex -20.111 -15.6764 0
      vertex -19.7012 -15.9803 0
    endloop
  endfacet
  facet normal 0.857683 0.514179 0
    outer loop
      vertex -27.3236 -22.889 1
      vertex -27.586 -22.4513 0
      vertex -27.586 -22.4513 1
    endloop
  endfacet
  facet normal 0.857683 0.514179 0
    outer loop
      vertex -27.586 -22.4513 0
      vertex -27.3236 -22.889 1
      vertex -27.3236 -22.889 0
    endloop
  endfacet
  facet normal -0.514179 -0.857683 0
    outer loop
      vertex -20.5487 -15.414 0
      vertex -20.111 -15.6764 1
      vertex -20.5487 -15.414 1
    endloop
  endfacet
  facet normal -0.514179 -0.857683 -0
    outer loop
      vertex -20.111 -15.6764 1
      vertex -20.5487 -15.414 0
      vertex -20.111 -15.6764 0
    endloop
  endfacet
  facet normal -0.94156 0.336845 0
    outer loop
      vertex -18.1958 -21.99 0
      vertex -18.0239 -21.5095 1
      vertex -18.0239 -21.5095 0
    endloop
  endfacet
  facet normal -0.94156 0.336845 0
    outer loop
      vertex -18.0239 -21.5095 1
      vertex -18.1958 -21.99 0
      vertex -18.1958 -21.99 1
    endloop
  endfacet
  facet normal 0.857683 -0.514179 0
    outer loop
      vertex -27.586 -17.5487 1
      vertex -27.3236 -17.111 0
      vertex -27.3236 -17.111 1
    endloop
  endfacet
  facet normal 0.857683 -0.514179 0
    outer loop
      vertex -27.3236 -17.111 0
      vertex -27.586 -17.5487 1
      vertex -27.586 -17.5487 0
    endloop
  endfacet
  facet normal 0.970027 0.242997 0
    outer loop
      vertex -27.9761 -21.5095 1
      vertex -28.1001 -21.0145 0
      vertex -28.1001 -21.0145 1
    endloop
  endfacet
  facet normal 0.970027 0.242997 0
    outer loop
      vertex -28.1001 -21.0145 0
      vertex -27.9761 -21.5095 1
      vertex -27.9761 -21.5095 0
    endloop
  endfacet
  facet normal -0.0489896 -0.998799 0
    outer loop
      vertex -23 -14.8 0
      vertex -22.4903 -14.825 1
      vertex -23 -14.8 1
    endloop
  endfacet
  facet normal -0.0489896 -0.998799 -0
    outer loop
      vertex -22.4903 -14.825 1
      vertex -23 -14.8 0
      vertex -22.4903 -14.825 0
    endloop
  endfacet
  facet normal -0.857683 -0.514179 0
    outer loop
      vertex -18.414 -17.5487 0
      vertex -18.6764 -17.111 1
      vertex -18.6764 -17.111 0
    endloop
  endfacet
  facet normal -0.857683 -0.514179 0
    outer loop
      vertex -18.6764 -17.111 1
      vertex -18.414 -17.5487 0
      vertex -18.414 -17.5487 1
    endloop
  endfacet
  facet normal 0.94156 0.336845 0
    outer loop
      vertex -27.8042 -21.99 1
      vertex -27.9761 -21.5095 0
      vertex -27.9761 -21.5095 1
    endloop
  endfacet
  facet normal 0.94156 0.336845 0
    outer loop
      vertex -27.9761 -21.5095 0
      vertex -27.8042 -21.99 1
      vertex -27.8042 -21.99 0
    endloop
  endfacet
  facet normal 0.671472 -0.74103 0
    outer loop
      vertex -26.677 -16.323 0
      vertex -26.2988 -15.9803 1
      vertex -26.677 -16.323 1
    endloop
  endfacet
  facet normal 0.671472 -0.74103 0
    outer loop
      vertex -26.2988 -15.9803 1
      vertex -26.677 -16.323 0
      vertex -26.2988 -15.9803 0
    endloop
  endfacet
  facet normal -0.970027 0.242997 0
    outer loop
      vertex -18.0239 -21.5095 0
      vertex -17.8999 -21.0145 1
      vertex -17.8999 -21.0145 0
    endloop
  endfacet
  facet normal -0.970027 0.242997 0
    outer loop
      vertex -17.8999 -21.0145 1
      vertex -18.0239 -21.5095 0
      vertex -18.0239 -21.5095 1
    endloop
  endfacet
  facet normal 0.514179 -0.857683 0
    outer loop
      vertex -25.889 -15.6764 0
      vertex -25.4513 -15.414 1
      vertex -25.889 -15.6764 1
    endloop
  endfacet
  facet normal 0.514179 -0.857683 0
    outer loop
      vertex -25.4513 -15.414 1
      vertex -25.889 -15.6764 0
      vertex -25.4513 -15.414 0
    endloop
  endfacet
  facet normal 0.998799 0.0489896 0
    outer loop
      vertex -28.175 -20.5097 1
      vertex -28.2 -20 0
      vertex -28.2 -20 1
    endloop
  endfacet
  facet normal 0.998799 0.0489896 0
    outer loop
      vertex -28.2 -20 0
      vertex -28.175 -20.5097 1
      vertex -28.175 -20.5097 0
    endloop
  endfacet
  facet normal 0.970027 -0.242997 0
    outer loop
      vertex -28.1001 -18.9855 1
      vertex -27.9761 -18.4905 0
      vertex -27.9761 -18.4905 1
    endloop
  endfacet
  facet normal 0.970027 -0.242997 0
    outer loop
      vertex -27.9761 -18.4905 0
      vertex -28.1001 -18.9855 1
      vertex -28.1001 -18.9855 0
    endloop
  endfacet
  facet normal -0.427589 0.903973 0
    outer loop
      vertex -20.5487 -24.586 0
      vertex -21.01 -24.8042 1
      vertex -20.5487 -24.586 1
    endloop
  endfacet
  facet normal -0.427589 0.903973 0
    outer loop
      vertex -21.01 -24.8042 1
      vertex -20.5487 -24.586 0
      vertex -21.01 -24.8042 0
    endloop
  endfacet
  facet normal 0.336845 0.94156 -0
    outer loop
      vertex -24.5095 -24.9761 0
      vertex -24.99 -24.8042 1
      vertex -24.5095 -24.9761 1
    endloop
  endfacet
  facet normal 0.336845 0.94156 0
    outer loop
      vertex -24.99 -24.8042 1
      vertex -24.5095 -24.9761 0
      vertex -24.99 -24.8042 0
    endloop
  endfacet
  facet normal 0.336845 -0.94156 0
    outer loop
      vertex -24.99 -15.1958 0
      vertex -24.5095 -15.0239 1
      vertex -24.99 -15.1958 1
    endloop
  endfacet
  facet normal 0.336845 -0.94156 0
    outer loop
      vertex -24.5095 -15.0239 1
      vertex -24.99 -15.1958 0
      vertex -24.5095 -15.0239 0
    endloop
  endfacet
  facet normal -0.514179 0.857683 0
    outer loop
      vertex -20.111 -24.3236 0
      vertex -20.5487 -24.586 1
      vertex -20.111 -24.3236 1
    endloop
  endfacet
  facet normal -0.514179 0.857683 0
    outer loop
      vertex -20.5487 -24.586 1
      vertex -20.111 -24.3236 0
      vertex -20.5487 -24.586 0
    endloop
  endfacet
  facet normal -0.146769 0.989171 0
    outer loop
      vertex -21.9855 -25.1001 0
      vertex -22.4903 -25.175 1
      vertex -21.9855 -25.1001 1
    endloop
  endfacet
  facet normal -0.146769 0.989171 0
    outer loop
      vertex -22.4903 -25.175 1
      vertex -21.9855 -25.1001 0
      vertex -22.4903 -25.175 0
    endloop
  endfacet
  facet normal -0.74103 0.671472 0
    outer loop
      vertex -19.323 -23.677 0
      vertex -18.9803 -23.2988 1
      vertex -18.9803 -23.2988 0
    endloop
  endfacet
  facet normal -0.74103 0.671472 0
    outer loop
      vertex -18.9803 -23.2988 1
      vertex -19.323 -23.677 0
      vertex -19.323 -23.677 1
    endloop
  endfacet
  facet normal -0.803234 0.595663 0
    outer loop
      vertex -18.9803 -23.2988 0
      vertex -18.6764 -22.889 1
      vertex -18.6764 -22.889 0
    endloop
  endfacet
  facet normal -0.803234 0.595663 0
    outer loop
      vertex -18.6764 -22.889 1
      vertex -18.9803 -23.2988 0
      vertex -18.9803 -23.2988 1
    endloop
  endfacet
  facet normal 0.0489896 -0.998799 0
    outer loop
      vertex -23.5097 -14.825 0
      vertex -23 -14.8 1
      vertex -23.5097 -14.825 1
    endloop
  endfacet
  facet normal 0.0489896 -0.998799 0
    outer loop
      vertex -23 -14.8 1
      vertex -23.5097 -14.825 0
      vertex -23 -14.8 0
    endloop
  endfacet
  facet normal 0.427589 -0.903973 0
    outer loop
      vertex -25.4513 -15.414 0
      vertex -24.99 -15.1958 1
      vertex -25.4513 -15.414 1
    endloop
  endfacet
  facet normal 0.427589 -0.903973 0
    outer loop
      vertex -24.99 -15.1958 1
      vertex -25.4513 -15.414 0
      vertex -24.99 -15.1958 0
    endloop
  endfacet
  facet normal 0.595663 -0.803234 0
    outer loop
      vertex -26.2988 -15.9803 0
      vertex -25.889 -15.6764 1
      vertex -26.2988 -15.9803 1
    endloop
  endfacet
  facet normal 0.595663 -0.803234 0
    outer loop
      vertex -25.889 -15.6764 1
      vertex -26.2988 -15.9803 0
      vertex -25.889 -15.6764 0
    endloop
  endfacet
  facet normal 0.989171 -0.146769 0
    outer loop
      vertex -28.175 -19.4903 1
      vertex -28.1001 -18.9855 0
      vertex -28.1001 -18.9855 1
    endloop
  endfacet
  facet normal 0.989171 -0.146769 0
    outer loop
      vertex -28.1001 -18.9855 0
      vertex -28.175 -19.4903 1
      vertex -28.175 -19.4903 0
    endloop
  endfacet
  facet normal 0.242997 0.970027 -0
    outer loop
      vertex -24.0145 -25.1001 0
      vertex -24.5095 -24.9761 1
      vertex -24.0145 -25.1001 1
    endloop
  endfacet
  facet normal 0.242997 0.970027 0
    outer loop
      vertex -24.5095 -24.9761 1
      vertex -24.0145 -25.1001 0
      vertex -24.5095 -24.9761 0
    endloop
  endfacet
  facet normal -0.970027 -0.242997 0
    outer loop
      vertex -17.8999 -18.9855 0
      vertex -18.0239 -18.4905 1
      vertex -18.0239 -18.4905 0
    endloop
  endfacet
  facet normal -0.970027 -0.242997 0
    outer loop
      vertex -18.0239 -18.4905 1
      vertex -17.8999 -18.9855 0
      vertex -17.8999 -18.9855 1
    endloop
  endfacet
  facet normal -0.803234 -0.595663 0
    outer loop
      vertex -18.6764 -17.111 0
      vertex -18.9803 -16.7012 1
      vertex -18.9803 -16.7012 0
    endloop
  endfacet
  facet normal -0.803234 -0.595663 0
    outer loop
      vertex -18.9803 -16.7012 1
      vertex -18.6764 -17.111 0
      vertex -18.6764 -17.111 1
    endloop
  endfacet
  facet normal 0.803234 0.595663 0
    outer loop
      vertex -27.0197 -23.2988 1
      vertex -27.3236 -22.889 0
      vertex -27.3236 -22.889 1
    endloop
  endfacet
  facet normal 0.803234 0.595663 0
    outer loop
      vertex -27.3236 -22.889 0
      vertex -27.0197 -23.2988 1
      vertex -27.0197 -23.2988 0
    endloop
  endfacet
  facet normal 0.903973 0.427589 0
    outer loop
      vertex -27.586 -22.4513 1
      vertex -27.8042 -21.99 0
      vertex -27.8042 -21.99 1
    endloop
  endfacet
  facet normal 0.903973 0.427589 0
    outer loop
      vertex -27.8042 -21.99 0
      vertex -27.586 -22.4513 1
      vertex -27.586 -22.4513 0
    endloop
  endfacet
  facet normal -0.146769 -0.989171 0
    outer loop
      vertex -22.4903 -14.825 0
      vertex -21.9855 -14.8999 1
      vertex -22.4903 -14.825 1
    endloop
  endfacet
  facet normal -0.146769 -0.989171 -0
    outer loop
      vertex -21.9855 -14.8999 1
      vertex -22.4903 -14.825 0
      vertex -21.9855 -14.8999 0
    endloop
  endfacet
  facet normal 0.427589 0.903973 -0
    outer loop
      vertex -24.99 -24.8042 0
      vertex -25.4513 -24.586 1
      vertex -24.99 -24.8042 1
    endloop
  endfacet
  facet normal 0.427589 0.903973 0
    outer loop
      vertex -25.4513 -24.586 1
      vertex -24.99 -24.8042 0
      vertex -25.4513 -24.586 0
    endloop
  endfacet
  facet normal -0.595663 0.803234 0
    outer loop
      vertex -19.7012 -24.0197 0
      vertex -20.111 -24.3236 1
      vertex -19.7012 -24.0197 1
    endloop
  endfacet
  facet normal -0.595663 0.803234 0
    outer loop
      vertex -20.111 -24.3236 1
      vertex -19.7012 -24.0197 0
      vertex -20.111 -24.3236 0
    endloop
  endfacet
  facet normal -0.998799 0.0489896 0
    outer loop
      vertex -17.825 -20.5097 0
      vertex -17.8 -20 1
      vertex -17.8 -20 0
    endloop
  endfacet
  facet normal -0.998799 0.0489896 0
    outer loop
      vertex -17.8 -20 1
      vertex -17.825 -20.5097 0
      vertex -17.825 -20.5097 1
    endloop
  endfacet
  facet normal 0.146769 -0.989171 0
    outer loop
      vertex -24.0145 -14.8999 0
      vertex -23.5097 -14.825 1
      vertex -24.0145 -14.8999 1
    endloop
  endfacet
  facet normal 0.146769 -0.989171 0
    outer loop
      vertex -23.5097 -14.825 1
      vertex -24.0145 -14.8999 0
      vertex -23.5097 -14.825 0
    endloop
  endfacet
  facet normal 0.989171 0.146769 0
    outer loop
      vertex -28.1001 -21.0145 1
      vertex -28.175 -20.5097 0
      vertex -28.175 -20.5097 1
    endloop
  endfacet
  facet normal 0.989171 0.146769 0
    outer loop
      vertex -28.175 -20.5097 0
      vertex -28.1001 -21.0145 1
      vertex -28.1001 -21.0145 0
    endloop
  endfacet
  facet normal -0.336845 0.94156 0
    outer loop
      vertex -21.01 -24.8042 0
      vertex -21.4905 -24.9761 1
      vertex -21.01 -24.8042 1
    endloop
  endfacet
  facet normal -0.336845 0.94156 0
    outer loop
      vertex -21.4905 -24.9761 1
      vertex -21.01 -24.8042 0
      vertex -21.4905 -24.9761 0
    endloop
  endfacet
  facet normal -0.242997 0.970027 0
    outer loop
      vertex -21.4905 -24.9761 0
      vertex -21.9855 -25.1001 1
      vertex -21.4905 -24.9761 1
    endloop
  endfacet
  facet normal -0.242997 0.970027 0
    outer loop
      vertex -21.9855 -25.1001 1
      vertex -21.4905 -24.9761 0
      vertex -21.9855 -25.1001 0
    endloop
  endfacet
  facet normal 0.74103 0.671472 0
    outer loop
      vertex -26.677 -23.677 1
      vertex -27.0197 -23.2988 0
      vertex -27.0197 -23.2988 1
    endloop
  endfacet
  facet normal 0.74103 0.671472 0
    outer loop
      vertex -27.0197 -23.2988 0
      vertex -26.677 -23.677 1
      vertex -26.677 -23.677 0
    endloop
  endfacet
  facet normal 0.903973 -0.427589 0
    outer loop
      vertex -27.8042 -18.01 1
      vertex -27.586 -17.5487 0
      vertex -27.586 -17.5487 1
    endloop
  endfacet
  facet normal 0.903973 -0.427589 0
    outer loop
      vertex -27.586 -17.5487 0
      vertex -27.8042 -18.01 1
      vertex -27.8042 -18.01 0
    endloop
  endfacet
  facet normal 0.595663 0.803234 -0
    outer loop
      vertex -25.889 -24.3236 0
      vertex -26.2988 -24.0197 1
      vertex -25.889 -24.3236 1
    endloop
  endfacet
  facet normal 0.595663 0.803234 0
    outer loop
      vertex -26.2988 -24.0197 1
      vertex -25.889 -24.3236 0
      vertex -26.2988 -24.0197 0
    endloop
  endfacet
  facet normal -0.903973 0.427589 0
    outer loop
      vertex -18.414 -22.4513 0
      vertex -18.1958 -21.99 1
      vertex -18.1958 -21.99 0
    endloop
  endfacet
  facet normal -0.903973 0.427589 0
    outer loop
      vertex -18.1958 -21.99 1
      vertex -18.414 -22.4513 0
      vertex -18.414 -22.4513 1
    endloop
  endfacet
  facet normal -0.857683 0.514179 0
    outer loop
      vertex -18.6764 -22.889 0
      vertex -18.414 -22.4513 1
      vertex -18.414 -22.4513 0
    endloop
  endfacet
  facet normal -0.857683 0.514179 0
    outer loop
      vertex -18.414 -22.4513 1
      vertex -18.6764 -22.889 0
      vertex -18.6764 -22.889 1
    endloop
  endfacet
  facet normal 0.0489896 0.998799 -0
    outer loop
      vertex -23 -25.2 0
      vertex -23.5097 -25.175 1
      vertex -23 -25.2 1
    endloop
  endfacet
  facet normal 0.0489896 0.998799 0
    outer loop
      vertex -23.5097 -25.175 1
      vertex -23 -25.2 0
      vertex -23.5097 -25.175 0
    endloop
  endfacet
  facet normal 0 0 -1
    outer loop
      vertex -17.825 -20.5097 1
      vertex -17.825 -19.4903 1
      vertex -17.8 -20 1
    endloop
  endfacet
  facet normal 0 0 -1
    outer loop
      vertex -17.8999 -21.0145 1
      vertex -17.825 -19.4903 1
      vertex -17.825 -20.5097 1
    endloop
  endfacet
  facet normal 0 0 -1
    outer loop
      vertex -17.8999 -21.0145 1
      vertex -17.8999 -18.9855 1
      vertex -17.825 -19.4903 1
    endloop
  endfacet
  facet normal 0 0 -1
    outer loop
      vertex -18.0239 -21.5095 1
      vertex -17.8999 -18.9855 1
      vertex -17.8999 -21.0145 1
    endloop
  endfacet
  facet normal 0 0 -1
    outer loop
      vertex -18.0239 -21.5095 1
      vertex -18.0239 -18.4905 1
      vertex -17.8999 -18.9855 1
    endloop
  endfacet
  facet normal 0 0 -1
    outer loop
      vertex -18.1958 -21.99 1
      vertex -18.0239 -18.4905 1
      vertex -18.0239 -21.5095 1
    endloop
  endfacet
  facet normal 0 0 -1
    outer loop
      vertex -18.1958 -21.99 1
      vertex -18.1958 -18.01 1
      vertex -18.0239 -18.4905 1
    endloop
  endfacet
  facet normal 0 0 -1
    outer loop
      vertex -18.414 -22.4513 1
      vertex -18.1958 -18.01 1
      vertex -18.1958 -21.99 1
    endloop
  endfacet
  facet normal 0 0 -1
    outer loop
      vertex -18.414 -22.4513 1
      vertex -18.414 -17.5487 1
      vertex -18.1958 -18.01 1
    endloop
  endfacet
  facet normal 0 0 -1
    outer loop
      vertex -18.6764 -22.889 1
      vertex -18.414 -17.5487 1
      vertex -18.414 -22.4513 1
    endloop
  endfacet
  facet normal 0 0 -1
    outer loop
      vertex -18.6764 -22.889 1
      vertex -18.6764 -17.111 1
      vertex -18.414 -17.5487 1
    endloop
  endfacet
  facet normal 0 0 -1
    outer loop
      vertex -18.9803 -23.2988 1
      vertex -18.6764 -17.111 1
      vertex -18.6764 -22.889 1
    endloop
  endfacet
  facet normal 0 0 -1
    outer loop
      vertex -18.9803 -23.2988 1
      vertex -18.9803 -16.7012 1
      vertex -18.6764 -17.111 1
    endloop
  endfacet
  facet normal 0 0 -1
    outer loop
      vertex -19.323 -23.677 1
      vertex -18.9803 -16.7012 1
      vertex -18.9803 -23.2988 1
    endloop
  endfacet
  facet normal 0 0 -1
    outer loop
      vertex -19.323 -23.677 1
      vertex -19.323 -16.323 1
      vertex -18.9803 -16.7012 1
    endloop
  endfacet
  facet normal 0 0 -1
    outer loop
      vertex -19.7012 -24.0197 1
      vertex -19.323 -16.323 1
      vertex -19.323 -23.677 1
    endloop
  endfacet
  facet normal 0 0 -1
    outer loop
      vertex -19.7012 -24.0197 1
      vertex -19.7012 -15.9803 1
      vertex -19.323 -16.323 1
    endloop
  endfacet
  facet normal 0 0 -1
    outer loop
      vertex -20.111 -24.3236 1
      vertex -19.7012 -15.9803 1
      vertex -19.7012 -24.0197 1
    endloop
  endfacet
  facet normal 0 0 -1
    outer loop
      vertex -20.111 -24.3236 1
      vertex -20.111 -15.6764 1
      vertex -19.7012 -15.9803 1
    endloop
  endfacet
  facet normal 0 0 -1
    outer loop
      vertex -20.5487 -24.586 1
      vertex -20.111 -15.6764 1
      vertex -20.111 -24.3236 1
    endloop
  endfacet
  facet normal 0 0 -1
    outer loop
      vertex -20.5487 -24.586 1
      vertex -20.5487 -15.414 1
      vertex -20.111 -15.6764 1
    endloop
  endfacet
  facet normal 0 0 -1
    outer loop
      vertex -21.01 -24.8042 1
      vertex -20.5487 -15.414 1
      vertex -20.5487 -24.586 1
    endloop
  endfacet
  facet normal 0 0 -1
    outer loop
      vertex -21.01 -24.8042 1
      vertex -21.01 -15.1958 1
      vertex -20.5487 -15.414 1
    endloop
  endfacet
  facet normal 0 0 -1
    outer loop
      vertex -21.4905 -24.9761 1
      vertex -21.01 -15.1958 1
      vertex -21.01 -24.8042 1
    endloop
  endfacet
  facet normal 0 0 -1
    outer loop
      vertex -21.4905 -24.9761 1
      vertex -21.4905 -15.0239 1
      vertex -21.01 -15.1958 1
    endloop
  endfacet
  facet normal 0 0 -1
    outer loop
      vertex -21.9855 -25.1001 1
      vertex -21.4905 -15.0239 1
      vertex -21.4905 -24.9761 1
    endloop
  endfacet
  facet normal 0 0 -1
    outer loop
      vertex -21.9855 -25.1001 1
      vertex -21.9855 -14.8999 1
      vertex -21.4905 -15.0239 1
    endloop
  endfacet
  facet normal 0 0 -1
    outer loop
      vertex -22.4903 -25.175 1
      vertex -21.9855 -14.8999 1
      vertex -21.9855 -25.1001 1
    endloop
  endfacet
  facet normal 0 0 -1
    outer loop
      vertex -22.4903 -25.175 1
      vertex -22.4903 -14.825 1
      vertex -21.9855 -14.8999 1
    endloop
  endfacet
  facet normal 0 0 -1
    outer loop
      vertex -23 -25.2 1
      vertex -22.4903 -14.825 1
      vertex -22.4903 -25.175 1
    endloop
  endfacet
  facet normal 0 0 -1
    outer loop
      vertex -23 -25.2 1
      vertex -23 -14.8 1
      vertex -22.4903 -14.825 1
    endloop
  endfacet
  facet normal 0 0 -1
    outer loop
      vertex -23.5097 -25.175 1
      vertex -23 -14.8 1
      vertex -23 -25.2 1
    endloop
  endfacet
  facet normal 0 0 -1
    outer loop
      vertex -23.5097 -25.175 1
      vertex -23.5097 -14.825 1
      vertex -23 -14.8 1
    endloop
  endfacet
  facet normal 0 0 -1
    outer loop
      vertex -24.0145 -25.1001 1
      vertex -23.5097 -14.825 1
      vertex -23.5097 -25.175 1
    endloop
  endfacet
  facet normal 0 0 -1
    outer loop
      vertex -24.0145 -25.1001 1
      vertex -24.0145 -14.8999 1
      vertex -23.5097 -14.825 1
    endloop
  endfacet
  facet normal 0 0 -1
    outer loop
      vertex -24.5095 -24.9761 1
      vertex -24.0145 -14.8999 1
      vertex -24.0145 -25.1001 1
    endloop
  endfacet
  facet normal 0 0 -1
    outer loop
      vertex -24.5095 -24.9761 1
      vertex -24.5095 -15.0239 1
      vertex -24.0145 -14.8999 1
    endloop
  endfacet
  facet normal 0 0 -1
    outer loop
      vertex -24.99 -24.8042 1
      vertex -24.5095 -15.0239 1
      vertex -24.5095 -24.9761 1
    endloop
  endfacet
  facet normal 0 0 -1
    outer loop
      vertex -24.99 -24.8042 1
      vertex -24.99 -15.1958 1
      vertex -24.5095 -15.0239 1
    endloop
  endfacet
  facet normal 0 0 -1
    outer loop
      vertex -25.4513 -24.586 1
      vertex -24.99 -15.1958 1
      vertex -24.99 -24.8042 1
    endloop
  endfacet
  facet normal 0 0 -1
    outer loop
      vertex -25.4513 -24.586 1
      vertex -25.4513 -15.414 1
      vertex -24.99 -15.1958 1
    endloop
  endfacet
  facet normal 0 0 -1
    outer loop
      vertex -25.889 -24.3236 1
      vertex -25.4513 -15.414 1
      vertex -25.4513 -24.586 1
    endloop
  endfacet
  facet normal 0 0 -1
    outer loop
      vertex -25.889 -24.3236 1
      vertex -25.889 -15.6764 1
      vertex -25.4513 -15.414 1
    endloop
  endfacet
  facet normal 0 0 -1
    outer loop
      vertex -26.2988 -24.0197 1
      vertex -25.889 -15.6764 1
      vertex -25.889 -24.3236 1
    endloop
  endfacet
  facet normal 0 0 -1
    outer loop
      vertex -26.2988 -24.0197 1
      vertex -26.2988 -15.9803 1
      vertex -25.889 -15.6764 1
    endloop
  endfacet
  facet normal 0 0 -1
    outer loop
      vertex -26.677 -23.677 1
      vertex -26.2988 -15.9803 1
      vertex -26.2988 -24.0197 1
    endloop
  endfacet
  facet normal 0 0 -1
    outer loop
      vertex -26.677 -23.677 1
      vertex -26.677 -16.323 1
      vertex -26.2988 -15.9803 1
    endloop
  endfacet
  facet normal 0 0 -1
    outer loop
      vertex -27.0197 -23.2988 1
      vertex -26.677 -16.323 1
      vertex -26.677 -23.677 1
    endloop
  endfacet
  facet normal 0 0 -1
    outer loop
      vertex -27.0197 -23.2988 1
      vertex -27.0197 -16.7012 1
      vertex -26.677 -16.323 1
    endloop
  endfacet
  facet normal 0 0 -1
    outer loop
      vertex -27.3236 -22.889 1
      vertex -27.0197 -16.7012 1
      vertex -27.0197 -23.2988 1
    endloop
  endfacet
  facet normal 0 0 -1
    outer loop
      vertex -27.3236 -22.889 1
      vertex -27.3236 -17.111 1
      vertex -27.0197 -16.7012 1
    endloop
  endfacet
  facet normal 0 0 -1
    outer loop
      vertex -27.586 -22.4513 1
      vertex -27.3236 -17.111 1
      vertex -27.3236 -22.889 1
    endloop
  endfacet
  facet normal 0 0 -1
    outer loop
      vertex -27.586 -22.4513 1
      vertex -27.586 -17.5487 1
      vertex -27.3236 -17.111 1
    endloop
  endfacet
  facet normal 0 0 -1
    outer loop
      vertex -27.8042 -21.99 1
      vertex -27.586 -17.5487 1
      vertex -27.586 -22.4513 1
    endloop
  endfacet
  facet normal 0 0 -1
    outer loop
      vertex -27.8042 -21.99 1
      vertex -27.8042 -18.01 1
      vertex -27.586 -17.5487 1
    endloop
  endfacet
  facet normal 0 0 -1
    outer loop
      vertex -27.9761 -21.5095 1
      vertex -27.8042 -18.01 1
      vertex -27.8042 -21.99 1
    endloop
  endfacet
  facet normal 0 0 -1
    outer loop
      vertex -27.9761 -21.5095 1
      vertex -27.9761 -18.4905 1
      vertex -27.8042 -18.01 1
    endloop
  endfacet
  facet normal 0 0 -1
    outer loop
      vertex -28.1001 -21.0145 1
      vertex -27.9761 -18.4905 1
      vertex -27.9761 -21.5095 1
    endloop
  endfacet
  facet normal 0 0 -1
    outer loop
      vertex -28.1001 -21.0145 1
      vertex -28.1001 -18.9855 1
      vertex -27.9761 -18.4905 1
    endloop
  endfacet
  facet normal 0 0 -1
    outer loop
      vertex -28.175 -20.5097 1
      vertex -28.1001 -18.9855 1
      vertex -28.1001 -21.0145 1
    endloop
  endfacet
  facet normal 0 0 -1
    outer loop
      vertex -28.175 -20.5097 1
      vertex -28.175 -19.4903 1
      vertex -28.1001 -18.9855 1
    endloop
  endfacet
  facet normal 0 -0 -1
    outer loop
      vertex -28.175 -19.4903 1
      vertex -28.175 -20.5097 1
      vertex -28.2 -20 1
    endloop
  endfacet
  facet normal 0.998799 -0.0489896 0
    outer loop
      vertex -28.2 -20 1
      vertex -28.175 -19.4903 0
      vertex -28.175 -19.4903 1
    endloop
  endfacet
  facet normal 0.998799 -0.0489896 0
    outer loop
      vertex -28.175 -19.4903 0
      vertex -28.2 -20 1
      vertex -28.2 -20 0
    endloop
  endfacet
  facet normal -0.671472 0.74103 0
    outer loop
      vertex -19.323 -23.677 0
      vertex -19.7012 -24.0197 1
      vertex -19.323 -23.677 1
    endloop
  endfacet
  facet normal -0.671472 0.74103 0
    outer loop
      vertex -19.7012 -24.0197 1
      vertex -19.323 -23.677 0
      vertex -19.7012 -24.0197 0
    endloop
  endfacet
  facet normal -0.989171 -0.146769 0
    outer loop
      vertex -17.825 20.5097 0
      vertex -17.8999 21.0145 1
      vertex -17.8999 21.0145 0
    endloop
  endfacet
  facet normal -0.989171 -0.146769 0
    outer loop
      vertex -17.8999 21.0145 1
      vertex -17.825 20.5097 0
      vertex -17.825 20.5097 1
    endloop
  endfacet
  facet normal -0.998799 -0.0489896 0
    outer loop
      vertex -17.8 20 0
      vertex -17.825 20.5097 1
      vertex -17.825 20.5097 0
    endloop
  endfacet
  facet normal -0.998799 -0.0489896 0
    outer loop
      vertex -17.825 20.5097 1
      vertex -17.8 20 0
      vertex -17.8 20 1
    endloop
  endfacet
  facet normal -0.970027 -0.242997 0
    outer loop
      vertex -17.8999 21.0145 0
      vertex -18.0239 21.5095 1
      vertex -18.0239 21.5095 0
    endloop
  endfacet
  facet normal -0.970027 -0.242997 0
    outer loop
      vertex -18.0239 21.5095 1
      vertex -17.8999 21.0145 0
      vertex -17.8999 21.0145 1
    endloop
  endfacet
  facet normal -0.998799 0.0489896 0
    outer loop
      vertex -17.825 19.4903 0
      vertex -17.8 20 1
      vertex -17.8 20 0
    endloop
  endfacet
  facet normal -0.998799 0.0489896 0
    outer loop
      vertex -17.8 20 1
      vertex -17.825 19.4903 0
      vertex -17.825 19.4903 1
    endloop
  endfacet
  facet normal 0.514179 -0.857683 0
    outer loop
      vertex -25.889 24.3236 0
      vertex -25.4513 24.586 1
      vertex -25.889 24.3236 1
    endloop
  endfacet
  facet normal 0.514179 -0.857683 0
    outer loop
      vertex -25.4513 24.586 1
      vertex -25.889 24.3236 0
      vertex -25.4513 24.586 0
    endloop
  endfacet
  facet normal 0.671472 0.74103 -0
    outer loop
      vertex -26.2988 15.9803 0
      vertex -26.677 16.323 1
      vertex -26.2988 15.9803 1
    endloop
  endfacet
  facet normal 0.671472 0.74103 0
    outer loop
      vertex -26.677 16.323 1
      vertex -26.2988 15.9803 0
      vertex -26.677 16.323 0
    endloop
  endfacet
  facet normal 0.514179 0.857683 -0
    outer loop
      vertex -25.4513 15.414 0
      vertex -25.889 15.6764 1
      vertex -25.4513 15.414 1
    endloop
  endfacet
  facet normal 0.514179 0.857683 0
    outer loop
      vertex -25.889 15.6764 1
      vertex -25.4513 15.414 0
      vertex -25.889 15.6764 0
    endloop
  endfacet
  facet normal 0.803234 -0.595663 0
    outer loop
      vertex -27.3236 22.889 1
      vertex -27.0197 23.2988 0
      vertex -27.0197 23.2988 1
    endloop
  endfacet
  facet normal 0.803234 -0.595663 0
    outer loop
      vertex -27.0197 23.2988 0
      vertex -27.3236 22.889 1
      vertex -27.3236 22.889 0
    endloop
  endfacet
  facet normal -0.427589 0.903973 0
    outer loop
      vertex -20.5487 15.414 0
      vertex -21.01 15.1958 1
      vertex -20.5487 15.414 1
    endloop
  endfacet
  facet normal -0.427589 0.903973 0
    outer loop
      vertex -21.01 15.1958 1
      vertex -20.5487 15.414 0
      vertex -21.01 15.1958 0
    endloop
  endfacet
  facet normal 0.857683 -0.514179 0
    outer loop
      vertex -27.586 22.4513 1
      vertex -27.3236 22.889 0
      vertex -27.3236 22.889 1
    endloop
  endfacet
  facet normal 0.857683 -0.514179 0
    outer loop
      vertex -27.3236 22.889 0
      vertex -27.586 22.4513 1
      vertex -27.586 22.4513 0
    endloop
  endfacet
  facet normal 0.595663 0.803234 -0
    outer loop
      vertex -25.889 15.6764 0
      vertex -26.2988 15.9803 1
      vertex -25.889 15.6764 1
    endloop
  endfacet
  facet normal 0.595663 0.803234 0
    outer loop
      vertex -26.2988 15.9803 1
      vertex -25.889 15.6764 0
      vertex -26.2988 15.9803 0
    endloop
  endfacet
  facet normal 0.242997 0.970027 -0
    outer loop
      vertex -24.0145 14.8999 0
      vertex -24.5095 15.0239 1
      vertex -24.0145 14.8999 1
    endloop
  endfacet
  facet normal 0.242997 0.970027 0
    outer loop
      vertex -24.5095 15.0239 1
      vertex -24.0145 14.8999 0
      vertex -24.5095 15.0239 0
    endloop
  endfacet
  facet normal 0.671472 -0.74103 0
    outer loop
      vertex -26.677 23.677 0
      vertex -26.2988 24.0197 1
      vertex -26.677 23.677 1
    endloop
  endfacet
  facet normal 0.671472 -0.74103 0
    outer loop
      vertex -26.2988 24.0197 1
      vertex -26.677 23.677 0
      vertex -26.2988 24.0197 0
    endloop
  endfacet
  facet normal 0.0489896 0.998799 -0
    outer loop
      vertex -23 14.8 0
      vertex -23.5097 14.825 1
      vertex -23 14.8 1
    endloop
  endfacet
  facet normal 0.0489896 0.998799 0
    outer loop
      vertex -23.5097 14.825 1
      vertex -23 14.8 0
      vertex -23.5097 14.825 0
    endloop
  endfacet
  facet normal -0.903973 0.427589 0
    outer loop
      vertex -18.414 17.5487 0
      vertex -18.1958 18.01 1
      vertex -18.1958 18.01 0
    endloop
  endfacet
  facet normal -0.903973 0.427589 0
    outer loop
      vertex -18.1958 18.01 1
      vertex -18.414 17.5487 0
      vertex -18.414 17.5487 1
    endloop
  endfacet
  facet normal -0.74103 0.671472 0
    outer loop
      vertex -19.323 16.323 0
      vertex -18.9803 16.7012 1
      vertex -18.9803 16.7012 0
    endloop
  endfacet
  facet normal -0.74103 0.671472 0
    outer loop
      vertex -18.9803 16.7012 1
      vertex -19.323 16.323 0
      vertex -19.323 16.323 1
    endloop
  endfacet
  facet normal -0.989171 0.146769 0
    outer loop
      vertex -17.8999 18.9855 0
      vertex -17.825 19.4903 1
      vertex -17.825 19.4903 0
    endloop
  endfacet
  facet normal -0.989171 0.146769 0
    outer loop
      vertex -17.825 19.4903 1
      vertex -17.8999 18.9855 0
      vertex -17.8999 18.9855 1
    endloop
  endfacet
  facet normal 0.74103 -0.671472 0
    outer loop
      vertex -27.0197 23.2988 1
      vertex -26.677 23.677 0
      vertex -26.677 23.677 1
    endloop
  endfacet
  facet normal 0.74103 -0.671472 0
    outer loop
      vertex -26.677 23.677 0
      vertex -27.0197 23.2988 1
      vertex -27.0197 23.2988 0
    endloop
  endfacet
  facet normal -0.595663 -0.803234 0
    outer loop
      vertex -20.111 24.3236 0
      vertex -19.7012 24.0197 1
      vertex -20.111 24.3236 1
    endloop
  endfacet
  facet normal -0.595663 -0.803234 -0
    outer loop
      vertex -19.7012 24.0197 1
      vertex -20.111 24.3236 0
      vertex -19.7012 24.0197 0
    endloop
  endfacet
  facet normal -0.242997 -0.970027 0
    outer loop
      vertex -21.9855 25.1001 0
      vertex -21.4905 24.9761 1
      vertex -21.9855 25.1001 1
    endloop
  endfacet
  facet normal -0.242997 -0.970027 -0
    outer loop
      vertex -21.4905 24.9761 1
      vertex -21.9855 25.1001 0
      vertex -21.4905 24.9761 0
    endloop
  endfacet
  facet normal 0.595663 -0.803234 0
    outer loop
      vertex -26.2988 24.0197 0
      vertex -25.889 24.3236 1
      vertex -26.2988 24.0197 1
    endloop
  endfacet
  facet normal 0.595663 -0.803234 0
    outer loop
      vertex -25.889 24.3236 1
      vertex -26.2988 24.0197 0
      vertex -25.889 24.3236 0
    endloop
  endfacet
  facet normal -0.336845 0.94156 0
    outer loop
      vertex -21.01 15.1958 0
      vertex -21.4905 15.0239 1
      vertex -21.01 15.1958 1
    endloop
  endfacet
  facet normal -0.336845 0.94156 0
    outer loop
      vertex -21.4905 15.0239 1
      vertex -21.01 15.1958 0
      vertex -21.4905 15.0239 0
    endloop
  endfacet
  facet normal -0.671472 0.74103 0
    outer loop
      vertex -19.323 16.323 0
      vertex -19.7012 15.9803 1
      vertex -19.323 16.323 1
    endloop
  endfacet
  facet normal -0.671472 0.74103 0
    outer loop
      vertex -19.7012 15.9803 1
      vertex -19.323 16.323 0
      vertex -19.7012 15.9803 0
    endloop
  endfacet
  facet normal -0.803234 -0.595663 0
    outer loop
      vertex -18.6764 22.889 0
      vertex -18.9803 23.2988 1
      vertex -18.9803 23.2988 0
    endloop
  endfacet
  facet normal -0.803234 -0.595663 0
    outer loop
      vertex -18.9803 23.2988 1
      vertex -18.6764 22.889 0
      vertex -18.6764 22.889 1
    endloop
  endfacet
  facet normal -0.146769 0.989171 0
    outer loop
      vertex -21.9855 14.8999 0
      vertex -22.4903 14.825 1
      vertex -21.9855 14.8999 1
    endloop
  endfacet
  facet normal -0.146769 0.989171 0
    outer loop
      vertex -22.4903 14.825 1
      vertex -21.9855 14.8999 0
      vertex -22.4903 14.825 0
    endloop
  endfacet
  facet normal -0.427589 -0.903973 0
    outer loop
      vertex -21.01 24.8042 0
      vertex -20.5487 24.586 1
      vertex -21.01 24.8042 1
    endloop
  endfacet
  facet normal -0.427589 -0.903973 -0
    outer loop
      vertex -20.5487 24.586 1
      vertex -21.01 24.8042 0
      vertex -20.5487 24.586 0
    endloop
  endfacet
  facet normal 0.336845 0.94156 -0
    outer loop
      vertex -24.5095 15.0239 0
      vertex -24.99 15.1958 1
      vertex -24.5095 15.0239 1
    endloop
  endfacet
  facet normal 0.336845 0.94156 0
    outer loop
      vertex -24.99 15.1958 1
      vertex -24.5095 15.0239 0
      vertex -24.99 15.1958 0
    endloop
  endfacet
  facet normal 0.74103 0.671472 0
    outer loop
      vertex -26.677 16.323 1
      vertex -27.0197 16.7012 0
      vertex -27.0197 16.7012 1
    endloop
  endfacet
  facet normal 0.74103 0.671472 0
    outer loop
      vertex -27.0197 16.7012 0
      vertex -26.677 16.323 1
      vertex -26.677 16.323 0
    endloop
  endfacet
  facet normal 0.427589 -0.903973 0
    outer loop
      vertex -25.4513 24.586 0
      vertex -24.99 24.8042 1
      vertex -25.4513 24.586 1
    endloop
  endfacet
  facet normal 0.427589 -0.903973 0
    outer loop
      vertex -24.99 24.8042 1
      vertex -25.4513 24.586 0
      vertex -24.99 24.8042 0
    endloop
  endfacet
  facet normal 0.903973 -0.427589 0
    outer loop
      vertex -27.8042 21.99 1
      vertex -27.586 22.4513 0
      vertex -27.586 22.4513 1
    endloop
  endfacet
  facet normal 0.903973 -0.427589 0
    outer loop
      vertex -27.586 22.4513 0
      vertex -27.8042 21.99 1
      vertex -27.8042 21.99 0
    endloop
  endfacet
  facet normal 0.803234 0.595663 0
    outer loop
      vertex -27.0197 16.7012 1
      vertex -27.3236 17.111 0
      vertex -27.3236 17.111 1
    endloop
  endfacet
  facet normal 0.803234 0.595663 0
    outer loop
      vertex -27.3236 17.111 0
      vertex -27.0197 16.7012 1
      vertex -27.0197 16.7012 0
    endloop
  endfacet
  facet normal -0.803234 0.595663 0
    outer loop
      vertex -18.9803 16.7012 0
      vertex -18.6764 17.111 1
      vertex -18.6764 17.111 0
    endloop
  endfacet
  facet normal -0.803234 0.595663 0
    outer loop
      vertex -18.6764 17.111 1
      vertex -18.9803 16.7012 0
      vertex -18.9803 16.7012 1
    endloop
  endfacet
  facet normal 0.0489896 -0.998799 0
    outer loop
      vertex -23.5097 25.175 0
      vertex -23 25.2 1
      vertex -23.5097 25.175 1
    endloop
  endfacet
  facet normal 0.0489896 -0.998799 0
    outer loop
      vertex -23 25.2 1
      vertex -23.5097 25.175 0
      vertex -23 25.2 0
    endloop
  endfacet
  facet normal -0.336845 -0.94156 0
    outer loop
      vertex -21.4905 24.9761 0
      vertex -21.01 24.8042 1
      vertex -21.4905 24.9761 1
    endloop
  endfacet
  facet normal -0.336845 -0.94156 -0
    outer loop
      vertex -21.01 24.8042 1
      vertex -21.4905 24.9761 0
      vertex -21.01 24.8042 0
    endloop
  endfacet
  facet normal 0.989171 0.146769 0
    outer loop
      vertex -28.1001 18.9855 1
      vertex -28.175 19.4903 0
      vertex -28.175 19.4903 1
    endloop
  endfacet
  facet normal 0.989171 0.146769 0
    outer loop
      vertex -28.175 19.4903 0
      vertex -28.1001 18.9855 1
      vertex -28.1001 18.9855 0
    endloop
  endfacet
  facet normal -0.0489896 -0.998799 0
    outer loop
      vertex -23 25.2 0
      vertex -22.4903 25.175 1
      vertex -23 25.2 1
    endloop
  endfacet
  facet normal -0.0489896 -0.998799 -0
    outer loop
      vertex -22.4903 25.175 1
      vertex -23 25.2 0
      vertex -22.4903 25.175 0
    endloop
  endfacet
  facet normal -0.595663 0.803234 0
    outer loop
      vertex -19.7012 15.9803 0
      vertex -20.111 15.6764 1
      vertex -19.7012 15.9803 1
    endloop
  endfacet
  facet normal -0.595663 0.803234 0
    outer loop
      vertex -20.111 15.6764 1
      vertex -19.7012 15.9803 0
      vertex -20.111 15.6764 0
    endloop
  endfacet
  facet normal -0.671472 -0.74103 0
    outer loop
      vertex -19.7012 24.0197 0
      vertex -19.323 23.677 1
      vertex -19.7012 24.0197 1
    endloop
  endfacet
  facet normal -0.671472 -0.74103 -0
    outer loop
      vertex -19.323 23.677 1
      vertex -19.7012 24.0197 0
      vertex -19.323 23.677 0
    endloop
  endfacet
  facet normal 0.94156 0.336845 0
    outer loop
      vertex -27.8042 18.01 1
      vertex -27.9761 18.4905 0
      vertex -27.9761 18.4905 1
    endloop
  endfacet
  facet normal 0.94156 0.336845 0
    outer loop
      vertex -27.9761 18.4905 0
      vertex -27.8042 18.01 1
      vertex -27.8042 18.01 0
    endloop
  endfacet
  facet normal -0.857683 0.514179 0
    outer loop
      vertex -18.6764 17.111 0
      vertex -18.414 17.5487 1
      vertex -18.414 17.5487 0
    endloop
  endfacet
  facet normal -0.857683 0.514179 0
    outer loop
      vertex -18.414 17.5487 1
      vertex -18.6764 17.111 0
      vertex -18.6764 17.111 1
    endloop
  endfacet
  facet normal -0.146769 -0.989171 0
    outer loop
      vertex -22.4903 25.175 0
      vertex -21.9855 25.1001 1
      vertex -22.4903 25.175 1
    endloop
  endfacet
  facet normal -0.146769 -0.989171 -0
    outer loop
      vertex -21.9855 25.1001 1
      vertex -22.4903 25.175 0
      vertex -21.9855 25.1001 0
    endloop
  endfacet
  facet normal -0.94156 -0.336845 0
    outer loop
      vertex -18.0239 21.5095 0
      vertex -18.1958 21.99 1
      vertex -18.1958 21.99 0
    endloop
  endfacet
  facet normal -0.94156 -0.336845 0
    outer loop
      vertex -18.1958 21.99 1
      vertex -18.0239 21.5095 0
      vertex -18.0239 21.5095 1
    endloop
  endfacet
  facet normal -0.514179 -0.857683 0
    outer loop
      vertex -20.5487 24.586 0
      vertex -20.111 24.3236 1
      vertex -20.5487 24.586 1
    endloop
  endfacet
  facet normal -0.514179 -0.857683 -0
    outer loop
      vertex -20.111 24.3236 1
      vertex -20.5487 24.586 0
      vertex -20.111 24.3236 0
    endloop
  endfacet
  facet normal -0.970027 0.242997 0
    outer loop
      vertex -18.0239 18.4905 0
      vertex -17.8999 18.9855 1
      vertex -17.8999 18.9855 0
    endloop
  endfacet
  facet normal -0.970027 0.242997 0
    outer loop
      vertex -17.8999 18.9855 1
      vertex -18.0239 18.4905 0
      vertex -18.0239 18.4905 1
    endloop
  endfacet
  facet normal 0.857683 0.514179 0
    outer loop
      vertex -27.3236 17.111 1
      vertex -27.586 17.5487 0
      vertex -27.586 17.5487 1
    endloop
  endfacet
  facet normal 0.857683 0.514179 0
    outer loop
      vertex -27.586 17.5487 0
      vertex -27.3236 17.111 1
      vertex -27.3236 17.111 0
    endloop
  endfacet
  facet normal 0.146769 0.989171 -0
    outer loop
      vertex -23.5097 14.825 0
      vertex -24.0145 14.8999 1
      vertex -23.5097 14.825 1
    endloop
  endfacet
  facet normal 0.146769 0.989171 0
    outer loop
      vertex -24.0145 14.8999 1
      vertex -23.5097 14.825 0
      vertex -24.0145 14.8999 0
    endloop
  endfacet
  facet normal -0.903973 -0.427589 0
    outer loop
      vertex -18.1958 21.99 0
      vertex -18.414 22.4513 1
      vertex -18.414 22.4513 0
    endloop
  endfacet
  facet normal -0.903973 -0.427589 0
    outer loop
      vertex -18.414 22.4513 1
      vertex -18.1958 21.99 0
      vertex -18.1958 21.99 1
    endloop
  endfacet
  facet normal -0.94156 0.336845 0
    outer loop
      vertex -18.1958 18.01 0
      vertex -18.0239 18.4905 1
      vertex -18.0239 18.4905 0
    endloop
  endfacet
  facet normal -0.94156 0.336845 0
    outer loop
      vertex -18.0239 18.4905 1
      vertex -18.1958 18.01 0
      vertex -18.1958 18.01 1
    endloop
  endfacet
  facet normal -0.857683 -0.514179 0
    outer loop
      vertex -18.414 22.4513 0
      vertex -18.6764 22.889 1
      vertex -18.6764 22.889 0
    endloop
  endfacet
  facet normal -0.857683 -0.514179 0
    outer loop
      vertex -18.6764 22.889 1
      vertex -18.414 22.4513 0
      vertex -18.414 22.4513 1
    endloop
  endfacet
  facet normal -0.242997 0.970027 0
    outer loop
      vertex -21.4905 15.0239 0
      vertex -21.9855 14.8999 1
      vertex -21.4905 15.0239 1
    endloop
  endfacet
  facet normal -0.242997 0.970027 0
    outer loop
      vertex -21.9855 14.8999 1
      vertex -21.4905 15.0239 0
      vertex -21.9855 14.8999 0
    endloop
  endfacet
  facet normal 0.242997 -0.970027 0
    outer loop
      vertex -24.5095 24.9761 0
      vertex -24.0145 25.1001 1
      vertex -24.5095 24.9761 1
    endloop
  endfacet
  facet normal 0.242997 -0.970027 0
    outer loop
      vertex -24.0145 25.1001 1
      vertex -24.5095 24.9761 0
      vertex -24.0145 25.1001 0
    endloop
  endfacet
  facet normal 0.146769 -0.989171 0
    outer loop
      vertex -24.0145 25.1001 0
      vertex -23.5097 25.175 1
      vertex -24.0145 25.1001 1
    endloop
  endfacet
  facet normal 0.146769 -0.989171 0
    outer loop
      vertex -23.5097 25.175 1
      vertex -24.0145 25.1001 0
      vertex -23.5097 25.175 0
    endloop
  endfacet
  facet normal 0.336845 -0.94156 0
    outer loop
      vertex -24.99 24.8042 0
      vertex -24.5095 24.9761 1
      vertex -24.99 24.8042 1
    endloop
  endfacet
  facet normal 0.336845 -0.94156 0
    outer loop
      vertex -24.5095 24.9761 1
      vertex -24.99 24.8042 0
      vertex -24.5095 24.9761 0
    endloop
  endfacet
  facet normal 0.970027 -0.242997 0
    outer loop
      vertex -28.1001 21.0145 1
      vertex -27.9761 21.5095 0
      vertex -27.9761 21.5095 1
    endloop
  endfacet
  facet normal 0.970027 -0.242997 0
    outer loop
      vertex -27.9761 21.5095 0
      vertex -28.1001 21.0145 1
      vertex -28.1001 21.0145 0
    endloop
  endfacet
  facet normal 0.998799 0.0489896 0
    outer loop
      vertex -28.175 19.4903 1
      vertex -28.2 20 0
      vertex -28.2 20 1
    endloop
  endfacet
  facet normal 0.998799 0.0489896 0
    outer loop
      vertex -28.2 20 0
      vertex -28.175 19.4903 1
      vertex -28.175 19.4903 0
    endloop
  endfacet
  facet normal -0.514179 0.857683 0
    outer loop
      vertex -20.111 15.6764 0
      vertex -20.5487 15.414 1
      vertex -20.111 15.6764 1
    endloop
  endfacet
  facet normal -0.514179 0.857683 0
    outer loop
      vertex -20.5487 15.414 1
      vertex -20.111 15.6764 0
      vertex -20.5487 15.414 0
    endloop
  endfacet
  facet normal -0.0489896 0.998799 0
    outer loop
      vertex -22.4903 14.825 0
      vertex -23 14.8 1
      vertex -22.4903 14.825 1
    endloop
  endfacet
  facet normal -0.0489896 0.998799 0
    outer loop
      vertex -23 14.8 1
      vertex -22.4903 14.825 0
      vertex -23 14.8 0
    endloop
  endfacet
  facet normal -0.74103 -0.671472 0
    outer loop
      vertex -18.9803 23.2988 0
      vertex -19.323 23.677 1
      vertex -19.323 23.677 0
    endloop
  endfacet
  facet normal -0.74103 -0.671472 0
    outer loop
      vertex -19.323 23.677 1
      vertex -18.9803 23.2988 0
      vertex -18.9803 23.2988 1
    endloop
  endfacet
  facet normal 0.970027 0.242997 0
    outer loop
      vertex -27.9761 18.4905 1
      vertex -28.1001 18.9855 0
      vertex -28.1001 18.9855 1
    endloop
  endfacet
  facet normal 0.970027 0.242997 0
    outer loop
      vertex -28.1001 18.9855 0
      vertex -27.9761 18.4905 1
      vertex -27.9761 18.4905 0
    endloop
  endfacet
  facet normal 0.989171 -0.146769 0
    outer loop
      vertex -28.175 20.5097 1
      vertex -28.1001 21.0145 0
      vertex -28.1001 21.0145 1
    endloop
  endfacet
  facet normal 0.989171 -0.146769 0
    outer loop
      vertex -28.1001 21.0145 0
      vertex -28.175 20.5097 1
      vertex -28.175 20.5097 0
    endloop
  endfacet
  facet normal 0 0 -1
    outer loop
      vertex -17.825 19.4903 1
      vertex -17.825 20.5097 1
      vertex -17.8 20 1
    endloop
  endfacet
  facet normal 0 0 -1
    outer loop
      vertex -17.8999 18.9855 1
      vertex -17.825 20.5097 1
      vertex -17.825 19.4903 1
    endloop
  endfacet
  facet normal 0 0 -1
    outer loop
      vertex -17.8999 18.9855 1
      vertex -17.8999 21.0145 1
      vertex -17.825 20.5097 1
    endloop
  endfacet
  facet normal 0 0 -1
    outer loop
      vertex -18.0239 18.4905 1
      vertex -17.8999 21.0145 1
      vertex -17.8999 18.9855 1
    endloop
  endfacet
  facet normal 0 0 -1
    outer loop
      vertex -18.0239 18.4905 1
      vertex -18.0239 21.5095 1
      vertex -17.8999 21.0145 1
    endloop
  endfacet
  facet normal 0 0 -1
    outer loop
      vertex -18.1958 18.01 1
      vertex -18.0239 21.5095 1
      vertex -18.0239 18.4905 1
    endloop
  endfacet
  facet normal 0 0 -1
    outer loop
      vertex -18.1958 18.01 1
      vertex -18.1958 21.99 1
      vertex -18.0239 21.5095 1
    endloop
  endfacet
  facet normal 0 0 -1
    outer loop
      vertex -18.414 17.5487 1
      vertex -18.1958 21.99 1
      vertex -18.1958 18.01 1
    endloop
  endfacet
  facet normal 0 0 -1
    outer loop
      vertex -18.414 17.5487 1
      vertex -18.414 22.4513 1
      vertex -18.1958 21.99 1
    endloop
  endfacet
  facet normal 0 0 -1
    outer loop
      vertex -18.6764 17.111 1
      vertex -18.414 22.4513 1
      vertex -18.414 17.5487 1
    endloop
  endfacet
  facet normal 0 0 -1
    outer loop
      vertex -18.6764 17.111 1
      vertex -18.6764 22.889 1
      vertex -18.414 22.4513 1
    endloop
  endfacet
  facet normal 0 0 -1
    outer loop
      vertex -18.9803 16.7012 1
      vertex -18.6764 22.889 1
      vertex -18.6764 17.111 1
    endloop
  endfacet
  facet normal 0 0 -1
    outer loop
      vertex -18.9803 16.7012 1
      vertex -18.9803 23.2988 1
      vertex -18.6764 22.889 1
    endloop
  endfacet
  facet normal 0 0 -1
    outer loop
      vertex -19.323 16.323 1
      vertex -18.9803 23.2988 1
      vertex -18.9803 16.7012 1
    endloop
  endfacet
  facet normal 0 0 -1
    outer loop
      vertex -19.323 16.323 1
      vertex -19.323 23.677 1
      vertex -18.9803 23.2988 1
    endloop
  endfacet
  facet normal 0 0 -1
    outer loop
      vertex -19.7012 15.9803 1
      vertex -19.323 23.677 1
      vertex -19.323 16.323 1
    endloop
  endfacet
  facet normal 0 0 -1
    outer loop
      vertex -19.7012 15.9803 1
      vertex -19.7012 24.0197 1
      vertex -19.323 23.677 1
    endloop
  endfacet
  facet normal 0 0 -1
    outer loop
      vertex -20.111 15.6764 1
      vertex -19.7012 24.0197 1
      vertex -19.7012 15.9803 1
    endloop
  endfacet
  facet normal 0 0 -1
    outer loop
      vertex -20.111 15.6764 1
      vertex -20.111 24.3236 1
      vertex -19.7012 24.0197 1
    endloop
  endfacet
  facet normal 0 0 -1
    outer loop
      vertex -20.5487 15.414 1
      vertex -20.111 24.3236 1
      vertex -20.111 15.6764 1
    endloop
  endfacet
  facet normal 0 0 -1
    outer loop
      vertex -20.5487 15.414 1
      vertex -20.5487 24.586 1
      vertex -20.111 24.3236 1
    endloop
  endfacet
  facet normal 0 0 -1
    outer loop
      vertex -21.01 15.1958 1
      vertex -20.5487 24.586 1
      vertex -20.5487 15.414 1
    endloop
  endfacet
  facet normal 0 0 -1
    outer loop
      vertex -21.01 15.1958 1
      vertex -21.01 24.8042 1
      vertex -20.5487 24.586 1
    endloop
  endfacet
  facet normal 0 0 -1
    outer loop
      vertex -21.4905 15.0239 1
      vertex -21.01 24.8042 1
      vertex -21.01 15.1958 1
    endloop
  endfacet
  facet normal 0 0 -1
    outer loop
      vertex -21.4905 15.0239 1
      vertex -21.4905 24.9761 1
      vertex -21.01 24.8042 1
    endloop
  endfacet
  facet normal 0 0 -1
    outer loop
      vertex -21.9855 14.8999 1
      vertex -21.4905 24.9761 1
      vertex -21.4905 15.0239 1
    endloop
  endfacet
  facet normal 0 0 -1
    outer loop
      vertex -21.9855 14.8999 1
      vertex -21.9855 25.1001 1
      vertex -21.4905 24.9761 1
    endloop
  endfacet
  facet normal 0 0 -1
    outer loop
      vertex -22.4903 14.825 1
      vertex -21.9855 25.1001 1
      vertex -21.9855 14.8999 1
    endloop
  endfacet
  facet normal 0 0 -1
    outer loop
      vertex -22.4903 14.825 1
      vertex -22.4903 25.175 1
      vertex -21.9855 25.1001 1
    endloop
  endfacet
  facet normal 0 0 -1
    outer loop
      vertex -23 14.8 1
      vertex -22.4903 25.175 1
      vertex -22.4903 14.825 1
    endloop
  endfacet
  facet normal 0 0 -1
    outer loop
      vertex -23 14.8 1
      vertex -23 25.2 1
      vertex -22.4903 25.175 1
    endloop
  endfacet
  facet normal 0 0 -1
    outer loop
      vertex -23.5097 14.825 1
      vertex -23 25.2 1
      vertex -23 14.8 1
    endloop
  endfacet
  facet normal 0 0 -1
    outer loop
      vertex -23.5097 14.825 1
      vertex -23.5097 25.175 1
      vertex -23 25.2 1
    endloop
  endfacet
  facet normal 0 0 -1
    outer loop
      vertex -24.0145 14.8999 1
      vertex -23.5097 25.175 1
      vertex -23.5097 14.825 1
    endloop
  endfacet
  facet normal 0 0 -1
    outer loop
      vertex -24.0145 14.8999 1
      vertex -24.0145 25.1001 1
      vertex -23.5097 25.175 1
    endloop
  endfacet
  facet normal 0 0 -1
    outer loop
      vertex -24.5095 15.0239 1
      vertex -24.0145 25.1001 1
      vertex -24.0145 14.8999 1
    endloop
  endfacet
  facet normal 0 0 -1
    outer loop
      vertex -24.5095 15.0239 1
      vertex -24.5095 24.9761 1
      vertex -24.0145 25.1001 1
    endloop
  endfacet
  facet normal 0 0 -1
    outer loop
      vertex -24.99 15.1958 1
      vertex -24.5095 24.9761 1
      vertex -24.5095 15.0239 1
    endloop
  endfacet
  facet normal 0 0 -1
    outer loop
      vertex -24.99 15.1958 1
      vertex -24.99 24.8042 1
      vertex -24.5095 24.9761 1
    endloop
  endfacet
  facet normal 0 0 -1
    outer loop
      vertex -25.4513 15.414 1
      vertex -24.99 24.8042 1
      vertex -24.99 15.1958 1
    endloop
  endfacet
  facet normal 0 0 -1
    outer loop
      vertex -25.4513 15.414 1
      vertex -25.4513 24.586 1
      vertex -24.99 24.8042 1
    endloop
  endfacet
  facet normal 0 0 -1
    outer loop
      vertex -25.889 15.6764 1
      vertex -25.4513 24.586 1
      vertex -25.4513 15.414 1
    endloop
  endfacet
  facet normal 0 0 -1
    outer loop
      vertex -25.889 15.6764 1
      vertex -25.889 24.3236 1
      vertex -25.4513 24.586 1
    endloop
  endfacet
  facet normal 0 0 -1
    outer loop
      vertex -26.2988 15.9803 1
      vertex -25.889 24.3236 1
      vertex -25.889 15.6764 1
    endloop
  endfacet
  facet normal 0 0 -1
    outer loop
      vertex -26.2988 15.9803 1
      vertex -26.2988 24.0197 1
      vertex -25.889 24.3236 1
    endloop
  endfacet
  facet normal 0 0 -1
    outer loop
      vertex -26.677 16.323 1
      vertex -26.2988 24.0197 1
      vertex -26.2988 15.9803 1
    endloop
  endfacet
  facet normal 0 0 -1
    outer loop
      vertex -26.677 16.323 1
      vertex -26.677 23.677 1
      vertex -26.2988 24.0197 1
    endloop
  endfacet
  facet normal 0 0 -1
    outer loop
      vertex -27.0197 16.7012 1
      vertex -26.677 23.677 1
      vertex -26.677 16.323 1
    endloop
  endfacet
  facet normal 0 0 -1
    outer loop
      vertex -27.0197 16.7012 1
      vertex -27.0197 23.2988 1
      vertex -26.677 23.677 1
    endloop
  endfacet
  facet normal 0 0 -1
    outer loop
      vertex -27.3236 17.111 1
      vertex -27.0197 23.2988 1
      vertex -27.0197 16.7012 1
    endloop
  endfacet
  facet normal 0 0 -1
    outer loop
      vertex -27.3236 17.111 1
      vertex -27.3236 22.889 1
      vertex -27.0197 23.2988 1
    endloop
  endfacet
  facet normal 0 0 -1
    outer loop
      vertex -27.586 17.5487 1
      vertex -27.3236 22.889 1
      vertex -27.3236 17.111 1
    endloop
  endfacet
  facet normal 0 0 -1
    outer loop
      vertex -27.586 17.5487 1
      vertex -27.586 22.4513 1
      vertex -27.3236 22.889 1
    endloop
  endfacet
  facet normal 0 0 -1
    outer loop
      vertex -27.8042 18.01 1
      vertex -27.586 22.4513 1
      vertex -27.586 17.5487 1
    endloop
  endfacet
  facet normal 0 0 -1
    outer loop
      vertex -27.8042 18.01 1
      vertex -27.8042 21.99 1
      vertex -27.586 22.4513 1
    endloop
  endfacet
  facet normal 0 0 -1
    outer loop
      vertex -27.9761 18.4905 1
      vertex -27.8042 21.99 1
      vertex -27.8042 18.01 1
    endloop
  endfacet
  facet normal 0 0 -1
    outer loop
      vertex -27.9761 18.4905 1
      vertex -27.9761 21.5095 1
      vertex -27.8042 21.99 1
    endloop
  endfacet
  facet normal 0 0 -1
    outer loop
      vertex -28.1001 18.9855 1
      vertex -27.9761 21.5095 1
      vertex -27.9761 18.4905 1
    endloop
  endfacet
  facet normal 0 0 -1
    outer loop
      vertex -28.1001 18.9855 1
      vertex -28.1001 21.0145 1
      vertex -27.9761 21.5095 1
    endloop
  endfacet
  facet normal 0 0 -1
    outer loop
      vertex -28.175 19.4903 1
      vertex -28.1001 21.0145 1
      vertex -28.1001 18.9855 1
    endloop
  endfacet
  facet normal 0 0 -1
    outer loop
      vertex -28.175 19.4903 1
      vertex -28.175 20.5097 1
      vertex -28.1001 21.0145 1
    endloop
  endfacet
  facet normal 0 -0 -1
    outer loop
      vertex -28.175 20.5097 1
      vertex -28.175 19.4903 1
      vertex -28.2 20 1
    endloop
  endfacet
  facet normal 0.903973 0.427589 0
    outer loop
      vertex -27.586 17.5487 1
      vertex -27.8042 18.01 0
      vertex -27.8042 18.01 1
    endloop
  endfacet
  facet normal 0.903973 0.427589 0
    outer loop
      vertex -27.8042 18.01 0
      vertex -27.586 17.5487 1
      vertex -27.586 17.5487 0
    endloop
  endfacet
  facet normal 0.94156 -0.336845 0
    outer loop
      vertex -27.9761 21.5095 1
      vertex -27.8042 21.99 0
      vertex -27.8042 21.99 1
    endloop
  endfacet
  facet normal 0.94156 -0.336845 0
    outer loop
      vertex -27.8042 21.99 0
      vertex -27.9761 21.5095 1
      vertex -27.9761 21.5095 0
    endloop
  endfacet
  facet normal 0.998799 -0.0489896 0
    outer loop
      vertex -28.2 20 1
      vertex -28.175 20.5097 0
      vertex -28.175 20.5097 1
    endloop
  endfacet
  facet normal 0.998799 -0.0489896 0
    outer loop
      vertex -28.175 20.5097 0
      vertex -28.2 20 1
      vertex -28.2 20 0
    endloop
  endfacet
  facet normal 0.427589 0.903973 -0
    outer loop
      vertex -24.99 15.1958 0
      vertex -25.4513 15.414 1
      vertex -24.99 15.1958 1
    endloop
  endfacet
  facet normal 0.427589 0.903973 0
    outer loop
      vertex -25.4513 15.414 1
      vertex -24.99 15.1958 0
      vertex -25.4513 15.414 0
    endloop
  endfacet
  facet normal 0.671472 0.74103 -0
    outer loop
      vertex 19.7012 -24.0197 0
      vertex 19.323 -23.677 1
      vertex 19.7012 -24.0197 1
    endloop
  endfacet
  facet normal 0.671472 0.74103 0
    outer loop
      vertex 19.323 -23.677 1
      vertex 19.7012 -24.0197 0
      vertex 19.323 -23.677 0
    endloop
  endfacet
  facet normal 0.94156 -0.336845 0
    outer loop
      vertex 18.0239 -18.4905 1
      vertex 18.1958 -18.01 0
      vertex 18.1958 -18.01 1
    endloop
  endfacet
  facet normal 0.94156 -0.336845 0
    outer loop
      vertex 18.1958 -18.01 0
      vertex 18.0239 -18.4905 1
      vertex 18.0239 -18.4905 0
    endloop
  endfacet
  facet normal -0.989171 -0.146769 0
    outer loop
      vertex 28.175 -19.4903 0
      vertex 28.1001 -18.9855 1
      vertex 28.1001 -18.9855 0
    endloop
  endfacet
  facet normal -0.989171 -0.146769 0
    outer loop
      vertex 28.1001 -18.9855 1
      vertex 28.175 -19.4903 0
      vertex 28.175 -19.4903 1
    endloop
  endfacet
  facet normal -0.998799 -0.0489896 0
    outer loop
      vertex 28.2 -20 0
      vertex 28.175 -19.4903 1
      vertex 28.175 -19.4903 0
    endloop
  endfacet
  facet normal -0.998799 -0.0489896 0
    outer loop
      vertex 28.175 -19.4903 1
      vertex 28.2 -20 0
      vertex 28.2 -20 1
    endloop
  endfacet
  facet normal 0.514179 0.857683 -0
    outer loop
      vertex 20.5487 -24.586 0
      vertex 20.111 -24.3236 1
      vertex 20.5487 -24.586 1
    endloop
  endfacet
  facet normal 0.514179 0.857683 0
    outer loop
      vertex 20.111 -24.3236 1
      vertex 20.5487 -24.586 0
      vertex 20.111 -24.3236 0
    endloop
  endfacet
  facet normal -0.671472 -0.74103 0
    outer loop
      vertex 26.2988 -15.9803 0
      vertex 26.677 -16.323 1
      vertex 26.2988 -15.9803 1
    endloop
  endfacet
  facet normal -0.671472 -0.74103 -0
    outer loop
      vertex 26.677 -16.323 1
      vertex 26.2988 -15.9803 0
      vertex 26.677 -16.323 0
    endloop
  endfacet
  facet normal 0.146769 0.989171 -0
    outer loop
      vertex 22.4903 -25.175 0
      vertex 21.9855 -25.1001 1
      vertex 22.4903 -25.175 1
    endloop
  endfacet
  facet normal 0.146769 0.989171 0
    outer loop
      vertex 21.9855 -25.1001 1
      vertex 22.4903 -25.175 0
      vertex 21.9855 -25.1001 0
    endloop
  endfacet
  facet normal -0.74103 -0.671472 0
    outer loop
      vertex 27.0197 -16.7012 0
      vertex 26.677 -16.323 1
      vertex 26.677 -16.323 0
    endloop
  endfacet
  facet normal -0.74103 -0.671472 0
    outer loop
      vertex 26.677 -16.323 1
      vertex 27.0197 -16.7012 0
      vertex 27.0197 -16.7012 1
    endloop
  endfacet
  facet normal -0.427589 -0.903973 0
    outer loop
      vertex 24.99 -15.1958 0
      vertex 25.4513 -15.414 1
      vertex 24.99 -15.1958 1
    endloop
  endfacet
  facet normal -0.427589 -0.903973 -0
    outer loop
      vertex 25.4513 -15.414 1
      vertex 24.99 -15.1958 0
      vertex 25.4513 -15.414 0
    endloop
  endfacet
  facet normal -0.0489896 0.998799 0
    outer loop
      vertex 23.5097 -25.175 0
      vertex 23 -25.2 1
      vertex 23.5097 -25.175 1
    endloop
  endfacet
  facet normal -0.0489896 0.998799 0
    outer loop
      vertex 23 -25.2 1
      vertex 23.5097 -25.175 0
      vertex 23 -25.2 0
    endloop
  endfacet
  facet normal 0.74103 -0.671472 0
    outer loop
      vertex 18.9803 -16.7012 1
      vertex 19.323 -16.323 0
      vertex 19.323 -16.323 1
    endloop
  endfacet
  facet normal 0.74103 -0.671472 0
    outer loop
      vertex 19.323 -16.323 0
      vertex 18.9803 -16.7012 1
      vertex 18.9803 -16.7012 0
    endloop
  endfacet
  facet normal -0.989171 0.146769 0
    outer loop
      vertex 28.1001 -21.0145 0
      vertex 28.175 -20.5097 1
      vertex 28.175 -20.5097 0
    endloop
  endfacet
  facet normal -0.989171 0.146769 0
    outer loop
      vertex 28.175 -20.5097 1
      vertex 28.1001 -21.0145 0
      vertex 28.1001 -21.0145 1
    endloop
  endfacet
  facet normal -0.903973 -0.427589 0
    outer loop
      vertex 27.8042 -18.01 0
      vertex 27.586 -17.5487 1
      vertex 27.586 -17.5487 0
    endloop
  endfacet
  facet normal -0.903973 -0.427589 0
    outer loop
      vertex 27.586 -17.5487 1
      vertex 27.8042 -18.01 0
      vertex 27.8042 -18.01 1
    endloop
  endfacet
  facet normal 0.242997 -0.970027 0
    outer loop
      vertex 21.4905 -15.0239 0
      vertex 21.9855 -14.8999 1
      vertex 21.4905 -15.0239 1
    endloop
  endfacet
  facet normal 0.242997 -0.970027 0
    outer loop
      vertex 21.9855 -14.8999 1
      vertex 21.4905 -15.0239 0
      vertex 21.9855 -14.8999 0
    endloop
  endfacet
  facet normal 0.803234 -0.595663 0
    outer loop
      vertex 18.6764 -17.111 1
      vertex 18.9803 -16.7012 0
      vertex 18.9803 -16.7012 1
    endloop
  endfacet
  facet normal 0.803234 -0.595663 0
    outer loop
      vertex 18.9803 -16.7012 0
      vertex 18.6764 -17.111 1
      vertex 18.6764 -17.111 0
    endloop
  endfacet
  facet normal -0.242997 -0.970027 0
    outer loop
      vertex 24.0145 -14.8999 0
      vertex 24.5095 -15.0239 1
      vertex 24.0145 -14.8999 1
    endloop
  endfacet
  facet normal -0.242997 -0.970027 -0
    outer loop
      vertex 24.5095 -15.0239 1
      vertex 24.0145 -14.8999 0
      vertex 24.5095 -15.0239 0
    endloop
  endfacet
  facet normal -0.336845 -0.94156 0
    outer loop
      vertex 24.5095 -15.0239 0
      vertex 24.99 -15.1958 1
      vertex 24.5095 -15.0239 1
    endloop
  endfacet
  facet normal -0.336845 -0.94156 -0
    outer loop
      vertex 24.99 -15.1958 1
      vertex 24.5095 -15.0239 0
      vertex 24.99 -15.1958 0
    endloop
  endfacet
  facet normal -0.94156 -0.336845 0
    outer loop
      vertex 27.9761 -18.4905 0
      vertex 27.8042 -18.01 1
      vertex 27.8042 -18.01 0
    endloop
  endfacet
  facet normal -0.94156 -0.336845 0
    outer loop
      vertex 27.8042 -18.01 1
      vertex 27.9761 -18.4905 0
      vertex 27.9761 -18.4905 1
    endloop
  endfacet
  facet normal -0.595663 -0.803234 0
    outer loop
      vertex 25.889 -15.6764 0
      vertex 26.2988 -15.9803 1
      vertex 25.889 -15.6764 1
    endloop
  endfacet
  facet normal -0.595663 -0.803234 -0
    outer loop
      vertex 26.2988 -15.9803 1
      vertex 25.889 -15.6764 0
      vertex 26.2988 -15.9803 0
    endloop
  endfacet
  facet normal 0.857683 0.514179 0
    outer loop
      vertex 18.6764 -22.889 1
      vertex 18.414 -22.4513 0
      vertex 18.414 -22.4513 1
    endloop
  endfacet
  facet normal 0.857683 0.514179 0
    outer loop
      vertex 18.414 -22.4513 0
      vertex 18.6764 -22.889 1
      vertex 18.6764 -22.889 0
    endloop
  endfacet
  facet normal -0.514179 -0.857683 0
    outer loop
      vertex 25.4513 -15.414 0
      vertex 25.889 -15.6764 1
      vertex 25.4513 -15.414 1
    endloop
  endfacet
  facet normal -0.514179 -0.857683 -0
    outer loop
      vertex 25.889 -15.6764 1
      vertex 25.4513 -15.414 0
      vertex 25.889 -15.6764 0
    endloop
  endfacet
  facet normal -0.94156 0.336845 0
    outer loop
      vertex 27.8042 -21.99 0
      vertex 27.9761 -21.5095 1
      vertex 27.9761 -21.5095 0
    endloop
  endfacet
  facet normal -0.94156 0.336845 0
    outer loop
      vertex 27.9761 -21.5095 1
      vertex 27.8042 -21.99 0
      vertex 27.8042 -21.99 1
    endloop
  endfacet
  facet normal 0.857683 -0.514179 0
    outer loop
      vertex 18.414 -17.5487 1
      vertex 18.6764 -17.111 0
      vertex 18.6764 -17.111 1
    endloop
  endfacet
  facet normal 0.857683 -0.514179 0
    outer loop
      vertex 18.6764 -17.111 0
      vertex 18.414 -17.5487 1
      vertex 18.414 -17.5487 0
    endloop
  endfacet
  facet normal 0.970027 0.242997 0
    outer loop
      vertex 18.0239 -21.5095 1
      vertex 17.8999 -21.0145 0
      vertex 17.8999 -21.0145 1
    endloop
  endfacet
  facet normal 0.970027 0.242997 0
    outer loop
      vertex 17.8999 -21.0145 0
      vertex 18.0239 -21.5095 1
      vertex 18.0239 -21.5095 0
    endloop
  endfacet
  facet normal -0.0489896 -0.998799 0
    outer loop
      vertex 23 -14.8 0
      vertex 23.5097 -14.825 1
      vertex 23 -14.8 1
    endloop
  endfacet
  facet normal -0.0489896 -0.998799 -0
    outer loop
      vertex 23.5097 -14.825 1
      vertex 23 -14.8 0
      vertex 23.5097 -14.825 0
    endloop
  endfacet
  facet normal -0.857683 -0.514179 0
    outer loop
      vertex 27.586 -17.5487 0
      vertex 27.3236 -17.111 1
      vertex 27.3236 -17.111 0
    endloop
  endfacet
  facet normal -0.857683 -0.514179 0
    outer loop
      vertex 27.3236 -17.111 1
      vertex 27.586 -17.5487 0
      vertex 27.586 -17.5487 1
    endloop
  endfacet
  facet normal 0.94156 0.336845 0
    outer loop
      vertex 18.1958 -21.99 1
      vertex 18.0239 -21.5095 0
      vertex 18.0239 -21.5095 1
    endloop
  endfacet
  facet normal 0.94156 0.336845 0
    outer loop
      vertex 18.0239 -21.5095 0
      vertex 18.1958 -21.99 1
      vertex 18.1958 -21.99 0
    endloop
  endfacet
  facet normal 0.671472 -0.74103 0
    outer loop
      vertex 19.323 -16.323 0
      vertex 19.7012 -15.9803 1
      vertex 19.323 -16.323 1
    endloop
  endfacet
  facet normal 0.671472 -0.74103 0
    outer loop
      vertex 19.7012 -15.9803 1
      vertex 19.323 -16.323 0
      vertex 19.7012 -15.9803 0
    endloop
  endfacet
  facet normal -0.970027 0.242997 0
    outer loop
      vertex 27.9761 -21.5095 0
      vertex 28.1001 -21.0145 1
      vertex 28.1001 -21.0145 0
    endloop
  endfacet
  facet normal -0.970027 0.242997 0
    outer loop
      vertex 28.1001 -21.0145 1
      vertex 27.9761 -21.5095 0
      vertex 27.9761 -21.5095 1
    endloop
  endfacet
  facet normal 0.514179 -0.857683 0
    outer loop
      vertex 20.111 -15.6764 0
      vertex 20.5487 -15.414 1
      vertex 20.111 -15.6764 1
    endloop
  endfacet
  facet normal 0.514179 -0.857683 0
    outer loop
      vertex 20.5487 -15.414 1
      vertex 20.111 -15.6764 0
      vertex 20.5487 -15.414 0
    endloop
  endfacet
  facet normal 0.998799 0.0489896 0
    outer loop
      vertex 17.825 -20.5097 1
      vertex 17.8 -20 0
      vertex 17.8 -20 1
    endloop
  endfacet
  facet normal 0.998799 0.0489896 0
    outer loop
      vertex 17.8 -20 0
      vertex 17.825 -20.5097 1
      vertex 17.825 -20.5097 0
    endloop
  endfacet
  facet normal 0.970027 -0.242997 0
    outer loop
      vertex 17.8999 -18.9855 1
      vertex 18.0239 -18.4905 0
      vertex 18.0239 -18.4905 1
    endloop
  endfacet
  facet normal 0.970027 -0.242997 0
    outer loop
      vertex 18.0239 -18.4905 0
      vertex 17.8999 -18.9855 1
      vertex 17.8999 -18.9855 0
    endloop
  endfacet
  facet normal -0.427589 0.903973 0
    outer loop
      vertex 25.4513 -24.586 0
      vertex 24.99 -24.8042 1
      vertex 25.4513 -24.586 1
    endloop
  endfacet
  facet normal -0.427589 0.903973 0
    outer loop
      vertex 24.99 -24.8042 1
      vertex 25.4513 -24.586 0
      vertex 24.99 -24.8042 0
    endloop
  endfacet
  facet normal 0.336845 -0.94156 0
    outer loop
      vertex 21.01 -15.1958 0
      vertex 21.4905 -15.0239 1
      vertex 21.01 -15.1958 1
    endloop
  endfacet
  facet normal 0.336845 -0.94156 0
    outer loop
      vertex 21.4905 -15.0239 1
      vertex 21.01 -15.1958 0
      vertex 21.4905 -15.0239 0
    endloop
  endfacet
  facet normal -0.514179 0.857683 0
    outer loop
      vertex 25.889 -24.3236 0
      vertex 25.4513 -24.586 1
      vertex 25.889 -24.3236 1
    endloop
  endfacet
  facet normal -0.514179 0.857683 0
    outer loop
      vertex 25.4513 -24.586 1
      vertex 25.889 -24.3236 0
      vertex 25.4513 -24.586 0
    endloop
  endfacet
  facet normal -0.146769 0.989171 0
    outer loop
      vertex 24.0145 -25.1001 0
      vertex 23.5097 -25.175 1
      vertex 24.0145 -25.1001 1
    endloop
  endfacet
  facet normal -0.146769 0.989171 0
    outer loop
      vertex 23.5097 -25.175 1
      vertex 24.0145 -25.1001 0
      vertex 23.5097 -25.175 0
    endloop
  endfacet
  facet normal -0.74103 0.671472 0
    outer loop
      vertex 26.677 -23.677 0
      vertex 27.0197 -23.2988 1
      vertex 27.0197 -23.2988 0
    endloop
  endfacet
  facet normal -0.74103 0.671472 0
    outer loop
      vertex 27.0197 -23.2988 1
      vertex 26.677 -23.677 0
      vertex 26.677 -23.677 1
    endloop
  endfacet
  facet normal -0.803234 0.595663 0
    outer loop
      vertex 27.0197 -23.2988 0
      vertex 27.3236 -22.889 1
      vertex 27.3236 -22.889 0
    endloop
  endfacet
  facet normal -0.803234 0.595663 0
    outer loop
      vertex 27.3236 -22.889 1
      vertex 27.0197 -23.2988 0
      vertex 27.0197 -23.2988 1
    endloop
  endfacet
  facet normal 0.0489896 -0.998799 0
    outer loop
      vertex 22.4903 -14.825 0
      vertex 23 -14.8 1
      vertex 22.4903 -14.825 1
    endloop
  endfacet
  facet normal 0.0489896 -0.998799 0
    outer loop
      vertex 23 -14.8 1
      vertex 22.4903 -14.825 0
      vertex 23 -14.8 0
    endloop
  endfacet
  facet normal 0.427589 -0.903973 0
    outer loop
      vertex 20.5487 -15.414 0
      vertex 21.01 -15.1958 1
      vertex 20.5487 -15.414 1
    endloop
  endfacet
  facet normal 0.427589 -0.903973 0
    outer loop
      vertex 21.01 -15.1958 1
      vertex 20.5487 -15.414 0
      vertex 21.01 -15.1958 0
    endloop
  endfacet
  facet normal 0.595663 -0.803234 0
    outer loop
      vertex 19.7012 -15.9803 0
      vertex 20.111 -15.6764 1
      vertex 19.7012 -15.9803 1
    endloop
  endfacet
  facet normal 0.595663 -0.803234 0
    outer loop
      vertex 20.111 -15.6764 1
      vertex 19.7012 -15.9803 0
      vertex 20.111 -15.6764 0
    endloop
  endfacet
  facet normal 0.989171 -0.146769 0
    outer loop
      vertex 17.825 -19.4903 1
      vertex 17.8999 -18.9855 0
      vertex 17.8999 -18.9855 1
    endloop
  endfacet
  facet normal 0.989171 -0.146769 0
    outer loop
      vertex 17.8999 -18.9855 0
      vertex 17.825 -19.4903 1
      vertex 17.825 -19.4903 0
    endloop
  endfacet
  facet normal 0.242997 0.970027 -0
    outer loop
      vertex 21.9855 -25.1001 0
      vertex 21.4905 -24.9761 1
      vertex 21.9855 -25.1001 1
    endloop
  endfacet
  facet normal 0.242997 0.970027 0
    outer loop
      vertex 21.4905 -24.9761 1
      vertex 21.9855 -25.1001 0
      vertex 21.4905 -24.9761 0
    endloop
  endfacet
  facet normal -0.970027 -0.242997 0
    outer loop
      vertex 28.1001 -18.9855 0
      vertex 27.9761 -18.4905 1
      vertex 27.9761 -18.4905 0
    endloop
  endfacet
  facet normal -0.970027 -0.242997 0
    outer loop
      vertex 27.9761 -18.4905 1
      vertex 28.1001 -18.9855 0
      vertex 28.1001 -18.9855 1
    endloop
  endfacet
  facet normal -0.803234 -0.595663 0
    outer loop
      vertex 27.3236 -17.111 0
      vertex 27.0197 -16.7012 1
      vertex 27.0197 -16.7012 0
    endloop
  endfacet
  facet normal -0.803234 -0.595663 0
    outer loop
      vertex 27.0197 -16.7012 1
      vertex 27.3236 -17.111 0
      vertex 27.3236 -17.111 1
    endloop
  endfacet
  facet normal 0.803234 0.595663 0
    outer loop
      vertex 18.9803 -23.2988 1
      vertex 18.6764 -22.889 0
      vertex 18.6764 -22.889 1
    endloop
  endfacet
  facet normal 0.803234 0.595663 0
    outer loop
      vertex 18.6764 -22.889 0
      vertex 18.9803 -23.2988 1
      vertex 18.9803 -23.2988 0
    endloop
  endfacet
  facet normal 0.903973 0.427589 0
    outer loop
      vertex 18.414 -22.4513 1
      vertex 18.1958 -21.99 0
      vertex 18.1958 -21.99 1
    endloop
  endfacet
  facet normal 0.903973 0.427589 0
    outer loop
      vertex 18.1958 -21.99 0
      vertex 18.414 -22.4513 1
      vertex 18.414 -22.4513 0
    endloop
  endfacet
  facet normal -0.146769 -0.989171 0
    outer loop
      vertex 23.5097 -14.825 0
      vertex 24.0145 -14.8999 1
      vertex 23.5097 -14.825 1
    endloop
  endfacet
  facet normal -0.146769 -0.989171 -0
    outer loop
      vertex 24.0145 -14.8999 1
      vertex 23.5097 -14.825 0
      vertex 24.0145 -14.8999 0
    endloop
  endfacet
  facet normal 0.427589 0.903973 -0
    outer loop
      vertex 21.01 -24.8042 0
      vertex 20.5487 -24.586 1
      vertex 21.01 -24.8042 1
    endloop
  endfacet
  facet normal 0.427589 0.903973 0
    outer loop
      vertex 20.5487 -24.586 1
      vertex 21.01 -24.8042 0
      vertex 20.5487 -24.586 0
    endloop
  endfacet
  facet normal -0.595663 0.803234 0
    outer loop
      vertex 26.2988 -24.0197 0
      vertex 25.889 -24.3236 1
      vertex 26.2988 -24.0197 1
    endloop
  endfacet
  facet normal -0.595663 0.803234 0
    outer loop
      vertex 25.889 -24.3236 1
      vertex 26.2988 -24.0197 0
      vertex 25.889 -24.3236 0
    endloop
  endfacet
  facet normal -0.998799 0.0489896 0
    outer loop
      vertex 28.175 -20.5097 0
      vertex 28.2 -20 1
      vertex 28.2 -20 0
    endloop
  endfacet
  facet normal -0.998799 0.0489896 0
    outer loop
      vertex 28.2 -20 1
      vertex 28.175 -20.5097 0
      vertex 28.175 -20.5097 1
    endloop
  endfacet
  facet normal 0.146769 -0.989171 0
    outer loop
      vertex 21.9855 -14.8999 0
      vertex 22.4903 -14.825 1
      vertex 21.9855 -14.8999 1
    endloop
  endfacet
  facet normal 0.146769 -0.989171 0
    outer loop
      vertex 22.4903 -14.825 1
      vertex 21.9855 -14.8999 0
      vertex 22.4903 -14.825 0
    endloop
  endfacet
  facet normal 0.989171 0.146769 0
    outer loop
      vertex 17.8999 -21.0145 1
      vertex 17.825 -20.5097 0
      vertex 17.825 -20.5097 1
    endloop
  endfacet
  facet normal 0.989171 0.146769 0
    outer loop
      vertex 17.825 -20.5097 0
      vertex 17.8999 -21.0145 1
      vertex 17.8999 -21.0145 0
    endloop
  endfacet
  facet normal -0.336845 0.94156 0
    outer loop
      vertex 24.99 -24.8042 0
      vertex 24.5095 -24.9761 1
      vertex 24.99 -24.8042 1
    endloop
  endfacet
  facet normal -0.336845 0.94156 0
    outer loop
      vertex 24.5095 -24.9761 1
      vertex 24.99 -24.8042 0
      vertex 24.5095 -24.9761 0
    endloop
  endfacet
  facet normal -0.242997 0.970027 0
    outer loop
      vertex 24.5095 -24.9761 0
      vertex 24.0145 -25.1001 1
      vertex 24.5095 -24.9761 1
    endloop
  endfacet
  facet normal -0.242997 0.970027 0
    outer loop
      vertex 24.0145 -25.1001 1
      vertex 24.5095 -24.9761 0
      vertex 24.0145 -25.1001 0
    endloop
  endfacet
  facet normal 0.74103 0.671472 0
    outer loop
      vertex 19.323 -23.677 1
      vertex 18.9803 -23.2988 0
      vertex 18.9803 -23.2988 1
    endloop
  endfacet
  facet normal 0.74103 0.671472 0
    outer loop
      vertex 18.9803 -23.2988 0
      vertex 19.323 -23.677 1
      vertex 19.323 -23.677 0
    endloop
  endfacet
  facet normal 0.903973 -0.427589 0
    outer loop
      vertex 18.1958 -18.01 1
      vertex 18.414 -17.5487 0
      vertex 18.414 -17.5487 1
    endloop
  endfacet
  facet normal 0.903973 -0.427589 0
    outer loop
      vertex 18.414 -17.5487 0
      vertex 18.1958 -18.01 1
      vertex 18.1958 -18.01 0
    endloop
  endfacet
  facet normal 0.595663 0.803234 -0
    outer loop
      vertex 20.111 -24.3236 0
      vertex 19.7012 -24.0197 1
      vertex 20.111 -24.3236 1
    endloop
  endfacet
  facet normal 0.595663 0.803234 0
    outer loop
      vertex 19.7012 -24.0197 1
      vertex 20.111 -24.3236 0
      vertex 19.7012 -24.0197 0
    endloop
  endfacet
  facet normal -0.903973 0.427589 0
    outer loop
      vertex 27.586 -22.4513 0
      vertex 27.8042 -21.99 1
      vertex 27.8042 -21.99 0
    endloop
  endfacet
  facet normal -0.903973 0.427589 0
    outer loop
      vertex 27.8042 -21.99 1
      vertex 27.586 -22.4513 0
      vertex 27.586 -22.4513 1
    endloop
  endfacet
  facet normal -0.857683 0.514179 0
    outer loop
      vertex 27.3236 -22.889 0
      vertex 27.586 -22.4513 1
      vertex 27.586 -22.4513 0
    endloop
  endfacet
  facet normal -0.857683 0.514179 0
    outer loop
      vertex 27.586 -22.4513 1
      vertex 27.3236 -22.889 0
      vertex 27.3236 -22.889 1
    endloop
  endfacet
  facet normal 0.0489896 0.998799 -0
    outer loop
      vertex 23 -25.2 0
      vertex 22.4903 -25.175 1
      vertex 23 -25.2 1
    endloop
  endfacet
  facet normal 0.0489896 0.998799 0
    outer loop
      vertex 22.4903 -25.175 1
      vertex 23 -25.2 0
      vertex 22.4903 -25.175 0
    endloop
  endfacet
  facet normal 0 0 -1
    outer loop
      vertex 28.175 -20.5097 1
      vertex 28.175 -19.4903 1
      vertex 28.2 -20 1
    endloop
  endfacet
  facet normal 0 0 -1
    outer loop
      vertex 28.1001 -21.0145 1
      vertex 28.175 -19.4903 1
      vertex 28.175 -20.5097 1
    endloop
  endfacet
  facet normal 0 0 -1
    outer loop
      vertex 28.1001 -21.0145 1
      vertex 28.1001 -18.9855 1
      vertex 28.175 -19.4903 1
    endloop
  endfacet
  facet normal 0 0 -1
    outer loop
      vertex 27.9761 -21.5095 1
      vertex 28.1001 -18.9855 1
      vertex 28.1001 -21.0145 1
    endloop
  endfacet
  facet normal 0 0 -1
    outer loop
      vertex 27.9761 -21.5095 1
      vertex 27.9761 -18.4905 1
      vertex 28.1001 -18.9855 1
    endloop
  endfacet
  facet normal 0 0 -1
    outer loop
      vertex 27.8042 -21.99 1
      vertex 27.9761 -18.4905 1
      vertex 27.9761 -21.5095 1
    endloop
  endfacet
  facet normal 0 0 -1
    outer loop
      vertex 27.8042 -21.99 1
      vertex 27.8042 -18.01 1
      vertex 27.9761 -18.4905 1
    endloop
  endfacet
  facet normal 0 0 -1
    outer loop
      vertex 27.586 -22.4513 1
      vertex 27.8042 -18.01 1
      vertex 27.8042 -21.99 1
    endloop
  endfacet
  facet normal 0 0 -1
    outer loop
      vertex 27.586 -22.4513 1
      vertex 27.586 -17.5487 1
      vertex 27.8042 -18.01 1
    endloop
  endfacet
  facet normal 0 0 -1
    outer loop
      vertex 27.3236 -22.889 1
      vertex 27.586 -17.5487 1
      vertex 27.586 -22.4513 1
    endloop
  endfacet
  facet normal 0 0 -1
    outer loop
      vertex 27.3236 -22.889 1
      vertex 27.3236 -17.111 1
      vertex 27.586 -17.5487 1
    endloop
  endfacet
  facet normal 0 0 -1
    outer loop
      vertex 27.0197 -23.2988 1
      vertex 27.3236 -17.111 1
      vertex 27.3236 -22.889 1
    endloop
  endfacet
  facet normal 0 0 -1
    outer loop
      vertex 27.0197 -23.2988 1
      vertex 27.0197 -16.7012 1
      vertex 27.3236 -17.111 1
    endloop
  endfacet
  facet normal 0 0 -1
    outer loop
      vertex 26.677 -23.677 1
      vertex 27.0197 -16.7012 1
      vertex 27.0197 -23.2988 1
    endloop
  endfacet
  facet normal 0 0 -1
    outer loop
      vertex 26.677 -23.677 1
      vertex 26.677 -16.323 1
      vertex 27.0197 -16.7012 1
    endloop
  endfacet
  facet normal 0 0 -1
    outer loop
      vertex 26.2988 -24.0197 1
      vertex 26.677 -16.323 1
      vertex 26.677 -23.677 1
    endloop
  endfacet
  facet normal 0 0 -1
    outer loop
      vertex 26.2988 -24.0197 1
      vertex 26.2988 -15.9803 1
      vertex 26.677 -16.323 1
    endloop
  endfacet
  facet normal 0 0 -1
    outer loop
      vertex 25.889 -24.3236 1
      vertex 26.2988 -15.9803 1
      vertex 26.2988 -24.0197 1
    endloop
  endfacet
  facet normal 0 0 -1
    outer loop
      vertex 25.889 -24.3236 1
      vertex 25.889 -15.6764 1
      vertex 26.2988 -15.9803 1
    endloop
  endfacet
  facet normal 0 0 -1
    outer loop
      vertex 25.4513 -24.586 1
      vertex 25.889 -15.6764 1
      vertex 25.889 -24.3236 1
    endloop
  endfacet
  facet normal 0 0 -1
    outer loop
      vertex 25.4513 -24.586 1
      vertex 25.4513 -15.414 1
      vertex 25.889 -15.6764 1
    endloop
  endfacet
  facet normal 0 0 -1
    outer loop
      vertex 24.99 -24.8042 1
      vertex 25.4513 -15.414 1
      vertex 25.4513 -24.586 1
    endloop
  endfacet
  facet normal 0 0 -1
    outer loop
      vertex 24.99 -24.8042 1
      vertex 24.99 -15.1958 1
      vertex 25.4513 -15.414 1
    endloop
  endfacet
  facet normal 0 0 -1
    outer loop
      vertex 24.5095 -24.9761 1
      vertex 24.99 -15.1958 1
      vertex 24.99 -24.8042 1
    endloop
  endfacet
  facet normal 0 0 -1
    outer loop
      vertex 24.5095 -24.9761 1
      vertex 24.5095 -15.0239 1
      vertex 24.99 -15.1958 1
    endloop
  endfacet
  facet normal 0 0 -1
    outer loop
      vertex 24.0145 -25.1001 1
      vertex 24.5095 -15.0239 1
      vertex 24.5095 -24.9761 1
    endloop
  endfacet
  facet normal 0 0 -1
    outer loop
      vertex 24.0145 -25.1001 1
      vertex 24.0145 -14.8999 1
      vertex 24.5095 -15.0239 1
    endloop
  endfacet
  facet normal 0 0 -1
    outer loop
      vertex 23.5097 -25.175 1
      vertex 24.0145 -14.8999 1
      vertex 24.0145 -25.1001 1
    endloop
  endfacet
  facet normal 0 0 -1
    outer loop
      vertex 23.5097 -25.175 1
      vertex 23.5097 -14.825 1
      vertex 24.0145 -14.8999 1
    endloop
  endfacet
  facet normal 0 0 -1
    outer loop
      vertex 23 -25.2 1
      vertex 23.5097 -14.825 1
      vertex 23.5097 -25.175 1
    endloop
  endfacet
  facet normal 0 0 -1
    outer loop
      vertex 23 -25.2 1
      vertex 23 -14.8 1
      vertex 23.5097 -14.825 1
    endloop
  endfacet
  facet normal 0 0 -1
    outer loop
      vertex 22.4903 -25.175 1
      vertex 23 -14.8 1
      vertex 23 -25.2 1
    endloop
  endfacet
  facet normal 0 0 -1
    outer loop
      vertex 22.4903 -25.175 1
      vertex 22.4903 -14.825 1
      vertex 23 -14.8 1
    endloop
  endfacet
  facet normal 0 0 -1
    outer loop
      vertex 21.9855 -25.1001 1
      vertex 22.4903 -14.825 1
      vertex 22.4903 -25.175 1
    endloop
  endfacet
  facet normal 0 0 -1
    outer loop
      vertex 21.9855 -25.1001 1
      vertex 21.9855 -14.8999 1
      vertex 22.4903 -14.825 1
    endloop
  endfacet
  facet normal 0 0 -1
    outer loop
      vertex 21.4905 -24.9761 1
      vertex 21.9855 -14.8999 1
      vertex 21.9855 -25.1001 1
    endloop
  endfacet
  facet normal 0 0 -1
    outer loop
      vertex 21.4905 -24.9761 1
      vertex 21.4905 -15.0239 1
      vertex 21.9855 -14.8999 1
    endloop
  endfacet
  facet normal 0 0 -1
    outer loop
      vertex 21.01 -24.8042 1
      vertex 21.4905 -15.0239 1
      vertex 21.4905 -24.9761 1
    endloop
  endfacet
  facet normal 0 0 -1
    outer loop
      vertex 21.01 -24.8042 1
      vertex 21.01 -15.1958 1
      vertex 21.4905 -15.0239 1
    endloop
  endfacet
  facet normal 0 0 -1
    outer loop
      vertex 20.5487 -24.586 1
      vertex 21.01 -15.1958 1
      vertex 21.01 -24.8042 1
    endloop
  endfacet
  facet normal 0 0 -1
    outer loop
      vertex 20.5487 -24.586 1
      vertex 20.5487 -15.414 1
      vertex 21.01 -15.1958 1
    endloop
  endfacet
  facet normal 0 0 -1
    outer loop
      vertex 20.111 -24.3236 1
      vertex 20.5487 -15.414 1
      vertex 20.5487 -24.586 1
    endloop
  endfacet
  facet normal 0 0 -1
    outer loop
      vertex 20.111 -24.3236 1
      vertex 20.111 -15.6764 1
      vertex 20.5487 -15.414 1
    endloop
  endfacet
  facet normal 0 0 -1
    outer loop
      vertex 19.7012 -24.0197 1
      vertex 20.111 -15.6764 1
      vertex 20.111 -24.3236 1
    endloop
  endfacet
  facet normal 0 0 -1
    outer loop
      vertex 19.7012 -24.0197 1
      vertex 19.7012 -15.9803 1
      vertex 20.111 -15.6764 1
    endloop
  endfacet
  facet normal 0 0 -1
    outer loop
      vertex 19.323 -23.677 1
      vertex 19.7012 -15.9803 1
      vertex 19.7012 -24.0197 1
    endloop
  endfacet
  facet normal 0 0 -1
    outer loop
      vertex 19.323 -23.677 1
      vertex 19.323 -16.323 1
      vertex 19.7012 -15.9803 1
    endloop
  endfacet
  facet normal 0 0 -1
    outer loop
      vertex 18.9803 -23.2988 1
      vertex 19.323 -16.323 1
      vertex 19.323 -23.677 1
    endloop
  endfacet
  facet normal 0 0 -1
    outer loop
      vertex 18.9803 -23.2988 1
      vertex 18.9803 -16.7012 1
      vertex 19.323 -16.323 1
    endloop
  endfacet
  facet normal 0 0 -1
    outer loop
      vertex 18.6764 -22.889 1
      vertex 18.9803 -16.7012 1
      vertex 18.9803 -23.2988 1
    endloop
  endfacet
  facet normal 0 0 -1
    outer loop
      vertex 18.6764 -22.889 1
      vertex 18.6764 -17.111 1
      vertex 18.9803 -16.7012 1
    endloop
  endfacet
  facet normal 0 0 -1
    outer loop
      vertex 18.414 -22.4513 1
      vertex 18.6764 -17.111 1
      vertex 18.6764 -22.889 1
    endloop
  endfacet
  facet normal 0 0 -1
    outer loop
      vertex 18.414 -22.4513 1
      vertex 18.414 -17.5487 1
      vertex 18.6764 -17.111 1
    endloop
  endfacet
  facet normal 0 0 -1
    outer loop
      vertex 18.1958 -21.99 1
      vertex 18.414 -17.5487 1
      vertex 18.414 -22.4513 1
    endloop
  endfacet
  facet normal 0 0 -1
    outer loop
      vertex 18.1958 -21.99 1
      vertex 18.1958 -18.01 1
      vertex 18.414 -17.5487 1
    endloop
  endfacet
  facet normal 0 0 -1
    outer loop
      vertex 18.0239 -21.5095 1
      vertex 18.1958 -18.01 1
      vertex 18.1958 -21.99 1
    endloop
  endfacet
  facet normal 0 0 -1
    outer loop
      vertex 18.0239 -21.5095 1
      vertex 18.0239 -18.4905 1
      vertex 18.1958 -18.01 1
    endloop
  endfacet
  facet normal 0 0 -1
    outer loop
      vertex 17.8999 -21.0145 1
      vertex 18.0239 -18.4905 1
      vertex 18.0239 -21.5095 1
    endloop
  endfacet
  facet normal 0 0 -1
    outer loop
      vertex 17.8999 -21.0145 1
      vertex 17.8999 -18.9855 1
      vertex 18.0239 -18.4905 1
    endloop
  endfacet
  facet normal 0 0 -1
    outer loop
      vertex 17.825 -20.5097 1
      vertex 17.8999 -18.9855 1
      vertex 17.8999 -21.0145 1
    endloop
  endfacet
  facet normal 0 0 -1
    outer loop
      vertex 17.825 -20.5097 1
      vertex 17.825 -19.4903 1
      vertex 17.8999 -18.9855 1
    endloop
  endfacet
  facet normal 0 -0 -1
    outer loop
      vertex 17.825 -19.4903 1
      vertex 17.825 -20.5097 1
      vertex 17.8 -20 1
    endloop
  endfacet
  facet normal 0.998799 -0.0489896 0
    outer loop
      vertex 17.8 -20 1
      vertex 17.825 -19.4903 0
      vertex 17.825 -19.4903 1
    endloop
  endfacet
  facet normal 0.998799 -0.0489896 0
    outer loop
      vertex 17.825 -19.4903 0
      vertex 17.8 -20 1
      vertex 17.8 -20 0
    endloop
  endfacet
  facet normal 0.336845 0.94156 -0
    outer loop
      vertex 21.4905 -24.9761 0
      vertex 21.01 -24.8042 1
      vertex 21.4905 -24.9761 1
    endloop
  endfacet
  facet normal 0.336845 0.94156 0
    outer loop
      vertex 21.01 -24.8042 1
      vertex 21.4905 -24.9761 0
      vertex 21.01 -24.8042 0
    endloop
  endfacet
  facet normal -0.671472 0.74103 0
    outer loop
      vertex 26.677 -23.677 0
      vertex 26.2988 -24.0197 1
      vertex 26.677 -23.677 1
    endloop
  endfacet
  facet normal -0.671472 0.74103 0
    outer loop
      vertex 26.2988 -24.0197 1
      vertex 26.677 -23.677 0
      vertex 26.2988 -24.0197 0
    endloop
  endfacet
  facet normal 0.242997 0.970027 -0
    outer loop
      vertex 21.9855 14.8999 0
      vertex 21.4905 15.0239 1
      vertex 21.9855 14.8999 1
    endloop
  endfacet
  facet normal 0.242997 0.970027 0
    outer loop
      vertex 21.4905 15.0239 1
      vertex 21.9855 14.8999 0
      vertex 21.4905 15.0239 0
    endloop
  endfacet
  facet normal -0.989171 -0.146769 0
    outer loop
      vertex 28.175 20.5097 0
      vertex 28.1001 21.0145 1
      vertex 28.1001 21.0145 0
    endloop
  endfacet
  facet normal -0.989171 -0.146769 0
    outer loop
      vertex 28.1001 21.0145 1
      vertex 28.175 20.5097 0
      vertex 28.175 20.5097 1
    endloop
  endfacet
  facet normal -0.998799 -0.0489896 0
    outer loop
      vertex 28.2 20 0
      vertex 28.175 20.5097 1
      vertex 28.175 20.5097 0
    endloop
  endfacet
  facet normal -0.998799 -0.0489896 0
    outer loop
      vertex 28.175 20.5097 1
      vertex 28.2 20 0
      vertex 28.2 20 1
    endloop
  endfacet
  facet normal -0.970027 -0.242997 0
    outer loop
      vertex 28.1001 21.0145 0
      vertex 27.9761 21.5095 1
      vertex 27.9761 21.5095 0
    endloop
  endfacet
  facet normal -0.970027 -0.242997 0
    outer loop
      vertex 27.9761 21.5095 1
      vertex 28.1001 21.0145 0
      vertex 28.1001 21.0145 1
    endloop
  endfacet
  facet normal -0.998799 0.0489896 0
    outer loop
      vertex 28.175 19.4903 0
      vertex 28.2 20 1
      vertex 28.2 20 0
    endloop
  endfacet
  facet normal -0.998799 0.0489896 0
    outer loop
      vertex 28.2 20 1
      vertex 28.175 19.4903 0
      vertex 28.175 19.4903 1
    endloop
  endfacet
  facet normal 0.514179 -0.857683 0
    outer loop
      vertex 20.111 24.3236 0
      vertex 20.5487 24.586 1
      vertex 20.111 24.3236 1
    endloop
  endfacet
  facet normal 0.514179 -0.857683 0
    outer loop
      vertex 20.5487 24.586 1
      vertex 20.111 24.3236 0
      vertex 20.5487 24.586 0
    endloop
  endfacet
  facet normal 0.857683 0.514179 0
    outer loop
      vertex 18.6764 17.111 1
      vertex 18.414 17.5487 0
      vertex 18.414 17.5487 1
    endloop
  endfacet
  facet normal 0.857683 0.514179 0
    outer loop
      vertex 18.414 17.5487 0
      vertex 18.6764 17.111 1
      vertex 18.6764 17.111 0
    endloop
  endfacet
  facet normal 0.146769 0.989171 -0
    outer loop
      vertex 22.4903 14.825 0
      vertex 21.9855 14.8999 1
      vertex 22.4903 14.825 1
    endloop
  endfacet
  facet normal 0.146769 0.989171 0
    outer loop
      vertex 21.9855 14.8999 1
      vertex 22.4903 14.825 0
      vertex 21.9855 14.8999 0
    endloop
  endfacet
  facet normal -0.427589 0.903973 0
    outer loop
      vertex 25.4513 15.414 0
      vertex 24.99 15.1958 1
      vertex 25.4513 15.414 1
    endloop
  endfacet
  facet normal -0.427589 0.903973 0
    outer loop
      vertex 24.99 15.1958 1
      vertex 25.4513 15.414 0
      vertex 24.99 15.1958 0
    endloop
  endfacet
  facet normal -0.146769 -0.989171 0
    outer loop
      vertex 23.5097 25.175 0
      vertex 24.0145 25.1001 1
      vertex 23.5097 25.175 1
    endloop
  endfacet
  facet normal -0.146769 -0.989171 -0
    outer loop
      vertex 24.0145 25.1001 1
      vertex 23.5097 25.175 0
      vertex 24.0145 25.1001 0
    endloop
  endfacet
  facet normal -0.94156 0.336845 0
    outer loop
      vertex 27.8042 18.01 0
      vertex 27.9761 18.4905 1
      vertex 27.9761 18.4905 0
    endloop
  endfacet
  facet normal -0.94156 0.336845 0
    outer loop
      vertex 27.9761 18.4905 1
      vertex 27.8042 18.01 0
      vertex 27.8042 18.01 1
    endloop
  endfacet
  facet normal 0.595663 -0.803234 0
    outer loop
      vertex 19.7012 24.0197 0
      vertex 20.111 24.3236 1
      vertex 19.7012 24.0197 1
    endloop
  endfacet
  facet normal 0.595663 -0.803234 0
    outer loop
      vertex 20.111 24.3236 1
      vertex 19.7012 24.0197 0
      vertex 20.111 24.3236 0
    endloop
  endfacet
  facet normal 0.803234 0.595663 0
    outer loop
      vertex 18.9803 16.7012 1
      vertex 18.6764 17.111 0
      vertex 18.6764 17.111 1
    endloop
  endfacet
  facet normal 0.803234 0.595663 0
    outer loop
      vertex 18.6764 17.111 0
      vertex 18.9803 16.7012 1
      vertex 18.9803 16.7012 0
    endloop
  endfacet
  facet normal 0.671472 -0.74103 0
    outer loop
      vertex 19.323 23.677 0
      vertex 19.7012 24.0197 1
      vertex 19.323 23.677 1
    endloop
  endfacet
  facet normal 0.671472 -0.74103 0
    outer loop
      vertex 19.7012 24.0197 1
      vertex 19.323 23.677 0
      vertex 19.7012 24.0197 0
    endloop
  endfacet
  facet normal 0.74103 0.671472 0
    outer loop
      vertex 19.323 16.323 1
      vertex 18.9803 16.7012 0
      vertex 18.9803 16.7012 1
    endloop
  endfacet
  facet normal 0.74103 0.671472 0
    outer loop
      vertex 18.9803 16.7012 0
      vertex 19.323 16.323 1
      vertex 19.323 16.323 0
    endloop
  endfacet
  facet normal -0.903973 0.427589 0
    outer loop
      vertex 27.586 17.5487 0
      vertex 27.8042 18.01 1
      vertex 27.8042 18.01 0
    endloop
  endfacet
  facet normal -0.903973 0.427589 0
    outer loop
      vertex 27.8042 18.01 1
      vertex 27.586 17.5487 0
      vertex 27.586 17.5487 1
    endloop
  endfacet
  facet normal -0.74103 0.671472 0
    outer loop
      vertex 26.677 16.323 0
      vertex 27.0197 16.7012 1
      vertex 27.0197 16.7012 0
    endloop
  endfacet
  facet normal -0.74103 0.671472 0
    outer loop
      vertex 27.0197 16.7012 1
      vertex 26.677 16.323 0
      vertex 26.677 16.323 1
    endloop
  endfacet
  facet normal 0.0489896 0.998799 -0
    outer loop
      vertex 23 14.8 0
      vertex 22.4903 14.825 1
      vertex 23 14.8 1
    endloop
  endfacet
  facet normal 0.0489896 0.998799 0
    outer loop
      vertex 22.4903 14.825 1
      vertex 23 14.8 0
      vertex 22.4903 14.825 0
    endloop
  endfacet
  facet normal -0.989171 0.146769 0
    outer loop
      vertex 28.1001 18.9855 0
      vertex 28.175 19.4903 1
      vertex 28.175 19.4903 0
    endloop
  endfacet
  facet normal -0.989171 0.146769 0
    outer loop
      vertex 28.175 19.4903 1
      vertex 28.1001 18.9855 0
      vertex 28.1001 18.9855 1
    endloop
  endfacet
  facet normal 0.74103 -0.671472 0
    outer loop
      vertex 18.9803 23.2988 1
      vertex 19.323 23.677 0
      vertex 19.323 23.677 1
    endloop
  endfacet
  facet normal 0.74103 -0.671472 0
    outer loop
      vertex 19.323 23.677 0
      vertex 18.9803 23.2988 1
      vertex 18.9803 23.2988 0
    endloop
  endfacet
  facet normal -0.336845 0.94156 0
    outer loop
      vertex 24.99 15.1958 0
      vertex 24.5095 15.0239 1
      vertex 24.99 15.1958 1
    endloop
  endfacet
  facet normal -0.336845 0.94156 0
    outer loop
      vertex 24.5095 15.0239 1
      vertex 24.99 15.1958 0
      vertex 24.5095 15.0239 0
    endloop
  endfacet
  facet normal -0.595663 -0.803234 0
    outer loop
      vertex 25.889 24.3236 0
      vertex 26.2988 24.0197 1
      vertex 25.889 24.3236 1
    endloop
  endfacet
  facet normal -0.595663 -0.803234 -0
    outer loop
      vertex 26.2988 24.0197 1
      vertex 25.889 24.3236 0
      vertex 26.2988 24.0197 0
    endloop
  endfacet
  facet normal -0.242997 0.970027 0
    outer loop
      vertex 24.5095 15.0239 0
      vertex 24.0145 14.8999 1
      vertex 24.5095 15.0239 1
    endloop
  endfacet
  facet normal -0.242997 0.970027 0
    outer loop
      vertex 24.0145 14.8999 1
      vertex 24.5095 15.0239 0
      vertex 24.0145 14.8999 0
    endloop
  endfacet
  facet normal -0.671472 0.74103 0
    outer loop
      vertex 26.677 16.323 0
      vertex 26.2988 15.9803 1
      vertex 26.677 16.323 1
    endloop
  endfacet
  facet normal -0.671472 0.74103 0
    outer loop
      vertex 26.2988 15.9803 1
      vertex 26.677 16.323 0
      vertex 26.2988 15.9803 0
    endloop
  endfacet
  facet normal -0.803234 -0.595663 0
    outer loop
      vertex 27.3236 22.889 0
      vertex 27.0197 23.2988 1
      vertex 27.0197 23.2988 0
    endloop
  endfacet
  facet normal -0.803234 -0.595663 0
    outer loop
      vertex 27.0197 23.2988 1
      vertex 27.3236 22.889 0
      vertex 27.3236 22.889 1
    endloop
  endfacet
  facet normal -0.146769 0.989171 0
    outer loop
      vertex 24.0145 14.8999 0
      vertex 23.5097 14.825 1
      vertex 24.0145 14.8999 1
    endloop
  endfacet
  facet normal -0.146769 0.989171 0
    outer loop
      vertex 23.5097 14.825 1
      vertex 24.0145 14.8999 0
      vertex 23.5097 14.825 0
    endloop
  endfacet
  facet normal -0.427589 -0.903973 0
    outer loop
      vertex 24.99 24.8042 0
      vertex 25.4513 24.586 1
      vertex 24.99 24.8042 1
    endloop
  endfacet
  facet normal -0.427589 -0.903973 -0
    outer loop
      vertex 25.4513 24.586 1
      vertex 24.99 24.8042 0
      vertex 25.4513 24.586 0
    endloop
  endfacet
  facet normal 0.427589 -0.903973 0
    outer loop
      vertex 20.5487 24.586 0
      vertex 21.01 24.8042 1
      vertex 20.5487 24.586 1
    endloop
  endfacet
  facet normal 0.427589 -0.903973 0
    outer loop
      vertex 21.01 24.8042 1
      vertex 20.5487 24.586 0
      vertex 21.01 24.8042 0
    endloop
  endfacet
  facet normal 0.595663 0.803234 -0
    outer loop
      vertex 20.111 15.6764 0
      vertex 19.7012 15.9803 1
      vertex 20.111 15.6764 1
    endloop
  endfacet
  facet normal 0.595663 0.803234 0
    outer loop
      vertex 19.7012 15.9803 1
      vertex 20.111 15.6764 0
      vertex 19.7012 15.9803 0
    endloop
  endfacet
  facet normal 0.0489896 -0.998799 0
    outer loop
      vertex 22.4903 25.175 0
      vertex 23 25.2 1
      vertex 22.4903 25.175 1
    endloop
  endfacet
  facet normal 0.0489896 -0.998799 0
    outer loop
      vertex 23 25.2 1
      vertex 22.4903 25.175 0
      vertex 23 25.2 0
    endloop
  endfacet
  facet normal 0.803234 -0.595663 0
    outer loop
      vertex 18.6764 22.889 1
      vertex 18.9803 23.2988 0
      vertex 18.9803 23.2988 1
    endloop
  endfacet
  facet normal 0.803234 -0.595663 0
    outer loop
      vertex 18.9803 23.2988 0
      vertex 18.6764 22.889 1
      vertex 18.6764 22.889 0
    endloop
  endfacet
  facet normal -0.803234 0.595663 0
    outer loop
      vertex 27.0197 16.7012 0
      vertex 27.3236 17.111 1
      vertex 27.3236 17.111 0
    endloop
  endfacet
  facet normal -0.803234 0.595663 0
    outer loop
      vertex 27.3236 17.111 1
      vertex 27.0197 16.7012 0
      vertex 27.0197 16.7012 1
    endloop
  endfacet
  facet normal -0.336845 -0.94156 0
    outer loop
      vertex 24.5095 24.9761 0
      vertex 24.99 24.8042 1
      vertex 24.5095 24.9761 1
    endloop
  endfacet
  facet normal -0.336845 -0.94156 -0
    outer loop
      vertex 24.99 24.8042 1
      vertex 24.5095 24.9761 0
      vertex 24.99 24.8042 0
    endloop
  endfacet
  facet normal 0.989171 0.146769 0
    outer loop
      vertex 17.8999 18.9855 1
      vertex 17.825 19.4903 0
      vertex 17.825 19.4903 1
    endloop
  endfacet
  facet normal 0.989171 0.146769 0
    outer loop
      vertex 17.825 19.4903 0
      vertex 17.8999 18.9855 1
      vertex 17.8999 18.9855 0
    endloop
  endfacet
  facet normal -0.0489896 -0.998799 0
    outer loop
      vertex 23 25.2 0
      vertex 23.5097 25.175 1
      vertex 23 25.2 1
    endloop
  endfacet
  facet normal -0.0489896 -0.998799 -0
    outer loop
      vertex 23.5097 25.175 1
      vertex 23 25.2 0
      vertex 23.5097 25.175 0
    endloop
  endfacet
  facet normal -0.595663 0.803234 0
    outer loop
      vertex 26.2988 15.9803 0
      vertex 25.889 15.6764 1
      vertex 26.2988 15.9803 1
    endloop
  endfacet
  facet normal -0.595663 0.803234 0
    outer loop
      vertex 25.889 15.6764 1
      vertex 26.2988 15.9803 0
      vertex 25.889 15.6764 0
    endloop
  endfacet
  facet normal 0.94156 0.336845 0
    outer loop
      vertex 18.1958 18.01 1
      vertex 18.0239 18.4905 0
      vertex 18.0239 18.4905 1
    endloop
  endfacet
  facet normal 0.94156 0.336845 0
    outer loop
      vertex 18.0239 18.4905 0
      vertex 18.1958 18.01 1
      vertex 18.1958 18.01 0
    endloop
  endfacet
  facet normal -0.857683 0.514179 0
    outer loop
      vertex 27.3236 17.111 0
      vertex 27.586 17.5487 1
      vertex 27.586 17.5487 0
    endloop
  endfacet
  facet normal -0.857683 0.514179 0
    outer loop
      vertex 27.586 17.5487 1
      vertex 27.3236 17.111 0
      vertex 27.3236 17.111 1
    endloop
  endfacet
  facet normal 0.336845 0.94156 -0
    outer loop
      vertex 21.4905 15.0239 0
      vertex 21.01 15.1958 1
      vertex 21.4905 15.0239 1
    endloop
  endfacet
  facet normal 0.336845 0.94156 0
    outer loop
      vertex 21.01 15.1958 1
      vertex 21.4905 15.0239 0
      vertex 21.01 15.1958 0
    endloop
  endfacet
  facet normal -0.94156 -0.336845 0
    outer loop
      vertex 27.9761 21.5095 0
      vertex 27.8042 21.99 1
      vertex 27.8042 21.99 0
    endloop
  endfacet
  facet normal -0.94156 -0.336845 0
    outer loop
      vertex 27.8042 21.99 1
      vertex 27.9761 21.5095 0
      vertex 27.9761 21.5095 1
    endloop
  endfacet
  facet normal -0.514179 -0.857683 0
    outer loop
      vertex 25.4513 24.586 0
      vertex 25.889 24.3236 1
      vertex 25.4513 24.586 1
    endloop
  endfacet
  facet normal -0.514179 -0.857683 -0
    outer loop
      vertex 25.889 24.3236 1
      vertex 25.4513 24.586 0
      vertex 25.889 24.3236 0
    endloop
  endfacet
  facet normal -0.970027 0.242997 0
    outer loop
      vertex 27.9761 18.4905 0
      vertex 28.1001 18.9855 1
      vertex 28.1001 18.9855 0
    endloop
  endfacet
  facet normal -0.970027 0.242997 0
    outer loop
      vertex 28.1001 18.9855 1
      vertex 27.9761 18.4905 0
      vertex 27.9761 18.4905 1
    endloop
  endfacet
  facet normal -0.903973 -0.427589 0
    outer loop
      vertex 27.8042 21.99 0
      vertex 27.586 22.4513 1
      vertex 27.586 22.4513 0
    endloop
  endfacet
  facet normal -0.903973 -0.427589 0
    outer loop
      vertex 27.586 22.4513 1
      vertex 27.8042 21.99 0
      vertex 27.8042 21.99 1
    endloop
  endfacet
  facet normal -0.857683 -0.514179 0
    outer loop
      vertex 27.586 22.4513 0
      vertex 27.3236 22.889 1
      vertex 27.3236 22.889 0
    endloop
  endfacet
  facet normal -0.857683 -0.514179 0
    outer loop
      vertex 27.3236 22.889 1
      vertex 27.586 22.4513 0
      vertex 27.586 22.4513 1
    endloop
  endfacet
  facet normal 0.427589 0.903973 -0
    outer loop
      vertex 21.01 15.1958 0
      vertex 20.5487 15.414 1
      vertex 21.01 15.1958 1
    endloop
  endfacet
  facet normal 0.427589 0.903973 0
    outer loop
      vertex 20.5487 15.414 1
      vertex 21.01 15.1958 0
      vertex 20.5487 15.414 0
    endloop
  endfacet
  facet normal 0.671472 0.74103 -0
    outer loop
      vertex 19.7012 15.9803 0
      vertex 19.323 16.323 1
      vertex 19.7012 15.9803 1
    endloop
  endfacet
  facet normal 0.671472 0.74103 0
    outer loop
      vertex 19.323 16.323 1
      vertex 19.7012 15.9803 0
      vertex 19.323 16.323 0
    endloop
  endfacet
  facet normal 0.903973 -0.427589 0
    outer loop
      vertex 18.1958 21.99 1
      vertex 18.414 22.4513 0
      vertex 18.414 22.4513 1
    endloop
  endfacet
  facet normal 0.903973 -0.427589 0
    outer loop
      vertex 18.414 22.4513 0
      vertex 18.1958 21.99 1
      vertex 18.1958 21.99 0
    endloop
  endfacet
  facet normal 0.242997 -0.970027 0
    outer loop
      vertex 21.4905 24.9761 0
      vertex 21.9855 25.1001 1
      vertex 21.4905 24.9761 1
    endloop
  endfacet
  facet normal 0.242997 -0.970027 0
    outer loop
      vertex 21.9855 25.1001 1
      vertex 21.4905 24.9761 0
      vertex 21.9855 25.1001 0
    endloop
  endfacet
  facet normal 0.857683 -0.514179 0
    outer loop
      vertex 18.414 22.4513 1
      vertex 18.6764 22.889 0
      vertex 18.6764 22.889 1
    endloop
  endfacet
  facet normal 0.857683 -0.514179 0
    outer loop
      vertex 18.6764 22.889 0
      vertex 18.414 22.4513 1
      vertex 18.414 22.4513 0
    endloop
  endfacet
  facet normal 0.146769 -0.989171 0
    outer loop
      vertex 21.9855 25.1001 0
      vertex 22.4903 25.175 1
      vertex 21.9855 25.1001 1
    endloop
  endfacet
  facet normal 0.146769 -0.989171 0
    outer loop
      vertex 22.4903 25.175 1
      vertex 21.9855 25.1001 0
      vertex 22.4903 25.175 0
    endloop
  endfacet
  facet normal -0.242997 -0.970027 0
    outer loop
      vertex 24.0145 25.1001 0
      vertex 24.5095 24.9761 1
      vertex 24.0145 25.1001 1
    endloop
  endfacet
  facet normal -0.242997 -0.970027 -0
    outer loop
      vertex 24.5095 24.9761 1
      vertex 24.0145 25.1001 0
      vertex 24.5095 24.9761 0
    endloop
  endfacet
  facet normal 0.336845 -0.94156 0
    outer loop
      vertex 21.01 24.8042 0
      vertex 21.4905 24.9761 1
      vertex 21.01 24.8042 1
    endloop
  endfacet
  facet normal 0.336845 -0.94156 0
    outer loop
      vertex 21.4905 24.9761 1
      vertex 21.01 24.8042 0
      vertex 21.4905 24.9761 0
    endloop
  endfacet
  facet normal 0.970027 -0.242997 0
    outer loop
      vertex 17.8999 21.0145 1
      vertex 18.0239 21.5095 0
      vertex 18.0239 21.5095 1
    endloop
  endfacet
  facet normal 0.970027 -0.242997 0
    outer loop
      vertex 18.0239 21.5095 0
      vertex 17.8999 21.0145 1
      vertex 17.8999 21.0145 0
    endloop
  endfacet
  facet normal 0.998799 0.0489896 0
    outer loop
      vertex 17.825 19.4903 1
      vertex 17.8 20 0
      vertex 17.8 20 1
    endloop
  endfacet
  facet normal 0.998799 0.0489896 0
    outer loop
      vertex 17.8 20 0
      vertex 17.825 19.4903 1
      vertex 17.825 19.4903 0
    endloop
  endfacet
  facet normal -0.514179 0.857683 0
    outer loop
      vertex 25.889 15.6764 0
      vertex 25.4513 15.414 1
      vertex 25.889 15.6764 1
    endloop
  endfacet
  facet normal -0.514179 0.857683 0
    outer loop
      vertex 25.4513 15.414 1
      vertex 25.889 15.6764 0
      vertex 25.4513 15.414 0
    endloop
  endfacet
  facet normal -0.0489896 0.998799 0
    outer loop
      vertex 23.5097 14.825 0
      vertex 23 14.8 1
      vertex 23.5097 14.825 1
    endloop
  endfacet
  facet normal -0.0489896 0.998799 0
    outer loop
      vertex 23 14.8 1
      vertex 23.5097 14.825 0
      vertex 23 14.8 0
    endloop
  endfacet
  facet normal -0.671472 -0.74103 0
    outer loop
      vertex 26.2988 24.0197 0
      vertex 26.677 23.677 1
      vertex 26.2988 24.0197 1
    endloop
  endfacet
  facet normal -0.671472 -0.74103 -0
    outer loop
      vertex 26.677 23.677 1
      vertex 26.2988 24.0197 0
      vertex 26.677 23.677 0
    endloop
  endfacet
  facet normal -0.74103 -0.671472 0
    outer loop
      vertex 27.0197 23.2988 0
      vertex 26.677 23.677 1
      vertex 26.677 23.677 0
    endloop
  endfacet
  facet normal -0.74103 -0.671472 0
    outer loop
      vertex 26.677 23.677 1
      vertex 27.0197 23.2988 0
      vertex 27.0197 23.2988 1
    endloop
  endfacet
  facet normal 0.970027 0.242997 0
    outer loop
      vertex 18.0239 18.4905 1
      vertex 17.8999 18.9855 0
      vertex 17.8999 18.9855 1
    endloop
  endfacet
  facet normal 0.970027 0.242997 0
    outer loop
      vertex 17.8999 18.9855 0
      vertex 18.0239 18.4905 1
      vertex 18.0239 18.4905 0
    endloop
  endfacet
  facet normal 0.989171 -0.146769 0
    outer loop
      vertex 17.825 20.5097 1
      vertex 17.8999 21.0145 0
      vertex 17.8999 21.0145 1
    endloop
  endfacet
  facet normal 0.989171 -0.146769 0
    outer loop
      vertex 17.8999 21.0145 0
      vertex 17.825 20.5097 1
      vertex 17.825 20.5097 0
    endloop
  endfacet
  facet normal 0.903973 0.427589 0
    outer loop
      vertex 18.414 17.5487 1
      vertex 18.1958 18.01 0
      vertex 18.1958 18.01 1
    endloop
  endfacet
  facet normal 0.903973 0.427589 0
    outer loop
      vertex 18.1958 18.01 0
      vertex 18.414 17.5487 1
      vertex 18.414 17.5487 0
    endloop
  endfacet
  facet normal 0.514179 0.857683 -0
    outer loop
      vertex 20.5487 15.414 0
      vertex 20.111 15.6764 1
      vertex 20.5487 15.414 1
    endloop
  endfacet
  facet normal 0.514179 0.857683 0
    outer loop
      vertex 20.111 15.6764 1
      vertex 20.5487 15.414 0
      vertex 20.111 15.6764 0
    endloop
  endfacet
  facet normal 0.94156 -0.336845 0
    outer loop
      vertex 18.0239 21.5095 1
      vertex 18.1958 21.99 0
      vertex 18.1958 21.99 1
    endloop
  endfacet
  facet normal 0.94156 -0.336845 0
    outer loop
      vertex 18.1958 21.99 0
      vertex 18.0239 21.5095 1
      vertex 18.0239 21.5095 0
    endloop
  endfacet
  facet normal 0.998799 -0.0489896 0
    outer loop
      vertex 17.8 20 1
      vertex 17.825 20.5097 0
      vertex 17.825 20.5097 1
    endloop
  endfacet
  facet normal 0.998799 -0.0489896 0
    outer loop
      vertex 17.825 20.5097 0
      vertex 17.8 20 1
      vertex 17.8 20 0
    endloop
  endfacet
  facet normal 0 0 -1
    outer loop
      vertex 28.175 19.4903 1
      vertex 28.175 20.5097 1
      vertex 28.2 20 1
    endloop
  endfacet
  facet normal 0 0 -1
    outer loop
      vertex 28.1001 18.9855 1
      vertex 28.175 20.5097 1
      vertex 28.175 19.4903 1
    endloop
  endfacet
  facet normal 0 0 -1
    outer loop
      vertex 28.1001 18.9855 1
      vertex 28.1001 21.0145 1
      vertex 28.175 20.5097 1
    endloop
  endfacet
  facet normal 0 0 -1
    outer loop
      vertex 27.9761 18.4905 1
      vertex 28.1001 21.0145 1
      vertex 28.1001 18.9855 1
    endloop
  endfacet
  facet normal 0 0 -1
    outer loop
      vertex 27.9761 18.4905 1
      vertex 27.9761 21.5095 1
      vertex 28.1001 21.0145 1
    endloop
  endfacet
  facet normal 0 0 -1
    outer loop
      vertex 27.8042 18.01 1
      vertex 27.9761 21.5095 1
      vertex 27.9761 18.4905 1
    endloop
  endfacet
  facet normal 0 0 -1
    outer loop
      vertex 27.8042 18.01 1
      vertex 27.8042 21.99 1
      vertex 27.9761 21.5095 1
    endloop
  endfacet
  facet normal 0 0 -1
    outer loop
      vertex 27.586 17.5487 1
      vertex 27.8042 21.99 1
      vertex 27.8042 18.01 1
    endloop
  endfacet
  facet normal 0 0 -1
    outer loop
      vertex 27.586 17.5487 1
      vertex 27.586 22.4513 1
      vertex 27.8042 21.99 1
    endloop
  endfacet
  facet normal 0 0 -1
    outer loop
      vertex 27.3236 17.111 1
      vertex 27.586 22.4513 1
      vertex 27.586 17.5487 1
    endloop
  endfacet
  facet normal 0 0 -1
    outer loop
      vertex 27.3236 17.111 1
      vertex 27.3236 22.889 1
      vertex 27.586 22.4513 1
    endloop
  endfacet
  facet normal 0 0 -1
    outer loop
      vertex 27.0197 16.7012 1
      vertex 27.3236 22.889 1
      vertex 27.3236 17.111 1
    endloop
  endfacet
  facet normal 0 0 -1
    outer loop
      vertex 27.0197 16.7012 1
      vertex 27.0197 23.2988 1
      vertex 27.3236 22.889 1
    endloop
  endfacet
  facet normal 0 0 -1
    outer loop
      vertex 26.677 16.323 1
      vertex 27.0197 23.2988 1
      vertex 27.0197 16.7012 1
    endloop
  endfacet
  facet normal 0 0 -1
    outer loop
      vertex 26.677 16.323 1
      vertex 26.677 23.677 1
      vertex 27.0197 23.2988 1
    endloop
  endfacet
  facet normal 0 0 -1
    outer loop
      vertex 26.2988 15.9803 1
      vertex 26.677 23.677 1
      vertex 26.677 16.323 1
    endloop
  endfacet
  facet normal 0 0 -1
    outer loop
      vertex 26.2988 15.9803 1
      vertex 26.2988 24.0197 1
      vertex 26.677 23.677 1
    endloop
  endfacet
  facet normal 0 0 -1
    outer loop
      vertex 25.889 15.6764 1
      vertex 26.2988 24.0197 1
      vertex 26.2988 15.9803 1
    endloop
  endfacet
  facet normal 0 0 -1
    outer loop
      vertex 25.889 15.6764 1
      vertex 25.889 24.3236 1
      vertex 26.2988 24.0197 1
    endloop
  endfacet
  facet normal 0 0 -1
    outer loop
      vertex 25.4513 15.414 1
      vertex 25.889 24.3236 1
      vertex 25.889 15.6764 1
    endloop
  endfacet
  facet normal 0 0 -1
    outer loop
      vertex 25.4513 15.414 1
      vertex 25.4513 24.586 1
      vertex 25.889 24.3236 1
    endloop
  endfacet
  facet normal 0 0 -1
    outer loop
      vertex 24.99 15.1958 1
      vertex 25.4513 24.586 1
      vertex 25.4513 15.414 1
    endloop
  endfacet
  facet normal 0 0 -1
    outer loop
      vertex 24.99 15.1958 1
      vertex 24.99 24.8042 1
      vertex 25.4513 24.586 1
    endloop
  endfacet
  facet normal 0 0 -1
    outer loop
      vertex 24.5095 15.0239 1
      vertex 24.99 24.8042 1
      vertex 24.99 15.1958 1
    endloop
  endfacet
  facet normal 0 0 -1
    outer loop
      vertex 24.5095 15.0239 1
      vertex 24.5095 24.9761 1
      vertex 24.99 24.8042 1
    endloop
  endfacet
  facet normal 0 0 -1
    outer loop
      vertex 24.0145 14.8999 1
      vertex 24.5095 24.9761 1
      vertex 24.5095 15.0239 1
    endloop
  endfacet
  facet normal 0 0 -1
    outer loop
      vertex 24.0145 14.8999 1
      vertex 24.0145 25.1001 1
      vertex 24.5095 24.9761 1
    endloop
  endfacet
  facet normal 0 0 -1
    outer loop
      vertex 23.5097 14.825 1
      vertex 24.0145 25.1001 1
      vertex 24.0145 14.8999 1
    endloop
  endfacet
  facet normal 0 0 -1
    outer loop
      vertex 23.5097 14.825 1
      vertex 23.5097 25.175 1
      vertex 24.0145 25.1001 1
    endloop
  endfacet
  facet normal 0 0 -1
    outer loop
      vertex 23 14.8 1
      vertex 23.5097 25.175 1
      vertex 23.5097 14.825 1
    endloop
  endfacet
  facet normal 0 0 -1
    outer loop
      vertex 23 14.8 1
      vertex 23 25.2 1
      vertex 23.5097 25.175 1
    endloop
  endfacet
  facet normal 0 0 -1
    outer loop
      vertex 22.4903 14.825 1
      vertex 23 25.2 1
      vertex 23 14.8 1
    endloop
  endfacet
  facet normal 0 0 -1
    outer loop
      vertex 22.4903 14.825 1
      vertex 22.4903 25.175 1
      vertex 23 25.2 1
    endloop
  endfacet
  facet normal 0 0 -1
    outer loop
      vertex 21.9855 14.8999 1
      vertex 22.4903 25.175 1
      vertex 22.4903 14.825 1
    endloop
  endfacet
  facet normal 0 0 -1
    outer loop
      vertex 21.9855 14.8999 1
      vertex 21.9855 25.1001 1
      vertex 22.4903 25.175 1
    endloop
  endfacet
  facet normal 0 0 -1
    outer loop
      vertex 21.4905 15.0239 1
      vertex 21.9855 25.1001 1
      vertex 21.9855 14.8999 1
    endloop
  endfacet
  facet normal 0 0 -1
    outer loop
      vertex 21.4905 15.0239 1
      vertex 21.4905 24.9761 1
      vertex 21.9855 25.1001 1
    endloop
  endfacet
  facet normal 0 0 -1
    outer loop
      vertex 21.01 15.1958 1
      vertex 21.4905 24.9761 1
      vertex 21.4905 15.0239 1
    endloop
  endfacet
  facet normal 0 0 -1
    outer loop
      vertex 21.01 15.1958 1
      vertex 21.01 24.8042 1
      vertex 21.4905 24.9761 1
    endloop
  endfacet
  facet normal 0 0 -1
    outer loop
      vertex 20.5487 15.414 1
      vertex 21.01 24.8042 1
      vertex 21.01 15.1958 1
    endloop
  endfacet
  facet normal 0 0 -1
    outer loop
      vertex 20.5487 15.414 1
      vertex 20.5487 24.586 1
      vertex 21.01 24.8042 1
    endloop
  endfacet
  facet normal 0 0 -1
    outer loop
      vertex 20.111 15.6764 1
      vertex 20.5487 24.586 1
      vertex 20.5487 15.414 1
    endloop
  endfacet
  facet normal 0 0 -1
    outer loop
      vertex 20.111 15.6764 1
      vertex 20.111 24.3236 1
      vertex 20.5487 24.586 1
    endloop
  endfacet
  facet normal 0 0 -1
    outer loop
      vertex 19.7012 15.9803 1
      vertex 20.111 24.3236 1
      vertex 20.111 15.6764 1
    endloop
  endfacet
  facet normal 0 0 -1
    outer loop
      vertex 19.7012 15.9803 1
      vertex 19.7012 24.0197 1
      vertex 20.111 24.3236 1
    endloop
  endfacet
  facet normal 0 0 -1
    outer loop
      vertex 19.323 16.323 1
      vertex 19.7012 24.0197 1
      vertex 19.7012 15.9803 1
    endloop
  endfacet
  facet normal 0 0 -1
    outer loop
      vertex 19.323 16.323 1
      vertex 19.323 23.677 1
      vertex 19.7012 24.0197 1
    endloop
  endfacet
  facet normal 0 0 -1
    outer loop
      vertex 18.9803 16.7012 1
      vertex 19.323 23.677 1
      vertex 19.323 16.323 1
    endloop
  endfacet
  facet normal 0 0 -1
    outer loop
      vertex 18.9803 16.7012 1
      vertex 18.9803 23.2988 1
      vertex 19.323 23.677 1
    endloop
  endfacet
  facet normal 0 0 -1
    outer loop
      vertex 18.6764 17.111 1
      vertex 18.9803 23.2988 1
      vertex 18.9803 16.7012 1
    endloop
  endfacet
  facet normal 0 0 -1
    outer loop
      vertex 18.6764 17.111 1
      vertex 18.6764 22.889 1
      vertex 18.9803 23.2988 1
    endloop
  endfacet
  facet normal 0 0 -1
    outer loop
      vertex 18.414 17.5487 1
      vertex 18.6764 22.889 1
      vertex 18.6764 17.111 1
    endloop
  endfacet
  facet normal 0 0 -1
    outer loop
      vertex 18.414 17.5487 1
      vertex 18.414 22.4513 1
      vertex 18.6764 22.889 1
    endloop
  endfacet
  facet normal 0 0 -1
    outer loop
      vertex 18.1958 18.01 1
      vertex 18.414 22.4513 1
      vertex 18.414 17.5487 1
    endloop
  endfacet
  facet normal 0 0 -1
    outer loop
      vertex 18.1958 18.01 1
      vertex 18.1958 21.99 1
      vertex 18.414 22.4513 1
    endloop
  endfacet
  facet normal 0 0 -1
    outer loop
      vertex 18.0239 18.4905 1
      vertex 18.1958 21.99 1
      vertex 18.1958 18.01 1
    endloop
  endfacet
  facet normal 0 0 -1
    outer loop
      vertex 18.0239 18.4905 1
      vertex 18.0239 21.5095 1
      vertex 18.1958 21.99 1
    endloop
  endfacet
  facet normal 0 0 -1
    outer loop
      vertex 17.8999 18.9855 1
      vertex 18.0239 21.5095 1
      vertex 18.0239 18.4905 1
    endloop
  endfacet
  facet normal 0 0 -1
    outer loop
      vertex 17.8999 18.9855 1
      vertex 17.8999 21.0145 1
      vertex 18.0239 21.5095 1
    endloop
  endfacet
  facet normal 0 0 -1
    outer loop
      vertex 17.825 19.4903 1
      vertex 17.8999 21.0145 1
      vertex 17.8999 18.9855 1
    endloop
  endfacet
  facet normal 0 0 -1
    outer loop
      vertex 17.825 19.4903 1
      vertex 17.825 20.5097 1
      vertex 17.8999 21.0145 1
    endloop
  endfacet
  facet normal 0 -0 -1
    outer loop
      vertex 17.825 20.5097 1
      vertex 17.825 19.4903 1
      vertex 17.8 20 1
    endloop
  endfacet
  facet normal -1 0 0
    outer loop
      vertex 4 31 0
      vertex 4 21.4 0
      vertex 4 31 6
    endloop
  endfacet
  facet normal -1 0 0
    outer loop
      vertex 4 31 6
      vertex 4 35.1 8
      vertex 4 35.1 6
    endloop
  endfacet
  facet normal -1 0 0
    outer loop
      vertex 4 31 6
      vertex 4 21.4 8
      vertex 4 35.1 8
    endloop
  endfacet
  facet normal -1 0 0
    outer loop
      vertex 4 21.4 8
      vertex 4 31 6
      vertex 4 21.4 0
    endloop
  endfacet
  facet normal 1 0 0
    outer loop
      vertex -4 35.1 8
      vertex -4 31 6
      vertex -4 35.1 6
    endloop
  endfacet
  facet normal 1 -0 0
    outer loop
      vertex -4 21.4 8
      vertex -4 31 6
      vertex -4 35.1 8
    endloop
  endfacet
  facet normal 1 0 0
    outer loop
      vertex -4 21.4 0
      vertex -4 31 6
      vertex -4 21.4 8
    endloop
  endfacet
  facet normal 1 0 0
    outer loop
      vertex -4 31 6
      vertex -4 21.4 0
      vertex -4 31 0
    endloop
  endfacet
  facet normal 0 1 -0
    outer loop
      vertex 4 21.4 0
      vertex -4 21.4 8
      vertex 4 21.4 8
    endloop
  endfacet
  facet normal 0 1 0
    outer loop
      vertex -4 21.4 8
      vertex 4 21.4 0
      vertex -4 21.4 0
    endloop
  endfacet
endsolid OpenSCAD_Model
