solid OpenSCAD_Model
  facet normal -0.751854 0.644921 0.137083
    outer loop
      vertex -13.1402 -30.0479 4
      vertex -12.364 -48.5155 95.1402
      vertex -12.364 -29.143 4
    endloop
  endfacet
  facet normal -0.751822 0.644957 0.13709
    outer loop
      vertex -12.364 -48.5155 95.1402
      vertex -13.1402 -30.0479 4
      vertex -13.1402 -49.3812 94.9562
    endloop
  endfacet
  facet normal 0.751854 -0.644921 -0.137083
    outer loop
      vertex 13.1402 -77.7062 88.9356
      vertex 12.364 -60.5574 4
      vertex 13.1402 -59.6525 4
    endloop
  endfacet
  facet normal 0.75183 -0.644949 -0.137088
    outer loop
      vertex 12.364 -60.5574 4
      vertex 13.1402 -77.7062 88.9356
      vertex 12.364 -78.5719 88.7515
    endloop
  endfacet
  facet normal -0.321482 -0.926223 -0.196874
    outer loop
      vertex -9.44415 -62.552 4
      vertex -8.32937 -80.8504 88.2672
      vertex -9.44415 -80.4802 88.3459
    endloop
  endfacet
  facet normal -0.321387 -0.926255 -0.196882
    outer loop
      vertex -8.32937 -80.8504 88.2672
      vertex -9.44415 -62.552 4
      vertex -8.32937 -62.9388 4
    endloop
  endfacet
  facet normal -0.946927 0.314424 0.0668327
    outer loop
      vertex -14.6933 -33.2677 4
      vertex -14.3149 -51.3715 94.5332
      vertex -14.3149 -32.1281 4
    endloop
  endfacet
  facet normal -0.946933 0.314406 0.0668293
    outer loop
      vertex -14.3149 -51.3715 94.5332
      vertex -14.6933 -33.2677 4
      vertex -14.6933 -52.4619 94.3014
    endloop
  endfacet
  facet normal 0 0.978148 0.207912
    outer loop
      vertex 6 -45.937 95.6883
      vertex 1.77856 -28.1485 12
      vertex -6 -45.937 95.6883
    endloop
  endfacet
  facet normal 7.18826e-05 0.978134 0.207978
    outer loop
      vertex 0.554736 -27.7864 10.296
      vertex 6 -26.4481 4
      vertex 0 -27.75 10.125
    endloop
  endfacet
  facet normal -7.05623e-05 0.978159 0.20786
    outer loop
      vertex 1.09998 -27.8948 10.8063
      vertex 6 -26.4481 4
      vertex 0.554736 -27.7864 10.296
    endloop
  endfacet
  facet normal 5.72989e-06 0.978147 0.207912
    outer loop
      vertex 1.6264 -28.0735 11.647
      vertex 6 -26.4481 4
      vertex 1.09998 -27.8948 10.8063
    endloop
  endfacet
  facet normal -8.71417e-05 0.978158 0.207862
    outer loop
      vertex 1.77856 -28.1485 12
      vertex 6 -26.4481 4
      vertex 1.6264 -28.0735 11.647
    endloop
  endfacet
  facet normal 1.11565e-05 0.978148 0.207911
    outer loop
      vertex 6 -26.4481 4
      vertex 1.77856 -28.1485 12
      vertex 6 -45.937 95.6883
    endloop
  endfacet
  facet normal -0 0.978148 0.207912
    outer loop
      vertex -1.77856 -28.1485 12
      vertex -6 -45.937 95.6883
      vertex 1.77856 -28.1485 12
    endloop
  endfacet
  facet normal -0 0.978148 0.20791
    outer loop
      vertex -6 -26.4481 4
      vertex 0 -27.75 10.125
      vertex 6 -26.4481 4
    endloop
  endfacet
  facet normal -7.18826e-05 0.978134 0.207978
    outer loop
      vertex 0 -27.75 10.125
      vertex -6 -26.4481 4
      vertex -0.554736 -27.7864 10.296
    endloop
  endfacet
  facet normal -1.11565e-05 0.978148 0.207911
    outer loop
      vertex -1.77856 -28.1485 12
      vertex -6 -26.4481 4
      vertex -6 -45.937 95.6883
    endloop
  endfacet
  facet normal 8.71417e-05 0.978158 0.207862
    outer loop
      vertex -1.6264 -28.0735 11.647
      vertex -6 -26.4481 4
      vertex -1.77856 -28.1485 12
    endloop
  endfacet
  facet normal -5.72989e-06 0.978147 0.207912
    outer loop
      vertex -1.09998 -27.8948 10.8063
      vertex -6 -26.4481 4
      vertex -1.6264 -28.0735 11.647
    endloop
  endfacet
  facet normal 7.05623e-05 0.978159 0.20786
    outer loop
      vertex -0.554736 -27.7864 10.296
      vertex -6 -26.4481 4
      vertex -1.09998 -27.8948 10.8063
    endloop
  endfacet
  facet normal 0.896862 -0.432644 -0.0919612
    outer loop
      vertex 14.3149 -75.7159 89.3586
      vertex 13.7942 -58.6518 4
      vertex 14.3149 -57.5724 4
    endloop
  endfacet
  facet normal 0.896871 -0.432626 -0.0919577
    outer loop
      vertex 13.7942 -58.6518 4
      vertex 14.3149 -75.7159 89.3586
      vertex 13.7942 -76.7487 89.1391
    endloop
  endfacet
  facet normal 0.0653893 0.976054 0.207467
    outer loop
      vertex 6 -26.4481 4
      vertex 7.17474 -46.0124 95.6723
      vertex 7.17474 -26.5268 4
    endloop
  endfacet
  facet normal 0.0654728 0.976049 0.207465
    outer loop
      vertex 7.17474 -46.0124 95.6723
      vertex 6 -26.4481 4
      vertex 6 -45.937 95.6883
    endloop
  endfacet
  facet normal -0.896862 -0.432644 -0.0919612
    outer loop
      vertex -13.7942 -58.6518 4
      vertex -14.3149 -75.7159 89.3586
      vertex -14.3149 -57.5724 4
    endloop
  endfacet
  facet normal -0.896871 -0.432626 -0.0919577
    outer loop
      vertex -14.3149 -75.7159 89.3586
      vertex -13.7942 -58.6518 4
      vertex -13.7942 -76.7487 89.1391
    endloop
  endfacet
  facet normal 0.195089 0.959353 0.203917
    outer loop
      vertex 7.17474 -26.5268 4
      vertex 8.32937 -46.237 95.6245
      vertex 8.32937 -26.7616 4
    endloop
  endfacet
  facet normal 0.195058 0.959359 0.203919
    outer loop
      vertex 8.32937 -46.237 95.6245
      vertex 7.17474 -26.5268 4
      vertex 7.17474 -46.0124 95.6723
    endloop
  endfacet
  facet normal 0 -0.978146 -0.207917
    outer loop
      vertex -6 -81.1504 88.2035
      vertex -5.75 -80.1108 83.3127
      vertex -5.75 -81.1504 88.2035
    endloop
  endfacet
  facet normal 0 -0.978148 -0.207911
    outer loop
      vertex -5.75 -80.1108 83.3127
      vertex -6 -63.2524 4
      vertex 5.75 -80.1108 83.3127
    endloop
  endfacet
  facet normal 0.000112457 -0.978148 -0.207912
    outer loop
      vertex -6 -63.2524 4
      vertex -5.75 -80.1108 83.3127
      vertex -6 -81.1504 88.2035
    endloop
  endfacet
  facet normal 0 -0.978146 -0.207917
    outer loop
      vertex 5.75 -80.1108 83.3127
      vertex 6 -81.1504 88.2035
      vertex 5.75 -81.1504 88.2035
    endloop
  endfacet
  facet normal -0.000112457 -0.978148 -0.207912
    outer loop
      vertex 5.75 -80.1108 83.3127
      vertex 6 -63.2524 4
      vertex 6 -81.1504 88.2035
    endloop
  endfacet
  facet normal -0 -0.978148 -0.207911
    outer loop
      vertex 6 -63.2524 4
      vertex 5.75 -80.1108 83.3127
      vertex -6 -63.2524 4
    endloop
  endfacet
  facet normal -0.442289 -0.877274 -0.18647
    outer loop
      vertex -10.5 -62.0196 4
      vertex -9.44415 -80.4802 88.3459
      vertex -10.5 -79.9709 88.4542
    endloop
  endfacet
  facet normal -0.442342 -0.877248 -0.186464
    outer loop
      vertex -9.44415 -80.4802 88.3459
      vertex -10.5 -62.0196 4
      vertex -9.44415 -62.552 4
    endloop
  endfacet
  facet normal 0.195047 -0.959361 -0.203918
    outer loop
      vertex 8.02861 -63 4
      vertex 7.17474 -81.075 88.2195
      vertex 7.17474 -63.1736 4
    endloop
  endfacet
  facet normal 0.195209 -0.95933 -0.20391
    outer loop
      vertex 8.32937 -62.9388 4
      vertex 7.17474 -81.075 88.2195
      vertex 8.02861 -63 4
    endloop
  endfacet
  facet normal 0.195041 -0.959362 -0.203919
    outer loop
      vertex 7.17474 -81.075 88.2195
      vertex 8.32937 -62.9388 4
      vertex 8.32937 -80.8504 88.2672
    endloop
  endfacet
  facet normal 0.555575 0.813297 0.172871
    outer loop
      vertex 10.5 -27.6808 4
      vertex 11.4789 -47.7562 95.3016
      vertex 11.4789 -28.3495 4
    endloop
  endfacet
  facet normal 0.555521 0.813332 0.172879
    outer loop
      vertex 11.4789 -47.7562 95.3016
      vertex 10.5 -27.6808 4
      vertex 10.5 -47.1165 95.4376
    endloop
  endfacet
  facet normal -0.195058 0.959359 0.203919
    outer loop
      vertex -7.17474 -26.5268 4
      vertex -8.32937 -46.237 95.6245
      vertex -7.17474 -46.0124 95.6723
    endloop
  endfacet
  facet normal -0.195089 0.959353 0.203917
    outer loop
      vertex -8.32937 -46.237 95.6245
      vertex -7.17474 -26.5268 4
      vertex -8.32937 -26.7616 4
    endloop
  endfacet
  facet normal 0.946927 0.314424 0.0668327
    outer loop
      vertex 14.3149 -51.3715 94.5332
      vertex 14.6933 -33.2677 4
      vertex 14.3149 -32.1281 4
    endloop
  endfacet
  facet normal 0.946933 0.314406 0.0668293
    outer loop
      vertex 14.6933 -33.2677 4
      vertex 14.3149 -51.3715 94.5332
      vertex 14.6933 -52.4619 94.3014
    endloop
  endfacet
  facet normal -0.0654728 -0.976049 -0.207466
    outer loop
      vertex -7.17474 -63.1736 4
      vertex -6 -81.1504 88.2035
      vertex -7.17474 -81.075 88.2195
    endloop
  endfacet
  facet normal -0.0654721 -0.976049 -0.207466
    outer loop
      vertex -6 -81.1504 88.2035
      vertex -7.17474 -63.1736 4
      vertex -6 -63.2524 4
    endloop
  endfacet
  facet normal 0.321387 -0.926255 -0.196882
    outer loop
      vertex 9.44415 -62.552 4
      vertex 8.32937 -80.8504 88.2672
      vertex 8.32937 -62.9388 4
    endloop
  endfacet
  facet normal 0.321482 -0.926223 -0.196874
    outer loop
      vertex 8.32937 -80.8504 88.2672
      vertex 9.44415 -62.552 4
      vertex 9.44415 -80.4802 88.3459
    endloop
  endfacet
  facet normal -1 0 0
    outer loop
      vertex -15 -54.0513 4
      vertex -15 -54.7404 93.8171
      vertex -15 -35.6492 4
    endloop
  endfacet
  facet normal -1 0 -0
    outer loop
      vertex -15 -54.7404 93.8171
      vertex -15 -54.0513 4
      vertex -15 -72.347 90.0747
    endloop
  endfacet
  facet normal -0.0654728 0.976049 0.207465
    outer loop
      vertex -6 -26.4481 4
      vertex -7.17474 -46.0124 95.6723
      vertex -6 -45.937 95.6883
    endloop
  endfacet
  facet normal -0.0653893 0.976054 0.207467
    outer loop
      vertex -7.17474 -46.0124 95.6723
      vertex -6 -26.4481 4
      vertex -7.17474 -26.5268 4
    endloop
  endfacet
  facet normal -0.321482 0.926223 0.196875
    outer loop
      vertex -8.32937 -26.7616 4
      vertex -9.44415 -46.6072 95.5458
      vertex -8.32937 -46.237 95.6245
    endloop
  endfacet
  facet normal -0.321461 0.92623 0.196877
    outer loop
      vertex -9.44415 -46.6072 95.5458
      vertex -8.32937 -26.7616 4
      vertex -9.44415 -27.1485 4
    endloop
  endfacet
  facet normal 0.0654721 -0.976049 -0.207466
    outer loop
      vertex 7.17474 -63.1736 4
      vertex 6 -81.1504 88.2035
      vertex 6 -63.2524 4
    endloop
  endfacet
  facet normal 0.0654728 -0.976049 -0.207466
    outer loop
      vertex 6 -81.1504 88.2035
      vertex 7.17474 -63.1736 4
      vertex 7.17474 -81.075 88.2195
    endloop
  endfacet
  facet normal 0.997859 -0.063976 -0.0135985
    outer loop
      vertex 15 -72.347 90.0747
      vertex 14.923 -55.2523 4
      vertex 15 -54.0513 4
    endloop
  endfacet
  facet normal 0.997859 -0.0639745 -0.0135982
    outer loop
      vertex 14.923 -55.2523 4
      vertex 15 -72.347 90.0747
      vertex 14.923 -73.4961 89.8304
    endloop
  endfacet
  facet normal 0.997859 0.063976 0.0135985
    outer loop
      vertex 14.923 -53.5913 94.0613
      vertex 15 -35.6492 4
      vertex 14.923 -34.4482 4
    endloop
  endfacet
  facet normal 0.997859 0.0639756 0.0135984
    outer loop
      vertex 15 -35.6492 4
      vertex 14.923 -53.5913 94.0613
      vertex 15 -54.7404 93.8171
    endloop
  endfacet
  facet normal -0.98078 -0.190855 -0.0405674
    outer loop
      vertex -14.6933 -56.4327 4
      vertex -14.923 -73.4961 89.8304
      vertex -14.923 -55.2523 4
    endloop
  endfacet
  facet normal -0.98078 -0.190853 -0.040567
    outer loop
      vertex -14.923 -73.4961 89.8304
      vertex -14.6933 -56.4327 4
      vertex -14.6933 -74.6255 89.5904
    endloop
  endfacet
  facet normal 1 0 0
    outer loop
      vertex 15 -54.7404 93.8171
      vertex 15 -54.0513 4
      vertex 15 -35.6492 4
    endloop
  endfacet
  facet normal 1 0 0
    outer loop
      vertex 15 -54.0513 4
      vertex 15 -54.7404 93.8171
      vertex 15 -72.347 90.0747
    endloop
  endfacet
  facet normal -0.997859 -0.063976 -0.0135985
    outer loop
      vertex -14.923 -55.2523 4
      vertex -15 -72.347 90.0747
      vertex -15 -54.0513 4
    endloop
  endfacet
  facet normal -0.997859 -0.0639745 -0.0135982
    outer loop
      vertex -15 -72.347 90.0747
      vertex -14.923 -55.2523 4
      vertex -14.923 -73.4961 89.8304
    endloop
  endfacet
  facet normal 0.321461 0.92623 0.196877
    outer loop
      vertex 8.32937 -26.7616 4
      vertex 9.44415 -46.6072 95.5458
      vertex 9.44415 -27.1485 4
    endloop
  endfacet
  facet normal 0.321482 0.926223 0.196875
    outer loop
      vertex 9.44415 -46.6072 95.5458
      vertex 8.32937 -26.7616 4
      vertex 8.32937 -46.237 95.6245
    endloop
  endfacet
  facet normal -0.659371 -0.735389 -0.156312
    outer loop
      vertex -12.364 -60.5574 4
      vertex -11.4789 -79.3312 88.5901
      vertex -12.364 -78.5719 88.7515
    endloop
  endfacet
  facet normal -0.659368 -0.735391 -0.156312
    outer loop
      vertex -11.4789 -79.3312 88.5901
      vertex -12.364 -60.5574 4
      vertex -11.4789 -61.351 4
    endloop
  endfacet
  facet normal -0.831483 0.54341 0.115505
    outer loop
      vertex -13.7942 -31.0486 4
      vertex -13.1402 -49.3812 94.9562
      vertex -13.1402 -30.0479 4
    endloop
  endfacet
  facet normal -0.831497 0.543389 0.115501
    outer loop
      vertex -13.1402 -49.3812 94.9562
      vertex -13.7942 -31.0486 4
      vertex -13.7942 -50.3387 94.7527
    endloop
  endfacet
  facet normal 0.442342 -0.877248 -0.186464
    outer loop
      vertex 10.5 -62.0196 4
      vertex 9.44415 -80.4802 88.3459
      vertex 9.44415 -62.552 4
    endloop
  endfacet
  facet normal 0.442289 -0.877274 -0.18647
    outer loop
      vertex 9.44415 -80.4802 88.3459
      vertex 10.5 -62.0196 4
      vertex 10.5 -79.9709 88.4542
    endloop
  endfacet
  facet normal -0.195041 -0.959362 -0.203919
    outer loop
      vertex -8.32937 -62.9388 4
      vertex -7.17474 -81.075 88.2195
      vertex -8.32937 -80.8504 88.2672
    endloop
  endfacet
  facet normal -0.195209 -0.95933 -0.20391
    outer loop
      vertex -8.02861 -63 4
      vertex -7.17474 -81.075 88.2195
      vertex -8.32937 -62.9388 4
    endloop
  endfacet
  facet normal -0.195047 -0.959361 -0.203918
    outer loop
      vertex -7.17474 -81.075 88.2195
      vertex -8.02861 -63 4
      vertex -7.17474 -63.1736 4
    endloop
  endfacet
  facet normal 0.98078 -0.190855 -0.0405674
    outer loop
      vertex 14.923 -73.4961 89.8304
      vertex 14.6933 -56.4327 4
      vertex 14.923 -55.2523 4
    endloop
  endfacet
  facet normal 0.98078 -0.190853 -0.040567
    outer loop
      vertex 14.6933 -56.4327 4
      vertex 14.923 -73.4961 89.8304
      vertex 14.6933 -74.6255 89.5904
    endloop
  endfacet
  facet normal -1.84461e-13 -0.207912 0.978148
    outer loop
      vertex 15 -54.7404 93.8171
      vertex 14.9679 -63.5437 91.9459
      vertex 15 -72.347 90.0747
    endloop
  endfacet
  facet normal -2.20545e-05 -0.207873 0.978156
    outer loop
      vertex 11.8748 -54.6309 93.8403
      vertex 15 -54.7404 93.8171
      vertex 14.923 -53.5913 94.0613
    endloop
  endfacet
  facet normal 3.06513e-05 -0.207912 0.978148
    outer loop
      vertex 15 -54.7404 93.8171
      vertex 14.8398 -61.6327 92.3521
      vertex 14.9679 -63.5437 91.9459
    endloop
  endfacet
  facet normal 2.80575e-06 -0.207943 0.978141
    outer loop
      vertex 11.8748 -54.6309 93.8403
      vertex 14.923 -53.5913 94.0613
      vertex 14.6933 -52.4619 94.3014
    endloop
  endfacet
  facet normal -0.000101161 -0.207909 0.978148
    outer loop
      vertex 15 -54.7404 93.8171
      vertex 14.4579 -59.7544 92.7513
      vertex 14.8398 -61.6327 92.3521
    endloop
  endfacet
  facet normal 3.40523e-06 -0.207935 0.978143
    outer loop
      vertex 10.5839 -53.1911 94.1464
      vertex 14.6933 -52.4619 94.3014
      vertex 14.3149 -51.3715 94.5332
    endloop
  endfacet
  facet normal 1.62358e-05 -0.207921 0.978146
    outer loop
      vertex 15 -54.7404 93.8171
      vertex 13.8285 -57.9409 93.1368
      vertex 14.4579 -59.7544 92.7513
    endloop
  endfacet
  facet normal -1.72858e-05 -0.207894 0.978151
    outer loop
      vertex 10.5839 -53.1911 94.1464
      vertex 14.3149 -51.3715 94.5332
      vertex 13.7942 -50.3387 94.7527
    endloop
  endfacet
  facet normal -1.36346e-05 -0.207898 0.97815
    outer loop
      vertex 10.5839 -53.1911 94.1464
      vertex 13.7942 -50.3387 94.7527
      vertex 13.1402 -49.3812 94.9562
    endloop
  endfacet
  facet normal 3.94041e-06 -0.207917 0.978147
    outer loop
      vertex 15 -54.7404 93.8171
      vertex 12.9626 -56.2233 93.5019
      vertex 13.8285 -57.9409 93.1368
    endloop
  endfacet
  facet normal -9.27231e-07 -0.207901 0.97815
    outer loop
      vertex 9.11187 -51.9284 94.4148
      vertex 13.1402 -49.3812 94.9562
      vertex 12.364 -48.5155 95.1402
    endloop
  endfacet
  facet normal -2.23764e-05 -0.207882 0.978154
    outer loop
      vertex 15 -54.7404 93.8171
      vertex 11.8748 -54.6309 93.8403
      vertex 12.9626 -56.2233 93.5019
    endloop
  endfacet
  facet normal 8.16712e-06 -0.20791 0.978148
    outer loop
      vertex 9.11187 -51.9284 94.4148
      vertex 12.364 -48.5155 95.1402
      vertex 11.4789 -47.7562 95.3016
    endloop
  endfacet
  facet normal 5.57956e-06 -0.207947 0.97814
    outer loop
      vertex 14.6933 -52.4619 94.3014
      vertex 10.5839 -53.1911 94.1464
      vertex 11.8748 -54.6309 93.8403
    endloop
  endfacet
  facet normal 2.32797e-05 -0.207918 0.978146
    outer loop
      vertex 9.11187 -51.9284 94.4148
      vertex 11.4789 -47.7562 95.3016
      vertex 10.5 -47.1165 95.4376
    endloop
  endfacet
  facet normal -4.21172e-05 -0.207894 0.978151
    outer loop
      vertex 7.48394 -50.8644 94.6409
      vertex 10.5 -47.1165 95.4376
      vertex 9.44415 -46.6072 95.5458
    endloop
  endfacet
  facet normal 4.72684e-06 -0.20791 0.978148
    outer loop
      vertex 13.1402 -49.3812 94.9562
      vertex 9.11187 -51.9284 94.4148
      vertex 10.5839 -53.1911 94.1464
    endloop
  endfacet
  facet normal 8.52022e-06 -0.207916 0.978147
    outer loop
      vertex 7.48394 -50.8644 94.6409
      vertex 9.44415 -46.6072 95.5458
      vertex 8.32937 -46.237 95.6245
    endloop
  endfacet
  facet normal -3.03213e-05 -0.207903 0.978149
    outer loop
      vertex 10.5 -47.1165 95.4376
      vertex 7.48394 -50.8644 94.6409
      vertex 9.11187 -51.9284 94.4148
    endloop
  endfacet
  facet normal 4.68435e-05 -0.20793 0.978144
    outer loop
      vertex 5.72796 -50.0174 94.821
      vertex 8.32937 -46.237 95.6245
      vertex 7.17474 -46.0124 95.6723
    endloop
  endfacet
  facet normal -2.19488e-05 -0.207907 0.978149
    outer loop
      vertex 5.72796 -50.0174 94.821
      vertex 7.17474 -46.0124 95.6723
      vertex 6 -45.937 95.6883
    endloop
  endfacet
  facet normal 3.15889e-05 -0.20792 0.978146
    outer loop
      vertex 8.32937 -46.237 95.6245
      vertex 5.72796 -50.0174 94.821
      vertex 7.48394 -50.8644 94.6409
    endloop
  endfacet
  facet normal -2.44851e-05 -0.207907 0.978149
    outer loop
      vertex 6 -45.937 95.6883
      vertex 3.87397 -49.4018 94.9518
      vertex 5.72796 -50.0174 94.821
    endloop
  endfacet
  facet normal -6.73494e-06 -0.207917 0.978146
    outer loop
      vertex 6 -45.937 95.6883
      vertex 1.9537 -49.0282 95.0312
      vertex 3.87397 -49.4018 94.9518
    endloop
  endfacet
  facet normal 2.9945e-05 -0.207963 0.978137
    outer loop
      vertex 6 -45.937 95.6883
      vertex 0 -48.9029 95.0579
      vertex 1.9537 -49.0282 95.0312
    endloop
  endfacet
  facet normal 0 -0.207905 0.978149
    outer loop
      vertex -6 -45.937 95.6883
      vertex 0 -48.9029 95.0579
      vertex 6 -45.937 95.6883
    endloop
  endfacet
  facet normal -2.9945e-05 -0.207963 0.978137
    outer loop
      vertex 0 -48.9029 95.0579
      vertex -6 -45.937 95.6883
      vertex -1.9537 -49.0282 95.0312
    endloop
  endfacet
  facet normal 6.73494e-06 -0.207917 0.978146
    outer loop
      vertex -1.9537 -49.0282 95.0312
      vertex -6 -45.937 95.6883
      vertex -3.87397 -49.4018 94.9518
    endloop
  endfacet
  facet normal 2.44851e-05 -0.207907 0.978149
    outer loop
      vertex -3.87397 -49.4018 94.9518
      vertex -6 -45.937 95.6883
      vertex -5.72796 -50.0174 94.821
    endloop
  endfacet
  facet normal 2.19488e-05 -0.207907 0.978149
    outer loop
      vertex -7.17474 -46.0124 95.6723
      vertex -5.72796 -50.0174 94.821
      vertex -6 -45.937 95.6883
    endloop
  endfacet
  facet normal -4.68435e-05 -0.20793 0.978144
    outer loop
      vertex -8.32937 -46.237 95.6245
      vertex -5.72796 -50.0174 94.821
      vertex -7.17474 -46.0124 95.6723
    endloop
  endfacet
  facet normal -3.15889e-05 -0.20792 0.978146
    outer loop
      vertex -5.72796 -50.0174 94.821
      vertex -8.32937 -46.237 95.6245
      vertex -7.48394 -50.8644 94.6409
    endloop
  endfacet
  facet normal -8.52022e-06 -0.207916 0.978147
    outer loop
      vertex -9.44415 -46.6072 95.5458
      vertex -7.48394 -50.8644 94.6409
      vertex -8.32937 -46.237 95.6245
    endloop
  endfacet
  facet normal 4.21172e-05 -0.207894 0.978151
    outer loop
      vertex -10.5 -47.1165 95.4376
      vertex -7.48394 -50.8644 94.6409
      vertex -9.44415 -46.6072 95.5458
    endloop
  endfacet
  facet normal 3.03213e-05 -0.207903 0.978149
    outer loop
      vertex -7.48394 -50.8644 94.6409
      vertex -10.5 -47.1165 95.4376
      vertex -9.11187 -51.9284 94.4148
    endloop
  endfacet
  facet normal -2.32797e-05 -0.207918 0.978146
    outer loop
      vertex -11.4789 -47.7562 95.3016
      vertex -9.11187 -51.9284 94.4148
      vertex -10.5 -47.1165 95.4376
    endloop
  endfacet
  facet normal -8.16712e-06 -0.20791 0.978148
    outer loop
      vertex -12.364 -48.5155 95.1402
      vertex -9.11187 -51.9284 94.4148
      vertex -11.4789 -47.7562 95.3016
    endloop
  endfacet
  facet normal 9.27231e-07 -0.207901 0.97815
    outer loop
      vertex -13.1402 -49.3812 94.9562
      vertex -9.11187 -51.9284 94.4148
      vertex -12.364 -48.5155 95.1402
    endloop
  endfacet
  facet normal -4.72684e-06 -0.20791 0.978148
    outer loop
      vertex -9.11187 -51.9284 94.4148
      vertex -13.1402 -49.3812 94.9562
      vertex -10.5839 -53.1911 94.1464
    endloop
  endfacet
  facet normal 1.36346e-05 -0.207898 0.97815
    outer loop
      vertex -13.7942 -50.3387 94.7527
      vertex -10.5839 -53.1911 94.1464
      vertex -13.1402 -49.3812 94.9562
    endloop
  endfacet
  facet normal 1.72858e-05 -0.207894 0.978151
    outer loop
      vertex -14.3149 -51.3715 94.5332
      vertex -10.5839 -53.1911 94.1464
      vertex -13.7942 -50.3387 94.7527
    endloop
  endfacet
  facet normal -3.40523e-06 -0.207935 0.978143
    outer loop
      vertex -14.6933 -52.4619 94.3014
      vertex -10.5839 -53.1911 94.1464
      vertex -14.3149 -51.3715 94.5332
    endloop
  endfacet
  facet normal -5.57956e-06 -0.207947 0.97814
    outer loop
      vertex -10.5839 -53.1911 94.1464
      vertex -14.6933 -52.4619 94.3014
      vertex -11.8748 -54.6309 93.8403
    endloop
  endfacet
  facet normal -2.80575e-06 -0.207943 0.978141
    outer loop
      vertex -14.923 -53.5913 94.0613
      vertex -11.8748 -54.6309 93.8403
      vertex -14.6933 -52.4619 94.3014
    endloop
  endfacet
  facet normal 2.20545e-05 -0.207873 0.978156
    outer loop
      vertex -15 -54.7404 93.8171
      vertex -11.8748 -54.6309 93.8403
      vertex -14.923 -53.5913 94.0613
    endloop
  endfacet
  facet normal 2.23764e-05 -0.207882 0.978154
    outer loop
      vertex -11.8748 -54.6309 93.8403
      vertex -15 -54.7404 93.8171
      vertex -12.9626 -56.2233 93.5019
    endloop
  endfacet
  facet normal -1.62358e-05 -0.207921 0.978146
    outer loop
      vertex -13.8285 -57.9409 93.1368
      vertex -15 -54.7404 93.8171
      vertex -14.4579 -59.7544 92.7513
    endloop
  endfacet
  facet normal -3.94041e-06 -0.207917 0.978147
    outer loop
      vertex -12.9626 -56.2233 93.5019
      vertex -15 -54.7404 93.8171
      vertex -13.8285 -57.9409 93.1368
    endloop
  endfacet
  facet normal 0.000101161 -0.207909 0.978148
    outer loop
      vertex -14.4579 -59.7544 92.7513
      vertex -15 -54.7404 93.8171
      vertex -14.8398 -61.6327 92.3521
    endloop
  endfacet
  facet normal -3.06513e-05 -0.207912 0.978148
    outer loop
      vertex -14.8398 -61.6327 92.3521
      vertex -15 -54.7404 93.8171
      vertex -14.9679 -63.5437 91.9459
    endloop
  endfacet
  facet normal -3.06513e-05 -0.207912 0.978148
    outer loop
      vertex 14.8398 -65.4547 91.5397
      vertex 15 -72.347 90.0747
      vertex 14.9679 -63.5437 91.9459
    endloop
  endfacet
  facet normal -0.00012869 -0.207914 0.978147
    outer loop
      vertex 14.4579 -67.333 91.1404
      vertex 15 -72.347 90.0747
      vertex 14.8398 -65.4547 91.5397
    endloop
  endfacet
  facet normal 5.94017e-05 -0.207895 0.978151
    outer loop
      vertex 13.8285 -69.1465 90.755
      vertex 15 -72.347 90.0747
      vertex 14.4579 -67.333 91.1404
    endloop
  endfacet
  facet normal -3.94041e-06 -0.207917 0.978147
    outer loop
      vertex 12.9626 -70.8641 90.3899
      vertex 15 -72.347 90.0747
      vertex 13.8285 -69.1465 90.755
    endloop
  endfacet
  facet normal -7.48492e-06 -0.207921 0.978146
    outer loop
      vertex 11.8748 -72.4565 90.0514
      vertex 15 -72.347 90.0747
      vertex 12.9626 -70.8641 90.3899
    endloop
  endfacet
  facet normal -6.32848e-06 -0.207953 0.978139
    outer loop
      vertex 15 -72.347 90.0747
      vertex 11.8748 -72.4565 90.0514
      vertex 14.923 -73.4961 89.8304
    endloop
  endfacet
  facet normal 2.48164e-05 -0.207866 0.978157
    outer loop
      vertex 14.923 -73.4961 89.8304
      vertex 11.8748 -72.4565 90.0514
      vertex 14.6933 -74.6255 89.5904
    endloop
  endfacet
  facet normal 4.82085e-06 -0.207891 0.978152
    outer loop
      vertex 10.5839 -73.8963 89.7454
      vertex 14.6933 -74.6255 89.5904
      vertex 11.8748 -72.4565 90.0514
    endloop
  endfacet
  facet normal -3.40523e-06 -0.207935 0.978143
    outer loop
      vertex 14.6933 -74.6255 89.5904
      vertex 10.5839 -73.8963 89.7454
      vertex 14.3149 -75.7159 89.3586
    endloop
  endfacet
  facet normal 1.72858e-05 -0.207894 0.978151
    outer loop
      vertex 14.3149 -75.7159 89.3586
      vertex 10.5839 -73.8963 89.7454
      vertex 13.7942 -76.7487 89.1391
    endloop
  endfacet
  facet normal 1.36346e-05 -0.207898 0.97815
    outer loop
      vertex 13.7942 -76.7487 89.1391
      vertex 10.5839 -73.8963 89.7454
      vertex 13.1402 -77.7062 88.9356
    endloop
  endfacet
  facet normal -4.72684e-06 -0.20791 0.978148
    outer loop
      vertex 9.11187 -75.159 89.477
      vertex 13.1402 -77.7062 88.9356
      vertex 10.5839 -73.8963 89.7454
    endloop
  endfacet
  facet normal -4.46675e-05 -0.20797 0.978135
    outer loop
      vertex 13.1402 -77.7062 88.9356
      vertex 9.11187 -75.159 89.477
      vertex 12.364 -78.5719 88.7515
    endloop
  endfacet
  facet normal 5.36099e-06 -0.207925 0.978145
    outer loop
      vertex 12.364 -78.5719 88.7515
      vertex 9.11187 -75.159 89.477
      vertex 11.4789 -79.3312 88.5901
    endloop
  endfacet
  facet normal 6.07942e-05 -0.207895 0.978151
    outer loop
      vertex 11.4789 -79.3312 88.5901
      vertex 9.11187 -75.159 89.477
      vertex 10.5 -79.9709 88.4542
    endloop
  endfacet
  facet normal -2.02324e-05 -0.207917 0.978146
    outer loop
      vertex 7.48394 -76.223 89.2508
      vertex 10.5 -79.9709 88.4542
      vertex 9.11187 -75.159 89.477
    endloop
  endfacet
  facet normal -3.36874e-05 -0.207927 0.978144
    outer loop
      vertex 10.5 -79.9709 88.4542
      vertex 7.48394 -76.223 89.2508
      vertex 9.44415 -80.4802 88.3459
    endloop
  endfacet
  facet normal -8.52022e-06 -0.207916 0.978147
    outer loop
      vertex 9.44415 -80.4802 88.3459
      vertex 7.48394 -76.223 89.2508
      vertex 8.32937 -80.8504 88.2672
    endloop
  endfacet
  facet normal -7.69454e-06 -0.207916 0.978147
    outer loop
      vertex 5.75 -77.0594 89.073
      vertex 8.32937 -80.8504 88.2672
      vertex 7.48394 -76.223 89.2508
    endloop
  endfacet
  facet normal 2.99927e-05 -0.207892 0.978152
    outer loop
      vertex 8.32937 -80.8504 88.2672
      vertex 5.75 -77.0594 89.073
      vertex 7.17474 -81.075 88.2195
    endloop
  endfacet
  facet normal 2.11455e-05 -0.207895 0.978151
    outer loop
      vertex 7.17474 -81.075 88.2195
      vertex 5.75 -77.0594 89.073
      vertex 6 -81.1504 88.2035
    endloop
  endfacet
  facet normal 0 -0.207896 0.978151
    outer loop
      vertex 6 -81.1504 88.2035
      vertex 5.75 -77.0594 89.073
      vertex 5.75 -81.1504 88.2035
    endloop
  endfacet
  facet normal 0 -0.207896 0.978151
    outer loop
      vertex -5.75 -77.0594 89.073
      vertex -6 -81.1504 88.2035
      vertex -5.75 -81.1504 88.2035
    endloop
  endfacet
  facet normal -2.11455e-05 -0.207895 0.978151
    outer loop
      vertex -5.75 -77.0594 89.073
      vertex -7.17474 -81.075 88.2195
      vertex -6 -81.1504 88.2035
    endloop
  endfacet
  facet normal 7.69454e-06 -0.207916 0.978147
    outer loop
      vertex -8.32937 -80.8504 88.2672
      vertex -5.75 -77.0594 89.073
      vertex -7.48394 -76.223 89.2508
    endloop
  endfacet
  facet normal -2.99927e-05 -0.207892 0.978152
    outer loop
      vertex -5.75 -77.0594 89.073
      vertex -8.32937 -80.8504 88.2672
      vertex -7.17474 -81.075 88.2195
    endloop
  endfacet
  facet normal 2.02324e-05 -0.207917 0.978146
    outer loop
      vertex -10.5 -79.9709 88.4542
      vertex -7.48394 -76.223 89.2508
      vertex -9.11187 -75.159 89.477
    endloop
  endfacet
  facet normal 8.52022e-06 -0.207916 0.978147
    outer loop
      vertex -7.48394 -76.223 89.2508
      vertex -9.44415 -80.4802 88.3459
      vertex -8.32937 -80.8504 88.2672
    endloop
  endfacet
  facet normal 3.36874e-05 -0.207927 0.978144
    outer loop
      vertex -7.48394 -76.223 89.2508
      vertex -10.5 -79.9709 88.4542
      vertex -9.44415 -80.4802 88.3459
    endloop
  endfacet
  facet normal 4.72684e-06 -0.20791 0.978148
    outer loop
      vertex -13.1402 -77.7062 88.9356
      vertex -9.11187 -75.159 89.477
      vertex -10.5839 -73.8963 89.7454
    endloop
  endfacet
  facet normal -6.07942e-05 -0.207895 0.978151
    outer loop
      vertex -9.11187 -75.159 89.477
      vertex -11.4789 -79.3312 88.5901
      vertex -10.5 -79.9709 88.4542
    endloop
  endfacet
  facet normal -4.82085e-06 -0.207891 0.978152
    outer loop
      vertex -14.6933 -74.6255 89.5904
      vertex -10.5839 -73.8963 89.7454
      vertex -11.8748 -72.4565 90.0514
    endloop
  endfacet
  facet normal -5.36099e-06 -0.207925 0.978145
    outer loop
      vertex -9.11187 -75.159 89.477
      vertex -12.364 -78.5719 88.7515
      vertex -11.4789 -79.3312 88.5901
    endloop
  endfacet
  facet normal 7.48492e-06 -0.207921 0.978146
    outer loop
      vertex -15 -72.347 90.0747
      vertex -11.8748 -72.4565 90.0514
      vertex -12.9626 -70.8641 90.3899
    endloop
  endfacet
  facet normal 4.46675e-05 -0.20797 0.978135
    outer loop
      vertex -9.11187 -75.159 89.477
      vertex -13.1402 -77.7062 88.9356
      vertex -12.364 -78.5719 88.7515
    endloop
  endfacet
  facet normal -1.36346e-05 -0.207898 0.97815
    outer loop
      vertex -10.5839 -73.8963 89.7454
      vertex -13.7942 -76.7487 89.1391
      vertex -13.1402 -77.7062 88.9356
    endloop
  endfacet
  facet normal 3.94041e-06 -0.207917 0.978147
    outer loop
      vertex -15 -72.347 90.0747
      vertex -12.9626 -70.8641 90.3899
      vertex -13.8285 -69.1465 90.755
    endloop
  endfacet
  facet normal -1.72858e-05 -0.207894 0.978151
    outer loop
      vertex -10.5839 -73.8963 89.7454
      vertex -14.3149 -75.7159 89.3586
      vertex -13.7942 -76.7487 89.1391
    endloop
  endfacet
  facet normal -5.94017e-05 -0.207895 0.978151
    outer loop
      vertex -15 -72.347 90.0747
      vertex -13.8285 -69.1465 90.755
      vertex -14.4579 -67.333 91.1404
    endloop
  endfacet
  facet normal 6.32848e-06 -0.207953 0.978139
    outer loop
      vertex -11.8748 -72.4565 90.0514
      vertex -15 -72.347 90.0747
      vertex -14.923 -73.4961 89.8304
    endloop
  endfacet
  facet normal 0.00012869 -0.207914 0.978147
    outer loop
      vertex -15 -72.347 90.0747
      vertex -14.4579 -67.333 91.1404
      vertex -14.8398 -65.4547 91.5397
    endloop
  endfacet
  facet normal 3.40523e-06 -0.207935 0.978143
    outer loop
      vertex -10.5839 -73.8963 89.7454
      vertex -14.6933 -74.6255 89.5904
      vertex -14.3149 -75.7159 89.3586
    endloop
  endfacet
  facet normal 3.06513e-05 -0.207912 0.978148
    outer loop
      vertex -15 -72.347 90.0747
      vertex -14.8398 -65.4547 91.5397
      vertex -14.9679 -63.5437 91.9459
    endloop
  endfacet
  facet normal -2.48164e-05 -0.207866 0.978157
    outer loop
      vertex -11.8748 -72.4565 90.0514
      vertex -14.923 -73.4961 89.8304
      vertex -14.6933 -74.6255 89.5904
    endloop
  endfacet
  facet normal 1.96759e-13 -0.207912 0.978148
    outer loop
      vertex -15 -72.347 90.0747
      vertex -14.9679 -63.5437 91.9459
      vertex -15 -54.7404 93.8171
    endloop
  endfacet
  facet normal 0.831483 0.54341 0.115505
    outer loop
      vertex 13.1402 -49.3812 94.9562
      vertex 13.7942 -31.0486 4
      vertex 13.1402 -30.0479 4
    endloop
  endfacet
  facet normal 0.831497 0.543389 0.115501
    outer loop
      vertex 13.7942 -31.0486 4
      vertex 13.1402 -49.3812 94.9562
      vertex 13.7942 -50.3387 94.7527
    endloop
  endfacet
  facet normal -0.555509 -0.81334 -0.172881
    outer loop
      vertex -11.4789 -61.351 4
      vertex -10.5 -79.9709 88.4542
      vertex -11.4789 -79.3312 88.5901
    endloop
  endfacet
  facet normal -0.555517 -0.813335 -0.17288
    outer loop
      vertex -10.5 -79.9709 88.4542
      vertex -11.4789 -61.351 4
      vertex -10.5 -62.0196 4
    endloop
  endfacet
  facet normal -0.946936 -0.314399 -0.0668276
    outer loop
      vertex -14.3149 -57.5724 4
      vertex -14.6933 -74.6255 89.5904
      vertex -14.6933 -56.4327 4
    endloop
  endfacet
  facet normal -0.946933 -0.314406 -0.066829
    outer loop
      vertex -14.6933 -74.6255 89.5904
      vertex -14.3149 -57.5724 4
      vertex -14.3149 -75.7159 89.3586
    endloop
  endfacet
  facet normal 0.442275 0.87728 0.186472
    outer loop
      vertex 9.44415 -27.1485 4
      vertex 10.5 -47.1165 95.4376
      vertex 10.5 -27.6808 4
    endloop
  endfacet
  facet normal 0.442274 0.877281 0.186472
    outer loop
      vertex 10.5 -47.1165 95.4376
      vertex 9.44415 -27.1485 4
      vertex 9.44415 -46.6072 95.5458
    endloop
  endfacet
  facet normal 0.659321 0.735432 0.156321
    outer loop
      vertex 11.4789 -28.3495 4
      vertex 12.364 -48.5155 95.1402
      vertex 12.364 -29.143 4
    endloop
  endfacet
  facet normal 0.659371 0.735389 0.156311
    outer loop
      vertex 12.364 -48.5155 95.1402
      vertex 11.4789 -28.3495 4
      vertex 11.4789 -47.7562 95.3016
    endloop
  endfacet
  facet normal 0.896879 0.432612 0.0919546
    outer loop
      vertex 13.7942 -50.3387 94.7527
      vertex 14.3149 -32.1281 4
      vertex 13.7942 -31.0486 4
    endloop
  endfacet
  facet normal 0.896871 0.432626 0.0919574
    outer loop
      vertex 14.3149 -32.1281 4
      vertex 13.7942 -50.3387 94.7527
      vertex 14.3149 -51.3715 94.5332
    endloop
  endfacet
  facet normal 0.751854 0.644921 0.137083
    outer loop
      vertex 12.364 -48.5155 95.1402
      vertex 13.1402 -30.0479 4
      vertex 12.364 -29.143 4
    endloop
  endfacet
  facet normal 0.751822 0.644957 0.13709
    outer loop
      vertex 13.1402 -30.0479 4
      vertex 12.364 -48.5155 95.1402
      vertex 13.1402 -49.3812 94.9562
    endloop
  endfacet
  facet normal -0.555521 0.813332 0.172879
    outer loop
      vertex -10.5 -27.6808 4
      vertex -11.4789 -47.7562 95.3016
      vertex -10.5 -47.1165 95.4376
    endloop
  endfacet
  facet normal -0.555575 0.813297 0.172871
    outer loop
      vertex -11.4789 -47.7562 95.3016
      vertex -10.5 -27.6808 4
      vertex -11.4789 -28.3495 4
    endloop
  endfacet
  facet normal -0.997859 0.063976 0.0135985
    outer loop
      vertex -15 -35.6492 4
      vertex -14.923 -53.5913 94.0613
      vertex -14.923 -34.4482 4
    endloop
  endfacet
  facet normal -0.997859 0.0639756 0.0135984
    outer loop
      vertex -14.923 -53.5913 94.0613
      vertex -15 -35.6492 4
      vertex -15 -54.7404 93.8171
    endloop
  endfacet
  facet normal 0.946936 -0.314399 -0.0668276
    outer loop
      vertex 14.6933 -74.6255 89.5904
      vertex 14.3149 -57.5724 4
      vertex 14.6933 -56.4327 4
    endloop
  endfacet
  facet normal 0.946933 -0.314406 -0.066829
    outer loop
      vertex 14.3149 -57.5724 4
      vertex 14.6933 -74.6255 89.5904
      vertex 14.3149 -75.7159 89.3586
    endloop
  endfacet
  facet normal 0.659368 -0.735391 -0.156312
    outer loop
      vertex 12.364 -60.5574 4
      vertex 11.4789 -79.3312 88.5901
      vertex 11.4789 -61.351 4
    endloop
  endfacet
  facet normal 0.659371 -0.735389 -0.156312
    outer loop
      vertex 11.4789 -79.3312 88.5901
      vertex 12.364 -60.5574 4
      vertex 12.364 -78.5719 88.7515
    endloop
  endfacet
  facet normal -0.831483 -0.54341 -0.115505
    outer loop
      vertex -13.1402 -59.6525 4
      vertex -13.7942 -76.7487 89.1391
      vertex -13.7942 -58.6518 4
    endloop
  endfacet
  facet normal -0.831497 -0.543389 -0.115501
    outer loop
      vertex -13.7942 -76.7487 89.1391
      vertex -13.1402 -59.6525 4
      vertex -13.1402 -77.7062 88.9356
    endloop
  endfacet
  facet normal 0.555517 -0.813335 -0.17288
    outer loop
      vertex 11.4789 -61.351 4
      vertex 10.5 -79.9709 88.4542
      vertex 10.5 -62.0196 4
    endloop
  endfacet
  facet normal 0.555509 -0.81334 -0.172881
    outer loop
      vertex 10.5 -79.9709 88.4542
      vertex 11.4789 -61.351 4
      vertex 11.4789 -79.3312 88.5901
    endloop
  endfacet
  facet normal -0.751854 -0.644921 -0.137083
    outer loop
      vertex -12.364 -60.5574 4
      vertex -13.1402 -77.7062 88.9356
      vertex -13.1402 -59.6525 4
    endloop
  endfacet
  facet normal -0.75183 -0.644949 -0.137088
    outer loop
      vertex -13.1402 -77.7062 88.9356
      vertex -12.364 -60.5574 4
      vertex -12.364 -78.5719 88.7515
    endloop
  endfacet
  facet normal 0.980783 0.190839 0.0405642
    outer loop
      vertex 14.6933 -52.4619 94.3014
      vertex 14.923 -34.4482 4
      vertex 14.6933 -33.2677 4
    endloop
  endfacet
  facet normal 0.980781 0.190849 0.0405663
    outer loop
      vertex 14.923 -34.4482 4
      vertex 14.6933 -52.4619 94.3014
      vertex 14.923 -53.5913 94.0613
    endloop
  endfacet
  facet normal -0.442274 0.877281 0.186472
    outer loop
      vertex -9.44415 -27.1485 4
      vertex -10.5 -47.1165 95.4376
      vertex -9.44415 -46.6072 95.5458
    endloop
  endfacet
  facet normal -0.442275 0.87728 0.186472
    outer loop
      vertex -10.5 -47.1165 95.4376
      vertex -9.44415 -27.1485 4
      vertex -10.5 -27.6808 4
    endloop
  endfacet
  facet normal -0.896879 0.432612 0.0919546
    outer loop
      vertex -14.3149 -32.1281 4
      vertex -13.7942 -50.3387 94.7527
      vertex -13.7942 -31.0486 4
    endloop
  endfacet
  facet normal -0.896871 0.432626 0.0919574
    outer loop
      vertex -13.7942 -50.3387 94.7527
      vertex -14.3149 -32.1281 4
      vertex -14.3149 -51.3715 94.5332
    endloop
  endfacet
  facet normal 0.831483 -0.54341 -0.115505
    outer loop
      vertex 13.7942 -76.7487 89.1391
      vertex 13.1402 -59.6525 4
      vertex 13.7942 -58.6518 4
    endloop
  endfacet
  facet normal 0.831497 -0.543389 -0.115501
    outer loop
      vertex 13.1402 -59.6525 4
      vertex 13.7942 -76.7487 89.1391
      vertex 13.1402 -77.7062 88.9356
    endloop
  endfacet
  facet normal -0.659371 0.735389 0.156311
    outer loop
      vertex -11.4789 -28.3495 4
      vertex -12.364 -48.5155 95.1402
      vertex -11.4789 -47.7562 95.3016
    endloop
  endfacet
  facet normal -0.659321 0.735432 0.156321
    outer loop
      vertex -12.364 -48.5155 95.1402
      vertex -11.4789 -28.3495 4
      vertex -12.364 -29.143 4
    endloop
  endfacet
  facet normal -0.980783 0.190839 0.0405642
    outer loop
      vertex -14.923 -34.4482 4
      vertex -14.6933 -52.4619 94.3014
      vertex -14.6933 -33.2677 4
    endloop
  endfacet
  facet normal -0.980781 0.190849 0.0405663
    outer loop
      vertex -14.6933 -52.4619 94.3014
      vertex -14.923 -34.4482 4
      vertex -14.923 -53.5913 94.0613
    endloop
  endfacet
  facet normal 0.0632516 -0.996852 0.0478025
    outer loop
      vertex 0.93035 -78.2015 89.8526
      vertex 1.92027 -78.1151 90.3445
      vertex 0 -78.2382 90.3183
    endloop
  endfacet
  facet normal 0.0631711 -0.996849 0.047964
    outer loop
      vertex 1.92027 -78.1151 90.3445
      vertex 0.93035 -78.2015 89.8526
      vertex 1.93619 -78.1371 89.8663
    endloop
  endfacet
  facet normal -0.733228 0.381252 0.563048
    outer loop
      vertex -11.6716 -55.0877 95.2391
      vertex -12.7408 -56.6528 94.9065
      vertex -11.2688 -55.5871 96.1018
    endloop
  endfacet
  facet normal 0.915838 -0.356944 0.183935
    outer loop
      vertex 14.2105 -67.5724 92.5854
      vertex 13.8285 -69.2485 91.2348
      vertex 14.4579 -67.435 91.6202
    endloop
  endfacet
  facet normal 0.769081 -0.0831471 0.63372
    outer loop
      vertex 14.0824 -62.2315 94.6895
      vertex 13.338 -62.5158 95.5556
      vertex 14.204 -64.0449 94.304
    endloop
  endfacet
  facet normal 0.0504189 -0.88476 0.463312
    outer loop
      vertex 1.75598 -77.2799 92.4174
      vertex 0 -77.9385 91.3508
      vertex 1.85399 -77.8196 91.3761
    endloop
  endfacet
  facet normal 0.372458 0.0575882 0.926261
    outer loop
      vertex 9.76669 -59.0563 97.9553
      vertex 7.84641 -58.8269 98.7132
      vertex 8.56515 -59.879 98.4896
    endloop
  endfacet
  facet normal -0.536286 -0.278471 0.796775
    outer loop
      vertex -11.1811 -66.0117 96.4769
      vertex -12.3653 -66.0024 95.6831
      vertex -10.8933 -67.4269 96.176
    endloop
  endfacet
  facet normal 0.946922 -0.314436 -0.0668456
    outer loop
      vertex 14.4579 -67.435 91.6202
      vertex 13.8285 -69.1465 90.755
      vertex 14.4579 -67.333 91.1404
    endloop
  endfacet
  facet normal 0.946922 -0.314436 -0.0668456
    outer loop
      vertex 13.8285 -69.1465 90.755
      vertex 14.4579 -67.435 91.6202
      vertex 13.8285 -69.2485 91.2348
    endloop
  endfacet
  facet normal -0.172018 -0.944025 0.281474
    outer loop
      vertex -3.67625 -77.4651 91.4514
      vertex -3.80769 -77.7479 90.4226
      vertex -1.85399 -77.8196 91.3761
    endloop
  endfacet
  facet normal 0.364146 -0.690106 0.625421
    outer loop
      vertex 7.5925 -74.0885 93.9644
      vertex 6.23602 -74.9751 93.7759
      vertex 8.18972 -74.6732 92.9715
    endloop
  endfacet
  facet normal 0.637698 0.658448 0.399734
    outer loop
      vertex 10.5839 -53.2931 94.6262
      vertex 9.11187 -52.0304 94.8946
      vertex 10.4028 -53.6724 95.5399
    endloop
  endfacet
  facet normal -0.691238 -0.465914 0.552371
    outer loop
      vertex -11.6507 -70.8129 93.792
      vertex -12.429 -69.2691 94.1202
      vertex -12.301 -70.9917 92.8274
    endloop
  endfacet
  facet normal 0.864898 0.0702287 0.49701
    outer loop
      vertex 14.2105 -60.1234 94.1687
      vertex 14.0824 -62.2315 94.6895
      vertex 14.5859 -61.9696 93.7763
    endloop
  endfacet
  facet normal 0.106684 0.350482 0.930474
    outer loop
      vertex 3.228 -52.6262 98.5263
      vertex 1.62793 -52.3149 98.5925
      vertex 2.91886 -53.9166 99.0478
    endloop
  endfacet
  facet normal 0.997857 0.0639974 0.0136051
    outer loop
      vertex 14.8398 -61.7347 92.8319
      vertex 14.9679 -63.5437 91.9459
      vertex 14.8398 -61.6327 92.3521
    endloop
  endfacet
  facet normal 0.997857 0.0639974 0.0136051
    outer loop
      vertex 14.9679 -63.5437 91.9459
      vertex 14.8398 -61.7347 92.8319
      vertex 14.9679 -63.6457 92.4257
    endloop
  endfacet
  facet normal 0.587851 0.126498 0.799018
    outer loop
      vertex 11.6507 -57.6538 96.5891
      vertex 10.8011 -58.3103 97.3181
      vertex 12.429 -59.1976 96.2609
    endloop
  endfacet
  facet normal 0.642814 -0.282122 0.712178
    outer loop
      vertex 13.338 -65.951 94.8255
      vertex 12.3653 -66.0024 95.6831
      vertex 12.9947 -67.6392 94.4666
    endloop
  endfacet
  facet normal 0.587896 -0.44061 0.678411
    outer loop
      vertex 12.429 -69.2691 94.1202
      vertex 10.8011 -70.5098 94.7251
      vertex 11.6507 -70.8129 93.792
    endloop
  endfacet
  facet normal 0.390043 0.67557 0.625677
    outer loop
      vertex 7.35589 -51.3856 96.026
      vertex 5.43562 -51.209 97.0324
      vertex 7.10198 -52.0128 96.8615
    endloop
  endfacet
  facet normal 0.372455 0.0575563 0.926264
    outer loop
      vertex 8.94712 -57.8565 98.2103
      vertex 7.84641 -58.8269 98.7132
      vertex 9.76669 -59.0563 97.9553
    endloop
  endfacet
  facet normal 0.303746 -0.618757 0.724485
    outer loop
      vertex 6.86537 -73.3234 94.9227
      vertex 6.23602 -74.9751 93.7759
      vertex 7.5925 -74.0885 93.9644
    endloop
  endfacet
  facet normal -0.948593 -0.237378 0.209342
    outer loop
      vertex -14.5859 -65.7262 92.9778
      vertex -14.8398 -65.5567 92.0195
      vertex -14.2105 -67.5724 92.5854
    endloop
  endfacet
  facet normal 0.210681 0.450058 0.867791
    outer loop
      vertex 5.14827 -52.0759 97.7747
      vertex 3.228 -52.6262 98.5263
      vertex 4.77284 -53.1392 98.4173
    endloop
  endfacet
  facet normal -0.199287 0.0978735 0.975041
    outer loop
      vertex -4.94509 -56.3381 99.2422
      vertex -4.89947 -57.4885 99.367
      vertex -4.47437 -57.2107 99.426
    endloop
  endfacet
  facet normal -0.199382 0.0978677 0.975022
    outer loop
      vertex -4.89947 -57.4885 99.367
      vertex -4.94509 -56.3381 99.2422
      vertex -6.02076 -57.0411 99.0928
    endloop
  endfacet
  facet normal 0.199429 0.0977511 0.975024
    outer loop
      vertex 6.02076 -57.0411 99.0928
      vertex 4.89947 -57.4885 99.367
      vertex 5.44764 -57.8468 99.2908
    endloop
  endfacet
  facet normal 0.358181 -0.217081 0.908065
    outer loop
      vertex 8.91529 -65.2902 97.7087
      vertex 9.89019 -64.7161 97.4614
      vertex 8.94873 -64.7912 97.8148
    endloop
  endfacet
  facet normal 0.358122 -0.216958 0.908118
    outer loop
      vertex 9.89019 -64.7161 97.4614
      vertex 8.91529 -65.2902 97.7087
      vertex 9.80557 -65.9788 97.1931
    endloop
  endfacet
  facet normal 0.642911 -0.282043 0.712122
    outer loop
      vertex 12.3653 -66.0024 95.6831
      vertex 12.0471 -67.5675 95.3505
      vertex 12.9947 -67.6392 94.4666
    endloop
  endfacet
  facet normal 0.427757 -0.901318 0.0681942
    outer loop
      vertex 7.35589 -76.3103 90.7281
      vertex 5.62995 -77.1428 90.5512
      vertex 7.48394 -76.325 89.7306
    endloop
  endfacet
  facet normal 0.755948 -0.279536 0.591948
    outer loop
      vertex 14.0824 -65.8584 93.9185
      vertex 12.9947 -67.6392 94.4666
      vertex 13.72 -67.6408 93.5396
    endloop
  endfacet
  facet normal -0.536263 -0.069733 0.841165
    outer loop
      vertex -10.8933 -61.7168 97.3898
      vertex -12.3653 -62.8177 96.3601
      vertex -11.1811 -63.132 97.089
    endloop
  endfacet
  facet normal -0.106635 -0.698624 0.707498
    outer loop
      vertex -1.47202 -75.5086 94.4582
      vertex -2.91886 -75.2271 94.5181
      vertex -1.62793 -76.5051 93.4507
    endloop
  endfacet
  facet normal 0.310867 0.84303 0.438933
    outer loop
      vertex 5.72796 -50.1194 95.3008
      vertex 3.80769 -49.948 96.3316
      vertex 5.62995 -50.553 96.203
    endloop
  endfacet
  facet normal 0.508179 -0.699278 0.502757
    outer loop
      vertex 9.51277 -73.5383 93.2127
      vertex 8.18972 -74.6732 92.9715
      vertex 10.0437 -73.8692 92.2158
    endloop
  endfacet
  facet normal 0.298328 -0.389088 0.871557
    outer loop
      vertex 7.46579 -69.5836 96.7961
      vertex 7.09951 -70.1198 96.6821
      vertex 7.84641 -70.6053 96.2097
    endloop
  endfacet
  facet normal -0.175786 -0.680511 0.711339
    outer loop
      vertex -2.91886 -75.2271 94.5181
      vertex -4.31575 -74.7633 94.6166
      vertex -3.228 -76.1938 93.5169
    endloop
  endfacet
  facet normal -0.432158 0.325016 0.841192
    outer loop
      vertex -8.18972 -53.7936 97.4096
      vertex -8.81907 -55.7837 97.8552
      vertex -7.5925 -54.7315 98.0788
    endloop
  endfacet
  facet normal -0.3038 0.270587 0.913503
    outer loop
      vertex -6.23602 -53.8449 98.2673
      vertex -7.5925 -54.7315 98.0788
      vertex -6.86537 -55.8202 98.6431
    endloop
  endfacet
  facet normal -0.727165 0.570934 0.381137
    outer loop
      vertex -10.5839 -53.2931 94.6262
      vertex -11.8748 -54.7329 94.3201
      vertex -10.4028 -53.6724 95.5399
    endloop
  endfacet
  facet normal -0.439379 -0.100384 0.892675
    outer loop
      vertex -9.55319 -62.2122 97.9937
      vertex -10.8933 -61.7168 97.3898
      vertex -9.80557 -63.4534 97.7299
    endloop
  endfacet
  facet normal -0.247723 0.581453 0.774949
    outer loop
      vertex -3.48192 -51.5227 97.8923
      vertex -5.43562 -51.209 97.0324
      vertex -5.14827 -52.0759 97.7747
    endloop
  endfacet
  facet normal 0.0576479 0.76268 0.644202
    outer loop
      vertex 1.92027 -49.5807 96.4097
      vertex 0 -49.4576 96.4358
      vertex 0 -50.1514 97.2572
    endloop
  endfacet
  facet normal 0.0428314 0.482711 0.874732
    outer loop
      vertex 1.75598 -51.1868 97.9637
      vertex 0 -51.0743 97.9876
      vertex 1.62793 -52.3149 98.5925
    endloop
  endfacet
  facet normal -0.489915 0.619182 0.613675
    outer loop
      vertex -7.35589 -51.3856 96.026
      vertex -8.95596 -52.4313 95.8037
      vertex -8.64682 -53.0224 96.6469
    endloop
  endfacet
  facet normal -0.360493 -0.576148 0.733552
    outer loop
      vertex -7.97447 -72.372 95.1249
      vertex -8.81907 -73.0364 94.188
      vertex -6.86537 -73.3234 94.9227
    endloop
  endfacet
  facet normal 0.295389 -0.515337 0.804471
    outer loop
      vertex 6.99342 -71.5567 96.0074
      vertex 6.02076 -72.391 95.8301
      vertex 7.97447 -72.372 95.1249
    endloop
  endfacet
  facet normal 0.042888 -0.796771 0.602758
    outer loop
      vertex 1.62793 -76.5051 93.4507
      vertex 0 -77.3925 92.3935
      vertex 1.75598 -77.2799 92.4174
    endloop
  endfacet
  facet normal 0.360495 0.228032 0.904458
    outer loop
      vertex 7.5925 -54.7315 98.0788
      vertex 6.86537 -55.8202 98.6431
      vertex 8.81907 -55.7837 97.8552
    endloop
  endfacet
  facet normal 0.454599 -0.471245 0.755823
    outer loop
      vertex 10.8011 -70.5098 94.7251
      vertex 8.94712 -71.2872 95.3555
      vertex 9.89474 -71.8366 94.443
    endloop
  endfacet
  facet normal 0.581434 -0.746559 0.323395
    outer loop
      vertex 10.0437 -73.8692 92.2158
      vertex 8.95596 -75.2645 90.9504
      vertex 10.4028 -74.0234 91.2142
    endloop
  endfacet
  facet normal 0.508178 0.43437 0.743692
    outer loop
      vertex 10.0437 -54.2207 96.3922
      vertex 8.18972 -53.7936 97.4096
      vertex 9.51277 -54.9285 97.1684
    endloop
  endfacet
  facet normal 0.729824 0.109903 0.674744
    outer loop
      vertex 13.1227 -58.7281 95.4341
      vertex 12.429 -59.1976 96.2609
      vertex 12.9947 -60.8275 95.9145
    endloop
  endfacet
  facet normal 0.620704 -0.363116 0.694891
    outer loop
      vertex 12.9947 -67.6392 94.4666
      vertex 12.0471 -67.5675 95.3505
      vertex 12.429 -69.2691 94.1202
    endloop
  endfacet
  facet normal 0.508176 -0.699303 0.502724
    outer loop
      vertex 10.0437 -73.8692 92.2158
      vertex 8.18972 -74.6732 92.9715
      vertex 8.64682 -75.0674 91.9611
    endloop
  endfacet
  facet normal -0.831462 0.543437 0.115529
    outer loop
      vertex -12.9626 -56.2233 93.5019
      vertex -11.8748 -54.7329 94.3201
      vertex -11.8748 -54.6309 93.8403
    endloop
  endfacet
  facet normal -0.831462 0.543437 0.115529
    outer loop
      vertex -11.8748 -54.7329 94.3201
      vertex -12.9626 -56.2233 93.5019
      vertex -12.9626 -56.3253 93.9817
    endloop
  endfacet
  facet normal -0.755944 0.0146084 0.654473
    outer loop
      vertex -13.72 -60.449 95.0683
      vertex -14.0824 -62.2315 94.6895
      vertex -12.9947 -60.8275 95.9145
    endloop
  endfacet
  facet normal -0.835041 -0.375327 0.402289
    outer loop
      vertex -13.1227 -69.3618 93.1739
      vertex -14.2105 -67.5724 92.5854
      vertex -13.5919 -69.3548 92.2065
    endloop
  endfacet
  facet normal -0.587875 0.126578 0.798987
    outer loop
      vertex -10.8011 -58.3103 97.3181
      vertex -12.429 -59.1976 96.2609
      vertex -11.5227 -59.7415 97.0139
    endloop
  endfacet
  facet normal -0.351993 -0.262622 0.898404
    outer loop
      vertex -8.77243 -66.4242 97.4677
      vertex -9.55319 -67.2199 96.9292
      vertex -8.64381 -67.0567 97.3332
    endloop
  endfacet
  facet normal -0.269804 -0.42545 0.863828
    outer loop
      vertex -7.09951 -70.1198 96.6821
      vertex -7.84641 -70.6053 96.2097
      vertex -6.66481 -70.6046 96.5791
    endloop
  endfacet
  facet normal 0.175786 -0.680511 0.711339
    outer loop
      vertex 4.31575 -74.7633 94.6166
      vertex 2.91886 -75.2271 94.5181
      vertex 3.228 -76.1938 93.5169
    endloop
  endfacet
  facet normal 0.751837 0.644936 0.137106
    outer loop
      vertex 10.5839 -53.2931 94.6262
      vertex 11.8748 -54.6309 93.8403
      vertex 10.5839 -53.1911 94.1464
    endloop
  endfacet
  facet normal 0.751837 0.644936 0.137106
    outer loop
      vertex 11.8748 -54.6309 93.8403
      vertex 10.5839 -53.2931 94.6262
      vertex 11.8748 -54.7329 94.3201
    endloop
  endfacet
  facet normal 0.198155 0.207086 0.958045
    outer loop
      vertex 4.31575 -54.3804 98.9492
      vertex 3.78481 -55.7784 99.3612
      vertex 5.6388 -55.0186 98.8135
    endloop
  endfacet
  facet normal -0.0504043 0.619835 0.783112
    outer loop
      vertex 0 -50.1514 97.2572
      vertex -1.85399 -50.2702 97.2319
      vertex -1.75598 -51.1868 97.9637
    endloop
  endfacet
  facet normal 0.427828 -0.901284 0.0681943
    outer loop
      vertex 5.62995 -77.1428 90.5512
      vertex 5.67662 -77.1567 90.0747
      vertex 5.75 -77.1213 90.0822
    endloop
  endfacet
  facet normal 0.42775 -0.901323 0.0681726
    outer loop
      vertex 5.75 -77.1213 90.0822
      vertex 7.48394 -76.325 89.7306
      vertex 5.62995 -77.1428 90.5512
    endloop
  endfacet
  facet normal 0.427763 -0.901309 0.0682707
    outer loop
      vertex 7.48394 -76.325 89.7306
      vertex 5.75 -77.1213 90.0822
      vertex 5.75 -77.1614 89.5528
    endloop
  endfacet
  facet normal -0.432165 -0.639056 0.636271
    outer loop
      vertex -7.5925 -74.0885 93.9644
      vertex -8.81907 -73.0364 94.188
      vertex -8.18972 -74.6732 92.9715
    endloop
  endfacet
  facet normal 0.896883 -0.4326 -0.0919659
    outer loop
      vertex 13.8285 -69.2485 91.2348
      vertex 12.9626 -70.8641 90.3899
      vertex 13.8285 -69.1465 90.755
    endloop
  endfacet
  facet normal 0.896883 -0.4326 -0.0919659
    outer loop
      vertex 12.9626 -70.8641 90.3899
      vertex 13.8285 -69.2485 91.2348
      vertex 12.9626 -70.9661 90.8697
    endloop
  endfacet
  facet normal 0.751833 -0.644968 -0.136979
    outer loop
      vertex 11.8748 -72.5584 90.5312
      vertex 10.5839 -73.8963 89.7454
      vertex 11.8748 -72.4565 90.0514
    endloop
  endfacet
  facet normal 0.751855 -0.644917 -0.137102
    outer loop
      vertex 10.5839 -73.8963 89.7454
      vertex 11.8748 -72.5584 90.5312
      vertex 10.5839 -73.9983 90.2252
    endloop
  endfacet
  facet normal 0.340888 -0.808619 0.479512
    outer loop
      vertex 6.72655 -75.6295 92.7682
      vertex 5.14827 -76.3908 92.6064
      vertex 7.10198 -76.0771 91.7465
    endloop
  endfacet
  facet normal -0.733212 -0.577242 0.359433
    outer loop
      vertex -12.301 -70.9917 92.8274
      vertex -12.7408 -71.0431 91.8477
      vertex -11.2688 -72.5028 92.5062
    endloop
  endfacet
  facet normal 0.0293414 -0.623121 0.781575
    outer loop
      vertex 1.47202 -75.5086 94.4582
      vertex 0 -74.3901 95.4052
      vertex 0 -75.603 94.4382
    endloop
  endfacet
  facet normal -0.188675 -0.9807 0.0512737
    outer loop
      vertex -2.92482 -77.9447 89.9072
      vertex -1.92027 -78.1151 90.3445
      vertex -3.80769 -77.7479 90.4226
    endloop
  endfacet
  facet normal -0.188727 -0.980683 0.0514002
    outer loop
      vertex -1.92027 -78.1151 90.3445
      vertex -2.92482 -77.9447 89.9072
      vertex -1.93619 -78.1371 89.8663
    endloop
  endfacet
  facet normal -0.310947 -0.948651 0.0580883
    outer loop
      vertex -3.80769 -77.7479 90.4226
      vertex -4.72212 -77.4736 90.0073
      vertex -3.83925 -77.7668 89.945
    endloop
  endfacet
  facet normal -0.997857 -0.0639974 -0.0136051
    outer loop
      vertex -14.8398 -65.4547 91.5397
      vertex -14.9679 -63.6457 92.4257
      vertex -14.9679 -63.5437 91.9459
    endloop
  endfacet
  facet normal -0.997857 -0.0639974 -0.0136051
    outer loop
      vertex -14.9679 -63.6457 92.4257
      vertex -14.8398 -65.4547 91.5397
      vertex -14.8398 -65.5567 92.0195
    endloop
  endfacet
  facet normal -0.867441 0.365567 0.337502
    outer loop
      vertex -12.9626 -56.3253 93.9817
      vertex -13.5919 -58.341 94.5476
      vertex -12.7408 -56.6528 94.9065
    endloop
  endfacet
  facet normal -0.442273 0.877276 0.186499
    outer loop
      vertex -5.72796 -50.0174 94.821
      vertex -7.48394 -50.9664 95.1208
      vertex -5.72796 -50.1194 95.3008
    endloop
  endfacet
  facet normal -0.442281 0.87728 0.186461
    outer loop
      vertex -7.48394 -50.9664 95.1208
      vertex -5.72796 -50.0174 94.821
      vertex -7.48394 -50.8644 94.6409
    endloop
  endfacet
  facet normal -0.53734 0.733737 0.415807
    outer loop
      vertex -7.48394 -50.9664 95.1208
      vertex -9.11187 -52.0304 94.8946
      vertex -7.35589 -51.3856 96.026
    endloop
  endfacet
  facet normal -0.289918 0.418008 0.860939
    outer loop
      vertex -5.14827 -52.0759 97.7747
      vertex -6.72655 -52.8373 97.6129
      vertex -6.23602 -53.8449 98.2673
    endloop
  endfacet
  facet normal -0.106684 0.350482 0.930474
    outer loop
      vertex -1.62793 -52.3149 98.5925
      vertex -3.228 -52.6262 98.5263
      vertex -2.91886 -53.9166 99.0478
    endloop
  endfacet
  facet normal -0.283443 0.718749 0.634871
    outer loop
      vertex -3.80769 -49.948 96.3316
      vertex -5.43562 -51.209 97.0324
      vertex -3.67625 -50.6248 97.1565
    endloop
  endfacet
  facet normal 0.545019 0.199135 0.814432
    outer loop
      vertex 10.6731 -56.2226 96.8933
      vertex 9.89474 -56.9834 97.6002
      vertex 10.8011 -58.3103 97.3181
    endloop
  endfacet
  facet normal 0.0504043 0.619835 0.783112
    outer loop
      vertex 1.85399 -50.2702 97.2319
      vertex 0 -50.1514 97.2572
      vertex 1.75598 -51.1868 97.9637
    endloop
  endfacet
  facet normal 0.188728 0.875014 0.445794
    outer loop
      vertex 1.9537 -49.1301 95.5111
      vertex 1.92027 -49.5807 96.4097
      vertex 3.80769 -49.948 96.3316
    endloop
  endfacet
  facet normal -0.210665 0.450093 0.867776
    outer loop
      vertex -3.48192 -51.5227 97.8923
      vertex -5.14827 -52.0759 97.7747
      vertex -3.228 -52.6262 98.5263
    endloop
  endfacet
  facet normal -0.303738 0.270572 0.913528
    outer loop
      vertex -6.23602 -53.8449 98.2673
      vertex -6.86537 -55.8202 98.6431
      vertex -5.6388 -55.0186 98.8135
    endloop
  endfacet
  facet normal 0.57947 -0.629547 0.517577
    outer loop
      vertex 10.6731 -72.2441 93.4878
      vertex 10.0437 -73.8692 92.2158
      vertex 11.2688 -72.5028 92.5062
    endloop
  endfacet
  facet normal 0.401801 -0.379681 0.833306
    outer loop
      vertex 9.13734 -68.4182 96.6745
      vertex 8.56515 -69.5531 96.4333
      vertex 9.76669 -70.0874 95.6105
    endloop
  endfacet
  facet normal 0.447034 -0.214482 0.868423
    outer loop
      vertex 9.89019 -64.7161 97.4614
      vertex 9.80557 -65.9788 97.1931
      vertex 11.1811 -66.0117 96.4769
    endloop
  endfacet
  facet normal 0.620639 0.0490933 0.782558
    outer loop
      vertex 12.429 -59.1976 96.2609
      vertex 12.0471 -61.2526 96.6927
      vertex 12.9947 -60.8275 95.9145
    endloop
  endfacet
  facet normal 0.447038 -0.157287 0.880578
    outer loop
      vertex 11.1811 -63.132 97.089
      vertex 9.80557 -63.4534 97.7299
      vertex 9.89019 -64.7161 97.4614
    endloop
  endfacet
  facet normal 0.358076 -0.171178 0.917867
    outer loop
      vertex 8.91529 -64.2921 97.9208
      vertex 9.89019 -64.7161 97.4614
      vertex 9.80557 -63.4534 97.7299
    endloop
  endfacet
  facet normal 0.358181 -0.170941 0.91787
    outer loop
      vertex 9.89019 -64.7161 97.4614
      vertex 8.91529 -64.2921 97.9208
      vertex 8.94873 -64.7912 97.8148
    endloop
  endfacet
  facet normal 0.948591 -0.237375 0.209352
    outer loop
      vertex 14.8398 -65.5567 92.0195
      vertex 14.2105 -67.5724 92.5854
      vertex 14.4579 -67.435 91.6202
    endloop
  endfacet
  facet normal 0.0633126 -0.996842 0.0479251
    outer loop
      vertex 0.93035 -78.2015 89.8526
      vertex 0 -78.2382 90.3183
      vertex 0 -78.2612 89.8399
    endloop
  endfacet
  facet normal 0.637694 -0.76411 0.0973784
    outer loop
      vertex 10.4028 -74.0234 91.2142
      vertex 9.11187 -75.261 89.9568
      vertex 10.5839 -73.9983 90.2252
    endloop
  endfacet
  facet normal 0.545597 -0.209071 0.81155
    outer loop
      vertex 12.472 -64.41 96.0216
      vertex 11.2776 -64.5718 96.7829
      vertex 12.3653 -66.0024 95.6831
    endloop
  endfacet
  facet normal 0.755971 -0.279564 0.591905
    outer loop
      vertex 13.338 -65.951 94.8255
      vertex 12.9947 -67.6392 94.4666
      vertex 14.0824 -65.8584 93.9185
    endloop
  endfacet
  facet normal -0.663009 -0.666778 0.340333
    outer loop
      vertex -11.2688 -72.5028 92.5062
      vertex -11.6716 -72.6082 91.515
      vertex -10.0437 -73.8692 92.2158
    endloop
  endfacet
  facet normal -0.0292673 -0.62318 0.78153
    outer loop
      vertex -1.29093 -74.3074 95.4228
      vertex -1.47202 -75.5086 94.4582
      vertex 0 -74.3901 95.4052
    endloop
  endfacet
  facet normal -0.965101 -0.114734 0.235408
    outer loop
      vertex -14.7118 -63.8479 93.3771
      vertex -14.8398 -65.5567 92.0195
      vertex -14.5859 -65.7262 92.9778
    endloop
  endfacet
  facet normal -0.980792 -0.190794 -0.0405606
    outer loop
      vertex -14.4579 -67.333 91.1404
      vertex -14.8398 -65.5567 92.0195
      vertex -14.8398 -65.4547 91.5397
    endloop
  endfacet
  facet normal -0.980792 -0.190794 -0.0405606
    outer loop
      vertex -14.8398 -65.5567 92.0195
      vertex -14.4579 -67.333 91.1404
      vertex -14.4579 -67.435 91.6202
    endloop
  endfacet
  facet normal -0.642911 -0.282043 0.712122
    outer loop
      vertex -12.3653 -66.0024 95.6831
      vertex -12.9947 -67.6392 94.4666
      vertex -12.0471 -67.5675 95.3505
    endloop
  endfacet
  facet normal -0.298375 0.000987607 0.954448
    outer loop
      vertex -8.56515 -59.879 98.4896
      vertex -7.46579 -59.9988 98.8334
      vertex -7.84641 -58.8269 98.7132
    endloop
  endfacet
  facet normal -0.298382 0.000912443 0.954446
    outer loop
      vertex -7.46579 -59.9988 98.8334
      vertex -8.56515 -59.879 98.4896
      vertex -7.74983 -60.4146 98.745
    endloop
  endfacet
  facet normal -0.490395 0.062494 0.869257
    outer loop
      vertex -10.8011 -58.3103 97.3181
      vertex -11.5227 -59.7415 97.0139
      vertex -9.76669 -59.0563 97.9553
    endloop
  endfacet
  facet normal -0.620704 -0.363116 0.694891
    outer loop
      vertex -12.0471 -67.5675 95.3505
      vertex -12.9947 -67.6392 94.4666
      vertex -12.429 -69.2691 94.1202
    endloop
  endfacet
  facet normal -0.236519 0.0699138 0.969108
    outer loop
      vertex -5.44764 -57.8468 99.2908
      vertex -6.02076 -57.0411 99.0928
      vertex -5.94332 -58.272 99.2005
    endloop
  endfacet
  facet normal -0.298328 -0.389088 0.871557
    outer loop
      vertex -7.46579 -69.5836 96.7961
      vertex -7.84641 -70.6053 96.2097
      vertex -7.09951 -70.1198 96.6821
    endloop
  endfacet
  facet normal -0.248946 -0.550223 0.797045
    outer loop
      vertex -4.94509 -73.0941 95.6807
      vertex -6.02076 -72.391 95.8301
      vertex -5.6388 -74.1251 94.7523
    endloop
  endfacet
  facet normal -0.492805 -0.579756 0.648865
    outer loop
      vertex -8.81907 -73.0364 94.188
      vertex -10.6731 -72.2441 93.4878
      vertex -9.51277 -73.5383 93.2127
    endloop
  endfacet
  facet normal -0.08737 -0.615699 0.783122
    outer loop
      vertex -1.29093 -74.3074 95.4228
      vertex -2.91886 -75.2271 94.5181
      vertex -1.47202 -75.5086 94.4582
    endloop
  endfacet
  facet normal -0.0576882 -0.958749 0.278338
    outer loop
      vertex -1.85399 -77.8196 91.3761
      vertex -1.92027 -78.1151 90.3445
      vertex 0 -77.9385 91.3508
    endloop
  endfacet
  facet normal 0.198119 -0.578902 0.790962
    outer loop
      vertex 5.6388 -74.1251 94.7523
      vertex 3.78481 -73.6537 95.5617
      vertex 4.31575 -74.7633 94.6166
    endloop
  endfacet
  facet normal 0.0234872 -0.544291 0.838567
    outer loop
      vertex 1.16804 -73.4695 95.9701
      vertex 0.510174 -73.5116 95.9612
      vertex 1.29093 -74.3074 95.4228
    endloop
  endfacet
  facet normal 0.946923 0.314433 0.0668449
    outer loop
      vertex 13.8285 -58.0429 93.6166
      vertex 14.4579 -59.7544 92.7513
      vertex 13.8285 -57.9409 93.1368
    endloop
  endfacet
  facet normal 0.946923 0.314433 0.0668449
    outer loop
      vertex 14.4579 -59.7544 92.7513
      vertex 13.8285 -58.0429 93.6166
      vertex 14.4579 -59.8564 93.2311
    endloop
  endfacet
  facet normal 0.663018 0.470664 0.582136
    outer loop
      vertex 10.4028 -53.6724 95.5399
      vertex 10.0437 -54.2207 96.3922
      vertex 11.6716 -55.0877 95.2391
    endloop
  endfacet
  facet normal 0.321438 0.926232 0.196906
    outer loop
      vertex 5.72796 -50.1194 95.3008
      vertex 3.87397 -49.4018 94.9518
      vertex 3.87397 -49.5038 95.4316
    endloop
  endfacet
  facet normal 0.321438 0.926232 0.196906
    outer loop
      vertex 3.87397 -49.4018 94.9518
      vertex 5.72796 -50.1194 95.3008
      vertex 5.72796 -50.0174 94.821
    endloop
  endfacet
  facet normal 0.489915 0.619182 0.613675
    outer loop
      vertex 8.95596 -52.4313 95.8037
      vertex 7.35589 -51.3856 96.026
      vertex 8.64682 -53.0224 96.6469
    endloop
  endfacet
  facet normal 0.896883 0.4326 0.0919659
    outer loop
      vertex 12.9626 -56.3253 93.9817
      vertex 13.8285 -57.9409 93.1368
      vertex 12.9626 -56.2233 93.5019
    endloop
  endfacet
  facet normal 0.896883 0.4326 0.0919659
    outer loop
      vertex 13.8285 -57.9409 93.1368
      vertex 12.9626 -56.3253 93.9817
      vertex 13.8285 -58.0429 93.6166
    endloop
  endfacet
  facet normal 0.0235327 0.156266 0.987435
    outer loop
      vertex 1.29093 -55.1248 99.5001
      vertex 0.510174 -56.0707 99.6684
      vertex 1.16804 -56.1129 99.6594
    endloop
  endfacet
  facet normal -0.0428884 0.482769 0.874697
    outer loop
      vertex 0 -51.0743 97.9876
      vertex -1.62793 -52.3149 98.5925
      vertex 0 -52.2105 98.6147
    endloop
  endfacet
  facet normal 0.508181 0.434318 0.74372
    outer loop
      vertex 8.64682 -53.0224 96.6469
      vertex 8.18972 -53.7936 97.4096
      vertex 10.0437 -54.2207 96.3922
    endloop
  endfacet
  facet normal 0.283443 0.718749 0.634871
    outer loop
      vertex 3.80769 -49.948 96.3316
      vertex 3.67625 -50.6248 97.1565
      vertex 5.43562 -51.209 97.0324
    endloop
  endfacet
  facet normal 0.659339 0.735412 0.15634
    outer loop
      vertex 10.5839 -53.2931 94.6262
      vertex 9.11187 -51.9284 94.4148
      vertex 9.11187 -52.0304 94.8946
    endloop
  endfacet
  facet normal 0.659339 0.735412 0.15634
    outer loop
      vertex 9.11187 -51.9284 94.4148
      vertex 10.5839 -53.2931 94.6262
      vertex 10.5839 -53.1911 94.1464
    endloop
  endfacet
  facet normal 0.0576882 -0.958749 0.278338
    outer loop
      vertex 1.85399 -77.8196 91.3761
      vertex 0 -77.9385 91.3508
      vertex 1.92027 -78.1151 90.3445
    endloop
  endfacet
  facet normal 0.248901 -0.550222 0.797059
    outer loop
      vertex 6.02076 -72.391 95.8301
      vertex 5.6388 -74.1251 94.7523
      vertex 6.86537 -73.3234 94.9227
    endloop
  endfacet
  facet normal 0.310947 -0.948651 0.0580883
    outer loop
      vertex 4.72212 -77.4736 90.0073
      vertex 3.80769 -77.7479 90.4226
      vertex 3.83925 -77.7668 89.945
    endloop
  endfacet
  facet normal 0.247754 -0.846366 0.471469
    outer loop
      vertex 5.43562 -76.8809 91.5756
      vertex 3.48192 -76.9441 92.4888
      vertex 3.67625 -77.4651 91.4514
    endloop
  endfacet
  facet normal 0.390014 -0.871652 0.296836
    outer loop
      vertex 7.10198 -76.0771 91.7465
      vertex 5.43562 -76.8809 91.5756
      vertex 7.35589 -76.3103 90.7281
    endloop
  endfacet
  facet normal -0.172015 -0.944027 0.281467
    outer loop
      vertex -1.85399 -77.8196 91.3761
      vertex -3.80769 -77.7479 90.4226
      vertex -1.92027 -78.1151 90.3445
    endloop
  endfacet
  facet normal -0.150356 -0.87189 0.466048
    outer loop
      vertex -1.75598 -77.2799 92.4174
      vertex -3.48192 -76.9441 92.4888
      vertex -1.85399 -77.8196 91.3761
    endloop
  endfacet
  facet normal 0.241795 -0.653732 0.717056
    outer loop
      vertex 5.6388 -74.1251 94.7523
      vertex 4.31575 -74.7633 94.6166
      vertex 4.77284 -75.6809 93.6259
    endloop
  endfacet
  facet normal -0.364146 -0.690106 0.625421
    outer loop
      vertex -7.5925 -74.0885 93.9644
      vertex -8.18972 -74.6732 92.9715
      vertex -6.23602 -74.9751 93.7759
    endloop
  endfacet
  facet normal -0.42775 -0.901323 0.0681726
    outer loop
      vertex -7.48394 -76.325 89.7306
      vertex -5.75 -77.1213 90.0822
      vertex -5.62995 -77.1428 90.5512
    endloop
  endfacet
  facet normal -0.427763 -0.901309 0.0682707
    outer loop
      vertex -5.75 -77.1213 90.0822
      vertex -7.48394 -76.325 89.7306
      vertex -5.75 -77.1614 89.5528
    endloop
  endfacet
  facet normal -0.427828 -0.901284 0.0681943
    outer loop
      vertex -5.62995 -77.1428 90.5512
      vertex -5.75 -77.1213 90.0822
      vertex -5.67662 -77.1567 90.0747
    endloop
  endfacet
  facet normal -0.965102 -0.114731 0.235405
    outer loop
      vertex -14.7118 -63.8479 93.3771
      vertex -14.9679 -63.6457 92.4257
      vertex -14.8398 -65.5567 92.0195
    endloop
  endfacet
  facet normal -0.454586 -0.471173 0.755875
    outer loop
      vertex -9.76669 -70.0874 95.6105
      vertex -10.8011 -70.5098 94.7251
      vertex -8.94712 -71.2872 95.3555
    endloop
  endfacet
  facet normal -0.980791 0.190796 0.0405611
    outer loop
      vertex -14.8398 -61.6327 92.3521
      vertex -14.4579 -59.8564 93.2311
      vertex -14.4579 -59.7544 92.7513
    endloop
  endfacet
  facet normal -0.980791 0.190796 0.0405611
    outer loop
      vertex -14.4579 -59.8564 93.2311
      vertex -14.8398 -61.6327 92.3521
      vertex -14.8398 -61.7347 92.8319
    endloop
  endfacet
  facet normal -0.751837 0.644936 0.137106
    outer loop
      vertex -11.8748 -54.6309 93.8403
      vertex -10.5839 -53.2931 94.6262
      vertex -10.5839 -53.1911 94.1464
    endloop
  endfacet
  facet normal -0.751837 0.644936 0.137106
    outer loop
      vertex -10.5839 -53.2931 94.6262
      vertex -11.8748 -54.6309 93.8403
      vertex -11.8748 -54.7329 94.3201
    endloop
  endfacet
  facet normal -0.428226 0.494387 0.756442
    outer loop
      vertex -7.10198 -52.0128 96.8615
      vertex -8.18972 -53.7936 97.4096
      vertex -6.72655 -52.8373 97.6129
    endloop
  endfacet
  facet normal -0.86489 -0.266301 0.425499
    outer loop
      vertex -14.0824 -65.8584 93.9185
      vertex -14.5859 -65.7262 92.9778
      vertex -14.2105 -67.5724 92.5854
    endloop
  endfacet
  facet normal -0.0428314 0.482711 0.874732
    outer loop
      vertex 0 -51.0743 97.9876
      vertex -1.75598 -51.1868 97.9637
      vertex -1.62793 -52.3149 98.5925
    endloop
  endfacet
  facet normal 0.150408 0.606956 0.780373
    outer loop
      vertex 1.85399 -50.2702 97.2319
      vertex 1.75598 -51.1868 97.9637
      vertex 3.48192 -51.5227 97.8923
    endloop
  endfacet
  facet normal -0.310882 0.843007 0.438966
    outer loop
      vertex -3.87397 -49.5038 95.4316
      vertex -5.72796 -50.1194 95.3008
      vertex -3.80769 -49.948 96.3316
    endloop
  endfacet
  facet normal -0.310867 0.84303 0.438933
    outer loop
      vertex -3.80769 -49.948 96.3316
      vertex -5.72796 -50.1194 95.3008
      vertex -5.62995 -50.553 96.203
    endloop
  endfacet
  facet normal -0.492787 0.265722 0.828585
    outer loop
      vertex -8.81907 -55.7837 97.8552
      vertex -10.6731 -56.2226 96.8933
      vertex -9.89474 -56.9834 97.6002
    endloop
  endfacet
  facet normal -0.364181 0.376039 0.852037
    outer loop
      vertex -6.23602 -53.8449 98.2673
      vertex -8.18972 -53.7936 97.4096
      vertex -7.5925 -54.7315 98.0788
    endloop
  endfacet
  facet normal 0.310882 0.843007 0.438966
    outer loop
      vertex 3.87397 -49.5038 95.4316
      vertex 3.80769 -49.948 96.3316
      vertex 5.72796 -50.1194 95.3008
    endloop
  endfacet
  facet normal 0.579462 0.364632 0.728881
    outer loop
      vertex 11.2688 -55.5871 96.1018
      vertex 10.0437 -54.2207 96.3922
      vertex 10.6731 -56.2226 96.8933
    endloop
  endfacet
  facet normal 0.492786 0.265705 0.828591
    outer loop
      vertex 9.51277 -54.9285 97.1684
      vertex 8.81907 -55.7837 97.8552
      vertex 10.6731 -56.2226 96.8933
    endloop
  endfacet
  facet normal 0.454626 0.122994 0.882149
    outer loop
      vertex 9.89474 -56.9834 97.6002
      vertex 8.94712 -57.8565 98.2103
      vertex 10.8011 -58.3103 97.3181
    endloop
  endfacet
  facet normal 0.492787 0.265722 0.828585
    outer loop
      vertex 10.6731 -56.2226 96.8933
      vertex 8.81907 -55.7837 97.8552
      vertex 9.89474 -56.9834 97.6002
    endloop
  endfacet
  facet normal 0.175752 0.332371 0.926629
    outer loop
      vertex 4.77284 -53.1392 98.4173
      vertex 3.228 -52.6262 98.5263
      vertex 4.31575 -54.3804 98.9492
    endloop
  endfacet
  facet normal 0.115284 0.1384 0.983644
    outer loop
      vertex 3.78481 -55.7784 99.3612
      vertex 2.80024 -56.497 99.5777
      vertex 3.42453 -56.7043 99.5337
    endloop
  endfacet
  facet normal 0.158873 0.120697 0.979894
    outer loop
      vertex 4.94509 -56.3381 99.2422
      vertex 4.01582 -56.9895 99.4731
      vertex 4.47437 -57.2107 99.426
    endloop
  endfacet
  facet normal 0.158783 0.120824 0.979893
    outer loop
      vertex 4.01582 -56.9895 99.4731
      vertex 4.94509 -56.3381 99.2422
      vertex 3.78481 -55.7784 99.3612
    endloop
  endfacet
  facet normal 0.24888 0.178463 0.95195
    outer loop
      vertex 6.86537 -55.8202 98.6431
      vertex 5.6388 -55.0186 98.8135
      vertex 6.02076 -57.0411 99.0928
    endloop
  endfacet
  facet normal 0.199382 0.0978677 0.975022
    outer loop
      vertex 4.94509 -56.3381 99.2422
      vertex 4.89947 -57.4885 99.367
      vertex 6.02076 -57.0411 99.0928
    endloop
  endfacet
  facet normal 0.199287 0.0978735 0.975041
    outer loop
      vertex 4.89947 -57.4885 99.367
      vertex 4.94509 -56.3381 99.2422
      vertex 4.47437 -57.2107 99.426
    endloop
  endfacet
  facet normal -0.24888 0.178463 0.95195
    outer loop
      vertex -5.6388 -55.0186 98.8135
      vertex -6.86537 -55.8202 98.6431
      vertex -6.02076 -57.0411 99.0928
    endloop
  endfacet
  facet normal -0.158783 0.120824 0.979893
    outer loop
      vertex -4.94509 -56.3381 99.2422
      vertex -4.01582 -56.9895 99.4731
      vertex -3.78481 -55.7784 99.3612
    endloop
  endfacet
  facet normal -0.158873 0.120697 0.979894
    outer loop
      vertex -4.01582 -56.9895 99.4731
      vertex -4.94509 -56.3381 99.2422
      vertex -4.47437 -57.2107 99.426
    endloop
  endfacet
  facet normal -0.175763 0.332377 0.926624
    outer loop
      vertex -3.228 -52.6262 98.5263
      vertex -4.31575 -54.3804 98.9492
      vertex -2.91886 -53.9166 99.0478
    endloop
  endfacet
  facet normal -0.295361 0.143577 0.944536
    outer loop
      vertex -6.86537 -55.8202 98.6431
      vertex -7.97447 -56.7716 98.4409
      vertex -6.02076 -57.0411 99.0928
    endloop
  endfacet
  facet normal -0.24773 0.581438 0.774958
    outer loop
      vertex -3.67625 -50.6248 97.1565
      vertex -5.43562 -51.209 97.0324
      vertex -3.48192 -51.5227 97.8923
    endloop
  endfacet
  facet normal 0.581409 -0.746566 0.323424
    outer loop
      vertex 10.0437 -73.8692 92.2158
      vertex 8.64682 -75.0674 91.9611
      vertex 8.95596 -75.2645 90.9504
    endloop
  endfacet
  facet normal 0.492805 -0.579756 0.648865
    outer loop
      vertex 10.6731 -72.2441 93.4878
      vertex 8.81907 -73.0364 94.188
      vertex 9.51277 -73.5383 93.2127
    endloop
  endfacet
  facet normal 0.49033 -0.410616 0.768746
    outer loop
      vertex 10.4191 -68.7933 95.8856
      vertex 9.76669 -70.0874 95.6105
      vertex 11.5227 -69.0786 95.0293
    endloop
  endfacet
  facet normal -0.0234872 -0.544291 0.838567
    outer loop
      vertex -1.16804 -73.4695 95.9701
      vertex -1.29093 -74.3074 95.4228
      vertex -0.510174 -73.5116 95.9612
    endloop
  endfacet
  facet normal 0.49033 -0.410617 0.768746
    outer loop
      vertex 11.5227 -69.0786 95.0293
      vertex 9.76669 -70.0874 95.6105
      vertex 10.8011 -70.5098 94.7251
    endloop
  endfacet
  facet normal 0.321839 -0.0387862 0.946
    outer loop
      vertex 8.56515 -59.879 98.4896
      vertex 7.97596 -60.8631 98.6497
      vertex 9.13734 -61.014 98.2484
    endloop
  endfacet
  facet normal 0.321804 -0.0387635 0.946012
    outer loop
      vertex 7.97596 -60.8631 98.6497
      vertex 8.56515 -59.879 98.4896
      vertex 7.74983 -60.4146 98.745
    endloop
  endfacet
  facet normal 0.269801 0.0374863 0.962186
    outer loop
      vertex 7.84641 -58.8269 98.7132
      vertex 6.66481 -58.9777 99.0504
      vertex 7.09951 -59.4626 98.9474
    endloop
  endfacet
  facet normal 0.351969 -0.12557 0.92755
    outer loop
      vertex 8.77243 -63.1582 98.1619
      vertex 9.80557 -63.4534 97.7299
      vertex 9.55319 -62.2122 97.9937
    endloop
  endfacet
  facet normal 0.351942 -0.125662 0.927548
    outer loop
      vertex 9.80557 -63.4534 97.7299
      vertex 8.77243 -63.1582 98.1619
      vertex 8.87218 -63.6487 98.0576
    endloop
  endfacet
  facet normal 0.339881 -0.306842 0.889004
    outer loop
      vertex 8.47947 -67.5302 97.2326
      vertex 9.55319 -67.2199 96.9292
      vertex 8.64381 -67.0567 97.3332
    endloop
  endfacet
  facet normal 0.339892 -0.306907 0.888978
    outer loop
      vertex 9.55319 -67.2199 96.9292
      vertex 8.47947 -67.5302 97.2326
      vertex 9.13734 -68.4182 96.6745
    endloop
  endfacet
  facet normal 0.769095 -0.0831275 0.633706
    outer loop
      vertex 14.204 -64.0449 94.304
      vertex 13.338 -62.5158 95.5556
      vertex 13.4531 -64.2334 95.1906
    endloop
  endfacet
  facet normal 0.517736 -0.00218242 0.855538
    outer loop
      vertex 11.5227 -59.7415 97.0139
      vertex 10.4191 -60.3504 97.6802
      vertex 12.0471 -61.2526 96.6927
    endloop
  endfacet
  facet normal 0.536208 -0.278359 0.796867
    outer loop
      vertex 12.3653 -66.0024 95.6831
      vertex 10.8933 -67.4269 96.176
      vertex 12.0471 -67.5675 95.3505
    endloop
  endfacet
  facet normal 0.536286 -0.278471 0.796775
    outer loop
      vertex 11.1811 -66.0117 96.4769
      vertex 10.8933 -67.4269 96.176
      vertex 12.3653 -66.0024 95.6831
    endloop
  endfacet
  facet normal 0.654007 -0.198969 0.729854
    outer loop
      vertex 12.472 -64.41 96.0216
      vertex 12.3653 -66.0024 95.6831
      vertex 13.4531 -64.2334 95.1906
    endloop
  endfacet
  facet normal 0.769131 -0.181812 0.612685
    outer loop
      vertex 14.204 -64.0449 94.304
      vertex 13.338 -65.951 94.8255
      vertex 14.0824 -65.8584 93.9185
    endloop
  endfacet
  facet normal 0.729857 -0.37479 0.571699
    outer loop
      vertex 13.72 -67.6408 93.5396
      vertex 12.9947 -67.6392 94.4666
      vertex 13.1227 -69.3618 93.1739
    endloop
  endfacet
  facet normal 0.729825 -0.374813 0.571726
    outer loop
      vertex 12.9947 -67.6392 94.4666
      vertex 12.429 -69.2691 94.1202
      vertex 13.1227 -69.3618 93.1739
    endloop
  endfacet
  facet normal 0.659339 -0.735412 -0.15634
    outer loop
      vertex 9.11187 -75.261 89.9568
      vertex 10.5839 -73.8963 89.7454
      vertex 10.5839 -73.9983 90.2252
    endloop
  endfacet
  facet normal 0.659339 -0.735412 -0.15634
    outer loop
      vertex 10.5839 -73.8963 89.7454
      vertex 9.11187 -75.261 89.9568
      vertex 9.11187 -75.159 89.477
    endloop
  endfacet
  facet normal 0.879952 -0.0415966 0.473239
    outer loop
      vertex 14.5859 -61.9696 93.7763
      vertex 14.0824 -62.2315 94.6895
      vertex 14.204 -64.0449 94.304
    endloop
  endfacet
  facet normal 0.879952 -0.0415966 0.473239
    outer loop
      vertex 14.5859 -61.9696 93.7763
      vertex 14.204 -64.0449 94.304
      vertex 14.7118 -63.8479 93.3771
    endloop
  endfacet
  facet normal 0.654005 -0.198967 0.729855
    outer loop
      vertex 13.4531 -64.2334 95.1906
      vertex 12.3653 -66.0024 95.6831
      vertex 13.338 -65.951 94.8255
    endloop
  endfacet
  facet normal 0.769098 -0.181784 0.612734
    outer loop
      vertex 13.4531 -64.2334 95.1906
      vertex 13.338 -65.951 94.8255
      vertex 14.204 -64.0449 94.304
    endloop
  endfacet
  facet normal -0.790928 -0.479508 0.380139
    outer loop
      vertex -13.1227 -69.3618 93.1739
      vertex -13.5919 -69.3548 92.2065
      vertex -12.7408 -71.0431 91.8477
    endloop
  endfacet
  facet normal -0.587896 -0.44061 0.678411
    outer loop
      vertex -10.8011 -70.5098 94.7251
      vertex -12.429 -69.2691 94.1202
      vertex -11.6507 -70.8129 93.792
    endloop
  endfacet
  facet normal -0.804155 -0.578457 0.136831
    outer loop
      vertex -12.7408 -71.0431 91.8477
      vertex -12.9626 -70.9661 90.8697
      vertex -11.8748 -72.5584 90.5312
    endloop
  endfacet
  facet normal -0.729857 -0.37479 0.571699
    outer loop
      vertex -12.9947 -67.6392 94.4666
      vertex -13.72 -67.6408 93.5396
      vertex -13.1227 -69.3618 93.1739
    endloop
  endfacet
  facet normal -0.755971 -0.279564 0.591905
    outer loop
      vertex -13.338 -65.951 94.8255
      vertex -14.0824 -65.8584 93.9185
      vertex -12.9947 -67.6392 94.4666
    endloop
  endfacet
  facet normal -0.727173 -0.676592 0.115946
    outer loop
      vertex -11.6716 -72.6082 91.515
      vertex -11.8748 -72.5584 90.5312
      vertex -10.4028 -74.0234 91.2142
    endloop
  endfacet
  facet normal -0.804142 0.472777 0.36033
    outer loop
      vertex -11.8748 -54.7329 94.3201
      vertex -12.7408 -56.6528 94.9065
      vertex -11.6716 -55.0877 95.2391
    endloop
  endfacet
  facet normal -0.339825 -0.0812312 0.936974
    outer loop
      vertex -9.55319 -62.2122 97.9937
      vertex -8.47947 -62.0521 98.397
      vertex -9.13734 -61.014 98.2484
    endloop
  endfacet
  facet normal -0.339812 -0.0813099 0.936972
    outer loop
      vertex -8.47947 -62.0521 98.397
      vertex -9.55319 -62.2122 97.9937
      vertex -8.64381 -62.5257 98.2963
    endloop
  endfacet
  facet normal -0.663016 0.470746 0.582072
    outer loop
      vertex -10.0437 -54.2207 96.3922
      vertex -11.6716 -55.0877 95.2391
      vertex -11.2688 -55.5871 96.1018
    endloop
  endfacet
  facet normal -0.879938 -0.154503 0.449265
    outer loop
      vertex -14.204 -64.0449 94.304
      vertex -14.5859 -65.7262 92.9778
      vertex -14.0824 -65.8584 93.9185
    endloop
  endfacet
  facet normal -0.915832 -0.356952 0.183948
    outer loop
      vertex -13.5919 -69.3548 92.2065
      vertex -14.2105 -67.5724 92.5854
      vertex -13.8285 -69.2485 91.2348
    endloop
  endfacet
  facet normal -0.62071 -0.363112 0.694888
    outer loop
      vertex -12.0471 -67.5675 95.3505
      vertex -12.429 -69.2691 94.1202
      vertex -11.5227 -69.0786 95.0293
    endloop
  endfacet
  facet normal -0.587895 -0.440608 0.678413
    outer loop
      vertex -11.5227 -69.0786 95.0293
      vertex -12.429 -69.2691 94.1202
      vertex -10.8011 -70.5098 94.7251
    endloop
  endfacet
  facet normal -0.536208 -0.278359 0.796867
    outer loop
      vertex -10.8933 -67.4269 96.176
      vertex -12.3653 -66.0024 95.6831
      vertex -12.0471 -67.5675 95.3505
    endloop
  endfacet
  facet normal -0.51769 -0.345965 0.782499
    outer loop
      vertex -10.8933 -67.4269 96.176
      vertex -12.0471 -67.5675 95.3505
      vertex -10.4191 -68.7933 95.8856
    endloop
  endfacet
  facet normal -0.339881 -0.306842 0.889004
    outer loop
      vertex -9.55319 -67.2199 96.9292
      vertex -8.47947 -67.5302 97.2326
      vertex -8.64381 -67.0567 97.3332
    endloop
  endfacet
  facet normal -0.339892 -0.306907 0.888978
    outer loop
      vertex -8.47947 -67.5302 97.2326
      vertex -9.55319 -67.2199 96.9292
      vertex -9.13734 -68.4182 96.6745
    endloop
  endfacet
  facet normal -0.0699379 -0.53831 0.83984
    outer loop
      vertex -1.66949 -73.3719 95.9909
      vertex -1.29093 -74.3074 95.4228
      vertex -1.16804 -73.4695 95.9701
    endloop
  endfacet
  facet normal -0.0700729 -0.538344 0.839807
    outer loop
      vertex -1.29093 -74.3074 95.4228
      vertex -1.66949 -73.3719 95.9909
      vertex -2.55977 -74.0605 95.4752
    endloop
  endfacet
  facet normal 0.236598 -0.457995 0.856891
    outer loop
      vertex 5.94332 -71.3103 96.4291
      vertex 5.44764 -71.7355 96.3387
      vertex 6.02076 -72.391 95.8301
    endloop
  endfacet
  facet normal -0.390014 -0.871652 0.296836
    outer loop
      vertex -7.10198 -76.0771 91.7465
      vertex -7.35589 -76.3103 90.7281
      vertex -5.43562 -76.8809 91.5756
    endloop
  endfacet
  facet normal -0.57947 -0.629547 0.517577
    outer loop
      vertex -10.6731 -72.2441 93.4878
      vertex -11.2688 -72.5028 92.5062
      vertex -10.0437 -73.8692 92.2158
    endloop
  endfacet
  facet normal -0.210684 -0.764141 0.609672
    outer loop
      vertex -4.77284 -75.6809 93.6259
      vertex -5.14827 -76.3908 92.6064
      vertex -3.228 -76.1938 93.5169
    endloop
  endfacet
  facet normal -0.310862 -0.948676 0.0581208
    outer loop
      vertex -4.72212 -77.4736 90.0073
      vertex -5.62995 -77.1428 90.5512
      vertex -5.67662 -77.1567 90.0747
    endloop
  endfacet
  facet normal -0.310919 -0.948664 0.0580187
    outer loop
      vertex -5.62995 -77.1428 90.5512
      vertex -4.72212 -77.4736 90.0073
      vertex -3.80769 -77.7479 90.4226
    endloop
  endfacet
  facet normal -0.454599 -0.471245 0.755823
    outer loop
      vertex -8.94712 -71.2872 95.3555
      vertex -10.8011 -70.5098 94.7251
      vertex -9.89474 -71.8366 94.443
    endloop
  endfacet
  facet normal -0.236618 -0.45805 0.856856
    outer loop
      vertex -6.99342 -71.5567 96.0074
      vertex -5.94332 -71.3103 96.4291
      vertex -6.32771 -70.9806 96.4992
    endloop
  endfacet
  facet normal -0.236643 -0.457987 0.856882
    outer loop
      vertex -5.94332 -71.3103 96.4291
      vertex -6.99342 -71.5567 96.0074
      vertex -6.02076 -72.391 95.8301
    endloop
  endfacet
  facet normal -0.424208 -0.326715 0.844574
    outer loop
      vertex -9.13734 -68.4182 96.6745
      vertex -10.8933 -67.4269 96.176
      vertex -10.4191 -68.7933 95.8856
    endloop
  endfacet
  facet normal -0.295391 -0.515328 0.804476
    outer loop
      vertex -6.02076 -72.391 95.8301
      vertex -7.97447 -72.372 95.1249
      vertex -6.86537 -73.3234 94.9227
    endloop
  endfacet
  facet normal -0.0700613 -0.538355 0.839801
    outer loop
      vertex -2.3161 -73.2461 96.0176
      vertex -2.55977 -74.0605 95.4752
      vertex -1.66949 -73.3719 95.9909
    endloop
  endfacet
  facet normal 0.295391 -0.515328 0.804476
    outer loop
      vertex 7.97447 -72.372 95.1249
      vertex 6.02076 -72.391 95.8301
      vertex 6.86537 -73.3234 94.9227
    endloop
  endfacet
  facet normal 0.199385 -0.485864 0.850989
    outer loop
      vertex 4.89947 -72.0938 96.2625
      vertex 4.94509 -73.0941 95.6807
      vertex 6.02076 -72.391 95.8301
    endloop
  endfacet
  facet normal 0.199505 -0.485847 0.85097
    outer loop
      vertex 4.94509 -73.0941 95.6807
      vertex 4.89947 -72.0938 96.2625
      vertex 4.47437 -72.3717 96.2035
    endloop
  endfacet
  facet normal 0.965101 0.00906538 0.26172
    outer loop
      vertex 14.8398 -61.7347 92.8319
      vertex 14.5859 -61.9696 93.7763
      vertex 14.7118 -63.8479 93.3771
    endloop
  endfacet
  facet normal 0.965103 0.00906388 0.261715
    outer loop
      vertex 14.8398 -61.7347 92.8319
      vertex 14.7118 -63.8479 93.3771
      vertex 14.9679 -63.6457 92.4257
    endloop
  endfacet
  facet normal 0.755944 0.0146084 0.654473
    outer loop
      vertex 13.72 -60.449 95.0683
      vertex 12.9947 -60.8275 95.9145
      vertex 14.0824 -62.2315 94.6895
    endloop
  endfacet
  facet normal 0.835035 0.179258 0.520177
    outer loop
      vertex 14.2105 -60.1234 94.1687
      vertex 13.1227 -58.7281 95.4341
      vertex 13.72 -60.449 95.0683
    endloop
  endfacet
  facet normal 0.804162 0.472774 0.36029
    outer loop
      vertex 12.9626 -56.3253 93.9817
      vertex 11.8748 -54.7329 94.3201
      vertex 12.7408 -56.6528 94.9065
    endloop
  endfacet
  facet normal 0.867442 0.365566 0.3375
    outer loop
      vertex 13.8285 -58.0429 93.6166
      vertex 12.9626 -56.3253 93.9817
      vertex 13.5919 -58.341 94.5476
    endloop
  endfacet
  facet normal -0.144036 0.229046 0.9627
    outer loop
      vertex -2.91886 -53.9166 99.0478
      vertex -3.78481 -55.7784 99.3612
      vertex -2.55977 -55.3716 99.4477
    endloop
  endfacet
  facet normal 0.283431 0.718741 0.634885
    outer loop
      vertex 5.62995 -50.553 96.203
      vertex 3.80769 -49.948 96.3316
      vertex 5.43562 -51.209 97.0324
    endloop
  endfacet
  facet normal 0.390052 0.675544 0.6257
    outer loop
      vertex 5.62995 -50.553 96.203
      vertex 5.43562 -51.209 97.0324
      vertex 7.35589 -51.3856 96.026
    endloop
  endfacet
  facet normal 0.195138 0.959387 0.203712
    outer loop
      vertex 3.87397 -49.5038 95.4316
      vertex 1.9537 -49.0282 95.0312
      vertex 1.9537 -49.1301 95.5111
    endloop
  endfacet
  facet normal 0.19508 0.959349 0.203947
    outer loop
      vertex 1.9537 -49.0282 95.0312
      vertex 3.87397 -49.5038 95.4316
      vertex 3.87397 -49.4018 94.9518
    endloop
  endfacet
  facet normal 0.24773 0.581438 0.774958
    outer loop
      vertex 3.67625 -50.6248 97.1565
      vertex 3.48192 -51.5227 97.8923
      vertex 5.43562 -51.209 97.0324
    endloop
  endfacet
  facet normal 0.427756 0.795672 0.428871
    outer loop
      vertex 5.72796 -50.1194 95.3008
      vertex 5.62995 -50.553 96.203
      vertex 7.48394 -50.9664 95.1208
    endloop
  endfacet
  facet normal 0.427793 0.795603 0.428961
    outer loop
      vertex 7.48394 -50.9664 95.1208
      vertex 5.62995 -50.553 96.203
      vertex 7.35589 -51.3856 96.026
    endloop
  endfacet
  facet normal 0.188675 -0.9807 0.0512737
    outer loop
      vertex 1.92027 -78.1151 90.3445
      vertex 2.92482 -77.9447 89.9072
      vertex 3.80769 -77.7479 90.4226
    endloop
  endfacet
  facet normal 0.188727 -0.980683 0.0514002
    outer loop
      vertex 2.92482 -77.9447 89.9072
      vertex 1.92027 -78.1151 90.3445
      vertex 1.93619 -78.1371 89.8663
    endloop
  endfacet
  facet normal 0.210684 -0.764141 0.609672
    outer loop
      vertex 4.77284 -75.6809 93.6259
      vertex 3.228 -76.1938 93.5169
      vertex 5.14827 -76.3908 92.6064
    endloop
  endfacet
  facet normal 0.340882 -0.808631 0.479494
    outer loop
      vertex 7.10198 -76.0771 91.7465
      vertex 5.14827 -76.3908 92.6064
      vertex 5.43562 -76.8809 91.5756
    endloop
  endfacet
  facet normal 0.175738 -0.680495 0.711366
    outer loop
      vertex 4.31575 -74.7633 94.6166
      vertex 3.228 -76.1938 93.5169
      vertex 4.77284 -75.6809 93.6259
    endloop
  endfacet
  facet normal 0.12786 -0.785828 0.605083
    outer loop
      vertex 3.48192 -76.9441 92.4888
      vertex 1.62793 -76.5051 93.4507
      vertex 1.75598 -77.2799 92.4174
    endloop
  endfacet
  facet normal 0.057665 -0.958763 0.278297
    outer loop
      vertex 1.92027 -78.1151 90.3445
      vertex 0 -77.9385 91.3508
      vertex 0 -78.2382 90.3183
    endloop
  endfacet
  facet normal -0.0633126 -0.996842 0.0479251
    outer loop
      vertex 0 -78.2382 90.3183
      vertex -0.93035 -78.2015 89.8526
      vertex 0 -78.2612 89.8399
    endloop
  endfacet
  facet normal 0.172015 -0.944027 0.281467
    outer loop
      vertex 3.80769 -77.7479 90.4226
      vertex 1.85399 -77.8196 91.3761
      vertex 1.92027 -78.1151 90.3445
    endloop
  endfacet
  facet normal 0.537342 -0.839432 0.0813496
    outer loop
      vertex 9.11187 -75.261 89.9568
      vertex 7.35589 -76.3103 90.7281
      vertex 7.48394 -76.325 89.7306
    endloop
  endfacet
  facet normal 0.390014 -0.871653 0.296834
    outer loop
      vertex 7.35589 -76.3103 90.7281
      vertex 5.43562 -76.8809 91.5756
      vertex 5.62995 -77.1428 90.5512
    endloop
  endfacet
  facet normal -0.637694 -0.76411 0.0973784
    outer loop
      vertex -10.4028 -74.0234 91.2142
      vertex -10.5839 -73.9983 90.2252
      vertex -9.11187 -75.261 89.9568
    endloop
  endfacet
  facet normal -0.188673 -0.9807 0.0512767
    outer loop
      vertex -3.80769 -77.7479 90.4226
      vertex -3.83925 -77.7668 89.945
      vertex -2.92482 -77.9447 89.9072
    endloop
  endfacet
  facet normal -0.0504189 -0.88476 0.463312
    outer loop
      vertex -1.75598 -77.2799 92.4174
      vertex -1.85399 -77.8196 91.3761
      vertex 0 -77.9385 91.3508
    endloop
  endfacet
  facet normal -0.042888 -0.796771 0.602758
    outer loop
      vertex -1.62793 -76.5051 93.4507
      vertex -1.75598 -77.2799 92.4174
      vertex 0 -77.3925 92.3935
    endloop
  endfacet
  facet normal -0.247754 -0.846366 0.471469
    outer loop
      vertex -3.48192 -76.9441 92.4888
      vertex -5.43562 -76.8809 91.5756
      vertex -3.67625 -77.4651 91.4514
    endloop
  endfacet
  facet normal -0.537342 -0.839432 0.0813496
    outer loop
      vertex -7.35589 -76.3103 90.7281
      vertex -9.11187 -75.261 89.9568
      vertex -7.48394 -76.325 89.7306
    endloop
  endfacet
  facet normal -0.769098 -0.181784 0.612734
    outer loop
      vertex -13.4531 -64.2334 95.1906
      vertex -14.204 -64.0449 94.304
      vertex -13.338 -65.951 94.8255
    endloop
  endfacet
  facet normal -0.946922 -0.314436 -0.0668456
    outer loop
      vertex -13.8285 -69.1465 90.755
      vertex -14.4579 -67.435 91.6202
      vertex -14.4579 -67.333 91.1404
    endloop
  endfacet
  facet normal -0.946922 -0.314436 -0.0668456
    outer loop
      vertex -14.4579 -67.435 91.6202
      vertex -13.8285 -69.1465 90.755
      vertex -13.8285 -69.2485 91.2348
    endloop
  endfacet
  facet normal -0.965103 0.00906388 0.261715
    outer loop
      vertex -14.8398 -61.7347 92.8319
      vertex -14.9679 -63.6457 92.4257
      vertex -14.7118 -63.8479 93.3771
    endloop
  endfacet
  facet normal -0.997857 0.0639974 0.0136051
    outer loop
      vertex -14.9679 -63.5437 91.9459
      vertex -14.8398 -61.7347 92.8319
      vertex -14.8398 -61.6327 92.3521
    endloop
  endfacet
  facet normal -0.997857 0.0639974 0.0136051
    outer loop
      vertex -14.8398 -61.7347 92.8319
      vertex -14.9679 -63.5437 91.9459
      vertex -14.9679 -63.6457 92.4257
    endloop
  endfacet
  facet normal -0.915842 0.251272 0.313203
    outer loop
      vertex -13.8285 -58.0429 93.6166
      vertex -14.2105 -60.1234 94.1687
      vertex -13.5919 -58.341 94.5476
    endloop
  endfacet
  facet normal -0.637698 0.658448 0.399734
    outer loop
      vertex -9.11187 -52.0304 94.8946
      vertex -10.5839 -53.2931 94.6262
      vertex -10.4028 -53.6724 95.5399
    endloop
  endfacet
  facet normal -0.390043 0.67557 0.625677
    outer loop
      vertex -5.43562 -51.209 97.0324
      vertex -7.35589 -51.3856 96.026
      vertex -7.10198 -52.0128 96.8615
    endloop
  endfacet
  facet normal -0.17207 0.74794 0.641075
    outer loop
      vertex -1.85399 -50.2702 97.2319
      vertex -3.80769 -49.948 96.3316
      vertex -3.67625 -50.6248 97.1565
    endloop
  endfacet
  facet normal -0.175752 0.332371 0.926629
    outer loop
      vertex -3.228 -52.6262 98.5263
      vertex -4.77284 -53.1392 98.4173
      vertex -4.31575 -54.3804 98.9492
    endloop
  endfacet
  facet normal -0.0632352 0.891176 0.44923
    outer loop
      vertex 0 -49.4576 96.4358
      vertex -1.9537 -49.1301 95.5111
      vertex -1.92027 -49.5807 96.4097
    endloop
  endfacet
  facet normal -0.427756 0.795672 0.428871
    outer loop
      vertex -5.72796 -50.1194 95.3008
      vertex -7.48394 -50.9664 95.1208
      vertex -5.62995 -50.553 96.203
    endloop
  endfacet
  facet normal -0.283431 0.718741 0.634885
    outer loop
      vertex -3.80769 -49.948 96.3316
      vertex -5.62995 -50.553 96.203
      vertex -5.43562 -51.209 97.0324
    endloop
  endfacet
  facet normal -0.390052 0.675544 0.6257
    outer loop
      vertex -5.62995 -50.553 96.203
      vertex -7.35589 -51.3856 96.026
      vertex -5.43562 -51.209 97.0324
    endloop
  endfacet
  facet normal -0.427793 0.795603 0.428961
    outer loop
      vertex -5.62995 -50.553 96.203
      vertex -7.48394 -50.9664 95.1208
      vertex -7.35589 -51.3856 96.026
    endloop
  endfacet
  facet normal 0.0632352 0.891176 0.44923
    outer loop
      vertex 1.9537 -49.1301 95.5111
      vertex 0 -49.4576 96.4358
      vertex 1.92027 -49.5807 96.4097
    endloop
  endfacet
  facet normal -0.188742 0.875022 0.445772
    outer loop
      vertex -1.9537 -49.1301 95.5111
      vertex -3.87397 -49.5038 95.4316
      vertex -3.80769 -49.948 96.3316
    endloop
  endfacet
  facet normal -0.489901 0.619177 0.613691
    outer loop
      vertex -7.35589 -51.3856 96.026
      vertex -8.64682 -53.0224 96.6469
      vertex -7.10198 -52.0128 96.8615
    endloop
  endfacet
  facet normal -0.364176 0.376069 0.852026
    outer loop
      vertex -6.72655 -52.8373 97.6129
      vertex -8.18972 -53.7936 97.4096
      vertex -6.23602 -53.8449 98.2673
    endloop
  endfacet
  facet normal 0.0632264 0.891184 0.449214
    outer loop
      vertex 1.9537 -49.1301 95.5111
      vertex 0 -49.0049 95.5377
      vertex 0 -49.4576 96.4358
    endloop
  endfacet
  facet normal -0.0653738 0.976049 0.207497
    outer loop
      vertex 0 -48.9029 95.0579
      vertex -1.9537 -49.1301 95.5111
      vertex 0 -49.0049 95.5377
    endloop
  endfacet
  facet normal -0.0654341 0.976095 0.20726
    outer loop
      vertex -1.9537 -49.1301 95.5111
      vertex 0 -48.9029 95.0579
      vertex -1.9537 -49.0282 95.0312
    endloop
  endfacet
  facet normal 0.729843 0.109897 0.674724
    outer loop
      vertex 13.1227 -58.7281 95.4341
      vertex 12.9947 -60.8275 95.9145
      vertex 13.72 -60.449 95.0683
    endloop
  endfacet
  facet normal 0.544973 0.199138 0.814462
    outer loop
      vertex 11.6507 -57.6538 96.5891
      vertex 10.6731 -56.2226 96.8933
      vertex 10.8011 -58.3103 97.3181
    endloop
  endfacet
  facet normal 0.411051 0.178541 0.893958
    outer loop
      vertex 9.89474 -56.9834 97.6002
      vertex 8.81907 -55.7837 97.8552
      vertex 8.94712 -57.8565 98.2103
    endloop
  endfacet
  facet normal 0.295361 0.143577 0.944536
    outer loop
      vertex 6.86537 -55.8202 98.6431
      vertex 6.02076 -57.0411 99.0928
      vertex 7.97447 -56.7716 98.4409
    endloop
  endfacet
  facet normal 0.336795 0.103013 0.935926
    outer loop
      vertex 7.97447 -56.7716 98.4409
      vertex 7.84641 -58.8269 98.7132
      vertex 8.94712 -57.8565 98.2103
    endloop
  endfacet
  facet normal 0.0292655 0.251382 0.967445
    outer loop
      vertex 1.47202 -53.6351 99.1076
      vertex 0 -53.5407 99.1276
      vertex 0 -55.042 99.5177
    endloop
  endfacet
  facet normal 0.144036 0.229046 0.9627
    outer loop
      vertex 2.91886 -53.9166 99.0478
      vertex 2.55977 -55.3716 99.4477
      vertex 3.78481 -55.7784 99.3612
    endloop
  endfacet
  facet normal 0.428226 0.494387 0.756442
    outer loop
      vertex 7.10198 -52.0128 96.8615
      vertex 6.72655 -52.8373 97.6129
      vertex 8.18972 -53.7936 97.4096
    endloop
  endfacet
  facet normal 0.241862 0.305585 0.920935
    outer loop
      vertex 4.77284 -53.1392 98.4173
      vertex 4.31575 -54.3804 98.9492
      vertex 5.6388 -55.0186 98.8135
    endloop
  endfacet
  facet normal 0.0873299 0.243909 0.965858
    outer loop
      vertex 2.91886 -53.9166 99.0478
      vertex 1.29093 -55.1248 99.5001
      vertex 2.55977 -55.3716 99.4477
    endloop
  endfacet
  facet normal 0.0357287 0.359584 0.932428
    outer loop
      vertex 1.62793 -52.3149 98.5925
      vertex 0 -53.5407 99.1276
      vertex 1.47202 -53.6351 99.1076
    endloop
  endfacet
  facet normal 0.069943 0.150206 0.986178
    outer loop
      vertex 1.29093 -55.1248 99.5001
      vertex 1.66949 -56.2104 99.6386
      vertex 2.55977 -55.3716 99.4477
    endloop
  endfacet
  facet normal 0.0701225 0.150265 0.986156
    outer loop
      vertex 1.66949 -56.2104 99.6386
      vertex 1.29093 -55.1248 99.5001
      vertex 1.16804 -56.1129 99.6594
    endloop
  endfacet
  facet normal -0.360496 0.228026 0.904459
    outer loop
      vertex -6.86537 -55.8202 98.6431
      vertex -8.81907 -55.7837 97.8552
      vertex -7.97447 -56.7716 98.4409
    endloop
  endfacet
  facet normal -0.360495 0.228032 0.904458
    outer loop
      vertex -7.5925 -54.7315 98.0788
      vertex -8.81907 -55.7837 97.8552
      vertex -6.86537 -55.8202 98.6431
    endloop
  endfacet
  facet normal -0.269801 0.0374863 0.962186
    outer loop
      vertex -6.66481 -58.9777 99.0504
      vertex -7.84641 -58.8269 98.7132
      vertex -7.09951 -59.4626 98.9474
    endloop
  endfacet
  facet normal -0.241786 0.305556 0.920964
    outer loop
      vertex -4.77284 -53.1392 98.4173
      vertex -6.23602 -53.8449 98.2673
      vertex -5.6388 -55.0186 98.8135
    endloop
  endfacet
  facet normal -0.198155 0.207086 0.958045
    outer loop
      vertex -4.31575 -54.3804 98.9492
      vertex -5.6388 -55.0186 98.8135
      vertex -3.78481 -55.7784 99.3612
    endloop
  endfacet
  facet normal -0.106643 0.350453 0.930489
    outer loop
      vertex -1.62793 -52.3149 98.5925
      vertex -2.91886 -53.9166 99.0478
      vertex -1.47202 -53.6351 99.1076
    endloop
  endfacet
  facet normal -0.0701225 0.150265 0.986156
    outer loop
      vertex -1.29093 -55.1248 99.5001
      vertex -1.66949 -56.2104 99.6386
      vertex -1.16804 -56.1129 99.6594
    endloop
  endfacet
  facet normal -0.069943 0.150206 0.986178
    outer loop
      vertex -1.66949 -56.2104 99.6386
      vertex -1.29093 -55.1248 99.5001
      vertex -2.55977 -55.3716 99.4477
    endloop
  endfacet
  facet normal -0.158699 0.12081 0.979908
    outer loop
      vertex -3.78481 -55.7784 99.3612
      vertex -4.01582 -56.9895 99.4731
      vertex -3.42453 -56.7043 99.5337
    endloop
  endfacet
  facet normal 0.579468 -0.629547 0.517578
    outer loop
      vertex 10.6731 -72.2441 93.4878
      vertex 9.51277 -73.5383 93.2127
      vertex 10.0437 -73.8692 92.2158
    endloop
  endfacet
  facet normal 0.492804 -0.579731 0.648889
    outer loop
      vertex 9.89474 -71.8366 94.443
      vertex 8.81907 -73.0364 94.188
      vertex 10.6731 -72.2441 93.4878
    endloop
  endfacet
  facet normal 0.360493 -0.576148 0.733552
    outer loop
      vertex 7.97447 -72.372 95.1249
      vertex 6.86537 -73.3234 94.9227
      vertex 8.81907 -73.0364 94.188
    endloop
  endfacet
  facet normal 0.36049 -0.576168 0.733538
    outer loop
      vertex 8.81907 -73.0364 94.188
      vertex 6.86537 -73.3234 94.9227
      vertex 7.5925 -74.0885 93.9644
    endloop
  endfacet
  facet normal 0.454586 -0.471173 0.755875
    outer loop
      vertex 9.76669 -70.0874 95.6105
      vertex 8.94712 -71.2872 95.3555
      vertex 10.8011 -70.5098 94.7251
    endloop
  endfacet
  facet normal 0.269804 -0.42545 0.863828
    outer loop
      vertex 7.09951 -70.1198 96.6821
      vertex 6.66481 -70.6046 96.5791
      vertex 7.84641 -70.6053 96.2097
    endloop
  endfacet
  facet normal 0.35193 -0.125534 0.92757
    outer loop
      vertex 9.55319 -62.2122 97.9937
      vertex 8.64381 -62.5257 98.2963
      vertex 8.77243 -63.1582 98.1619
    endloop
  endfacet
  facet normal 0.447005 -0.157255 0.880601
    outer loop
      vertex 11.1811 -63.132 97.089
      vertex 9.89019 -64.7161 97.4614
      vertex 11.2776 -64.5718 96.7829
    endloop
  endfacet
  facet normal 0.424217 -0.0450261 0.90444
    outer loop
      vertex 10.8933 -61.7168 97.3898
      vertex 9.13734 -61.014 98.2484
      vertex 9.55319 -62.2122 97.9937
    endloop
  endfacet
  facet normal 0.517752 -0.00214216 0.855528
    outer loop
      vertex 12.0471 -61.2526 96.6927
      vertex 10.4191 -60.3504 97.6802
      vertex 10.8933 -61.7168 97.3898
    endloop
  endfacet
  facet normal 0.545598 -0.139124 0.826418
    outer loop
      vertex 12.3653 -62.8177 96.3601
      vertex 11.2776 -64.5718 96.7829
      vertex 12.472 -64.41 96.0216
    endloop
  endfacet
  facet normal 0.545635 -0.209031 0.811535
    outer loop
      vertex 11.2776 -64.5718 96.7829
      vertex 11.1811 -66.0117 96.4769
      vertex 12.3653 -66.0024 95.6831
    endloop
  endfacet
  facet normal 0.43937 -0.271423 0.85632
    outer loop
      vertex 11.1811 -66.0117 96.4769
      vertex 9.80557 -65.9788 97.1931
      vertex 10.8933 -67.4269 96.176
    endloop
  endfacet
  facet normal 0.321861 -0.3493 0.879997
    outer loop
      vertex 7.97596 -68.7192 96.9798
      vertex 8.56515 -69.5531 96.4333
      vertex 9.13734 -68.4182 96.6745
    endloop
  endfacet
  facet normal 0.32195 -0.349233 0.879991
    outer loop
      vertex 8.56515 -69.5531 96.4333
      vertex 7.97596 -68.7192 96.9798
      vertex 7.74983 -69.1678 96.8845
    endloop
  endfacet
  facet normal 0.517699 -0.345984 0.782485
    outer loop
      vertex 12.0471 -67.5675 95.3505
      vertex 10.4191 -68.7933 95.8856
      vertex 11.5227 -69.0786 95.0293
    endloop
  endfacet
  facet normal 0.915832 -0.356952 0.183948
    outer loop
      vertex 14.2105 -67.5724 92.5854
      vertex 13.5919 -69.3548 92.2065
      vertex 13.8285 -69.2485 91.2348
    endloop
  endfacet
  facet normal 0.804163 -0.578449 0.136816
    outer loop
      vertex 12.7408 -71.0431 91.8477
      vertex 11.6716 -72.6082 91.515
      vertex 11.8748 -72.5584 90.5312
    endloop
  endfacet
  facet normal 0.86489 -0.266301 0.425499
    outer loop
      vertex 14.5859 -65.7262 92.9778
      vertex 14.0824 -65.8584 93.9185
      vertex 14.2105 -67.5724 92.5854
    endloop
  endfacet
  facet normal 0.948593 -0.237378 0.209342
    outer loop
      vertex 14.5859 -65.7262 92.9778
      vertex 14.2105 -67.5724 92.5854
      vertex 14.8398 -65.5567 92.0195
    endloop
  endfacet
  facet normal 0.965101 -0.114734 0.235408
    outer loop
      vertex 14.7118 -63.8479 93.3771
      vertex 14.5859 -65.7262 92.9778
      vertex 14.8398 -65.5567 92.0195
    endloop
  endfacet
  facet normal 0.948593 0.131716 0.287789
    outer loop
      vertex 14.8398 -61.7347 92.8319
      vertex 14.2105 -60.1234 94.1687
      vertex 14.5859 -61.9696 93.7763
    endloop
  endfacet
  facet normal 0.94859 0.131702 0.287805
    outer loop
      vertex 14.4579 -59.8564 93.2311
      vertex 14.2105 -60.1234 94.1687
      vertex 14.8398 -61.7347 92.8319
    endloop
  endfacet
  facet normal -0.733218 -0.577287 0.359348
    outer loop
      vertex -11.2688 -72.5028 92.5062
      vertex -12.7408 -71.0431 91.8477
      vertex -11.6716 -72.6082 91.515
    endloop
  endfacet
  facet normal -0.432181 -0.639055 0.636261
    outer loop
      vertex -8.81907 -73.0364 94.188
      vertex -9.51277 -73.5383 93.2127
      vertex -8.18972 -74.6732 92.9715
    endloop
  endfacet
  facet normal -0.835028 -0.375303 0.402338
    outer loop
      vertex -13.72 -67.6408 93.5396
      vertex -14.2105 -67.5724 92.5854
      vertex -13.1227 -69.3618 93.1739
    endloop
  endfacet
  facet normal -0.86745 -0.471221 0.159628
    outer loop
      vertex -12.7408 -71.0431 91.8477
      vertex -13.5919 -69.3548 92.2065
      vertex -12.9626 -70.9661 90.8697
    endloop
  endfacet
  facet normal -0.79088 -0.479541 0.380196
    outer loop
      vertex -12.301 -70.9917 92.8274
      vertex -13.1227 -69.3618 93.1739
      vertex -12.7408 -71.0431 91.8477
    endloop
  endfacet
  facet normal -0.867434 -0.471241 0.15966
    outer loop
      vertex -13.5919 -69.3548 92.2065
      vertex -13.8285 -69.2485 91.2348
      vertex -12.9626 -70.9661 90.8697
    endloop
  endfacet
  facet normal -0.40176 0.00794153 0.915711
    outer loop
      vertex -8.56515 -59.879 98.4896
      vertex -9.76669 -59.0563 97.9553
      vertex -9.13734 -61.014 98.2484
    endloop
  endfacet
  facet normal -0.372458 0.0575882 0.926261
    outer loop
      vertex -7.84641 -58.8269 98.7132
      vertex -9.76669 -59.0563 97.9553
      vertex -8.56515 -59.879 98.4896
    endloop
  endfacet
  facet normal -0.879952 -0.0415966 0.473239
    outer loop
      vertex -14.5859 -61.9696 93.7763
      vertex -14.7118 -63.8479 93.3771
      vertex -14.204 -64.0449 94.304
    endloop
  endfacet
  facet normal -0.804162 0.472774 0.36029
    outer loop
      vertex -11.8748 -54.7329 94.3201
      vertex -12.9626 -56.3253 93.9817
      vertex -12.7408 -56.6528 94.9065
    endloop
  endfacet
  facet normal -0.733219 0.381147 0.563131
    outer loop
      vertex -11.2688 -55.5871 96.1018
      vertex -12.7408 -56.6528 94.9065
      vertex -12.301 -57.0982 95.7806
    endloop
  endfacet
  facet normal -0.879951 -0.154485 0.449245
    outer loop
      vertex -14.204 -64.0449 94.304
      vertex -14.7118 -63.8479 93.3771
      vertex -14.5859 -65.7262 92.9778
    endloop
  endfacet
  facet normal -0.769131 -0.181812 0.612685
    outer loop
      vertex -13.338 -65.951 94.8255
      vertex -14.204 -64.0449 94.304
      vertex -14.0824 -65.8584 93.9185
    endloop
  endfacet
  facet normal -0.269884 -0.425514 0.863771
    outer loop
      vertex -6.66481 -70.6046 96.5791
      vertex -6.99342 -71.5567 96.0074
      vertex -6.32771 -70.9806 96.4992
    endloop
  endfacet
  facet normal -0.269789 -0.425552 0.863782
    outer loop
      vertex -6.99342 -71.5567 96.0074
      vertex -6.66481 -70.6046 96.5791
      vertex -7.84641 -70.6053 96.2097
    endloop
  endfacet
  facet normal -0.43937 -0.271423 0.85632
    outer loop
      vertex -9.80557 -65.9788 97.1931
      vertex -11.1811 -66.0117 96.4769
      vertex -10.8933 -67.4269 96.176
    endloop
  endfacet
  facet normal -0.439364 -0.271428 0.856321
    outer loop
      vertex -9.80557 -65.9788 97.1931
      vertex -10.8933 -67.4269 96.176
      vertex -9.55319 -67.2199 96.9292
    endloop
  endfacet
  facet normal -0.439379 -0.100384 0.892675
    outer loop
      vertex -10.8933 -61.7168 97.3898
      vertex -11.1811 -63.132 97.089
      vertex -9.80557 -63.4534 97.7299
    endloop
  endfacet
  facet normal -0.424217 -0.0450261 0.90444
    outer loop
      vertex -9.13734 -61.014 98.2484
      vertex -10.8933 -61.7168 97.3898
      vertex -9.55319 -62.2122 97.9937
    endloop
  endfacet
  facet normal -0.654064 -0.115047 0.747639
    outer loop
      vertex -13.338 -62.5158 95.5556
      vertex -13.4531 -64.2334 95.1906
      vertex -12.3653 -62.8177 96.3601
    endloop
  endfacet
  facet normal -0.447038 -0.157287 0.880578
    outer loop
      vertex -9.80557 -63.4534 97.7299
      vertex -11.1811 -63.132 97.089
      vertex -9.89019 -64.7161 97.4614
    endloop
  endfacet
  facet normal 0.144038 -0.600813 0.786306
    outer loop
      vertex 3.78481 -73.6537 95.5617
      vertex 2.91886 -75.2271 94.5181
      vertex 4.31575 -74.7633 94.6166
    endloop
  endfacet
  facet normal 0.106651 -0.698632 0.707488
    outer loop
      vertex 2.91886 -75.2271 94.5181
      vertex 1.62793 -76.5051 93.4507
      vertex 3.228 -76.1938 93.5169
    endloop
  endfacet
  facet normal 0.321882 -0.349453 0.879929
    outer loop
      vertex 8.26755 -68.1409 97.1028
      vertex 7.97596 -68.7192 96.9798
      vertex 9.13734 -68.4182 96.6745
    endloop
  endfacet
  facet normal -0.508176 -0.699303 0.502724
    outer loop
      vertex -8.18972 -74.6732 92.9715
      vertex -10.0437 -73.8692 92.2158
      vertex -8.64682 -75.0674 91.9611
    endloop
  endfacet
  facet normal -0.508179 -0.699278 0.502757
    outer loop
      vertex -9.51277 -73.5383 93.2127
      vertex -10.0437 -73.8692 92.2158
      vertex -8.18972 -74.6732 92.9715
    endloop
  endfacet
  facet normal -0.428221 -0.759315 0.489966
    outer loop
      vertex -8.18972 -74.6732 92.9715
      vertex -8.64682 -75.0674 91.9611
      vertex -7.10198 -76.0771 91.7465
    endloop
  endfacet
  facet normal -0.36049 -0.576168 0.733538
    outer loop
      vertex -6.86537 -73.3234 94.9227
      vertex -8.81907 -73.0364 94.188
      vertex -7.5925 -74.0885 93.9644
    endloop
  endfacet
  facet normal -0.198119 -0.578902 0.790962
    outer loop
      vertex -3.78481 -73.6537 95.5617
      vertex -5.6388 -74.1251 94.7523
      vertex -4.31575 -74.7633 94.6166
    endloop
  endfacet
  facet normal -0.303746 -0.618757 0.724485
    outer loop
      vertex -6.86537 -73.3234 94.9227
      vertex -7.5925 -74.0885 93.9644
      vertex -6.23602 -74.9751 93.7759
    endloop
  endfacet
  facet normal -0.579468 -0.629547 0.517578
    outer loop
      vertex -9.51277 -73.5383 93.2127
      vertex -10.6731 -72.2441 93.4878
      vertex -10.0437 -73.8692 92.2158
    endloop
  endfacet
  facet normal -0.336817 -0.474834 0.813073
    outer loop
      vertex -7.84641 -70.6053 96.2097
      vertex -8.94712 -71.2872 95.3555
      vertex -7.97447 -72.372 95.1249
    endloop
  endfacet
  facet normal -0.1981 -0.578938 0.790941
    outer loop
      vertex -4.94509 -73.0941 95.6807
      vertex -5.6388 -74.1251 94.7523
      vertex -3.78481 -73.6537 95.5617
    endloop
  endfacet
  facet normal -0.144038 -0.600813 0.786306
    outer loop
      vertex -3.78481 -73.6537 95.5617
      vertex -4.31575 -74.7633 94.6166
      vertex -2.91886 -75.2271 94.5181
    endloop
  endfacet
  facet normal -0.0357687 -0.707775 0.705532
    outer loop
      vertex 0 -75.603 94.4382
      vertex -1.62793 -76.5051 93.4507
      vertex 0 -76.6095 93.4285
    endloop
  endfacet
  facet normal -0.0233817 -0.544303 0.838563
    outer loop
      vertex -0.510174 -73.5116 95.9612
      vertex 0 -74.3901 95.4052
      vertex 0 -73.5443 95.9542
    endloop
  endfacet
  facet normal -0.0234383 -0.544325 0.838547
    outer loop
      vertex 0 -74.3901 95.4052
      vertex -0.510174 -73.5116 95.9612
      vertex -1.29093 -74.3074 95.4228
    endloop
  endfacet
  facet normal 0.106635 -0.698624 0.707498
    outer loop
      vertex 2.91886 -75.2271 94.5181
      vertex 1.47202 -75.5086 94.4582
      vertex 1.62793 -76.5051 93.4507
    endloop
  endfacet
  facet normal 0.980791 0.190796 0.0405611
    outer loop
      vertex 14.4579 -59.8564 93.2311
      vertex 14.8398 -61.6327 92.3521
      vertex 14.4579 -59.7544 92.7513
    endloop
  endfacet
  facet normal 0.980791 0.190796 0.0405611
    outer loop
      vertex 14.8398 -61.6327 92.3521
      vertex 14.4579 -59.8564 93.2311
      vertex 14.8398 -61.7347 92.8319
    endloop
  endfacet
  facet normal 0.727165 0.570934 0.381137
    outer loop
      vertex 10.5839 -53.2931 94.6262
      vertex 10.4028 -53.6724 95.5399
      vertex 11.8748 -54.7329 94.3201
    endloop
  endfacet
  facet normal 0.727174 0.570887 0.381189
    outer loop
      vertex 11.8748 -54.7329 94.3201
      vertex 10.4028 -53.6724 95.5399
      vertex 11.6716 -55.0877 95.2391
    endloop
  endfacet
  facet normal 0.579476 0.364633 0.728869
    outer loop
      vertex 10.0437 -54.2207 96.3922
      vertex 9.51277 -54.9285 97.1684
      vertex 10.6731 -56.2226 96.8933
    endloop
  endfacet
  facet normal 0.581453 0.550477 0.599072
    outer loop
      vertex 8.95596 -52.4313 95.8037
      vertex 8.64682 -53.0224 96.6469
      vertex 10.0437 -54.2207 96.3922
    endloop
  endfacet
  facet normal 0.663016 0.470746 0.582072
    outer loop
      vertex 11.6716 -55.0877 95.2391
      vertex 10.0437 -54.2207 96.3922
      vertex 11.2688 -55.5871 96.1018
    endloop
  endfacet
  facet normal 0.733228 0.381252 0.563048
    outer loop
      vertex 11.6716 -55.0877 95.2391
      vertex 11.2688 -55.5871 96.1018
      vertex 12.7408 -56.6528 94.9065
    endloop
  endfacet
  facet normal 0.867441 0.365567 0.337502
    outer loop
      vertex 12.9626 -56.3253 93.9817
      vertex 12.7408 -56.6528 94.9065
      vertex 13.5919 -58.341 94.5476
    endloop
  endfacet
  facet normal 0.835022 0.179217 0.520211
    outer loop
      vertex 13.5919 -58.341 94.5476
      vertex 13.1227 -58.7281 95.4341
      vertex 14.2105 -60.1234 94.1687
    endloop
  endfacet
  facet normal 0.642882 -0.0319634 0.765298
    outer loop
      vertex 12.9947 -60.8275 95.9145
      vertex 12.3653 -62.8177 96.3601
      vertex 13.338 -62.5158 95.5556
    endloop
  endfacet
  facet normal 0.755927 0.014578 0.654493
    outer loop
      vertex 14.0824 -62.2315 94.6895
      vertex 12.9947 -60.8275 95.9145
      vertex 13.338 -62.5158 95.5556
    endloop
  endfacet
  facet normal 0.442273 0.877276 0.186499
    outer loop
      vertex 7.48394 -50.9664 95.1208
      vertex 5.72796 -50.0174 94.821
      vertex 5.72796 -50.1194 95.3008
    endloop
  endfacet
  facet normal 0.442281 0.87728 0.186461
    outer loop
      vertex 5.72796 -50.0174 94.821
      vertex 7.48394 -50.9664 95.1208
      vertex 7.48394 -50.8644 94.6409
    endloop
  endfacet
  facet normal 0.127903 0.471757 0.872403
    outer loop
      vertex 1.75598 -51.1868 97.9637
      vertex 1.62793 -52.3149 98.5925
      vertex 3.48192 -51.5227 97.8923
    endloop
  endfacet
  facet normal 0.127882 0.471791 0.872387
    outer loop
      vertex 3.48192 -51.5227 97.8923
      vertex 1.62793 -52.3149 98.5925
      vertex 3.228 -52.6262 98.5263
    endloop
  endfacet
  facet normal 0.24184 -0.653741 0.717033
    outer loop
      vertex 5.6388 -74.1251 94.7523
      vertex 4.77284 -75.6809 93.6259
      vertex 6.23602 -74.9751 93.7759
    endloop
  endfacet
  facet normal 0.303782 -0.618759 0.724468
    outer loop
      vertex 6.86537 -73.3234 94.9227
      vertex 5.6388 -74.1251 94.7523
      vertex 6.23602 -74.9751 93.7759
    endloop
  endfacet
  facet normal 0.489924 -0.815228 0.308832
    outer loop
      vertex 8.64682 -75.0674 91.9611
      vertex 7.35589 -76.3103 90.7281
      vertex 8.95596 -75.2645 90.9504
    endloop
  endfacet
  facet normal 0.364145 -0.690111 0.625417
    outer loop
      vertex 8.18972 -74.6732 92.9715
      vertex 6.23602 -74.9751 93.7759
      vertex 6.72655 -75.6295 92.7682
    endloop
  endfacet
  facet normal 0.289916 -0.732039 0.616496
    outer loop
      vertex 6.23602 -74.9751 93.7759
      vertex 4.77284 -75.6809 93.6259
      vertex 5.14827 -76.3908 92.6064
    endloop
  endfacet
  facet normal 0.127854 -0.785836 0.605075
    outer loop
      vertex 3.228 -76.1938 93.5169
      vertex 1.62793 -76.5051 93.4507
      vertex 3.48192 -76.9441 92.4888
    endloop
  endfacet
  facet normal -0.0293414 -0.623121 0.781575
    outer loop
      vertex 0 -74.3901 95.4052
      vertex -1.47202 -75.5086 94.4582
      vertex 0 -75.603 94.4382
    endloop
  endfacet
  facet normal -0.0358012 -0.707746 0.705559
    outer loop
      vertex -1.47202 -75.5086 94.4582
      vertex -1.62793 -76.5051 93.4507
      vertex 0 -75.603 94.4382
    endloop
  endfacet
  facet normal 0.283474 -0.914819 0.28766
    outer loop
      vertex 5.43562 -76.8809 91.5756
      vertex 3.80769 -77.7479 90.4226
      vertex 5.62995 -77.1428 90.5512
    endloop
  endfacet
  facet normal 0.310919 -0.948664 0.0580187
    outer loop
      vertex 4.72212 -77.4736 90.0073
      vertex 5.62995 -77.1428 90.5512
      vertex 3.80769 -77.7479 90.4226
    endloop
  endfacet
  facet normal 0.310862 -0.948676 0.0581208
    outer loop
      vertex 5.62995 -77.1428 90.5512
      vertex 4.72212 -77.4736 90.0073
      vertex 5.67662 -77.1567 90.0747
    endloop
  endfacet
  facet normal 0.188673 -0.9807 0.0512767
    outer loop
      vertex 3.80769 -77.7479 90.4226
      vertex 2.92482 -77.9447 89.9072
      vertex 3.83925 -77.7668 89.945
    endloop
  endfacet
  facet normal -0.057665 -0.958763 0.278297
    outer loop
      vertex 0 -77.9385 91.3508
      vertex -1.92027 -78.1151 90.3445
      vertex 0 -78.2382 90.3183
    endloop
  endfacet
  facet normal -0.0631711 -0.996849 0.047964
    outer loop
      vertex -0.93035 -78.2015 89.8526
      vertex -1.92027 -78.1151 90.3445
      vertex -1.93619 -78.1371 89.8663
    endloop
  endfacet
  facet normal -0.0632516 -0.996852 0.0478025
    outer loop
      vertex -1.92027 -78.1151 90.3445
      vertex -0.93035 -78.2015 89.8526
      vertex 0 -78.2382 90.3183
    endloop
  endfacet
  facet normal -0.12786 -0.785828 0.605083
    outer loop
      vertex -1.62793 -76.5051 93.4507
      vertex -3.48192 -76.9441 92.4888
      vertex -1.75598 -77.2799 92.4174
    endloop
  endfacet
  facet normal -0.289916 -0.732039 0.616496
    outer loop
      vertex -4.77284 -75.6809 93.6259
      vertex -6.23602 -74.9751 93.7759
      vertex -5.14827 -76.3908 92.6064
    endloop
  endfacet
  facet normal -0.283474 -0.914819 0.28766
    outer loop
      vertex -5.43562 -76.8809 91.5756
      vertex -5.62995 -77.1428 90.5512
      vertex -3.80769 -77.7479 90.4226
    endloop
  endfacet
  facet normal -0.283457 -0.914817 0.287683
    outer loop
      vertex -3.67625 -77.4651 91.4514
      vertex -5.43562 -76.8809 91.5756
      vertex -3.80769 -77.7479 90.4226
    endloop
  endfacet
  facet normal -0.659339 0.735412 0.15634
    outer loop
      vertex -9.11187 -51.9284 94.4148
      vertex -10.5839 -53.2931 94.6262
      vertex -9.11187 -52.0304 94.8946
    endloop
  endfacet
  facet normal -0.659339 0.735412 0.15634
    outer loop
      vertex -10.5839 -53.2931 94.6262
      vertex -9.11187 -51.9284 94.4148
      vertex -10.5839 -53.1911 94.1464
    endloop
  endfacet
  facet normal 0.0357728 0.359534 0.932446
    outer loop
      vertex 1.62793 -52.3149 98.5925
      vertex 0 -52.2105 98.6147
      vertex 0 -53.5407 99.1276
    endloop
  endfacet
  facet normal 0.0428884 0.482769 0.874697
    outer loop
      vertex 1.62793 -52.3149 98.5925
      vertex 0 -51.0743 97.9876
      vertex 0 -52.2105 98.6147
    endloop
  endfacet
  facet normal -0.127882 0.471791 0.872387
    outer loop
      vertex -1.62793 -52.3149 98.5925
      vertex -3.48192 -51.5227 97.8923
      vertex -3.228 -52.6262 98.5263
    endloop
  endfacet
  facet normal -0.127903 0.471757 0.872403
    outer loop
      vertex -1.75598 -51.1868 97.9637
      vertex -3.48192 -51.5227 97.8923
      vertex -1.62793 -52.3149 98.5925
    endloop
  endfacet
  facet normal -0.0576479 0.76268 0.644202
    outer loop
      vertex 0 -49.4576 96.4358
      vertex -1.92027 -49.5807 96.4097
      vertex 0 -50.1514 97.2572
    endloop
  endfacet
  facet normal -0.172078 0.747928 0.641087
    outer loop
      vertex -1.92027 -49.5807 96.4097
      vertex -3.80769 -49.948 96.3316
      vertex -1.85399 -50.2702 97.2319
    endloop
  endfacet
  facet normal 0.188742 0.875022 0.445772
    outer loop
      vertex 3.87397 -49.5038 95.4316
      vertex 1.9537 -49.1301 95.5111
      vertex 3.80769 -49.948 96.3316
    endloop
  endfacet
  facet normal -0.537317 0.733791 0.415741
    outer loop
      vertex -7.35589 -51.3856 96.026
      vertex -9.11187 -52.0304 94.8946
      vertex -8.95596 -52.4313 95.8037
    endloop
  endfacet
  facet normal -0.6377 0.658448 0.399731
    outer loop
      vertex -9.11187 -52.0304 94.8946
      vertex -10.4028 -53.6724 95.5399
      vertex -8.95596 -52.4313 95.8037
    endloop
  endfacet
  facet normal -0.0632264 0.891184 0.449214
    outer loop
      vertex 0 -49.0049 95.5377
      vertex -1.9537 -49.1301 95.5111
      vertex 0 -49.4576 96.4358
    endloop
  endfacet
  facet normal -0.195138 0.959387 0.203712
    outer loop
      vertex -1.9537 -49.0282 95.0312
      vertex -3.87397 -49.5038 95.4316
      vertex -1.9537 -49.1301 95.5111
    endloop
  endfacet
  facet normal -0.19508 0.959349 0.203947
    outer loop
      vertex -3.87397 -49.5038 95.4316
      vertex -1.9537 -49.0282 95.0312
      vertex -3.87397 -49.4018 94.9518
    endloop
  endfacet
  facet normal 0.640859 0.28636 0.712248
    outer loop
      vertex 12.301 -57.0982 95.7806
      vertex 10.6731 -56.2226 96.8933
      vertex 11.6507 -57.6538 96.5891
    endloop
  endfacet
  facet normal 0.69127 0.200941 0.694095
    outer loop
      vertex 12.301 -57.0982 95.7806
      vertex 11.6507 -57.6538 96.5891
      vertex 12.429 -59.1976 96.2609
    endloop
  endfacet
  facet normal 0.454638 0.123074 0.882132
    outer loop
      vertex 10.8011 -58.3103 97.3181
      vertex 8.94712 -57.8565 98.2103
      vertex 9.76669 -59.0563 97.9553
    endloop
  endfacet
  facet normal 0.236617 0.0699056 0.969085
    outer loop
      vertex 5.94332 -58.272 99.2005
      vertex 6.99342 -57.8755 98.9155
      vertex 6.02076 -57.0411 99.0928
    endloop
  endfacet
  facet normal 0.236639 0.0698477 0.969084
    outer loop
      vertex 6.99342 -57.8755 98.9155
      vertex 5.94332 -58.272 99.2005
      vertex 6.32771 -58.6017 99.1304
    endloop
  endfacet
  facet normal 0.289859 0.417981 0.860973
    outer loop
      vertex 5.14827 -52.0759 97.7747
      vertex 4.77284 -53.1392 98.4173
      vertex 6.23602 -53.8449 98.2673
    endloop
  endfacet
  facet normal 0.340915 0.543692 0.766926
    outer loop
      vertex 5.43562 -51.209 97.0324
      vertex 5.14827 -52.0759 97.7747
      vertex 7.10198 -52.0128 96.8615
    endloop
  endfacet
  facet normal 0.248849 0.178459 0.951959
    outer loop
      vertex 5.6388 -55.0186 98.8135
      vertex 4.94509 -56.3381 99.2422
      vertex 6.02076 -57.0411 99.0928
    endloop
  endfacet
  facet normal 0.198154 0.207088 0.958045
    outer loop
      vertex 5.6388 -55.0186 98.8135
      vertex 3.78481 -55.7784 99.3612
      vertex 4.94509 -56.3381 99.2422
    endloop
  endfacet
  facet normal 0.303738 0.270572 0.913528
    outer loop
      vertex 6.23602 -53.8449 98.2673
      vertex 5.6388 -55.0186 98.8135
      vertex 6.86537 -55.8202 98.6431
    endloop
  endfacet
  facet normal 0.3038 0.270587 0.913503
    outer loop
      vertex 7.5925 -54.7315 98.0788
      vertex 6.23602 -53.8449 98.2673
      vertex 6.86537 -55.8202 98.6431
    endloop
  endfacet
  facet normal 0.158699 0.12081 0.979908
    outer loop
      vertex 3.78481 -55.7784 99.3612
      vertex 3.42453 -56.7043 99.5337
      vertex 4.01582 -56.9895 99.4731
    endloop
  endfacet
  facet normal 0.143996 0.229029 0.96271
    outer loop
      vertex 4.31575 -54.3804 98.9492
      vertex 2.91886 -53.9166 99.0478
      vertex 3.78481 -55.7784 99.3612
    endloop
  endfacet
  facet normal 0.175763 0.332377 0.926624
    outer loop
      vertex 3.228 -52.6262 98.5263
      vertex 2.91886 -53.9166 99.0478
      vertex 4.31575 -54.3804 98.9492
    endloop
  endfacet
  facet normal -0.0357728 0.359534 0.932446
    outer loop
      vertex 0 -52.2105 98.6147
      vertex -1.62793 -52.3149 98.5925
      vertex 0 -53.5407 99.1276
    endloop
  endfacet
  facet normal -0.0357287 0.359584 0.932428
    outer loop
      vertex 0 -53.5407 99.1276
      vertex -1.62793 -52.3149 98.5925
      vertex -1.47202 -53.6351 99.1076
    endloop
  endfacet
  facet normal 0.0293107 0.251338 0.967455
    outer loop
      vertex 1.47202 -53.6351 99.1076
      vertex 0 -55.042 99.5177
      vertex 1.29093 -55.1248 99.5001
    endloop
  endfacet
  facet normal -0.0292655 0.251382 0.967445
    outer loop
      vertex 0 -53.5407 99.1276
      vertex -1.47202 -53.6351 99.1076
      vertex 0 -55.042 99.5177
    endloop
  endfacet
  facet normal 0.0699442 0.150204 0.986178
    outer loop
      vertex 2.55977 -55.3716 99.4477
      vertex 1.66949 -56.2104 99.6386
      vertex 2.3161 -56.3362 99.6119
    endloop
  endfacet
  facet normal 0.115374 0.138278 0.98365
    outer loop
      vertex 2.55977 -55.3716 99.4477
      vertex 2.80024 -56.497 99.5777
      vertex 3.78481 -55.7784 99.3612
    endloop
  endfacet
  facet normal 0.115415 0.138287 0.983644
    outer loop
      vertex 2.80024 -56.497 99.5777
      vertex 2.55977 -55.3716 99.4477
      vertex 2.3161 -56.3362 99.6119
    endloop
  endfacet
  facet normal -0.64086 0.286362 0.712247
    outer loop
      vertex -11.2688 -55.5871 96.1018
      vertex -12.301 -57.0982 95.7806
      vertex -10.6731 -56.2226 96.8933
    endloop
  endfacet
  facet normal -0.432149 0.325014 0.841197
    outer loop
      vertex -8.18972 -53.7936 97.4096
      vertex -9.51277 -54.9285 97.1684
      vertex -8.81907 -55.7837 97.8552
    endloop
  endfacet
  facet normal -0.358076 -0.171178 0.917867
    outer loop
      vertex -9.89019 -64.7161 97.4614
      vertex -8.91529 -64.2921 97.9208
      vertex -9.80557 -63.4534 97.7299
    endloop
  endfacet
  facet normal -0.358181 -0.170941 0.91787
    outer loop
      vertex -8.91529 -64.2921 97.9208
      vertex -9.89019 -64.7161 97.4614
      vertex -8.94873 -64.7912 97.8148
    endloop
  endfacet
  facet normal -0.198154 0.207088 0.958045
    outer loop
      vertex -3.78481 -55.7784 99.3612
      vertex -5.6388 -55.0186 98.8135
      vertex -4.94509 -56.3381 99.2422
    endloop
  endfacet
  facet normal -0.248849 0.178459 0.951959
    outer loop
      vertex -5.6388 -55.0186 98.8135
      vertex -6.02076 -57.0411 99.0928
      vertex -4.94509 -56.3381 99.2422
    endloop
  endfacet
  facet normal -0.143996 0.229029 0.96271
    outer loop
      vertex -2.91886 -53.9166 99.0478
      vertex -4.31575 -54.3804 98.9492
      vertex -3.78481 -55.7784 99.3612
    endloop
  endfacet
  facet normal -0.241862 0.305585 0.920935
    outer loop
      vertex -4.77284 -53.1392 98.4173
      vertex -5.6388 -55.0186 98.8135
      vertex -4.31575 -54.3804 98.9492
    endloop
  endfacet
  facet normal -0.454626 0.122994 0.882149
    outer loop
      vertex -9.89474 -56.9834 97.6002
      vertex -10.8011 -58.3103 97.3181
      vertex -8.94712 -57.8565 98.2103
    endloop
  endfacet
  facet normal -0.115415 0.138287 0.983644
    outer loop
      vertex -2.55977 -55.3716 99.4477
      vertex -2.80024 -56.497 99.5777
      vertex -2.3161 -56.3362 99.6119
    endloop
  endfacet
  facet normal -0.115374 0.138278 0.98365
    outer loop
      vertex -2.80024 -56.497 99.5777
      vertex -2.55977 -55.3716 99.4477
      vertex -3.78481 -55.7784 99.3612
    endloop
  endfacet
  facet normal -0.0699442 0.150204 0.986178
    outer loop
      vertex -1.66949 -56.2104 99.6386
      vertex -2.55977 -55.3716 99.4477
      vertex -2.3161 -56.3362 99.6119
    endloop
  endfacet
  facet normal 0.835041 -0.375327 0.402289
    outer loop
      vertex 14.2105 -67.5724 92.5854
      vertex 13.1227 -69.3618 93.1739
      vertex 13.5919 -69.3548 92.2065
    endloop
  endfacet
  facet normal 0.691243 -0.465912 0.552367
    outer loop
      vertex 12.429 -69.2691 94.1202
      vertex 12.301 -70.9917 92.8274
      vertex 13.1227 -69.3618 93.1739
    endloop
  endfacet
  facet normal 0.537344 -0.839429 0.0813601
    outer loop
      vertex 8.95596 -75.2645 90.9504
      vertex 7.35589 -76.3103 90.7281
      vertex 9.11187 -75.261 89.9568
    endloop
  endfacet
  facet normal 0.637698 -0.764107 0.0973723
    outer loop
      vertex 10.4028 -74.0234 91.2142
      vertex 8.95596 -75.2645 90.9504
      vertex 9.11187 -75.261 89.9568
    endloop
  endfacet
  facet normal 0.236618 -0.45805 0.856856
    outer loop
      vertex 5.94332 -71.3103 96.4291
      vertex 6.99342 -71.5567 96.0074
      vertex 6.32771 -70.9806 96.4992
    endloop
  endfacet
  facet normal 0.236643 -0.457987 0.856882
    outer loop
      vertex 6.99342 -71.5567 96.0074
      vertex 5.94332 -71.3103 96.4291
      vertex 6.02076 -72.391 95.8301
    endloop
  endfacet
  facet normal 0.336817 -0.474834 0.813073
    outer loop
      vertex 8.94712 -71.2872 95.3555
      vertex 7.84641 -70.6053 96.2097
      vertex 7.97447 -72.372 95.1249
    endloop
  endfacet
  facet normal 0.358058 -0.217043 0.908123
    outer loop
      vertex 8.91529 -65.2902 97.7087
      vertex 8.87218 -65.9337 97.5719
      vertex 9.80557 -65.9788 97.1931
    endloop
  endfacet
  facet normal 0.321842 -0.0387576 0.946
    outer loop
      vertex 9.13734 -61.014 98.2484
      vertex 7.97596 -60.8631 98.6497
      vertex 8.26755 -61.4415 98.5268
    endloop
  endfacet
  facet normal 0.6207 0.0490719 0.782511
    outer loop
      vertex 12.429 -59.1976 96.2609
      vertex 11.5227 -59.7415 97.0139
      vertex 12.0471 -61.2526 96.6927
    endloop
  endfacet
  facet normal 0.587875 0.126578 0.798987
    outer loop
      vertex 12.429 -59.1976 96.2609
      vertex 10.8011 -58.3103 97.3181
      vertex 11.5227 -59.7415 97.0139
    endloop
  endfacet
  facet normal 0.447008 -0.214512 0.868429
    outer loop
      vertex 11.2776 -64.5718 96.7829
      vertex 9.89019 -64.7161 97.4614
      vertex 11.1811 -66.0117 96.4769
    endloop
  endfacet
  facet normal 0.545602 -0.139127 0.826415
    outer loop
      vertex 12.3653 -62.8177 96.3601
      vertex 11.1811 -63.132 97.089
      vertex 11.2776 -64.5718 96.7829
    endloop
  endfacet
  facet normal 0.642845 -0.0319441 0.76533
    outer loop
      vertex 12.9947 -60.8275 95.9145
      vertex 12.0471 -61.2526 96.6927
      vertex 12.3653 -62.8177 96.3601
    endloop
  endfacet
  facet normal 0.536266 -0.0697281 0.841164
    outer loop
      vertex 12.0471 -61.2526 96.6927
      vertex 10.8933 -61.7168 97.3898
      vertex 12.3653 -62.8177 96.3601
    endloop
  endfacet
  facet normal 0.269789 -0.425552 0.863782
    outer loop
      vertex 6.66481 -70.6046 96.5791
      vertex 6.99342 -71.5567 96.0074
      vertex 7.84641 -70.6053 96.2097
    endloop
  endfacet
  facet normal 0.269884 -0.425514 0.863771
    outer loop
      vertex 6.99342 -71.5567 96.0074
      vertex 6.66481 -70.6046 96.5791
      vertex 6.32771 -70.9806 96.4992
    endloop
  endfacet
  facet normal 0.51769 -0.345965 0.782499
    outer loop
      vertex 10.8933 -67.4269 96.176
      vertex 10.4191 -68.7933 95.8856
      vertex 12.0471 -67.5675 95.3505
    endloop
  endfacet
  facet normal 0.424208 -0.326715 0.844574
    outer loop
      vertex 10.8933 -67.4269 96.176
      vertex 9.13734 -68.4182 96.6745
      vertex 10.4191 -68.7933 95.8856
    endloop
  endfacet
  facet normal 0.351949 -0.262442 0.898474
    outer loop
      vertex 8.77243 -66.4242 97.4677
      vertex 9.80557 -65.9788 97.1931
      vertex 8.87218 -65.9337 97.5719
    endloop
  endfacet
  facet normal 0.352003 -0.262612 0.898403
    outer loop
      vertex 9.80557 -65.9788 97.1931
      vertex 8.77243 -66.4242 97.4677
      vertex 9.55319 -67.2199 96.9292
    endloop
  endfacet
  facet normal 0.587895 -0.440608 0.678413
    outer loop
      vertex 11.5227 -69.0786 95.0293
      vertex 10.8011 -70.5098 94.7251
      vertex 12.429 -69.2691 94.1202
    endloop
  endfacet
  facet normal 0.62071 -0.363112 0.694888
    outer loop
      vertex 12.0471 -67.5675 95.3505
      vertex 11.5227 -69.0786 95.0293
      vertex 12.429 -69.2691 94.1202
    endloop
  endfacet
  facet normal 0.727173 -0.676592 0.115946
    outer loop
      vertex 11.6716 -72.6082 91.515
      vertex 10.4028 -74.0234 91.2142
      vertex 11.8748 -72.5584 90.5312
    endloop
  endfacet
  facet normal 0.733218 -0.577287 0.359348
    outer loop
      vertex 12.7408 -71.0431 91.8477
      vertex 11.2688 -72.5028 92.5062
      vertex 11.6716 -72.6082 91.515
    endloop
  endfacet
  facet normal 0.79088 -0.479541 0.380196
    outer loop
      vertex 13.1227 -69.3618 93.1739
      vertex 12.301 -70.9917 92.8274
      vertex 12.7408 -71.0431 91.8477
    endloop
  endfacet
  facet normal 0.867434 -0.471241 0.15966
    outer loop
      vertex 13.5919 -69.3548 92.2065
      vertex 12.9626 -70.9661 90.8697
      vertex 13.8285 -69.2485 91.2348
    endloop
  endfacet
  facet normal 0.835028 -0.375303 0.402338
    outer loop
      vertex 13.72 -67.6408 93.5396
      vertex 13.1227 -69.3618 93.1739
      vertex 14.2105 -67.5724 92.5854
    endloop
  endfacet
  facet normal 0.864889 -0.266303 0.425501
    outer loop
      vertex 14.0824 -65.8584 93.9185
      vertex 13.72 -67.6408 93.5396
      vertex 14.2105 -67.5724 92.5854
    endloop
  endfacet
  facet normal 0.980792 -0.190794 -0.0405606
    outer loop
      vertex 14.8398 -65.5567 92.0195
      vertex 14.4579 -67.333 91.1404
      vertex 14.8398 -65.4547 91.5397
    endloop
  endfacet
  facet normal 0.980792 -0.190794 -0.0405606
    outer loop
      vertex 14.4579 -67.333 91.1404
      vertex 14.8398 -65.5567 92.0195
      vertex 14.4579 -67.435 91.6202
    endloop
  endfacet
  facet normal 0.879951 -0.154485 0.449245
    outer loop
      vertex 14.7118 -63.8479 93.3771
      vertex 14.204 -64.0449 94.304
      vertex 14.5859 -65.7262 92.9778
    endloop
  endfacet
  facet normal 0.879938 -0.154503 0.449265
    outer loop
      vertex 14.204 -64.0449 94.304
      vertex 14.0824 -65.8584 93.9185
      vertex 14.5859 -65.7262 92.9778
    endloop
  endfacet
  facet normal 0.654064 -0.115047 0.747639
    outer loop
      vertex 13.338 -62.5158 95.5556
      vertex 12.3653 -62.8177 96.3601
      vertex 13.4531 -64.2334 95.1906
    endloop
  endfacet
  facet normal 0.654009 -0.11512 0.747676
    outer loop
      vertex 13.4531 -64.2334 95.1906
      vertex 12.3653 -62.8177 96.3601
      vertex 12.472 -64.41 96.0216
    endloop
  endfacet
  facet normal -0.489924 -0.815228 0.308832
    outer loop
      vertex -8.64682 -75.0674 91.9611
      vertex -8.95596 -75.2645 90.9504
      vertex -7.35589 -76.3103 90.7281
    endloop
  endfacet
  facet normal -0.659339 -0.735412 -0.15634
    outer loop
      vertex -10.5839 -73.8963 89.7454
      vertex -9.11187 -75.261 89.9568
      vertex -10.5839 -73.9983 90.2252
    endloop
  endfacet
  facet normal -0.659339 -0.735412 -0.15634
    outer loop
      vertex -9.11187 -75.261 89.9568
      vertex -10.5839 -73.8963 89.7454
      vertex -9.11187 -75.159 89.477
    endloop
  endfacet
  facet normal -0.948591 -0.237375 0.209352
    outer loop
      vertex -14.2105 -67.5724 92.5854
      vertex -14.8398 -65.5567 92.0195
      vertex -14.4579 -67.435 91.6202
    endloop
  endfacet
  facet normal -0.915838 -0.356944 0.183935
    outer loop
      vertex -14.2105 -67.5724 92.5854
      vertex -14.4579 -67.435 91.6202
      vertex -13.8285 -69.2485 91.2348
    endloop
  endfacet
  facet normal -0.691243 -0.465912 0.552367
    outer loop
      vertex -12.429 -69.2691 94.1202
      vertex -13.1227 -69.3618 93.1739
      vertex -12.301 -70.9917 92.8274
    endloop
  endfacet
  facet normal -0.729825 -0.374813 0.571726
    outer loop
      vertex -12.9947 -67.6392 94.4666
      vertex -13.1227 -69.3618 93.1739
      vertex -12.429 -69.2691 94.1202
    endloop
  endfacet
  facet normal -0.751833 -0.644968 -0.136979
    outer loop
      vertex -10.5839 -73.8963 89.7454
      vertex -11.8748 -72.5584 90.5312
      vertex -11.8748 -72.4565 90.0514
    endloop
  endfacet
  facet normal -0.751855 -0.644917 -0.137102
    outer loop
      vertex -11.8748 -72.5584 90.5312
      vertex -10.5839 -73.8963 89.7454
      vertex -10.5839 -73.9983 90.2252
    endloop
  endfacet
  facet normal -0.896883 -0.4326 -0.0919659
    outer loop
      vertex -12.9626 -70.8641 90.3899
      vertex -13.8285 -69.2485 91.2348
      vertex -13.8285 -69.1465 90.755
    endloop
  endfacet
  facet normal -0.896883 -0.4326 -0.0919659
    outer loop
      vertex -13.8285 -69.2485 91.2348
      vertex -12.9626 -70.8641 90.3899
      vertex -12.9626 -70.9661 90.8697
    endloop
  endfacet
  facet normal -0.804163 -0.578449 0.136816
    outer loop
      vertex -11.6716 -72.6082 91.515
      vertex -12.7408 -71.0431 91.8477
      vertex -11.8748 -72.5584 90.5312
    endloop
  endfacet
  facet normal -0.545043 -0.513214 0.662977
    outer loop
      vertex -10.8011 -70.5098 94.7251
      vertex -11.6507 -70.8129 93.792
      vertex -10.6731 -72.2441 93.4878
    endloop
  endfacet
  facet normal -0.336795 0.103013 0.935926
    outer loop
      vertex -7.97447 -56.7716 98.4409
      vertex -8.94712 -57.8565 98.2103
      vertex -7.84641 -58.8269 98.7132
    endloop
  endfacet
  facet normal -0.492786 0.265705 0.828591
    outer loop
      vertex -9.51277 -54.9285 97.1684
      vertex -10.6731 -56.2226 96.8933
      vertex -8.81907 -55.7837 97.8552
    endloop
  endfacet
  facet normal -0.864904 0.0702259 0.497
    outer loop
      vertex -13.72 -60.449 95.0683
      vertex -14.2105 -60.1234 94.1687
      vertex -14.0824 -62.2315 94.6895
    endloop
  endfacet
  facet normal -0.835022 0.179217 0.520211
    outer loop
      vertex -13.5919 -58.341 94.5476
      vertex -14.2105 -60.1234 94.1687
      vertex -13.1227 -58.7281 95.4341
    endloop
  endfacet
  facet normal -0.654005 -0.198967 0.729855
    outer loop
      vertex -12.3653 -66.0024 95.6831
      vertex -13.4531 -64.2334 95.1906
      vertex -13.338 -65.951 94.8255
    endloop
  endfacet
  facet normal -0.642814 -0.282122 0.712178
    outer loop
      vertex -12.3653 -66.0024 95.6831
      vertex -13.338 -65.951 94.8255
      vertex -12.9947 -67.6392 94.4666
    endloop
  endfacet
  facet normal -0.864889 -0.266303 0.425501
    outer loop
      vertex -14.0824 -65.8584 93.9185
      vertex -14.2105 -67.5724 92.5854
      vertex -13.72 -67.6408 93.5396
    endloop
  endfacet
  facet normal -0.755948 -0.279536 0.591948
    outer loop
      vertex -12.9947 -67.6392 94.4666
      vertex -14.0824 -65.8584 93.9185
      vertex -13.72 -67.6408 93.5396
    endloop
  endfacet
  facet normal -0.298404 -0.38913 0.871512
    outer loop
      vertex -8.56515 -69.5531 96.4333
      vertex -7.46579 -69.5836 96.7961
      vertex -7.74983 -69.1678 96.8845
    endloop
  endfacet
  facet normal -0.298412 -0.38905 0.871545
    outer loop
      vertex -7.46579 -69.5836 96.7961
      vertex -8.56515 -69.5531 96.4333
      vertex -7.84641 -70.6053 96.2097
    endloop
  endfacet
  facet normal -0.199345 -0.485954 0.850947
    outer loop
      vertex -5.44764 -71.7355 96.3387
      vertex -6.02076 -72.391 95.8301
      vertex -4.89947 -72.0938 96.2625
    endloop
  endfacet
  facet normal -0.339905 -0.306897 0.888976
    outer loop
      vertex -8.47947 -67.5302 97.2326
      vertex -9.13734 -68.4182 96.6745
      vertex -8.26755 -68.1409 97.1028
    endloop
  endfacet
  facet normal -0.351949 -0.262442 0.898474
    outer loop
      vertex -9.80557 -65.9788 97.1931
      vertex -8.77243 -66.4242 97.4677
      vertex -8.87218 -65.9337 97.5719
    endloop
  endfacet
  facet normal -0.352003 -0.262612 0.898403
    outer loop
      vertex -8.77243 -66.4242 97.4677
      vertex -9.80557 -65.9788 97.1931
      vertex -9.55319 -67.2199 96.9292
    endloop
  endfacet
  facet normal -0.447008 -0.214512 0.868429
    outer loop
      vertex -9.89019 -64.7161 97.4614
      vertex -11.2776 -64.5718 96.7829
      vertex -11.1811 -66.0117 96.4769
    endloop
  endfacet
  facet normal -0.654009 -0.11512 0.747676
    outer loop
      vertex -12.3653 -62.8177 96.3601
      vertex -13.4531 -64.2334 95.1906
      vertex -12.472 -64.41 96.0216
    endloop
  endfacet
  facet normal -0.517736 -0.00218242 0.855538
    outer loop
      vertex -11.5227 -59.7415 97.0139
      vertex -12.0471 -61.2526 96.6927
      vertex -10.4191 -60.3504 97.6802
    endloop
  endfacet
  facet normal -0.517752 -0.00214216 0.855528
    outer loop
      vertex -10.4191 -60.3504 97.6802
      vertex -12.0471 -61.2526 96.6927
      vertex -10.8933 -61.7168 97.3898
    endloop
  endfacet
  facet normal -0.642882 -0.0319634 0.765298
    outer loop
      vertex -12.9947 -60.8275 95.9145
      vertex -13.338 -62.5158 95.5556
      vertex -12.3653 -62.8177 96.3601
    endloop
  endfacet
  facet normal -0.642845 -0.0319441 0.76533
    outer loop
      vertex -12.0471 -61.2526 96.6927
      vertex -12.9947 -60.8275 95.9145
      vertex -12.3653 -62.8177 96.3601
    endloop
  endfacet
  facet normal -0.640847 -0.551288 0.534225
    outer loop
      vertex -11.6507 -70.8129 93.792
      vertex -12.301 -70.9917 92.8274
      vertex -10.6731 -72.2441 93.4878
    endloop
  endfacet
  facet normal -0.640851 -0.551302 0.534206
    outer loop
      vertex -10.6731 -72.2441 93.4878
      vertex -12.301 -70.9917 92.8274
      vertex -11.2688 -72.5028 92.5062
    endloop
  endfacet
  facet normal -0.581434 -0.746559 0.323395
    outer loop
      vertex -10.0437 -73.8692 92.2158
      vertex -10.4028 -74.0234 91.2142
      vertex -8.95596 -75.2645 90.9504
    endloop
  endfacet
  facet normal -0.663009 -0.666765 0.340357
    outer loop
      vertex -10.0437 -73.8692 92.2158
      vertex -11.6716 -72.6082 91.515
      vertex -10.4028 -74.0234 91.2142
    endloop
  endfacet
  facet normal -0.364145 -0.690111 0.625417
    outer loop
      vertex -6.23602 -74.9751 93.7759
      vertex -8.18972 -74.6732 92.9715
      vertex -6.72655 -75.6295 92.7682
    endloop
  endfacet
  facet normal -0.428192 -0.759315 0.489993
    outer loop
      vertex -6.72655 -75.6295 92.7682
      vertex -8.18972 -74.6732 92.9715
      vertex -7.10198 -76.0771 91.7465
    endloop
  endfacet
  facet normal -0.581409 -0.746566 0.323424
    outer loop
      vertex -8.64682 -75.0674 91.9611
      vertex -10.0437 -73.8692 92.2158
      vertex -8.95596 -75.2645 90.9504
    endloop
  endfacet
  facet normal -0.489929 -0.815228 0.308826
    outer loop
      vertex -7.10198 -76.0771 91.7465
      vertex -8.64682 -75.0674 91.9611
      vertex -7.35589 -76.3103 90.7281
    endloop
  endfacet
  facet normal -0.303782 -0.618759 0.724468
    outer loop
      vertex -5.6388 -74.1251 94.7523
      vertex -6.86537 -73.3234 94.9227
      vertex -6.23602 -74.9751 93.7759
    endloop
  endfacet
  facet normal -0.248901 -0.550222 0.797059
    outer loop
      vertex -6.02076 -72.391 95.8301
      vertex -6.86537 -73.3234 94.9227
      vertex -5.6388 -74.1251 94.7523
    endloop
  endfacet
  facet normal -0.411097 -0.526699 0.744035
    outer loop
      vertex -8.94712 -71.2872 95.3555
      vertex -9.89474 -71.8366 94.443
      vertex -8.81907 -73.0364 94.188
    endloop
  endfacet
  facet normal -0.411038 -0.526711 0.744059
    outer loop
      vertex -7.97447 -72.372 95.1249
      vertex -8.94712 -71.2872 95.3555
      vertex -8.81907 -73.0364 94.188
    endloop
  endfacet
  facet normal -0.336788 -0.474841 0.813081
    outer loop
      vertex -7.84641 -70.6053 96.2097
      vertex -7.97447 -72.372 95.1249
      vertex -6.99342 -71.5567 96.0074
    endloop
  endfacet
  facet normal -0.295389 -0.515337 0.804471
    outer loop
      vertex -6.99342 -71.5567 96.0074
      vertex -7.97447 -72.372 95.1249
      vertex -6.02076 -72.391 95.8301
    endloop
  endfacet
  facet normal -0.115361 -0.526481 0.842324
    outer loop
      vertex -2.80024 -73.0853 96.0518
      vertex -2.55977 -74.0605 95.4752
      vertex -2.3161 -73.2461 96.0176
    endloop
  endfacet
  facet normal -0.115352 -0.52648 0.842326
    outer loop
      vertex -2.55977 -74.0605 95.4752
      vertex -2.80024 -73.0853 96.0518
      vertex -3.78481 -73.6537 95.5617
    endloop
  endfacet
  facet normal -0.143985 -0.600798 0.786327
    outer loop
      vertex -2.55977 -74.0605 95.4752
      vertex -3.78481 -73.6537 95.5617
      vertex -2.91886 -75.2271 94.5181
    endloop
  endfacet
  facet normal -0.158696 -0.508908 0.846066
    outer loop
      vertex -3.42453 -72.8781 96.0958
      vertex -4.01582 -72.5928 96.1565
      vertex -3.78481 -73.6537 95.5617
    endloop
  endfacet
  facet normal -0.115365 -0.526465 0.842333
    outer loop
      vertex -3.42453 -72.8781 96.0958
      vertex -3.78481 -73.6537 95.5617
      vertex -2.80024 -73.0853 96.0518
    endloop
  endfacet
  facet normal -0.158664 -0.508913 0.846069
    outer loop
      vertex -4.94509 -73.0941 95.6807
      vertex -4.01582 -72.5928 96.1565
      vertex -4.47437 -72.3717 96.2035
    endloop
  endfacet
  facet normal -0.15867 -0.508906 0.846073
    outer loop
      vertex -4.01582 -72.5928 96.1565
      vertex -4.94509 -73.0941 95.6807
      vertex -3.78481 -73.6537 95.5617
    endloop
  endfacet
  facet normal -0.199505 -0.485847 0.85097
    outer loop
      vertex -4.89947 -72.0938 96.2625
      vertex -4.94509 -73.0941 95.6807
      vertex -4.47437 -72.3717 96.2035
    endloop
  endfacet
  facet normal -0.199385 -0.485864 0.850989
    outer loop
      vertex -4.94509 -73.0941 95.6807
      vertex -4.89947 -72.0938 96.2625
      vertex -6.02076 -72.391 95.8301
    endloop
  endfacet
  facet normal -0.241795 -0.653732 0.717056
    outer loop
      vertex -4.31575 -74.7633 94.6166
      vertex -5.6388 -74.1251 94.7523
      vertex -4.77284 -75.6809 93.6259
    endloop
  endfacet
  facet normal -0.24184 -0.653741 0.717033
    outer loop
      vertex -5.6388 -74.1251 94.7523
      vertex -6.23602 -74.9751 93.7759
      vertex -4.77284 -75.6809 93.6259
    endloop
  endfacet
  facet normal 0.965102 -0.114731 0.235405
    outer loop
      vertex 14.9679 -63.6457 92.4257
      vertex 14.7118 -63.8479 93.3771
      vertex 14.8398 -65.5567 92.0195
    endloop
  endfacet
  facet normal 0.997857 -0.0639974 -0.0136051
    outer loop
      vertex 14.9679 -63.6457 92.4257
      vertex 14.8398 -65.4547 91.5397
      vertex 14.9679 -63.5437 91.9459
    endloop
  endfacet
  facet normal 0.997857 -0.0639974 -0.0136051
    outer loop
      vertex 14.8398 -65.4547 91.5397
      vertex 14.9679 -63.6457 92.4257
      vertex 14.8398 -65.5567 92.0195
    endloop
  endfacet
  facet normal 0.804142 0.472777 0.36033
    outer loop
      vertex 11.8748 -54.7329 94.3201
      vertex 11.6716 -55.0877 95.2391
      vertex 12.7408 -56.6528 94.9065
    endloop
  endfacet
  facet normal 0.53734 0.733737 0.415807
    outer loop
      vertex 7.48394 -50.9664 95.1208
      vertex 7.35589 -51.3856 96.026
      vertex 9.11187 -52.0304 94.8946
    endloop
  endfacet
  facet normal 0.42817 0.494367 0.756486
    outer loop
      vertex 8.64682 -53.0224 96.6469
      vertex 7.10198 -52.0128 96.8615
      vertex 8.18972 -53.7936 97.4096
    endloop
  endfacet
  facet normal 0.489901 0.619177 0.613691
    outer loop
      vertex 7.35589 -51.3856 96.026
      vertex 7.10198 -52.0128 96.8615
      vertex 8.64682 -53.0224 96.6469
    endloop
  endfacet
  facet normal 0.581428 0.550471 0.599102
    outer loop
      vertex 10.4028 -53.6724 95.5399
      vertex 8.95596 -52.4313 95.8037
      vertex 10.0437 -54.2207 96.3922
    endloop
  endfacet
  facet normal 0.289918 0.418008 0.860939
    outer loop
      vertex 6.72655 -52.8373 97.6129
      vertex 5.14827 -52.0759 97.7747
      vertex 6.23602 -53.8449 98.2673
    endloop
  endfacet
  facet normal 0.831462 0.543437 0.115529
    outer loop
      vertex 11.8748 -54.7329 94.3201
      vertex 12.9626 -56.2233 93.5019
      vertex 11.8748 -54.6309 93.8403
    endloop
  endfacet
  facet normal 0.831462 0.543437 0.115529
    outer loop
      vertex 12.9626 -56.2233 93.5019
      vertex 11.8748 -54.7329 94.3201
      vertex 12.9626 -56.3253 93.9817
    endloop
  endfacet
  facet normal 0.790896 0.283425 0.54236
    outer loop
      vertex 13.5919 -58.341 94.5476
      vertex 12.7408 -56.6528 94.9065
      vertex 13.1227 -58.7281 95.4341
    endloop
  endfacet
  facet normal 0.864904 0.0702259 0.497
    outer loop
      vertex 14.2105 -60.1234 94.1687
      vertex 13.72 -60.449 95.0683
      vertex 14.0824 -62.2315 94.6895
    endloop
  endfacet
  facet normal 0.915842 0.251272 0.313203
    outer loop
      vertex 13.8285 -58.0429 93.6166
      vertex 13.5919 -58.341 94.5476
      vertex 14.2105 -60.1234 94.1687
    endloop
  endfacet
  facet normal 0.915838 0.251274 0.313213
    outer loop
      vertex 14.4579 -59.8564 93.2311
      vertex 13.8285 -58.0429 93.6166
      vertex 14.2105 -60.1234 94.1687
    endloop
  endfacet
  facet normal 0.555581 0.813295 0.172861
    outer loop
      vertex 9.11187 -52.0304 94.8946
      vertex 7.48394 -50.8644 94.6409
      vertex 7.48394 -50.9664 95.1208
    endloop
  endfacet
  facet normal 0.555574 0.813292 0.172897
    outer loop
      vertex 7.48394 -50.8644 94.6409
      vertex 9.11187 -52.0304 94.8946
      vertex 9.11187 -51.9284 94.4148
    endloop
  endfacet
  facet normal 0.555581 -0.813288 -0.172896
    outer loop
      vertex 7.48394 -76.325 89.7306
      vertex 9.11187 -75.159 89.477
      vertex 9.11187 -75.261 89.9568
    endloop
  endfacet
  facet normal 0.555581 -0.813288 -0.172896
    outer loop
      vertex 9.11187 -75.159 89.477
      vertex 7.48394 -76.325 89.7306
      vertex 7.48394 -76.223 89.2508
    endloop
  endfacet
  facet normal 0.432181 -0.639055 0.636261
    outer loop
      vertex 8.81907 -73.0364 94.188
      vertex 8.18972 -74.6732 92.9715
      vertex 9.51277 -73.5383 93.2127
    endloop
  endfacet
  facet normal 0.432165 -0.639056 0.636271
    outer loop
      vertex 8.81907 -73.0364 94.188
      vertex 7.5925 -74.0885 93.9644
      vertex 8.18972 -74.6732 92.9715
    endloop
  endfacet
  facet normal 0.428192 -0.759315 0.489993
    outer loop
      vertex 8.18972 -74.6732 92.9715
      vertex 6.72655 -75.6295 92.7682
      vertex 7.10198 -76.0771 91.7465
    endloop
  endfacet
  facet normal 0.289904 -0.732037 0.616504
    outer loop
      vertex 6.23602 -74.9751 93.7759
      vertex 5.14827 -76.3908 92.6064
      vertex 6.72655 -75.6295 92.7682
    endloop
  endfacet
  facet normal 0.150359 -0.871891 0.466045
    outer loop
      vertex 3.48192 -76.9441 92.4888
      vertex 1.85399 -77.8196 91.3761
      vertex 3.67625 -77.4651 91.4514
    endloop
  endfacet
  facet normal 0.150356 -0.87189 0.466048
    outer loop
      vertex 3.48192 -76.9441 92.4888
      vertex 1.75598 -77.2799 92.4174
      vertex 1.85399 -77.8196 91.3761
    endloop
  endfacet
  facet normal 0.210694 -0.764124 0.60969
    outer loop
      vertex 5.14827 -76.3908 92.6064
      vertex 3.228 -76.1938 93.5169
      vertex 3.48192 -76.9441 92.4888
    endloop
  endfacet
  facet normal 0.247755 -0.846363 0.471474
    outer loop
      vertex 5.14827 -76.3908 92.6064
      vertex 3.48192 -76.9441 92.4888
      vertex 5.43562 -76.8809 91.5756
    endloop
  endfacet
  facet normal -0.0428769 -0.796763 0.602769
    outer loop
      vertex 0 -76.6095 93.4285
      vertex -1.62793 -76.5051 93.4507
      vertex 0 -77.3925 92.3935
    endloop
  endfacet
  facet normal 0.0428769 -0.796763 0.602769
    outer loop
      vertex 1.62793 -76.5051 93.4507
      vertex 0 -76.6095 93.4285
      vertex 0 -77.3925 92.3935
    endloop
  endfacet
  facet normal -0.150359 -0.871891 0.466045
    outer loop
      vertex -3.48192 -76.9441 92.4888
      vertex -3.67625 -77.4651 91.4514
      vertex -1.85399 -77.8196 91.3761
    endloop
  endfacet
  facet normal -0.390014 -0.871653 0.296834
    outer loop
      vertex -5.43562 -76.8809 91.5756
      vertex -7.35589 -76.3103 90.7281
      vertex -5.62995 -77.1428 90.5512
    endloop
  endfacet
  facet normal -0.835035 0.179258 0.520177
    outer loop
      vertex -13.1227 -58.7281 95.4341
      vertex -14.2105 -60.1234 94.1687
      vertex -13.72 -60.449 95.0683
    endloop
  endfacet
  facet normal -0.790896 0.283425 0.54236
    outer loop
      vertex -12.7408 -56.6528 94.9065
      vertex -13.5919 -58.341 94.5476
      vertex -13.1227 -58.7281 95.4341
    endloop
  endfacet
  facet normal -0.946923 0.314433 0.0668449
    outer loop
      vertex -14.4579 -59.7544 92.7513
      vertex -13.8285 -58.0429 93.6166
      vertex -13.8285 -57.9409 93.1368
    endloop
  endfacet
  facet normal -0.946923 0.314433 0.0668449
    outer loop
      vertex -13.8285 -58.0429 93.6166
      vertex -14.4579 -59.7544 92.7513
      vertex -14.4579 -59.8564 93.2311
    endloop
  endfacet
  facet normal -0.915838 0.251274 0.313213
    outer loop
      vertex -13.8285 -58.0429 93.6166
      vertex -14.4579 -59.8564 93.2311
      vertex -14.2105 -60.1234 94.1687
    endloop
  endfacet
  facet normal -0.555581 0.813295 0.172861
    outer loop
      vertex -7.48394 -50.8644 94.6409
      vertex -9.11187 -52.0304 94.8946
      vertex -7.48394 -50.9664 95.1208
    endloop
  endfacet
  facet normal -0.555574 0.813292 0.172897
    outer loop
      vertex -9.11187 -52.0304 94.8946
      vertex -7.48394 -50.8644 94.6409
      vertex -9.11187 -51.9284 94.4148
    endloop
  endfacet
  facet normal 0.0503674 0.619796 0.783145
    outer loop
      vertex 1.75598 -51.1868 97.9637
      vertex 0 -50.1514 97.2572
      vertex 0 -51.0743 97.9876
    endloop
  endfacet
  facet normal -0.0503674 0.619796 0.783145
    outer loop
      vertex 0 -50.1514 97.2572
      vertex -1.75598 -51.1868 97.9637
      vertex 0 -51.0743 97.9876
    endloop
  endfacet
  facet normal 0.150398 0.606947 0.780382
    outer loop
      vertex 3.67625 -50.6248 97.1565
      vertex 1.85399 -50.2702 97.2319
      vertex 3.48192 -51.5227 97.8923
    endloop
  endfacet
  facet normal 0.17207 0.74794 0.641075
    outer loop
      vertex 3.80769 -49.948 96.3316
      vertex 1.85399 -50.2702 97.2319
      vertex 3.67625 -50.6248 97.1565
    endloop
  endfacet
  facet normal -0.188728 0.875014 0.445794
    outer loop
      vertex -1.9537 -49.1301 95.5111
      vertex -3.80769 -49.948 96.3316
      vertex -1.92027 -49.5807 96.4097
    endloop
  endfacet
  facet normal -0.0576611 0.762663 0.64422
    outer loop
      vertex 0 -50.1514 97.2572
      vertex -1.92027 -49.5807 96.4097
      vertex -1.85399 -50.2702 97.2319
    endloop
  endfacet
  facet normal -0.42817 0.494367 0.756486
    outer loop
      vertex -7.10198 -52.0128 96.8615
      vertex -8.64682 -53.0224 96.6469
      vertex -8.18972 -53.7936 97.4096
    endloop
  endfacet
  facet normal -0.581428 0.550471 0.599102
    outer loop
      vertex -8.95596 -52.4313 95.8037
      vertex -10.4028 -53.6724 95.5399
      vertex -10.0437 -54.2207 96.3922
    endloop
  endfacet
  facet normal -0.340914 0.543696 0.766924
    outer loop
      vertex -5.14827 -52.0759 97.7747
      vertex -7.10198 -52.0128 96.8615
      vertex -6.72655 -52.8373 97.6129
    endloop
  endfacet
  facet normal -0.340915 0.543692 0.766926
    outer loop
      vertex -5.43562 -51.209 97.0324
      vertex -7.10198 -52.0128 96.8615
      vertex -5.14827 -52.0759 97.7747
    endloop
  endfacet
  facet normal 0.0653738 0.976049 0.207497
    outer loop
      vertex 1.9537 -49.1301 95.5111
      vertex 0 -48.9029 95.0579
      vertex 0 -49.0049 95.5377
    endloop
  endfacet
  facet normal 0.0654341 0.976095 0.20726
    outer loop
      vertex 0 -48.9029 95.0579
      vertex 1.9537 -49.1301 95.5111
      vertex 1.9537 -49.0282 95.0312
    endloop
  endfacet
  facet normal 0.790898 0.283425 0.542357
    outer loop
      vertex 12.7408 -56.6528 94.9065
      vertex 12.301 -57.0982 95.7806
      vertex 13.1227 -58.7281 95.4341
    endloop
  endfacet
  facet normal 0.691271 0.200941 0.694094
    outer loop
      vertex 13.1227 -58.7281 95.4341
      vertex 12.301 -57.0982 95.7806
      vertex 12.429 -59.1976 96.2609
    endloop
  endfacet
  facet normal 0.64086 0.286362 0.712247
    outer loop
      vertex 11.2688 -55.5871 96.1018
      vertex 10.6731 -56.2226 96.8933
      vertex 12.301 -57.0982 95.7806
    endloop
  endfacet
  facet normal 0.733219 0.381147 0.563131
    outer loop
      vertex 12.7408 -56.6528 94.9065
      vertex 11.2688 -55.5871 96.1018
      vertex 12.301 -57.0982 95.7806
    endloop
  endfacet
  facet normal 0.411085 0.17854 0.893942
    outer loop
      vertex 8.81907 -55.7837 97.8552
      vertex 7.97447 -56.7716 98.4409
      vertex 8.94712 -57.8565 98.2103
    endloop
  endfacet
  facet normal 0.360496 0.228026 0.904459
    outer loop
      vertex 8.81907 -55.7837 97.8552
      vertex 6.86537 -55.8202 98.6431
      vertex 7.97447 -56.7716 98.4409
    endloop
  endfacet
  facet normal 0.490378 0.0624304 0.869271
    outer loop
      vertex 11.5227 -59.7415 97.0139
      vertex 9.76669 -59.0563 97.9553
      vertex 10.4191 -60.3504 97.6802
    endloop
  endfacet
  facet normal 0.490395 0.062494 0.869257
    outer loop
      vertex 10.8011 -58.3103 97.3181
      vertex 9.76669 -59.0563 97.9553
      vertex 11.5227 -59.7415 97.0139
    endloop
  endfacet
  facet normal 0.269822 0.0373188 0.962187
    outer loop
      vertex 6.99342 -57.8755 98.9155
      vertex 6.66481 -58.9777 99.0504
      vertex 7.84641 -58.8269 98.7132
    endloop
  endfacet
  facet normal 0.269925 0.0372847 0.962159
    outer loop
      vertex 6.66481 -58.9777 99.0504
      vertex 6.99342 -57.8755 98.9155
      vertex 6.32771 -58.6017 99.1304
    endloop
  endfacet
  facet normal 0.236519 0.0699138 0.969108
    outer loop
      vertex 6.02076 -57.0411 99.0928
      vertex 5.44764 -57.8468 99.2908
      vertex 5.94332 -58.272 99.2005
    endloop
  endfacet
  facet normal 0.432158 0.325016 0.841192
    outer loop
      vertex 8.18972 -53.7936 97.4096
      vertex 7.5925 -54.7315 98.0788
      vertex 8.81907 -55.7837 97.8552
    endloop
  endfacet
  facet normal 0.432149 0.325014 0.841197
    outer loop
      vertex 9.51277 -54.9285 97.1684
      vertex 8.18972 -53.7936 97.4096
      vertex 8.81907 -55.7837 97.8552
    endloop
  endfacet
  facet normal -0.0293107 0.251338 0.967455
    outer loop
      vertex 0 -55.042 99.5177
      vertex -1.47202 -53.6351 99.1076
      vertex -1.29093 -55.1248 99.5001
    endloop
  endfacet
  facet normal 0.0234874 0.156302 0.98743
    outer loop
      vertex 0 -55.042 99.5177
      vertex 0.510174 -56.0707 99.6684
      vertex 1.29093 -55.1248 99.5001
    endloop
  endfacet
  facet normal 0.0233696 0.156246 0.987442
    outer loop
      vertex 0.510174 -56.0707 99.6684
      vertex 0 -55.042 99.5177
      vertex 0 -56.038 99.6753
    endloop
  endfacet
  facet normal 0.087367 0.243862 0.965867
    outer loop
      vertex 1.47202 -53.6351 99.1076
      vertex 1.29093 -55.1248 99.5001
      vertex 2.91886 -53.9166 99.0478
    endloop
  endfacet
  facet normal 0.106643 0.350453 0.930489
    outer loop
      vertex 1.62793 -52.3149 98.5925
      vertex 1.47202 -53.6351 99.1076
      vertex 2.91886 -53.9166 99.0478
    endloop
  endfacet
  facet normal -0.0233696 0.156246 0.987442
    outer loop
      vertex 0 -55.042 99.5177
      vertex -0.510174 -56.0707 99.6684
      vertex 0 -56.038 99.6753
    endloop
  endfacet
  facet normal -0.0234874 0.156302 0.98743
    outer loop
      vertex -0.510174 -56.0707 99.6684
      vertex 0 -55.042 99.5177
      vertex -1.29093 -55.1248 99.5001
    endloop
  endfacet
  facet normal -0.0235327 0.156266 0.987435
    outer loop
      vertex -0.510174 -56.0707 99.6684
      vertex -1.29093 -55.1248 99.5001
      vertex -1.16804 -56.1129 99.6594
    endloop
  endfacet
  facet normal 0.336788 -0.474841 0.813081
    outer loop
      vertex 7.84641 -70.6053 96.2097
      vertex 6.99342 -71.5567 96.0074
      vertex 7.97447 -72.372 95.1249
    endloop
  endfacet
  facet normal -0.663018 0.470664 0.582136
    outer loop
      vertex -10.4028 -53.6724 95.5399
      vertex -11.6716 -55.0877 95.2391
      vertex -10.0437 -54.2207 96.3922
    endloop
  endfacet
  facet normal -0.727174 0.570887 0.381189
    outer loop
      vertex -10.4028 -53.6724 95.5399
      vertex -11.8748 -54.7329 94.3201
      vertex -11.6716 -55.0877 95.2391
    endloop
  endfacet
  facet normal -0.729843 0.109897 0.674724
    outer loop
      vertex -13.1227 -58.7281 95.4341
      vertex -13.72 -60.449 95.0683
      vertex -12.9947 -60.8275 95.9145
    endloop
  endfacet
  facet normal -0.6207 0.0490719 0.782511
    outer loop
      vertex -11.5227 -59.7415 97.0139
      vertex -12.429 -59.1976 96.2609
      vertex -12.0471 -61.2526 96.6927
    endloop
  endfacet
  facet normal -0.691271 0.200941 0.694094
    outer loop
      vertex -12.301 -57.0982 95.7806
      vertex -13.1227 -58.7281 95.4341
      vertex -12.429 -59.1976 96.2609
    endloop
  endfacet
  facet normal -0.579462 0.364632 0.728881
    outer loop
      vertex -10.0437 -54.2207 96.3922
      vertex -11.2688 -55.5871 96.1018
      vertex -10.6731 -56.2226 96.8933
    endloop
  endfacet
  facet normal -0.295357 0.143596 0.944534
    outer loop
      vertex -6.02076 -57.0411 99.0928
      vertex -7.97447 -56.7716 98.4409
      vertex -6.99342 -57.8755 98.9155
    endloop
  endfacet
  facet normal -0.336855 0.103007 0.935905
    outer loop
      vertex -6.99342 -57.8755 98.9155
      vertex -7.97447 -56.7716 98.4409
      vertex -7.84641 -58.8269 98.7132
    endloop
  endfacet
  facet normal -0.210681 0.450058 0.867791
    outer loop
      vertex -3.228 -52.6262 98.5263
      vertex -5.14827 -52.0759 97.7747
      vertex -4.77284 -53.1392 98.4173
    endloop
  endfacet
  facet normal -0.289859 0.417981 0.860973
    outer loop
      vertex -5.14827 -52.0759 97.7747
      vertex -6.23602 -53.8449 98.2673
      vertex -4.77284 -53.1392 98.4173
    endloop
  endfacet
  facet normal -0.115284 0.1384 0.983644
    outer loop
      vertex -2.80024 -56.497 99.5777
      vertex -3.78481 -55.7784 99.3612
      vertex -3.42453 -56.7043 99.5337
    endloop
  endfacet
  facet normal -0.321804 -0.0387635 0.946012
    outer loop
      vertex -8.56515 -59.879 98.4896
      vertex -7.97596 -60.8631 98.6497
      vertex -7.74983 -60.4146 98.745
    endloop
  endfacet
  facet normal -0.321839 -0.0387862 0.946
    outer loop
      vertex -7.97596 -60.8631 98.6497
      vertex -8.56515 -59.879 98.4896
      vertex -9.13734 -61.014 98.2484
    endloop
  endfacet
  facet normal -0.298456 0.000958709 0.954423
    outer loop
      vertex -7.09951 -59.4626 98.9474
      vertex -7.84641 -58.8269 98.7132
      vertex -7.46579 -59.9988 98.8334
    endloop
  endfacet
  facet normal -0.0873299 0.243909 0.965858
    outer loop
      vertex -1.29093 -55.1248 99.5001
      vertex -2.91886 -53.9166 99.0478
      vertex -2.55977 -55.3716 99.4477
    endloop
  endfacet
  facet normal -0.087367 0.243862 0.965867
    outer loop
      vertex -1.47202 -53.6351 99.1076
      vertex -2.91886 -53.9166 99.0478
      vertex -1.29093 -55.1248 99.5001
    endloop
  endfacet
  facet normal 0.640847 -0.551288 0.534225
    outer loop
      vertex 11.6507 -70.8129 93.792
      vertex 10.6731 -72.2441 93.4878
      vertex 12.301 -70.9917 92.8274
    endloop
  endfacet
  facet normal 0.691238 -0.465914 0.552371
    outer loop
      vertex 12.429 -69.2691 94.1202
      vertex 11.6507 -70.8129 93.792
      vertex 12.301 -70.9917 92.8274
    endloop
  endfacet
  facet normal 0.663009 -0.666778 0.340333
    outer loop
      vertex 11.2688 -72.5028 92.5062
      vertex 10.0437 -73.8692 92.2158
      vertex 11.6716 -72.6082 91.515
    endloop
  endfacet
  facet normal 0.663009 -0.666765 0.340357
    outer loop
      vertex 11.6716 -72.6082 91.515
      vertex 10.0437 -73.8692 92.2158
      vertex 10.4028 -74.0234 91.2142
    endloop
  endfacet
  facet normal 0.33983 -0.0812351 0.936972
    outer loop
      vertex 9.13734 -61.014 98.2484
      vertex 8.26755 -61.4415 98.5268
      vertex 8.47947 -62.0521 98.397
    endloop
  endfacet
  facet normal 0.424228 -0.0449937 0.904437
    outer loop
      vertex 10.4191 -60.3504 97.6802
      vertex 9.13734 -61.014 98.2484
      vertex 10.8933 -61.7168 97.3898
    endloop
  endfacet
  facet normal 0.339825 -0.0812312 0.936974
    outer loop
      vertex 8.47947 -62.0521 98.397
      vertex 9.55319 -62.2122 97.9937
      vertex 9.13734 -61.014 98.2484
    endloop
  endfacet
  facet normal 0.339812 -0.0813099 0.936972
    outer loop
      vertex 9.55319 -62.2122 97.9937
      vertex 8.47947 -62.0521 98.397
      vertex 8.64381 -62.5257 98.2963
    endloop
  endfacet
  facet normal 0.439379 -0.100384 0.892675
    outer loop
      vertex 10.8933 -61.7168 97.3898
      vertex 9.55319 -62.2122 97.9937
      vertex 9.80557 -63.4534 97.7299
    endloop
  endfacet
  facet normal 0.40182 0.00791817 0.915684
    outer loop
      vertex 9.76669 -59.0563 97.9553
      vertex 9.13734 -61.014 98.2484
      vertex 10.4191 -60.3504 97.6802
    endloop
  endfacet
  facet normal 0.40176 0.00794153 0.915711
    outer loop
      vertex 9.76669 -59.0563 97.9553
      vertex 8.56515 -59.879 98.4896
      vertex 9.13734 -61.014 98.2484
    endloop
  endfacet
  facet normal 0.401773 -0.379696 0.833312
    outer loop
      vertex 10.4191 -68.7933 95.8856
      vertex 9.13734 -68.4182 96.6745
      vertex 9.76669 -70.0874 95.6105
    endloop
  endfacet
  facet normal 0.298404 -0.38913 0.871512
    outer loop
      vertex 7.46579 -69.5836 96.7961
      vertex 8.56515 -69.5531 96.4333
      vertex 7.74983 -69.1678 96.8845
    endloop
  endfacet
  facet normal 0.298412 -0.38905 0.871545
    outer loop
      vertex 8.56515 -69.5531 96.4333
      vertex 7.46579 -69.5836 96.7961
      vertex 7.84641 -70.6053 96.2097
    endloop
  endfacet
  facet normal 0.351993 -0.262622 0.898404
    outer loop
      vertex 8.77243 -66.4242 97.4677
      vertex 8.64381 -67.0567 97.3332
      vertex 9.55319 -67.2199 96.9292
    endloop
  endfacet
  facet normal 0.727178 -0.676579 0.115986
    outer loop
      vertex 11.8748 -72.5584 90.5312
      vertex 10.4028 -74.0234 91.2142
      vertex 10.5839 -73.9983 90.2252
    endloop
  endfacet
  facet normal -0.555581 -0.813288 -0.172896
    outer loop
      vertex -9.11187 -75.159 89.477
      vertex -7.48394 -76.325 89.7306
      vertex -9.11187 -75.261 89.9568
    endloop
  endfacet
  facet normal -0.555581 -0.813288 -0.172896
    outer loop
      vertex -7.48394 -76.325 89.7306
      vertex -9.11187 -75.159 89.477
      vertex -7.48394 -76.223 89.2508
    endloop
  endfacet
  facet normal -0.427757 -0.901318 0.0681942
    outer loop
      vertex -7.35589 -76.3103 90.7281
      vertex -7.48394 -76.325 89.7306
      vertex -5.62995 -77.1428 90.5512
    endloop
  endfacet
  facet normal -0.727178 -0.676579 0.115986
    outer loop
      vertex -10.4028 -74.0234 91.2142
      vertex -11.8748 -72.5584 90.5312
      vertex -10.5839 -73.9983 90.2252
    endloop
  endfacet
  facet normal -0.94859 0.131702 0.287805
    outer loop
      vertex -14.4579 -59.8564 93.2311
      vertex -14.8398 -61.7347 92.8319
      vertex -14.2105 -60.1234 94.1687
    endloop
  endfacet
  facet normal -0.879952 -0.0415966 0.473239
    outer loop
      vertex -14.0824 -62.2315 94.6895
      vertex -14.5859 -61.9696 93.7763
      vertex -14.204 -64.0449 94.304
    endloop
  endfacet
  facet normal -0.654007 -0.198969 0.729854
    outer loop
      vertex -12.472 -64.41 96.0216
      vertex -13.4531 -64.2334 95.1906
      vertex -12.3653 -66.0024 95.6831
    endloop
  endfacet
  facet normal -0.545598 -0.139124 0.826418
    outer loop
      vertex -12.3653 -62.8177 96.3601
      vertex -12.472 -64.41 96.0216
      vertex -11.2776 -64.5718 96.7829
    endloop
  endfacet
  facet normal -0.755927 0.014578 0.654493
    outer loop
      vertex -12.9947 -60.8275 95.9145
      vertex -14.0824 -62.2315 94.6895
      vertex -13.338 -62.5158 95.5556
    endloop
  endfacet
  facet normal -0.864898 0.0702287 0.49701
    outer loop
      vertex -14.2105 -60.1234 94.1687
      vertex -14.5859 -61.9696 93.7763
      vertex -14.0824 -62.2315 94.6895
    endloop
  endfacet
  facet normal -0.424214 -0.32673 0.844565
    outer loop
      vertex -9.55319 -67.2199 96.9292
      vertex -10.8933 -67.4269 96.176
      vertex -9.13734 -68.4182 96.6745
    endloop
  endfacet
  facet normal -0.401801 -0.379681 0.833306
    outer loop
      vertex -9.13734 -68.4182 96.6745
      vertex -9.76669 -70.0874 95.6105
      vertex -8.56515 -69.5531 96.4333
    endloop
  endfacet
  facet normal -0.321882 -0.349453 0.879929
    outer loop
      vertex -8.26755 -68.1409 97.1028
      vertex -9.13734 -68.4182 96.6745
      vertex -7.97596 -68.7192 96.9798
    endloop
  endfacet
  facet normal -0.32195 -0.349233 0.879991
    outer loop
      vertex -7.97596 -68.7192 96.9798
      vertex -8.56515 -69.5531 96.4333
      vertex -7.74983 -69.1678 96.8845
    endloop
  endfacet
  facet normal -0.321861 -0.3493 0.879997
    outer loop
      vertex -8.56515 -69.5531 96.4333
      vertex -7.97596 -68.7192 96.9798
      vertex -9.13734 -68.4182 96.6745
    endloop
  endfacet
  facet normal -0.236598 -0.457995 0.856891
    outer loop
      vertex -5.94332 -71.3103 96.4291
      vertex -6.02076 -72.391 95.8301
      vertex -5.44764 -71.7355 96.3387
    endloop
  endfacet
  facet normal -0.517699 -0.345984 0.782485
    outer loop
      vertex -10.4191 -68.7933 95.8856
      vertex -12.0471 -67.5675 95.3505
      vertex -11.5227 -69.0786 95.0293
    endloop
  endfacet
  facet normal -0.401773 -0.379696 0.833312
    outer loop
      vertex -9.13734 -68.4182 96.6745
      vertex -10.4191 -68.7933 95.8856
      vertex -9.76669 -70.0874 95.6105
    endloop
  endfacet
  facet normal -0.358067 -0.171167 0.917873
    outer loop
      vertex -8.87218 -63.6487 98.0576
      vertex -9.80557 -63.4534 97.7299
      vertex -8.91529 -64.2921 97.9208
    endloop
  endfacet
  facet normal -0.447034 -0.214482 0.868423
    outer loop
      vertex -9.89019 -64.7161 97.4614
      vertex -11.1811 -66.0117 96.4769
      vertex -9.80557 -65.9788 97.1931
    endloop
  endfacet
  facet normal -0.358181 -0.217081 0.908065
    outer loop
      vertex -9.89019 -64.7161 97.4614
      vertex -8.91529 -65.2902 97.7087
      vertex -8.94873 -64.7912 97.8148
    endloop
  endfacet
  facet normal -0.358122 -0.216958 0.908118
    outer loop
      vertex -8.91529 -65.2902 97.7087
      vertex -9.89019 -64.7161 97.4614
      vertex -9.80557 -65.9788 97.1931
    endloop
  endfacet
  facet normal -0.358058 -0.217043 0.908123
    outer loop
      vertex -8.91529 -65.2902 97.7087
      vertex -9.80557 -65.9788 97.1931
      vertex -8.87218 -65.9337 97.5719
    endloop
  endfacet
  facet normal -0.545602 -0.139127 0.826415
    outer loop
      vertex -11.1811 -63.132 97.089
      vertex -12.3653 -62.8177 96.3601
      vertex -11.2776 -64.5718 96.7829
    endloop
  endfacet
  facet normal -0.447005 -0.157255 0.880601
    outer loop
      vertex -11.1811 -63.132 97.089
      vertex -11.2776 -64.5718 96.7829
      vertex -9.89019 -64.7161 97.4614
    endloop
  endfacet
  facet normal -0.536266 -0.0697281 0.841164
    outer loop
      vertex -12.0471 -61.2526 96.6927
      vertex -12.3653 -62.8177 96.3601
      vertex -10.8933 -61.7168 97.3898
    endloop
  endfacet
  facet normal -0.424228 -0.0449937 0.904437
    outer loop
      vertex -10.4191 -60.3504 97.6802
      vertex -10.8933 -61.7168 97.3898
      vertex -9.13734 -61.014 98.2484
    endloop
  endfacet
  facet normal -0.351969 -0.12557 0.92755
    outer loop
      vertex -9.80557 -63.4534 97.7299
      vertex -8.77243 -63.1582 98.1619
      vertex -9.55319 -62.2122 97.9937
    endloop
  endfacet
  facet normal -0.351942 -0.125662 0.927548
    outer loop
      vertex -8.77243 -63.1582 98.1619
      vertex -9.80557 -63.4534 97.7299
      vertex -8.87218 -63.6487 98.0576
    endloop
  endfacet
  facet normal -0.35193 -0.125534 0.92757
    outer loop
      vertex -8.64381 -62.5257 98.2963
      vertex -9.55319 -62.2122 97.9937
      vertex -8.77243 -63.1582 98.1619
    endloop
  endfacet
  facet normal -0.40182 0.00791817 0.915684
    outer loop
      vertex -9.76669 -59.0563 97.9553
      vertex -10.4191 -60.3504 97.6802
      vertex -9.13734 -61.014 98.2484
    endloop
  endfacet
  facet normal -0.490378 0.0624304 0.869271
    outer loop
      vertex -9.76669 -59.0563 97.9553
      vertex -11.5227 -59.7415 97.0139
      vertex -10.4191 -60.3504 97.6802
    endloop
  endfacet
  facet normal -0.769081 -0.0831471 0.63372
    outer loop
      vertex -14.0824 -62.2315 94.6895
      vertex -14.204 -64.0449 94.304
      vertex -13.338 -62.5158 95.5556
    endloop
  endfacet
  facet normal -0.769095 -0.0831275 0.633706
    outer loop
      vertex -13.338 -62.5158 95.5556
      vertex -14.204 -64.0449 94.304
      vertex -13.4531 -64.2334 95.1906
    endloop
  endfacet
  facet normal -0.492804 -0.579731 0.648889
    outer loop
      vertex -9.89474 -71.8366 94.443
      vertex -10.6731 -72.2441 93.4878
      vertex -8.81907 -73.0364 94.188
    endloop
  endfacet
  facet normal -0.54496 -0.513242 0.663025
    outer loop
      vertex -9.89474 -71.8366 94.443
      vertex -10.8011 -70.5098 94.7251
      vertex -10.6731 -72.2441 93.4878
    endloop
  endfacet
  facet normal -0.340888 -0.808619 0.479512
    outer loop
      vertex -6.72655 -75.6295 92.7682
      vertex -7.10198 -76.0771 91.7465
      vertex -5.14827 -76.3908 92.6064
    endloop
  endfacet
  facet normal -0.340882 -0.808631 0.479494
    outer loop
      vertex -5.14827 -76.3908 92.6064
      vertex -7.10198 -76.0771 91.7465
      vertex -5.43562 -76.8809 91.5756
    endloop
  endfacet
  facet normal -0.372517 -0.429325 0.822746
    outer loop
      vertex -7.84641 -70.6053 96.2097
      vertex -9.76669 -70.0874 95.6105
      vertex -8.94712 -71.2872 95.3555
    endloop
  endfacet
  facet normal -0.372515 -0.429301 0.82276
    outer loop
      vertex -8.56515 -69.5531 96.4333
      vertex -9.76669 -70.0874 95.6105
      vertex -7.84641 -70.6053 96.2097
    endloop
  endfacet
  facet normal -0.0874478 -0.615617 0.783179
    outer loop
      vertex -2.55977 -74.0605 95.4752
      vertex -2.91886 -75.2271 94.5181
      vertex -1.29093 -74.3074 95.4228
    endloop
  endfacet
  facet normal -0.289904 -0.732037 0.616504
    outer loop
      vertex -6.23602 -74.9751 93.7759
      vertex -6.72655 -75.6295 92.7682
      vertex -5.14827 -76.3908 92.6064
    endloop
  endfacet
  facet normal -0.175738 -0.680495 0.711366
    outer loop
      vertex -4.31575 -74.7633 94.6166
      vertex -4.77284 -75.6809 93.6259
      vertex -3.228 -76.1938 93.5169
    endloop
  endfacet
  facet normal 0.0233817 -0.544303 0.838563
    outer loop
      vertex 0 -74.3901 95.4052
      vertex 0.510174 -73.5116 95.9612
      vertex 0 -73.5443 95.9542
    endloop
  endfacet
  facet normal 0.0234383 -0.544325 0.838547
    outer loop
      vertex 0.510174 -73.5116 95.9612
      vertex 0 -74.3901 95.4052
      vertex 1.29093 -74.3074 95.4228
    endloop
  endfacet
  facet normal 0.0292673 -0.62318 0.78153
    outer loop
      vertex 1.29093 -74.3074 95.4228
      vertex 0 -74.3901 95.4052
      vertex 1.47202 -75.5086 94.4582
    endloop
  endfacet
  facet normal 0.6377 0.658448 0.399731
    outer loop
      vertex 9.11187 -52.0304 94.8946
      vertex 8.95596 -52.4313 95.8037
      vertex 10.4028 -53.6724 95.5399
    endloop
  endfacet
  facet normal 0.537317 0.733791 0.415741
    outer loop
      vertex 9.11187 -52.0304 94.8946
      vertex 7.35589 -51.3856 96.026
      vertex 8.95596 -52.4313 95.8037
    endloop
  endfacet
  facet normal 0.247723 0.581453 0.774949
    outer loop
      vertex 5.43562 -51.209 97.0324
      vertex 3.48192 -51.5227 97.8923
      vertex 5.14827 -52.0759 97.7747
    endloop
  endfacet
  facet normal 0.210665 0.450093 0.867776
    outer loop
      vertex 3.48192 -51.5227 97.8923
      vertex 3.228 -52.6262 98.5263
      vertex 5.14827 -52.0759 97.7747
    endloop
  endfacet
  facet normal 0.442291 -0.877267 -0.186497
    outer loop
      vertex 5.75 -77.1614 89.5528
      vertex 7.48394 -76.223 89.2508
      vertex 7.48394 -76.325 89.7306
    endloop
  endfacet
  facet normal 0.442291 -0.877267 -0.186497
    outer loop
      vertex 7.48394 -76.223 89.2508
      vertex 5.75 -77.1614 89.5528
      vertex 5.75 -77.0594 89.073
    endloop
  endfacet
  facet normal 0.428221 -0.759315 0.489966
    outer loop
      vertex 8.18972 -74.6732 92.9715
      vertex 7.10198 -76.0771 91.7465
      vertex 8.64682 -75.0674 91.9611
    endloop
  endfacet
  facet normal 0.489929 -0.815228 0.308826
    outer loop
      vertex 8.64682 -75.0674 91.9611
      vertex 7.10198 -76.0771 91.7465
      vertex 7.35589 -76.3103 90.7281
    endloop
  endfacet
  facet normal 0.172018 -0.944025 0.281474
    outer loop
      vertex 3.67625 -77.4651 91.4514
      vertex 1.85399 -77.8196 91.3761
      vertex 3.80769 -77.7479 90.4226
    endloop
  endfacet
  facet normal 0.283457 -0.914817 0.287683
    outer loop
      vertex 5.43562 -76.8809 91.5756
      vertex 3.67625 -77.4651 91.4514
      vertex 3.80769 -77.7479 90.4226
    endloop
  endfacet
  facet normal -0.0504287 -0.884766 0.463299
    outer loop
      vertex 0 -77.3925 92.3935
      vertex -1.75598 -77.2799 92.4174
      vertex 0 -77.9385 91.3508
    endloop
  endfacet
  facet normal 0.0504287 -0.884766 0.463299
    outer loop
      vertex 1.75598 -77.2799 92.4174
      vertex 0 -77.3925 92.3935
      vertex 0 -77.9385 91.3508
    endloop
  endfacet
  facet normal 0.0357687 -0.707775 0.705532
    outer loop
      vertex 1.62793 -76.5051 93.4507
      vertex 0 -75.603 94.4382
      vertex 0 -76.6095 93.4285
    endloop
  endfacet
  facet normal 0.0358012 -0.707746 0.705559
    outer loop
      vertex 1.47202 -75.5086 94.4582
      vertex 0 -75.603 94.4382
      vertex 1.62793 -76.5051 93.4507
    endloop
  endfacet
  facet normal -0.867442 0.365566 0.3375
    outer loop
      vertex -12.9626 -56.3253 93.9817
      vertex -13.8285 -58.0429 93.6166
      vertex -13.5919 -58.341 94.5476
    endloop
  endfacet
  facet normal -0.896883 0.4326 0.0919659
    outer loop
      vertex -13.8285 -57.9409 93.1368
      vertex -12.9626 -56.3253 93.9817
      vertex -12.9626 -56.2233 93.5019
    endloop
  endfacet
  facet normal -0.896883 0.4326 0.0919659
    outer loop
      vertex -12.9626 -56.3253 93.9817
      vertex -13.8285 -57.9409 93.1368
      vertex -13.8285 -58.0429 93.6166
    endloop
  endfacet
  facet normal 0.0576611 0.762663 0.64422
    outer loop
      vertex 1.92027 -49.5807 96.4097
      vertex 0 -50.1514 97.2572
      vertex 1.85399 -50.2702 97.2319
    endloop
  endfacet
  facet normal 0.172078 0.747928 0.641087
    outer loop
      vertex 1.92027 -49.5807 96.4097
      vertex 1.85399 -50.2702 97.2319
      vertex 3.80769 -49.948 96.3316
    endloop
  endfacet
  facet normal -0.150398 0.606947 0.780382
    outer loop
      vertex -1.85399 -50.2702 97.2319
      vertex -3.67625 -50.6248 97.1565
      vertex -3.48192 -51.5227 97.8923
    endloop
  endfacet
  facet normal -0.150408 0.606956 0.780373
    outer loop
      vertex -1.85399 -50.2702 97.2319
      vertex -3.48192 -51.5227 97.8923
      vertex -1.75598 -51.1868 97.9637
    endloop
  endfacet
  facet normal -0.581453 0.550477 0.599072
    outer loop
      vertex -8.95596 -52.4313 95.8037
      vertex -10.0437 -54.2207 96.3922
      vertex -8.64682 -53.0224 96.6469
    endloop
  endfacet
  facet normal -0.508181 0.434318 0.74372
    outer loop
      vertex -8.64682 -53.0224 96.6469
      vertex -10.0437 -54.2207 96.3922
      vertex -8.18972 -53.7936 97.4096
    endloop
  endfacet
  facet normal -0.321438 0.926232 0.196906
    outer loop
      vertex -3.87397 -49.4018 94.9518
      vertex -5.72796 -50.1194 95.3008
      vertex -3.87397 -49.5038 95.4316
    endloop
  endfacet
  facet normal -0.321438 0.926232 0.196906
    outer loop
      vertex -5.72796 -50.1194 95.3008
      vertex -3.87397 -49.4018 94.9518
      vertex -5.72796 -50.0174 94.821
    endloop
  endfacet
  facet normal 0.298456 0.000958709 0.954423
    outer loop
      vertex 7.84641 -58.8269 98.7132
      vertex 7.09951 -59.4626 98.9474
      vertex 7.46579 -59.9988 98.8334
    endloop
  endfacet
  facet normal 0.298375 0.000987607 0.954448
    outer loop
      vertex 7.46579 -59.9988 98.8334
      vertex 8.56515 -59.879 98.4896
      vertex 7.84641 -58.8269 98.7132
    endloop
  endfacet
  facet normal 0.298382 0.000912443 0.954446
    outer loop
      vertex 8.56515 -59.879 98.4896
      vertex 7.46579 -59.9988 98.8334
      vertex 7.74983 -60.4146 98.745
    endloop
  endfacet
  facet normal -0.454638 0.123074 0.882132
    outer loop
      vertex -8.94712 -57.8565 98.2103
      vertex -10.8011 -58.3103 97.3181
      vertex -9.76669 -59.0563 97.9553
    endloop
  endfacet
  facet normal -0.372455 0.0575563 0.926264
    outer loop
      vertex -8.94712 -57.8565 98.2103
      vertex -9.76669 -59.0563 97.9553
      vertex -7.84641 -58.8269 98.7132
    endloop
  endfacet
  facet normal -0.790898 0.283425 0.542357
    outer loop
      vertex -12.7408 -56.6528 94.9065
      vertex -13.1227 -58.7281 95.4341
      vertex -12.301 -57.0982 95.7806
    endloop
  endfacet
  facet normal -0.620639 0.0490933 0.782558
    outer loop
      vertex -12.429 -59.1976 96.2609
      vertex -12.9947 -60.8275 95.9145
      vertex -12.0471 -61.2526 96.6927
    endloop
  endfacet
  facet normal -0.199429 0.0977511 0.975024
    outer loop
      vertex -4.89947 -57.4885 99.367
      vertex -6.02076 -57.0411 99.0928
      vertex -5.44764 -57.8468 99.2908
    endloop
  endfacet
  facet normal -0.321842 -0.0387576 0.946
    outer loop
      vertex -7.97596 -60.8631 98.6497
      vertex -9.13734 -61.014 98.2484
      vertex -8.26755 -61.4415 98.5268
    endloop
  endfacet
  facet normal -0.33983 -0.0812351 0.936972
    outer loop
      vertex -8.26755 -61.4415 98.5268
      vertex -9.13734 -61.014 98.2484
      vertex -8.47947 -62.0521 98.397
    endloop
  endfacet
  facet normal -0.269925 0.0372847 0.962159
    outer loop
      vertex -6.99342 -57.8755 98.9155
      vertex -6.66481 -58.9777 99.0504
      vertex -6.32771 -58.6017 99.1304
    endloop
  endfacet
  facet normal -0.269822 0.0373188 0.962187
    outer loop
      vertex -6.66481 -58.9777 99.0504
      vertex -6.99342 -57.8755 98.9155
      vertex -7.84641 -58.8269 98.7132
    endloop
  endfacet
  facet normal -0.236617 0.0699056 0.969085
    outer loop
      vertex -6.99342 -57.8755 98.9155
      vertex -5.94332 -58.272 99.2005
      vertex -6.02076 -57.0411 99.0928
    endloop
  endfacet
  facet normal -0.236639 0.0698477 0.969084
    outer loop
      vertex -5.94332 -58.272 99.2005
      vertex -6.99342 -57.8755 98.9155
      vertex -6.32771 -58.6017 99.1304
    endloop
  endfacet
  facet normal -0.411085 0.17854 0.893942
    outer loop
      vertex -8.81907 -55.7837 97.8552
      vertex -8.94712 -57.8565 98.2103
      vertex -7.97447 -56.7716 98.4409
    endloop
  endfacet
  facet normal -0.411051 0.178541 0.893958
    outer loop
      vertex -8.81907 -55.7837 97.8552
      vertex -9.89474 -56.9834 97.6002
      vertex -8.94712 -57.8565 98.2103
    endloop
  endfacet
  facet normal 0.545043 -0.513214 0.662977
    outer loop
      vertex 10.8011 -70.5098 94.7251
      vertex 10.6731 -72.2441 93.4878
      vertex 11.6507 -70.8129 93.792
    endloop
  endfacet
  facet normal 0.54496 -0.513242 0.663025
    outer loop
      vertex 10.8011 -70.5098 94.7251
      vertex 9.89474 -71.8366 94.443
      vertex 10.6731 -72.2441 93.4878
    endloop
  endfacet
  facet normal 0.86745 -0.471221 0.159628
    outer loop
      vertex 13.5919 -69.3548 92.2065
      vertex 12.7408 -71.0431 91.8477
      vertex 12.9626 -70.9661 90.8697
    endloop
  endfacet
  facet normal 0.790928 -0.479508 0.380139
    outer loop
      vertex 13.1227 -69.3618 93.1739
      vertex 12.7408 -71.0431 91.8477
      vertex 13.5919 -69.3548 92.2065
    endloop
  endfacet
  facet normal 0.358067 -0.171167 0.917873
    outer loop
      vertex 9.80557 -63.4534 97.7299
      vertex 8.87218 -63.6487 98.0576
      vertex 8.91529 -64.2921 97.9208
    endloop
  endfacet
  facet normal 0.536263 -0.069733 0.841165
    outer loop
      vertex 12.3653 -62.8177 96.3601
      vertex 10.8933 -61.7168 97.3898
      vertex 11.1811 -63.132 97.089
    endloop
  endfacet
  facet normal 0.439379 -0.100384 0.892675
    outer loop
      vertex 10.8933 -61.7168 97.3898
      vertex 9.80557 -63.4534 97.7299
      vertex 11.1811 -63.132 97.089
    endloop
  endfacet
  facet normal 0.411038 -0.526711 0.744059
    outer loop
      vertex 8.94712 -71.2872 95.3555
      vertex 7.97447 -72.372 95.1249
      vertex 8.81907 -73.0364 94.188
    endloop
  endfacet
  facet normal 0.411097 -0.526699 0.744035
    outer loop
      vertex 8.94712 -71.2872 95.3555
      vertex 8.81907 -73.0364 94.188
      vertex 9.89474 -71.8366 94.443
    endloop
  endfacet
  facet normal 0.424214 -0.32673 0.844565
    outer loop
      vertex 9.55319 -67.2199 96.9292
      vertex 9.13734 -68.4182 96.6745
      vertex 10.8933 -67.4269 96.176
    endloop
  endfacet
  facet normal 0.439364 -0.271428 0.856321
    outer loop
      vertex 9.80557 -65.9788 97.1931
      vertex 9.55319 -67.2199 96.9292
      vertex 10.8933 -67.4269 96.176
    endloop
  endfacet
  facet normal 0.339905 -0.306897 0.888976
    outer loop
      vertex 8.47947 -67.5302 97.2326
      vertex 8.26755 -68.1409 97.1028
      vertex 9.13734 -68.4182 96.6745
    endloop
  endfacet
  facet normal 0.804155 -0.578457 0.136831
    outer loop
      vertex 12.7408 -71.0431 91.8477
      vertex 11.8748 -72.5584 90.5312
      vertex 12.9626 -70.9661 90.8697
    endloop
  endfacet
  facet normal -0.442291 -0.877267 -0.186497
    outer loop
      vertex -7.48394 -76.223 89.2508
      vertex -5.75 -77.1614 89.5528
      vertex -7.48394 -76.325 89.7306
    endloop
  endfacet
  facet normal -0.442291 -0.877267 -0.186497
    outer loop
      vertex -5.75 -77.1614 89.5528
      vertex -7.48394 -76.223 89.2508
      vertex -5.75 -77.0594 89.073
    endloop
  endfacet
  facet normal -0.637698 -0.764107 0.0973723
    outer loop
      vertex -8.95596 -75.2645 90.9504
      vertex -10.4028 -74.0234 91.2142
      vertex -9.11187 -75.261 89.9568
    endloop
  endfacet
  facet normal -0.537344 -0.839429 0.0813601
    outer loop
      vertex -8.95596 -75.2645 90.9504
      vertex -9.11187 -75.261 89.9568
      vertex -7.35589 -76.3103 90.7281
    endloop
  endfacet
  facet normal -0.948593 0.131716 0.287789
    outer loop
      vertex -14.2105 -60.1234 94.1687
      vertex -14.8398 -61.7347 92.8319
      vertex -14.5859 -61.9696 93.7763
    endloop
  endfacet
  facet normal -0.965101 0.00906538 0.26172
    outer loop
      vertex -14.5859 -61.9696 93.7763
      vertex -14.8398 -61.7347 92.8319
      vertex -14.7118 -63.8479 93.3771
    endloop
  endfacet
  facet normal -0.545597 -0.209071 0.81155
    outer loop
      vertex -11.2776 -64.5718 96.7829
      vertex -12.472 -64.41 96.0216
      vertex -12.3653 -66.0024 95.6831
    endloop
  endfacet
  facet normal -0.545635 -0.209031 0.811535
    outer loop
      vertex -11.2776 -64.5718 96.7829
      vertex -12.3653 -66.0024 95.6831
      vertex -11.1811 -66.0117 96.4769
    endloop
  endfacet
  facet normal 0.1981 -0.578938 0.790941
    outer loop
      vertex 4.94509 -73.0941 95.6807
      vertex 3.78481 -73.6537 95.5617
      vertex 5.6388 -74.1251 94.7523
    endloop
  endfacet
  facet normal -0.49033 -0.410616 0.768746
    outer loop
      vertex -10.4191 -68.7933 95.8856
      vertex -11.5227 -69.0786 95.0293
      vertex -9.76669 -70.0874 95.6105
    endloop
  endfacet
  facet normal -0.49033 -0.410617 0.768746
    outer loop
      vertex -9.76669 -70.0874 95.6105
      vertex -11.5227 -69.0786 95.0293
      vertex -10.8011 -70.5098 94.7251
    endloop
  endfacet
  facet normal -0.127854 -0.785836 0.605075
    outer loop
      vertex -3.228 -76.1938 93.5169
      vertex -3.48192 -76.9441 92.4888
      vertex -1.62793 -76.5051 93.4507
    endloop
  endfacet
  facet normal -0.106651 -0.698632 0.707488
    outer loop
      vertex -2.91886 -75.2271 94.5181
      vertex -3.228 -76.1938 93.5169
      vertex -1.62793 -76.5051 93.4507
    endloop
  endfacet
  facet normal -0.247755 -0.846363 0.471474
    outer loop
      vertex -5.14827 -76.3908 92.6064
      vertex -5.43562 -76.8809 91.5756
      vertex -3.48192 -76.9441 92.4888
    endloop
  endfacet
  facet normal -0.210694 -0.764124 0.60969
    outer loop
      vertex -3.228 -76.1938 93.5169
      vertex -5.14827 -76.3908 92.6064
      vertex -3.48192 -76.9441 92.4888
    endloop
  endfacet
  facet normal 0.08737 -0.615699 0.783122
    outer loop
      vertex 2.91886 -75.2271 94.5181
      vertex 1.29093 -74.3074 95.4228
      vertex 1.47202 -75.5086 94.4582
    endloop
  endfacet
  facet normal 0.340914 0.543696 0.766924
    outer loop
      vertex 7.10198 -52.0128 96.8615
      vertex 5.14827 -52.0759 97.7747
      vertex 6.72655 -52.8373 97.6129
    endloop
  endfacet
  facet normal 0.241786 0.305556 0.920964
    outer loop
      vertex 6.23602 -53.8449 98.2673
      vertex 4.77284 -53.1392 98.4173
      vertex 5.6388 -55.0186 98.8135
    endloop
  endfacet
  facet normal 0.336855 0.103007 0.935905
    outer loop
      vertex 7.97447 -56.7716 98.4409
      vertex 6.99342 -57.8755 98.9155
      vertex 7.84641 -58.8269 98.7132
    endloop
  endfacet
  facet normal 0.295357 0.143596 0.944534
    outer loop
      vertex 7.97447 -56.7716 98.4409
      vertex 6.02076 -57.0411 99.0928
      vertex 6.99342 -57.8755 98.9155
    endloop
  endfacet
  facet normal -0.729824 0.109903 0.674744
    outer loop
      vertex -12.429 -59.1976 96.2609
      vertex -13.1227 -58.7281 95.4341
      vertex -12.9947 -60.8275 95.9145
    endloop
  endfacet
  facet normal -0.545019 0.199135 0.814432
    outer loop
      vertex -10.6731 -56.2226 96.8933
      vertex -10.8011 -58.3103 97.3181
      vertex -9.89474 -56.9834 97.6002
    endloop
  endfacet
  facet normal -0.69127 0.200941 0.694095
    outer loop
      vertex -12.301 -57.0982 95.7806
      vertex -12.429 -59.1976 96.2609
      vertex -11.6507 -57.6538 96.5891
    endloop
  endfacet
  facet normal -0.587851 0.126498 0.799018
    outer loop
      vertex -11.6507 -57.6538 96.5891
      vertex -12.429 -59.1976 96.2609
      vertex -10.8011 -58.3103 97.3181
    endloop
  endfacet
  facet normal 0.733212 -0.577242 0.359433
    outer loop
      vertex 12.301 -70.9917 92.8274
      vertex 11.2688 -72.5028 92.5062
      vertex 12.7408 -71.0431 91.8477
    endloop
  endfacet
  facet normal 0.640851 -0.551302 0.534206
    outer loop
      vertex 12.301 -70.9917 92.8274
      vertex 10.6731 -72.2441 93.4878
      vertex 11.2688 -72.5028 92.5062
    endloop
  endfacet
  facet normal 0.372515 -0.429301 0.82276
    outer loop
      vertex 8.56515 -69.5531 96.4333
      vertex 7.84641 -70.6053 96.2097
      vertex 9.76669 -70.0874 95.6105
    endloop
  endfacet
  facet normal 0.372517 -0.429325 0.822746
    outer loop
      vertex 9.76669 -70.0874 95.6105
      vertex 7.84641 -70.6053 96.2097
      vertex 8.94712 -71.2872 95.3555
    endloop
  endfacet
  facet normal 0.831465 -0.543432 -0.115528
    outer loop
      vertex 12.9626 -70.9661 90.8697
      vertex 11.8748 -72.4565 90.0514
      vertex 12.9626 -70.8641 90.3899
    endloop
  endfacet
  facet normal 0.83145 -0.543478 -0.115424
    outer loop
      vertex 11.8748 -72.4565 90.0514
      vertex 12.9626 -70.9661 90.8697
      vertex 11.8748 -72.5584 90.5312
    endloop
  endfacet
  facet normal -0.831465 -0.543432 -0.115528
    outer loop
      vertex -11.8748 -72.4565 90.0514
      vertex -12.9626 -70.9661 90.8697
      vertex -12.9626 -70.8641 90.3899
    endloop
  endfacet
  facet normal -0.83145 -0.543478 -0.115424
    outer loop
      vertex -12.9626 -70.9661 90.8697
      vertex -11.8748 -72.4565 90.0514
      vertex -11.8748 -72.5584 90.5312
    endloop
  endfacet
  facet normal 0.143985 -0.600798 0.786327
    outer loop
      vertex 3.78481 -73.6537 95.5617
      vertex 2.55977 -74.0605 95.4752
      vertex 2.91886 -75.2271 94.5181
    endloop
  endfacet
  facet normal 0.364181 0.376039 0.852037
    outer loop
      vertex 8.18972 -53.7936 97.4096
      vertex 6.23602 -53.8449 98.2673
      vertex 7.5925 -54.7315 98.0788
    endloop
  endfacet
  facet normal 0.364176 0.376069 0.852026
    outer loop
      vertex 6.72655 -52.8373 97.6129
      vertex 6.23602 -53.8449 98.2673
      vertex 8.18972 -53.7936 97.4096
    endloop
  endfacet
  facet normal -0.508178 0.43437 0.743692
    outer loop
      vertex -8.18972 -53.7936 97.4096
      vertex -10.0437 -54.2207 96.3922
      vertex -9.51277 -54.9285 97.1684
    endloop
  endfacet
  facet normal -0.579476 0.364633 0.728869
    outer loop
      vertex -10.0437 -54.2207 96.3922
      vertex -10.6731 -56.2226 96.8933
      vertex -9.51277 -54.9285 97.1684
    endloop
  endfacet
  facet normal -0.544973 0.199138 0.814462
    outer loop
      vertex -10.6731 -56.2226 96.8933
      vertex -11.6507 -57.6538 96.5891
      vertex -10.8011 -58.3103 97.3181
    endloop
  endfacet
  facet normal -0.640859 0.28636 0.712248
    outer loop
      vertex -10.6731 -56.2226 96.8933
      vertex -12.301 -57.0982 95.7806
      vertex -11.6507 -57.6538 96.5891
    endloop
  endfacet
  facet normal 0.248946 -0.550223 0.797045
    outer loop
      vertex 6.02076 -72.391 95.8301
      vertex 4.94509 -73.0941 95.6807
      vertex 5.6388 -74.1251 94.7523
    endloop
  endfacet
  facet normal 0.115365 -0.526465 0.842333
    outer loop
      vertex 3.42453 -72.8781 96.0958
      vertex 2.80024 -73.0853 96.0518
      vertex 3.78481 -73.6537 95.5617
    endloop
  endfacet
  facet normal 0.158696 -0.508908 0.846066
    outer loop
      vertex 4.01582 -72.5928 96.1565
      vertex 3.42453 -72.8781 96.0958
      vertex 3.78481 -73.6537 95.5617
    endloop
  endfacet
  facet normal 0.158664 -0.508913 0.846069
    outer loop
      vertex 4.01582 -72.5928 96.1565
      vertex 4.94509 -73.0941 95.6807
      vertex 4.47437 -72.3717 96.2035
    endloop
  endfacet
  facet normal 0.15867 -0.508906 0.846073
    outer loop
      vertex 4.94509 -73.0941 95.6807
      vertex 4.01582 -72.5928 96.1565
      vertex 3.78481 -73.6537 95.5617
    endloop
  endfacet
  facet normal 0.0700729 -0.538344 0.839807
    outer loop
      vertex 1.66949 -73.3719 95.9909
      vertex 1.29093 -74.3074 95.4228
      vertex 2.55977 -74.0605 95.4752
    endloop
  endfacet
  facet normal 0.0699379 -0.53831 0.83984
    outer loop
      vertex 1.29093 -74.3074 95.4228
      vertex 1.66949 -73.3719 95.9909
      vertex 1.16804 -73.4695 95.9701
    endloop
  endfacet
  facet normal 0.0874478 -0.615617 0.783179
    outer loop
      vertex 2.55977 -74.0605 95.4752
      vertex 1.29093 -74.3074 95.4228
      vertex 2.91886 -75.2271 94.5181
    endloop
  endfacet
  facet normal 0.0700613 -0.538355 0.839801
    outer loop
      vertex 2.3161 -73.2461 96.0176
      vertex 1.66949 -73.3719 95.9909
      vertex 2.55977 -74.0605 95.4752
    endloop
  endfacet
  facet normal 0.115352 -0.52648 0.842326
    outer loop
      vertex 2.80024 -73.0853 96.0518
      vertex 2.55977 -74.0605 95.4752
      vertex 3.78481 -73.6537 95.5617
    endloop
  endfacet
  facet normal 0.115361 -0.526481 0.842324
    outer loop
      vertex 2.55977 -74.0605 95.4752
      vertex 2.80024 -73.0853 96.0518
      vertex 2.3161 -73.2461 96.0176
    endloop
  endfacet
  facet normal 0.199345 -0.485954 0.850947
    outer loop
      vertex 5.44764 -71.7355 96.3387
      vertex 4.89947 -72.0938 96.2625
      vertex 6.02076 -72.391 95.8301
    endloop
  endfacet
  facet normal 0 0 1
    outer loop
      vertex 14.3149 -32.1281 4
      vertex 22 -30 4
      vertex 21.9572 -29.3474 4
    endloop
  endfacet
  facet normal 0 0 1
    outer loop
      vertex 22 -30 4
      vertex 15 -35.6492 4
      vertex 22 -58 4
    endloop
  endfacet
  facet normal 0 0 1
    outer loop
      vertex 14.3149 -32.1281 4
      vertex 21.9572 -29.3474 4
      vertex 21.8296 -28.7059 4
    endloop
  endfacet
  facet normal -0 0 1
    outer loop
      vertex 15 -54.0513 4
      vertex 22 -58 4
      vertex 15 -35.6492 4
    endloop
  endfacet
  facet normal 0 0 1
    outer loop
      vertex 13.7942 -31.0486 4
      vertex 21.8296 -28.7059 4
      vertex 21.6194 -28.0866 4
    endloop
  endfacet
  facet normal -0 0 1
    outer loop
      vertex 14.923 -55.2523 4
      vertex 22 -58 4
      vertex 15 -54.0513 4
    endloop
  endfacet
  facet normal 0 0 1
    outer loop
      vertex 13.7942 -31.0486 4
      vertex 21.6194 -28.0866 4
      vertex 21.3301 -27.5 4
    endloop
  endfacet
  facet normal -0 0 1
    outer loop
      vertex 14.6933 -56.4327 4
      vertex 22 -58 4
      vertex 14.923 -55.2523 4
    endloop
  endfacet
  facet normal 0 0 1
    outer loop
      vertex 13.7942 -31.0486 4
      vertex 21.3301 -27.5 4
      vertex 20.9668 -26.9562 4
    endloop
  endfacet
  facet normal 0 0 1
    outer loop
      vertex 22 -58 4
      vertex 14.6933 -56.4327 4
      vertex 21.9572 -58.6526 4
    endloop
  endfacet
  facet normal 0 0 1
    outer loop
      vertex 13.7942 -31.0486 4
      vertex 20.9668 -26.9562 4
      vertex 20.5355 -26.4645 4
    endloop
  endfacet
  facet normal 0 0 1
    outer loop
      vertex 21.9572 -58.6526 4
      vertex 14.6933 -56.4327 4
      vertex 21.8296 -59.2941 4
    endloop
  endfacet
  facet normal 0 0 1
    outer loop
      vertex 13.7942 -31.0486 4
      vertex 20.5355 -26.4645 4
      vertex 20.0438 -26.0332 4
    endloop
  endfacet
  facet normal -0 0 1
    outer loop
      vertex 14.3149 -57.5724 4
      vertex 21.8296 -59.2941 4
      vertex 14.6933 -56.4327 4
    endloop
  endfacet
  facet normal 0 0 1
    outer loop
      vertex 13.7942 -31.0486 4
      vertex 20.0438 -26.0332 4
      vertex 19.5 -25.6699 4
    endloop
  endfacet
  facet normal 0 0 1
    outer loop
      vertex 21.8296 -59.2941 4
      vertex 14.3149 -57.5724 4
      vertex 21.6194 -59.9134 4
    endloop
  endfacet
  facet normal 0 0 1
    outer loop
      vertex 13.7942 -31.0486 4
      vertex 19.5 -25.6699 4
      vertex 18.9134 -25.3806 4
    endloop
  endfacet
  facet normal 0 0 1
    outer loop
      vertex 21.6194 -59.9134 4
      vertex 14.3149 -57.5724 4
      vertex 21.3301 -60.5 4
    endloop
  endfacet
  facet normal 0 0 1
    outer loop
      vertex 13.7942 -31.0486 4
      vertex 18.9134 -25.3806 4
      vertex 18.2941 -25.1704 4
    endloop
  endfacet
  facet normal 0 0 1
    outer loop
      vertex 21.3301 -60.5 4
      vertex 14.3149 -57.5724 4
      vertex 20.9668 -61.0438 4
    endloop
  endfacet
  facet normal 0 0 1
    outer loop
      vertex 13.7942 -31.0486 4
      vertex 18.2941 -25.1704 4
      vertex 17.6526 -25.0428 4
    endloop
  endfacet
  facet normal 0 0 1
    outer loop
      vertex 20.9668 -61.0438 4
      vertex 14.3149 -57.5724 4
      vertex 20.5355 -61.5355 4
    endloop
  endfacet
  facet normal 0 0 1
    outer loop
      vertex 13.7942 -31.0486 4
      vertex 17.6526 -25.0428 4
      vertex 17 -25 4
    endloop
  endfacet
  facet normal 0 0 1
    outer loop
      vertex 20.5355 -61.5355 4
      vertex 14.3149 -57.5724 4
      vertex 20.0438 -61.9668 4
    endloop
  endfacet
  facet normal 0 0 1
    outer loop
      vertex 20.0438 -61.9668 4
      vertex 14.3149 -57.5724 4
      vertex 19.5 -62.3301 4
    endloop
  endfacet
  facet normal 0 0 1
    outer loop
      vertex 22 -30 4
      vertex 14.923 -34.4482 4
      vertex 15 -35.6492 4
    endloop
  endfacet
  facet normal 0 0 1
    outer loop
      vertex 22 -30 4
      vertex 14.6933 -33.2677 4
      vertex 14.923 -34.4482 4
    endloop
  endfacet
  facet normal 0 0 1
    outer loop
      vertex 22 -30 4
      vertex 14.3149 -32.1281 4
      vertex 14.6933 -33.2677 4
    endloop
  endfacet
  facet normal 0 0 1
    outer loop
      vertex 21.8296 -28.7059 4
      vertex 13.7942 -31.0486 4
      vertex 14.3149 -32.1281 4
    endloop
  endfacet
  facet normal 0 0 1
    outer loop
      vertex 17 -25 4
      vertex 13.1402 -30.0479 4
      vertex 13.7942 -31.0486 4
    endloop
  endfacet
  facet normal 0 0 1
    outer loop
      vertex 17 -25 4
      vertex 12.364 -29.143 4
      vertex 13.1402 -30.0479 4
    endloop
  endfacet
  facet normal 0 0 1
    outer loop
      vertex 17 -25 4
      vertex 11.4789 -28.3495 4
      vertex 12.364 -29.143 4
    endloop
  endfacet
  facet normal 0 0 1
    outer loop
      vertex 17 -25 4
      vertex 10.5 -27.6808 4
      vertex 11.4789 -28.3495 4
    endloop
  endfacet
  facet normal 0 0 1
    outer loop
      vertex 17 -25 4
      vertex 9.44415 -27.1485 4
      vertex 10.5 -27.6808 4
    endloop
  endfacet
  facet normal 0 0 1
    outer loop
      vertex 17 -25 4
      vertex 8.32937 -26.7616 4
      vertex 9.44415 -27.1485 4
    endloop
  endfacet
  facet normal 0 0 1
    outer loop
      vertex 17 -25 4
      vertex 7.17474 -26.5268 4
      vertex 8.32937 -26.7616 4
    endloop
  endfacet
  facet normal 0 0 1
    outer loop
      vertex 17 -25 4
      vertex 6 -26.4481 4
      vertex 7.17474 -26.5268 4
    endloop
  endfacet
  facet normal 0 0 1
    outer loop
      vertex 17 -25 4
      vertex -6 -26.4481 4
      vertex 6 -26.4481 4
    endloop
  endfacet
  facet normal 0 0 1
    outer loop
      vertex -14.923 -34.4482 4
      vertex -22 -30 4
      vertex -15 -35.6492 4
    endloop
  endfacet
  facet normal 0 0 1
    outer loop
      vertex -14.6933 -33.2677 4
      vertex -22 -30 4
      vertex -14.923 -34.4482 4
    endloop
  endfacet
  facet normal 0 0 1
    outer loop
      vertex -14.3149 -32.1281 4
      vertex -22 -30 4
      vertex -14.6933 -33.2677 4
    endloop
  endfacet
  facet normal 0 0 1
    outer loop
      vertex -13.7942 -31.0486 4
      vertex -22 -30 4
      vertex -14.3149 -32.1281 4
    endloop
  endfacet
  facet normal -0 0 1
    outer loop
      vertex -22 -30 4
      vertex -13.7942 -31.0486 4
      vertex -17 -25 4
    endloop
  endfacet
  facet normal 0 0 1
    outer loop
      vertex -13.1402 -30.0479 4
      vertex -17 -25 4
      vertex -13.7942 -31.0486 4
    endloop
  endfacet
  facet normal 0 0 1
    outer loop
      vertex -12.364 -29.143 4
      vertex -17 -25 4
      vertex -13.1402 -30.0479 4
    endloop
  endfacet
  facet normal 0 0 1
    outer loop
      vertex -11.4789 -28.3495 4
      vertex -17 -25 4
      vertex -12.364 -29.143 4
    endloop
  endfacet
  facet normal 0 0 1
    outer loop
      vertex -10.5 -27.6808 4
      vertex -17 -25 4
      vertex -11.4789 -28.3495 4
    endloop
  endfacet
  facet normal 0 0 1
    outer loop
      vertex -9.44415 -27.1485 4
      vertex -17 -25 4
      vertex -10.5 -27.6808 4
    endloop
  endfacet
  facet normal 0 0 1
    outer loop
      vertex -8.32937 -26.7616 4
      vertex -17 -25 4
      vertex -9.44415 -27.1485 4
    endloop
  endfacet
  facet normal 0 0 1
    outer loop
      vertex -7.17474 -26.5268 4
      vertex -17 -25 4
      vertex -8.32937 -26.7616 4
    endloop
  endfacet
  facet normal 0 0 1
    outer loop
      vertex -6 -26.4481 4
      vertex -17 -25 4
      vertex -7.17474 -26.5268 4
    endloop
  endfacet
  facet normal -0 0 1
    outer loop
      vertex -17 -25 4
      vertex -6 -26.4481 4
      vertex 17 -25 4
    endloop
  endfacet
  facet normal 0 0 1
    outer loop
      vertex 19.5 -62.3301 4
      vertex 14.3149 -57.5724 4
      vertex 18.9134 -62.6194 4
    endloop
  endfacet
  facet normal 0 0 1
    outer loop
      vertex 18.9134 -62.6194 4
      vertex 14.3149 -57.5724 4
      vertex 18.2941 -62.8296 4
    endloop
  endfacet
  facet normal 0 0 1
    outer loop
      vertex 18.2941 -62.8296 4
      vertex 14.3149 -57.5724 4
      vertex 17.6526 -62.9572 4
    endloop
  endfacet
  facet normal 0 0 1
    outer loop
      vertex 17.6526 -62.9572 4
      vertex 14.3149 -57.5724 4
      vertex 17 -63 4
    endloop
  endfacet
  facet normal -0 0 1
    outer loop
      vertex 13.7942 -58.6518 4
      vertex 17 -63 4
      vertex 14.3149 -57.5724 4
    endloop
  endfacet
  facet normal -0 0 1
    outer loop
      vertex 13.1402 -59.6525 4
      vertex 17 -63 4
      vertex 13.7942 -58.6518 4
    endloop
  endfacet
  facet normal -0 0 1
    outer loop
      vertex 12.364 -60.5574 4
      vertex 17 -63 4
      vertex 13.1402 -59.6525 4
    endloop
  endfacet
  facet normal -0 0 1
    outer loop
      vertex 11.4789 -61.351 4
      vertex 17 -63 4
      vertex 12.364 -60.5574 4
    endloop
  endfacet
  facet normal -0 0 1
    outer loop
      vertex 10.5 -62.0196 4
      vertex 17 -63 4
      vertex 11.4789 -61.351 4
    endloop
  endfacet
  facet normal -0 0 1
    outer loop
      vertex 9.44415 -62.552 4
      vertex 17 -63 4
      vertex 10.5 -62.0196 4
    endloop
  endfacet
  facet normal -0 0 1
    outer loop
      vertex 8.32937 -62.9388 4
      vertex 17 -63 4
      vertex 9.44415 -62.552 4
    endloop
  endfacet
  facet normal 0 0 1
    outer loop
      vertex 17 -63 4
      vertex 8.32937 -62.9388 4
      vertex 8.02861 -63 4
    endloop
  endfacet
  facet normal 0 0 1
    outer loop
      vertex -22 -58 4
      vertex -15 -35.6492 4
      vertex -22 -30 4
    endloop
  endfacet
  facet normal 0 0 1
    outer loop
      vertex -8.32937 -62.9388 4
      vertex -17 -63 4
      vertex -8.02861 -63 4
    endloop
  endfacet
  facet normal 0 0 1
    outer loop
      vertex -9.44415 -62.552 4
      vertex -17 -63 4
      vertex -8.32937 -62.9388 4
    endloop
  endfacet
  facet normal 0 0 1
    outer loop
      vertex -10.5 -62.0196 4
      vertex -17 -63 4
      vertex -9.44415 -62.552 4
    endloop
  endfacet
  facet normal 0 0 1
    outer loop
      vertex -11.4789 -61.351 4
      vertex -17 -63 4
      vertex -10.5 -62.0196 4
    endloop
  endfacet
  facet normal 0 0 1
    outer loop
      vertex -12.364 -60.5574 4
      vertex -17 -63 4
      vertex -11.4789 -61.351 4
    endloop
  endfacet
  facet normal 0 0 1
    outer loop
      vertex -13.1402 -59.6525 4
      vertex -17 -63 4
      vertex -12.364 -60.5574 4
    endloop
  endfacet
  facet normal 0 0 1
    outer loop
      vertex -13.7942 -58.6518 4
      vertex -17 -63 4
      vertex -13.1402 -59.6525 4
    endloop
  endfacet
  facet normal 0 0 1
    outer loop
      vertex -14.3149 -57.5724 4
      vertex -17 -63 4
      vertex -13.7942 -58.6518 4
    endloop
  endfacet
  facet normal 0 0 1
    outer loop
      vertex -21.8296 -59.2941 4
      vertex -14.3149 -57.5724 4
      vertex -14.6933 -56.4327 4
    endloop
  endfacet
  facet normal 0 0 1
    outer loop
      vertex -22 -58 4
      vertex -14.6933 -56.4327 4
      vertex -14.923 -55.2523 4
    endloop
  endfacet
  facet normal 0 0 1
    outer loop
      vertex -15 -35.6492 4
      vertex -22 -58 4
      vertex -15 -54.0513 4
    endloop
  endfacet
  facet normal 0 0 1
    outer loop
      vertex -22 -30 4
      vertex -17 -25 4
      vertex -17.6526 -25.0428 4
    endloop
  endfacet
  facet normal 0 0 1
    outer loop
      vertex -15 -54.0513 4
      vertex -22 -58 4
      vertex -14.923 -55.2523 4
    endloop
  endfacet
  facet normal 0 0 1
    outer loop
      vertex -22 -30 4
      vertex -17.6526 -25.0428 4
      vertex -18.2941 -25.1704 4
    endloop
  endfacet
  facet normal 0 0 1
    outer loop
      vertex -14.6933 -56.4327 4
      vertex -22 -58 4
      vertex -21.9572 -58.6526 4
    endloop
  endfacet
  facet normal 0 0 1
    outer loop
      vertex -22 -30 4
      vertex -18.2941 -25.1704 4
      vertex -18.9134 -25.3806 4
    endloop
  endfacet
  facet normal 0 0 1
    outer loop
      vertex -14.3149 -57.5724 4
      vertex -17.6526 -62.9572 4
      vertex -17 -63 4
    endloop
  endfacet
  facet normal 0 0 1
    outer loop
      vertex -22 -30 4
      vertex -18.9134 -25.3806 4
      vertex -19.5 -25.6699 4
    endloop
  endfacet
  facet normal 0 0 1
    outer loop
      vertex -14.3149 -57.5724 4
      vertex -18.2941 -62.8296 4
      vertex -17.6526 -62.9572 4
    endloop
  endfacet
  facet normal 0 0 1
    outer loop
      vertex -22 -30 4
      vertex -19.5 -25.6699 4
      vertex -20.0438 -26.0332 4
    endloop
  endfacet
  facet normal 0 0 1
    outer loop
      vertex -14.3149 -57.5724 4
      vertex -18.9134 -62.6194 4
      vertex -18.2941 -62.8296 4
    endloop
  endfacet
  facet normal 0 0 1
    outer loop
      vertex -22 -30 4
      vertex -20.0438 -26.0332 4
      vertex -20.5355 -26.4645 4
    endloop
  endfacet
  facet normal 0 0 1
    outer loop
      vertex -14.3149 -57.5724 4
      vertex -19.5 -62.3301 4
      vertex -18.9134 -62.6194 4
    endloop
  endfacet
  facet normal 0 0 1
    outer loop
      vertex -22 -30 4
      vertex -20.5355 -26.4645 4
      vertex -20.9668 -26.9562 4
    endloop
  endfacet
  facet normal 0 0 1
    outer loop
      vertex -14.3149 -57.5724 4
      vertex -20.0438 -61.9668 4
      vertex -19.5 -62.3301 4
    endloop
  endfacet
  facet normal 0 0 1
    outer loop
      vertex -22 -30 4
      vertex -20.9668 -26.9562 4
      vertex -21.3301 -27.5 4
    endloop
  endfacet
  facet normal 0 0 1
    outer loop
      vertex -14.3149 -57.5724 4
      vertex -20.5355 -61.5355 4
      vertex -20.0438 -61.9668 4
    endloop
  endfacet
  facet normal 0 0 1
    outer loop
      vertex -22 -30 4
      vertex -21.3301 -27.5 4
      vertex -21.6194 -28.0866 4
    endloop
  endfacet
  facet normal 0 0 1
    outer loop
      vertex -14.3149 -57.5724 4
      vertex -20.9668 -61.0438 4
      vertex -20.5355 -61.5355 4
    endloop
  endfacet
  facet normal 0 0 1
    outer loop
      vertex -22 -30 4
      vertex -21.6194 -28.0866 4
      vertex -21.8296 -28.7059 4
    endloop
  endfacet
  facet normal 0 0 1
    outer loop
      vertex -14.3149 -57.5724 4
      vertex -21.3301 -60.5 4
      vertex -20.9668 -61.0438 4
    endloop
  endfacet
  facet normal 0 0 1
    outer loop
      vertex -22 -30 4
      vertex -21.8296 -28.7059 4
      vertex -21.9572 -29.3474 4
    endloop
  endfacet
  facet normal 0 0 1
    outer loop
      vertex -14.3149 -57.5724 4
      vertex -21.6194 -59.9134 4
      vertex -21.3301 -60.5 4
    endloop
  endfacet
  facet normal 0 0 1
    outer loop
      vertex -14.3149 -57.5724 4
      vertex -21.8296 -59.2941 4
      vertex -21.6194 -59.9134 4
    endloop
  endfacet
  facet normal 0 0 1
    outer loop
      vertex -14.6933 -56.4327 4
      vertex -21.9572 -58.6526 4
      vertex -21.8296 -59.2941 4
    endloop
  endfacet
  facet normal 0 0 -1
    outer loop
      vertex 6 -63.2524 4
      vertex 8.02861 -63 4
      vertex 7.17474 -63.1736 4
    endloop
  endfacet
  facet normal 0 0 -1
    outer loop
      vertex -6 -63.2524 4
      vertex 8.02861 -63 4
      vertex 6 -63.2524 4
    endloop
  endfacet
  facet normal 0 0 -1
    outer loop
      vertex -8.02861 -63 4
      vertex -6 -63.2524 4
      vertex -7.17474 -63.1736 4
    endloop
  endfacet
  facet normal 0 0 -1
    outer loop
      vertex -6 -63.2524 4
      vertex -8.02861 -63 4
      vertex 8.02861 -63 4
    endloop
  endfacet
  facet normal 0.194994 0.980804 -0
    outer loop
      vertex 1.09998 -27.8948 10.8063
      vertex 0.554736 -27.7864 12
      vertex 1.09998 -27.8948 12
    endloop
  endfacet
  facet normal 0.194994 0.980804 0
    outer loop
      vertex 0.554736 -27.7864 12
      vertex 1.09998 -27.8948 10.8063
      vertex 0.554736 -27.7864 10.296
    endloop
  endfacet
  facet normal -0.065476 0.997854 0
    outer loop
      vertex 0 -27.75 12
      vertex -0.554736 -27.7864 10.296
      vertex -0.554736 -27.7864 12
    endloop
  endfacet
  facet normal -0.065476 0.997854 0
    outer loop
      vertex -0.554736 -27.7864 10.296
      vertex 0 -27.75 12
      vertex 0 -27.75 10.125
    endloop
  endfacet
  facet normal -0.321447 0.946928 0
    outer loop
      vertex -1.09998 -27.8948 12
      vertex -1.6264 -28.0735 11.647
      vertex -1.6264 -28.0735 12
    endloop
  endfacet
  facet normal -0.321447 0.946928 0
    outer loop
      vertex -1.6264 -28.0735 11.647
      vertex -1.09998 -27.8948 12
      vertex -1.09998 -27.8948 10.8063
    endloop
  endfacet
  facet normal -0.194994 0.980804 0
    outer loop
      vertex -0.554736 -27.7864 12
      vertex -1.09998 -27.8948 10.8063
      vertex -1.09998 -27.8948 12
    endloop
  endfacet
  facet normal -0.194994 0.980804 0
    outer loop
      vertex -1.09998 -27.8948 10.8063
      vertex -0.554736 -27.7864 12
      vertex -0.554736 -27.7864 10.296
    endloop
  endfacet
  facet normal 0 0 1
    outer loop
      vertex 1.09998 -27.8948 12
      vertex 1.77856 -28.1485 12
      vertex 1.6264 -28.0735 12
    endloop
  endfacet
  facet normal 0 0 1
    outer loop
      vertex 0.554736 -27.7864 12
      vertex 1.77856 -28.1485 12
      vertex 1.09998 -27.8948 12
    endloop
  endfacet
  facet normal 0 0 1
    outer loop
      vertex 0 -27.75 12
      vertex 1.77856 -28.1485 12
      vertex 0.554736 -27.7864 12
    endloop
  endfacet
  facet normal -0 0 1
    outer loop
      vertex -0.554736 -27.7864 12
      vertex 1.77856 -28.1485 12
      vertex 0 -27.75 12
    endloop
  endfacet
  facet normal -0 0 1
    outer loop
      vertex -1.09998 -27.8948 12
      vertex 1.77856 -28.1485 12
      vertex -0.554736 -27.7864 12
    endloop
  endfacet
  facet normal 0 0 1
    outer loop
      vertex -1.77856 -28.1485 12
      vertex -1.09998 -27.8948 12
      vertex -1.6264 -28.0735 12
    endloop
  endfacet
  facet normal 0 0 1
    outer loop
      vertex -1.09998 -27.8948 12
      vertex -1.77856 -28.1485 12
      vertex 1.77856 -28.1485 12
    endloop
  endfacet
  facet normal 0 0 -1
    outer loop
      vertex 0.791389 -33.0314 0
      vertex 1.91342 -39.3806 0
      vertex 1.2941 -39.1704 0
    endloop
  endfacet
  facet normal 0 0 -1
    outer loop
      vertex 1.91342 -39.3806 0
      vertex 1.28888 -32.1697 0
      vertex 1.3 -32 0
    endloop
  endfacet
  facet normal 0 0 -1
    outer loop
      vertex 1.91342 -39.3806 0
      vertex 1.2557 -32.3365 0
      vertex 1.28888 -32.1697 0
    endloop
  endfacet
  facet normal 0 0 -1
    outer loop
      vertex 1.91342 -39.3806 0
      vertex 1.20104 -32.4975 0
      vertex 1.2557 -32.3365 0
    endloop
  endfacet
  facet normal 0 0 -1
    outer loop
      vertex 1.91342 -39.3806 0
      vertex 1.12583 -32.65 0
      vertex 1.20104 -32.4975 0
    endloop
  endfacet
  facet normal 0 0 -1
    outer loop
      vertex 1.91342 -39.3806 0
      vertex 1.03136 -32.7914 0
      vertex 1.12583 -32.65 0
    endloop
  endfacet
  facet normal 0 0 -1
    outer loop
      vertex 1.91342 -39.3806 0
      vertex 0.919238 -32.9192 0
      vertex 1.03136 -32.7914 0
    endloop
  endfacet
  facet normal 0 0 -1
    outer loop
      vertex 1.91342 -39.3806 0
      vertex 0.791389 -33.0314 0
      vertex 0.919238 -32.9192 0
    endloop
  endfacet
  facet normal 0 0 -1
    outer loop
      vertex 0.497488 -33.201 0
      vertex 1.2941 -39.1704 0
      vertex 0.652631 -39.0428 0
    endloop
  endfacet
  facet normal 0 0 -1
    outer loop
      vertex 1.2941 -39.1704 0
      vertex 0.65 -33.1258 0
      vertex 0.791389 -33.0314 0
    endloop
  endfacet
  facet normal 0 0 -1
    outer loop
      vertex 1.2941 -39.1704 0
      vertex 0.497488 -33.201 0
      vertex 0.65 -33.1258 0
    endloop
  endfacet
  facet normal 0 0 -1
    outer loop
      vertex 0.652631 -39.0428 0
      vertex 0.336464 -33.2557 0
      vertex 0.497488 -33.201 0
    endloop
  endfacet
  facet normal 0 0 -1
    outer loop
      vertex 0.652631 -39.0428 0
      vertex 0.169683 -33.2889 0
      vertex 0.336464 -33.2557 0
    endloop
  endfacet
  facet normal 0 0 -1
    outer loop
      vertex 0 -39 0
      vertex 0.169683 -33.2889 0
      vertex 0.652631 -39.0428 0
    endloop
  endfacet
  facet normal 0 0 -1
    outer loop
      vertex 0 -39 0
      vertex 0 -33.3 0
      vertex 0.169683 -33.2889 0
    endloop
  endfacet
  facet normal 0 0 -1
    outer loop
      vertex 0 -39 0
      vertex -0.169683 -33.2889 0
      vertex 0 -33.3 0
    endloop
  endfacet
  facet normal 0 0 -1
    outer loop
      vertex -0.652631 -39.0428 0
      vertex -0.169683 -33.2889 0
      vertex 0 -39 0
    endloop
  endfacet
  facet normal -0 0 -1
    outer loop
      vertex -0.169683 -33.2889 0
      vertex -0.652631 -39.0428 0
      vertex -0.336464 -33.2557 0
    endloop
  endfacet
  facet normal -0 0 -1
    outer loop
      vertex -0.336464 -33.2557 0
      vertex -0.652631 -39.0428 0
      vertex -0.497488 -33.201 0
    endloop
  endfacet
  facet normal 0 0 -1
    outer loop
      vertex -1.2941 -39.1704 0
      vertex -0.497488 -33.201 0
      vertex -0.652631 -39.0428 0
    endloop
  endfacet
  facet normal -0 0 -1
    outer loop
      vertex -0.497488 -33.201 0
      vertex -1.2941 -39.1704 0
      vertex -0.65 -33.1258 0
    endloop
  endfacet
  facet normal -0 0 -1
    outer loop
      vertex -0.65 -33.1258 0
      vertex -1.2941 -39.1704 0
      vertex -0.791389 -33.0314 0
    endloop
  endfacet
  facet normal 0 0 -1
    outer loop
      vertex -1.91342 -39.3806 0
      vertex -0.791389 -33.0314 0
      vertex -1.2941 -39.1704 0
    endloop
  endfacet
  facet normal -0 0 -1
    outer loop
      vertex -0.791389 -33.0314 0
      vertex -1.91342 -39.3806 0
      vertex -0.919238 -32.9192 0
    endloop
  endfacet
  facet normal 0 0 -1
    outer loop
      vertex -2.5 -39.6699 0
      vertex -0.919238 -32.9192 0
      vertex -1.91342 -39.3806 0
    endloop
  endfacet
  facet normal -0 0 -1
    outer loop
      vertex -0.919238 -32.9192 0
      vertex -2.5 -39.6699 0
      vertex -1.03136 -32.7914 0
    endloop
  endfacet
  facet normal -0 0 -1
    outer loop
      vertex -1.03136 -32.7914 0
      vertex -2.5 -39.6699 0
      vertex -1.12583 -32.65 0
    endloop
  endfacet
  facet normal 0 0 -1
    outer loop
      vertex -3.04381 -40.0332 0
      vertex -1.12583 -32.65 0
      vertex -2.5 -39.6699 0
    endloop
  endfacet
  facet normal -0 0 -1
    outer loop
      vertex -1.12583 -32.65 0
      vertex -3.04381 -40.0332 0
      vertex -1.20104 -32.4975 0
    endloop
  endfacet
  facet normal 0 0 -1
    outer loop
      vertex -3.53553 -40.4645 0
      vertex -1.20104 -32.4975 0
      vertex -3.04381 -40.0332 0
    endloop
  endfacet
  facet normal 0 0 -1
    outer loop
      vertex 17 -63 0
      vertex 22 -58 0
      vertex 21.9572 -58.6526 0
    endloop
  endfacet
  facet normal 0 0 -1
    outer loop
      vertex 22 -58 0
      vertex 5 -44 0
      vertex 22 -30 0
    endloop
  endfacet
  facet normal 0 0 -1
    outer loop
      vertex 17 -63 0
      vertex 21.9572 -58.6526 0
      vertex 21.8296 -59.2941 0
    endloop
  endfacet
  facet normal 0 0 -1
    outer loop
      vertex 4.95722 -43.3474 0
      vertex 22 -30 0
      vertex 5 -44 0
    endloop
  endfacet
  facet normal 0 0 -1
    outer loop
      vertex 17 -63 0
      vertex 21.8296 -59.2941 0
      vertex 21.6194 -59.9134 0
    endloop
  endfacet
  facet normal 0 0 -1
    outer loop
      vertex 4.82963 -42.7059 0
      vertex 22 -30 0
      vertex 4.95722 -43.3474 0
    endloop
  endfacet
  facet normal 0 0 -1
    outer loop
      vertex 17 -63 0
      vertex 21.6194 -59.9134 0
      vertex 21.3301 -60.5 0
    endloop
  endfacet
  facet normal 0 0 -1
    outer loop
      vertex 4.6194 -42.0866 0
      vertex 22 -30 0
      vertex 4.82963 -42.7059 0
    endloop
  endfacet
  facet normal 0 0 -1
    outer loop
      vertex 17 -63 0
      vertex 21.3301 -60.5 0
      vertex 20.9668 -61.0438 0
    endloop
  endfacet
  facet normal 0 0 -1
    outer loop
      vertex 4.33013 -41.5 0
      vertex 22 -30 0
      vertex 4.6194 -42.0866 0
    endloop
  endfacet
  facet normal 0 0 -1
    outer loop
      vertex 17 -63 0
      vertex 20.9668 -61.0438 0
      vertex 20.5355 -61.5355 0
    endloop
  endfacet
  facet normal 0 0 -1
    outer loop
      vertex 3.96677 -40.9562 0
      vertex 22 -30 0
      vertex 4.33013 -41.5 0
    endloop
  endfacet
  facet normal 0 0 -1
    outer loop
      vertex 17 -63 0
      vertex 20.5355 -61.5355 0
      vertex 20.0438 -61.9668 0
    endloop
  endfacet
  facet normal 0 -0 -1
    outer loop
      vertex 17 -25 0
      vertex 22 -30 0
      vertex 3.96677 -40.9562 0
    endloop
  endfacet
  facet normal 0 0 -1
    outer loop
      vertex 17 -63 0
      vertex 20.0438 -61.9668 0
      vertex 19.5 -62.3301 0
    endloop
  endfacet
  facet normal 0 0 -1
    outer loop
      vertex 22 -30 0
      vertex 17 -25 0
      vertex 21.9572 -29.3474 0
    endloop
  endfacet
  facet normal 0 0 -1
    outer loop
      vertex 17 -63 0
      vertex 19.5 -62.3301 0
      vertex 18.9134 -62.6194 0
    endloop
  endfacet
  facet normal 0 0 -1
    outer loop
      vertex 21.8296 -28.7059 0
      vertex 17 -25 0
      vertex 21.6194 -28.0866 0
    endloop
  endfacet
  facet normal 0 0 -1
    outer loop
      vertex 17 -63 0
      vertex 18.9134 -62.6194 0
      vertex 18.2941 -62.8296 0
    endloop
  endfacet
  facet normal 0 0 -1
    outer loop
      vertex 21.6194 -28.0866 0
      vertex 17 -25 0
      vertex 21.3301 -27.5 0
    endloop
  endfacet
  facet normal 0 0 -1
    outer loop
      vertex 17 -63 0
      vertex 18.2941 -62.8296 0
      vertex 17.6526 -62.9572 0
    endloop
  endfacet
  facet normal 0 0 -1
    outer loop
      vertex 21.3301 -27.5 0
      vertex 17 -25 0
      vertex 20.9668 -26.9562 0
    endloop
  endfacet
  facet normal -0 0 -1
    outer loop
      vertex 22 -58 0
      vertex 17 -63 0
      vertex 3.96677 -47.0438 0
    endloop
  endfacet
  facet normal 0 0 -1
    outer loop
      vertex 20.9668 -26.9562 0
      vertex 17 -25 0
      vertex 20.5355 -26.4645 0
    endloop
  endfacet
  facet normal 0 0 -1
    outer loop
      vertex 20.0438 -26.0332 0
      vertex 17 -25 0
      vertex 19.5 -25.6699 0
    endloop
  endfacet
  facet normal 0 0 -1
    outer loop
      vertex 22 -58 0
      vertex 4.95722 -44.6526 0
      vertex 5 -44 0
    endloop
  endfacet
  facet normal 0 0 -1
    outer loop
      vertex 22 -58 0
      vertex 4.82963 -45.2941 0
      vertex 4.95722 -44.6526 0
    endloop
  endfacet
  facet normal 0 0 -1
    outer loop
      vertex 22 -58 0
      vertex 4.6194 -45.9134 0
      vertex 4.82963 -45.2941 0
    endloop
  endfacet
  facet normal 0 0 -1
    outer loop
      vertex 22 -58 0
      vertex 4.33013 -46.5 0
      vertex 4.6194 -45.9134 0
    endloop
  endfacet
  facet normal 0 0 -1
    outer loop
      vertex 22 -58 0
      vertex 3.96677 -47.0438 0
      vertex 4.33013 -46.5 0
    endloop
  endfacet
  facet normal 0 0 -1
    outer loop
      vertex 17 -63 0
      vertex 3.53553 -47.5355 0
      vertex 3.96677 -47.0438 0
    endloop
  endfacet
  facet normal 0 0 -1
    outer loop
      vertex 1.28888 -55.8303 0
      vertex 3.53553 -47.5355 0
      vertex 17 -63 0
    endloop
  endfacet
  facet normal 0 0 -1
    outer loop
      vertex 1.2557 -55.6635 0
      vertex 3.53553 -47.5355 0
      vertex 1.28888 -55.8303 0
    endloop
  endfacet
  facet normal 0 0 -1
    outer loop
      vertex 3.53553 -47.5355 0
      vertex 1.20104 -55.5025 0
      vertex 3.04381 -47.9668 0
    endloop
  endfacet
  facet normal 0 0 -1
    outer loop
      vertex 1.28888 -55.8303 0
      vertex 17 -63 0
      vertex 1.3 -56 0
    endloop
  endfacet
  facet normal 0 0 -1
    outer loop
      vertex 17 -63 0
      vertex 1.28888 -56.1697 0
      vertex 1.3 -56 0
    endloop
  endfacet
  facet normal 0 0 -1
    outer loop
      vertex 17 -63 0
      vertex 1.2557 -56.3365 0
      vertex 1.28888 -56.1697 0
    endloop
  endfacet
  facet normal 0 0 -1
    outer loop
      vertex 17 -63 0
      vertex 1.20104 -56.4975 0
      vertex 1.2557 -56.3365 0
    endloop
  endfacet
  facet normal 0 0 -1
    outer loop
      vertex 17 -63 0
      vertex 1.12583 -56.65 0
      vertex 1.20104 -56.4975 0
    endloop
  endfacet
  facet normal 0 0 -1
    outer loop
      vertex 17 -63 0
      vertex 1.03136 -56.7914 0
      vertex 1.12583 -56.65 0
    endloop
  endfacet
  facet normal 0 0 -1
    outer loop
      vertex 17 -63 0
      vertex 0.919238 -56.9192 0
      vertex 1.03136 -56.7914 0
    endloop
  endfacet
  facet normal 0 0 -1
    outer loop
      vertex 17 -63 0
      vertex 0.791389 -57.0314 0
      vertex 0.919238 -56.9192 0
    endloop
  endfacet
  facet normal 0 0 -1
    outer loop
      vertex 17 -63 0
      vertex 0.65 -57.1258 0
      vertex 0.791389 -57.0314 0
    endloop
  endfacet
  facet normal 0 0 -1
    outer loop
      vertex 17 -63 0
      vertex 0.497488 -57.201 0
      vertex 0.65 -57.1258 0
    endloop
  endfacet
  facet normal 0 0 -1
    outer loop
      vertex 17 -63 0
      vertex 0.336464 -57.2557 0
      vertex 0.497488 -57.201 0
    endloop
  endfacet
  facet normal 0 0 -1
    outer loop
      vertex 17 -63 0
      vertex 0.169683 -57.2889 0
      vertex 0.336464 -57.2557 0
    endloop
  endfacet
  facet normal 0 0 -1
    outer loop
      vertex 17 -63 0
      vertex 0 -57.3 0
      vertex 0.169683 -57.2889 0
    endloop
  endfacet
  facet normal 0 0 -1
    outer loop
      vertex -17 -63 0
      vertex 0 -57.3 0
      vertex 17 -63 0
    endloop
  endfacet
  facet normal -0 0 -1
    outer loop
      vertex 0 -57.3 0
      vertex -17 -63 0
      vertex -0.169683 -57.2889 0
    endloop
  endfacet
  facet normal 0 0 -1
    outer loop
      vertex -17 -63 0
      vertex -1.3 -56 0
      vertex -1.28888 -56.1697 0
    endloop
  endfacet
  facet normal 0 0 -1
    outer loop
      vertex -1.3 -56 0
      vertex -2.5 -48.3301 0
      vertex -1.91342 -48.6194 0
    endloop
  endfacet
  facet normal 0 0 -1
    outer loop
      vertex -1.3 -56 0
      vertex -3.04381 -47.9668 0
      vertex -2.5 -48.3301 0
    endloop
  endfacet
  facet normal 0 0 -1
    outer loop
      vertex -17 -63 0
      vertex -1.28888 -56.1697 0
      vertex -1.2557 -56.3365 0
    endloop
  endfacet
  facet normal 0 0 -1
    outer loop
      vertex -1.3 -56 0
      vertex -3.53553 -47.5355 0
      vertex -3.04381 -47.9668 0
    endloop
  endfacet
  facet normal -0 0 -1
    outer loop
      vertex -1.3 -56 0
      vertex -17 -63 0
      vertex -3.53553 -47.5355 0
    endloop
  endfacet
  facet normal -0 0 -1
    outer loop
      vertex -3.53553 -47.5355 0
      vertex -17 -63 0
      vertex -3.96677 -47.0438 0
    endloop
  endfacet
  facet normal 0 0 -1
    outer loop
      vertex -22 -58 0
      vertex -3.96677 -47.0438 0
      vertex -17 -63 0
    endloop
  endfacet
  facet normal -0 0 -1
    outer loop
      vertex -3.96677 -47.0438 0
      vertex -22 -58 0
      vertex -4.33013 -46.5 0
    endloop
  endfacet
  facet normal -0 0 -1
    outer loop
      vertex -4.82963 -45.2941 0
      vertex -22 -58 0
      vertex -4.95722 -44.6526 0
    endloop
  endfacet
  facet normal -0 0 -1
    outer loop
      vertex -4.6194 -45.9134 0
      vertex -22 -58 0
      vertex -4.82963 -45.2941 0
    endloop
  endfacet
  facet normal -0 0 -1
    outer loop
      vertex -4.33013 -46.5 0
      vertex -22 -58 0
      vertex -4.6194 -45.9134 0
    endloop
  endfacet
  facet normal -0 0 -1
    outer loop
      vertex -1.20104 -56.4975 0
      vertex -17 -63 0
      vertex -1.2557 -56.3365 0
    endloop
  endfacet
  facet normal -0 0 -1
    outer loop
      vertex -1.12583 -56.65 0
      vertex -17 -63 0
      vertex -1.20104 -56.4975 0
    endloop
  endfacet
  facet normal -0 0 -1
    outer loop
      vertex -1.03136 -56.7914 0
      vertex -17 -63 0
      vertex -1.12583 -56.65 0
    endloop
  endfacet
  facet normal -0 0 -1
    outer loop
      vertex -0.919238 -56.9192 0
      vertex -17 -63 0
      vertex -1.03136 -56.7914 0
    endloop
  endfacet
  facet normal -0 0 -1
    outer loop
      vertex -0.791389 -57.0314 0
      vertex -17 -63 0
      vertex -0.919238 -56.9192 0
    endloop
  endfacet
  facet normal -0 0 -1
    outer loop
      vertex -0.65 -57.1258 0
      vertex -17 -63 0
      vertex -0.791389 -57.0314 0
    endloop
  endfacet
  facet normal -0 0 -1
    outer loop
      vertex -0.497488 -57.201 0
      vertex -17 -63 0
      vertex -0.65 -57.1258 0
    endloop
  endfacet
  facet normal -0 0 -1
    outer loop
      vertex -0.336464 -57.2557 0
      vertex -17 -63 0
      vertex -0.497488 -57.201 0
    endloop
  endfacet
  facet normal -0 0 -1
    outer loop
      vertex -0.169683 -57.2889 0
      vertex -17 -63 0
      vertex -0.336464 -57.2557 0
    endloop
  endfacet
  facet normal 0 0 -1
    outer loop
      vertex 19.5 -25.6699 0
      vertex 17 -25 0
      vertex 18.9134 -25.3806 0
    endloop
  endfacet
  facet normal 0 0 -1
    outer loop
      vertex 18.9134 -25.3806 0
      vertex 17 -25 0
      vertex 18.2941 -25.1704 0
    endloop
  endfacet
  facet normal 0 0 -1
    outer loop
      vertex 18.2941 -25.1704 0
      vertex 17 -25 0
      vertex 17.6526 -25.0428 0
    endloop
  endfacet
  facet normal 0 0 -1
    outer loop
      vertex 20.5355 -26.4645 0
      vertex 17 -25 0
      vertex 20.0438 -26.0332 0
    endloop
  endfacet
  facet normal 0 0 -1
    outer loop
      vertex 21.9572 -29.3474 0
      vertex 17 -25 0
      vertex 21.8296 -28.7059 0
    endloop
  endfacet
  facet normal 0 0 -1
    outer loop
      vertex 3.53553 -40.4645 0
      vertex 17 -25 0
      vertex 3.96677 -40.9562 0
    endloop
  endfacet
  facet normal 0 0 -1
    outer loop
      vertex 1.3 -32 0
      vertex 3.53553 -40.4645 0
      vertex 3.04381 -40.0332 0
    endloop
  endfacet
  facet normal 0 0 -1
    outer loop
      vertex 1.3 -32 0
      vertex 3.04381 -40.0332 0
      vertex 2.5 -39.6699 0
    endloop
  endfacet
  facet normal 0 0 -1
    outer loop
      vertex 1.3 -32 0
      vertex 2.5 -39.6699 0
      vertex 1.91342 -39.3806 0
    endloop
  endfacet
  facet normal 0 0 -1
    outer loop
      vertex 3.53553 -40.4645 0
      vertex 1.3 -32 0
      vertex 17 -25 0
    endloop
  endfacet
  facet normal 0 0 -1
    outer loop
      vertex 1.28888 -31.8303 0
      vertex 17 -25 0
      vertex 1.3 -32 0
    endloop
  endfacet
  facet normal 0 0 -1
    outer loop
      vertex 1.2557 -31.6635 0
      vertex 17 -25 0
      vertex 1.28888 -31.8303 0
    endloop
  endfacet
  facet normal 0 0 -1
    outer loop
      vertex 1.20104 -31.5025 0
      vertex 17 -25 0
      vertex 1.2557 -31.6635 0
    endloop
  endfacet
  facet normal 0 0 -1
    outer loop
      vertex 1.12583 -31.35 0
      vertex 17 -25 0
      vertex 1.20104 -31.5025 0
    endloop
  endfacet
  facet normal 0 0 -1
    outer loop
      vertex 1.03136 -31.2086 0
      vertex 17 -25 0
      vertex 1.12583 -31.35 0
    endloop
  endfacet
  facet normal 0 0 -1
    outer loop
      vertex 0.919238 -31.0808 0
      vertex 17 -25 0
      vertex 1.03136 -31.2086 0
    endloop
  endfacet
  facet normal 0 0 -1
    outer loop
      vertex 0.791389 -30.9686 0
      vertex 17 -25 0
      vertex 0.919238 -31.0808 0
    endloop
  endfacet
  facet normal 0 0 -1
    outer loop
      vertex 0.65 -30.8742 0
      vertex 17 -25 0
      vertex 0.791389 -30.9686 0
    endloop
  endfacet
  facet normal 0 0 -1
    outer loop
      vertex 0.497488 -30.799 0
      vertex 17 -25 0
      vertex 0.65 -30.8742 0
    endloop
  endfacet
  facet normal 0 0 -1
    outer loop
      vertex 0.336464 -30.7443 0
      vertex 17 -25 0
      vertex 0.497488 -30.799 0
    endloop
  endfacet
  facet normal 0 0 -1
    outer loop
      vertex 0.169683 -30.7111 0
      vertex 17 -25 0
      vertex 0.336464 -30.7443 0
    endloop
  endfacet
  facet normal 0 0 -1
    outer loop
      vertex 0 -30.7 0
      vertex 17 -25 0
      vertex 0.169683 -30.7111 0
    endloop
  endfacet
  facet normal 0 0 -1
    outer loop
      vertex -17 -25 0
      vertex 0 -30.7 0
      vertex -0.169683 -30.7111 0
    endloop
  endfacet
  facet normal 0 0 -1
    outer loop
      vertex -17 -25 0
      vertex -0.169683 -30.7111 0
      vertex -0.336464 -30.7443 0
    endloop
  endfacet
  facet normal -0 0 -1
    outer loop
      vertex -1.20104 -32.4975 0
      vertex -3.53553 -40.4645 0
      vertex -1.2557 -32.3365 0
    endloop
  endfacet
  facet normal -0 0 -1
    outer loop
      vertex -1.2557 -32.3365 0
      vertex -3.53553 -40.4645 0
      vertex -1.28888 -32.1697 0
    endloop
  endfacet
  facet normal 0 0 -1
    outer loop
      vertex -17 -25 0
      vertex -1.28888 -32.1697 0
      vertex -3.53553 -40.4645 0
    endloop
  endfacet
  facet normal 0 0 -1
    outer loop
      vertex -1.28888 -32.1697 0
      vertex -17 -25 0
      vertex -1.3 -32 0
    endloop
  endfacet
  facet normal 0 0 -1
    outer loop
      vertex -1.3 -32 0
      vertex -17 -25 0
      vertex -1.28888 -31.8303 0
    endloop
  endfacet
  facet normal 0 0 -1
    outer loop
      vertex -17 -25 0
      vertex -3.53553 -40.4645 0
      vertex -3.96677 -40.9562 0
    endloop
  endfacet
  facet normal 0 0 -1
    outer loop
      vertex -22 -30 0
      vertex -3.96677 -40.9562 0
      vertex -4.33013 -41.5 0
    endloop
  endfacet
  facet normal 0 0 -1
    outer loop
      vertex -22 -30 0
      vertex -4.33013 -41.5 0
      vertex -4.6194 -42.0866 0
    endloop
  endfacet
  facet normal 0 0 -1
    outer loop
      vertex -22 -30 0
      vertex -4.6194 -42.0866 0
      vertex -4.82963 -42.7059 0
    endloop
  endfacet
  facet normal -0 0 -1
    outer loop
      vertex -4.95722 -44.6526 0
      vertex -22 -58 0
      vertex -5 -44 0
    endloop
  endfacet
  facet normal 0 0 -1
    outer loop
      vertex -22 -30 0
      vertex -5 -44 0
      vertex -22 -58 0
    endloop
  endfacet
  facet normal 0 0 -1
    outer loop
      vertex -5 -44 0
      vertex -22 -30 0
      vertex -4.95722 -43.3474 0
    endloop
  endfacet
  facet normal 0 0 -1
    outer loop
      vertex -4.95722 -43.3474 0
      vertex -22 -30 0
      vertex -4.82963 -42.7059 0
    endloop
  endfacet
  facet normal 0 0 -1
    outer loop
      vertex -3.96677 -40.9562 0
      vertex -22 -30 0
      vertex -17 -25 0
    endloop
  endfacet
  facet normal 0 0 -1
    outer loop
      vertex 0 -30.7 0
      vertex -17 -25 0
      vertex 17 -25 0
    endloop
  endfacet
  facet normal 0 0 -1
    outer loop
      vertex -0.497488 -30.799 0
      vertex -17 -25 0
      vertex -0.336464 -30.7443 0
    endloop
  endfacet
  facet normal 0 0 -1
    outer loop
      vertex -0.65 -30.8742 0
      vertex -17 -25 0
      vertex -0.497488 -30.799 0
    endloop
  endfacet
  facet normal 0 0 -1
    outer loop
      vertex -0.791389 -30.9686 0
      vertex -17 -25 0
      vertex -0.65 -30.8742 0
    endloop
  endfacet
  facet normal 0 0 -1
    outer loop
      vertex -0.919238 -31.0808 0
      vertex -17 -25 0
      vertex -0.791389 -30.9686 0
    endloop
  endfacet
  facet normal 0 0 -1
    outer loop
      vertex -1.03136 -31.2086 0
      vertex -17 -25 0
      vertex -0.919238 -31.0808 0
    endloop
  endfacet
  facet normal 0 0 -1
    outer loop
      vertex -1.12583 -31.35 0
      vertex -17 -25 0
      vertex -1.03136 -31.2086 0
    endloop
  endfacet
  facet normal 0 0 -1
    outer loop
      vertex -1.28888 -31.8303 0
      vertex -17 -25 0
      vertex -1.2557 -31.6635 0
    endloop
  endfacet
  facet normal 0 0 -1
    outer loop
      vertex -22 -58 0
      vertex -17 -63 0
      vertex -17.6526 -62.9572 0
    endloop
  endfacet
  facet normal 0 0 -1
    outer loop
      vertex -1.2557 -31.6635 0
      vertex -17 -25 0
      vertex -1.20104 -31.5025 0
    endloop
  endfacet
  facet normal 0 0 -1
    outer loop
      vertex -22 -58 0
      vertex -17.6526 -62.9572 0
      vertex -18.2941 -62.8296 0
    endloop
  endfacet
  facet normal 0 0 -1
    outer loop
      vertex -1.20104 -31.5025 0
      vertex -17 -25 0
      vertex -1.12583 -31.35 0
    endloop
  endfacet
  facet normal 0 0 -1
    outer loop
      vertex -22 -58 0
      vertex -18.2941 -62.8296 0
      vertex -18.9134 -62.6194 0
    endloop
  endfacet
  facet normal 0 0 -1
    outer loop
      vertex -17 -25 0
      vertex -22 -30 0
      vertex -17.6526 -25.0428 0
    endloop
  endfacet
  facet normal 0 0 -1
    outer loop
      vertex -22 -58 0
      vertex -18.9134 -62.6194 0
      vertex -19.5 -62.3301 0
    endloop
  endfacet
  facet normal 0 0 -1
    outer loop
      vertex -17.6526 -25.0428 0
      vertex -22 -30 0
      vertex -18.2941 -25.1704 0
    endloop
  endfacet
  facet normal 0 0 -1
    outer loop
      vertex -22 -58 0
      vertex -19.5 -62.3301 0
      vertex -20.0438 -61.9668 0
    endloop
  endfacet
  facet normal 0 0 -1
    outer loop
      vertex -18.2941 -25.1704 0
      vertex -22 -30 0
      vertex -18.9134 -25.3806 0
    endloop
  endfacet
  facet normal 0 0 -1
    outer loop
      vertex -22 -58 0
      vertex -20.0438 -61.9668 0
      vertex -20.5355 -61.5355 0
    endloop
  endfacet
  facet normal 0 0 -1
    outer loop
      vertex -18.9134 -25.3806 0
      vertex -22 -30 0
      vertex -19.5 -25.6699 0
    endloop
  endfacet
  facet normal 0 0 -1
    outer loop
      vertex -22 -58 0
      vertex -20.5355 -61.5355 0
      vertex -20.9668 -61.0438 0
    endloop
  endfacet
  facet normal 0 0 -1
    outer loop
      vertex -19.5 -25.6699 0
      vertex -22 -30 0
      vertex -20.0438 -26.0332 0
    endloop
  endfacet
  facet normal 0 0 -1
    outer loop
      vertex -22 -58 0
      vertex -20.9668 -61.0438 0
      vertex -21.3301 -60.5 0
    endloop
  endfacet
  facet normal 0 0 -1
    outer loop
      vertex -20.0438 -26.0332 0
      vertex -22 -30 0
      vertex -20.5355 -26.4645 0
    endloop
  endfacet
  facet normal 0 0 -1
    outer loop
      vertex -22 -58 0
      vertex -21.3301 -60.5 0
      vertex -21.6194 -59.9134 0
    endloop
  endfacet
  facet normal 0 0 -1
    outer loop
      vertex -20.5355 -26.4645 0
      vertex -22 -30 0
      vertex -20.9668 -26.9562 0
    endloop
  endfacet
  facet normal 0 0 -1
    outer loop
      vertex -22 -58 0
      vertex -21.6194 -59.9134 0
      vertex -21.8296 -59.2941 0
    endloop
  endfacet
  facet normal 0 0 -1
    outer loop
      vertex -20.9668 -26.9562 0
      vertex -22 -30 0
      vertex -21.3301 -27.5 0
    endloop
  endfacet
  facet normal 0 0 -1
    outer loop
      vertex -22 -58 0
      vertex -21.8296 -59.2941 0
      vertex -21.9572 -58.6526 0
    endloop
  endfacet
  facet normal 0 0 -1
    outer loop
      vertex -21.3301 -27.5 0
      vertex -22 -30 0
      vertex -21.6194 -28.0866 0
    endloop
  endfacet
  facet normal 0 0 -1
    outer loop
      vertex -21.6194 -28.0866 0
      vertex -22 -30 0
      vertex -21.8296 -28.7059 0
    endloop
  endfacet
  facet normal 0 0 -1
    outer loop
      vertex -21.8296 -28.7059 0
      vertex -22 -30 0
      vertex -21.9572 -29.3474 0
    endloop
  endfacet
  facet normal 0 0 -1
    outer loop
      vertex 1.20104 -55.5025 0
      vertex 3.53553 -47.5355 0
      vertex 1.2557 -55.6635 0
    endloop
  endfacet
  facet normal 0 0 -1
    outer loop
      vertex 1.12583 -55.35 0
      vertex 3.04381 -47.9668 0
      vertex 1.20104 -55.5025 0
    endloop
  endfacet
  facet normal 0 0 -1
    outer loop
      vertex 3.04381 -47.9668 0
      vertex 1.12583 -55.35 0
      vertex 2.5 -48.3301 0
    endloop
  endfacet
  facet normal 0 0 -1
    outer loop
      vertex 1.03136 -55.2086 0
      vertex 2.5 -48.3301 0
      vertex 1.12583 -55.35 0
    endloop
  endfacet
  facet normal 0 0 -1
    outer loop
      vertex 0.919238 -55.0808 0
      vertex 2.5 -48.3301 0
      vertex 1.03136 -55.2086 0
    endloop
  endfacet
  facet normal 0 0 -1
    outer loop
      vertex 2.5 -48.3301 0
      vertex 0.919238 -55.0808 0
      vertex 1.91342 -48.6194 0
    endloop
  endfacet
  facet normal 0 0 -1
    outer loop
      vertex 0.791389 -54.9686 0
      vertex 1.91342 -48.6194 0
      vertex 0.919238 -55.0808 0
    endloop
  endfacet
  facet normal 0 0 -1
    outer loop
      vertex 1.91342 -48.6194 0
      vertex 0.791389 -54.9686 0
      vertex 1.2941 -48.8296 0
    endloop
  endfacet
  facet normal 0 0 -1
    outer loop
      vertex 0.65 -54.8742 0
      vertex 1.2941 -48.8296 0
      vertex 0.791389 -54.9686 0
    endloop
  endfacet
  facet normal 0 0 -1
    outer loop
      vertex 0.497488 -54.799 0
      vertex 1.2941 -48.8296 0
      vertex 0.65 -54.8742 0
    endloop
  endfacet
  facet normal 0 0 -1
    outer loop
      vertex 1.2941 -48.8296 0
      vertex 0.497488 -54.799 0
      vertex 0.652631 -48.9572 0
    endloop
  endfacet
  facet normal 0 0 -1
    outer loop
      vertex 0.336464 -54.7443 0
      vertex 0.652631 -48.9572 0
      vertex 0.497488 -54.799 0
    endloop
  endfacet
  facet normal 0 0 -1
    outer loop
      vertex 0.169683 -54.7111 0
      vertex 0.652631 -48.9572 0
      vertex 0.336464 -54.7443 0
    endloop
  endfacet
  facet normal 0 0 -1
    outer loop
      vertex 0 -49 0
      vertex 0.169683 -54.7111 0
      vertex 0 -54.7 0
    endloop
  endfacet
  facet normal 0 0 -1
    outer loop
      vertex 0.169683 -54.7111 0
      vertex 0 -49 0
      vertex 0.652631 -48.9572 0
    endloop
  endfacet
  facet normal 0 0 -1
    outer loop
      vertex -0.169683 -54.7111 0
      vertex 0 -49 0
      vertex 0 -54.7 0
    endloop
  endfacet
  facet normal 0 0 -1
    outer loop
      vertex -0.652631 -48.9572 0
      vertex -0.169683 -54.7111 0
      vertex -0.336464 -54.7443 0
    endloop
  endfacet
  facet normal 0 0 -1
    outer loop
      vertex -0.652631 -48.9572 0
      vertex -0.336464 -54.7443 0
      vertex -0.497488 -54.799 0
    endloop
  endfacet
  facet normal 0 0 -1
    outer loop
      vertex -1.2941 -48.8296 0
      vertex -0.497488 -54.799 0
      vertex -0.65 -54.8742 0
    endloop
  endfacet
  facet normal 0 0 -1
    outer loop
      vertex -0.169683 -54.7111 0
      vertex -0.652631 -48.9572 0
      vertex 0 -49 0
    endloop
  endfacet
  facet normal 0 0 -1
    outer loop
      vertex -1.2941 -48.8296 0
      vertex -0.65 -54.8742 0
      vertex -0.791389 -54.9686 0
    endloop
  endfacet
  facet normal 0 0 -1
    outer loop
      vertex -1.91342 -48.6194 0
      vertex -0.791389 -54.9686 0
      vertex -0.919238 -55.0808 0
    endloop
  endfacet
  facet normal 0 0 -1
    outer loop
      vertex -1.91342 -48.6194 0
      vertex -0.919238 -55.0808 0
      vertex -1.03136 -55.2086 0
    endloop
  endfacet
  facet normal 0 0 -1
    outer loop
      vertex -1.91342 -48.6194 0
      vertex -1.03136 -55.2086 0
      vertex -1.12583 -55.35 0
    endloop
  endfacet
  facet normal 0 0 -1
    outer loop
      vertex -1.91342 -48.6194 0
      vertex -1.12583 -55.35 0
      vertex -1.20104 -55.5025 0
    endloop
  endfacet
  facet normal 0 0 -1
    outer loop
      vertex -1.91342 -48.6194 0
      vertex -1.20104 -55.5025 0
      vertex -1.2557 -55.6635 0
    endloop
  endfacet
  facet normal 0 0 -1
    outer loop
      vertex -1.91342 -48.6194 0
      vertex -1.2557 -55.6635 0
      vertex -1.28888 -55.8303 0
    endloop
  endfacet
  facet normal 0 0 -1
    outer loop
      vertex -0.497488 -54.799 0
      vertex -1.2941 -48.8296 0
      vertex -0.652631 -48.9572 0
    endloop
  endfacet
  facet normal 0 0 -1
    outer loop
      vertex -1.91342 -48.6194 0
      vertex -1.28888 -55.8303 0
      vertex -1.3 -56 0
    endloop
  endfacet
  facet normal 0 0 -1
    outer loop
      vertex -0.791389 -54.9686 0
      vertex -1.91342 -48.6194 0
      vertex -1.2941 -48.8296 0
    endloop
  endfacet
  facet normal 0.321447 0.946928 -0
    outer loop
      vertex 1.6264 -28.0735 11.647
      vertex 1.09998 -27.8948 12
      vertex 1.6264 -28.0735 12
    endloop
  endfacet
  facet normal 0.321447 0.946928 0
    outer loop
      vertex 1.09998 -27.8948 12
      vertex 1.6264 -28.0735 11.647
      vertex 1.09998 -27.8948 10.8063
    endloop
  endfacet
  facet normal 0.442113 0.896959 -0
    outer loop
      vertex 1.6264 -28.0735 11.647
      vertex 1.6264 -28.0735 12
      vertex 1.77856 -28.1485 12
    endloop
  endfacet
  facet normal 0.065476 0.997854 -0
    outer loop
      vertex 0.554736 -27.7864 10.296
      vertex 0 -27.75 12
      vertex 0.554736 -27.7864 12
    endloop
  endfacet
  facet normal 0.065476 0.997854 0
    outer loop
      vertex 0 -27.75 12
      vertex 0.554736 -27.7864 10.296
      vertex 0 -27.75 10.125
    endloop
  endfacet
  facet normal -0.442113 0.896959 0
    outer loop
      vertex -1.6264 -28.0735 11.647
      vertex -1.77856 -28.1485 12
      vertex -1.6264 -28.0735 12
    endloop
  endfacet
  facet normal -0.751771 0.659424 0
    outer loop
      vertex -20.9668 -26.9562 0
      vertex -20.5355 -26.4645 4
      vertex -20.5355 -26.4645 0
    endloop
  endfacet
  facet normal -0.751771 0.659424 0
    outer loop
      vertex -20.5355 -26.4645 4
      vertex -20.9668 -26.9562 0
      vertex -20.9668 -26.9562 4
    endloop
  endfacet
  facet normal -0.980786 0.195087 0
    outer loop
      vertex -21.9572 -29.3474 0
      vertex -21.8296 -28.7059 4
      vertex -21.8296 -28.7059 0
    endloop
  endfacet
  facet normal -0.980786 0.195087 0
    outer loop
      vertex -21.8296 -28.7059 4
      vertex -21.9572 -29.3474 0
      vertex -21.9572 -29.3474 4
    endloop
  endfacet
  facet normal 0 1 -0
    outer loop
      vertex 17 -25 0
      vertex -17 -25 4
      vertex 17 -25 4
    endloop
  endfacet
  facet normal 0 1 0
    outer loop
      vertex -17 -25 4
      vertex 17 -25 0
      vertex -17 -25 0
    endloop
  endfacet
  facet normal -0.195087 0.980786 0
    outer loop
      vertex -17.6526 -25.0428 0
      vertex -18.2941 -25.1704 4
      vertex -17.6526 -25.0428 4
    endloop
  endfacet
  facet normal -0.195087 0.980786 0
    outer loop
      vertex -18.2941 -25.1704 4
      vertex -17.6526 -25.0428 0
      vertex -18.2941 -25.1704 0
    endloop
  endfacet
  facet normal 0.555512 -0.831509 0
    outer loop
      vertex 19.5 -62.3301 0
      vertex 20.0438 -61.9668 4
      vertex 19.5 -62.3301 4
    endloop
  endfacet
  facet normal 0.555512 -0.831509 0
    outer loop
      vertex 20.0438 -61.9668 4
      vertex 19.5 -62.3301 0
      vertex 20.0438 -61.9668 0
    endloop
  endfacet
  facet normal 0.442314 -0.89686 0
    outer loop
      vertex 18.9134 -62.6194 0
      vertex 19.5 -62.3301 4
      vertex 18.9134 -62.6194 4
    endloop
  endfacet
  facet normal 0.442314 -0.89686 0
    outer loop
      vertex 19.5 -62.3301 4
      vertex 18.9134 -62.6194 0
      vertex 19.5 -62.3301 0
    endloop
  endfacet
  facet normal 0.321407 0.946941 -0
    outer loop
      vertex 18.9134 -25.3806 0
      vertex 18.2941 -25.1704 4
      vertex 18.9134 -25.3806 4
    endloop
  endfacet
  facet normal 0.321407 0.946941 0
    outer loop
      vertex 18.2941 -25.1704 4
      vertex 18.9134 -25.3806 0
      vertex 18.2941 -25.1704 0
    endloop
  endfacet
  facet normal 0.831509 -0.555512 0
    outer loop
      vertex 20.9668 -61.0438 4
      vertex 21.3301 -60.5 0
      vertex 21.3301 -60.5 4
    endloop
  endfacet
  facet normal 0.831509 -0.555512 0
    outer loop
      vertex 21.3301 -60.5 0
      vertex 20.9668 -61.0438 4
      vertex 20.9668 -61.0438 0
    endloop
  endfacet
  facet normal 0 -1 0
    outer loop
      vertex -17 -63 0
      vertex -8.02861 -63 4
      vertex -17 -63 4
    endloop
  endfacet
  facet normal 0 -1 -0
    outer loop
      vertex -8.02861 -63 4
      vertex -17 -63 0
      vertex 8.02861 -63 4
    endloop
  endfacet
  facet normal 0 -1 0
    outer loop
      vertex 17 -63 0
      vertex 8.02861 -63 4
      vertex -17 -63 0
    endloop
  endfacet
  facet normal 0 -1 0
    outer loop
      vertex 8.02861 -63 4
      vertex 17 -63 0
      vertex 17 -63 4
    endloop
  endfacet
  facet normal 0.980786 0.195087 0
    outer loop
      vertex 21.9572 -29.3474 4
      vertex 21.8296 -28.7059 0
      vertex 21.8296 -28.7059 4
    endloop
  endfacet
  facet normal 0.980786 0.195087 0
    outer loop
      vertex 21.8296 -28.7059 0
      vertex 21.9572 -29.3474 4
      vertex 21.9572 -29.3474 0
    endloop
  endfacet
  facet normal -1 0 0
    outer loop
      vertex -22 -58 0
      vertex -22 -30 4
      vertex -22 -30 0
    endloop
  endfacet
  facet normal -1 -0 0
    outer loop
      vertex -22 -30 4
      vertex -22 -58 0
      vertex -22 -58 4
    endloop
  endfacet
  facet normal 0.195087 -0.980786 0
    outer loop
      vertex 17.6526 -62.9572 0
      vertex 18.2941 -62.8296 4
      vertex 17.6526 -62.9572 4
    endloop
  endfacet
  facet normal 0.195087 -0.980786 0
    outer loop
      vertex 18.2941 -62.8296 4
      vertex 17.6526 -62.9572 0
      vertex 18.2941 -62.8296 0
    endloop
  endfacet
  facet normal 0.946941 0.321407 0
    outer loop
      vertex 21.8296 -28.7059 4
      vertex 21.6194 -28.0866 0
      vertex 21.6194 -28.0866 4
    endloop
  endfacet
  facet normal 0.946941 0.321407 0
    outer loop
      vertex 21.6194 -28.0866 0
      vertex 21.8296 -28.7059 4
      vertex 21.8296 -28.7059 0
    endloop
  endfacet
  facet normal 1 -0 0
    outer loop
      vertex 22 -58 4
      vertex 22 -30 0
      vertex 22 -30 4
    endloop
  endfacet
  facet normal 1 0 0
    outer loop
      vertex 22 -30 0
      vertex 22 -58 4
      vertex 22 -58 0
    endloop
  endfacet
  facet normal 0.831509 0.555512 0
    outer loop
      vertex 21.3301 -27.5 4
      vertex 20.9668 -26.9562 0
      vertex 20.9668 -26.9562 4
    endloop
  endfacet
  facet normal 0.831509 0.555512 0
    outer loop
      vertex 20.9668 -26.9562 0
      vertex 21.3301 -27.5 4
      vertex 21.3301 -27.5 0
    endloop
  endfacet
  facet normal 0.659424 0.751771 -0
    outer loop
      vertex 20.5355 -26.4645 0
      vertex 20.0438 -26.0332 4
      vertex 20.5355 -26.4645 4
    endloop
  endfacet
  facet normal 0.659424 0.751771 0
    outer loop
      vertex 20.0438 -26.0332 4
      vertex 20.5355 -26.4645 0
      vertex 20.0438 -26.0332 0
    endloop
  endfacet
  facet normal -0.997856 0.0654432 0
    outer loop
      vertex -22 -30 0
      vertex -21.9572 -29.3474 4
      vertex -21.9572 -29.3474 0
    endloop
  endfacet
  facet normal -0.997856 0.0654432 0
    outer loop
      vertex -21.9572 -29.3474 4
      vertex -22 -30 0
      vertex -22 -30 4
    endloop
  endfacet
  facet normal -0.659424 0.751771 0
    outer loop
      vertex -20.0438 -26.0332 0
      vertex -20.5355 -26.4645 4
      vertex -20.0438 -26.0332 4
    endloop
  endfacet
  facet normal -0.659424 0.751771 0
    outer loop
      vertex -20.5355 -26.4645 4
      vertex -20.0438 -26.0332 0
      vertex -20.5355 -26.4645 0
    endloop
  endfacet
  facet normal -0.997856 -0.0654432 0
    outer loop
      vertex -21.9572 -58.6526 0
      vertex -22 -58 4
      vertex -22 -58 0
    endloop
  endfacet
  facet normal -0.997856 -0.0654432 0
    outer loop
      vertex -22 -58 4
      vertex -21.9572 -58.6526 0
      vertex -21.9572 -58.6526 4
    endloop
  endfacet
  facet normal -0.555512 0.831509 0
    outer loop
      vertex -19.5 -25.6699 0
      vertex -20.0438 -26.0332 4
      vertex -19.5 -25.6699 4
    endloop
  endfacet
  facet normal -0.555512 0.831509 0
    outer loop
      vertex -20.0438 -26.0332 4
      vertex -19.5 -25.6699 0
      vertex -20.0438 -26.0332 0
    endloop
  endfacet
  facet normal -0.442314 0.89686 0
    outer loop
      vertex -18.9134 -25.3806 0
      vertex -19.5 -25.6699 4
      vertex -18.9134 -25.3806 4
    endloop
  endfacet
  facet normal -0.442314 0.89686 0
    outer loop
      vertex -19.5 -25.6699 4
      vertex -18.9134 -25.3806 0
      vertex -19.5 -25.6699 0
    endloop
  endfacet
  facet normal 0.442314 0.89686 -0
    outer loop
      vertex 19.5 -25.6699 0
      vertex 18.9134 -25.3806 4
      vertex 19.5 -25.6699 4
    endloop
  endfacet
  facet normal 0.442314 0.89686 0
    outer loop
      vertex 18.9134 -25.3806 4
      vertex 19.5 -25.6699 0
      vertex 18.9134 -25.3806 0
    endloop
  endfacet
  facet normal 0.0654432 0.997856 -0
    outer loop
      vertex 17.6526 -25.0428 0
      vertex 17 -25 4
      vertex 17.6526 -25.0428 4
    endloop
  endfacet
  facet normal 0.0654432 0.997856 0
    outer loop
      vertex 17 -25 4
      vertex 17.6526 -25.0428 0
      vertex 17 -25 0
    endloop
  endfacet
  facet normal -0.321407 -0.946941 0
    outer loop
      vertex -18.9134 -62.6194 0
      vertex -18.2941 -62.8296 4
      vertex -18.9134 -62.6194 4
    endloop
  endfacet
  facet normal -0.321407 -0.946941 -0
    outer loop
      vertex -18.2941 -62.8296 4
      vertex -18.9134 -62.6194 0
      vertex -18.2941 -62.8296 0
    endloop
  endfacet
  facet normal -0.946941 0.321407 0
    outer loop
      vertex -21.8296 -28.7059 0
      vertex -21.6194 -28.0866 4
      vertex -21.6194 -28.0866 0
    endloop
  endfacet
  facet normal -0.946941 0.321407 0
    outer loop
      vertex -21.6194 -28.0866 4
      vertex -21.8296 -28.7059 0
      vertex -21.8296 -28.7059 4
    endloop
  endfacet
  facet normal 0.946941 -0.321407 0
    outer loop
      vertex 21.6194 -59.9134 4
      vertex 21.8296 -59.2941 0
      vertex 21.8296 -59.2941 4
    endloop
  endfacet
  facet normal 0.946941 -0.321407 0
    outer loop
      vertex 21.8296 -59.2941 0
      vertex 21.6194 -59.9134 4
      vertex 21.6194 -59.9134 0
    endloop
  endfacet
  facet normal 0.321407 -0.946941 0
    outer loop
      vertex 18.2941 -62.8296 0
      vertex 18.9134 -62.6194 4
      vertex 18.2941 -62.8296 4
    endloop
  endfacet
  facet normal 0.321407 -0.946941 0
    outer loop
      vertex 18.9134 -62.6194 4
      vertex 18.2941 -62.8296 0
      vertex 18.9134 -62.6194 0
    endloop
  endfacet
  facet normal -0.831509 0.555512 0
    outer loop
      vertex -21.3301 -27.5 0
      vertex -20.9668 -26.9562 4
      vertex -20.9668 -26.9562 0
    endloop
  endfacet
  facet normal -0.831509 0.555512 0
    outer loop
      vertex -20.9668 -26.9562 4
      vertex -21.3301 -27.5 0
      vertex -21.3301 -27.5 4
    endloop
  endfacet
  facet normal 0.555512 0.831509 -0
    outer loop
      vertex 20.0438 -26.0332 0
      vertex 19.5 -25.6699 4
      vertex 20.0438 -26.0332 4
    endloop
  endfacet
  facet normal 0.555512 0.831509 0
    outer loop
      vertex 19.5 -25.6699 4
      vertex 20.0438 -26.0332 0
      vertex 19.5 -25.6699 0
    endloop
  endfacet
  facet normal -0.321407 0.946941 0
    outer loop
      vertex -18.2941 -25.1704 0
      vertex -18.9134 -25.3806 4
      vertex -18.2941 -25.1704 4
    endloop
  endfacet
  facet normal -0.321407 0.946941 0
    outer loop
      vertex -18.9134 -25.3806 4
      vertex -18.2941 -25.1704 0
      vertex -18.9134 -25.3806 0
    endloop
  endfacet
  facet normal -0.195087 -0.980786 0
    outer loop
      vertex -18.2941 -62.8296 0
      vertex -17.6526 -62.9572 4
      vertex -18.2941 -62.8296 4
    endloop
  endfacet
  facet normal -0.195087 -0.980786 -0
    outer loop
      vertex -17.6526 -62.9572 4
      vertex -18.2941 -62.8296 0
      vertex -17.6526 -62.9572 0
    endloop
  endfacet
  facet normal 0.0654432 -0.997856 0
    outer loop
      vertex 17 -63 0
      vertex 17.6526 -62.9572 4
      vertex 17 -63 4
    endloop
  endfacet
  facet normal 0.0654432 -0.997856 0
    outer loop
      vertex 17.6526 -62.9572 4
      vertex 17 -63 0
      vertex 17.6526 -62.9572 0
    endloop
  endfacet
  facet normal 0.195087 0.980786 -0
    outer loop
      vertex 18.2941 -25.1704 0
      vertex 17.6526 -25.0428 4
      vertex 18.2941 -25.1704 4
    endloop
  endfacet
  facet normal 0.195087 0.980786 0
    outer loop
      vertex 17.6526 -25.0428 4
      vertex 18.2941 -25.1704 0
      vertex 17.6526 -25.0428 0
    endloop
  endfacet
  facet normal 0.751771 -0.659424 0
    outer loop
      vertex 20.5355 -61.5355 4
      vertex 20.9668 -61.0438 0
      vertex 20.9668 -61.0438 4
    endloop
  endfacet
  facet normal 0.751771 -0.659424 0
    outer loop
      vertex 20.9668 -61.0438 0
      vertex 20.5355 -61.5355 4
      vertex 20.5355 -61.5355 0
    endloop
  endfacet
  facet normal 0.89686 -0.442314 0
    outer loop
      vertex 21.3301 -60.5 4
      vertex 21.6194 -59.9134 0
      vertex 21.6194 -59.9134 4
    endloop
  endfacet
  facet normal 0.89686 -0.442314 0
    outer loop
      vertex 21.6194 -59.9134 0
      vertex 21.3301 -60.5 4
      vertex 21.3301 -60.5 0
    endloop
  endfacet
  facet normal -0.831509 -0.555512 0
    outer loop
      vertex -20.9668 -61.0438 0
      vertex -21.3301 -60.5 4
      vertex -21.3301 -60.5 0
    endloop
  endfacet
  facet normal -0.831509 -0.555512 0
    outer loop
      vertex -21.3301 -60.5 4
      vertex -20.9668 -61.0438 0
      vertex -20.9668 -61.0438 4
    endloop
  endfacet
  facet normal 0.997856 0.0654432 0
    outer loop
      vertex 22 -30 4
      vertex 21.9572 -29.3474 0
      vertex 21.9572 -29.3474 4
    endloop
  endfacet
  facet normal 0.997856 0.0654432 0
    outer loop
      vertex 21.9572 -29.3474 0
      vertex 22 -30 4
      vertex 22 -30 0
    endloop
  endfacet
  facet normal -0.751771 -0.659424 0
    outer loop
      vertex -20.5355 -61.5355 0
      vertex -20.9668 -61.0438 4
      vertex -20.9668 -61.0438 0
    endloop
  endfacet
  facet normal -0.751771 -0.659424 0
    outer loop
      vertex -20.9668 -61.0438 4
      vertex -20.5355 -61.5355 0
      vertex -20.5355 -61.5355 4
    endloop
  endfacet
  facet normal 0.751771 0.659424 0
    outer loop
      vertex 20.9668 -26.9562 4
      vertex 20.5355 -26.4645 0
      vertex 20.5355 -26.4645 4
    endloop
  endfacet
  facet normal 0.751771 0.659424 0
    outer loop
      vertex 20.5355 -26.4645 0
      vertex 20.9668 -26.9562 4
      vertex 20.9668 -26.9562 0
    endloop
  endfacet
  facet normal -0.980786 -0.195087 0
    outer loop
      vertex -21.8296 -59.2941 0
      vertex -21.9572 -58.6526 4
      vertex -21.9572 -58.6526 0
    endloop
  endfacet
  facet normal -0.980786 -0.195087 0
    outer loop
      vertex -21.9572 -58.6526 4
      vertex -21.8296 -59.2941 0
      vertex -21.8296 -59.2941 4
    endloop
  endfacet
  facet normal 0.980786 -0.195087 0
    outer loop
      vertex 21.8296 -59.2941 4
      vertex 21.9572 -58.6526 0
      vertex 21.9572 -58.6526 4
    endloop
  endfacet
  facet normal 0.980786 -0.195087 0
    outer loop
      vertex 21.9572 -58.6526 0
      vertex 21.8296 -59.2941 4
      vertex 21.8296 -59.2941 0
    endloop
  endfacet
  facet normal -0.659424 -0.751771 0
    outer loop
      vertex -20.5355 -61.5355 0
      vertex -20.0438 -61.9668 4
      vertex -20.5355 -61.5355 4
    endloop
  endfacet
  facet normal -0.659424 -0.751771 -0
    outer loop
      vertex -20.0438 -61.9668 4
      vertex -20.5355 -61.5355 0
      vertex -20.0438 -61.9668 0
    endloop
  endfacet
  facet normal -0.89686 0.442314 0
    outer loop
      vertex -21.6194 -28.0866 0
      vertex -21.3301 -27.5 4
      vertex -21.3301 -27.5 0
    endloop
  endfacet
  facet normal -0.89686 0.442314 0
    outer loop
      vertex -21.3301 -27.5 4
      vertex -21.6194 -28.0866 0
      vertex -21.6194 -28.0866 4
    endloop
  endfacet
  facet normal -0.555512 -0.831509 0
    outer loop
      vertex -20.0438 -61.9668 0
      vertex -19.5 -62.3301 4
      vertex -20.0438 -61.9668 4
    endloop
  endfacet
  facet normal -0.555512 -0.831509 -0
    outer loop
      vertex -19.5 -62.3301 4
      vertex -20.0438 -61.9668 0
      vertex -19.5 -62.3301 0
    endloop
  endfacet
  facet normal 0.659424 -0.751771 0
    outer loop
      vertex 20.0438 -61.9668 0
      vertex 20.5355 -61.5355 4
      vertex 20.0438 -61.9668 4
    endloop
  endfacet
  facet normal 0.659424 -0.751771 0
    outer loop
      vertex 20.5355 -61.5355 4
      vertex 20.0438 -61.9668 0
      vertex 20.5355 -61.5355 0
    endloop
  endfacet
  facet normal -0.0654432 -0.997856 0
    outer loop
      vertex -17.6526 -62.9572 0
      vertex -17 -63 4
      vertex -17.6526 -62.9572 4
    endloop
  endfacet
  facet normal -0.0654432 -0.997856 -0
    outer loop
      vertex -17 -63 4
      vertex -17.6526 -62.9572 0
      vertex -17 -63 0
    endloop
  endfacet
  facet normal 0.89686 0.442314 0
    outer loop
      vertex 21.6194 -28.0866 4
      vertex 21.3301 -27.5 0
      vertex 21.3301 -27.5 4
    endloop
  endfacet
  facet normal 0.89686 0.442314 0
    outer loop
      vertex 21.3301 -27.5 0
      vertex 21.6194 -28.0866 4
      vertex 21.6194 -28.0866 0
    endloop
  endfacet
  facet normal 0.997856 -0.0654432 0
    outer loop
      vertex 21.9572 -58.6526 4
      vertex 22 -58 0
      vertex 22 -58 4
    endloop
  endfacet
  facet normal 0.997856 -0.0654432 0
    outer loop
      vertex 22 -58 0
      vertex 21.9572 -58.6526 4
      vertex 21.9572 -58.6526 0
    endloop
  endfacet
  facet normal -0.442314 -0.89686 0
    outer loop
      vertex -19.5 -62.3301 0
      vertex -18.9134 -62.6194 4
      vertex -19.5 -62.3301 4
    endloop
  endfacet
  facet normal -0.442314 -0.89686 -0
    outer loop
      vertex -18.9134 -62.6194 4
      vertex -19.5 -62.3301 0
      vertex -18.9134 -62.6194 0
    endloop
  endfacet
  facet normal -0.946941 -0.321407 0
    outer loop
      vertex -21.6194 -59.9134 0
      vertex -21.8296 -59.2941 4
      vertex -21.8296 -59.2941 0
    endloop
  endfacet
  facet normal -0.946941 -0.321407 0
    outer loop
      vertex -21.8296 -59.2941 4
      vertex -21.6194 -59.9134 0
      vertex -21.6194 -59.9134 4
    endloop
  endfacet
  facet normal -0.89686 -0.442314 0
    outer loop
      vertex -21.3301 -60.5 0
      vertex -21.6194 -59.9134 4
      vertex -21.6194 -59.9134 0
    endloop
  endfacet
  facet normal -0.89686 -0.442314 0
    outer loop
      vertex -21.6194 -59.9134 4
      vertex -21.3301 -60.5 0
      vertex -21.3301 -60.5 4
    endloop
  endfacet
  facet normal -0.0654432 0.997856 0
    outer loop
      vertex -17 -25 0
      vertex -17.6526 -25.0428 4
      vertex -17 -25 4
    endloop
  endfacet
  facet normal -0.0654432 0.997856 0
    outer loop
      vertex -17.6526 -25.0428 4
      vertex -17 -25 0
      vertex -17.6526 -25.0428 0
    endloop
  endfacet
  facet normal 0.89686 -0.442314 0
    outer loop
      vertex -1.20104 -31.5025 10
      vertex -1.12583 -31.35 0
      vertex -1.12583 -31.35 10
    endloop
  endfacet
  facet normal 0.89686 -0.442314 0
    outer loop
      vertex -1.12583 -31.35 0
      vertex -1.20104 -31.5025 10
      vertex -1.20104 -31.5025 0
    endloop
  endfacet
  facet normal -0.321649 -0.946859 0
    outer loop
      vertex 0.336464 -30.7443 0
      vertex 0.497488 -30.799 10
      vertex 0.336464 -30.7443 10
    endloop
  endfacet
  facet normal -0.321649 -0.946859 -0
    outer loop
      vertex 0.497488 -30.799 10
      vertex 0.336464 -30.7443 0
      vertex 0.497488 -30.799 0
    endloop
  endfacet
  facet normal -0.980784 0.195098 0
    outer loop
      vertex 1.2557 -32.3365 0
      vertex 1.28888 -32.1697 10
      vertex 1.28888 -32.1697 0
    endloop
  endfacet
  facet normal -0.980784 0.195098 0
    outer loop
      vertex 1.28888 -32.1697 10
      vertex 1.2557 -32.3365 0
      vertex 1.2557 -32.3365 10
    endloop
  endfacet
  facet normal -0.99786 0.0653872 0
    outer loop
      vertex 1.28888 -32.1697 0
      vertex 1.3 -32 10
      vertex 1.3 -32 0
    endloop
  endfacet
  facet normal -0.99786 0.0653872 0
    outer loop
      vertex 1.3 -32 10
      vertex 1.28888 -32.1697 0
      vertex 1.28888 -32.1697 10
    endloop
  endfacet
  facet normal -0.946916 0.321481 0
    outer loop
      vertex 1.20104 -32.4975 0
      vertex 1.2557 -32.3365 10
      vertex 1.2557 -32.3365 0
    endloop
  endfacet
  facet normal -0.946916 0.321481 0
    outer loop
      vertex 1.2557 -32.3365 10
      vertex 1.20104 -32.4975 0
      vertex 1.20104 -32.4975 10
    endloop
  endfacet
  facet normal -0.321649 0.946859 0
    outer loop
      vertex 0.497488 -33.201 0
      vertex 0.336464 -33.2557 10
      vertex 0.497488 -33.201 10
    endloop
  endfacet
  facet normal -0.321649 0.946859 0
    outer loop
      vertex 0.336464 -33.2557 10
      vertex 0.497488 -33.201 0
      vertex 0.336464 -33.2557 0
    endloop
  endfacet
  facet normal 0.831498 0.555528 0
    outer loop
      vertex -1.03136 -32.7914 10
      vertex -1.12583 -32.65 0
      vertex -1.12583 -32.65 10
    endloop
  endfacet
  facet normal 0.831498 0.555528 0
    outer loop
      vertex -1.12583 -32.65 0
      vertex -1.03136 -32.7914 10
      vertex -1.03136 -32.7914 0
    endloop
  endfacet
  facet normal 0.89686 0.442314 0
    outer loop
      vertex -1.12583 -32.65 10
      vertex -1.20104 -32.4975 0
      vertex -1.20104 -32.4975 10
    endloop
  endfacet
  facet normal 0.89686 0.442314 0
    outer loop
      vertex -1.20104 -32.4975 0
      vertex -1.12583 -32.65 10
      vertex -1.12583 -32.65 0
    endloop
  endfacet
  facet normal -0.831498 0.555528 0
    outer loop
      vertex 1.03136 -32.7914 0
      vertex 1.12583 -32.65 10
      vertex 1.12583 -32.65 0
    endloop
  endfacet
  facet normal -0.831498 0.555528 0
    outer loop
      vertex 1.12583 -32.65 10
      vertex 1.03136 -32.7914 0
      vertex 1.03136 -32.7914 10
    endloop
  endfacet
  facet normal -0.89686 0.442314 0
    outer loop
      vertex 1.12583 -32.65 0
      vertex 1.20104 -32.4975 10
      vertex 1.20104 -32.4975 0
    endloop
  endfacet
  facet normal -0.89686 0.442314 0
    outer loop
      vertex 1.20104 -32.4975 10
      vertex 1.12583 -32.65 0
      vertex 1.12583 -32.65 10
    endloop
  endfacet
  facet normal 0.442239 -0.896897 0
    outer loop
      vertex -0.65 -30.8742 0
      vertex -0.497488 -30.799 10
      vertex -0.65 -30.8742 10
    endloop
  endfacet
  facet normal 0.442239 -0.896897 0
    outer loop
      vertex -0.497488 -30.799 10
      vertex -0.65 -30.8742 0
      vertex -0.497488 -30.799 0
    endloop
  endfacet
  facet normal 0.946916 0.321481 0
    outer loop
      vertex -1.20104 -32.4975 10
      vertex -1.2557 -32.3365 0
      vertex -1.2557 -32.3365 10
    endloop
  endfacet
  facet normal 0.946916 0.321481 0
    outer loop
      vertex -1.2557 -32.3365 0
      vertex -1.20104 -32.4975 10
      vertex -1.20104 -32.4975 0
    endloop
  endfacet
  facet normal 0.75171 0.659493 0
    outer loop
      vertex -0.919238 -32.9192 10
      vertex -1.03136 -32.7914 0
      vertex -1.03136 -32.7914 10
    endloop
  endfacet
  facet normal 0.75171 0.659493 0
    outer loop
      vertex -1.03136 -32.7914 0
      vertex -0.919238 -32.9192 10
      vertex -0.919238 -32.9192 0
    endloop
  endfacet
  facet normal -0.946916 -0.321481 0
    outer loop
      vertex 1.2557 -31.6635 0
      vertex 1.20104 -31.5025 10
      vertex 1.20104 -31.5025 0
    endloop
  endfacet
  facet normal -0.946916 -0.321481 0
    outer loop
      vertex 1.20104 -31.5025 10
      vertex 1.2557 -31.6635 0
      vertex 1.2557 -31.6635 10
    endloop
  endfacet
  facet normal -0.65961 0.751608 0
    outer loop
      vertex 0.919238 -32.9192 0
      vertex 0.791389 -33.0314 10
      vertex 0.919238 -32.9192 10
    endloop
  endfacet
  facet normal -0.65961 0.751608 0
    outer loop
      vertex 0.791389 -33.0314 10
      vertex 0.919238 -32.9192 0
      vertex 0.791389 -33.0314 0
    endloop
  endfacet
  facet normal -0.442239 -0.896897 0
    outer loop
      vertex 0.497488 -30.799 0
      vertex 0.65 -30.8742 10
      vertex 0.497488 -30.799 10
    endloop
  endfacet
  facet normal -0.442239 -0.896897 -0
    outer loop
      vertex 0.65 -30.8742 10
      vertex 0.497488 -30.799 0
      vertex 0.65 -30.8742 0
    endloop
  endfacet
  facet normal 0.442239 0.896897 -0
    outer loop
      vertex -0.497488 -33.201 0
      vertex -0.65 -33.1258 10
      vertex -0.497488 -33.201 10
    endloop
  endfacet
  facet normal 0.442239 0.896897 0
    outer loop
      vertex -0.65 -33.1258 10
      vertex -0.497488 -33.201 0
      vertex -0.65 -33.1258 0
    endloop
  endfacet
  facet normal -0.831498 -0.555528 0
    outer loop
      vertex 1.12583 -31.35 0
      vertex 1.03136 -31.2086 10
      vertex 1.03136 -31.2086 0
    endloop
  endfacet
  facet normal -0.831498 -0.555528 0
    outer loop
      vertex 1.03136 -31.2086 10
      vertex 1.12583 -31.35 0
      vertex 1.12583 -31.35 10
    endloop
  endfacet
  facet normal 0.321649 -0.946859 0
    outer loop
      vertex -0.497488 -30.799 0
      vertex -0.336464 -30.7443 10
      vertex -0.497488 -30.799 10
    endloop
  endfacet
  facet normal 0.321649 -0.946859 0
    outer loop
      vertex -0.336464 -30.7443 10
      vertex -0.497488 -30.799 0
      vertex -0.336464 -30.7443 0
    endloop
  endfacet
  facet normal -0.195233 -0.980757 0
    outer loop
      vertex 0.169683 -30.7111 0
      vertex 0.336464 -30.7443 10
      vertex 0.169683 -30.7111 10
    endloop
  endfacet
  facet normal -0.195233 -0.980757 -0
    outer loop
      vertex 0.336464 -30.7443 10
      vertex 0.169683 -30.7111 0
      vertex 0.336464 -30.7443 0
    endloop
  endfacet
  facet normal -0.0652766 0.997867 0
    outer loop
      vertex 0.169683 -33.2889 0
      vertex 0 -33.3 10
      vertex 0.169683 -33.2889 10
    endloop
  endfacet
  facet normal -0.0652766 0.997867 0
    outer loop
      vertex 0 -33.3 10
      vertex 0.169683 -33.2889 0
      vertex 0 -33.3 0
    endloop
  endfacet
  facet normal -0.980784 -0.195098 0
    outer loop
      vertex 1.28888 -31.8303 0
      vertex 1.2557 -31.6635 10
      vertex 1.2557 -31.6635 0
    endloop
  endfacet
  facet normal -0.980784 -0.195098 0
    outer loop
      vertex 1.2557 -31.6635 10
      vertex 1.28888 -31.8303 0
      vertex 1.28888 -31.8303 10
    endloop
  endfacet
  facet normal 0.65961 -0.751608 0
    outer loop
      vertex -0.919238 -31.0808 0
      vertex -0.791389 -30.9686 10
      vertex -0.919238 -31.0808 10
    endloop
  endfacet
  facet normal 0.65961 -0.751608 0
    outer loop
      vertex -0.791389 -30.9686 10
      vertex -0.919238 -31.0808 0
      vertex -0.791389 -30.9686 0
    endloop
  endfacet
  facet normal -0.555273 -0.831668 0
    outer loop
      vertex 0.65 -30.8742 0
      vertex 0.791389 -30.9686 10
      vertex 0.65 -30.8742 10
    endloop
  endfacet
  facet normal -0.555273 -0.831668 -0
    outer loop
      vertex 0.791389 -30.9686 10
      vertex 0.65 -30.8742 0
      vertex 0.791389 -30.9686 0
    endloop
  endfacet
  facet normal -0.555273 0.831668 0
    outer loop
      vertex 0.791389 -33.0314 0
      vertex 0.65 -33.1258 10
      vertex 0.791389 -33.0314 10
    endloop
  endfacet
  facet normal -0.555273 0.831668 0
    outer loop
      vertex 0.65 -33.1258 10
      vertex 0.791389 -33.0314 0
      vertex 0.65 -33.1258 0
    endloop
  endfacet
  facet normal -0.89686 -0.442314 0
    outer loop
      vertex 1.20104 -31.5025 0
      vertex 1.12583 -31.35 10
      vertex 1.12583 -31.35 0
    endloop
  endfacet
  facet normal -0.89686 -0.442314 0
    outer loop
      vertex 1.12583 -31.35 10
      vertex 1.20104 -31.5025 0
      vertex 1.20104 -31.5025 10
    endloop
  endfacet
  facet normal 0.555273 0.831668 -0
    outer loop
      vertex -0.65 -33.1258 0
      vertex -0.791389 -33.0314 10
      vertex -0.65 -33.1258 10
    endloop
  endfacet
  facet normal 0.555273 0.831668 0
    outer loop
      vertex -0.791389 -33.0314 10
      vertex -0.65 -33.1258 0
      vertex -0.791389 -33.0314 0
    endloop
  endfacet
  facet normal -0.75171 -0.659493 0
    outer loop
      vertex 1.03136 -31.2086 0
      vertex 0.919238 -31.0808 10
      vertex 0.919238 -31.0808 0
    endloop
  endfacet
  facet normal -0.75171 -0.659493 0
    outer loop
      vertex 0.919238 -31.0808 10
      vertex 1.03136 -31.2086 0
      vertex 1.03136 -31.2086 10
    endloop
  endfacet
  facet normal -0.195233 0.980757 0
    outer loop
      vertex 0.336464 -33.2557 0
      vertex 0.169683 -33.2889 10
      vertex 0.336464 -33.2557 10
    endloop
  endfacet
  facet normal -0.195233 0.980757 0
    outer loop
      vertex 0.169683 -33.2889 10
      vertex 0.336464 -33.2557 0
      vertex 0.169683 -33.2889 0
    endloop
  endfacet
  facet normal 0.99786 0.0653872 0
    outer loop
      vertex -1.28888 -32.1697 10
      vertex -1.3 -32 0
      vertex -1.3 -32 10
    endloop
  endfacet
  facet normal 0.99786 0.0653872 0
    outer loop
      vertex -1.3 -32 0
      vertex -1.28888 -32.1697 10
      vertex -1.28888 -32.1697 0
    endloop
  endfacet
  facet normal 0.65961 0.751608 -0
    outer loop
      vertex -0.791389 -33.0314 0
      vertex -0.919238 -32.9192 10
      vertex -0.791389 -33.0314 10
    endloop
  endfacet
  facet normal 0.65961 0.751608 0
    outer loop
      vertex -0.919238 -32.9192 10
      vertex -0.791389 -33.0314 0
      vertex -0.919238 -32.9192 0
    endloop
  endfacet
  facet normal 0.321649 0.946859 -0
    outer loop
      vertex -0.336464 -33.2557 0
      vertex -0.497488 -33.201 10
      vertex -0.336464 -33.2557 10
    endloop
  endfacet
  facet normal 0.321649 0.946859 0
    outer loop
      vertex -0.497488 -33.201 10
      vertex -0.336464 -33.2557 0
      vertex -0.497488 -33.201 0
    endloop
  endfacet
  facet normal -0.99786 -0.0653872 0
    outer loop
      vertex 1.3 -32 0
      vertex 1.28888 -31.8303 10
      vertex 1.28888 -31.8303 0
    endloop
  endfacet
  facet normal -0.99786 -0.0653872 0
    outer loop
      vertex 1.28888 -31.8303 10
      vertex 1.3 -32 0
      vertex 1.3 -32 10
    endloop
  endfacet
  facet normal 0.980784 -0.195098 0
    outer loop
      vertex -1.28888 -31.8303 10
      vertex -1.2557 -31.6635 0
      vertex -1.2557 -31.6635 10
    endloop
  endfacet
  facet normal 0.980784 -0.195098 0
    outer loop
      vertex -1.2557 -31.6635 0
      vertex -1.28888 -31.8303 10
      vertex -1.28888 -31.8303 0
    endloop
  endfacet
  facet normal -0.0652766 -0.997867 0
    outer loop
      vertex 0 -30.7 0
      vertex 0.169683 -30.7111 10
      vertex 0 -30.7 10
    endloop
  endfacet
  facet normal -0.0652766 -0.997867 -0
    outer loop
      vertex 0.169683 -30.7111 10
      vertex 0 -30.7 0
      vertex 0.169683 -30.7111 0
    endloop
  endfacet
  facet normal 0.831498 -0.555528 0
    outer loop
      vertex -1.12583 -31.35 10
      vertex -1.03136 -31.2086 0
      vertex -1.03136 -31.2086 10
    endloop
  endfacet
  facet normal 0.831498 -0.555528 0
    outer loop
      vertex -1.03136 -31.2086 0
      vertex -1.12583 -31.35 10
      vertex -1.12583 -31.35 0
    endloop
  endfacet
  facet normal 0.0652766 0.997867 -0
    outer loop
      vertex 0 -33.3 0
      vertex -0.169683 -33.2889 10
      vertex 0 -33.3 10
    endloop
  endfacet
  facet normal 0.0652766 0.997867 0
    outer loop
      vertex -0.169683 -33.2889 10
      vertex 0 -33.3 0
      vertex -0.169683 -33.2889 0
    endloop
  endfacet
  facet normal 0.75171 -0.659493 0
    outer loop
      vertex -1.03136 -31.2086 10
      vertex -0.919238 -31.0808 0
      vertex -0.919238 -31.0808 10
    endloop
  endfacet
  facet normal 0.75171 -0.659493 0
    outer loop
      vertex -0.919238 -31.0808 0
      vertex -1.03136 -31.2086 10
      vertex -1.03136 -31.2086 0
    endloop
  endfacet
  facet normal -0.442239 0.896897 0
    outer loop
      vertex 0.65 -33.1258 0
      vertex 0.497488 -33.201 10
      vertex 0.65 -33.1258 10
    endloop
  endfacet
  facet normal -0.442239 0.896897 0
    outer loop
      vertex 0.497488 -33.201 10
      vertex 0.65 -33.1258 0
      vertex 0.497488 -33.201 0
    endloop
  endfacet
  facet normal 0.946916 -0.321481 0
    outer loop
      vertex -1.2557 -31.6635 10
      vertex -1.20104 -31.5025 0
      vertex -1.20104 -31.5025 10
    endloop
  endfacet
  facet normal 0.946916 -0.321481 0
    outer loop
      vertex -1.20104 -31.5025 0
      vertex -1.2557 -31.6635 10
      vertex -1.2557 -31.6635 0
    endloop
  endfacet
  facet normal 0.195233 0.980757 -0
    outer loop
      vertex -0.169683 -33.2889 0
      vertex -0.336464 -33.2557 10
      vertex -0.169683 -33.2889 10
    endloop
  endfacet
  facet normal 0.195233 0.980757 0
    outer loop
      vertex -0.336464 -33.2557 10
      vertex -0.169683 -33.2889 0
      vertex -0.336464 -33.2557 0
    endloop
  endfacet
  facet normal 0.99786 -0.0653872 0
    outer loop
      vertex -1.3 -32 10
      vertex -1.28888 -31.8303 0
      vertex -1.28888 -31.8303 10
    endloop
  endfacet
  facet normal 0.99786 -0.0653872 0
    outer loop
      vertex -1.28888 -31.8303 0
      vertex -1.3 -32 10
      vertex -1.3 -32 0
    endloop
  endfacet
  facet normal 0.195233 -0.980757 0
    outer loop
      vertex -0.336464 -30.7443 0
      vertex -0.169683 -30.7111 10
      vertex -0.336464 -30.7443 10
    endloop
  endfacet
  facet normal 0.195233 -0.980757 0
    outer loop
      vertex -0.169683 -30.7111 10
      vertex -0.336464 -30.7443 0
      vertex -0.169683 -30.7111 0
    endloop
  endfacet
  facet normal -0.75171 0.659493 0
    outer loop
      vertex 0.919238 -32.9192 0
      vertex 1.03136 -32.7914 10
      vertex 1.03136 -32.7914 0
    endloop
  endfacet
  facet normal -0.75171 0.659493 0
    outer loop
      vertex 1.03136 -32.7914 10
      vertex 0.919238 -32.9192 0
      vertex 0.919238 -32.9192 10
    endloop
  endfacet
  facet normal 0.555273 -0.831668 0
    outer loop
      vertex -0.791389 -30.9686 0
      vertex -0.65 -30.8742 10
      vertex -0.791389 -30.9686 10
    endloop
  endfacet
  facet normal 0.555273 -0.831668 0
    outer loop
      vertex -0.65 -30.8742 10
      vertex -0.791389 -30.9686 0
      vertex -0.65 -30.8742 0
    endloop
  endfacet
  facet normal 0.980784 0.195098 0
    outer loop
      vertex -1.2557 -32.3365 10
      vertex -1.28888 -32.1697 0
      vertex -1.28888 -32.1697 10
    endloop
  endfacet
  facet normal 0.980784 0.195098 0
    outer loop
      vertex -1.28888 -32.1697 0
      vertex -1.2557 -32.3365 10
      vertex -1.2557 -32.3365 0
    endloop
  endfacet
  facet normal 0 0 -1
    outer loop
      vertex 1.28888 -32.1697 10
      vertex 1.28888 -31.8303 10
      vertex 1.3 -32 10
    endloop
  endfacet
  facet normal 0 0 -1
    outer loop
      vertex 1.2557 -32.3365 10
      vertex 1.28888 -31.8303 10
      vertex 1.28888 -32.1697 10
    endloop
  endfacet
  facet normal 0 0 -1
    outer loop
      vertex 1.2557 -32.3365 10
      vertex 1.2557 -31.6635 10
      vertex 1.28888 -31.8303 10
    endloop
  endfacet
  facet normal 0 0 -1
    outer loop
      vertex 1.20104 -32.4975 10
      vertex 1.2557 -31.6635 10
      vertex 1.2557 -32.3365 10
    endloop
  endfacet
  facet normal 0 0 -1
    outer loop
      vertex 1.20104 -32.4975 10
      vertex 1.20104 -31.5025 10
      vertex 1.2557 -31.6635 10
    endloop
  endfacet
  facet normal 0 0 -1
    outer loop
      vertex 1.12583 -32.65 10
      vertex 1.20104 -31.5025 10
      vertex 1.20104 -32.4975 10
    endloop
  endfacet
  facet normal 0 0 -1
    outer loop
      vertex 1.12583 -32.65 10
      vertex 1.12583 -31.35 10
      vertex 1.20104 -31.5025 10
    endloop
  endfacet
  facet normal 0 0 -1
    outer loop
      vertex 1.03136 -32.7914 10
      vertex 1.12583 -31.35 10
      vertex 1.12583 -32.65 10
    endloop
  endfacet
  facet normal 0 0 -1
    outer loop
      vertex 1.03136 -32.7914 10
      vertex 1.03136 -31.2086 10
      vertex 1.12583 -31.35 10
    endloop
  endfacet
  facet normal 0 0 -1
    outer loop
      vertex 0.919238 -32.9192 10
      vertex 1.03136 -31.2086 10
      vertex 1.03136 -32.7914 10
    endloop
  endfacet
  facet normal 0 0 -1
    outer loop
      vertex 0.919238 -32.9192 10
      vertex 0.919238 -31.0808 10
      vertex 1.03136 -31.2086 10
    endloop
  endfacet
  facet normal 0 0 -1
    outer loop
      vertex 0.791389 -33.0314 10
      vertex 0.919238 -31.0808 10
      vertex 0.919238 -32.9192 10
    endloop
  endfacet
  facet normal 0 0 -1
    outer loop
      vertex 0.791389 -33.0314 10
      vertex 0.791389 -30.9686 10
      vertex 0.919238 -31.0808 10
    endloop
  endfacet
  facet normal 0 0 -1
    outer loop
      vertex 0.65 -33.1258 10
      vertex 0.791389 -30.9686 10
      vertex 0.791389 -33.0314 10
    endloop
  endfacet
  facet normal 0 0 -1
    outer loop
      vertex 0.65 -33.1258 10
      vertex 0.65 -30.8742 10
      vertex 0.791389 -30.9686 10
    endloop
  endfacet
  facet normal 0 0 -1
    outer loop
      vertex 0.497488 -33.201 10
      vertex 0.65 -30.8742 10
      vertex 0.65 -33.1258 10
    endloop
  endfacet
  facet normal 0 0 -1
    outer loop
      vertex 0.497488 -33.201 10
      vertex 0.497488 -30.799 10
      vertex 0.65 -30.8742 10
    endloop
  endfacet
  facet normal 0 0 -1
    outer loop
      vertex 0.336464 -33.2557 10
      vertex 0.497488 -30.799 10
      vertex 0.497488 -33.201 10
    endloop
  endfacet
  facet normal 0 0 -1
    outer loop
      vertex 0.336464 -33.2557 10
      vertex 0.336464 -30.7443 10
      vertex 0.497488 -30.799 10
    endloop
  endfacet
  facet normal 0 0 -1
    outer loop
      vertex 0.169683 -33.2889 10
      vertex 0.336464 -30.7443 10
      vertex 0.336464 -33.2557 10
    endloop
  endfacet
  facet normal 0 0 -1
    outer loop
      vertex 0.169683 -33.2889 10
      vertex 0.169683 -30.7111 10
      vertex 0.336464 -30.7443 10
    endloop
  endfacet
  facet normal 0 0 -1
    outer loop
      vertex 0 -33.3 10
      vertex 0.169683 -30.7111 10
      vertex 0.169683 -33.2889 10
    endloop
  endfacet
  facet normal 0 0 -1
    outer loop
      vertex 0 -33.3 10
      vertex 0 -30.7 10
      vertex 0.169683 -30.7111 10
    endloop
  endfacet
  facet normal 0 0 -1
    outer loop
      vertex -0.169683 -33.2889 10
      vertex 0 -30.7 10
      vertex 0 -33.3 10
    endloop
  endfacet
  facet normal 0 0 -1
    outer loop
      vertex -0.169683 -33.2889 10
      vertex -0.169683 -30.7111 10
      vertex 0 -30.7 10
    endloop
  endfacet
  facet normal 0 0 -1
    outer loop
      vertex -0.336464 -33.2557 10
      vertex -0.169683 -30.7111 10
      vertex -0.169683 -33.2889 10
    endloop
  endfacet
  facet normal 0 0 -1
    outer loop
      vertex -0.336464 -33.2557 10
      vertex -0.336464 -30.7443 10
      vertex -0.169683 -30.7111 10
    endloop
  endfacet
  facet normal 0 0 -1
    outer loop
      vertex -0.497488 -33.201 10
      vertex -0.336464 -30.7443 10
      vertex -0.336464 -33.2557 10
    endloop
  endfacet
  facet normal 0 0 -1
    outer loop
      vertex -0.497488 -33.201 10
      vertex -0.497488 -30.799 10
      vertex -0.336464 -30.7443 10
    endloop
  endfacet
  facet normal 0 0 -1
    outer loop
      vertex -0.65 -33.1258 10
      vertex -0.497488 -30.799 10
      vertex -0.497488 -33.201 10
    endloop
  endfacet
  facet normal 0 0 -1
    outer loop
      vertex -0.65 -33.1258 10
      vertex -0.65 -30.8742 10
      vertex -0.497488 -30.799 10
    endloop
  endfacet
  facet normal 0 0 -1
    outer loop
      vertex -0.791389 -33.0314 10
      vertex -0.65 -30.8742 10
      vertex -0.65 -33.1258 10
    endloop
  endfacet
  facet normal 0 0 -1
    outer loop
      vertex -0.791389 -33.0314 10
      vertex -0.791389 -30.9686 10
      vertex -0.65 -30.8742 10
    endloop
  endfacet
  facet normal 0 0 -1
    outer loop
      vertex -0.919238 -32.9192 10
      vertex -0.791389 -30.9686 10
      vertex -0.791389 -33.0314 10
    endloop
  endfacet
  facet normal 0 0 -1
    outer loop
      vertex -0.919238 -32.9192 10
      vertex -0.919238 -31.0808 10
      vertex -0.791389 -30.9686 10
    endloop
  endfacet
  facet normal 0 0 -1
    outer loop
      vertex -1.03136 -32.7914 10
      vertex -0.919238 -31.0808 10
      vertex -0.919238 -32.9192 10
    endloop
  endfacet
  facet normal 0 0 -1
    outer loop
      vertex -1.03136 -32.7914 10
      vertex -1.03136 -31.2086 10
      vertex -0.919238 -31.0808 10
    endloop
  endfacet
  facet normal 0 0 -1
    outer loop
      vertex -1.12583 -32.65 10
      vertex -1.03136 -31.2086 10
      vertex -1.03136 -32.7914 10
    endloop
  endfacet
  facet normal 0 0 -1
    outer loop
      vertex -1.12583 -32.65 10
      vertex -1.12583 -31.35 10
      vertex -1.03136 -31.2086 10
    endloop
  endfacet
  facet normal 0 0 -1
    outer loop
      vertex -1.20104 -32.4975 10
      vertex -1.12583 -31.35 10
      vertex -1.12583 -32.65 10
    endloop
  endfacet
  facet normal 0 0 -1
    outer loop
      vertex -1.20104 -32.4975 10
      vertex -1.20104 -31.5025 10
      vertex -1.12583 -31.35 10
    endloop
  endfacet
  facet normal 0 0 -1
    outer loop
      vertex -1.2557 -32.3365 10
      vertex -1.20104 -31.5025 10
      vertex -1.20104 -32.4975 10
    endloop
  endfacet
  facet normal 0 0 -1
    outer loop
      vertex -1.2557 -32.3365 10
      vertex -1.2557 -31.6635 10
      vertex -1.20104 -31.5025 10
    endloop
  endfacet
  facet normal 0 0 -1
    outer loop
      vertex -1.28888 -32.1697 10
      vertex -1.2557 -31.6635 10
      vertex -1.2557 -32.3365 10
    endloop
  endfacet
  facet normal 0 0 -1
    outer loop
      vertex -1.28888 -32.1697 10
      vertex -1.28888 -31.8303 10
      vertex -1.2557 -31.6635 10
    endloop
  endfacet
  facet normal 0 -0 -1
    outer loop
      vertex -1.28888 -31.8303 10
      vertex -1.28888 -32.1697 10
      vertex -1.3 -32 10
    endloop
  endfacet
  facet normal 0.0652766 -0.997867 0
    outer loop
      vertex -0.169683 -30.7111 0
      vertex 0 -30.7 10
      vertex -0.169683 -30.7111 10
    endloop
  endfacet
  facet normal 0.0652766 -0.997867 0
    outer loop
      vertex 0 -30.7 10
      vertex -0.169683 -30.7111 0
      vertex 0 -30.7 0
    endloop
  endfacet
  facet normal -0.65961 -0.751608 0
    outer loop
      vertex 0.791389 -30.9686 0
      vertex 0.919238 -31.0808 10
      vertex 0.791389 -30.9686 10
    endloop
  endfacet
  facet normal -0.65961 -0.751608 -0
    outer loop
      vertex 0.919238 -31.0808 10
      vertex 0.791389 -30.9686 0
      vertex 0.919238 -31.0808 0
    endloop
  endfacet
  facet normal 0.89686 -0.442314 0
    outer loop
      vertex -1.20104 -55.5025 10
      vertex -1.12583 -55.35 0
      vertex -1.12583 -55.35 10
    endloop
  endfacet
  facet normal 0.89686 -0.442314 0
    outer loop
      vertex -1.12583 -55.35 0
      vertex -1.20104 -55.5025 10
      vertex -1.20104 -55.5025 0
    endloop
  endfacet
  facet normal -0.321649 -0.946859 0
    outer loop
      vertex 0.336464 -54.7443 0
      vertex 0.497488 -54.799 10
      vertex 0.336464 -54.7443 10
    endloop
  endfacet
  facet normal -0.321649 -0.946859 -0
    outer loop
      vertex 0.497488 -54.799 10
      vertex 0.336464 -54.7443 0
      vertex 0.497488 -54.799 0
    endloop
  endfacet
  facet normal -0.980784 0.195098 0
    outer loop
      vertex 1.2557 -56.3365 0
      vertex 1.28888 -56.1697 10
      vertex 1.28888 -56.1697 0
    endloop
  endfacet
  facet normal -0.980784 0.195098 0
    outer loop
      vertex 1.28888 -56.1697 10
      vertex 1.2557 -56.3365 0
      vertex 1.2557 -56.3365 10
    endloop
  endfacet
  facet normal -0.99786 0.0653872 0
    outer loop
      vertex 1.28888 -56.1697 0
      vertex 1.3 -56 10
      vertex 1.3 -56 0
    endloop
  endfacet
  facet normal -0.99786 0.0653872 0
    outer loop
      vertex 1.3 -56 10
      vertex 1.28888 -56.1697 0
      vertex 1.28888 -56.1697 10
    endloop
  endfacet
  facet normal -0.946916 0.321481 0
    outer loop
      vertex 1.20104 -56.4975 0
      vertex 1.2557 -56.3365 10
      vertex 1.2557 -56.3365 0
    endloop
  endfacet
  facet normal -0.946916 0.321481 0
    outer loop
      vertex 1.2557 -56.3365 10
      vertex 1.20104 -56.4975 0
      vertex 1.20104 -56.4975 10
    endloop
  endfacet
  facet normal -0.321649 0.946859 0
    outer loop
      vertex 0.497488 -57.201 0
      vertex 0.336464 -57.2557 10
      vertex 0.497488 -57.201 10
    endloop
  endfacet
  facet normal -0.321649 0.946859 0
    outer loop
      vertex 0.336464 -57.2557 10
      vertex 0.497488 -57.201 0
      vertex 0.336464 -57.2557 0
    endloop
  endfacet
  facet normal 0.831498 0.555528 0
    outer loop
      vertex -1.03136 -56.7914 10
      vertex -1.12583 -56.65 0
      vertex -1.12583 -56.65 10
    endloop
  endfacet
  facet normal 0.831498 0.555528 0
    outer loop
      vertex -1.12583 -56.65 0
      vertex -1.03136 -56.7914 10
      vertex -1.03136 -56.7914 0
    endloop
  endfacet
  facet normal 0.89686 0.442314 0
    outer loop
      vertex -1.12583 -56.65 10
      vertex -1.20104 -56.4975 0
      vertex -1.20104 -56.4975 10
    endloop
  endfacet
  facet normal 0.89686 0.442314 0
    outer loop
      vertex -1.20104 -56.4975 0
      vertex -1.12583 -56.65 10
      vertex -1.12583 -56.65 0
    endloop
  endfacet
  facet normal -0.831498 0.555528 0
    outer loop
      vertex 1.03136 -56.7914 0
      vertex 1.12583 -56.65 10
      vertex 1.12583 -56.65 0
    endloop
  endfacet
  facet normal -0.831498 0.555528 0
    outer loop
      vertex 1.12583 -56.65 10
      vertex 1.03136 -56.7914 0
      vertex 1.03136 -56.7914 10
    endloop
  endfacet
  facet normal -0.89686 0.442314 0
    outer loop
      vertex 1.12583 -56.65 0
      vertex 1.20104 -56.4975 10
      vertex 1.20104 -56.4975 0
    endloop
  endfacet
  facet normal -0.89686 0.442314 0
    outer loop
      vertex 1.20104 -56.4975 10
      vertex 1.12583 -56.65 0
      vertex 1.12583 -56.65 10
    endloop
  endfacet
  facet normal 0.442239 -0.896897 0
    outer loop
      vertex -0.65 -54.8742 0
      vertex -0.497488 -54.799 10
      vertex -0.65 -54.8742 10
    endloop
  endfacet
  facet normal 0.442239 -0.896897 0
    outer loop
      vertex -0.497488 -54.799 10
      vertex -0.65 -54.8742 0
      vertex -0.497488 -54.799 0
    endloop
  endfacet
  facet normal 0.946916 0.321481 0
    outer loop
      vertex -1.20104 -56.4975 10
      vertex -1.2557 -56.3365 0
      vertex -1.2557 -56.3365 10
    endloop
  endfacet
  facet normal 0.946916 0.321481 0
    outer loop
      vertex -1.2557 -56.3365 0
      vertex -1.20104 -56.4975 10
      vertex -1.20104 -56.4975 0
    endloop
  endfacet
  facet normal 0.75171 0.659493 0
    outer loop
      vertex -0.919238 -56.9192 10
      vertex -1.03136 -56.7914 0
      vertex -1.03136 -56.7914 10
    endloop
  endfacet
  facet normal 0.75171 0.659493 0
    outer loop
      vertex -1.03136 -56.7914 0
      vertex -0.919238 -56.9192 10
      vertex -0.919238 -56.9192 0
    endloop
  endfacet
  facet normal -0.946916 -0.321481 0
    outer loop
      vertex 1.2557 -55.6635 0
      vertex 1.20104 -55.5025 10
      vertex 1.20104 -55.5025 0
    endloop
  endfacet
  facet normal -0.946916 -0.321481 0
    outer loop
      vertex 1.20104 -55.5025 10
      vertex 1.2557 -55.6635 0
      vertex 1.2557 -55.6635 10
    endloop
  endfacet
  facet normal -0.65961 0.751608 0
    outer loop
      vertex 0.919238 -56.9192 0
      vertex 0.791389 -57.0314 10
      vertex 0.919238 -56.9192 10
    endloop
  endfacet
  facet normal -0.65961 0.751608 0
    outer loop
      vertex 0.791389 -57.0314 10
      vertex 0.919238 -56.9192 0
      vertex 0.791389 -57.0314 0
    endloop
  endfacet
  facet normal -0.442239 -0.896897 0
    outer loop
      vertex 0.497488 -54.799 0
      vertex 0.65 -54.8742 10
      vertex 0.497488 -54.799 10
    endloop
  endfacet
  facet normal -0.442239 -0.896897 -0
    outer loop
      vertex 0.65 -54.8742 10
      vertex 0.497488 -54.799 0
      vertex 0.65 -54.8742 0
    endloop
  endfacet
  facet normal 0.442239 0.896897 -0
    outer loop
      vertex -0.497488 -57.201 0
      vertex -0.65 -57.1258 10
      vertex -0.497488 -57.201 10
    endloop
  endfacet
  facet normal 0.442239 0.896897 0
    outer loop
      vertex -0.65 -57.1258 10
      vertex -0.497488 -57.201 0
      vertex -0.65 -57.1258 0
    endloop
  endfacet
  facet normal -0.831498 -0.555528 0
    outer loop
      vertex 1.12583 -55.35 0
      vertex 1.03136 -55.2086 10
      vertex 1.03136 -55.2086 0
    endloop
  endfacet
  facet normal -0.831498 -0.555528 0
    outer loop
      vertex 1.03136 -55.2086 10
      vertex 1.12583 -55.35 0
      vertex 1.12583 -55.35 10
    endloop
  endfacet
  facet normal 0.321649 -0.946859 0
    outer loop
      vertex -0.497488 -54.799 0
      vertex -0.336464 -54.7443 10
      vertex -0.497488 -54.799 10
    endloop
  endfacet
  facet normal 0.321649 -0.946859 0
    outer loop
      vertex -0.336464 -54.7443 10
      vertex -0.497488 -54.799 0
      vertex -0.336464 -54.7443 0
    endloop
  endfacet
  facet normal -0.195233 -0.980757 0
    outer loop
      vertex 0.169683 -54.7111 0
      vertex 0.336464 -54.7443 10
      vertex 0.169683 -54.7111 10
    endloop
  endfacet
  facet normal -0.195233 -0.980757 -0
    outer loop
      vertex 0.336464 -54.7443 10
      vertex 0.169683 -54.7111 0
      vertex 0.336464 -54.7443 0
    endloop
  endfacet
  facet normal -0.0652766 0.997867 0
    outer loop
      vertex 0.169683 -57.2889 0
      vertex 0 -57.3 10
      vertex 0.169683 -57.2889 10
    endloop
  endfacet
  facet normal -0.0652766 0.997867 0
    outer loop
      vertex 0 -57.3 10
      vertex 0.169683 -57.2889 0
      vertex 0 -57.3 0
    endloop
  endfacet
  facet normal -0.980784 -0.195098 0
    outer loop
      vertex 1.28888 -55.8303 0
      vertex 1.2557 -55.6635 10
      vertex 1.2557 -55.6635 0
    endloop
  endfacet
  facet normal -0.980784 -0.195098 0
    outer loop
      vertex 1.2557 -55.6635 10
      vertex 1.28888 -55.8303 0
      vertex 1.28888 -55.8303 10
    endloop
  endfacet
  facet normal 0.65961 -0.751608 0
    outer loop
      vertex -0.919238 -55.0808 0
      vertex -0.791389 -54.9686 10
      vertex -0.919238 -55.0808 10
    endloop
  endfacet
  facet normal 0.65961 -0.751608 0
    outer loop
      vertex -0.791389 -54.9686 10
      vertex -0.919238 -55.0808 0
      vertex -0.791389 -54.9686 0
    endloop
  endfacet
  facet normal -0.555273 -0.831668 0
    outer loop
      vertex 0.65 -54.8742 0
      vertex 0.791389 -54.9686 10
      vertex 0.65 -54.8742 10
    endloop
  endfacet
  facet normal -0.555273 -0.831668 -0
    outer loop
      vertex 0.791389 -54.9686 10
      vertex 0.65 -54.8742 0
      vertex 0.791389 -54.9686 0
    endloop
  endfacet
  facet normal -0.555273 0.831668 0
    outer loop
      vertex 0.791389 -57.0314 0
      vertex 0.65 -57.1258 10
      vertex 0.791389 -57.0314 10
    endloop
  endfacet
  facet normal -0.555273 0.831668 0
    outer loop
      vertex 0.65 -57.1258 10
      vertex 0.791389 -57.0314 0
      vertex 0.65 -57.1258 0
    endloop
  endfacet
  facet normal -0.89686 -0.442314 0
    outer loop
      vertex 1.20104 -55.5025 0
      vertex 1.12583 -55.35 10
      vertex 1.12583 -55.35 0
    endloop
  endfacet
  facet normal -0.89686 -0.442314 0
    outer loop
      vertex 1.12583 -55.35 10
      vertex 1.20104 -55.5025 0
      vertex 1.20104 -55.5025 10
    endloop
  endfacet
  facet normal 0.555273 0.831668 -0
    outer loop
      vertex -0.65 -57.1258 0
      vertex -0.791389 -57.0314 10
      vertex -0.65 -57.1258 10
    endloop
  endfacet
  facet normal 0.555273 0.831668 0
    outer loop
      vertex -0.791389 -57.0314 10
      vertex -0.65 -57.1258 0
      vertex -0.791389 -57.0314 0
    endloop
  endfacet
  facet normal -0.75171 -0.659493 0
    outer loop
      vertex 1.03136 -55.2086 0
      vertex 0.919238 -55.0808 10
      vertex 0.919238 -55.0808 0
    endloop
  endfacet
  facet normal -0.75171 -0.659493 0
    outer loop
      vertex 0.919238 -55.0808 10
      vertex 1.03136 -55.2086 0
      vertex 1.03136 -55.2086 10
    endloop
  endfacet
  facet normal -0.195233 0.980757 0
    outer loop
      vertex 0.336464 -57.2557 0
      vertex 0.169683 -57.2889 10
      vertex 0.336464 -57.2557 10
    endloop
  endfacet
  facet normal -0.195233 0.980757 0
    outer loop
      vertex 0.169683 -57.2889 10
      vertex 0.336464 -57.2557 0
      vertex 0.169683 -57.2889 0
    endloop
  endfacet
  facet normal 0.99786 0.0653872 0
    outer loop
      vertex -1.28888 -56.1697 10
      vertex -1.3 -56 0
      vertex -1.3 -56 10
    endloop
  endfacet
  facet normal 0.99786 0.0653872 0
    outer loop
      vertex -1.3 -56 0
      vertex -1.28888 -56.1697 10
      vertex -1.28888 -56.1697 0
    endloop
  endfacet
  facet normal 0.65961 0.751608 -0
    outer loop
      vertex -0.791389 -57.0314 0
      vertex -0.919238 -56.9192 10
      vertex -0.791389 -57.0314 10
    endloop
  endfacet
  facet normal 0.65961 0.751608 0
    outer loop
      vertex -0.919238 -56.9192 10
      vertex -0.791389 -57.0314 0
      vertex -0.919238 -56.9192 0
    endloop
  endfacet
  facet normal 0.321649 0.946859 -0
    outer loop
      vertex -0.336464 -57.2557 0
      vertex -0.497488 -57.201 10
      vertex -0.336464 -57.2557 10
    endloop
  endfacet
  facet normal 0.321649 0.946859 0
    outer loop
      vertex -0.497488 -57.201 10
      vertex -0.336464 -57.2557 0
      vertex -0.497488 -57.201 0
    endloop
  endfacet
  facet normal -0.99786 -0.0653872 0
    outer loop
      vertex 1.3 -56 0
      vertex 1.28888 -55.8303 10
      vertex 1.28888 -55.8303 0
    endloop
  endfacet
  facet normal -0.99786 -0.0653872 0
    outer loop
      vertex 1.28888 -55.8303 10
      vertex 1.3 -56 0
      vertex 1.3 -56 10
    endloop
  endfacet
  facet normal 0.980784 -0.195098 0
    outer loop
      vertex -1.28888 -55.8303 10
      vertex -1.2557 -55.6635 0
      vertex -1.2557 -55.6635 10
    endloop
  endfacet
  facet normal 0.980784 -0.195098 0
    outer loop
      vertex -1.2557 -55.6635 0
      vertex -1.28888 -55.8303 10
      vertex -1.28888 -55.8303 0
    endloop
  endfacet
  facet normal -0.0652766 -0.997867 0
    outer loop
      vertex 0 -54.7 0
      vertex 0.169683 -54.7111 10
      vertex 0 -54.7 10
    endloop
  endfacet
  facet normal -0.0652766 -0.997867 -0
    outer loop
      vertex 0.169683 -54.7111 10
      vertex 0 -54.7 0
      vertex 0.169683 -54.7111 0
    endloop
  endfacet
  facet normal 0.831498 -0.555528 0
    outer loop
      vertex -1.12583 -55.35 10
      vertex -1.03136 -55.2086 0
      vertex -1.03136 -55.2086 10
    endloop
  endfacet
  facet normal 0.831498 -0.555528 0
    outer loop
      vertex -1.03136 -55.2086 0
      vertex -1.12583 -55.35 10
      vertex -1.12583 -55.35 0
    endloop
  endfacet
  facet normal 0.0652766 0.997867 -0
    outer loop
      vertex 0 -57.3 0
      vertex -0.169683 -57.2889 10
      vertex 0 -57.3 10
    endloop
  endfacet
  facet normal 0.0652766 0.997867 0
    outer loop
      vertex -0.169683 -57.2889 10
      vertex 0 -57.3 0
      vertex -0.169683 -57.2889 0
    endloop
  endfacet
  facet normal 0.75171 -0.659493 0
    outer loop
      vertex -1.03136 -55.2086 10
      vertex -0.919238 -55.0808 0
      vertex -0.919238 -55.0808 10
    endloop
  endfacet
  facet normal 0.75171 -0.659493 0
    outer loop
      vertex -0.919238 -55.0808 0
      vertex -1.03136 -55.2086 10
      vertex -1.03136 -55.2086 0
    endloop
  endfacet
  facet normal -0.442239 0.896897 0
    outer loop
      vertex 0.65 -57.1258 0
      vertex 0.497488 -57.201 10
      vertex 0.65 -57.1258 10
    endloop
  endfacet
  facet normal -0.442239 0.896897 0
    outer loop
      vertex 0.497488 -57.201 10
      vertex 0.65 -57.1258 0
      vertex 0.497488 -57.201 0
    endloop
  endfacet
  facet normal 0.946916 -0.321481 0
    outer loop
      vertex -1.2557 -55.6635 10
      vertex -1.20104 -55.5025 0
      vertex -1.20104 -55.5025 10
    endloop
  endfacet
  facet normal 0.946916 -0.321481 0
    outer loop
      vertex -1.20104 -55.5025 0
      vertex -1.2557 -55.6635 10
      vertex -1.2557 -55.6635 0
    endloop
  endfacet
  facet normal 0.195233 0.980757 -0
    outer loop
      vertex -0.169683 -57.2889 0
      vertex -0.336464 -57.2557 10
      vertex -0.169683 -57.2889 10
    endloop
  endfacet
  facet normal 0.195233 0.980757 0
    outer loop
      vertex -0.336464 -57.2557 10
      vertex -0.169683 -57.2889 0
      vertex -0.336464 -57.2557 0
    endloop
  endfacet
  facet normal 0.99786 -0.0653872 0
    outer loop
      vertex -1.3 -56 10
      vertex -1.28888 -55.8303 0
      vertex -1.28888 -55.8303 10
    endloop
  endfacet
  facet normal 0.99786 -0.0653872 0
    outer loop
      vertex -1.28888 -55.8303 0
      vertex -1.3 -56 10
      vertex -1.3 -56 0
    endloop
  endfacet
  facet normal 0.195233 -0.980757 0
    outer loop
      vertex -0.336464 -54.7443 0
      vertex -0.169683 -54.7111 10
      vertex -0.336464 -54.7443 10
    endloop
  endfacet
  facet normal 0.195233 -0.980757 0
    outer loop
      vertex -0.169683 -54.7111 10
      vertex -0.336464 -54.7443 0
      vertex -0.169683 -54.7111 0
    endloop
  endfacet
  facet normal -0.75171 0.659493 0
    outer loop
      vertex 0.919238 -56.9192 0
      vertex 1.03136 -56.7914 10
      vertex 1.03136 -56.7914 0
    endloop
  endfacet
  facet normal -0.75171 0.659493 0
    outer loop
      vertex 1.03136 -56.7914 10
      vertex 0.919238 -56.9192 0
      vertex 0.919238 -56.9192 10
    endloop
  endfacet
  facet normal 0.555273 -0.831668 0
    outer loop
      vertex -0.791389 -54.9686 0
      vertex -0.65 -54.8742 10
      vertex -0.791389 -54.9686 10
    endloop
  endfacet
  facet normal 0.555273 -0.831668 0
    outer loop
      vertex -0.65 -54.8742 10
      vertex -0.791389 -54.9686 0
      vertex -0.65 -54.8742 0
    endloop
  endfacet
  facet normal 0.980784 0.195098 0
    outer loop
      vertex -1.2557 -56.3365 10
      vertex -1.28888 -56.1697 0
      vertex -1.28888 -56.1697 10
    endloop
  endfacet
  facet normal 0.980784 0.195098 0
    outer loop
      vertex -1.28888 -56.1697 0
      vertex -1.2557 -56.3365 10
      vertex -1.2557 -56.3365 0
    endloop
  endfacet
  facet normal 0 0 -1
    outer loop
      vertex 1.28888 -56.1697 10
      vertex 1.28888 -55.8303 10
      vertex 1.3 -56 10
    endloop
  endfacet
  facet normal 0 0 -1
    outer loop
      vertex 1.2557 -56.3365 10
      vertex 1.28888 -55.8303 10
      vertex 1.28888 -56.1697 10
    endloop
  endfacet
  facet normal 0 0 -1
    outer loop
      vertex 1.2557 -56.3365 10
      vertex 1.2557 -55.6635 10
      vertex 1.28888 -55.8303 10
    endloop
  endfacet
  facet normal 0 0 -1
    outer loop
      vertex 1.20104 -56.4975 10
      vertex 1.2557 -55.6635 10
      vertex 1.2557 -56.3365 10
    endloop
  endfacet
  facet normal 0 0 -1
    outer loop
      vertex 1.20104 -56.4975 10
      vertex 1.20104 -55.5025 10
      vertex 1.2557 -55.6635 10
    endloop
  endfacet
  facet normal 0 0 -1
    outer loop
      vertex 1.12583 -56.65 10
      vertex 1.20104 -55.5025 10
      vertex 1.20104 -56.4975 10
    endloop
  endfacet
  facet normal 0 0 -1
    outer loop
      vertex 1.12583 -56.65 10
      vertex 1.12583 -55.35 10
      vertex 1.20104 -55.5025 10
    endloop
  endfacet
  facet normal 0 0 -1
    outer loop
      vertex 1.03136 -56.7914 10
      vertex 1.12583 -55.35 10
      vertex 1.12583 -56.65 10
    endloop
  endfacet
  facet normal 0 0 -1
    outer loop
      vertex 1.03136 -56.7914 10
      vertex 1.03136 -55.2086 10
      vertex 1.12583 -55.35 10
    endloop
  endfacet
  facet normal 0 0 -1
    outer loop
      vertex 0.919238 -56.9192 10
      vertex 1.03136 -55.2086 10
      vertex 1.03136 -56.7914 10
    endloop
  endfacet
  facet normal 0 0 -1
    outer loop
      vertex 0.919238 -56.9192 10
      vertex 0.919238 -55.0808 10
      vertex 1.03136 -55.2086 10
    endloop
  endfacet
  facet normal 0 0 -1
    outer loop
      vertex 0.791389 -57.0314 10
      vertex 0.919238 -55.0808 10
      vertex 0.919238 -56.9192 10
    endloop
  endfacet
  facet normal 0 0 -1
    outer loop
      vertex 0.791389 -57.0314 10
      vertex 0.791389 -54.9686 10
      vertex 0.919238 -55.0808 10
    endloop
  endfacet
  facet normal 0 0 -1
    outer loop
      vertex 0.65 -57.1258 10
      vertex 0.791389 -54.9686 10
      vertex 0.791389 -57.0314 10
    endloop
  endfacet
  facet normal 0 0 -1
    outer loop
      vertex 0.65 -57.1258 10
      vertex 0.65 -54.8742 10
      vertex 0.791389 -54.9686 10
    endloop
  endfacet
  facet normal 0 0 -1
    outer loop
      vertex 0.497488 -57.201 10
      vertex 0.65 -54.8742 10
      vertex 0.65 -57.1258 10
    endloop
  endfacet
  facet normal 0 0 -1
    outer loop
      vertex 0.497488 -57.201 10
      vertex 0.497488 -54.799 10
      vertex 0.65 -54.8742 10
    endloop
  endfacet
  facet normal 0 0 -1
    outer loop
      vertex 0.336464 -57.2557 10
      vertex 0.497488 -54.799 10
      vertex 0.497488 -57.201 10
    endloop
  endfacet
  facet normal 0 0 -1
    outer loop
      vertex 0.336464 -57.2557 10
      vertex 0.336464 -54.7443 10
      vertex 0.497488 -54.799 10
    endloop
  endfacet
  facet normal 0 0 -1
    outer loop
      vertex 0.169683 -57.2889 10
      vertex 0.336464 -54.7443 10
      vertex 0.336464 -57.2557 10
    endloop
  endfacet
  facet normal 0 0 -1
    outer loop
      vertex 0.169683 -57.2889 10
      vertex 0.169683 -54.7111 10
      vertex 0.336464 -54.7443 10
    endloop
  endfacet
  facet normal 0 0 -1
    outer loop
      vertex 0 -57.3 10
      vertex 0.169683 -54.7111 10
      vertex 0.169683 -57.2889 10
    endloop
  endfacet
  facet normal 0 0 -1
    outer loop
      vertex 0 -57.3 10
      vertex 0 -54.7 10
      vertex 0.169683 -54.7111 10
    endloop
  endfacet
  facet normal 0 0 -1
    outer loop
      vertex -0.169683 -57.2889 10
      vertex 0 -54.7 10
      vertex 0 -57.3 10
    endloop
  endfacet
  facet normal 0 0 -1
    outer loop
      vertex -0.169683 -57.2889 10
      vertex -0.169683 -54.7111 10
      vertex 0 -54.7 10
    endloop
  endfacet
  facet normal 0 0 -1
    outer loop
      vertex -0.336464 -57.2557 10
      vertex -0.169683 -54.7111 10
      vertex -0.169683 -57.2889 10
    endloop
  endfacet
  facet normal 0 0 -1
    outer loop
      vertex -0.336464 -57.2557 10
      vertex -0.336464 -54.7443 10
      vertex -0.169683 -54.7111 10
    endloop
  endfacet
  facet normal 0 0 -1
    outer loop
      vertex -0.497488 -57.201 10
      vertex -0.336464 -54.7443 10
      vertex -0.336464 -57.2557 10
    endloop
  endfacet
  facet normal 0 0 -1
    outer loop
      vertex -0.497488 -57.201 10
      vertex -0.497488 -54.799 10
      vertex -0.336464 -54.7443 10
    endloop
  endfacet
  facet normal 0 0 -1
    outer loop
      vertex -0.65 -57.1258 10
      vertex -0.497488 -54.799 10
      vertex -0.497488 -57.201 10
    endloop
  endfacet
  facet normal 0 0 -1
    outer loop
      vertex -0.65 -57.1258 10
      vertex -0.65 -54.8742 10
      vertex -0.497488 -54.799 10
    endloop
  endfacet
  facet normal 0 0 -1
    outer loop
      vertex -0.791389 -57.0314 10
      vertex -0.65 -54.8742 10
      vertex -0.65 -57.1258 10
    endloop
  endfacet
  facet normal 0 0 -1
    outer loop
      vertex -0.791389 -57.0314 10
      vertex -0.791389 -54.9686 10
      vertex -0.65 -54.8742 10
    endloop
  endfacet
  facet normal 0 0 -1
    outer loop
      vertex -0.919238 -56.9192 10
      vertex -0.791389 -54.9686 10
      vertex -0.791389 -57.0314 10
    endloop
  endfacet
  facet normal 0 0 -1
    outer loop
      vertex -0.919238 -56.9192 10
      vertex -0.919238 -55.0808 10
      vertex -0.791389 -54.9686 10
    endloop
  endfacet
  facet normal 0 0 -1
    outer loop
      vertex -1.03136 -56.7914 10
      vertex -0.919238 -55.0808 10
      vertex -0.919238 -56.9192 10
    endloop
  endfacet
  facet normal 0 0 -1
    outer loop
      vertex -1.03136 -56.7914 10
      vertex -1.03136 -55.2086 10
      vertex -0.919238 -55.0808 10
    endloop
  endfacet
  facet normal 0 0 -1
    outer loop
      vertex -1.12583 -56.65 10
      vertex -1.03136 -55.2086 10
      vertex -1.03136 -56.7914 10
    endloop
  endfacet
  facet normal 0 0 -1
    outer loop
      vertex -1.12583 -56.65 10
      vertex -1.12583 -55.35 10
      vertex -1.03136 -55.2086 10
    endloop
  endfacet
  facet normal 0 0 -1
    outer loop
      vertex -1.20104 -56.4975 10
      vertex -1.12583 -55.35 10
      vertex -1.12583 -56.65 10
    endloop
  endfacet
  facet normal 0 0 -1
    outer loop
      vertex -1.20104 -56.4975 10
      vertex -1.20104 -55.5025 10
      vertex -1.12583 -55.35 10
    endloop
  endfacet
  facet normal 0 0 -1
    outer loop
      vertex -1.2557 -56.3365 10
      vertex -1.20104 -55.5025 10
      vertex -1.20104 -56.4975 10
    endloop
  endfacet
  facet normal 0 0 -1
    outer loop
      vertex -1.2557 -56.3365 10
      vertex -1.2557 -55.6635 10
      vertex -1.20104 -55.5025 10
    endloop
  endfacet
  facet normal 0 0 -1
    outer loop
      vertex -1.28888 -56.1697 10
      vertex -1.2557 -55.6635 10
      vertex -1.2557 -56.3365 10
    endloop
  endfacet
  facet normal 0 0 -1
    outer loop
      vertex -1.28888 -56.1697 10
      vertex -1.28888 -55.8303 10
      vertex -1.2557 -55.6635 10
    endloop
  endfacet
  facet normal 0 -0 -1
    outer loop
      vertex -1.28888 -55.8303 10
      vertex -1.28888 -56.1697 10
      vertex -1.3 -56 10
    endloop
  endfacet
  facet normal 0.0652766 -0.997867 0
    outer loop
      vertex -0.169683 -54.7111 0
      vertex 0 -54.7 10
      vertex -0.169683 -54.7111 10
    endloop
  endfacet
  facet normal 0.0652766 -0.997867 0
    outer loop
      vertex 0 -54.7 10
      vertex -0.169683 -54.7111 0
      vertex 0 -54.7 0
    endloop
  endfacet
  facet normal -0.65961 -0.751608 0
    outer loop
      vertex 0.791389 -54.9686 0
      vertex 0.919238 -55.0808 10
      vertex 0.791389 -54.9686 10
    endloop
  endfacet
  facet normal -0.65961 -0.751608 -0
    outer loop
      vertex 0.919238 -55.0808 10
      vertex 0.791389 -54.9686 0
      vertex 0.919238 -55.0808 0
    endloop
  endfacet
  facet normal -0.980791 0.190801 0.0405579
    outer loop
      vertex 3.28415 -64.6124 92.7411
      vertex 3.37091 -65.2253 97.7225
      vertex 3.37091 -64.1857 92.8318
    endloop
  endfacet
  facet normal -0.980782 0.190843 0.040563
    outer loop
      vertex 3.37091 -65.2253 97.7225
      vertex 3.28415 -64.6124 92.7411
      vertex 3.28415 -65.6519 97.6318
    endloop
  endfacet
  facet normal -0.997858 0.0639802 0.0135998
    outer loop
      vertex 3.37091 -64.1857 92.8318
      vertex 3.4 -64.7912 97.8148
      vertex 3.4 -63.7516 92.924
    endloop
  endfacet
  facet normal -0.997859 0.0639772 0.0135994
    outer loop
      vertex 3.4 -64.7912 97.8148
      vertex 3.37091 -64.1857 92.8318
      vertex 3.37091 -65.2253 97.7225
    endloop
  endfacet
  facet normal 0.555568 0.813303 0.172865
    outer loop
      vertex -1.7 -67.6713 97.2026
      vertex -2.06979 -66.3901 92.3632
      vertex -2.06979 -67.4296 97.2539
    endloop
  endfacet
  facet normal 0.5556 0.813283 0.172857
    outer loop
      vertex -2.06979 -66.3901 92.3632
      vertex -1.7 -67.6713 97.2026
      vertex -1.7 -66.6318 92.3118
    endloop
  endfacet
  facet normal 0.751769 0.645017 0.137096
    outer loop
      vertex -2.6974 -66.8157 97.3844
      vertex -2.40416 -66.1032 92.4242
      vertex -2.6974 -65.7762 92.4937
    endloop
  endfacet
  facet normal 0.751865 0.644908 0.137086
    outer loop
      vertex -2.40416 -66.1032 92.4242
      vertex -2.6974 -66.8157 97.3844
      vertex -2.40416 -67.1428 97.3149
    endloop
  endfacet
  facet normal -0.0654864 0.97605 0.207456
    outer loop
      vertex 0.443789 -67.0489 92.2232
      vertex 0 -68.1169 97.1079
      vertex 0.443789 -68.0884 97.1139
    endloop
  endfacet
  facet normal -0.065314 0.976058 0.207473
    outer loop
      vertex 0 -68.1169 97.1079
      vertex 0.443789 -67.0489 92.2232
      vertex 0 -67.0773 92.2171
    endloop
  endfacet
  facet normal 0.831461 0.543443 0.115507
    outer loop
      vertex -2.94449 -66.454 97.4613
      vertex -2.6974 -65.7762 92.4937
      vertex -2.94449 -65.4145 92.5706
    endloop
  endfacet
  facet normal 0.831461 0.543443 0.115507
    outer loop
      vertex -2.6974 -65.7762 92.4937
      vertex -2.94449 -66.454 97.4613
      vertex -2.6974 -66.8157 97.3844
    endloop
  endfacet
  facet normal 0.659321 0.73543 0.156328
    outer loop
      vertex -2.06979 -67.4296 97.2539
      vertex -2.40416 -66.1032 92.4242
      vertex -2.40416 -67.1428 97.3149
    endloop
  endfacet
  facet normal 0.659446 0.735326 0.156291
    outer loop
      vertex -2.40416 -66.1032 92.4242
      vertex -2.06979 -67.4296 97.2539
      vertex -2.06979 -66.3901 92.3632
    endloop
  endfacet
  facet normal 0.321366 0.926265 0.19687
    outer loop
      vertex -0.879984 -68.0035 97.132
      vertex -1.30112 -66.8242 92.2709
      vertex -1.30112 -67.8637 97.1617
    endloop
  endfacet
  facet normal 0.321366 0.926265 0.19687
    outer loop
      vertex -1.30112 -66.8242 92.2709
      vertex -0.879984 -68.0035 97.132
      vertex -0.879984 -66.964 92.2412
    endloop
  endfacet
  facet normal 0.94694 -0.314386 -0.0668267
    outer loop
      vertex -3.14119 -63.5185 98.0853
      vertex -3.28415 -62.8909 93.107
      vertex -3.14119 -62.4789 93.1945
    endloop
  endfacet
  facet normal 0.946922 -0.314439 -0.0668328
    outer loop
      vertex -3.28415 -62.8909 93.107
      vertex -3.14119 -63.5185 98.0853
      vertex -3.28415 -63.9304 97.9977
    endloop
  endfacet
  facet normal -0.751769 0.645017 0.137096
    outer loop
      vertex 2.40416 -66.1032 92.4242
      vertex 2.6974 -66.8157 97.3844
      vertex 2.6974 -65.7762 92.4937
    endloop
  endfacet
  facet normal -0.751865 0.644908 0.137086
    outer loop
      vertex 2.6974 -66.8157 97.3844
      vertex 2.40416 -66.1032 92.4242
      vertex 2.40416 -67.1428 97.3149
    endloop
  endfacet
  facet normal 0.442277 0.877282 0.186459
    outer loop
      vertex -1.30112 -67.8637 97.1617
      vertex -1.7 -66.6318 92.3118
      vertex -1.7 -67.6713 97.2026
    endloop
  endfacet
  facet normal 0.442277 0.877282 0.186459
    outer loop
      vertex -1.7 -66.6318 92.3118
      vertex -1.30112 -67.8637 97.1617
      vertex -1.30112 -66.8242 92.2709
    endloop
  endfacet
  facet normal 0.751865 -0.644911 -0.137073
    outer loop
      vertex -2.40416 -62.4395 98.3146
      vertex -2.6974 -61.7271 93.3544
      vertex -2.40416 -61.4 93.4239
    endloop
  endfacet
  facet normal 0.751865 -0.644911 -0.137073
    outer loop
      vertex -2.6974 -61.7271 93.3544
      vertex -2.40416 -62.4395 98.3146
      vertex -2.6974 -62.7666 98.2451
    endloop
  endfacet
  facet normal -0.831461 0.543443 0.115507
    outer loop
      vertex 2.6974 -65.7762 92.4937
      vertex 2.94449 -66.454 97.4613
      vertex 2.94449 -65.4145 92.5706
    endloop
  endfacet
  facet normal -0.831461 0.543443 0.115507
    outer loop
      vertex 2.94449 -66.454 97.4613
      vertex 2.6974 -65.7762 92.4937
      vertex 2.6974 -66.8157 97.3844
    endloop
  endfacet
  facet normal 0.195139 -0.959345 -0.203905
    outer loop
      vertex -0.879984 -61.5788 98.4976
      vertex -0.443789 -60.4544 93.6249
      vertex -0.443789 -61.4939 98.5156
    endloop
  endfacet
  facet normal 0.194973 -0.959375 -0.203927
    outer loop
      vertex -0.443789 -60.4544 93.6249
      vertex -0.879984 -61.5788 98.4976
      vertex -0.879984 -60.5392 93.6068
    endloop
  endfacet
  facet normal -0.980782 -0.190843 -0.040563
    outer loop
      vertex 3.37091 -63.3175 93.0163
      vertex 3.28415 -63.9304 97.9977
      vertex 3.28415 -62.8909 93.107
    endloop
  endfacet
  facet normal -0.980791 -0.190801 -0.0405579
    outer loop
      vertex 3.28415 -63.9304 97.9977
      vertex 3.37091 -63.3175 93.0163
      vertex 3.37091 -64.3571 97.907
    endloop
  endfacet
  facet normal -0.195139 -0.959345 -0.203905
    outer loop
      vertex 0.443789 -60.4544 93.6249
      vertex 0.879984 -61.5788 98.4976
      vertex 0.443789 -61.4939 98.5156
    endloop
  endfacet
  facet normal -0.194973 -0.959375 -0.203927
    outer loop
      vertex 0.879984 -61.5788 98.4976
      vertex 0.443789 -60.4544 93.6249
      vertex 0.879984 -60.5392 93.6068
    endloop
  endfacet
  facet normal -0.831461 -0.543443 -0.115507
    outer loop
      vertex 2.94449 -62.0888 93.2775
      vertex 2.6974 -62.7666 98.2451
      vertex 2.6974 -61.7271 93.3544
    endloop
  endfacet
  facet normal -0.831461 -0.543443 -0.115507
    outer loop
      vertex 2.6974 -62.7666 98.2451
      vertex 2.94449 -62.0888 93.2775
      vertex 2.94449 -63.1283 98.1682
    endloop
  endfacet
  facet normal -0.94694 -0.314386 -0.0668267
    outer loop
      vertex 3.28415 -62.8909 93.107
      vertex 3.14119 -63.5185 98.0853
      vertex 3.14119 -62.4789 93.1945
    endloop
  endfacet
  facet normal -0.946922 -0.314439 -0.0668328
    outer loop
      vertex 3.14119 -63.5185 98.0853
      vertex 3.28415 -62.8909 93.107
      vertex 3.28415 -63.9304 97.9977
    endloop
  endfacet
  facet normal -0.442277 0.877282 0.186459
    outer loop
      vertex 1.7 -66.6318 92.3118
      vertex 1.30112 -67.8637 97.1617
      vertex 1.7 -67.6713 97.2026
    endloop
  endfacet
  facet normal -0.442277 0.877282 0.186459
    outer loop
      vertex 1.30112 -67.8637 97.1617
      vertex 1.7 -66.6318 92.3118
      vertex 1.30112 -66.8242 92.2709
    endloop
  endfacet
  facet normal -0.5556 -0.813283 -0.172857
    outer loop
      vertex 1.7 -60.8715 93.5362
      vertex 2.06979 -62.1527 98.3756
      vertex 1.7 -61.911 98.427
    endloop
  endfacet
  facet normal -0.5556 -0.813283 -0.172857
    outer loop
      vertex 2.06979 -62.1527 98.3756
      vertex 1.7 -60.8715 93.5362
      vertex 2.06979 -61.1132 93.4848
    endloop
  endfacet
  facet normal -0.442239 -0.8773 -0.186467
    outer loop
      vertex 1.30112 -60.6791 93.5771
      vertex 1.7 -61.911 98.427
      vertex 1.30112 -61.7186 98.4678
    endloop
  endfacet
  facet normal -0.442277 -0.877282 -0.186459
    outer loop
      vertex 1.7 -61.911 98.427
      vertex 1.30112 -60.6791 93.5771
      vertex 1.7 -60.8715 93.5362
    endloop
  endfacet
  facet normal -0.555568 0.813303 0.172865
    outer loop
      vertex 2.06979 -66.3901 92.3632
      vertex 1.7 -67.6713 97.2026
      vertex 2.06979 -67.4296 97.2539
    endloop
  endfacet
  facet normal -0.5556 0.813283 0.172857
    outer loop
      vertex 1.7 -67.6713 97.2026
      vertex 2.06979 -66.3901 92.3632
      vertex 1.7 -66.6318 92.3118
    endloop
  endfacet
  facet normal -0.659321 0.73543 0.156328
    outer loop
      vertex 2.40416 -66.1032 92.4242
      vertex 2.06979 -67.4296 97.2539
      vertex 2.40416 -67.1428 97.3149
    endloop
  endfacet
  facet normal -0.659446 0.735326 0.156291
    outer loop
      vertex 2.06979 -67.4296 97.2539
      vertex 2.40416 -66.1032 92.4242
      vertex 2.06979 -66.3901 92.3632
    endloop
  endfacet
  facet normal 0.980782 -0.190843 -0.040563
    outer loop
      vertex -3.28415 -63.9304 97.9977
      vertex -3.37091 -63.3175 93.0163
      vertex -3.28415 -62.8909 93.107
    endloop
  endfacet
  facet normal 0.980791 -0.190801 -0.0405579
    outer loop
      vertex -3.37091 -63.3175 93.0163
      vertex -3.28415 -63.9304 97.9977
      vertex -3.37091 -64.3571 97.907
    endloop
  endfacet
  facet normal 0.980791 0.190801 0.0405579
    outer loop
      vertex -3.37091 -65.2253 97.7225
      vertex -3.28415 -64.6124 92.7411
      vertex -3.37091 -64.1857 92.8318
    endloop
  endfacet
  facet normal 0.980782 0.190843 0.040563
    outer loop
      vertex -3.28415 -64.6124 92.7411
      vertex -3.37091 -65.2253 97.7225
      vertex -3.28415 -65.6519 97.6318
    endloop
  endfacet
  facet normal 0.065314 -0.976058 -0.207473
    outer loop
      vertex -0.443789 -61.4939 98.5156
      vertex 0 -60.4259 93.6309
      vertex 0 -61.4655 98.5217
    endloop
  endfacet
  facet normal 0.0654864 -0.97605 -0.207456
    outer loop
      vertex 0 -60.4259 93.6309
      vertex -0.443789 -61.4939 98.5156
      vertex -0.443789 -60.4544 93.6249
    endloop
  endfacet
  facet normal 0.659321 -0.735434 -0.15631
    outer loop
      vertex -2.40416 -62.4395 98.3146
      vertex -2.06979 -61.1132 93.4848
      vertex -2.06979 -62.1527 98.3756
    endloop
  endfacet
  facet normal 0.659295 -0.735456 -0.156318
    outer loop
      vertex -2.06979 -61.1132 93.4848
      vertex -2.40416 -62.4395 98.3146
      vertex -2.40416 -61.4 93.4239
    endloop
  endfacet
  facet normal -0.896891 0.432587 0.0919536
    outer loop
      vertex 2.94449 -65.4145 92.5706
      vertex 3.14119 -66.0639 97.5442
      vertex 3.14119 -65.0243 92.6535
    endloop
  endfacet
  facet normal -0.896848 0.432674 0.0919633
    outer loop
      vertex 3.14119 -66.0639 97.5442
      vertex 2.94449 -65.4145 92.5706
      vertex 2.94449 -66.454 97.4613
    endloop
  endfacet
  facet normal -0.751865 -0.644911 -0.137073
    outer loop
      vertex 2.6974 -61.7271 93.3544
      vertex 2.40416 -62.4395 98.3146
      vertex 2.40416 -61.4 93.4239
    endloop
  endfacet
  facet normal -0.751865 -0.644911 -0.137073
    outer loop
      vertex 2.40416 -62.4395 98.3146
      vertex 2.6974 -61.7271 93.3544
      vertex 2.6974 -62.7666 98.2451
    endloop
  endfacet
  facet normal 0.997859 -0.0639772 -0.0135994
    outer loop
      vertex -3.37091 -64.3571 97.907
      vertex -3.4 -63.7516 92.924
      vertex -3.37091 -63.3175 93.0163
    endloop
  endfacet
  facet normal 0.997858 -0.0639802 -0.0135998
    outer loop
      vertex -3.4 -63.7516 92.924
      vertex -3.37091 -64.3571 97.907
      vertex -3.4 -64.7912 97.8148
    endloop
  endfacet
  facet normal -0.065314 -0.976058 -0.207473
    outer loop
      vertex 0 -60.4259 93.6309
      vertex 0.443789 -61.4939 98.5156
      vertex 0 -61.4655 98.5217
    endloop
  endfacet
  facet normal -0.0654864 -0.97605 -0.207456
    outer loop
      vertex 0.443789 -61.4939 98.5156
      vertex 0 -60.4259 93.6309
      vertex 0.443789 -60.4544 93.6249
    endloop
  endfacet
  facet normal 0.946922 0.314439 0.0668328
    outer loop
      vertex -3.28415 -65.6519 97.6318
      vertex -3.14119 -65.0243 92.6535
      vertex -3.28415 -64.6124 92.7411
    endloop
  endfacet
  facet normal 0.946945 0.314372 0.0668251
    outer loop
      vertex -3.14119 -65.0243 92.6535
      vertex -3.28415 -65.6519 97.6318
      vertex -3.14119 -66.0639 97.5442
    endloop
  endfacet
  facet normal -0.321366 0.926265 0.19687
    outer loop
      vertex 1.30112 -66.8242 92.2709
      vertex 0.879984 -68.0035 97.132
      vertex 1.30112 -67.8637 97.1617
    endloop
  endfacet
  facet normal -0.321366 0.926265 0.19687
    outer loop
      vertex 0.879984 -68.0035 97.132
      vertex 1.30112 -66.8242 92.2709
      vertex 0.879984 -66.964 92.2412
    endloop
  endfacet
  facet normal 0.997858 0.0639802 0.0135998
    outer loop
      vertex -3.4 -64.7912 97.8148
      vertex -3.37091 -64.1857 92.8318
      vertex -3.4 -63.7516 92.924
    endloop
  endfacet
  facet normal 0.997859 0.0639772 0.0135994
    outer loop
      vertex -3.37091 -64.1857 92.8318
      vertex -3.4 -64.7912 97.8148
      vertex -3.37091 -65.2253 97.7225
    endloop
  endfacet
  facet normal 0.896857 -0.432656 -0.0919594
    outer loop
      vertex -2.94449 -63.1283 98.1682
      vertex -3.14119 -62.4789 93.1945
      vertex -2.94449 -62.0888 93.2775
    endloop
  endfacet
  facet normal 0.896891 -0.432587 -0.0919518
    outer loop
      vertex -3.14119 -62.4789 93.1945
      vertex -2.94449 -63.1283 98.1682
      vertex -3.14119 -63.5185 98.0853
    endloop
  endfacet
  facet normal 0.831461 -0.543443 -0.115507
    outer loop
      vertex -2.6974 -62.7666 98.2451
      vertex -2.94449 -62.0888 93.2775
      vertex -2.6974 -61.7271 93.3544
    endloop
  endfacet
  facet normal 0.831461 -0.543443 -0.115507
    outer loop
      vertex -2.94449 -62.0888 93.2775
      vertex -2.6974 -62.7666 98.2451
      vertex -2.94449 -63.1283 98.1682
    endloop
  endfacet
  facet normal -0.997859 -0.0639772 -0.0135994
    outer loop
      vertex 3.4 -63.7516 92.924
      vertex 3.37091 -64.3571 97.907
      vertex 3.37091 -63.3175 93.0163
    endloop
  endfacet
  facet normal -0.997858 -0.0639802 -0.0135998
    outer loop
      vertex 3.37091 -64.3571 97.907
      vertex 3.4 -63.7516 92.924
      vertex 3.4 -64.7912 97.8148
    endloop
  endfacet
  facet normal -0.946922 0.314439 0.0668328
    outer loop
      vertex 3.14119 -65.0243 92.6535
      vertex 3.28415 -65.6519 97.6318
      vertex 3.28415 -64.6124 92.7411
    endloop
  endfacet
  facet normal -0.946945 0.314372 0.0668251
    outer loop
      vertex 3.28415 -65.6519 97.6318
      vertex 3.14119 -65.0243 92.6535
      vertex 3.14119 -66.0639 97.5442
    endloop
  endfacet
  facet normal 0.0654864 0.97605 0.207456
    outer loop
      vertex 0 -68.1169 97.1079
      vertex -0.443789 -67.0489 92.2232
      vertex -0.443789 -68.0884 97.1139
    endloop
  endfacet
  facet normal 0.065314 0.976058 0.207473
    outer loop
      vertex -0.443789 -67.0489 92.2232
      vertex 0 -68.1169 97.1079
      vertex 0 -67.0773 92.2171
    endloop
  endfacet
  facet normal -0.321408 -0.926247 -0.196885
    outer loop
      vertex 0.879984 -60.5392 93.6068
      vertex 1.30112 -61.7186 98.4678
      vertex 0.879984 -61.5788 98.4976
    endloop
  endfacet
  facet normal -0.321563 -0.926198 -0.19686
    outer loop
      vertex 1.30112 -61.7186 98.4678
      vertex 0.879984 -60.5392 93.6068
      vertex 1.30112 -60.6791 93.5771
    endloop
  endfacet
  facet normal 0.195184 0.959337 0.203899
    outer loop
      vertex -0.443789 -68.0884 97.1139
      vertex -0.879984 -66.964 92.2412
      vertex -0.879984 -68.0035 97.132
    endloop
  endfacet
  facet normal 0.195139 0.959345 0.203905
    outer loop
      vertex -0.879984 -66.964 92.2412
      vertex -0.443789 -68.0884 97.1139
      vertex -0.443789 -67.0489 92.2232
    endloop
  endfacet
  facet normal 0.896891 0.432587 0.0919536
    outer loop
      vertex -3.14119 -66.0639 97.5442
      vertex -2.94449 -65.4145 92.5706
      vertex -3.14119 -65.0243 92.6535
    endloop
  endfacet
  facet normal 0.896848 0.432674 0.0919633
    outer loop
      vertex -2.94449 -65.4145 92.5706
      vertex -3.14119 -66.0639 97.5442
      vertex -2.94449 -66.454 97.4613
    endloop
  endfacet
  facet normal -0.896857 -0.432656 -0.0919594
    outer loop
      vertex 3.14119 -62.4789 93.1945
      vertex 2.94449 -63.1283 98.1682
      vertex 2.94449 -62.0888 93.2775
    endloop
  endfacet
  facet normal -0.896891 -0.432587 -0.0919518
    outer loop
      vertex 2.94449 -63.1283 98.1682
      vertex 3.14119 -62.4789 93.1945
      vertex 3.14119 -63.5185 98.0853
    endloop
  endfacet
  facet normal 0.321408 -0.926247 -0.196885
    outer loop
      vertex -1.30112 -61.7186 98.4678
      vertex -0.879984 -60.5392 93.6068
      vertex -0.879984 -61.5788 98.4976
    endloop
  endfacet
  facet normal 0.321563 -0.926198 -0.19686
    outer loop
      vertex -0.879984 -60.5392 93.6068
      vertex -1.30112 -61.7186 98.4678
      vertex -1.30112 -60.6791 93.5771
    endloop
  endfacet
  facet normal -0.195184 0.959337 0.203899
    outer loop
      vertex 0.879984 -66.964 92.2412
      vertex 0.443789 -68.0884 97.1139
      vertex 0.879984 -68.0035 97.132
    endloop
  endfacet
  facet normal -0.195139 0.959345 0.203905
    outer loop
      vertex 0.443789 -68.0884 97.1139
      vertex 0.879984 -66.964 92.2412
      vertex 0.443789 -67.0489 92.2232
    endloop
  endfacet
  facet normal 0.442239 -0.8773 -0.186467
    outer loop
      vertex -1.7 -61.911 98.427
      vertex -1.30112 -60.6791 93.5771
      vertex -1.30112 -61.7186 98.4678
    endloop
  endfacet
  facet normal 0.442277 -0.877282 -0.186459
    outer loop
      vertex -1.30112 -60.6791 93.5771
      vertex -1.7 -61.911 98.427
      vertex -1.7 -60.8715 93.5362
    endloop
  endfacet
  facet normal -0.659321 -0.735434 -0.15631
    outer loop
      vertex 2.06979 -61.1132 93.4848
      vertex 2.40416 -62.4395 98.3146
      vertex 2.06979 -62.1527 98.3756
    endloop
  endfacet
  facet normal -0.659295 -0.735456 -0.156318
    outer loop
      vertex 2.40416 -62.4395 98.3146
      vertex 2.06979 -61.1132 93.4848
      vertex 2.40416 -61.4 93.4239
    endloop
  endfacet
  facet normal 0.5556 -0.813283 -0.172857
    outer loop
      vertex -2.06979 -62.1527 98.3756
      vertex -1.7 -60.8715 93.5362
      vertex -1.7 -61.911 98.427
    endloop
  endfacet
  facet normal 0.5556 -0.813283 -0.172857
    outer loop
      vertex -1.7 -60.8715 93.5362
      vertex -2.06979 -62.1527 98.3756
      vertex -2.06979 -61.1132 93.4848
    endloop
  endfacet
  facet normal -1 0 0
    outer loop
      vertex 5.75 -59.2569 87.7454
      vertex 5.75 -77.0594 89.073
      vertex 5.75 -60.5044 93.6142
    endloop
  endfacet
  facet normal -1 0 0
    outer loop
      vertex 5.75 -80.1108 83.3127
      vertex 5.75 -77.0594 89.073
      vertex 5.75 -59.2569 87.7454
    endloop
  endfacet
  facet normal -1 0 0
    outer loop
      vertex 5.75 -77.0594 89.073
      vertex 5.75 -80.1108 83.3127
      vertex 5.75 -81.1504 88.2035
    endloop
  endfacet
  facet normal -1 0 0
    outer loop
      vertex 5.75 -77.0594 89.073
      vertex 5.75 -77.1213 90.0822
      vertex 5.75 -60.5044 93.6142
    endloop
  endfacet
  facet normal -1 0 -0
    outer loop
      vertex 5.75 -77.1213 90.0822
      vertex 5.75 -77.0594 89.073
      vertex 5.75 -77.1614 89.5528
    endloop
  endfacet
  facet normal 0.5 -0.8471 -0.180061
    outer loop
      vertex -5.75 -60.5044 93.6142
      vertex 0 -56.0097 88.4356
      vertex 0 -57.2572 94.3045
    endloop
  endfacet
  facet normal 0.499997 -0.847101 -0.180064
    outer loop
      vertex 0 -56.0097 88.4356
      vertex -5.75 -60.5044 93.6142
      vertex -5.75 -59.2569 87.7454
    endloop
  endfacet
  facet normal -0.5 -0.8471 -0.180061
    outer loop
      vertex 0 -56.0097 88.4356
      vertex 5.75 -60.5044 93.6142
      vertex 0 -57.2572 94.3045
    endloop
  endfacet
  facet normal -0.499997 -0.847101 -0.180064
    outer loop
      vertex 5.75 -60.5044 93.6142
      vertex 0 -56.0097 88.4356
      vertex 5.75 -59.2569 87.7454
    endloop
  endfacet
  facet normal 1 -0 0
    outer loop
      vertex -5.75 -77.1213 90.0822
      vertex -5.75 -77.0594 89.073
      vertex -5.75 -60.5044 93.6142
    endloop
  endfacet
  facet normal 1 0 0
    outer loop
      vertex -5.75 -77.0594 89.073
      vertex -5.75 -77.1213 90.0822
      vertex -5.75 -77.1614 89.5528
    endloop
  endfacet
  facet normal 1 -0 0
    outer loop
      vertex -5.75 -77.0594 89.073
      vertex -5.75 -59.2569 87.7454
      vertex -5.75 -60.5044 93.6142
    endloop
  endfacet
  facet normal 1 0 0
    outer loop
      vertex -5.75 -77.0594 89.073
      vertex -5.75 -80.1108 83.3127
      vertex -5.75 -59.2569 87.7454
    endloop
  endfacet
  facet normal 1 0 -0
    outer loop
      vertex -5.75 -80.1108 83.3127
      vertex -5.75 -77.0594 89.073
      vertex -5.75 -81.1504 88.2035
    endloop
  endfacet
  facet normal 0.000236685 0.207744 -0.978183
    outer loop
      vertex 5.75 -60.5044 93.6142
      vertex 3.37091 -64.1857 92.8318
      vertex 3.4 -63.7516 92.924
    endloop
  endfacet
  facet normal -9.1626e-07 0.207917 -0.978147
    outer loop
      vertex 4.72212 -77.4736 90.0073
      vertex 3.28415 -64.6124 92.7411
      vertex 3.37091 -64.1857 92.8318
    endloop
  endfacet
  facet normal 0.000236957 0.207942 -0.978141
    outer loop
      vertex 4.72212 -77.4736 90.0073
      vertex 3.14119 -65.0243 92.6535
      vertex 3.28415 -64.6124 92.7411
    endloop
  endfacet
  facet normal -0.00015962 0.207894 -0.978151
    outer loop
      vertex 4.72212 -77.4736 90.0073
      vertex 2.94449 -65.4145 92.5706
      vertex 3.14119 -65.0243 92.6535
    endloop
  endfacet
  facet normal -1.39265e-05 0.207908 -0.978148
    outer loop
      vertex 0.879984 -66.964 92.2412
      vertex 3.83925 -77.7668 89.945
      vertex 2.92482 -77.9447 89.9072
    endloop
  endfacet
  facet normal 5.37802e-05 0.207924 -0.978145
    outer loop
      vertex 4.72212 -77.4736 90.0073
      vertex 2.6974 -65.7762 92.4937
      vertex 2.94449 -65.4145 92.5706
    endloop
  endfacet
  facet normal -1.99586e-05 0.207912 -0.978148
    outer loop
      vertex 4.72212 -77.4736 90.0073
      vertex 2.40416 -66.1032 92.4242
      vertex 2.6974 -65.7762 92.4937
    endloop
  endfacet
  facet normal 4.06832e-05 0.207923 -0.978145
    outer loop
      vertex 4.72212 -77.4736 90.0073
      vertex 2.06979 -66.3901 92.3632
      vertex 2.40416 -66.1032 92.4242
    endloop
  endfacet
  facet normal 3.46243e-06 0.207915 -0.978147
    outer loop
      vertex 0.443789 -67.0489 92.2232
      vertex 2.92482 -77.9447 89.9072
      vertex 1.93619 -78.1371 89.8663
    endloop
  endfacet
  facet normal 5.59009e-05 0.207927 -0.978144
    outer loop
      vertex 4.72212 -77.4736 90.0073
      vertex 1.7 -66.6318 92.3118
      vertex 2.06979 -66.3901 92.3632
    endloop
  endfacet
  facet normal 8.73667e-06 0.207914 -0.978147
    outer loop
      vertex 4.72212 -77.4736 90.0073
      vertex 1.30112 -66.8242 92.2709
      vertex 1.7 -66.6318 92.3118
    endloop
  endfacet
  facet normal 1.07805e-05 0.207916 -0.978147
    outer loop
      vertex 0.443789 -67.0489 92.2232
      vertex 1.93619 -78.1371 89.8663
      vertex 0.93035 -78.2015 89.8526
    endloop
  endfacet
  facet normal -3.23415e-05 0.207902 -0.97815
    outer loop
      vertex 4.72212 -77.4736 90.0073
      vertex 0.879984 -66.964 92.2412
      vertex 1.30112 -66.8242 92.2709
    endloop
  endfacet
  facet normal -9.93261e-05 0.207892 -0.978152
    outer loop
      vertex 2.92482 -77.9447 89.9072
      vertex 0.443789 -67.0489 92.2232
      vertex 0.879984 -66.964 92.2412
    endloop
  endfacet
  facet normal 1.09698e-05 0.207911 -0.978148
    outer loop
      vertex 0 -67.0773 92.2171
      vertex 0.93035 -78.2015 89.8526
      vertex 0 -78.2612 89.8399
    endloop
  endfacet
  facet normal 0.000139102 0.207921 -0.978146
    outer loop
      vertex 0.93035 -78.2015 89.8526
      vertex 0 -67.0773 92.2171
      vertex 0.443789 -67.0489 92.2232
    endloop
  endfacet
  facet normal -1.09698e-05 0.207911 -0.978148
    outer loop
      vertex -0.93035 -78.2015 89.8526
      vertex 0 -67.0773 92.2171
      vertex 0 -78.2612 89.8399
    endloop
  endfacet
  facet normal -0.000139102 0.207921 -0.978146
    outer loop
      vertex 0 -67.0773 92.2171
      vertex -0.93035 -78.2015 89.8526
      vertex -0.443789 -67.0489 92.2232
    endloop
  endfacet
  facet normal -1.07805e-05 0.207916 -0.978147
    outer loop
      vertex -1.93619 -78.1371 89.8663
      vertex -0.443789 -67.0489 92.2232
      vertex -0.93035 -78.2015 89.8526
    endloop
  endfacet
  facet normal -3.46243e-06 0.207915 -0.978147
    outer loop
      vertex -2.92482 -77.9447 89.9072
      vertex -0.443789 -67.0489 92.2232
      vertex -1.93619 -78.1371 89.8663
    endloop
  endfacet
  facet normal 9.93261e-05 0.207892 -0.978152
    outer loop
      vertex -0.443789 -67.0489 92.2232
      vertex -2.92482 -77.9447 89.9072
      vertex -0.879984 -66.964 92.2412
    endloop
  endfacet
  facet normal 1.39265e-05 0.207908 -0.978148
    outer loop
      vertex -3.83925 -77.7668 89.945
      vertex -0.879984 -66.964 92.2412
      vertex -2.92482 -77.9447 89.9072
    endloop
  endfacet
  facet normal 2.17531e-05 0.207905 -0.978149
    outer loop
      vertex -4.72212 -77.4736 90.0073
      vertex -0.879984 -66.964 92.2412
      vertex -3.83925 -77.7668 89.945
    endloop
  endfacet
  facet normal 3.23415e-05 0.207902 -0.97815
    outer loop
      vertex -0.879984 -66.964 92.2412
      vertex -4.72212 -77.4736 90.0073
      vertex -1.30112 -66.8242 92.2709
    endloop
  endfacet
  facet normal -1.39886e-05 0.207916 -0.978147
    outer loop
      vertex -5.75 -77.1213 90.0822
      vertex -1.30112 -66.8242 92.2709
      vertex -4.72212 -77.4736 90.0073
    endloop
  endfacet
  facet normal -8.96898e-06 0.207914 -0.978147
    outer loop
      vertex -1.30112 -66.8242 92.2709
      vertex -5.75 -77.1213 90.0822
      vertex -1.7 -66.6318 92.3118
    endloop
  endfacet
  facet normal -5.35565e-05 0.20793 -0.978144
    outer loop
      vertex -1.7 -66.6318 92.3118
      vertex -5.75 -77.1213 90.0822
      vertex -2.06979 -66.3901 92.3632
    endloop
  endfacet
  facet normal -3.88179e-05 0.207926 -0.978145
    outer loop
      vertex -2.06979 -66.3901 92.3632
      vertex -5.75 -77.1213 90.0822
      vertex -2.40416 -66.1032 92.4242
    endloop
  endfacet
  facet normal 1.71994e-05 0.207909 -0.978148
    outer loop
      vertex -2.40416 -66.1032 92.4242
      vertex -5.75 -77.1213 90.0822
      vertex -2.6974 -65.7762 92.4937
    endloop
  endfacet
  facet normal -4.9726e-05 0.207927 -0.978144
    outer loop
      vertex -2.6974 -65.7762 92.4937
      vertex -5.75 -77.1213 90.0822
      vertex -2.94449 -65.4145 92.5706
    endloop
  endfacet
  facet normal 0.000138185 0.207883 -0.978154
    outer loop
      vertex -2.94449 -65.4145 92.5706
      vertex -5.75 -77.1213 90.0822
      vertex -3.14119 -65.0243 92.6535
    endloop
  endfacet
  facet normal -0.000201886 0.207954 -0.978139
    outer loop
      vertex -3.14119 -65.0243 92.6535
      vertex -5.75 -77.1213 90.0822
      vertex -3.28415 -64.6124 92.7411
    endloop
  endfacet
  facet normal 0.000855543 0.205566 -0.978643
    outer loop
      vertex 4.72212 -77.4736 90.0073
      vertex 5.75 -77.1213 90.0822
      vertex 5.67662 -77.1567 90.0747
    endloop
  endfacet
  facet normal 1.33119e-05 0.207918 -0.978146
    outer loop
      vertex 3.37091 -64.1857 92.8318
      vertex 5.75 -77.1213 90.0822
      vertex 4.72212 -77.4736 90.0073
    endloop
  endfacet
  facet normal -2.17531e-05 0.207905 -0.978149
    outer loop
      vertex 0.879984 -66.964 92.2412
      vertex 4.72212 -77.4736 90.0073
      vertex 3.83925 -77.7668 89.945
    endloop
  endfacet
  facet normal -3.18941e-05 0.20791 -0.978148
    outer loop
      vertex 3.37091 -64.1857 92.8318
      vertex 5.75 -60.5044 93.6142
      vertex 5.75 -77.1213 90.0822
    endloop
  endfacet
  facet normal -8.84063e-05 0.207969 -0.978135
    outer loop
      vertex 3.37091 -63.3175 93.0163
      vertex 5.75 -60.5044 93.6142
      vertex 3.4 -63.7516 92.924
    endloop
  endfacet
  facet normal -6.52852e-05 0.20795 -0.978139
    outer loop
      vertex 3.28415 -62.8909 93.107
      vertex 5.75 -60.5044 93.6142
      vertex 3.37091 -63.3175 93.0163
    endloop
  endfacet
  facet normal 0.000106423 0.207781 -0.978175
    outer loop
      vertex 3.14119 -62.4789 93.1945
      vertex 5.75 -60.5044 93.6142
      vertex 3.28415 -62.8909 93.107
    endloop
  endfacet
  facet normal -0.000110279 0.208054 -0.978117
    outer loop
      vertex 2.94449 -62.0888 93.2775
      vertex 5.75 -60.5044 93.6142
      vertex 3.14119 -62.4789 93.1945
    endloop
  endfacet
  facet normal -3.89312e-05 0.207934 -0.978143
    outer loop
      vertex 2.6974 -61.7271 93.3544
      vertex 5.75 -60.5044 93.6142
      vertex 2.94449 -62.0888 93.2775
    endloop
  endfacet
  facet normal 2.11195e-06 0.207836 -0.978164
    outer loop
      vertex 2.40416 -61.4 93.4239
      vertex 5.75 -60.5044 93.6142
      vertex 2.6974 -61.7271 93.3544
    endloop
  endfacet
  facet normal 2.79692e-05 0.207743 -0.978183
    outer loop
      vertex 2.06979 -61.1132 93.4848
      vertex 5.75 -60.5044 93.6142
      vertex 2.40416 -61.4 93.4239
    endloop
  endfacet
  facet normal -1.43389e-05 0.207988 -0.978131
    outer loop
      vertex 1.7 -60.8715 93.5362
      vertex 5.75 -60.5044 93.6142
      vertex 2.06979 -61.1132 93.4848
    endloop
  endfacet
  facet normal -3.46645e-06 0.207925 -0.978145
    outer loop
      vertex 0 -57.2572 94.3045
      vertex 1.7 -60.8715 93.5362
      vertex 1.30112 -60.6791 93.5771
    endloop
  endfacet
  facet normal 0.000103193 0.207964 -0.978137
    outer loop
      vertex 0 -57.2572 94.3045
      vertex 1.30112 -60.6791 93.5771
      vertex 0.879984 -60.5392 93.6068
    endloop
  endfacet
  facet normal -0.000172453 0.207893 -0.978152
    outer loop
      vertex 0 -57.2572 94.3045
      vertex 0.879984 -60.5392 93.6068
      vertex 0.443789 -60.4544 93.6249
    endloop
  endfacet
  facet normal 0.00012896 0.207933 -0.978143
    outer loop
      vertex 0 -57.2572 94.3045
      vertex 0.443789 -60.4544 93.6249
      vertex 0 -60.4259 93.6309
    endloop
  endfacet
  facet normal -8.17344e-06 0.207923 -0.978145
    outer loop
      vertex 1.7 -60.8715 93.5362
      vertex 0 -57.2572 94.3045
      vertex 5.75 -60.5044 93.6142
    endloop
  endfacet
  facet normal -0.00012896 0.207933 -0.978143
    outer loop
      vertex -0.443789 -60.4544 93.6249
      vertex 0 -57.2572 94.3045
      vertex 0 -60.4259 93.6309
    endloop
  endfacet
  facet normal 0.000172453 0.207893 -0.978152
    outer loop
      vertex -0.879984 -60.5392 93.6068
      vertex 0 -57.2572 94.3045
      vertex -0.443789 -60.4544 93.6249
    endloop
  endfacet
  facet normal -0.000103193 0.207964 -0.978137
    outer loop
      vertex -1.30112 -60.6791 93.5771
      vertex 0 -57.2572 94.3045
      vertex -0.879984 -60.5392 93.6068
    endloop
  endfacet
  facet normal 3.46645e-06 0.207925 -0.978145
    outer loop
      vertex -1.7 -60.8715 93.5362
      vertex 0 -57.2572 94.3045
      vertex -1.30112 -60.6791 93.5771
    endloop
  endfacet
  facet normal 1.43389e-05 0.207988 -0.978131
    outer loop
      vertex -5.75 -60.5044 93.6142
      vertex -1.7 -60.8715 93.5362
      vertex -2.06979 -61.1132 93.4848
    endloop
  endfacet
  facet normal -2.79692e-05 0.207743 -0.978183
    outer loop
      vertex -5.75 -60.5044 93.6142
      vertex -2.06979 -61.1132 93.4848
      vertex -2.40416 -61.4 93.4239
    endloop
  endfacet
  facet normal -2.11195e-06 0.207836 -0.978164
    outer loop
      vertex -5.75 -60.5044 93.6142
      vertex -2.40416 -61.4 93.4239
      vertex -2.6974 -61.7271 93.3544
    endloop
  endfacet
  facet normal 3.89312e-05 0.207934 -0.978143
    outer loop
      vertex -5.75 -60.5044 93.6142
      vertex -2.6974 -61.7271 93.3544
      vertex -2.94449 -62.0888 93.2775
    endloop
  endfacet
  facet normal 2.96158e-05 0.20791 -0.978148
    outer loop
      vertex -5.75 -60.5044 93.6142
      vertex -3.28415 -64.6124 92.7411
      vertex -5.75 -77.1213 90.0822
    endloop
  endfacet
  facet normal 6.16183e-05 0.207928 -0.978144
    outer loop
      vertex -3.28415 -64.6124 92.7411
      vertex -5.75 -60.5044 93.6142
      vertex -3.37091 -64.1857 92.8318
    endloop
  endfacet
  facet normal -0.000855543 0.205566 -0.978643
    outer loop
      vertex -5.75 -77.1213 90.0822
      vertex -4.72212 -77.4736 90.0073
      vertex -5.67662 -77.1567 90.0747
    endloop
  endfacet
  facet normal -0.000236685 0.207744 -0.978183
    outer loop
      vertex -3.37091 -64.1857 92.8318
      vertex -5.75 -60.5044 93.6142
      vertex -3.4 -63.7516 92.924
    endloop
  endfacet
  facet normal 8.17344e-06 0.207923 -0.978145
    outer loop
      vertex -1.7 -60.8715 93.5362
      vertex -5.75 -60.5044 93.6142
      vertex 0 -57.2572 94.3045
    endloop
  endfacet
  facet normal 0.000110279 0.208054 -0.978117
    outer loop
      vertex -3.14119 -62.4789 93.1945
      vertex -5.75 -60.5044 93.6142
      vertex -2.94449 -62.0888 93.2775
    endloop
  endfacet
  facet normal -0.000106423 0.207781 -0.978175
    outer loop
      vertex -3.28415 -62.8909 93.107
      vertex -5.75 -60.5044 93.6142
      vertex -3.14119 -62.4789 93.1945
    endloop
  endfacet
  facet normal 6.52852e-05 0.20795 -0.978139
    outer loop
      vertex -3.37091 -63.3175 93.0163
      vertex -5.75 -60.5044 93.6142
      vertex -3.28415 -62.8909 93.107
    endloop
  endfacet
  facet normal 8.84063e-05 0.207969 -0.978135
    outer loop
      vertex -3.4 -63.7516 92.924
      vertex -5.75 -60.5044 93.6142
      vertex -3.37091 -63.3175 93.0163
    endloop
  endfacet
  facet normal 4.23618e-05 -0.207935 0.978143
    outer loop
      vertex 4.71667 -62.3411 87.0898
      vertex 5.75 -59.2569 87.7454
      vertex 4.71667 -60.8739 87.4017
    endloop
  endfacet
  facet normal -0.000420297 -0.207652 0.978203
    outer loop
      vertex 5.75 -59.2569 87.7454
      vertex 4.71196 -60.8037 87.4166
      vertex 4.71667 -60.8739 87.4017
    endloop
  endfacet
  facet normal -0.000122986 -0.207843 0.978162
    outer loop
      vertex 5.75 -59.2569 87.7454
      vertex 4.68843 -60.4526 87.4912
      vertex 4.71196 -60.8037 87.4166
    endloop
  endfacet
  facet normal 8.68092e-05 -0.208022 0.978124
    outer loop
      vertex 5.75 -59.2569 87.7454
      vertex 4.61826 -60.1075 87.5646
      vertex 4.68843 -60.4526 87.4912
    endloop
  endfacet
  facet normal -0.00061329 -0.20713 0.978313
    outer loop
      vertex 5.75 -59.2569 87.7454
      vertex 4.60422 -60.0385 87.5792
      vertex 4.61826 -60.1075 87.5646
    endloop
  endfacet
  facet normal 0.000136424 -0.208182 0.97809
    outer loop
      vertex 5.75 -59.2569 87.7454
      vertex 4.5811 -59.9718 87.5934
      vertex 4.60422 -60.0385 87.5792
    endloop
  endfacet
  facet normal -6.52186e-05 -0.207866 0.978157
    outer loop
      vertex 5.75 -59.2569 87.7454
      vertex 4.46547 -59.6386 87.6642
      vertex 4.5811 -59.9718 87.5934
    endloop
  endfacet
  facet normal -1.37064e-05 -0.208032 0.978122
    outer loop
      vertex 5.75 -59.2569 87.7454
      vertex 4.30637 -59.3231 87.7313
      vertex 4.46547 -59.6386 87.6642
    endloop
  endfacet
  facet normal -2.76034e-05 -0.207742 0.978184
    outer loop
      vertex 5.75 -59.2569 87.7454
      vertex 4.27455 -59.26 87.7447
      vertex 4.30637 -59.3231 87.7313
    endloop
  endfacet
  facet normal -2.91516e-05 -0.207039 0.978333
    outer loop
      vertex 5.75 -59.2569 87.7454
      vertex 4.23458 -59.2014 87.7571
      vertex 4.27455 -59.26 87.7447
    endloop
  endfacet
  facet normal -6.7559e-05 -0.208043 0.97812
    outer loop
      vertex 5.75 -59.2569 87.7454
      vertex 4.03473 -58.9089 87.8193
      vertex 4.23458 -59.2014 87.7571
    endloop
  endfacet
  facet normal -0.000101306 -0.208202 0.978086
    outer loop
      vertex 5.75 -59.2569 87.7454
      vertex 3.79755 -58.6443 87.8756
      vertex 4.03473 -58.9089 87.8193
    endloop
  endfacet
  facet normal 0.000348757 -0.206829 0.978377
    outer loop
      vertex 5.75 -59.2569 87.7454
      vertex 3.75012 -58.5914 87.8868
      vertex 3.79755 -58.6443 87.8756
    endloop
  endfacet
  facet normal -0.000473291 -0.209193 0.977874
    outer loop
      vertex 5.75 -59.2569 87.7454
      vertex 3.69603 -58.545 87.8967
      vertex 3.75012 -58.5914 87.8868
    endloop
  endfacet
  facet normal 1.69808e-05 -0.20784 0.978163
    outer loop
      vertex 5.75 -59.2569 87.7454
      vertex 3.42558 -58.313 87.946
      vertex 3.69603 -58.545 87.8967
    endloop
  endfacet
  facet normal 0.00014451 -0.207539 0.978227
    outer loop
      vertex 5.75 -59.2569 87.7454
      vertex 3.12648 -58.1176 87.9875
      vertex 3.42558 -58.313 87.946
    endloop
  endfacet
  facet normal 0.0002818 -0.207237 0.978291
    outer loop
      vertex 5.75 -59.2569 87.7454
      vertex 3.06667 -58.0785 87.9958
      vertex 3.12648 -58.1176 87.9875
    endloop
  endfacet
  facet normal -0.000117524 -0.208107 0.978106
    outer loop
      vertex 0 -56.0097 88.4356
      vertex 3.06667 -58.0785 87.9958
      vertex 5.75 -59.2569 87.7454
    endloop
  endfacet
  facet normal 0.00360411 -0.202824 0.979208
    outer loop
      vertex 3.06667 -58.0785 87.9958
      vertex 0 -56.0097 88.4356
      vertex 3.00214 -58.0473 88.0025
    endloop
  endfacet
  facet normal 6.72739e-05 -0.207835 0.978164
    outer loop
      vertex 0 -56.0097 88.4356
      vertex 1.91796 -57.6874 88.079
      vertex 2.27077 -57.756 88.0644
    endloop
  endfacet
  facet normal 3.17558e-05 -0.207893 0.978152
    outer loop
      vertex 0 -56.0097 88.4356
      vertex 1.48846 -57.6506 88.0868
      vertex 1.8474 -57.6736 88.0819
    endloop
  endfacet
  facet normal -0.000768814 -0.208993 0.977917
    outer loop
      vertex 3.00214 -58.0473 88.0025
      vertex 0 -56.0097 88.4356
      vertex 2.67952 -57.8917 88.0355
    endloop
  endfacet
  facet normal -0.000125219 -0.208116 0.978104
    outer loop
      vertex 0 -56.0097 88.4356
      vertex 2.6114 -57.8691 88.0403
      vertex 2.67952 -57.8917 88.0355
    endloop
  endfacet
  facet normal 0.000298401 -0.207547 0.978225
    outer loop
      vertex 0 -56.0097 88.4356
      vertex 2.27077 -57.756 88.0644
      vertex 2.6114 -57.8691 88.0403
    endloop
  endfacet
  facet normal -0.000593229 -0.208557 0.97801
    outer loop
      vertex 1.91796 -57.6874 88.079
      vertex 0 -56.0097 88.4356
      vertex 1.8474 -57.6736 88.0819
    endloop
  endfacet
  facet normal 0.000321092 -0.207642 0.978205
    outer loop
      vertex 1.48846 -57.6506 88.0868
      vertex 0 -56.0097 88.4356
      vertex 1.41667 -57.646 88.0878
    endloop
  endfacet
  facet normal 0 -0.207908 0.978148
    outer loop
      vertex 0 -56.0097 88.4356
      vertex -1.41667 -57.646 88.0878
      vertex 1.41667 -57.646 88.0878
    endloop
  endfacet
  facet normal -0.000321092 -0.207642 0.978205
    outer loop
      vertex 0 -56.0097 88.4356
      vertex -1.48846 -57.6506 88.0868
      vertex -1.41667 -57.646 88.0878
    endloop
  endfacet
  facet normal -3.17558e-05 -0.207893 0.978152
    outer loop
      vertex 0 -56.0097 88.4356
      vertex -1.8474 -57.6736 88.0819
      vertex -1.48846 -57.6506 88.0868
    endloop
  endfacet
  facet normal 0.000593229 -0.208557 0.97801
    outer loop
      vertex 0 -56.0097 88.4356
      vertex -1.91796 -57.6874 88.079
      vertex -1.8474 -57.6736 88.0819
    endloop
  endfacet
  facet normal -6.72739e-05 -0.207835 0.978164
    outer loop
      vertex 0 -56.0097 88.4356
      vertex -2.27077 -57.756 88.0644
      vertex -1.91796 -57.6874 88.079
    endloop
  endfacet
  facet normal -0.000298401 -0.207547 0.978225
    outer loop
      vertex 0 -56.0097 88.4356
      vertex -2.6114 -57.8691 88.0403
      vertex -2.27077 -57.756 88.0644
    endloop
  endfacet
  facet normal 0.000125219 -0.208116 0.978104
    outer loop
      vertex 0 -56.0097 88.4356
      vertex -2.67952 -57.8917 88.0355
      vertex -2.6114 -57.8691 88.0403
    endloop
  endfacet
  facet normal 0.000768814 -0.208993 0.977917
    outer loop
      vertex 0 -56.0097 88.4356
      vertex -3.00214 -58.0473 88.0025
      vertex -2.67952 -57.8917 88.0355
    endloop
  endfacet
  facet normal -0.00360411 -0.202824 0.979208
    outer loop
      vertex 0 -56.0097 88.4356
      vertex -3.06667 -58.0785 87.9958
      vertex -3.00214 -58.0473 88.0025
    endloop
  endfacet
  facet normal 0.000117524 -0.208107 0.978106
    outer loop
      vertex -5.75 -59.2569 87.7454
      vertex -3.06667 -58.0785 87.9958
      vertex 0 -56.0097 88.4356
    endloop
  endfacet
  facet normal -0.0002818 -0.207237 0.978291
    outer loop
      vertex -3.06667 -58.0785 87.9958
      vertex -5.75 -59.2569 87.7454
      vertex -3.12648 -58.1176 87.9875
    endloop
  endfacet
  facet normal -1.69808e-05 -0.20784 0.978163
    outer loop
      vertex -5.75 -59.2569 87.7454
      vertex -3.69603 -58.545 87.8967
      vertex -3.42558 -58.313 87.946
    endloop
  endfacet
  facet normal 6.52186e-05 -0.207866 0.978157
    outer loop
      vertex -5.75 -59.2569 87.7454
      vertex -4.5811 -59.9718 87.5934
      vertex -4.46547 -59.6386 87.6642
    endloop
  endfacet
  facet normal 0.00061329 -0.20713 0.978313
    outer loop
      vertex -5.75 -59.2569 87.7454
      vertex -4.61826 -60.1075 87.5646
      vertex -4.60422 -60.0385 87.5792
    endloop
  endfacet
  facet normal -4.23618e-05 -0.207935 0.978143
    outer loop
      vertex -5.75 -59.2569 87.7454
      vertex -4.71667 -62.3411 87.0898
      vertex -4.71667 -60.8739 87.4017
    endloop
  endfacet
  facet normal -5.04626e-06 -0.207923 0.978145
    outer loop
      vertex -4.71667 -62.3411 87.0898
      vertex -5.75 -59.2569 87.7454
      vertex -4.71667 -64.1344 86.7086
    endloop
  endfacet
  facet normal 0.000420297 -0.207652 0.978203
    outer loop
      vertex -4.71196 -60.8037 87.4166
      vertex -5.75 -59.2569 87.7454
      vertex -4.71667 -60.8739 87.4017
    endloop
  endfacet
  facet normal 0.000122986 -0.207843 0.978162
    outer loop
      vertex -4.68843 -60.4526 87.4912
      vertex -5.75 -59.2569 87.7454
      vertex -4.71196 -60.8037 87.4166
    endloop
  endfacet
  facet normal -8.68092e-05 -0.208022 0.978124
    outer loop
      vertex -4.61826 -60.1075 87.5646
      vertex -5.75 -59.2569 87.7454
      vertex -4.68843 -60.4526 87.4912
    endloop
  endfacet
  facet normal -0.000136424 -0.208182 0.97809
    outer loop
      vertex -4.5811 -59.9718 87.5934
      vertex -5.75 -59.2569 87.7454
      vertex -4.60422 -60.0385 87.5792
    endloop
  endfacet
  facet normal 1.37064e-05 -0.208032 0.978122
    outer loop
      vertex -4.30637 -59.3231 87.7313
      vertex -5.75 -59.2569 87.7454
      vertex -4.46547 -59.6386 87.6642
    endloop
  endfacet
  facet normal 2.76034e-05 -0.207742 0.978184
    outer loop
      vertex -4.27455 -59.26 87.7447
      vertex -5.75 -59.2569 87.7454
      vertex -4.30637 -59.3231 87.7313
    endloop
  endfacet
  facet normal 2.91516e-05 -0.207039 0.978333
    outer loop
      vertex -4.23458 -59.2014 87.7571
      vertex -5.75 -59.2569 87.7454
      vertex -4.27455 -59.26 87.7447
    endloop
  endfacet
  facet normal 6.7559e-05 -0.208043 0.97812
    outer loop
      vertex -4.03473 -58.9089 87.8193
      vertex -5.75 -59.2569 87.7454
      vertex -4.23458 -59.2014 87.7571
    endloop
  endfacet
  facet normal 0.000101306 -0.208202 0.978086
    outer loop
      vertex -3.79755 -58.6443 87.8756
      vertex -5.75 -59.2569 87.7454
      vertex -4.03473 -58.9089 87.8193
    endloop
  endfacet
  facet normal -0.000348757 -0.206829 0.978377
    outer loop
      vertex -3.75012 -58.5914 87.8868
      vertex -5.75 -59.2569 87.7454
      vertex -3.79755 -58.6443 87.8756
    endloop
  endfacet
  facet normal 0.000473291 -0.209193 0.977874
    outer loop
      vertex -3.69603 -58.545 87.8967
      vertex -5.75 -59.2569 87.7454
      vertex -3.75012 -58.5914 87.8868
    endloop
  endfacet
  facet normal -0.00014451 -0.207539 0.978227
    outer loop
      vertex -3.12648 -58.1176 87.9875
      vertex -5.75 -59.2569 87.7454
      vertex -3.42558 -58.313 87.946
    endloop
  endfacet
  facet normal 5.04626e-06 -0.207923 0.978145
    outer loop
      vertex 4.71667 -64.1344 86.7086
      vertex 5.75 -59.2569 87.7454
      vertex 4.71667 -62.3411 87.0898
    endloop
  endfacet
  facet normal -0.0021435 -0.207487 0.978235
    outer loop
      vertex 4.71196 -64.2046 86.6937
      vertex 5.75 -59.2569 87.7454
      vertex 4.71667 -64.1344 86.7086
    endloop
  endfacet
  facet normal -0.000605155 -0.207797 0.978172
    outer loop
      vertex 4.68843 -64.5557 86.6191
      vertex 5.75 -59.2569 87.7454
      vertex 4.71196 -64.2046 86.6937
    endloop
  endfacet
  facet normal 1.07452e-05 -0.207915 0.978147
    outer loop
      vertex 5.75 -59.2569 87.7454
      vertex 4.68843 -64.5557 86.6191
      vertex 5.75 -80.1108 83.3127
    endloop
  endfacet
  facet normal -0.000473488 -0.207946 0.97814
    outer loop
      vertex 4.61826 -64.9008 86.5457
      vertex 5.75 -80.1108 83.3127
      vertex 4.68843 -64.5557 86.6191
    endloop
  endfacet
  facet normal -0.00171048 -0.208034 0.97812
    outer loop
      vertex 4.60422 -64.9698 86.531
      vertex 5.75 -80.1108 83.3127
      vertex 4.61826 -64.9008 86.5457
    endloop
  endfacet
  facet normal 0.00268928 -0.207715 0.978186
    outer loop
      vertex 4.5811 -65.0365 86.5169
      vertex 5.75 -80.1108 83.3127
      vertex 4.60422 -64.9698 86.531
    endloop
  endfacet
  facet normal 2.6871e-05 -0.207913 0.978147
    outer loop
      vertex 4.46547 -65.3696 86.4461
      vertex 5.75 -80.1108 83.3127
      vertex 4.5811 -65.0365 86.5169
    endloop
  endfacet
  facet normal -8.30245e-05 -0.207922 0.978145
    outer loop
      vertex 4.30637 -65.6852 86.379
      vertex 5.75 -80.1108 83.3127
      vertex 4.46547 -65.3696 86.4461
    endloop
  endfacet
  facet normal 0.000320927 -0.207884 0.978153
    outer loop
      vertex 4.27455 -65.7483 86.3656
      vertex 5.75 -80.1108 83.3127
      vertex 4.30637 -65.6852 86.379
    endloop
  endfacet
  facet normal -0.00138723 -0.208052 0.978117
    outer loop
      vertex 4.23458 -65.8068 86.3531
      vertex 5.75 -80.1108 83.3127
      vertex 4.27455 -65.7483 86.3656
    endloop
  endfacet
  facet normal -2.59965e-05 -0.207914 0.978147
    outer loop
      vertex 4.03473 -66.0994 86.2909
      vertex 5.75 -80.1108 83.3127
      vertex 4.23458 -65.8068 86.3531
    endloop
  endfacet
  facet normal 7.59385e-05 -0.207902 0.97815
    outer loop
      vertex 3.79755 -66.3639 86.2347
      vertex 5.75 -80.1108 83.3127
      vertex 4.03473 -66.0994 86.2909
    endloop
  endfacet
  facet normal 0.000788079 -0.207805 0.97817
    outer loop
      vertex 3.75012 -66.4168 86.2235
      vertex 5.75 -80.1108 83.3127
      vertex 3.79755 -66.3639 86.2347
    endloop
  endfacet
  facet normal -0.000597883 -0.207999 0.978129
    outer loop
      vertex 3.69603 -66.4632 86.2136
      vertex 5.75 -80.1108 83.3127
      vertex 3.75012 -66.4168 86.2235
    endloop
  endfacet
  facet normal 4.2745e-05 -0.207906 0.978149
    outer loop
      vertex 3.42558 -66.6952 86.1643
      vertex 5.75 -80.1108 83.3127
      vertex 3.69603 -66.4632 86.2136
    endloop
  endfacet
  facet normal -0.00013164 -0.207935 0.978143
    outer loop
      vertex 3.12649 -66.8907 86.1227
      vertex 5.75 -80.1108 83.3127
      vertex 3.42558 -66.6952 86.1643
    endloop
  endfacet
  facet normal 0.000157846 -0.20788 0.978154
    outer loop
      vertex 3.06667 -66.9298 86.1144
      vertex 5.75 -80.1108 83.3127
      vertex 3.12649 -66.8907 86.1227
    endloop
  endfacet
  facet normal 0.000144803 -0.207883 0.978154
    outer loop
      vertex 3.00214 -66.9609 86.1078
      vertex 5.75 -80.1108 83.3127
      vertex 3.06667 -66.9298 86.1144
    endloop
  endfacet
  facet normal -1.35341e-05 -0.207915 0.978147
    outer loop
      vertex 2.67952 -67.1166 86.0747
      vertex 5.75 -80.1108 83.3127
      vertex 3.00214 -66.9609 86.1078
    endloop
  endfacet
  facet normal 0.000106842 -0.207887 0.978153
    outer loop
      vertex 2.33889 -67.2297 86.0507
      vertex 5.75 -80.1108 83.3127
      vertex 2.67952 -67.1166 86.0747
    endloop
  endfacet
  facet normal 5.07442e-05 -0.207902 0.97815
    outer loop
      vertex 2.27077 -67.2523 86.0459
      vertex 5.75 -80.1108 83.3127
      vertex 2.33889 -67.2297 86.0507
    endloop
  endfacet
  facet normal -4.84598e-05 -0.207927 0.978144
    outer loop
      vertex 1.91796 -67.3209 86.0313
      vertex 5.75 -80.1108 83.3127
      vertex 2.27077 -67.2523 86.0459
    endloop
  endfacet
  facet normal 0.000436152 -0.207788 0.978174
    outer loop
      vertex 1.8474 -67.3347 86.0284
      vertex 5.75 -80.1108 83.3127
      vertex 1.91796 -67.3209 86.0313
    endloop
  endfacet
  facet normal -2.96627e-05 -0.207924 0.978145
    outer loop
      vertex 1.48846 -67.3577 86.0235
      vertex 5.75 -80.1108 83.3127
      vertex 1.8474 -67.3347 86.0284
    endloop
  endfacet
  facet normal -0.000296446 -0.20801 0.978127
    outer loop
      vertex 1.41667 -67.3623 86.0225
      vertex 5.75 -80.1108 83.3127
      vertex 1.48846 -67.3577 86.0235
    endloop
  endfacet
  facet normal 0 -0.207913 0.978147
    outer loop
      vertex -1.41667 -67.3623 86.0225
      vertex 5.75 -80.1108 83.3127
      vertex 1.41667 -67.3623 86.0225
    endloop
  endfacet
  facet normal 0.000296446 -0.20801 0.978127
    outer loop
      vertex -5.75 -80.1108 83.3127
      vertex -1.41667 -67.3623 86.0225
      vertex -1.48846 -67.3577 86.0235
    endloop
  endfacet
  facet normal 2.96627e-05 -0.207924 0.978145
    outer loop
      vertex -5.75 -80.1108 83.3127
      vertex -1.48846 -67.3577 86.0235
      vertex -1.8474 -67.3347 86.0284
    endloop
  endfacet
  facet normal -0.000436152 -0.207788 0.978174
    outer loop
      vertex -5.75 -80.1108 83.3127
      vertex -1.8474 -67.3347 86.0284
      vertex -1.91796 -67.3209 86.0313
    endloop
  endfacet
  facet normal 4.84598e-05 -0.207927 0.978144
    outer loop
      vertex -5.75 -80.1108 83.3127
      vertex -1.91796 -67.3209 86.0313
      vertex -2.27077 -67.2523 86.0459
    endloop
  endfacet
  facet normal -5.07442e-05 -0.207902 0.97815
    outer loop
      vertex -5.75 -80.1108 83.3127
      vertex -2.27077 -67.2523 86.0459
      vertex -2.33889 -67.2297 86.0507
    endloop
  endfacet
  facet normal -0.000106842 -0.207887 0.978153
    outer loop
      vertex -5.75 -80.1108 83.3127
      vertex -2.33889 -67.2297 86.0507
      vertex -2.67952 -67.1166 86.0747
    endloop
  endfacet
  facet normal 1.35341e-05 -0.207915 0.978147
    outer loop
      vertex -5.75 -80.1108 83.3127
      vertex -2.67952 -67.1166 86.0747
      vertex -3.00214 -66.9609 86.1078
    endloop
  endfacet
  facet normal -0.000144803 -0.207883 0.978154
    outer loop
      vertex -5.75 -80.1108 83.3127
      vertex -3.00214 -66.9609 86.1078
      vertex -3.06667 -66.9298 86.1144
    endloop
  endfacet
  facet normal -0.000157846 -0.20788 0.978154
    outer loop
      vertex -5.75 -80.1108 83.3127
      vertex -3.06667 -66.9298 86.1144
      vertex -3.12649 -66.8907 86.1227
    endloop
  endfacet
  facet normal 0.00013164 -0.207935 0.978143
    outer loop
      vertex -5.75 -80.1108 83.3127
      vertex -3.12649 -66.8907 86.1227
      vertex -3.42558 -66.6952 86.1643
    endloop
  endfacet
  facet normal -4.2745e-05 -0.207906 0.978149
    outer loop
      vertex -5.75 -80.1108 83.3127
      vertex -3.42558 -66.6952 86.1643
      vertex -3.69603 -66.4632 86.2136
    endloop
  endfacet
  facet normal 0.000597883 -0.207999 0.978129
    outer loop
      vertex -5.75 -80.1108 83.3127
      vertex -3.69603 -66.4632 86.2136
      vertex -3.75012 -66.4168 86.2235
    endloop
  endfacet
  facet normal -0.000788079 -0.207805 0.97817
    outer loop
      vertex -5.75 -80.1108 83.3127
      vertex -3.75012 -66.4168 86.2235
      vertex -3.79755 -66.3639 86.2347
    endloop
  endfacet
  facet normal -7.59385e-05 -0.207902 0.97815
    outer loop
      vertex -5.75 -80.1108 83.3127
      vertex -3.79755 -66.3639 86.2347
      vertex -4.03473 -66.0994 86.2909
    endloop
  endfacet
  facet normal 0.00138723 -0.208052 0.978117
    outer loop
      vertex -5.75 -80.1108 83.3127
      vertex -4.23458 -65.8068 86.3531
      vertex -4.27455 -65.7483 86.3656
    endloop
  endfacet
  facet normal -0.00268928 -0.207715 0.978186
    outer loop
      vertex -5.75 -80.1108 83.3127
      vertex -4.5811 -65.0365 86.5169
      vertex -4.60422 -64.9698 86.531
    endloop
  endfacet
  facet normal -0.918434 -0.105669 -0.381199
    outer loop
      vertex -4.68843 -64.5557 86.6191
      vertex -4.60422 -64.9698 86.531
      vertex -4.61826 -64.9008 86.5457
    endloop
  endfacet
  facet normal 0.0021435 -0.207487 0.978235
    outer loop
      vertex -5.75 -59.2569 87.7454
      vertex -4.71196 -64.2046 86.6937
      vertex -4.71667 -64.1344 86.7086
    endloop
  endfacet
  facet normal 0.000605155 -0.207797 0.978172
    outer loop
      vertex -4.71196 -64.2046 86.6937
      vertex -5.75 -59.2569 87.7454
      vertex -4.68843 -64.5557 86.6191
    endloop
  endfacet
  facet normal 0 -0.207913 0.978147
    outer loop
      vertex -1.41667 -67.3623 86.0225
      vertex -5.75 -80.1108 83.3127
      vertex 5.75 -80.1108 83.3127
    endloop
  endfacet
  facet normal 2.59965e-05 -0.207914 0.978147
    outer loop
      vertex -4.23458 -65.8068 86.3531
      vertex -5.75 -80.1108 83.3127
      vertex -4.03473 -66.0994 86.2909
    endloop
  endfacet
  facet normal -0.000320927 -0.207884 0.978153
    outer loop
      vertex -4.30637 -65.6852 86.379
      vertex -5.75 -80.1108 83.3127
      vertex -4.27455 -65.7483 86.3656
    endloop
  endfacet
  facet normal 8.30245e-05 -0.207922 0.978145
    outer loop
      vertex -4.46547 -65.3696 86.4461
      vertex -5.75 -80.1108 83.3127
      vertex -4.30637 -65.6852 86.379
    endloop
  endfacet
  facet normal -2.6871e-05 -0.207913 0.978147
    outer loop
      vertex -4.5811 -65.0365 86.5169
      vertex -5.75 -80.1108 83.3127
      vertex -4.46547 -65.3696 86.4461
    endloop
  endfacet
  facet normal 0.000684375 -0.20796 0.978137
    outer loop
      vertex -4.68843 -64.5557 86.6191
      vertex -5.75 -80.1108 83.3127
      vertex -4.60422 -64.9698 86.531
    endloop
  endfacet
  facet normal -1.07452e-05 -0.207915 0.978147
    outer loop
      vertex -5.75 -80.1108 83.3127
      vertex -4.68843 -64.5557 86.6191
      vertex -5.75 -59.2569 87.7454
    endloop
  endfacet
  facet normal -0.195035 0.959363 0.20392
    outer loop
      vertex 6.86147 -75.421 73.0638
      vertex 7.70821 -61.9291 10.3996
      vertex 6.86147 -62.0938 10.3646
    endloop
  endfacet
  facet normal -0.997856 0.0640182 0.0136074
    outer loop
      vertex 12.6 -69.0204 74.4243
      vertex 12.6 -55.6933 11.725
      vertex 12.5435 -56.5359 11.5459
    endloop
  endfacet
  facet normal 4.3066e-05 -0.208078 0.978112
    outer loop
      vertex 7.70821 -61.9291 10.3996
      vertex 8.52571 -61.6577 10.4573
      vertex 6.86147 -62.0938 10.3646
    endloop
  endfacet
  facet normal -4.3066e-05 -0.208078 0.978112
    outer loop
      vertex -7.70821 -61.9291 10.3996
      vertex -6.86147 -62.0938 10.3646
      vertex -8.52571 -61.6577 10.4573
    endloop
  endfacet
  facet normal 1.37524e-05 -0.20791 0.978148
    outer loop
      vertex 11.2361 -59.6233 10.8897
      vertex 9.3 -32.4958 16.6558
      vertex 8.52571 -32.1223 16.7352
    endloop
  endfacet
  facet normal 0.219949 0.785747 -0.578121
    outer loop
      vertex -7.70821 -75.2562 73.0988
      vertex -2.33889 -67.2297 86.0507
      vertex -2.27077 -67.2523 86.0459
    endloop
  endfacet
  facet normal 0.220041 0.78571 -0.578137
    outer loop
      vertex -2.33889 -67.2297 86.0507
      vertex -7.70821 -75.2562 73.0988
      vertex -8.52571 -74.9848 73.1565
    endloop
  endfacet
  facet normal -0.0464318 0.839408 -0.541515
    outer loop
      vertex 6 -75.4762 73.0521
      vertex 1.48846 -67.3577 86.0235
      vertex 6.86147 -75.421 73.0638
    endloop
  endfacet
  facet normal -0.0462456 0.839445 -0.541474
    outer loop
      vertex 1.48846 -67.3577 86.0235
      vertex 6 -75.4762 73.0521
      vertex 1.41667 -67.3623 86.0225
    endloop
  endfacet
  facet normal 0.219877 -0.482692 -0.84774
    outer loop
      vertex -2.67952 -57.8917 88.0355
      vertex -7.70821 -45.178 79.4922
      vertex -2.6114 -57.8691 88.0403
    endloop
  endfacet
  facet normal 0.220057 -0.482618 -0.847735
    outer loop
      vertex -7.70821 -45.178 79.4922
      vertex -2.67952 -57.8917 88.0355
      vertex -8.52571 -45.4494 79.4345
    endloop
  endfacet
  facet normal 0.376587 0.703975 -0.602164
    outer loop
      vertex -9.3 -74.6113 73.2359
      vertex -3.12649 -66.8907 86.1227
      vertex -3.06667 -66.9298 86.1144
    endloop
  endfacet
  facet normal 0.376415 0.704082 -0.602146
    outer loop
      vertex -3.12649 -66.8907 86.1227
      vertex -9.3 -74.6113 73.2359
      vertex -10.0178 -74.1422 73.3357
    endloop
  endfacet
  facet normal -0.997856 0.064011 0.013606
    outer loop
      vertex 12.5435 -69.8631 74.2452
      vertex 12.6 -69.0204 74.4243
      vertex 12.5435 -56.5359 11.5459
    endloop
  endfacet
  facet normal 0.195035 -0.959364 -0.203918
    outer loop
      vertex -6.86147 -31.6861 16.8279
      vertex -6.86147 -45.0132 79.5272
      vertex -7.70821 -31.8508 16.7929
    endloop
  endfacet
  facet normal 0.896875 0.432619 0.0919563
    outer loop
      vertex -12.0976 -71.491 73.8992
      vertex -11.7158 -72.2483 73.7382
      vertex -12.0976 -58.1638 11.1999
    endloop
  endfacet
  facet normal -0.06536 0.976056 0.207466
    outer loop
      vertex 6 -75.4762 73.0521
      vertex 6.86147 -75.421 73.0638
      vertex 6 -62.1491 10.3528
    endloop
  endfacet
  facet normal -0.831453 -0.543454 -0.115515
    outer loop
      vertex 11.7158 -34.8588 16.1536
      vertex 11.2361 -47.4838 79.0021
      vertex 11.2361 -34.1566 16.3028
    endloop
  endfacet
  facet normal 0.997856 -0.064011 -0.0136059
    outer loop
      vertex -12.5435 -37.244 15.6466
      vertex -12.5435 -50.5711 78.3458
      vertex -12.6 -51.4138 78.1667
    endloop
  endfacet
  facet normal 0.700948 0.372585 -0.608155
    outer loop
      vertex -4.5811 -65.0365 86.5169
      vertex -4.46547 -65.3696 86.4461
      vertex -12.0976 -71.491 73.8992
    endloop
  endfacet
  facet normal -0.644462 0.455424 -0.614213
    outer loop
      vertex 12.0976 -71.491 73.8992
      vertex 4.27455 -65.7483 86.3656
      vertex 4.30637 -65.6852 86.379
    endloop
  endfacet
  facet normal -0.644426 0.455474 -0.614213
    outer loop
      vertex 4.27455 -65.7483 86.3656
      vertex 12.0976 -71.491 73.8992
      vertex 11.7158 -72.2483 73.7382
    endloop
  endfacet
  facet normal -0.583193 -0.23298 -0.778207
    outer loop
      vertex 11.2361 -47.4838 79.0021
      vertex 4.23458 -59.2014 87.7571
      vertex 4.03473 -58.9089 87.8193
    endloop
  endfacet
  facet normal -1.4057e-05 -0.207912 0.978148
    outer loop
      vertex 11.2361 -59.6233 10.8897
      vertex 12.0976 -35.6161 15.9926
      vertex 9.3 -32.4958 16.6558
    endloop
  endfacet
  facet normal 0.794927 0.0746666 -0.602093
    outer loop
      vertex -4.71196 -60.8037 87.4166
      vertex -12.6 -51.4138 78.1667
      vertex -12.5435 -50.5711 78.3458
    endloop
  endfacet
  facet normal 0.794854 0.0744897 -0.602211
    outer loop
      vertex -12.6 -51.4138 78.1667
      vertex -4.71196 -60.8037 87.4166
      vertex -4.71667 -60.8739 87.4017
    endloop
  endfacet
  facet normal -7.08598e-06 -0.207901 0.97815
    outer loop
      vertex 8.52571 -32.1223 16.7352
      vertex 7.70821 -31.8508 16.7929
      vertex 6.86147 -31.6861 16.8279
    endloop
  endfacet
  facet normal 0.3214 0.926251 0.19688
    outer loop
      vertex -8.52571 -74.9848 73.1565
      vertex -7.70821 -61.9291 10.3996
      vertex -8.52571 -61.6577 10.4573
    endloop
  endfacet
  facet normal -0.000215523 -0.207862 0.978158
    outer loop
      vertex -12.0976 -35.6161 15.9926
      vertex -12.3751 -36.4158 15.8226
      vertex -12.6 -38.0866 15.4675
    endloop
  endfacet
  facet normal -0.75154 0.280161 -0.597242
    outer loop
      vertex 12.5435 -69.8631 74.2452
      vertex 4.60422 -64.9698 86.531
      vertex 4.61826 -64.9008 86.5457
    endloop
  endfacet
  facet normal -0.751722 0.27976 -0.5972
    outer loop
      vertex 4.60422 -64.9698 86.531
      vertex 12.5435 -69.8631 74.2452
      vertex 12.3751 -70.6913 74.0692
    endloop
  endfacet
  facet normal -0.517932 0.595014 -0.614577
    outer loop
      vertex 3.75012 -66.4168 86.2235
      vertex 11.2361 -72.9505 73.589
      vertex 10.6669 -73.5854 73.454
    endloop
  endfacet
  facet normal -0.518208 0.594747 -0.614602
    outer loop
      vertex 11.2361 -72.9505 73.589
      vertex 3.75012 -66.4168 86.2235
      vertex 3.79755 -66.3639 86.2347
    endloop
  endfacet
  facet normal -0.195035 -0.959364 -0.203918
    outer loop
      vertex 7.70821 -31.8508 16.7929
      vertex 6.86147 -45.0132 79.5272
      vertex 6.86147 -31.6861 16.8279
    endloop
  endfacet
  facet normal -0.794927 0.0746666 -0.602093
    outer loop
      vertex 12.6 -51.4138 78.1667
      vertex 4.71196 -60.8037 87.4166
      vertex 12.5435 -50.5711 78.3458
    endloop
  endfacet
  facet normal -0.794854 0.0744897 -0.602211
    outer loop
      vertex 4.71196 -60.8037 87.4166
      vertex 12.6 -51.4138 78.1667
      vertex 4.71667 -60.8739 87.4017
    endloop
  endfacet
  facet normal -0.997856 -0.064011 -0.0136059
    outer loop
      vertex 12.6 -51.4138 78.1667
      vertex 12.5435 -50.5711 78.3458
      vertex 12.5435 -37.244 15.6466
    endloop
  endfacet
  facet normal 0 -0.207904 0.978149
    outer loop
      vertex 11.2361 -59.6233 10.8897
      vertex -6.86147 -62.0938 10.3646
      vertex 6.86147 -62.0938 10.3646
    endloop
  endfacet
  facet normal 0 -0.207904 0.978149
    outer loop
      vertex -6.86147 -62.0938 10.3646
      vertex 11.2361 -59.6233 10.8897
      vertex -11.2361 -59.6233 10.8897
    endloop
  endfacet
  facet normal 0.195035 0.959363 0.20392
    outer loop
      vertex -6.86147 -75.421 73.0638
      vertex -6.86147 -62.0938 10.3646
      vertex -7.70821 -61.9291 10.3996
    endloop
  endfacet
  facet normal -0.812823 0.121125 -0.569778
    outer loop
      vertex 12.6 -51.4138 78.1667
      vertex 4.71667 -62.3411 87.0898
      vertex 4.71667 -60.8739 87.4017
    endloop
  endfacet
  facet normal -0.812818 0.121112 -0.569789
    outer loop
      vertex 4.71667 -62.3411 87.0898
      vertex 12.6 -51.4138 78.1667
      vertex 12.6 -69.0204 74.4243
    endloop
  endfacet
  facet normal -0.000189418 -0.207614 0.978211
    outer loop
      vertex -9.3 -32.4958 16.6558
      vertex -10.0178 -32.9649 16.5561
      vertex -10.6669 -33.5217 16.4378
    endloop
  endfacet
  facet normal -0.376415 0.704082 -0.602146
    outer loop
      vertex 9.3 -74.6113 73.2359
      vertex 3.12649 -66.8907 86.1227
      vertex 10.0178 -74.1422 73.3357
    endloop
  endfacet
  facet normal -0.376587 0.703975 -0.602164
    outer loop
      vertex 3.12649 -66.8907 86.1227
      vertex 9.3 -74.6113 73.2359
      vertex 3.06667 -66.9298 86.1144
    endloop
  endfacet
  facet normal -0.3214 0.926251 0.19688
    outer loop
      vertex 7.70821 -75.2562 73.0988
      vertex 8.52571 -74.9848 73.1565
      vertex 7.70821 -61.9291 10.3996
    endloop
  endfacet
  facet normal -0.659335 0.73542 0.156319
    outer loop
      vertex 10.0178 -74.1422 73.3357
      vertex 10.6669 -73.5854 73.454
      vertex 10.0178 -60.815 10.6364
    endloop
  endfacet
  facet normal -0.831418 0.543505 0.115525
    outer loop
      vertex 11.7158 -72.2483 73.7382
      vertex 11.7158 -58.9212 11.0389
      vertex 11.2361 -59.6233 10.8897
    endloop
  endfacet
  facet normal 3.94101e-05 -0.207914 0.978147
    outer loop
      vertex 12.6 -55.6933 11.725
      vertex 12.0976 -35.6161 15.9926
      vertex 11.2361 -59.6233 10.8897
    endloop
  endfacet
  facet normal -0.000112022 -0.207863 0.978158
    outer loop
      vertex 12.3751 -57.3642 11.3699
      vertex 12.6 -55.6933 11.725
      vertex 11.2361 -59.6233 10.8897
    endloop
  endfacet
  facet normal 0.555554 0.81331 0.172875
    outer loop
      vertex -9.3 -74.6113 73.2359
      vertex -10.0178 -60.815 10.6364
      vertex -10.0178 -74.1422 73.3357
    endloop
  endfacet
  facet normal 0.555616 0.81327 0.172866
    outer loop
      vertex -10.0178 -60.815 10.6364
      vertex -9.3 -74.6113 73.2359
      vertex -9.3 -61.2842 10.5367
    endloop
  endfacet
  facet normal 0.644462 0.455424 -0.614213
    outer loop
      vertex -4.27455 -65.7483 86.3656
      vertex -12.0976 -71.491 73.8992
      vertex -4.30637 -65.6852 86.379
    endloop
  endfacet
  facet normal 0.644426 0.455474 -0.614213
    outer loop
      vertex -12.0976 -71.491 73.8992
      vertex -4.27455 -65.7483 86.3656
      vertex -11.7158 -72.2483 73.7382
    endloop
  endfacet
  facet normal 0.000339622 -0.207933 0.978143
    outer loop
      vertex -12.3751 -36.4158 15.8226
      vertex -12.5435 -37.244 15.6466
      vertex -12.6 -38.0866 15.4675
    endloop
  endfacet
  facet normal 0.644436 0.455461 -0.614213
    outer loop
      vertex -4.46547 -65.3696 86.4461
      vertex -4.30637 -65.6852 86.379
      vertex -12.0976 -71.491 73.8992
    endloop
  endfacet
  facet normal 0.000304204 -0.208243 0.978077
    outer loop
      vertex -9.3 -32.4958 16.6558
      vertex -10.6669 -33.5217 16.4378
      vertex -11.2361 -34.1566 16.3028
    endloop
  endfacet
  facet normal 0 0.978148 0.207911
    outer loop
      vertex 6 -62.1491 10.3528
      vertex -6 -75.4762 73.0521
      vertex 6 -75.4762 73.0521
    endloop
  endfacet
  facet normal 0 0.978148 0.207911
    outer loop
      vertex -6 -75.4762 73.0521
      vertex 6 -62.1491 10.3528
      vertex -6 -62.1491 10.3528
    endloop
  endfacet
  facet normal 0.06536 0.976056 0.207466
    outer loop
      vertex -6 -75.4762 73.0521
      vertex -6 -62.1491 10.3528
      vertex -6.86147 -75.421 73.0638
    endloop
  endfacet
  facet normal 0.583215 0.529337 -0.616167
    outer loop
      vertex -11.7158 -72.2483 73.7382
      vertex -4.23458 -65.8068 86.3531
      vertex -11.2361 -72.9505 73.589
    endloop
  endfacet
  facet normal 0.582772 0.529835 -0.616159
    outer loop
      vertex -4.23458 -65.8068 86.3531
      vertex -11.7158 -72.2483 73.7382
      vertex -4.27455 -65.7483 86.3656
    endloop
  endfacet
  facet normal 0.659335 0.73542 0.156319
    outer loop
      vertex -10.6669 -73.5854 73.454
      vertex -10.0178 -60.815 10.6364
      vertex -10.6669 -60.2582 10.7547
    endloop
  endfacet
  facet normal -0.583215 0.529337 -0.616167
    outer loop
      vertex 4.23458 -65.8068 86.3531
      vertex 11.7158 -72.2483 73.7382
      vertex 11.2361 -72.9505 73.589
    endloop
  endfacet
  facet normal -0.582772 0.529835 -0.616159
    outer loop
      vertex 11.7158 -72.2483 73.7382
      vertex 4.23458 -65.8068 86.3531
      vertex 4.27455 -65.7483 86.3656
    endloop
  endfacet
  facet normal -8.53991e-06 -0.207889 0.978152
    outer loop
      vertex 8.52571 -61.6577 10.4573
      vertex 11.2361 -59.6233 10.8897
      vertex 6.86147 -62.0938 10.3646
    endloop
  endfacet
  facet normal 0.000272507 -0.208049 0.978118
    outer loop
      vertex 12.0976 -58.1638 11.1999
      vertex 12.3751 -57.3642 11.3699
      vertex 11.2361 -59.6233 10.8897
    endloop
  endfacet
  facet normal -0.94694 0.314387 0.0668249
    outer loop
      vertex 12.3751 -70.6913 74.0692
      vertex 12.3751 -57.3642 11.3699
      vertex 12.0976 -71.491 73.8992
    endloop
  endfacet
  facet normal -0.659348 -0.735408 -0.156316
    outer loop
      vertex 10.6669 -46.8489 79.137
      vertex 10.0178 -46.2921 79.2554
      vertex 10.0178 -32.9649 16.5561
    endloop
  endfacet
  facet normal 0 -0.209045 0.977906
    outer loop
      vertex -6 -31.6309 16.8397
      vertex 6.86147 -31.6861 16.8279
      vertex 6 -31.6309 16.8397
    endloop
  endfacet
  facet normal 0 -0.209045 0.977906
    outer loop
      vertex 6.86147 -31.6861 16.8279
      vertex -6 -31.6309 16.8397
      vertex -6.86147 -31.6861 16.8279
    endloop
  endfacet
  facet normal -0.06536 -0.976056 -0.207467
    outer loop
      vertex 6 -31.6309 16.8397
      vertex 6.86147 -45.0132 79.5272
      vertex 6 -44.958 79.5389
    endloop
  endfacet
  facet normal -0.065384 -0.976055 -0.207466
    outer loop
      vertex 6.86147 -45.0132 79.5272
      vertex 6 -31.6309 16.8397
      vertex 6.86147 -31.6861 16.8279
    endloop
  endfacet
  facet normal 0 -0.978148 -0.207911
    outer loop
      vertex -6 -31.6309 16.8397
      vertex 6 -44.958 79.5389
      vertex -6 -44.958 79.5389
    endloop
  endfacet
  facet normal 0 -0.978148 -0.207911
    outer loop
      vertex 6 -44.958 79.5389
      vertex -6 -31.6309 16.8397
      vertex 6 -31.6309 16.8397
    endloop
  endfacet
  facet normal 0.000523863 -0.207945 0.97814
    outer loop
      vertex 12.5435 -56.5359 11.5459
      vertex 12.6 -55.6933 11.725
      vertex 12.3751 -57.3642 11.3699
    endloop
  endfacet
  facet normal -0.980789 -0.190808 -0.0405573
    outer loop
      vertex 12.5435 -37.244 15.6466
      vertex 12.3751 -49.7429 78.5219
      vertex 12.3751 -36.4158 15.8226
    endloop
  endfacet
  facet normal -0.98079 -0.190803 -0.0405564
    outer loop
      vertex 12.3751 -49.7429 78.5219
      vertex 12.5435 -37.244 15.6466
      vertex 12.5435 -50.5711 78.3458
    endloop
  endfacet
  facet normal 0.300127 0.748288 -0.591598
    outer loop
      vertex -8.52571 -74.9848 73.1565
      vertex -3.06667 -66.9298 86.1144
      vertex -3.00214 -66.9609 86.1078
    endloop
  endfacet
  facet normal 0.300259 0.748224 -0.591613
    outer loop
      vertex -3.06667 -66.9298 86.1144
      vertex -8.52571 -74.9848 73.1565
      vertex -9.3 -74.6113 73.2359
    endloop
  endfacet
  facet normal 0.000112022 -0.207863 0.978158
    outer loop
      vertex -12.3751 -57.3642 11.3699
      vertex -11.2361 -59.6233 10.8897
      vertex -12.6 -55.6933 11.725
    endloop
  endfacet
  facet normal 0.000189418 -0.207614 0.978211
    outer loop
      vertex 10.6669 -33.5217 16.4378
      vertex 10.0178 -32.9649 16.5561
      vertex 9.3 -32.4958 16.6558
    endloop
  endfacet
  facet normal 1.63661e-05 -0.207886 0.978153
    outer loop
      vertex 12.0976 -35.6161 15.9926
      vertex 11.2361 -34.1566 16.3028
      vertex 9.3 -32.4958 16.6558
    endloop
  endfacet
  facet normal -0.751863 0.644912 0.137081
    outer loop
      vertex 10.6669 -60.2582 10.7547
      vertex 11.2361 -72.9505 73.589
      vertex 11.2361 -59.6233 10.8897
    endloop
  endfacet
  facet normal -0.751863 0.644912 0.137081
    outer loop
      vertex 11.2361 -72.9505 73.589
      vertex 10.6669 -60.2582 10.7547
      vertex 10.6669 -73.5854 73.454
    endloop
  endfacet
  facet normal -0.220041 0.78571 -0.578137
    outer loop
      vertex 7.70821 -75.2562 73.0988
      vertex 2.33889 -67.2297 86.0507
      vertex 8.52571 -74.9848 73.1565
    endloop
  endfacet
  facet normal -0.219949 0.785747 -0.578121
    outer loop
      vertex 2.33889 -67.2297 86.0507
      vertex 7.70821 -75.2562 73.0988
      vertex 2.27077 -67.2523 86.0459
    endloop
  endfacet
  facet normal -0.300374 0.748166 -0.591628
    outer loop
      vertex 3.00214 -66.9609 86.1078
      vertex 8.52571 -74.9848 73.1565
      vertex 2.67952 -67.1166 86.0747
    endloop
  endfacet
  facet normal -0.794922 0.0746572 -0.6021
    outer loop
      vertex 12.5435 -50.5711 78.3458
      vertex 4.71196 -60.8037 87.4166
      vertex 4.68843 -60.4526 87.4912
    endloop
  endfacet
  facet normal 0.000215523 -0.207862 0.978158
    outer loop
      vertex 12.6 -38.0866 15.4675
      vertex 12.3751 -36.4158 15.8226
      vertex 12.0976 -35.6161 15.9926
    endloop
  endfacet
  facet normal -0.000339622 -0.207933 0.978143
    outer loop
      vertex 12.6 -38.0866 15.4675
      vertex 12.5435 -37.244 15.6466
      vertex 12.3751 -36.4158 15.8226
    endloop
  endfacet
  facet normal 0.30151 -0.442207 -0.844715
    outer loop
      vertex -9.3 -45.8229 79.3551
      vertex -3.00214 -58.0473 88.0025
      vertex -3.06667 -58.0785 87.9958
    endloop
  endfacet
  facet normal 0.300274 -0.442899 -0.844793
    outer loop
      vertex -3.00214 -58.0473 88.0025
      vertex -9.3 -45.8229 79.3551
      vertex -8.52571 -45.4494 79.4345
    endloop
  endfacet
  facet normal 0.195144 -0.959342 -0.203915
    outer loop
      vertex -6.86147 -45.0132 79.5272
      vertex -7.70821 -45.178 79.4922
      vertex -7.70821 -31.8508 16.7929
    endloop
  endfacet
  facet normal -0.000272507 -0.208049 0.978118
    outer loop
      vertex -12.0976 -58.1638 11.1999
      vertex -11.2361 -59.6233 10.8897
      vertex -12.3751 -57.3642 11.3699
    endloop
  endfacet
  facet normal 0.794981 0.176525 -0.580383
    outer loop
      vertex -4.71196 -64.2046 86.6937
      vertex -12.6 -69.0204 74.4243
      vertex -4.71667 -64.1344 86.7086
    endloop
  endfacet
  facet normal 0.794937 0.176652 -0.580404
    outer loop
      vertex -12.6 -69.0204 74.4243
      vertex -4.71196 -64.2046 86.6937
      vertex -12.5435 -69.8631 74.2452
    endloop
  endfacet
  facet normal 0.701245 -0.0925794 -0.706883
    outer loop
      vertex -12.3751 -49.7429 78.5219
      vertex -4.5811 -59.9718 87.5934
      vertex -4.60422 -60.0385 87.5792
    endloop
  endfacet
  facet normal 0.70095 -0.093014 -0.707119
    outer loop
      vertex -4.5811 -59.9718 87.5934
      vertex -12.3751 -49.7429 78.5219
      vertex -12.0976 -48.9433 78.6918
    endloop
  endfacet
  facet normal 0.0464376 -0.546579 -0.836119
    outer loop
      vertex -1.48846 -57.6506 88.0868
      vertex -1.8474 -57.6736 88.0819
      vertex -6.86147 -45.0132 79.5272
    endloop
  endfacet
  facet normal 0.0463955 0.839416 -0.541505
    outer loop
      vertex -1.8474 -67.3347 86.0284
      vertex -1.48846 -67.3577 86.0235
      vertex -6.86147 -75.421 73.0638
    endloop
  endfacet
  facet normal -0.0654968 0.976047 0.207466
    outer loop
      vertex 6.86147 -75.421 73.0638
      vertex 6.86147 -62.0938 10.3646
      vertex 6 -62.1491 10.3528
    endloop
  endfacet
  facet normal 0.831453 0.543454 0.115515
    outer loop
      vertex -11.2361 -72.9505 73.589
      vertex -11.2361 -59.6233 10.8897
      vertex -11.7158 -72.2483 73.7382
    endloop
  endfacet
  facet normal -0.000349299 -0.208092 0.978109
    outer loop
      vertex -11.7158 -58.9212 11.0389
      vertex -11.2361 -59.6233 10.8897
      vertex -12.0976 -58.1638 11.1999
    endloop
  endfacet
  facet normal 5.20636e-05 -0.207834 0.978164
    outer loop
      vertex -9.3 -61.2842 10.5367
      vertex -8.52571 -61.6577 10.4573
      vertex -11.2361 -59.6233 10.8897
    endloop
  endfacet
  facet normal 0.812815 0.12112 -0.569791
    outer loop
      vertex -4.71667 -62.3411 87.0898
      vertex -4.71667 -64.1344 86.7086
      vertex -12.6 -69.0204 74.4243
    endloop
  endfacet
  facet normal -0.442297 0.87727 0.186469
    outer loop
      vertex 8.52571 -74.9848 73.1565
      vertex 9.3 -61.2842 10.5367
      vertex 8.52571 -61.6577 10.4573
    endloop
  endfacet
  facet normal -0.3214 0.926251 0.19688
    outer loop
      vertex 8.52571 -74.9848 73.1565
      vertex 8.52571 -61.6577 10.4573
      vertex 7.70821 -61.9291 10.3996
    endloop
  endfacet
  facet normal -0.997856 -0.0640182 -0.0136076
    outer loop
      vertex 12.6 -38.0866 15.4675
      vertex 12.6 -51.4138 78.1667
      vertex 12.5435 -37.244 15.6466
    endloop
  endfacet
  facet normal -5.20636e-05 -0.207834 0.978164
    outer loop
      vertex 9.3 -61.2842 10.5367
      vertex 11.2361 -59.6233 10.8897
      vertex 8.52571 -61.6577 10.4573
    endloop
  endfacet
  facet normal -0.831453 0.543454 0.115515
    outer loop
      vertex 11.2361 -72.9505 73.589
      vertex 11.7158 -72.2483 73.7382
      vertex 11.2361 -59.6233 10.8897
    endloop
  endfacet
  facet normal -0.946928 0.314421 0.0668325
    outer loop
      vertex 12.0976 -71.491 73.8992
      vertex 12.3751 -57.3642 11.3699
      vertex 12.0976 -58.1638 11.1999
    endloop
  endfacet
  facet normal -0.896875 0.432619 0.0919563
    outer loop
      vertex 12.0976 -71.491 73.8992
      vertex 12.0976 -58.1638 11.1999
      vertex 11.7158 -72.2483 73.7382
    endloop
  endfacet
  facet normal -0.442297 -0.87727 -0.186469
    outer loop
      vertex 9.3 -32.4958 16.6558
      vertex 9.3 -45.8229 79.3551
      vertex 8.52571 -32.1223 16.7352
    endloop
  endfacet
  facet normal -0.000304204 -0.208243 0.978077
    outer loop
      vertex 11.2361 -34.1566 16.3028
      vertex 10.6669 -33.5217 16.4378
      vertex 9.3 -32.4958 16.6558
    endloop
  endfacet
  facet normal 0 -0.558777 -0.829318
    outer loop
      vertex -1.41667 -57.646 88.0878
      vertex 6 -44.958 79.5389
      vertex 1.41667 -57.646 88.0878
    endloop
  endfacet
  facet normal -0 -0.558777 -0.829318
    outer loop
      vertex 6 -44.958 79.5389
      vertex -1.41667 -57.646 88.0878
      vertex -6 -44.958 79.5389
    endloop
  endfacet
  facet normal 0.3214 0.926251 0.19688
    outer loop
      vertex -7.70821 -75.2562 73.0988
      vertex -7.70821 -61.9291 10.3996
      vertex -8.52571 -74.9848 73.1565
    endloop
  endfacet
  facet normal 0.195144 0.959342 0.203914
    outer loop
      vertex -7.70821 -75.2562 73.0988
      vertex -6.86147 -75.421 73.0638
      vertex -7.70821 -61.9291 10.3996
    endloop
  endfacet
  facet normal -0.000609625 -0.208505 0.978021
    outer loop
      vertex -10.6669 -60.2582 10.7547
      vertex -10.0178 -60.815 10.6364
      vertex -11.2361 -59.6233 10.8897
    endloop
  endfacet
  facet normal 0.659335 0.73542 0.156319
    outer loop
      vertex -10.0178 -74.1422 73.3357
      vertex -10.0178 -60.815 10.6364
      vertex -10.6669 -73.5854 73.454
    endloop
  endfacet
  facet normal -3.94101e-05 -0.207914 0.978147
    outer loop
      vertex -11.2361 -59.6233 10.8897
      vertex -12.0976 -35.6161 15.9926
      vertex -12.6 -55.6933 11.725
    endloop
  endfacet
  facet normal 0.896897 0.432575 0.0919463
    outer loop
      vertex -11.7158 -72.2483 73.7382
      vertex -11.7158 -58.9212 11.0389
      vertex -12.0976 -58.1638 11.1999
    endloop
  endfacet
  facet normal -0.555538 -0.813321 -0.172876
    outer loop
      vertex 10.0178 -32.9649 16.5561
      vertex 9.3 -45.8229 79.3551
      vertex 9.3 -32.4958 16.6558
    endloop
  endfacet
  facet normal -0.13565 0.816234 -0.56157
    outer loop
      vertex 6.86147 -75.421 73.0638
      vertex 1.91796 -67.3209 86.0313
      vertex 7.70821 -75.2562 73.0988
    endloop
  endfacet
  facet normal -0.1365 0.815979 -0.561735
    outer loop
      vertex 1.91796 -67.3209 86.0313
      vertex 6.86147 -75.421 73.0638
      vertex 1.8474 -67.3347 86.0284
    endloop
  endfacet
  facet normal -0.980794 0.190786 0.040553
    outer loop
      vertex 12.3751 -57.3642 11.3699
      vertex 12.5435 -69.8631 74.2452
      vertex 12.5435 -56.5359 11.5459
    endloop
  endfacet
  facet normal -0.980789 0.190808 0.0405573
    outer loop
      vertex 12.5435 -69.8631 74.2452
      vertex 12.3751 -57.3642 11.3699
      vertex 12.3751 -70.6913 74.0692
    endloop
  endfacet
  facet normal -0.644436 0.455461 -0.614213
    outer loop
      vertex 4.46547 -65.3696 86.4461
      vertex 12.0976 -71.491 73.8992
      vertex 4.30637 -65.6852 86.379
    endloop
  endfacet
  facet normal -0.751677 0.279862 -0.59721
    outer loop
      vertex 4.68843 -64.5557 86.6191
      vertex 12.5435 -69.8631 74.2452
      vertex 4.61826 -64.9008 86.5457
    endloop
  endfacet
  facet normal -0.94694 -0.314387 -0.0668254
    outer loop
      vertex 12.3751 -36.4158 15.8226
      vertex 12.0976 -48.9433 78.6918
      vertex 12.0976 -35.6161 15.9926
    endloop
  endfacet
  facet normal -0.946926 -0.314428 -0.0668336
    outer loop
      vertex 12.0976 -48.9433 78.6918
      vertex 12.3751 -36.4158 15.8226
      vertex 12.3751 -49.7429 78.5219
    endloop
  endfacet
  facet normal 7.08598e-06 -0.207901 0.97815
    outer loop
      vertex -6.86147 -31.6861 16.8279
      vertex -7.70821 -31.8508 16.7929
      vertex -8.52571 -32.1223 16.7352
    endloop
  endfacet
  facet normal 0.321501 -0.926217 -0.196873
    outer loop
      vertex -7.70821 -31.8508 16.7929
      vertex -8.52571 -45.4494 79.4345
      vertex -8.52571 -32.1223 16.7352
    endloop
  endfacet
  facet normal -1.37524e-05 -0.20791 0.978148
    outer loop
      vertex -8.52571 -32.1223 16.7352
      vertex -9.3 -32.4958 16.6558
      vertex -11.2361 -59.6233 10.8897
    endloop
  endfacet
  facet normal 0.3214 -0.92625 -0.196881
    outer loop
      vertex -7.70821 -31.8508 16.7929
      vertex -7.70821 -45.178 79.4922
      vertex -8.52571 -45.4494 79.4345
    endloop
  endfacet
  facet normal 0.997856 0.064011 0.013606
    outer loop
      vertex -12.5435 -69.8631 74.2452
      vertex -12.5435 -56.5359 11.5459
      vertex -12.6 -69.0204 74.4243
    endloop
  endfacet
  facet normal -0.000523863 -0.207945 0.97814
    outer loop
      vertex -12.5435 -56.5359 11.5459
      vertex -12.3751 -57.3642 11.3699
      vertex -12.6 -55.6933 11.725
    endloop
  endfacet
  facet normal 0.997856 0.0640182 0.0136074
    outer loop
      vertex -12.6 -69.0204 74.4243
      vertex -12.5435 -56.5359 11.5459
      vertex -12.6 -55.6933 11.725
    endloop
  endfacet
  facet normal 1.4057e-05 -0.207912 0.978148
    outer loop
      vertex -11.2361 -59.6233 10.8897
      vertex -9.3 -32.4958 16.6558
      vertex -12.0976 -35.6161 15.9926
    endloop
  endfacet
  facet normal 6.28183e-05 -0.207916 0.978147
    outer loop
      vertex -12.6 -55.6933 11.725
      vertex -12.0976 -35.6161 15.9926
      vertex -12.6 -38.0866 15.4675
    endloop
  endfacet
  facet normal 0.94694 -0.314387 -0.0668254
    outer loop
      vertex -12.0976 -48.9433 78.6918
      vertex -12.3751 -36.4158 15.8226
      vertex -12.0976 -35.6161 15.9926
    endloop
  endfacet
  facet normal 0.946926 -0.314428 -0.0668336
    outer loop
      vertex -12.3751 -36.4158 15.8226
      vertex -12.0976 -48.9433 78.6918
      vertex -12.3751 -49.7429 78.5219
    endloop
  endfacet
  facet normal -0.3214 -0.92625 -0.196881
    outer loop
      vertex 8.52571 -45.4494 79.4345
      vertex 7.70821 -45.178 79.4922
      vertex 7.70821 -31.8508 16.7929
    endloop
  endfacet
  facet normal -0.583119 -0.233056 -0.778239
    outer loop
      vertex 4.23458 -59.2014 87.7571
      vertex 11.7158 -48.1859 78.8528
      vertex 4.27455 -59.26 87.7447
    endloop
  endfacet
  facet normal -0.583196 -0.232977 -0.778206
    outer loop
      vertex 11.7158 -48.1859 78.8528
      vertex 4.23458 -59.2014 87.7571
      vertex 11.2361 -47.4838 79.0021
    endloop
  endfacet
  facet normal 0.812823 0.121125 -0.569778
    outer loop
      vertex -4.71667 -62.3411 87.0898
      vertex -12.6 -51.4138 78.1667
      vertex -4.71667 -60.8739 87.4017
    endloop
  endfacet
  facet normal 0.812818 0.121112 -0.569789
    outer loop
      vertex -12.6 -51.4138 78.1667
      vertex -4.71667 -62.3411 87.0898
      vertex -12.6 -69.0204 74.4243
    endloop
  endfacet
  facet normal 0.449034 0.653044 -0.609837
    outer loop
      vertex -3.69603 -66.4632 86.2136
      vertex -3.42558 -66.6952 86.1643
      vertex -10.0178 -74.1422 73.3357
    endloop
  endfacet
  facet normal 0.0654968 0.976047 0.207466
    outer loop
      vertex -6.86147 -75.421 73.0638
      vertex -6 -62.1491 10.3528
      vertex -6.86147 -62.0938 10.3646
    endloop
  endfacet
  facet normal 0 -0.208684 0.977983
    outer loop
      vertex 6.86147 -62.0938 10.3646
      vertex -6 -62.1491 10.3528
      vertex 6 -62.1491 10.3528
    endloop
  endfacet
  facet normal 0 -0.208684 0.977983
    outer loop
      vertex -6 -62.1491 10.3528
      vertex 6.86147 -62.0938 10.3646
      vertex -6.86147 -62.0938 10.3646
    endloop
  endfacet
  facet normal -0.000123637 -0.20803 0.978122
    outer loop
      vertex -10.0178 -60.815 10.6364
      vertex -9.3 -61.2842 10.5367
      vertex -11.2361 -59.6233 10.8897
    endloop
  endfacet
  facet normal 8.53991e-06 -0.207889 0.978152
    outer loop
      vertex -8.52571 -61.6577 10.4573
      vertex -6.86147 -62.0938 10.3646
      vertex -11.2361 -59.6233 10.8897
    endloop
  endfacet
  facet normal 0.442297 0.87727 0.186469
    outer loop
      vertex -8.52571 -74.9848 73.1565
      vertex -8.52571 -61.6577 10.4573
      vertex -9.3 -61.2842 10.5367
    endloop
  endfacet
  facet normal 0.946928 0.314421 0.0668325
    outer loop
      vertex -12.0976 -71.491 73.8992
      vertex -12.0976 -58.1638 11.1999
      vertex -12.3751 -57.3642 11.3699
    endloop
  endfacet
  facet normal -1 0 0
    outer loop
      vertex 12.6 -55.6933 11.725
      vertex 12.6 -51.4138 78.1667
      vertex 12.6 -38.0866 15.4675
    endloop
  endfacet
  facet normal -1 0 0
    outer loop
      vertex 12.6 -51.4138 78.1667
      vertex 12.6 -55.6933 11.725
      vertex 12.6 -69.0204 74.4243
    endloop
  endfacet
  facet normal -6.28183e-05 -0.207916 0.978147
    outer loop
      vertex 12.6 -55.6933 11.725
      vertex 12.6 -38.0866 15.4675
      vertex 12.0976 -35.6161 15.9926
    endloop
  endfacet
  facet normal -0.442297 0.87727 0.186469
    outer loop
      vertex 9.3 -74.6113 73.2359
      vertex 9.3 -61.2842 10.5367
      vertex 8.52571 -74.9848 73.1565
    endloop
  endfacet
  facet normal -0.449038 0.653043 -0.609836
    outer loop
      vertex 10.0178 -74.1422 73.3357
      vertex 3.75012 -66.4168 86.2235
      vertex 10.6669 -73.5854 73.454
    endloop
  endfacet
  facet normal -0.448759 0.653247 -0.609823
    outer loop
      vertex 3.75012 -66.4168 86.2235
      vertex 10.0178 -74.1422 73.3357
      vertex 3.69603 -66.4632 86.2136
    endloop
  endfacet
  facet normal 0.000349299 -0.208092 0.978109
    outer loop
      vertex 11.7158 -58.9212 11.0389
      vertex 12.0976 -58.1638 11.1999
      vertex 11.2361 -59.6233 10.8897
    endloop
  endfacet
  facet normal -0.896897 0.432575 0.0919463
    outer loop
      vertex 11.7158 -72.2483 73.7382
      vertex 12.0976 -58.1638 11.1999
      vertex 11.7158 -58.9212 11.0389
    endloop
  endfacet
  facet normal -0.517579 -0.293929 -0.803565
    outer loop
      vertex 3.75012 -58.5914 87.8868
      vertex 11.2361 -47.4838 79.0021
      vertex 3.79755 -58.6443 87.8756
    endloop
  endfacet
  facet normal -0.517923 -0.293613 -0.80346
    outer loop
      vertex 11.2361 -47.4838 79.0021
      vertex 3.75012 -58.5914 87.8868
      vertex 10.6669 -46.8489 79.137
    endloop
  endfacet
  facet normal -0.751863 -0.644912 -0.137081
    outer loop
      vertex 11.2361 -34.1566 16.3028
      vertex 10.6669 -46.8489 79.137
      vertex 10.6669 -33.5217 16.4378
    endloop
  endfacet
  facet normal -0.751852 -0.644923 -0.137083
    outer loop
      vertex 10.6669 -46.8489 79.137
      vertex 11.2361 -34.1566 16.3028
      vertex 11.2361 -47.4838 79.0021
    endloop
  endfacet
  facet normal 0 -0.207875 0.978155
    outer loop
      vertex -6.86147 -31.6861 16.8279
      vertex 8.52571 -32.1223 16.7352
      vertex 6.86147 -31.6861 16.8279
    endloop
  endfacet
  facet normal 0 -0.207875 0.978155
    outer loop
      vertex 8.52571 -32.1223 16.7352
      vertex -6.86147 -31.6861 16.8279
      vertex -8.52571 -32.1223 16.7352
    endloop
  endfacet
  facet normal 0.831418 0.543505 0.115525
    outer loop
      vertex -11.7158 -72.2483 73.7382
      vertex -11.2361 -59.6233 10.8897
      vertex -11.7158 -58.9212 11.0389
    endloop
  endfacet
  facet normal 0.751863 0.644912 0.137081
    outer loop
      vertex -11.2361 -72.9505 73.589
      vertex -10.6669 -60.2582 10.7547
      vertex -11.2361 -59.6233 10.8897
    endloop
  endfacet
  facet normal 0.751863 0.644912 0.137081
    outer loop
      vertex -10.6669 -60.2582 10.7547
      vertex -11.2361 -72.9505 73.589
      vertex -10.6669 -73.5854 73.454
    endloop
  endfacet
  facet normal -0.644324 -0.166406 -0.746429
    outer loop
      vertex 4.27455 -59.26 87.7447
      vertex 12.0976 -48.9433 78.6918
      vertex 4.30637 -59.3231 87.7313
    endloop
  endfacet
  facet normal -0.644469 -0.166222 -0.746344
    outer loop
      vertex 12.0976 -48.9433 78.6918
      vertex 4.27455 -59.26 87.7447
      vertex 11.7158 -48.1859 78.8528
    endloop
  endfacet
  facet normal 0.0462456 0.839445 -0.541474
    outer loop
      vertex -6 -75.4762 73.0521
      vertex -1.48846 -67.3577 86.0235
      vertex -1.41667 -67.3623 86.0225
    endloop
  endfacet
  facet normal 0.0464318 0.839408 -0.541515
    outer loop
      vertex -1.48846 -67.3577 86.0235
      vertex -6 -75.4762 73.0521
      vertex -6.86147 -75.421 73.0638
    endloop
  endfacet
  facet normal -0.220132 0.78567 -0.578156
    outer loop
      vertex 2.67952 -67.1166 86.0747
      vertex 8.52571 -74.9848 73.1565
      vertex 2.33889 -67.2297 86.0507
    endloop
  endfacet
  facet normal -0.195144 0.959342 0.203914
    outer loop
      vertex 7.70821 -75.2562 73.0988
      vertex 7.70821 -61.9291 10.3996
      vertex 6.86147 -75.421 73.0638
    endloop
  endfacet
  facet normal -0.794958 0.176595 -0.580392
    outer loop
      vertex 4.71196 -64.2046 86.6937
      vertex 12.5435 -69.8631 74.2452
      vertex 4.68843 -64.5557 86.6191
    endloop
  endfacet
  facet normal -0.794981 0.176525 -0.580383
    outer loop
      vertex 12.6 -69.0204 74.4243
      vertex 4.71196 -64.2046 86.6937
      vertex 4.71667 -64.1344 86.7086
    endloop
  endfacet
  facet normal -0.794937 0.176652 -0.580404
    outer loop
      vertex 4.71196 -64.2046 86.6937
      vertex 12.6 -69.0204 74.4243
      vertex 12.5435 -69.8631 74.2452
    endloop
  endfacet
  facet normal -0.812815 0.12112 -0.569791
    outer loop
      vertex 4.71667 -62.3411 87.0898
      vertex 12.6 -69.0204 74.4243
      vertex 4.71667 -64.1344 86.7086
    endloop
  endfacet
  facet normal -0.700948 0.372585 -0.608155
    outer loop
      vertex 4.5811 -65.0365 86.5169
      vertex 12.0976 -71.491 73.8992
      vertex 4.46547 -65.3696 86.4461
    endloop
  endfacet
  facet normal -0.701482 0.371697 -0.608082
    outer loop
      vertex 12.3751 -70.6913 74.0692
      vertex 4.5811 -65.0365 86.5169
      vertex 4.60422 -64.9698 86.531
    endloop
  endfacet
  facet normal -0.700986 0.372526 -0.608148
    outer loop
      vertex 4.5811 -65.0365 86.5169
      vertex 12.3751 -70.6913 74.0692
      vertex 12.0976 -71.491 73.8992
    endloop
  endfacet
  facet normal 0.135878 -0.517174 -0.845025
    outer loop
      vertex -1.91796 -57.6874 88.079
      vertex -6.86147 -45.0132 79.5272
      vertex -1.8474 -57.6736 88.0819
    endloop
  endfacet
  facet normal 0.135604 -0.517271 -0.84501
    outer loop
      vertex -6.86147 -45.0132 79.5272
      vertex -1.91796 -57.6874 88.079
      vertex -7.70821 -45.178 79.4922
    endloop
  endfacet
  facet normal 0.659348 -0.735408 -0.156316
    outer loop
      vertex -10.0178 -32.9649 16.5561
      vertex -10.0178 -46.2921 79.2554
      vertex -10.6669 -46.8489 79.137
    endloop
  endfacet
  facet normal 0.555616 -0.81327 -0.172867
    outer loop
      vertex -9.3 -45.8229 79.3551
      vertex -10.0178 -46.2921 79.2554
      vertex -10.0178 -32.9649 16.5561
    endloop
  endfacet
  facet normal 0.794922 0.0746572 -0.6021
    outer loop
      vertex -4.68843 -60.4526 87.4912
      vertex -4.71196 -60.8037 87.4166
      vertex -12.5435 -50.5711 78.3458
    endloop
  endfacet
  facet normal 0.700959 -0.0930021 -0.707112
    outer loop
      vertex -4.46547 -59.6386 87.6642
      vertex -4.5811 -59.9718 87.5934
      vertex -12.0976 -48.9433 78.6918
    endloop
  endfacet
  facet normal 0.751732 -0.0126547 -0.659347
    outer loop
      vertex -4.60422 -60.0385 87.5792
      vertex -12.5435 -50.5711 78.3458
      vertex -12.3751 -49.7429 78.5219
    endloop
  endfacet
  facet normal 0.751395 -0.0132998 -0.659719
    outer loop
      vertex -12.5435 -50.5711 78.3458
      vertex -4.60422 -60.0385 87.5792
      vertex -4.61826 -60.1075 87.5646
    endloop
  endfacet
  facet normal 0.831453 -0.543454 -0.115515
    outer loop
      vertex -11.2361 -34.1566 16.3028
      vertex -11.2361 -47.4838 79.0021
      vertex -11.7158 -34.8588 16.1536
    endloop
  endfacet
  facet normal -0.220057 -0.482618 -0.847735
    outer loop
      vertex 2.67952 -57.8917 88.0355
      vertex 7.70821 -45.178 79.4922
      vertex 8.52571 -45.4494 79.4345
    endloop
  endfacet
  facet normal -0.219877 -0.482692 -0.84774
    outer loop
      vertex 7.70821 -45.178 79.4922
      vertex 2.67952 -57.8917 88.0355
      vertex 2.6114 -57.8691 88.0403
    endloop
  endfacet
  facet normal -0.0463796 -0.546597 -0.83611
    outer loop
      vertex 1.48846 -57.6506 88.0868
      vertex 6 -44.958 79.5389
      vertex 6.86147 -45.0132 79.5272
    endloop
  endfacet
  facet normal -0.0466658 -0.546519 -0.836145
    outer loop
      vertex 6 -44.958 79.5389
      vertex 1.48846 -57.6506 88.0868
      vertex 1.41667 -57.646 88.0878
    endloop
  endfacet
  facet normal 0.517929 0.595016 -0.614578
    outer loop
      vertex -4.03473 -66.0994 86.2909
      vertex -3.79755 -66.3639 86.2347
      vertex -11.2361 -72.9505 73.589
    endloop
  endfacet
  facet normal 0.794958 0.176595 -0.580392
    outer loop
      vertex -4.71196 -64.2046 86.6937
      vertex -4.68843 -64.5557 86.6191
      vertex -12.5435 -69.8631 74.2452
    endloop
  endfacet
  facet normal 0.300374 0.748166 -0.591628
    outer loop
      vertex -3.00214 -66.9609 86.1078
      vertex -2.67952 -67.1166 86.0747
      vertex -8.52571 -74.9848 73.1565
    endloop
  endfacet
  facet normal 0.220132 0.78567 -0.578156
    outer loop
      vertex -2.67952 -67.1166 86.0747
      vertex -2.33889 -67.2297 86.0507
      vertex -8.52571 -74.9848 73.1565
    endloop
  endfacet
  facet normal 0.00035014 -0.208012 0.978126
    outer loop
      vertex 8.52571 -32.1223 16.7352
      vertex 4.95722 -43.3474 14.3493
      vertex 5 -44 14.2105
    endloop
  endfacet
  facet normal -0.000150801 -0.20786 0.978159
    outer loop
      vertex 8.52571 -32.1223 16.7352
      vertex 4.82963 -42.7059 14.4856
      vertex 4.95722 -43.3474 14.3493
    endloop
  endfacet
  facet normal -8.13732e-05 -0.207883 0.978154
    outer loop
      vertex 8.52571 -32.1223 16.7352
      vertex 4.6194 -42.0866 14.6172
      vertex 4.82963 -42.7059 14.4856
    endloop
  endfacet
  facet normal 2.44659e-05 -0.207923 0.978145
    outer loop
      vertex 8.52571 -32.1223 16.7352
      vertex 4.33013 -41.5 14.7419
      vertex 4.6194 -42.0866 14.6172
    endloop
  endfacet
  facet normal 1.81529e-05 -0.20792 0.978146
    outer loop
      vertex 8.52571 -32.1223 16.7352
      vertex 3.96677 -40.9562 14.8575
      vertex 4.33013 -41.5 14.7419
    endloop
  endfacet
  facet normal -1.98082e-05 -0.207902 0.97815
    outer loop
      vertex 8.52571 -32.1223 16.7352
      vertex 3.53553 -40.4645 14.962
      vertex 3.96677 -40.9562 14.8575
    endloop
  endfacet
  facet normal 3.1057e-05 -0.207931 0.978144
    outer loop
      vertex 8.52571 -32.1223 16.7352
      vertex 3.04381 -40.0332 15.0537
      vertex 3.53553 -40.4645 14.962
    endloop
  endfacet
  facet normal -2.60282e-05 -0.207893 0.978152
    outer loop
      vertex 8.52571 -32.1223 16.7352
      vertex 2.5 -39.6699 15.1309
      vertex 3.04381 -40.0332 15.0537
    endloop
  endfacet
  facet normal 8.46653e-06 -0.207919 0.978146
    outer loop
      vertex 8.52571 -32.1223 16.7352
      vertex 1.91342 -39.3806 15.1924
      vertex 2.5 -39.6699 15.1309
    endloop
  endfacet
  facet normal 2.48395e-05 -0.207933 0.978143
    outer loop
      vertex 8.52571 -32.1223 16.7352
      vertex 1.2941 -39.1704 15.2371
      vertex 1.91342 -39.3806 15.1924
    endloop
  endfacet
  facet normal -2.76796e-05 -0.207882 0.978154
    outer loop
      vertex 8.52571 -32.1223 16.7352
      vertex 0.652631 -39.0428 15.2642
      vertex 1.2941 -39.1704 15.2371
    endloop
  endfacet
  facet normal 3.57723e-06 -0.207916 0.978147
    outer loop
      vertex 8.52571 -32.1223 16.7352
      vertex 0 -39 15.2733
      vertex 0.652631 -39.0428 15.2642
    endloop
  endfacet
  facet normal 0 -0.207912 0.978148
    outer loop
      vertex -8.52571 -32.1223 16.7352
      vertex 0 -39 15.2733
      vertex 8.52571 -32.1223 16.7352
    endloop
  endfacet
  facet normal -3.57723e-06 -0.207916 0.978147
    outer loop
      vertex 0 -39 15.2733
      vertex -8.52571 -32.1223 16.7352
      vertex -0.652631 -39.0428 15.2642
    endloop
  endfacet
  facet normal 2.76796e-05 -0.207882 0.978154
    outer loop
      vertex -0.652631 -39.0428 15.2642
      vertex -8.52571 -32.1223 16.7352
      vertex -1.2941 -39.1704 15.2371
    endloop
  endfacet
  facet normal -2.48395e-05 -0.207933 0.978143
    outer loop
      vertex -1.2941 -39.1704 15.2371
      vertex -8.52571 -32.1223 16.7352
      vertex -1.91342 -39.3806 15.1924
    endloop
  endfacet
  facet normal -8.46653e-06 -0.207919 0.978146
    outer loop
      vertex -1.91342 -39.3806 15.1924
      vertex -8.52571 -32.1223 16.7352
      vertex -2.5 -39.6699 15.1309
    endloop
  endfacet
  facet normal -0.00035014 -0.208012 0.978126
    outer loop
      vertex -4.95722 -43.3474 14.3493
      vertex -8.52571 -32.1223 16.7352
      vertex -5 -44 14.2105
    endloop
  endfacet
  facet normal 0.000150801 -0.20786 0.978159
    outer loop
      vertex -4.82963 -42.7059 14.4856
      vertex -8.52571 -32.1223 16.7352
      vertex -4.95722 -43.3474 14.3493
    endloop
  endfacet
  facet normal 8.13732e-05 -0.207883 0.978154
    outer loop
      vertex -4.6194 -42.0866 14.6172
      vertex -8.52571 -32.1223 16.7352
      vertex -4.82963 -42.7059 14.4856
    endloop
  endfacet
  facet normal -2.44659e-05 -0.207923 0.978145
    outer loop
      vertex -4.33013 -41.5 14.7419
      vertex -8.52571 -32.1223 16.7352
      vertex -4.6194 -42.0866 14.6172
    endloop
  endfacet
  facet normal -1.81529e-05 -0.20792 0.978146
    outer loop
      vertex -3.96677 -40.9562 14.8575
      vertex -8.52571 -32.1223 16.7352
      vertex -4.33013 -41.5 14.7419
    endloop
  endfacet
  facet normal 1.98082e-05 -0.207902 0.97815
    outer loop
      vertex -3.53553 -40.4645 14.962
      vertex -8.52571 -32.1223 16.7352
      vertex -3.96677 -40.9562 14.8575
    endloop
  endfacet
  facet normal -3.1057e-05 -0.207931 0.978144
    outer loop
      vertex -3.04381 -40.0332 15.0537
      vertex -8.52571 -32.1223 16.7352
      vertex -3.53553 -40.4645 14.962
    endloop
  endfacet
  facet normal 2.60282e-05 -0.207893 0.978152
    outer loop
      vertex -2.5 -39.6699 15.1309
      vertex -8.52571 -32.1223 16.7352
      vertex -3.04381 -40.0332 15.0537
    endloop
  endfacet
  facet normal -5.14507e-06 -0.207912 0.978148
    outer loop
      vertex 5 -44 14.2105
      vertex 11.2361 -59.6233 10.8897
      vertex 8.52571 -32.1223 16.7352
    endloop
  endfacet
  facet normal 4.17785e-05 -0.207894 0.978151
    outer loop
      vertex 4.95722 -44.6526 14.0718
      vertex 11.2361 -59.6233 10.8897
      vertex 5 -44 14.2105
    endloop
  endfacet
  facet normal 0.000133552 -0.207857 0.978159
    outer loop
      vertex 4.82963 -45.2941 13.9355
      vertex 11.2361 -59.6233 10.8897
      vertex 4.95722 -44.6526 14.0718
    endloop
  endfacet
  facet normal -0.000124958 -0.207967 0.978136
    outer loop
      vertex 4.6194 -45.9134 13.8038
      vertex 11.2361 -59.6233 10.8897
      vertex 4.82963 -45.2941 13.9355
    endloop
  endfacet
  facet normal -2.66088e-05 -0.207922 0.978145
    outer loop
      vertex 4.33013 -46.5 13.6791
      vertex 11.2361 -59.6233 10.8897
      vertex 4.6194 -45.9134 13.8038
    endloop
  endfacet
  facet normal 0.000130197 -0.207843 0.978162
    outer loop
      vertex 3.96677 -47.0438 13.5636
      vertex 11.2361 -59.6233 10.8897
      vertex 4.33013 -46.5 13.6791
    endloop
  endfacet
  facet normal -0.000115113 -0.207979 0.978133
    outer loop
      vertex 3.53553 -47.5355 13.459
      vertex 11.2361 -59.6233 10.8897
      vertex 3.96677 -47.0438 13.5636
    endloop
  endfacet
  facet normal 9.46597e-05 -0.207851 0.978161
    outer loop
      vertex 3.04381 -47.9668 13.3674
      vertex 11.2361 -59.6233 10.8897
      vertex 3.53553 -47.5355 13.459
    endloop
  endfacet
  facet normal -9.4403e-05 -0.207978 0.978134
    outer loop
      vertex 2.5 -48.3301 13.2901
      vertex 11.2361 -59.6233 10.8897
      vertex 3.04381 -47.9668 13.3674
    endloop
  endfacet
  facet normal 0.000110436 -0.207826 0.978166
    outer loop
      vertex 1.91342 -48.6194 13.2287
      vertex 11.2361 -59.6233 10.8897
      vertex 2.5 -48.3301 13.2901
    endloop
  endfacet
  facet normal -2.41376e-05 -0.207935 0.978143
    outer loop
      vertex 1.2941 -48.8296 13.184
      vertex 11.2361 -59.6233 10.8897
      vertex 1.91342 -48.6194 13.2287
    endloop
  endfacet
  facet normal -9.98088e-05 -0.208002 0.978128
    outer loop
      vertex 0.652631 -48.9572 13.1568
      vertex 11.2361 -59.6233 10.8897
      vertex 1.2941 -48.8296 13.184
    endloop
  endfacet
  facet normal 0.000136815 -0.207777 0.978176
    outer loop
      vertex 0 -49 13.1478
      vertex 11.2361 -59.6233 10.8897
      vertex 0.652631 -48.9572 13.1568
    endloop
  endfacet
  facet normal -0.000136815 -0.207777 0.978176
    outer loop
      vertex -11.2361 -59.6233 10.8897
      vertex 0 -49 13.1478
      vertex -0.652631 -48.9572 13.1568
    endloop
  endfacet
  facet normal 9.98088e-05 -0.208002 0.978128
    outer loop
      vertex -11.2361 -59.6233 10.8897
      vertex -0.652631 -48.9572 13.1568
      vertex -1.2941 -48.8296 13.184
    endloop
  endfacet
  facet normal 2.41376e-05 -0.207935 0.978143
    outer loop
      vertex -11.2361 -59.6233 10.8897
      vertex -1.2941 -48.8296 13.184
      vertex -1.91342 -48.6194 13.2287
    endloop
  endfacet
  facet normal -0.000110436 -0.207826 0.978166
    outer loop
      vertex -11.2361 -59.6233 10.8897
      vertex -1.91342 -48.6194 13.2287
      vertex -2.5 -48.3301 13.2901
    endloop
  endfacet
  facet normal 9.4403e-05 -0.207978 0.978134
    outer loop
      vertex -11.2361 -59.6233 10.8897
      vertex -2.5 -48.3301 13.2901
      vertex -3.04381 -47.9668 13.3674
    endloop
  endfacet
  facet normal 5.14507e-06 -0.207912 0.978148
    outer loop
      vertex -11.2361 -59.6233 10.8897
      vertex -5 -44 14.2105
      vertex -8.52571 -32.1223 16.7352
    endloop
  endfacet
  facet normal -4.17785e-05 -0.207894 0.978151
    outer loop
      vertex -5 -44 14.2105
      vertex -11.2361 -59.6233 10.8897
      vertex -4.95722 -44.6526 14.0718
    endloop
  endfacet
  facet normal 0 -0.207916 0.978147
    outer loop
      vertex 0 -49 13.1478
      vertex -11.2361 -59.6233 10.8897
      vertex 11.2361 -59.6233 10.8897
    endloop
  endfacet
  facet normal -9.46597e-05 -0.207851 0.978161
    outer loop
      vertex -3.53553 -47.5355 13.459
      vertex -11.2361 -59.6233 10.8897
      vertex -3.04381 -47.9668 13.3674
    endloop
  endfacet
  facet normal 0.000115113 -0.207979 0.978133
    outer loop
      vertex -3.96677 -47.0438 13.5636
      vertex -11.2361 -59.6233 10.8897
      vertex -3.53553 -47.5355 13.459
    endloop
  endfacet
  facet normal -0.000130197 -0.207843 0.978162
    outer loop
      vertex -4.33013 -46.5 13.6791
      vertex -11.2361 -59.6233 10.8897
      vertex -3.96677 -47.0438 13.5636
    endloop
  endfacet
  facet normal 2.66088e-05 -0.207922 0.978145
    outer loop
      vertex -4.6194 -45.9134 13.8038
      vertex -11.2361 -59.6233 10.8897
      vertex -4.33013 -46.5 13.6791
    endloop
  endfacet
  facet normal 0.000124958 -0.207967 0.978136
    outer loop
      vertex -4.82963 -45.2941 13.9355
      vertex -11.2361 -59.6233 10.8897
      vertex -4.6194 -45.9134 13.8038
    endloop
  endfacet
  facet normal -0.000133552 -0.207857 0.978159
    outer loop
      vertex -4.95722 -44.6526 14.0718
      vertex -11.2361 -59.6233 10.8897
      vertex -4.82963 -45.2941 13.9355
    endloop
  endfacet
  facet normal 0.000123637 -0.20803 0.978122
    outer loop
      vertex 10.0178 -60.815 10.6364
      vertex 11.2361 -59.6233 10.8897
      vertex 9.3 -61.2842 10.5367
    endloop
  endfacet
  facet normal -0.300259 0.748224 -0.591613
    outer loop
      vertex 8.52571 -74.9848 73.1565
      vertex 3.06667 -66.9298 86.1144
      vertex 9.3 -74.6113 73.2359
    endloop
  endfacet
  facet normal -0.300127 0.748288 -0.591598
    outer loop
      vertex 3.06667 -66.9298 86.1144
      vertex 8.52571 -74.9848 73.1565
      vertex 3.00214 -66.9609 86.1078
    endloop
  endfacet
  facet normal -0.659335 0.73542 0.156319
    outer loop
      vertex 10.6669 -73.5854 73.454
      vertex 10.6669 -60.2582 10.7547
      vertex 10.0178 -60.815 10.6364
    endloop
  endfacet
  facet normal 0.000609625 -0.208505 0.978021
    outer loop
      vertex 10.6669 -60.2582 10.7547
      vertex 11.2361 -59.6233 10.8897
      vertex 10.0178 -60.815 10.6364
    endloop
  endfacet
  facet normal -0.518093 -0.29346 -0.803406
    outer loop
      vertex 11.2361 -47.4838 79.0021
      vertex 4.03473 -58.9089 87.8193
      vertex 3.79755 -58.6443 87.8756
    endloop
  endfacet
  facet normal -0.30151 -0.442207 -0.844715
    outer loop
      vertex 3.00214 -58.0473 88.0025
      vertex 9.3 -45.8229 79.3551
      vertex 3.06667 -58.0785 87.9958
    endloop
  endfacet
  facet normal -0.300274 -0.442899 -0.844793
    outer loop
      vertex 9.3 -45.8229 79.3551
      vertex 3.00214 -58.0473 88.0025
      vertex 8.52571 -45.4494 79.4345
    endloop
  endfacet
  facet normal -0.896875 -0.432619 -0.0919558
    outer loop
      vertex 12.0976 -35.6161 15.9926
      vertex 11.7158 -48.1859 78.8528
      vertex 11.7158 -34.8588 16.1536
    endloop
  endfacet
  facet normal -0.896897 -0.432575 -0.0919471
    outer loop
      vertex 11.7158 -48.1859 78.8528
      vertex 12.0976 -35.6161 15.9926
      vertex 12.0976 -48.9433 78.6918
    endloop
  endfacet
  facet normal -0.000668374 -0.208272 0.978071
    outer loop
      vertex 12.0976 -35.6161 15.9926
      vertex 11.7158 -34.8588 16.1536
      vertex 11.2361 -34.1566 16.3028
    endloop
  endfacet
  facet normal -0.555616 -0.81327 -0.172867
    outer loop
      vertex 10.0178 -32.9649 16.5561
      vertex 10.0178 -46.2921 79.2554
      vertex 9.3 -45.8229 79.3551
    endloop
  endfacet
  facet normal -0.659335 -0.73542 -0.156319
    outer loop
      vertex 10.6669 -33.5217 16.4378
      vertex 10.6669 -46.8489 79.137
      vertex 10.0178 -32.9649 16.5561
    endloop
  endfacet
  facet normal -0.442297 -0.87727 -0.186469
    outer loop
      vertex 9.3 -45.8229 79.3551
      vertex 8.52571 -45.4494 79.4345
      vertex 8.52571 -32.1223 16.7352
    endloop
  endfacet
  facet normal -0.321501 -0.926217 -0.196873
    outer loop
      vertex 8.52571 -32.1223 16.7352
      vertex 8.52571 -45.4494 79.4345
      vertex 7.70821 -31.8508 16.7929
    endloop
  endfacet
  facet normal -0.135481 0.81629 -0.561529
    outer loop
      vertex 2.27077 -67.2523 86.0459
      vertex 7.70821 -75.2562 73.0988
      vertex 1.91796 -67.3209 86.0313
    endloop
  endfacet
  facet normal -0.376453 0.704056 -0.602152
    outer loop
      vertex 3.42558 -66.6952 86.1643
      vertex 10.0178 -74.1422 73.3357
      vertex 3.12649 -66.8907 86.1227
    endloop
  endfacet
  facet normal -0.449034 0.653044 -0.609837
    outer loop
      vertex 3.69603 -66.4632 86.2136
      vertex 10.0178 -74.1422 73.3357
      vertex 3.42558 -66.6952 86.1643
    endloop
  endfacet
  facet normal 0.13555 -0.517293 -0.845005
    outer loop
      vertex -1.91796 -57.6874 88.079
      vertex -2.27077 -57.756 88.0644
      vertex -7.70821 -45.178 79.4922
    endloop
  endfacet
  facet normal 0.220202 -0.482556 -0.847732
    outer loop
      vertex -2.27077 -57.756 88.0644
      vertex -2.6114 -57.8691 88.0403
      vertex -7.70821 -45.178 79.4922
    endloop
  endfacet
  facet normal 0.376446 -0.398277 -0.836459
    outer loop
      vertex -10.0178 -46.2921 79.2554
      vertex -3.06667 -58.0785 87.9958
      vertex -3.12648 -58.1176 87.9875
    endloop
  endfacet
  facet normal 0.376497 -0.398243 -0.836452
    outer loop
      vertex -3.06667 -58.0785 87.9958
      vertex -10.0178 -46.2921 79.2554
      vertex -9.3 -45.8229 79.3551
    endloop
  endfacet
  facet normal 0.442297 -0.87727 -0.186469
    outer loop
      vertex -8.52571 -32.1223 16.7352
      vertex -8.52571 -45.4494 79.4345
      vertex -9.3 -45.8229 79.3551
    endloop
  endfacet
  facet normal -1.63661e-05 -0.207886 0.978153
    outer loop
      vertex -9.3 -32.4958 16.6558
      vertex -11.2361 -34.1566 16.3028
      vertex -12.0976 -35.6161 15.9926
    endloop
  endfacet
  facet normal 0.659335 -0.73542 -0.156319
    outer loop
      vertex -10.0178 -32.9649 16.5561
      vertex -10.6669 -46.8489 79.137
      vertex -10.6669 -33.5217 16.4378
    endloop
  endfacet
  facet normal 0.980794 0.190786 0.040553
    outer loop
      vertex -12.5435 -69.8631 74.2452
      vertex -12.3751 -57.3642 11.3699
      vertex -12.5435 -56.5359 11.5459
    endloop
  endfacet
  facet normal 0.980789 0.190808 0.0405573
    outer loop
      vertex -12.3751 -57.3642 11.3699
      vertex -12.5435 -69.8631 74.2452
      vertex -12.3751 -70.6913 74.0692
    endloop
  endfacet
  facet normal 0.94694 0.314387 0.0668249
    outer loop
      vertex -12.3751 -70.6913 74.0692
      vertex -12.0976 -71.491 73.8992
      vertex -12.3751 -57.3642 11.3699
    endloop
  endfacet
  facet normal 1 0 0
    outer loop
      vertex -12.6 -51.4138 78.1667
      vertex -12.6 -55.6933 11.725
      vertex -12.6 -38.0866 15.4675
    endloop
  endfacet
  facet normal 1 0 -0
    outer loop
      vertex -12.6 -55.6933 11.725
      vertex -12.6 -51.4138 78.1667
      vertex -12.6 -69.0204 74.4243
    endloop
  endfacet
  facet normal 0.997856 -0.0640182 -0.0136076
    outer loop
      vertex -12.5435 -37.244 15.6466
      vertex -12.6 -51.4138 78.1667
      vertex -12.6 -38.0866 15.4675
    endloop
  endfacet
  facet normal 0.300073 -0.443 -0.844812
    outer loop
      vertex -2.67952 -57.8917 88.0355
      vertex -3.00214 -58.0473 88.0025
      vertex -8.52571 -45.4494 79.4345
    endloop
  endfacet
  facet normal 0.449356 -0.348305 -0.822656
    outer loop
      vertex -10.6669 -46.8489 79.137
      vertex -3.69603 -58.545 87.8967
      vertex -3.75012 -58.5914 87.8868
    endloop
  endfacet
  facet normal 0.449049 -0.34854 -0.822724
    outer loop
      vertex -3.69603 -58.545 87.8967
      vertex -10.6669 -46.8489 79.137
      vertex -10.0178 -46.2921 79.2554
    endloop
  endfacet
  facet normal 0.980789 -0.190808 -0.0405573
    outer loop
      vertex -12.3751 -49.7429 78.5219
      vertex -12.5435 -37.244 15.6466
      vertex -12.3751 -36.4158 15.8226
    endloop
  endfacet
  facet normal 0.98079 -0.190803 -0.0405564
    outer loop
      vertex -12.5435 -37.244 15.6466
      vertex -12.3751 -49.7429 78.5219
      vertex -12.5435 -50.5711 78.3458
    endloop
  endfacet
  facet normal 0.644449 -0.166249 -0.746355
    outer loop
      vertex -4.30637 -59.3231 87.7313
      vertex -4.46547 -59.6386 87.6642
      vertex -12.0976 -48.9433 78.6918
    endloop
  endfacet
  facet normal 0.000668374 -0.208272 0.978071
    outer loop
      vertex -11.2361 -34.1566 16.3028
      vertex -11.7158 -34.8588 16.1536
      vertex -12.0976 -35.6161 15.9926
    endloop
  endfacet
  facet normal -0.448995 -0.348577 -0.822738
    outer loop
      vertex 10.0178 -46.2921 79.2554
      vertex 3.69603 -58.545 87.8967
      vertex 3.42558 -58.313 87.946
    endloop
  endfacet
  facet normal -0.644449 -0.166249 -0.746355
    outer loop
      vertex 12.0976 -48.9433 78.6918
      vertex 4.46547 -59.6386 87.6642
      vertex 4.30637 -59.3231 87.7313
    endloop
  endfacet
  facet normal 0.517932 0.595014 -0.614577
    outer loop
      vertex -11.2361 -72.9505 73.589
      vertex -3.75012 -66.4168 86.2235
      vertex -10.6669 -73.5854 73.454
    endloop
  endfacet
  facet normal 0.518208 0.594747 -0.614602
    outer loop
      vertex -3.75012 -66.4168 86.2235
      vertex -11.2361 -72.9505 73.589
      vertex -3.79755 -66.3639 86.2347
    endloop
  endfacet
  facet normal 0.448759 0.653247 -0.609823
    outer loop
      vertex -10.0178 -74.1422 73.3357
      vertex -3.75012 -66.4168 86.2235
      vertex -3.69603 -66.4632 86.2136
    endloop
  endfacet
  facet normal 0.449038 0.653043 -0.609836
    outer loop
      vertex -3.75012 -66.4168 86.2235
      vertex -10.0178 -74.1422 73.3357
      vertex -10.6669 -73.5854 73.454
    endloop
  endfacet
  facet normal 0.442297 0.87727 0.186469
    outer loop
      vertex -9.3 -74.6113 73.2359
      vertex -8.52571 -74.9848 73.1565
      vertex -9.3 -61.2842 10.5367
    endloop
  endfacet
  facet normal 0 0.847781 -0.530347
    outer loop
      vertex 6 -75.4762 73.0521
      vertex -1.41667 -67.3623 86.0225
      vertex 1.41667 -67.3623 86.0225
    endloop
  endfacet
  facet normal 0 0.847781 -0.530347
    outer loop
      vertex -1.41667 -67.3623 86.0225
      vertex 6 -75.4762 73.0521
      vertex -6 -75.4762 73.0521
    endloop
  endfacet
  facet normal -0.555554 0.81331 0.172875
    outer loop
      vertex 10.0178 -60.815 10.6364
      vertex 9.3 -74.6113 73.2359
      vertex 10.0178 -74.1422 73.3357
    endloop
  endfacet
  facet normal -0.555616 0.81327 0.172866
    outer loop
      vertex 9.3 -74.6113 73.2359
      vertex 10.0178 -60.815 10.6364
      vertex 9.3 -61.2842 10.5367
    endloop
  endfacet
  facet normal -0.831426 -0.543494 -0.115523
    outer loop
      vertex 11.7158 -34.8588 16.1536
      vertex 11.7158 -48.1859 78.8528
      vertex 11.2361 -47.4838 79.0021
    endloop
  endfacet
  facet normal -0.0463955 0.839416 -0.541505
    outer loop
      vertex 1.8474 -67.3347 86.0284
      vertex 6.86147 -75.421 73.0638
      vertex 1.48846 -67.3577 86.0235
    endloop
  endfacet
  facet normal -0.517929 0.595016 -0.614578
    outer loop
      vertex 4.03473 -66.0994 86.2909
      vertex 11.2361 -72.9505 73.589
      vertex 3.79755 -66.3639 86.2347
    endloop
  endfacet
  facet normal -0.583221 0.529331 -0.616167
    outer loop
      vertex 4.23458 -65.8068 86.3531
      vertex 11.2361 -72.9505 73.589
      vertex 4.03473 -66.0994 86.2909
    endloop
  endfacet
  facet normal 0.555538 -0.813321 -0.172876
    outer loop
      vertex -9.3 -32.4958 16.6558
      vertex -9.3 -45.8229 79.3551
      vertex -10.0178 -32.9649 16.5561
    endloop
  endfacet
  facet normal 0.442297 -0.87727 -0.186469
    outer loop
      vertex -8.52571 -32.1223 16.7352
      vertex -9.3 -45.8229 79.3551
      vertex -9.3 -32.4958 16.6558
    endloop
  endfacet
  facet normal 0.448995 -0.348577 -0.822738
    outer loop
      vertex -3.42558 -58.313 87.946
      vertex -3.69603 -58.545 87.8967
      vertex -10.0178 -46.2921 79.2554
    endloop
  endfacet
  facet normal 0.751863 -0.644912 -0.137081
    outer loop
      vertex -10.6669 -46.8489 79.137
      vertex -11.2361 -34.1566 16.3028
      vertex -10.6669 -33.5217 16.4378
    endloop
  endfacet
  facet normal 0.751852 -0.644923 -0.137083
    outer loop
      vertex -11.2361 -34.1566 16.3028
      vertex -10.6669 -46.8489 79.137
      vertex -11.2361 -47.4838 79.0021
    endloop
  endfacet
  facet normal 0.751752 -0.0126223 -0.659325
    outer loop
      vertex -4.61826 -60.1075 87.5646
      vertex -4.68843 -60.4526 87.4912
      vertex -12.5435 -50.5711 78.3458
    endloop
  endfacet
  facet normal 0.376312 -0.398368 -0.836476
    outer loop
      vertex -3.12648 -58.1176 87.9875
      vertex -3.42558 -58.313 87.946
      vertex -10.0178 -46.2921 79.2554
    endloop
  endfacet
  facet normal 0.06536 -0.976056 -0.207467
    outer loop
      vertex -6.86147 -45.0132 79.5272
      vertex -6 -31.6309 16.8397
      vertex -6 -44.958 79.5389
    endloop
  endfacet
  facet normal 0.065384 -0.976055 -0.207466
    outer loop
      vertex -6 -31.6309 16.8397
      vertex -6.86147 -45.0132 79.5272
      vertex -6.86147 -31.6861 16.8279
    endloop
  endfacet
  facet normal -0.135604 -0.517271 -0.84501
    outer loop
      vertex 1.91796 -57.6874 88.079
      vertex 6.86147 -45.0132 79.5272
      vertex 7.70821 -45.178 79.4922
    endloop
  endfacet
  facet normal -0.135878 -0.517174 -0.845025
    outer loop
      vertex 6.86147 -45.0132 79.5272
      vertex 1.91796 -57.6874 88.079
      vertex 1.8474 -57.6736 88.0819
    endloop
  endfacet
  facet normal -0.195144 -0.959342 -0.203915
    outer loop
      vertex 7.70821 -31.8508 16.7929
      vertex 7.70821 -45.178 79.4922
      vertex 6.86147 -45.0132 79.5272
    endloop
  endfacet
  facet normal -0.300073 -0.443 -0.844812
    outer loop
      vertex 8.52571 -45.4494 79.4345
      vertex 3.00214 -58.0473 88.0025
      vertex 2.67952 -57.8917 88.0355
    endloop
  endfacet
  facet normal -0.449356 -0.348305 -0.822656
    outer loop
      vertex 3.69603 -58.545 87.8967
      vertex 10.6669 -46.8489 79.137
      vertex 3.75012 -58.5914 87.8868
    endloop
  endfacet
  facet normal -0.449049 -0.34854 -0.822724
    outer loop
      vertex 10.6669 -46.8489 79.137
      vertex 3.69603 -58.545 87.8967
      vertex 10.0178 -46.2921 79.2554
    endloop
  endfacet
  facet normal -0.13555 -0.517293 -0.845005
    outer loop
      vertex 7.70821 -45.178 79.4922
      vertex 2.27077 -57.756 88.0644
      vertex 1.91796 -57.6874 88.079
    endloop
  endfacet
  facet normal 0.751677 0.279862 -0.59721
    outer loop
      vertex -4.68843 -64.5557 86.6191
      vertex -4.61826 -64.9008 86.5457
      vertex -12.5435 -69.8631 74.2452
    endloop
  endfacet
  facet normal 0.376453 0.704056 -0.602152
    outer loop
      vertex -3.42558 -66.6952 86.1643
      vertex -3.12649 -66.8907 86.1227
      vertex -10.0178 -74.1422 73.3357
    endloop
  endfacet
  facet normal 0.135481 0.81629 -0.561529
    outer loop
      vertex -2.27077 -67.2523 86.0459
      vertex -1.91796 -67.3209 86.0313
      vertex -7.70821 -75.2562 73.0988
    endloop
  endfacet
  facet normal 0.1365 0.815979 -0.561735
    outer loop
      vertex -6.86147 -75.421 73.0638
      vertex -1.91796 -67.3209 86.0313
      vertex -1.8474 -67.3347 86.0284
    endloop
  endfacet
  facet normal 0.13565 0.816234 -0.56157
    outer loop
      vertex -1.91796 -67.3209 86.0313
      vertex -6.86147 -75.421 73.0638
      vertex -7.70821 -75.2562 73.0988
    endloop
  endfacet
  facet normal 0.518093 -0.29346 -0.803406
    outer loop
      vertex -3.79755 -58.6443 87.8756
      vertex -4.03473 -58.9089 87.8193
      vertex -11.2361 -47.4838 79.0021
    endloop
  endfacet
  facet normal 0.517579 -0.293929 -0.803565
    outer loop
      vertex -11.2361 -47.4838 79.0021
      vertex -3.75012 -58.5914 87.8868
      vertex -3.79755 -58.6443 87.8756
    endloop
  endfacet
  facet normal 0.517923 -0.293613 -0.80346
    outer loop
      vertex -3.75012 -58.5914 87.8868
      vertex -11.2361 -47.4838 79.0021
      vertex -10.6669 -46.8489 79.137
    endloop
  endfacet
  facet normal 0.583193 -0.23298 -0.778207
    outer loop
      vertex -4.03473 -58.9089 87.8193
      vertex -4.23458 -59.2014 87.7571
      vertex -11.2361 -47.4838 79.0021
    endloop
  endfacet
  facet normal -0.0464376 -0.546579 -0.836119
    outer loop
      vertex 6.86147 -45.0132 79.5272
      vertex 1.8474 -57.6736 88.0819
      vertex 1.48846 -57.6506 88.0868
    endloop
  endfacet
  facet normal 0.0466658 -0.546519 -0.836145
    outer loop
      vertex -1.48846 -57.6506 88.0868
      vertex -6 -44.958 79.5389
      vertex -1.41667 -57.646 88.0878
    endloop
  endfacet
  facet normal 0.0463796 -0.546597 -0.83611
    outer loop
      vertex -6 -44.958 79.5389
      vertex -1.48846 -57.6506 88.0868
      vertex -6.86147 -45.0132 79.5272
    endloop
  endfacet
  facet normal -0.376312 -0.398368 -0.836476
    outer loop
      vertex 10.0178 -46.2921 79.2554
      vertex 3.42558 -58.313 87.946
      vertex 3.12648 -58.1176 87.9875
    endloop
  endfacet
  facet normal -0.376446 -0.398277 -0.836459
    outer loop
      vertex 3.06667 -58.0785 87.9958
      vertex 10.0178 -46.2921 79.2554
      vertex 3.12648 -58.1176 87.9875
    endloop
  endfacet
  facet normal -0.376497 -0.398243 -0.836452
    outer loop
      vertex 10.0178 -46.2921 79.2554
      vertex 3.06667 -58.0785 87.9958
      vertex 9.3 -45.8229 79.3551
    endloop
  endfacet
  facet normal -0.220202 -0.482556 -0.847732
    outer loop
      vertex 7.70821 -45.178 79.4922
      vertex 2.6114 -57.8691 88.0403
      vertex 2.27077 -57.756 88.0644
    endloop
  endfacet
  facet normal 0.583221 0.529331 -0.616167
    outer loop
      vertex -4.23458 -65.8068 86.3531
      vertex -4.03473 -66.0994 86.2909
      vertex -11.2361 -72.9505 73.589
    endloop
  endfacet
  facet normal 0.831426 -0.543494 -0.115523
    outer loop
      vertex -11.2361 -47.4838 79.0021
      vertex -11.7158 -48.1859 78.8528
      vertex -11.7158 -34.8588 16.1536
    endloop
  endfacet
  facet normal 0.896875 -0.432619 -0.0919558
    outer loop
      vertex -11.7158 -48.1859 78.8528
      vertex -12.0976 -35.6161 15.9926
      vertex -11.7158 -34.8588 16.1536
    endloop
  endfacet
  facet normal 0.896897 -0.432575 -0.0919471
    outer loop
      vertex -12.0976 -35.6161 15.9926
      vertex -11.7158 -48.1859 78.8528
      vertex -12.0976 -48.9433 78.6918
    endloop
  endfacet
  facet normal -0.751732 -0.0126547 -0.659347
    outer loop
      vertex 12.5435 -50.5711 78.3458
      vertex 4.60422 -60.0385 87.5792
      vertex 12.3751 -49.7429 78.5219
    endloop
  endfacet
  facet normal -0.751395 -0.0132998 -0.659719
    outer loop
      vertex 4.60422 -60.0385 87.5792
      vertex 12.5435 -50.5711 78.3458
      vertex 4.61826 -60.1075 87.5646
    endloop
  endfacet
  facet normal -0.701245 -0.0925794 -0.706883
    outer loop
      vertex 4.5811 -59.9718 87.5934
      vertex 12.3751 -49.7429 78.5219
      vertex 4.60422 -60.0385 87.5792
    endloop
  endfacet
  facet normal -0.70095 -0.093014 -0.707119
    outer loop
      vertex 12.3751 -49.7429 78.5219
      vertex 4.5811 -59.9718 87.5934
      vertex 12.0976 -48.9433 78.6918
    endloop
  endfacet
  facet normal 0.75154 0.280161 -0.597242
    outer loop
      vertex -4.60422 -64.9698 86.531
      vertex -12.5435 -69.8631 74.2452
      vertex -4.61826 -64.9008 86.5457
    endloop
  endfacet
  facet normal 0.751722 0.27976 -0.5972
    outer loop
      vertex -12.5435 -69.8631 74.2452
      vertex -4.60422 -64.9698 86.531
      vertex -12.3751 -70.6913 74.0692
    endloop
  endfacet
  facet normal 0.701482 0.371697 -0.608082
    outer loop
      vertex -4.5811 -65.0365 86.5169
      vertex -12.3751 -70.6913 74.0692
      vertex -4.60422 -64.9698 86.531
    endloop
  endfacet
  facet normal 0.700986 0.372526 -0.608148
    outer loop
      vertex -12.3751 -70.6913 74.0692
      vertex -4.5811 -65.0365 86.5169
      vertex -12.0976 -71.491 73.8992
    endloop
  endfacet
  facet normal 0.583119 -0.233056 -0.778239
    outer loop
      vertex -11.7158 -48.1859 78.8528
      vertex -4.23458 -59.2014 87.7571
      vertex -4.27455 -59.26 87.7447
    endloop
  endfacet
  facet normal 0.583196 -0.232977 -0.778206
    outer loop
      vertex -4.23458 -59.2014 87.7571
      vertex -11.7158 -48.1859 78.8528
      vertex -11.2361 -47.4838 79.0021
    endloop
  endfacet
  facet normal 0.644324 -0.166406 -0.746429
    outer loop
      vertex -12.0976 -48.9433 78.6918
      vertex -4.27455 -59.26 87.7447
      vertex -4.30637 -59.3231 87.7313
    endloop
  endfacet
  facet normal 0.644469 -0.166222 -0.746344
    outer loop
      vertex -4.27455 -59.26 87.7447
      vertex -12.0976 -48.9433 78.6918
      vertex -11.7158 -48.1859 78.8528
    endloop
  endfacet
  facet normal -0.700959 -0.0930021 -0.707112
    outer loop
      vertex 12.0976 -48.9433 78.6918
      vertex 4.5811 -59.9718 87.5934
      vertex 4.46547 -59.6386 87.6642
    endloop
  endfacet
  facet normal -0.751752 -0.0126223 -0.659325
    outer loop
      vertex 12.5435 -50.5711 78.3458
      vertex 4.68843 -60.4526 87.4912
      vertex 4.61826 -60.1075 87.5646
    endloop
  endfacet
  facet normal -0.195096 -0.980784 0
    outer loop
      vertex 0.652631 -39.0428 0
      vertex 1.2941 -39.1704 15.2371
      vertex 0.652631 -39.0428 15.2642
    endloop
  endfacet
  facet normal -0.195096 -0.980784 -0
    outer loop
      vertex 1.2941 -39.1704 15.2371
      vertex 0.652631 -39.0428 0
      vertex 1.2941 -39.1704 0
    endloop
  endfacet
  facet normal -0.980789 0.195072 0
    outer loop
      vertex 4.82963 -45.2941 13.9355
      vertex 4.95722 -44.6526 0
      vertex 4.82963 -45.2941 0
    endloop
  endfacet
  facet normal -0.980789 0.195072 0
    outer loop
      vertex 4.95722 -44.6526 0
      vertex 4.82963 -45.2941 13.9355
      vertex 4.95722 -44.6526 14.0718
    endloop
  endfacet
  facet normal -0.997858 0.0654128 0
    outer loop
      vertex 4.95722 -44.6526 14.0718
      vertex 5 -44 0
      vertex 4.95722 -44.6526 0
    endloop
  endfacet
  facet normal -0.997858 0.0654128 0
    outer loop
      vertex 5 -44 0
      vertex 4.95722 -44.6526 14.0718
      vertex 5 -44 14.2105
    endloop
  endfacet
  facet normal 0.555504 0.831514 0
    outer loop
      vertex -3.04381 -47.9668 0
      vertex -2.5 -48.3301 13.2901
      vertex -2.5 -48.3301 0
    endloop
  endfacet
  facet normal 0.555504 0.831514 0
    outer loop
      vertex -2.5 -48.3301 13.2901
      vertex -3.04381 -47.9668 0
      vertex -3.04381 -47.9668 13.3674
    endloop
  endfacet
  facet normal 0.0654401 -0.997856 0
    outer loop
      vertex 0 -39 0
      vertex -0.652631 -39.0428 15.2642
      vertex -0.652631 -39.0428 0
    endloop
  endfacet
  facet normal 0.0654401 -0.997856 0
    outer loop
      vertex -0.652631 -39.0428 15.2642
      vertex 0 -39 0
      vertex 0 -39 15.2733
    endloop
  endfacet
  facet normal 0.195096 -0.980784 0
    outer loop
      vertex -0.652631 -39.0428 0
      vertex -1.2941 -39.1704 15.2371
      vertex -1.2941 -39.1704 0
    endloop
  endfacet
  facet normal 0.195096 -0.980784 0
    outer loop
      vertex -1.2941 -39.1704 15.2371
      vertex -0.652631 -39.0428 0
      vertex -0.652631 -39.0428 15.2642
    endloop
  endfacet
  facet normal 0.321397 -0.946944 0
    outer loop
      vertex -1.2941 -39.1704 0
      vertex -1.91342 -39.3806 15.1924
      vertex -1.91342 -39.3806 0
    endloop
  endfacet
  facet normal 0.321397 -0.946944 0
    outer loop
      vertex -1.91342 -39.3806 15.1924
      vertex -1.2941 -39.1704 0
      vertex -1.2941 -39.1704 15.2371
    endloop
  endfacet
  facet normal -0.946927 -0.321448 -0
    outer loop
      vertex 4.82963 -42.7059 14.4856
      vertex 4.6194 -42.0866 0
      vertex 4.82963 -42.7059 0
    endloop
  endfacet
  facet normal -0.946927 -0.321448 0
    outer loop
      vertex 4.6194 -42.0866 0
      vertex 4.82963 -42.7059 14.4856
      vertex 4.6194 -42.0866 14.6172
    endloop
  endfacet
  facet normal 0.831466 0.555575 0
    outer loop
      vertex -3.96677 -47.0438 13.5636
      vertex -4.33013 -46.5 0
      vertex -4.33013 -46.5 13.6791
    endloop
  endfacet
  facet normal 0.831466 0.555575 0
    outer loop
      vertex -4.33013 -46.5 0
      vertex -3.96677 -47.0438 13.5636
      vertex -3.96677 -47.0438 0
    endloop
  endfacet
  facet normal -0.980789 -0.195072 -0
    outer loop
      vertex 4.95722 -43.3474 14.3493
      vertex 4.82963 -42.7059 0
      vertex 4.95722 -43.3474 0
    endloop
  endfacet
  facet normal -0.980789 -0.195072 0
    outer loop
      vertex 4.82963 -42.7059 0
      vertex 4.95722 -43.3474 14.3493
      vertex 4.82963 -42.7059 14.4856
    endloop
  endfacet
  facet normal 0.659409 0.751784 0
    outer loop
      vertex -3.53553 -47.5355 0
      vertex -3.04381 -47.9668 13.3674
      vertex -3.04381 -47.9668 0
    endloop
  endfacet
  facet normal 0.659409 0.751784 0
    outer loop
      vertex -3.04381 -47.9668 13.3674
      vertex -3.53553 -47.5355 0
      vertex -3.53553 -47.5355 13.459
    endloop
  endfacet
  facet normal -0.659409 -0.751784 0
    outer loop
      vertex 3.04381 -40.0332 0
      vertex 3.53553 -40.4645 14.962
      vertex 3.04381 -40.0332 15.0537
    endloop
  endfacet
  facet normal -0.659409 -0.751784 -0
    outer loop
      vertex 3.53553 -40.4645 14.962
      vertex 3.04381 -40.0332 0
      vertex 3.53553 -40.4645 0
    endloop
  endfacet
  facet normal 0.980789 -0.195072 0
    outer loop
      vertex -4.95722 -43.3474 14.3493
      vertex -4.82963 -42.7059 0
      vertex -4.82963 -42.7059 14.4856
    endloop
  endfacet
  facet normal 0.980789 -0.195072 0
    outer loop
      vertex -4.82963 -42.7059 0
      vertex -4.95722 -43.3474 14.3493
      vertex -4.95722 -43.3474 0
    endloop
  endfacet
  facet normal 0.980789 0.195072 0
    outer loop
      vertex -4.82963 -45.2941 13.9355
      vertex -4.95722 -44.6526 0
      vertex -4.95722 -44.6526 14.0718
    endloop
  endfacet
  facet normal 0.980789 0.195072 0
    outer loop
      vertex -4.95722 -44.6526 0
      vertex -4.82963 -45.2941 13.9355
      vertex -4.82963 -45.2941 0
    endloop
  endfacet
  facet normal -0.0654401 -0.997856 0
    outer loop
      vertex 0 -39 0
      vertex 0.652631 -39.0428 15.2642
      vertex 0 -39 15.2733
    endloop
  endfacet
  facet normal -0.0654401 -0.997856 -0
    outer loop
      vertex 0.652631 -39.0428 15.2642
      vertex 0 -39 0
      vertex 0.652631 -39.0428 0
    endloop
  endfacet
  facet normal 0.997858 -0.0654128 0
    outer loop
      vertex -5 -44 14.2105
      vertex -4.95722 -43.3474 0
      vertex -4.95722 -43.3474 14.3493
    endloop
  endfacet
  facet normal 0.997858 -0.0654128 0
    outer loop
      vertex -4.95722 -43.3474 0
      vertex -5 -44 14.2105
      vertex -5 -44 0
    endloop
  endfacet
  facet normal -0.831466 0.555575 0
    outer loop
      vertex 3.96677 -47.0438 13.5636
      vertex 4.33013 -46.5 0
      vertex 3.96677 -47.0438 0
    endloop
  endfacet
  facet normal -0.831466 0.555575 0
    outer loop
      vertex 4.33013 -46.5 0
      vertex 3.96677 -47.0438 13.5636
      vertex 4.33013 -46.5 13.6791
    endloop
  endfacet
  facet normal 0.442327 0.896854 0
    outer loop
      vertex -2.5 -48.3301 0
      vertex -1.91342 -48.6194 13.2287
      vertex -1.91342 -48.6194 0
    endloop
  endfacet
  facet normal 0.442327 0.896854 0
    outer loop
      vertex -1.91342 -48.6194 13.2287
      vertex -2.5 -48.3301 0
      vertex -2.5 -48.3301 13.2901
    endloop
  endfacet
  facet normal -0.321397 -0.946944 0
    outer loop
      vertex 1.2941 -39.1704 0
      vertex 1.91342 -39.3806 15.1924
      vertex 1.2941 -39.1704 15.2371
    endloop
  endfacet
  facet normal -0.321397 -0.946944 -0
    outer loop
      vertex 1.91342 -39.3806 15.1924
      vertex 1.2941 -39.1704 0
      vertex 1.91342 -39.3806 0
    endloop
  endfacet
  facet normal -0.659409 0.751784 0
    outer loop
      vertex 3.53553 -47.5355 0
      vertex 3.04381 -47.9668 13.3674
      vertex 3.53553 -47.5355 13.459
    endloop
  endfacet
  facet normal -0.659409 0.751784 0
    outer loop
      vertex 3.04381 -47.9668 13.3674
      vertex 3.53553 -47.5355 0
      vertex 3.04381 -47.9668 0
    endloop
  endfacet
  facet normal -0.442327 0.896854 0
    outer loop
      vertex 2.5 -48.3301 0
      vertex 1.91342 -48.6194 13.2287
      vertex 2.5 -48.3301 13.2901
    endloop
  endfacet
  facet normal -0.442327 0.896854 0
    outer loop
      vertex 1.91342 -48.6194 13.2287
      vertex 2.5 -48.3301 0
      vertex 1.91342 -48.6194 0
    endloop
  endfacet
  facet normal 0.831466 -0.555575 0
    outer loop
      vertex -4.33013 -41.5 14.7419
      vertex -3.96677 -40.9562 0
      vertex -3.96677 -40.9562 14.8575
    endloop
  endfacet
  facet normal 0.831466 -0.555575 0
    outer loop
      vertex -3.96677 -40.9562 0
      vertex -4.33013 -41.5 14.7419
      vertex -4.33013 -41.5 0
    endloop
  endfacet
  facet normal -0.896878 -0.442277 -0
    outer loop
      vertex 4.6194 -42.0866 14.6172
      vertex 4.33013 -41.5 0
      vertex 4.6194 -42.0866 0
    endloop
  endfacet
  facet normal -0.896878 -0.442277 0
    outer loop
      vertex 4.33013 -41.5 0
      vertex 4.6194 -42.0866 14.6172
      vertex 4.33013 -41.5 14.7419
    endloop
  endfacet
  facet normal 0.946927 -0.321448 0
    outer loop
      vertex -4.82963 -42.7059 14.4856
      vertex -4.6194 -42.0866 0
      vertex -4.6194 -42.0866 14.6172
    endloop
  endfacet
  facet normal 0.946927 -0.321448 0
    outer loop
      vertex -4.6194 -42.0866 0
      vertex -4.82963 -42.7059 14.4856
      vertex -4.82963 -42.7059 0
    endloop
  endfacet
  facet normal -0.997858 -0.0654128 -0
    outer loop
      vertex 5 -44 14.2105
      vertex 4.95722 -43.3474 0
      vertex 5 -44 0
    endloop
  endfacet
  facet normal -0.997858 -0.0654128 0
    outer loop
      vertex 4.95722 -43.3474 0
      vertex 5 -44 14.2105
      vertex 4.95722 -43.3474 14.3493
    endloop
  endfacet
  facet normal 0.751817 0.659372 0
    outer loop
      vertex -3.53553 -47.5355 13.459
      vertex -3.96677 -47.0438 0
      vertex -3.96677 -47.0438 13.5636
    endloop
  endfacet
  facet normal 0.751817 0.659372 0
    outer loop
      vertex -3.96677 -47.0438 0
      vertex -3.53553 -47.5355 13.459
      vertex -3.53553 -47.5355 0
    endloop
  endfacet
  facet normal -0.555504 0.831514 0
    outer loop
      vertex 3.04381 -47.9668 0
      vertex 2.5 -48.3301 13.2901
      vertex 3.04381 -47.9668 13.3674
    endloop
  endfacet
  facet normal -0.555504 0.831514 0
    outer loop
      vertex 2.5 -48.3301 13.2901
      vertex 3.04381 -47.9668 0
      vertex 2.5 -48.3301 0
    endloop
  endfacet
  facet normal 0.751817 -0.659372 0
    outer loop
      vertex -3.96677 -40.9562 14.8575
      vertex -3.53553 -40.4645 0
      vertex -3.53553 -40.4645 14.962
    endloop
  endfacet
  facet normal 0.751817 -0.659372 0
    outer loop
      vertex -3.53553 -40.4645 0
      vertex -3.96677 -40.9562 14.8575
      vertex -3.96677 -40.9562 0
    endloop
  endfacet
  facet normal -0.442327 -0.896854 0
    outer loop
      vertex 1.91342 -39.3806 0
      vertex 2.5 -39.6699 15.1309
      vertex 1.91342 -39.3806 15.1924
    endloop
  endfacet
  facet normal -0.442327 -0.896854 -0
    outer loop
      vertex 2.5 -39.6699 15.1309
      vertex 1.91342 -39.3806 0
      vertex 2.5 -39.6699 0
    endloop
  endfacet
  facet normal -0.0654401 0.997856 0
    outer loop
      vertex 0.652631 -48.9572 0
      vertex 0 -49 13.1478
      vertex 0.652631 -48.9572 13.1568
    endloop
  endfacet
  facet normal -0.0654401 0.997856 0
    outer loop
      vertex 0 -49 13.1478
      vertex 0.652631 -48.9572 0
      vertex 0 -49 0
    endloop
  endfacet
  facet normal 0.896878 -0.442277 0
    outer loop
      vertex -4.6194 -42.0866 14.6172
      vertex -4.33013 -41.5 0
      vertex -4.33013 -41.5 14.7419
    endloop
  endfacet
  facet normal 0.896878 -0.442277 0
    outer loop
      vertex -4.33013 -41.5 0
      vertex -4.6194 -42.0866 14.6172
      vertex -4.6194 -42.0866 0
    endloop
  endfacet
  facet normal -0.555504 -0.831514 0
    outer loop
      vertex 2.5 -39.6699 0
      vertex 3.04381 -40.0332 15.0537
      vertex 2.5 -39.6699 15.1309
    endloop
  endfacet
  facet normal -0.555504 -0.831514 -0
    outer loop
      vertex 3.04381 -40.0332 15.0537
      vertex 2.5 -39.6699 0
      vertex 3.04381 -40.0332 0
    endloop
  endfacet
  facet normal 0.195096 0.980784 0
    outer loop
      vertex -1.2941 -48.8296 0
      vertex -0.652631 -48.9572 13.1568
      vertex -0.652631 -48.9572 0
    endloop
  endfacet
  facet normal 0.195096 0.980784 0
    outer loop
      vertex -0.652631 -48.9572 13.1568
      vertex -1.2941 -48.8296 0
      vertex -1.2941 -48.8296 13.184
    endloop
  endfacet
  facet normal 0.0654401 0.997856 0
    outer loop
      vertex -0.652631 -48.9572 0
      vertex 0 -49 13.1478
      vertex 0 -49 0
    endloop
  endfacet
  facet normal 0.0654401 0.997856 0
    outer loop
      vertex 0 -49 13.1478
      vertex -0.652631 -48.9572 0
      vertex -0.652631 -48.9572 13.1568
    endloop
  endfacet
  facet normal -0.195096 0.980784 0
    outer loop
      vertex 1.2941 -48.8296 0
      vertex 0.652631 -48.9572 13.1568
      vertex 1.2941 -48.8296 13.184
    endloop
  endfacet
  facet normal -0.195096 0.980784 0
    outer loop
      vertex 0.652631 -48.9572 13.1568
      vertex 1.2941 -48.8296 0
      vertex 0.652631 -48.9572 0
    endloop
  endfacet
  facet normal 0.659409 -0.751784 0
    outer loop
      vertex -3.04381 -40.0332 0
      vertex -3.53553 -40.4645 14.962
      vertex -3.53553 -40.4645 0
    endloop
  endfacet
  facet normal 0.659409 -0.751784 0
    outer loop
      vertex -3.53553 -40.4645 14.962
      vertex -3.04381 -40.0332 0
      vertex -3.04381 -40.0332 15.0537
    endloop
  endfacet
  facet normal -0.751817 -0.659372 -0
    outer loop
      vertex 3.96677 -40.9562 14.8575
      vertex 3.53553 -40.4645 0
      vertex 3.96677 -40.9562 0
    endloop
  endfacet
  facet normal -0.751817 -0.659372 0
    outer loop
      vertex 3.53553 -40.4645 0
      vertex 3.96677 -40.9562 14.8575
      vertex 3.53553 -40.4645 14.962
    endloop
  endfacet
  facet normal 0.997858 0.0654128 0
    outer loop
      vertex -4.95722 -44.6526 14.0718
      vertex -5 -44 0
      vertex -5 -44 14.2105
    endloop
  endfacet
  facet normal 0.997858 0.0654128 0
    outer loop
      vertex -5 -44 0
      vertex -4.95722 -44.6526 14.0718
      vertex -4.95722 -44.6526 0
    endloop
  endfacet
  facet normal -0.321397 0.946944 0
    outer loop
      vertex 1.91342 -48.6194 0
      vertex 1.2941 -48.8296 13.184
      vertex 1.91342 -48.6194 13.2287
    endloop
  endfacet
  facet normal -0.321397 0.946944 0
    outer loop
      vertex 1.2941 -48.8296 13.184
      vertex 1.91342 -48.6194 0
      vertex 1.2941 -48.8296 0
    endloop
  endfacet
  facet normal -0.831466 -0.555575 -0
    outer loop
      vertex 4.33013 -41.5 14.7419
      vertex 3.96677 -40.9562 0
      vertex 4.33013 -41.5 0
    endloop
  endfacet
  facet normal -0.831466 -0.555575 0
    outer loop
      vertex 3.96677 -40.9562 0
      vertex 4.33013 -41.5 14.7419
      vertex 3.96677 -40.9562 14.8575
    endloop
  endfacet
  facet normal 0.896878 0.442277 0
    outer loop
      vertex -4.33013 -46.5 13.6791
      vertex -4.6194 -45.9134 0
      vertex -4.6194 -45.9134 13.8038
    endloop
  endfacet
  facet normal 0.896878 0.442277 0
    outer loop
      vertex -4.6194 -45.9134 0
      vertex -4.33013 -46.5 13.6791
      vertex -4.33013 -46.5 0
    endloop
  endfacet
  facet normal -0.896878 0.442277 0
    outer loop
      vertex 4.33013 -46.5 13.6791
      vertex 4.6194 -45.9134 0
      vertex 4.33013 -46.5 0
    endloop
  endfacet
  facet normal -0.896878 0.442277 0
    outer loop
      vertex 4.6194 -45.9134 0
      vertex 4.33013 -46.5 13.6791
      vertex 4.6194 -45.9134 13.8038
    endloop
  endfacet
  facet normal -0.751817 0.659372 0
    outer loop
      vertex 3.53553 -47.5355 13.459
      vertex 3.96677 -47.0438 0
      vertex 3.53553 -47.5355 0
    endloop
  endfacet
  facet normal -0.751817 0.659372 0
    outer loop
      vertex 3.96677 -47.0438 0
      vertex 3.53553 -47.5355 13.459
      vertex 3.96677 -47.0438 13.5636
    endloop
  endfacet
  facet normal -0.946927 0.321448 0
    outer loop
      vertex 4.6194 -45.9134 13.8038
      vertex 4.82963 -45.2941 0
      vertex 4.6194 -45.9134 0
    endloop
  endfacet
  facet normal -0.946927 0.321448 0
    outer loop
      vertex 4.82963 -45.2941 0
      vertex 4.6194 -45.9134 13.8038
      vertex 4.82963 -45.2941 13.9355
    endloop
  endfacet
  facet normal 0.321397 0.946944 0
    outer loop
      vertex -1.91342 -48.6194 0
      vertex -1.2941 -48.8296 13.184
      vertex -1.2941 -48.8296 0
    endloop
  endfacet
  facet normal 0.321397 0.946944 0
    outer loop
      vertex -1.2941 -48.8296 13.184
      vertex -1.91342 -48.6194 0
      vertex -1.91342 -48.6194 13.2287
    endloop
  endfacet
  facet normal 0.442327 -0.896854 0
    outer loop
      vertex -1.91342 -39.3806 0
      vertex -2.5 -39.6699 15.1309
      vertex -2.5 -39.6699 0
    endloop
  endfacet
  facet normal 0.442327 -0.896854 0
    outer loop
      vertex -2.5 -39.6699 15.1309
      vertex -1.91342 -39.3806 0
      vertex -1.91342 -39.3806 15.1924
    endloop
  endfacet
  facet normal 0.555504 -0.831514 0
    outer loop
      vertex -2.5 -39.6699 0
      vertex -3.04381 -40.0332 15.0537
      vertex -3.04381 -40.0332 0
    endloop
  endfacet
  facet normal 0.555504 -0.831514 0
    outer loop
      vertex -3.04381 -40.0332 15.0537
      vertex -2.5 -39.6699 0
      vertex -2.5 -39.6699 15.1309
    endloop
  endfacet
  facet normal 0.946927 0.321448 0
    outer loop
      vertex -4.6194 -45.9134 13.8038
      vertex -4.82963 -45.2941 0
      vertex -4.82963 -45.2941 13.9355
    endloop
  endfacet
  facet normal 0.946927 0.321448 0
    outer loop
      vertex -4.82963 -45.2941 0
      vertex -4.6194 -45.9134 13.8038
      vertex -4.6194 -45.9134 0
    endloop
  endfacet
  facet normal 0 -0.207749 0.978182
    outer loop
      vertex 3.4 -64.7912 97.8148
      vertex 8.94873 -64.7912 97.8148
      vertex 8.91529 -64.2921 97.9208
    endloop
  endfacet
  facet normal 3.5837e-06 -0.207971 0.978135
    outer loop
      vertex 3.37091 -64.3571 97.907
      vertex 8.91529 -64.2921 97.9208
      vertex 8.87218 -63.6487 98.0576
    endloop
  endfacet
  facet normal 0 -0.207976 0.978134
    outer loop
      vertex 8.94873 -64.7912 97.8148
      vertex 3.4 -64.7912 97.8148
      vertex 8.91529 -65.2902 97.7087
    endloop
  endfacet
  facet normal 5.94148e-06 -0.207989 0.978131
    outer loop
      vertex 3.37091 -64.3571 97.907
      vertex 8.87218 -63.6487 98.0576
      vertex 8.77243 -63.1582 98.1619
    endloop
  endfacet
  facet normal 1.25886e-07 -0.207975 0.978134
    outer loop
      vertex 3.37091 -65.2253 97.7225
      vertex 8.91529 -65.2902 97.7087
      vertex 3.4 -64.7912 97.8148
    endloop
  endfacet
  facet normal -1.99486e-05 -0.207853 0.97816
    outer loop
      vertex 3.28415 -63.9304 97.9977
      vertex 8.77243 -63.1582 98.1619
      vertex 8.64381 -62.5257 98.2963
    endloop
  endfacet
  facet normal 5.42406e-07 -0.207941 0.978141
    outer loop
      vertex 8.91529 -65.2902 97.7087
      vertex 3.37091 -65.2253 97.7225
      vertex 8.87218 -65.9337 97.5719
    endloop
  endfacet
  facet normal 1.28325e-05 -0.207973 0.978135
    outer loop
      vertex 3.28415 -63.9304 97.9977
      vertex 8.64381 -62.5257 98.2963
      vertex 8.47947 -62.0521 98.397
    endloop
  endfacet
  facet normal 1.90827e-05 -0.207803 0.978171
    outer loop
      vertex 8.87218 -65.9337 97.5719
      vertex 3.37091 -65.2253 97.7225
      vertex 8.77243 -66.4242 97.4677
    endloop
  endfacet
  facet normal 4.0273e-06 -0.20793 0.978144
    outer loop
      vertex 3.14119 -63.5185 98.0853
      vertex 8.47947 -62.0521 98.397
      vertex 8.26755 -61.4415 98.5268
    endloop
  endfacet
  facet normal -1.72818e-05 -0.20796 0.978137
    outer loop
      vertex 3.28415 -65.6519 97.6318
      vertex 8.77243 -66.4242 97.4677
      vertex 3.37091 -65.2253 97.7225
    endloop
  endfacet
  facet normal -2.74761e-05 -0.207856 0.978159
    outer loop
      vertex 3.14119 -63.5185 98.0853
      vertex 8.26755 -61.4415 98.5268
      vertex 7.97596 -60.8631 98.6497
    endloop
  endfacet
  facet normal -2.22161e-05 -0.207993 0.97813
    outer loop
      vertex 8.77243 -66.4242 97.4677
      vertex 3.28415 -65.6519 97.6318
      vertex 8.64381 -67.0567 97.3332
    endloop
  endfacet
  facet normal -2.79757e-05 -0.207859 0.978159
    outer loop
      vertex 2.94449 -63.1283 98.1682
      vertex 7.97596 -60.8631 98.6497
      vertex 7.74983 -60.4146 98.745
    endloop
  endfacet
  facet normal 2.26888e-05 -0.207829 0.978165
    outer loop
      vertex 8.64381 -67.0567 97.3332
      vertex 3.28415 -65.6519 97.6318
      vertex 8.47947 -67.5302 97.2326
    endloop
  endfacet
  facet normal 2.03622e-05 -0.207941 0.978141
    outer loop
      vertex 2.94449 -63.1283 98.1682
      vertex 7.74983 -60.4146 98.745
      vertex 7.46579 -59.9988 98.8334
    endloop
  endfacet
  facet normal -2.78865e-05 -0.207963 0.978137
    outer loop
      vertex 3.14119 -66.0639 97.5442
      vertex 8.47947 -67.5302 97.2326
      vertex 3.28415 -65.6519 97.6318
    endloop
  endfacet
  facet normal 2.2666e-05 -0.207944 0.978141
    outer loop
      vertex 2.6974 -62.7666 98.2451
      vertex 7.46579 -59.9988 98.8334
      vertex 7.09951 -59.4626 98.9474
    endloop
  endfacet
  facet normal -8.66162e-06 -0.207896 0.978151
    outer loop
      vertex 8.47947 -67.5302 97.2326
      vertex 3.14119 -66.0639 97.5442
      vertex 8.26755 -68.1409 97.1028
    endloop
  endfacet
  facet normal -6.39001e-05 -0.207834 0.978164
    outer loop
      vertex 2.6974 -62.7666 98.2451
      vertex 7.09951 -59.4626 98.9474
      vertex 6.66481 -58.9777 99.0504
    endloop
  endfacet
  facet normal -5.73637e-05 -0.208011 0.978126
    outer loop
      vertex 8.26755 -68.1409 97.1028
      vertex 3.14119 -66.0639 97.5442
      vertex 7.97596 -68.7192 96.9798
    endloop
  endfacet
  facet normal 0.000100039 -0.208022 0.978124
    outer loop
      vertex 2.40416 -62.4395 98.3146
      vertex 6.66481 -58.9777 99.0504
      vertex 6.32771 -58.6017 99.1304
    endloop
  endfacet
  facet normal 1.95238e-05 -0.207877 0.978155
    outer loop
      vertex 2.94449 -66.454 97.4613
      vertex 7.97596 -68.7192 96.9798
      vertex 3.14119 -66.0639 97.5442
    endloop
  endfacet
  facet normal 2.138e-05 -0.207945 0.978141
    outer loop
      vertex 2.40416 -62.4395 98.3146
      vertex 6.32771 -58.6017 99.1304
      vertex 5.94332 -58.272 99.2005
    endloop
  endfacet
  facet normal 4.4978e-05 -0.207823 0.978166
    outer loop
      vertex 7.97596 -68.7192 96.9798
      vertex 2.94449 -66.454 97.4613
      vertex 7.74983 -69.1678 96.8845
    endloop
  endfacet
  facet normal -8.77375e-05 -0.207836 0.978164
    outer loop
      vertex 2.06979 -62.1527 98.3756
      vertex 5.94332 -58.272 99.2005
      vertex 5.44764 -57.8468 99.2908
    endloop
  endfacet
  facet normal -2.34848e-05 -0.207939 0.978142
    outer loop
      vertex 7.74983 -69.1678 96.8845
      vertex 2.94449 -66.454 97.4613
      vertex 7.46579 -69.5836 96.7961
    endloop
  endfacet
  facet normal 5.29854e-05 -0.207941 0.978141
    outer loop
      vertex 2.06979 -62.1527 98.3756
      vertex 5.44764 -57.8468 99.2908
      vertex 4.89947 -57.4885 99.367
    endloop
  endfacet
  facet normal -2.57465e-05 -0.207942 0.978141
    outer loop
      vertex 2.6974 -66.8157 97.3844
      vertex 7.46579 -69.5836 96.7961
      vertex 2.94449 -66.454 97.4613
    endloop
  endfacet
  facet normal -7.22452e-05 -0.207855 0.97816
    outer loop
      vertex 1.7 -61.911 98.427
      vertex 4.89947 -57.4885 99.367
      vertex 4.47437 -57.2107 99.426
    endloop
  endfacet
  facet normal -2.57887e-05 -0.207942 0.978141
    outer loop
      vertex 7.46579 -69.5836 96.7961
      vertex 2.6974 -66.8157 97.3844
      vertex 7.09951 -70.1198 96.6821
    endloop
  endfacet
  facet normal 0.00014318 -0.207977 0.978134
    outer loop
      vertex 1.7 -61.911 98.427
      vertex 4.47437 -57.2107 99.426
      vertex 4.01582 -56.9895 99.4731
    endloop
  endfacet
  facet normal 4.18448e-05 -0.207856 0.978159
    outer loop
      vertex 7.09951 -70.1198 96.6821
      vertex 2.6974 -66.8157 97.3844
      vertex 6.66481 -70.6046 96.5791
    endloop
  endfacet
  facet normal -3.50933e-05 -0.207912 0.978148
    outer loop
      vertex 1.30112 -61.7186 98.4678
      vertex 4.01582 -56.9895 99.4731
      vertex 3.42453 -56.7043 99.5337
    endloop
  endfacet
  facet normal 3.45491e-05 -0.207863 0.978158
    outer loop
      vertex 2.40416 -67.1428 97.3149
      vertex 6.66481 -70.6046 96.5791
      vertex 2.6974 -66.8157 97.3844
    endloop
  endfacet
  facet normal 2.2248e-05 -0.207878 0.978155
    outer loop
      vertex 6.66481 -70.6046 96.5791
      vertex 2.40416 -67.1428 97.3149
      vertex 6.32771 -70.9806 96.4992
    endloop
  endfacet
  facet normal 9.82766e-07 -0.207759 0.97818
    outer loop
      vertex 8.91529 -64.2921 97.9208
      vertex 3.37091 -64.3571 97.907
      vertex 3.4 -64.7912 97.8148
    endloop
  endfacet
  facet normal -1.03952e-05 -0.207918 0.978146
    outer loop
      vertex 8.77243 -63.1582 98.1619
      vertex 3.28415 -63.9304 97.9977
      vertex 3.37091 -64.3571 97.907
    endloop
  endfacet
  facet normal 2.73765e-05 -0.208012 0.978126
    outer loop
      vertex 8.47947 -62.0521 98.397
      vertex 3.14119 -63.5185 98.0853
      vertex 3.28415 -63.9304 97.9977
    endloop
  endfacet
  facet normal -3.90722e-05 -0.207836 0.978164
    outer loop
      vertex 7.97596 -60.8631 98.6497
      vertex 2.94449 -63.1283 98.1682
      vertex 3.14119 -63.5185 98.0853
    endloop
  endfacet
  facet normal -9.09155e-05 -0.207889 0.978152
    outer loop
      vertex 1.30112 -61.7186 98.4678
      vertex 3.42453 -56.7043 99.5337
      vertex 2.80024 -56.497 99.5777
    endloop
  endfacet
  facet normal 2.26238e-05 -0.207944 0.978141
    outer loop
      vertex 7.46579 -59.9988 98.8334
      vertex 2.6974 -62.7666 98.2451
      vertex 2.94449 -63.1283 98.1682
    endloop
  endfacet
  facet normal -3.45491e-05 -0.207863 0.978158
    outer loop
      vertex 6.66481 -58.9777 99.0504
      vertex 2.40416 -62.4395 98.3146
      vertex 2.6974 -62.7666 98.2451
    endloop
  endfacet
  facet normal 4.14985e-05 -0.207914 0.978147
    outer loop
      vertex 0.879984 -61.5788 98.4976
      vertex 2.80024 -56.497 99.5777
      vertex 2.3161 -56.3362 99.6119
    endloop
  endfacet
  facet normal 5.74165e-05 -0.207974 0.978134
    outer loop
      vertex 5.94332 -58.272 99.2005
      vertex 2.06979 -62.1527 98.3756
      vertex 2.40416 -62.4395 98.3146
    endloop
  endfacet
  facet normal 4.81212e-05 -0.207938 0.978142
    outer loop
      vertex 4.89947 -57.4885 99.367
      vertex 1.7 -61.911 98.427
      vertex 2.06979 -62.1527 98.3756
    endloop
  endfacet
  facet normal -5.52059e-05 -0.207888 0.978153
    outer loop
      vertex 0.879984 -61.5788 98.4976
      vertex 2.3161 -56.3362 99.6119
      vertex 1.66949 -56.2104 99.6386
    endloop
  endfacet
  facet normal -0.00019186 -0.207826 0.978166
    outer loop
      vertex 4.01582 -56.9895 99.4731
      vertex 1.30112 -61.7186 98.4678
      vertex 1.7 -61.911 98.427
    endloop
  endfacet
  facet normal 0.000142822 -0.207936 0.978142
    outer loop
      vertex 0.443789 -61.4939 98.5156
      vertex 1.66949 -56.2104 99.6386
      vertex 1.16804 -56.1129 99.6594
    endloop
  endfacet
  facet normal 0.000178548 -0.207963 0.978137
    outer loop
      vertex 2.80024 -56.497 99.5777
      vertex 0.879984 -61.5788 98.4976
      vertex 1.30112 -61.7186 98.4678
    endloop
  endfacet
  facet normal 4.40071e-05 -0.207923 0.978145
    outer loop
      vertex 0.443789 -61.4939 98.5156
      vertex 1.16804 -56.1129 99.6594
      vertex 0.510174 -56.0707 99.6684
    endloop
  endfacet
  facet normal -9.73403e-05 -0.207883 0.978154
    outer loop
      vertex 1.66949 -56.2104 99.6386
      vertex 0.443789 -61.4939 98.5156
      vertex 0.879984 -61.5788 98.4976
    endloop
  endfacet
  facet normal -9.64277e-05 -0.207903 0.978149
    outer loop
      vertex 0 -61.4655 98.5217
      vertex 0.510174 -56.0707 99.6684
      vertex 0 -56.038 99.6753
    endloop
  endfacet
  facet normal 0.000138886 -0.207924 0.978145
    outer loop
      vertex 0.510174 -56.0707 99.6684
      vertex 0 -61.4655 98.5217
      vertex 0.443789 -61.4939 98.5156
    endloop
  endfacet
  facet normal 9.64277e-05 -0.207903 0.978149
    outer loop
      vertex -0.510174 -56.0707 99.6684
      vertex 0 -61.4655 98.5217
      vertex 0 -56.038 99.6753
    endloop
  endfacet
  facet normal -0.000138886 -0.207924 0.978145
    outer loop
      vertex 0 -61.4655 98.5217
      vertex -0.510174 -56.0707 99.6684
      vertex -0.443789 -61.4939 98.5156
    endloop
  endfacet
  facet normal -4.40071e-05 -0.207923 0.978145
    outer loop
      vertex -1.16804 -56.1129 99.6594
      vertex -0.443789 -61.4939 98.5156
      vertex -0.510174 -56.0707 99.6684
    endloop
  endfacet
  facet normal -0.000142822 -0.207936 0.978142
    outer loop
      vertex -1.66949 -56.2104 99.6386
      vertex -0.443789 -61.4939 98.5156
      vertex -1.16804 -56.1129 99.6594
    endloop
  endfacet
  facet normal 9.73403e-05 -0.207883 0.978154
    outer loop
      vertex -0.443789 -61.4939 98.5156
      vertex -1.66949 -56.2104 99.6386
      vertex -0.879984 -61.5788 98.4976
    endloop
  endfacet
  facet normal 5.52059e-05 -0.207888 0.978153
    outer loop
      vertex -2.3161 -56.3362 99.6119
      vertex -0.879984 -61.5788 98.4976
      vertex -1.66949 -56.2104 99.6386
    endloop
  endfacet
  facet normal -4.14985e-05 -0.207914 0.978147
    outer loop
      vertex -2.80024 -56.497 99.5777
      vertex -0.879984 -61.5788 98.4976
      vertex -2.3161 -56.3362 99.6119
    endloop
  endfacet
  facet normal -0.000178548 -0.207963 0.978137
    outer loop
      vertex -0.879984 -61.5788 98.4976
      vertex -2.80024 -56.497 99.5777
      vertex -1.30112 -61.7186 98.4678
    endloop
  endfacet
  facet normal 9.09155e-05 -0.207889 0.978152
    outer loop
      vertex -3.42453 -56.7043 99.5337
      vertex -1.30112 -61.7186 98.4678
      vertex -2.80024 -56.497 99.5777
    endloop
  endfacet
  facet normal 3.50933e-05 -0.207912 0.978148
    outer loop
      vertex -4.01582 -56.9895 99.4731
      vertex -1.30112 -61.7186 98.4678
      vertex -3.42453 -56.7043 99.5337
    endloop
  endfacet
  facet normal 0.00019186 -0.207826 0.978166
    outer loop
      vertex -1.30112 -61.7186 98.4678
      vertex -4.01582 -56.9895 99.4731
      vertex -1.7 -61.911 98.427
    endloop
  endfacet
  facet normal -0.00014318 -0.207977 0.978134
    outer loop
      vertex -4.47437 -57.2107 99.426
      vertex -1.7 -61.911 98.427
      vertex -4.01582 -56.9895 99.4731
    endloop
  endfacet
  facet normal 7.22452e-05 -0.207855 0.97816
    outer loop
      vertex -4.89947 -57.4885 99.367
      vertex -1.7 -61.911 98.427
      vertex -4.47437 -57.2107 99.426
    endloop
  endfacet
  facet normal -4.81212e-05 -0.207938 0.978142
    outer loop
      vertex -1.7 -61.911 98.427
      vertex -4.89947 -57.4885 99.367
      vertex -2.06979 -62.1527 98.3756
    endloop
  endfacet
  facet normal -5.29854e-05 -0.207941 0.978141
    outer loop
      vertex -5.44764 -57.8468 99.2908
      vertex -2.06979 -62.1527 98.3756
      vertex -4.89947 -57.4885 99.367
    endloop
  endfacet
  facet normal 8.77375e-05 -0.207836 0.978164
    outer loop
      vertex -5.94332 -58.272 99.2005
      vertex -2.06979 -62.1527 98.3756
      vertex -5.44764 -57.8468 99.2908
    endloop
  endfacet
  facet normal -2.138e-05 -0.207945 0.978141
    outer loop
      vertex -6.32771 -58.6017 99.1304
      vertex -2.40416 -62.4395 98.3146
      vertex -5.94332 -58.272 99.2005
    endloop
  endfacet
  facet normal -5.74165e-05 -0.207974 0.978134
    outer loop
      vertex -2.06979 -62.1527 98.3756
      vertex -5.94332 -58.272 99.2005
      vertex -2.40416 -62.4395 98.3146
    endloop
  endfacet
  facet normal -3.30275e-05 -0.207932 0.978143
    outer loop
      vertex 6.32771 -70.9806 96.4992
      vertex 2.40416 -67.1428 97.3149
      vertex 5.94332 -71.3103 96.4291
    endloop
  endfacet
  facet normal -6.9064e-05 -0.207961 0.978137
    outer loop
      vertex 2.06979 -67.4296 97.2539
      vertex 5.94332 -71.3103 96.4291
      vertex 2.40416 -67.1428 97.3149
    endloop
  endfacet
  facet normal -3.02214e-05 -0.207924 0.978145
    outer loop
      vertex 5.94332 -71.3103 96.4291
      vertex 2.06979 -67.4296 97.2539
      vertex 5.44764 -71.7355 96.3387
    endloop
  endfacet
  facet normal -5.29854e-05 -0.207941 0.978141
    outer loop
      vertex 5.44764 -71.7355 96.3387
      vertex 2.06979 -67.4296 97.2539
      vertex 4.89947 -72.0938 96.2625
    endloop
  endfacet
  facet normal 0.000141289 -0.207828 0.978165
    outer loop
      vertex 1.7 -67.6713 97.2026
      vertex 4.89947 -72.0938 96.2625
      vertex 2.06979 -67.4296 97.2539
    endloop
  endfacet
  facet normal 0.000115258 -0.207846 0.978161
    outer loop
      vertex 4.89947 -72.0938 96.2625
      vertex 1.7 -67.6713 97.2026
      vertex 4.47437 -72.3717 96.2035
    endloop
  endfacet
  facet normal -6.2848e-06 -0.207915 0.978147
    outer loop
      vertex 4.47437 -72.3717 96.2035
      vertex 1.7 -67.6713 97.2026
      vertex 4.01582 -72.5928 96.1565
    endloop
  endfacet
  facet normal -8.00418e-06 -0.207916 0.978147
    outer loop
      vertex 1.30112 -67.8637 97.1617
      vertex 4.01582 -72.5928 96.1565
      vertex 1.7 -67.6713 97.2026
    endloop
  endfacet
  facet normal -7.47306e-05 -0.207952 0.978139
    outer loop
      vertex 4.01582 -72.5928 96.1565
      vertex 1.30112 -67.8637 97.1617
      vertex 3.42453 -72.8781 96.0958
    endloop
  endfacet
  facet normal 6.05123e-05 -0.207898 0.978151
    outer loop
      vertex 3.42453 -72.8781 96.0958
      vertex 1.30112 -67.8637 97.1617
      vertex 2.80024 -73.0853 96.0518
    endloop
  endfacet
  facet normal 3.35041e-05 -0.207905 0.978149
    outer loop
      vertex 0.879984 -68.0035 97.132
      vertex 2.80024 -73.0853 96.0518
      vertex 1.30112 -67.8637 97.1617
    endloop
  endfacet
  facet normal -3.58183e-05 -0.20793 0.978144
    outer loop
      vertex 2.80024 -73.0853 96.0518
      vertex 0.879984 -68.0035 97.132
      vertex 2.3161 -73.2461 96.0176
    endloop
  endfacet
  facet normal 5.8652e-05 -0.207905 0.978149
    outer loop
      vertex 2.3161 -73.2461 96.0176
      vertex 0.879984 -68.0035 97.132
      vertex 1.66949 -73.3719 95.9909
    endloop
  endfacet
  facet normal -0.000117217 -0.20793 0.978144
    outer loop
      vertex 0.443789 -68.0884 97.1139
      vertex 1.66949 -73.3719 95.9909
      vertex 0.879984 -68.0035 97.132
    endloop
  endfacet
  facet normal -0.000103147 -0.207927 0.978144
    outer loop
      vertex 1.66949 -73.3719 95.9909
      vertex 0.443789 -68.0884 97.1139
      vertex 1.16804 -73.4695 95.9701
    endloop
  endfacet
  facet normal 7.18271e-05 -0.207905 0.978149
    outer loop
      vertex 1.16804 -73.4695 95.9701
      vertex 0.443789 -68.0884 97.1139
      vertex 0.510174 -73.5116 95.9612
    endloop
  endfacet
  facet normal 0.000127007 -0.207904 0.978149
    outer loop
      vertex 0 -68.1169 97.1079
      vertex 0.510174 -73.5116 95.9612
      vertex 0.443789 -68.0884 97.1139
    endloop
  endfacet
  facet normal -9.38997e-05 -0.207924 0.978145
    outer loop
      vertex 0 -68.1169 97.1079
      vertex 0 -73.5443 95.9542
      vertex 0.510174 -73.5116 95.9612
    endloop
  endfacet
  facet normal -0.000127007 -0.207904 0.978149
    outer loop
      vertex -0.510174 -73.5116 95.9612
      vertex 0 -68.1169 97.1079
      vertex -0.443789 -68.0884 97.1139
    endloop
  endfacet
  facet normal 9.38997e-05 -0.207924 0.978145
    outer loop
      vertex 0 -68.1169 97.1079
      vertex -0.510174 -73.5116 95.9612
      vertex 0 -73.5443 95.9542
    endloop
  endfacet
  facet normal 0.000117217 -0.20793 0.978144
    outer loop
      vertex -1.66949 -73.3719 95.9909
      vertex -0.443789 -68.0884 97.1139
      vertex -0.879984 -68.0035 97.132
    endloop
  endfacet
  facet normal -7.18271e-05 -0.207905 0.978149
    outer loop
      vertex -0.443789 -68.0884 97.1139
      vertex -1.16804 -73.4695 95.9701
      vertex -0.510174 -73.5116 95.9612
    endloop
  endfacet
  facet normal -3.35041e-05 -0.207905 0.978149
    outer loop
      vertex -2.80024 -73.0853 96.0518
      vertex -0.879984 -68.0035 97.132
      vertex -1.30112 -67.8637 97.1617
    endloop
  endfacet
  facet normal 0.000103147 -0.207927 0.978144
    outer loop
      vertex -0.443789 -68.0884 97.1139
      vertex -1.66949 -73.3719 95.9909
      vertex -1.16804 -73.4695 95.9701
    endloop
  endfacet
  facet normal 8.00418e-06 -0.207916 0.978147
    outer loop
      vertex -4.01582 -72.5928 96.1565
      vertex -1.30112 -67.8637 97.1617
      vertex -1.7 -67.6713 97.2026
    endloop
  endfacet
  facet normal -0.000141289 -0.207828 0.978165
    outer loop
      vertex -4.89947 -72.0938 96.2625
      vertex -1.7 -67.6713 97.2026
      vertex -2.06979 -67.4296 97.2539
    endloop
  endfacet
  facet normal -5.8652e-05 -0.207905 0.978149
    outer loop
      vertex -0.879984 -68.0035 97.132
      vertex -2.3161 -73.2461 96.0176
      vertex -1.66949 -73.3719 95.9909
    endloop
  endfacet
  facet normal 6.9064e-05 -0.207961 0.978137
    outer loop
      vertex -5.94332 -71.3103 96.4291
      vertex -2.06979 -67.4296 97.2539
      vertex -2.40416 -67.1428 97.3149
    endloop
  endfacet
  facet normal -3.45491e-05 -0.207863 0.978158
    outer loop
      vertex -6.66481 -70.6046 96.5791
      vertex -2.40416 -67.1428 97.3149
      vertex -2.6974 -66.8157 97.3844
    endloop
  endfacet
  facet normal 3.58183e-05 -0.20793 0.978144
    outer loop
      vertex -0.879984 -68.0035 97.132
      vertex -2.80024 -73.0853 96.0518
      vertex -2.3161 -73.2461 96.0176
    endloop
  endfacet
  facet normal 2.57465e-05 -0.207942 0.978141
    outer loop
      vertex -7.46579 -69.5836 96.7961
      vertex -2.6974 -66.8157 97.3844
      vertex -2.94449 -66.454 97.4613
    endloop
  endfacet
  facet normal -1.95238e-05 -0.207877 0.978155
    outer loop
      vertex -7.97596 -68.7192 96.9798
      vertex -2.94449 -66.454 97.4613
      vertex -3.14119 -66.0639 97.5442
    endloop
  endfacet
  facet normal 2.78865e-05 -0.207963 0.978137
    outer loop
      vertex -8.47947 -67.5302 97.2326
      vertex -3.14119 -66.0639 97.5442
      vertex -3.28415 -65.6519 97.6318
    endloop
  endfacet
  facet normal 1.72818e-05 -0.20796 0.978137
    outer loop
      vertex -8.77243 -66.4242 97.4677
      vertex -3.28415 -65.6519 97.6318
      vertex -3.37091 -65.2253 97.7225
    endloop
  endfacet
  facet normal -6.05123e-05 -0.207898 0.978151
    outer loop
      vertex -1.30112 -67.8637 97.1617
      vertex -3.42453 -72.8781 96.0958
      vertex -2.80024 -73.0853 96.0518
    endloop
  endfacet
  facet normal -1.25886e-07 -0.207975 0.978134
    outer loop
      vertex -8.91529 -65.2902 97.7087
      vertex -3.37091 -65.2253 97.7225
      vertex -3.4 -64.7912 97.8148
    endloop
  endfacet
  facet normal 3.45491e-05 -0.207863 0.978158
    outer loop
      vertex -2.40416 -62.4395 98.3146
      vertex -6.66481 -58.9777 99.0504
      vertex -2.6974 -62.7666 98.2451
    endloop
  endfacet
  facet normal 6.39001e-05 -0.207834 0.978164
    outer loop
      vertex -7.09951 -59.4626 98.9474
      vertex -2.6974 -62.7666 98.2451
      vertex -6.66481 -58.9777 99.0504
    endloop
  endfacet
  facet normal 7.47306e-05 -0.207952 0.978139
    outer loop
      vertex -1.30112 -67.8637 97.1617
      vertex -4.01582 -72.5928 96.1565
      vertex -3.42453 -72.8781 96.0958
    endloop
  endfacet
  facet normal -0.000100039 -0.208022 0.978124
    outer loop
      vertex -6.66481 -58.9777 99.0504
      vertex -2.40416 -62.4395 98.3146
      vertex -6.32771 -58.6017 99.1304
    endloop
  endfacet
  facet normal -2.2666e-05 -0.207944 0.978141
    outer loop
      vertex -7.46579 -59.9988 98.8334
      vertex -2.6974 -62.7666 98.2451
      vertex -7.09951 -59.4626 98.9474
    endloop
  endfacet
  facet normal -0.000115258 -0.207846 0.978161
    outer loop
      vertex -1.7 -67.6713 97.2026
      vertex -4.89947 -72.0938 96.2625
      vertex -4.47437 -72.3717 96.2035
    endloop
  endfacet
  facet normal 6.2848e-06 -0.207915 0.978147
    outer loop
      vertex -1.7 -67.6713 97.2026
      vertex -4.47437 -72.3717 96.2035
      vertex -4.01582 -72.5928 96.1565
    endloop
  endfacet
  facet normal -2.26238e-05 -0.207944 0.978141
    outer loop
      vertex -2.6974 -62.7666 98.2451
      vertex -7.46579 -59.9988 98.8334
      vertex -2.94449 -63.1283 98.1682
    endloop
  endfacet
  facet normal 2.79757e-05 -0.207859 0.978159
    outer loop
      vertex -7.97596 -60.8631 98.6497
      vertex -2.94449 -63.1283 98.1682
      vertex -7.74983 -60.4146 98.745
    endloop
  endfacet
  facet normal 3.02214e-05 -0.207924 0.978145
    outer loop
      vertex -2.06979 -67.4296 97.2539
      vertex -5.94332 -71.3103 96.4291
      vertex -5.44764 -71.7355 96.3387
    endloop
  endfacet
  facet normal 5.29854e-05 -0.207941 0.978141
    outer loop
      vertex -2.06979 -67.4296 97.2539
      vertex -5.44764 -71.7355 96.3387
      vertex -4.89947 -72.0938 96.2625
    endloop
  endfacet
  facet normal -2.03622e-05 -0.207941 0.978141
    outer loop
      vertex -7.74983 -60.4146 98.745
      vertex -2.94449 -63.1283 98.1682
      vertex -7.46579 -59.9988 98.8334
    endloop
  endfacet
  facet normal 3.90722e-05 -0.207836 0.978164
    outer loop
      vertex -2.94449 -63.1283 98.1682
      vertex -7.97596 -60.8631 98.6497
      vertex -3.14119 -63.5185 98.0853
    endloop
  endfacet
  facet normal -2.2248e-05 -0.207878 0.978155
    outer loop
      vertex -2.40416 -67.1428 97.3149
      vertex -6.66481 -70.6046 96.5791
      vertex -6.32771 -70.9806 96.4992
    endloop
  endfacet
  facet normal 3.30275e-05 -0.207932 0.978143
    outer loop
      vertex -2.40416 -67.1428 97.3149
      vertex -6.32771 -70.9806 96.4992
      vertex -5.94332 -71.3103 96.4291
    endloop
  endfacet
  facet normal 2.74761e-05 -0.207856 0.978159
    outer loop
      vertex -8.26755 -61.4415 98.5268
      vertex -3.14119 -63.5185 98.0853
      vertex -7.97596 -60.8631 98.6497
    endloop
  endfacet
  facet normal -4.0273e-06 -0.20793 0.978144
    outer loop
      vertex -8.47947 -62.0521 98.397
      vertex -3.14119 -63.5185 98.0853
      vertex -8.26755 -61.4415 98.5268
    endloop
  endfacet
  facet normal 2.57887e-05 -0.207942 0.978141
    outer loop
      vertex -2.6974 -66.8157 97.3844
      vertex -7.46579 -69.5836 96.7961
      vertex -7.09951 -70.1198 96.6821
    endloop
  endfacet
  facet normal -4.18448e-05 -0.207856 0.978159
    outer loop
      vertex -2.6974 -66.8157 97.3844
      vertex -7.09951 -70.1198 96.6821
      vertex -6.66481 -70.6046 96.5791
    endloop
  endfacet
  facet normal -2.73765e-05 -0.208012 0.978126
    outer loop
      vertex -3.14119 -63.5185 98.0853
      vertex -8.47947 -62.0521 98.397
      vertex -3.28415 -63.9304 97.9977
    endloop
  endfacet
  facet normal -1.28325e-05 -0.207973 0.978135
    outer loop
      vertex -8.64381 -62.5257 98.2963
      vertex -3.28415 -63.9304 97.9977
      vertex -8.47947 -62.0521 98.397
    endloop
  endfacet
  facet normal -4.4978e-05 -0.207823 0.978166
    outer loop
      vertex -2.94449 -66.454 97.4613
      vertex -7.97596 -68.7192 96.9798
      vertex -7.74983 -69.1678 96.8845
    endloop
  endfacet
  facet normal 2.34848e-05 -0.207939 0.978142
    outer loop
      vertex -2.94449 -66.454 97.4613
      vertex -7.74983 -69.1678 96.8845
      vertex -7.46579 -69.5836 96.7961
    endloop
  endfacet
  facet normal 1.99486e-05 -0.207853 0.97816
    outer loop
      vertex -8.77243 -63.1582 98.1619
      vertex -3.28415 -63.9304 97.9977
      vertex -8.64381 -62.5257 98.2963
    endloop
  endfacet
  facet normal 1.03952e-05 -0.207918 0.978146
    outer loop
      vertex -3.28415 -63.9304 97.9977
      vertex -8.77243 -63.1582 98.1619
      vertex -3.37091 -64.3571 97.907
    endloop
  endfacet
  facet normal 8.66162e-06 -0.207896 0.978151
    outer loop
      vertex -3.14119 -66.0639 97.5442
      vertex -8.47947 -67.5302 97.2326
      vertex -8.26755 -68.1409 97.1028
    endloop
  endfacet
  facet normal 5.73637e-05 -0.208011 0.978126
    outer loop
      vertex -3.14119 -66.0639 97.5442
      vertex -8.26755 -68.1409 97.1028
      vertex -7.97596 -68.7192 96.9798
    endloop
  endfacet
  facet normal -5.94148e-06 -0.207989 0.978131
    outer loop
      vertex -8.87218 -63.6487 98.0576
      vertex -3.37091 -64.3571 97.907
      vertex -8.77243 -63.1582 98.1619
    endloop
  endfacet
  facet normal -3.5837e-06 -0.207971 0.978135
    outer loop
      vertex -8.91529 -64.2921 97.9208
      vertex -3.37091 -64.3571 97.907
      vertex -8.87218 -63.6487 98.0576
    endloop
  endfacet
  facet normal 2.22161e-05 -0.207993 0.97813
    outer loop
      vertex -3.28415 -65.6519 97.6318
      vertex -8.77243 -66.4242 97.4677
      vertex -8.64381 -67.0567 97.3332
    endloop
  endfacet
  facet normal -2.26888e-05 -0.207829 0.978165
    outer loop
      vertex -3.28415 -65.6519 97.6318
      vertex -8.64381 -67.0567 97.3332
      vertex -8.47947 -67.5302 97.2326
    endloop
  endfacet
  facet normal -9.82766e-07 -0.207759 0.97818
    outer loop
      vertex -3.37091 -64.3571 97.907
      vertex -8.91529 -64.2921 97.9208
      vertex -3.4 -64.7912 97.8148
    endloop
  endfacet
  facet normal 0 -0.207749 0.978182
    outer loop
      vertex -8.94873 -64.7912 97.8148
      vertex -3.4 -64.7912 97.8148
      vertex -8.91529 -64.2921 97.9208
    endloop
  endfacet
  facet normal -5.42406e-07 -0.207941 0.978141
    outer loop
      vertex -3.37091 -65.2253 97.7225
      vertex -8.91529 -65.2902 97.7087
      vertex -8.87218 -65.9337 97.5719
    endloop
  endfacet
  facet normal -1.90827e-05 -0.207803 0.978171
    outer loop
      vertex -3.37091 -65.2253 97.7225
      vertex -8.87218 -65.9337 97.5719
      vertex -8.77243 -66.4242 97.4677
    endloop
  endfacet
  facet normal 0 -0.207976 0.978134
    outer loop
      vertex -3.4 -64.7912 97.8148
      vertex -8.94873 -64.7912 97.8148
      vertex -8.91529 -65.2902 97.7087
    endloop
  endfacet
endsolid OpenSCAD_Model
