solid OpenSCAD_Model
  facet normal -0.989176 -0.146733 0
    outer loop
      vertex -28.0193 -19.6079 0
      vertex -28.0769 -19.2196 4
      vertex -28.0769 -19.2196 0
    endloop
  endfacet
  facet normal -0.989176 -0.146733 0
    outer loop
      vertex -28.0769 -19.2196 4
      vertex -28.0193 -19.6079 0
      vertex -28.0193 -19.6079 4
    endloop
  endfacet
  facet normal -0.998791 -0.0491626 0
    outer loop
      vertex -28 -20 0
      vertex -28.0193 -19.6079 4
      vertex -28.0193 -19.6079 0
    endloop
  endfacet
  facet normal -0.998791 -0.0491626 0
    outer loop
      vertex -28.0193 -19.6079 4
      vertex -28 -20 0
      vertex -28 -20 4
    endloop
  endfacet
  facet normal -0.970068 -0.242835 0
    outer loop
      vertex -28.0769 -19.2196 0
      vertex -28.1722 -18.8389 4
      vertex -28.1722 -18.8389 0
    endloop
  endfacet
  facet normal -0.970068 -0.242835 0
    outer loop
      vertex -28.1722 -18.8389 4
      vertex -28.0769 -19.2196 0
      vertex -28.0769 -19.2196 4
    endloop
  endfacet
  facet normal 0.337014 -0.9415 0
    outer loop
      vertex -33.5307 -16.3045 0
      vertex -33.1611 -16.1722 4
      vertex -33.5307 -16.3045 4
    endloop
  endfacet
  facet normal 0.337014 -0.9415 0
    outer loop
      vertex -33.1611 -16.1722 4
      vertex -33.5307 -16.3045 0
      vertex -33.1611 -16.1722 0
    endloop
  endfacet
  facet normal -0.242835 0.970068 0
    outer loop
      vertex -30.8389 -23.8278 0
      vertex -31.2196 -23.9231 4
      vertex -30.8389 -23.8278 4
    endloop
  endfacet
  facet normal -0.242835 0.970068 0
    outer loop
      vertex -31.2196 -23.9231 4
      vertex -30.8389 -23.8278 0
      vertex -31.2196 -23.9231 0
    endloop
  endfacet
  facet normal -0.42744 0.904044 0
    outer loop
      vertex -30.1144 -23.5277 0
      vertex -30.4693 -23.6955 4
      vertex -30.1144 -23.5277 4
    endloop
  endfacet
  facet normal -0.42744 0.904044 0
    outer loop
      vertex -30.4693 -23.6955 4
      vertex -30.1144 -23.5277 0
      vertex -30.4693 -23.6955 0
    endloop
  endfacet
  facet normal -0.146733 -0.989176 0
    outer loop
      vertex -31.6079 -16.0193 0
      vertex -31.2196 -16.0769 4
      vertex -31.6079 -16.0193 4
    endloop
  endfacet
  facet normal -0.146733 -0.989176 -0
    outer loop
      vertex -31.2196 -16.0769 4
      vertex -31.6079 -16.0193 0
      vertex -31.2196 -16.0769 0
    endloop
  endfacet
  facet normal -0.146733 0.989176 0
    outer loop
      vertex -31.2196 -23.9231 0
      vertex -31.6079 -23.9807 4
      vertex -31.2196 -23.9231 4
    endloop
  endfacet
  facet normal -0.146733 0.989176 0
    outer loop
      vertex -31.6079 -23.9807 4
      vertex -31.2196 -23.9231 0
      vertex -31.6079 -23.9807 0
    endloop
  endfacet
  facet normal 0.146733 0.989176 -0
    outer loop
      vertex -32.3921 -23.9807 0
      vertex -32.7804 -23.9231 4
      vertex -32.3921 -23.9807 4
    endloop
  endfacet
  facet normal 0.146733 0.989176 0
    outer loop
      vertex -32.7804 -23.9231 4
      vertex -32.3921 -23.9807 0
      vertex -32.7804 -23.9231 0
    endloop
  endfacet
  facet normal -0.514084 0.85774 0
    outer loop
      vertex -29.7777 -23.3259 0
      vertex -30.1144 -23.5277 4
      vertex -29.7777 -23.3259 4
    endloop
  endfacet
  facet normal -0.514084 0.85774 0
    outer loop
      vertex -30.1144 -23.5277 4
      vertex -29.7777 -23.3259 0
      vertex -30.1144 -23.5277 0
    endloop
  endfacet
  facet normal -0.904044 -0.42744 0
    outer loop
      vertex -28.3045 -18.4693 0
      vertex -28.4723 -18.1144 4
      vertex -28.4723 -18.1144 0
    endloop
  endfacet
  facet normal -0.904044 -0.42744 0
    outer loop
      vertex -28.4723 -18.1144 4
      vertex -28.3045 -18.4693 0
      vertex -28.3045 -18.4693 4
    endloop
  endfacet
  facet normal -0.803137 0.595794 0
    outer loop
      vertex -28.908 -22.5376 0
      vertex -28.6741 -22.2223 4
      vertex -28.6741 -22.2223 0
    endloop
  endfacet
  facet normal -0.803137 0.595794 0
    outer loop
      vertex -28.6741 -22.2223 4
      vertex -28.908 -22.5376 0
      vertex -28.908 -22.5376 4
    endloop
  endfacet
  facet normal -0.595794 -0.803137 0
    outer loop
      vertex -29.7777 -16.6741 0
      vertex -29.4624 -16.908 4
      vertex -29.7777 -16.6741 4
    endloop
  endfacet
  facet normal -0.595794 -0.803137 -0
    outer loop
      vertex -29.4624 -16.908 4
      vertex -29.7777 -16.6741 0
      vertex -29.4624 -16.908 0
    endloop
  endfacet
  facet normal -0.337014 0.9415 0
    outer loop
      vertex -30.4693 -23.6955 0
      vertex -30.8389 -23.8278 4
      vertex -30.4693 -23.6955 4
    endloop
  endfacet
  facet normal -0.337014 0.9415 0
    outer loop
      vertex -30.8389 -23.8278 4
      vertex -30.4693 -23.6955 0
      vertex -30.8389 -23.8278 0
    endloop
  endfacet
  facet normal -0.803137 -0.595794 0
    outer loop
      vertex -28.6741 -17.7777 0
      vertex -28.908 -17.4624 4
      vertex -28.908 -17.4624 0
    endloop
  endfacet
  facet normal -0.803137 -0.595794 0
    outer loop
      vertex -28.908 -17.4624 4
      vertex -28.6741 -17.7777 0
      vertex -28.6741 -17.7777 4
    endloop
  endfacet
  facet normal -0.514084 -0.85774 0
    outer loop
      vertex -30.1144 -16.4723 0
      vertex -29.7777 -16.6741 4
      vertex -30.1144 -16.4723 4
    endloop
  endfacet
  facet normal -0.514084 -0.85774 -0
    outer loop
      vertex -29.7777 -16.6741 4
      vertex -30.1144 -16.4723 0
      vertex -29.7777 -16.6741 0
    endloop
  endfacet
  facet normal 0.42744 0.904044 -0
    outer loop
      vertex -33.5307 -23.6955 0
      vertex -33.8856 -23.5277 4
      vertex -33.5307 -23.6955 4
    endloop
  endfacet
  facet normal 0.42744 0.904044 0
    outer loop
      vertex -33.8856 -23.5277 4
      vertex -33.5307 -23.6955 0
      vertex -33.8856 -23.5277 0
    endloop
  endfacet
  facet normal -0.998791 0.0491626 0
    outer loop
      vertex -28.0193 -20.3921 0
      vertex -28 -20 4
      vertex -28 -20 0
    endloop
  endfacet
  facet normal -0.998791 0.0491626 0
    outer loop
      vertex -28 -20 4
      vertex -28.0193 -20.3921 0
      vertex -28.0193 -20.3921 4
    endloop
  endfacet
  facet normal -0.904044 0.42744 0
    outer loop
      vertex -28.4723 -21.8856 0
      vertex -28.3045 -21.5307 4
      vertex -28.3045 -21.5307 0
    endloop
  endfacet
  facet normal -0.904044 0.42744 0
    outer loop
      vertex -28.3045 -21.5307 4
      vertex -28.4723 -21.8856 0
      vertex -28.4723 -21.8856 4
    endloop
  endfacet
  facet normal 0.42744 -0.904044 0
    outer loop
      vertex -33.8856 -16.4723 0
      vertex -33.5307 -16.3045 4
      vertex -33.8856 -16.4723 4
    endloop
  endfacet
  facet normal 0.42744 -0.904044 0
    outer loop
      vertex -33.5307 -16.3045 4
      vertex -33.8856 -16.4723 0
      vertex -33.5307 -16.3045 0
    endloop
  endfacet
  facet normal 0.671607 -0.740908 0
    outer loop
      vertex -34.8284 -17.1716 0
      vertex -34.5376 -16.908 4
      vertex -34.8284 -17.1716 4
    endloop
  endfacet
  facet normal 0.671607 -0.740908 0
    outer loop
      vertex -34.5376 -16.908 4
      vertex -34.8284 -17.1716 0
      vertex -34.5376 -16.908 0
    endloop
  endfacet
  facet normal -0.671607 0.740908 0
    outer loop
      vertex -29.1716 -22.8284 0
      vertex -29.4624 -23.092 4
      vertex -29.1716 -22.8284 4
    endloop
  endfacet
  facet normal -0.671607 0.740908 0
    outer loop
      vertex -29.4624 -23.092 4
      vertex -29.1716 -22.8284 0
      vertex -29.4624 -23.092 0
    endloop
  endfacet
  facet normal 0.671564 0.740946 -0
    outer loop
      vertex -34.5376 -23.092 0
      vertex -34.5942 -23.0407 4
      vertex -34.5376 -23.092 4
    endloop
  endfacet
  facet normal 0.671564 0.740946 0
    outer loop
      vertex -34.5942 -23.0407 4
      vertex -34.5376 -23.092 0
      vertex -34.5942 -23.0407 0
    endloop
  endfacet
  facet normal -0.9415 -0.337014 0
    outer loop
      vertex -28.1722 -18.8389 0
      vertex -28.3045 -18.4693 4
      vertex -28.3045 -18.4693 0
    endloop
  endfacet
  facet normal -0.9415 -0.337014 0
    outer loop
      vertex -28.3045 -18.4693 4
      vertex -28.1722 -18.8389 0
      vertex -28.1722 -18.8389 4
    endloop
  endfacet
  facet normal 0.740896 -0.67162 0
    outer loop
      vertex -35 -17.3609 4
      vertex -34.8284 -17.1716 0
      vertex -34.8284 -17.1716 4
    endloop
  endfacet
  facet normal 0.740896 -0.67162 0
    outer loop
      vertex -34.8284 -17.1716 0
      vertex -35 -17.3609 4
      vertex -35 -17.3609 0
    endloop
  endfacet
  facet normal -0.970068 0.242835 0
    outer loop
      vertex -28.1722 -21.1611 0
      vertex -28.0769 -20.7804 4
      vertex -28.0769 -20.7804 0
    endloop
  endfacet
  facet normal -0.970068 0.242835 0
    outer loop
      vertex -28.0769 -20.7804 4
      vertex -28.1722 -21.1611 0
      vertex -28.1722 -21.1611 4
    endloop
  endfacet
  facet normal -0.989176 0.146733 0
    outer loop
      vertex -28.0769 -20.7804 0
      vertex -28.0193 -20.3921 4
      vertex -28.0193 -20.3921 0
    endloop
  endfacet
  facet normal -0.989176 0.146733 0
    outer loop
      vertex -28.0193 -20.3921 4
      vertex -28.0769 -20.7804 0
      vertex -28.0769 -20.7804 4
    endloop
  endfacet
  facet normal 0.595794 -0.803137 0
    outer loop
      vertex -34.5376 -16.908 0
      vertex -34.2223 -16.6741 4
      vertex -34.5376 -16.908 4
    endloop
  endfacet
  facet normal 0.595794 -0.803137 0
    outer loop
      vertex -34.2223 -16.6741 4
      vertex -34.5376 -16.908 0
      vertex -34.2223 -16.6741 0
    endloop
  endfacet
  facet normal 0.146733 -0.989176 0
    outer loop
      vertex -32.7804 -16.0769 0
      vertex -32.3921 -16.0193 4
      vertex -32.7804 -16.0769 4
    endloop
  endfacet
  facet normal 0.146733 -0.989176 0
    outer loop
      vertex -32.3921 -16.0193 4
      vertex -32.7804 -16.0769 0
      vertex -32.3921 -16.0193 0
    endloop
  endfacet
  facet normal -0.337014 -0.9415 0
    outer loop
      vertex -30.8389 -16.1722 0
      vertex -30.4693 -16.3045 4
      vertex -30.8389 -16.1722 4
    endloop
  endfacet
  facet normal -0.337014 -0.9415 -0
    outer loop
      vertex -30.4693 -16.3045 4
      vertex -30.8389 -16.1722 0
      vertex -30.4693 -16.3045 0
    endloop
  endfacet
  facet normal 0.242835 -0.970068 0
    outer loop
      vertex -33.1611 -16.1722 0
      vertex -32.7804 -16.0769 4
      vertex -33.1611 -16.1722 4
    endloop
  endfacet
  facet normal 0.242835 -0.970068 0
    outer loop
      vertex -32.7804 -16.0769 4
      vertex -33.1611 -16.1722 0
      vertex -32.7804 -16.0769 0
    endloop
  endfacet
  facet normal -0.0491626 0.998791 0
    outer loop
      vertex -31.6079 -23.9807 0
      vertex -32 -24 4
      vertex -31.6079 -23.9807 4
    endloop
  endfacet
  facet normal -0.0491626 0.998791 0
    outer loop
      vertex -32 -24 4
      vertex -31.6079 -23.9807 0
      vertex -32 -24 0
    endloop
  endfacet
  facet normal -0.85774 0.514084 0
    outer loop
      vertex -28.6741 -22.2223 0
      vertex -28.4723 -21.8856 4
      vertex -28.4723 -21.8856 0
    endloop
  endfacet
  facet normal -0.85774 0.514084 0
    outer loop
      vertex -28.4723 -21.8856 4
      vertex -28.6741 -22.2223 0
      vertex -28.6741 -22.2223 4
    endloop
  endfacet
  facet normal 0.0491626 -0.998791 0
    outer loop
      vertex -32.3921 -16.0193 0
      vertex -32 -16 4
      vertex -32.3921 -16.0193 4
    endloop
  endfacet
  facet normal 0.0491626 -0.998791 0
    outer loop
      vertex -32 -16 4
      vertex -32.3921 -16.0193 0
      vertex -32 -16 0
    endloop
  endfacet
  facet normal -0.9415 0.337014 0
    outer loop
      vertex -28.3045 -21.5307 0
      vertex -28.1722 -21.1611 4
      vertex -28.1722 -21.1611 0
    endloop
  endfacet
  facet normal -0.9415 0.337014 0
    outer loop
      vertex -28.1722 -21.1611 4
      vertex -28.3045 -21.5307 0
      vertex -28.3045 -21.5307 4
    endloop
  endfacet
  facet normal -0.42744 -0.904044 0
    outer loop
      vertex -30.4693 -16.3045 0
      vertex -30.1144 -16.4723 4
      vertex -30.4693 -16.3045 4
    endloop
  endfacet
  facet normal -0.42744 -0.904044 -0
    outer loop
      vertex -30.1144 -16.4723 4
      vertex -30.4693 -16.3045 0
      vertex -30.1144 -16.4723 0
    endloop
  endfacet
  facet normal -0.740908 -0.671607 0
    outer loop
      vertex -28.908 -17.4624 0
      vertex -29.1716 -17.1716 4
      vertex -29.1716 -17.1716 0
    endloop
  endfacet
  facet normal -0.740908 -0.671607 0
    outer loop
      vertex -29.1716 -17.1716 4
      vertex -28.908 -17.4624 0
      vertex -28.908 -17.4624 4
    endloop
  endfacet
  facet normal -0.0491626 -0.998791 0
    outer loop
      vertex -32 -16 0
      vertex -31.6079 -16.0193 4
      vertex -32 -16 4
    endloop
  endfacet
  facet normal -0.0491626 -0.998791 -0
    outer loop
      vertex -31.6079 -16.0193 4
      vertex -32 -16 0
      vertex -31.6079 -16.0193 0
    endloop
  endfacet
  facet normal -0.85774 -0.514084 0
    outer loop
      vertex -28.4723 -18.1144 0
      vertex -28.6741 -17.7777 4
      vertex -28.6741 -17.7777 0
    endloop
  endfacet
  facet normal -0.85774 -0.514084 0
    outer loop
      vertex -28.6741 -17.7777 4
      vertex -28.4723 -18.1144 0
      vertex -28.4723 -18.1144 4
    endloop
  endfacet
  facet normal 0.514084 -0.85774 0
    outer loop
      vertex -34.2223 -16.6741 0
      vertex -33.8856 -16.4723 4
      vertex -34.2223 -16.6741 4
    endloop
  endfacet
  facet normal 0.514084 -0.85774 0
    outer loop
      vertex -33.8856 -16.4723 4
      vertex -34.2223 -16.6741 0
      vertex -33.8856 -16.4723 0
    endloop
  endfacet
  facet normal -0.595794 0.803137 0
    outer loop
      vertex -29.4624 -23.092 0
      vertex -29.7777 -23.3259 4
      vertex -29.4624 -23.092 4
    endloop
  endfacet
  facet normal -0.595794 0.803137 0
    outer loop
      vertex -29.7777 -23.3259 4
      vertex -29.4624 -23.092 0
      vertex -29.7777 -23.3259 0
    endloop
  endfacet
  facet normal 0.514084 0.85774 -0
    outer loop
      vertex -33.8856 -23.5277 0
      vertex -34.2223 -23.3259 4
      vertex -33.8856 -23.5277 4
    endloop
  endfacet
  facet normal 0.514084 0.85774 0
    outer loop
      vertex -34.2223 -23.3259 4
      vertex -33.8856 -23.5277 0
      vertex -34.2223 -23.3259 0
    endloop
  endfacet
  facet normal -0.671607 -0.740908 0
    outer loop
      vertex -29.4624 -16.908 0
      vertex -29.1716 -17.1716 4
      vertex -29.4624 -16.908 4
    endloop
  endfacet
  facet normal -0.671607 -0.740908 -0
    outer loop
      vertex -29.1716 -17.1716 4
      vertex -29.4624 -16.908 0
      vertex -29.1716 -17.1716 0
    endloop
  endfacet
  facet normal -0.242835 -0.970068 0
    outer loop
      vertex -31.2196 -16.0769 0
      vertex -30.8389 -16.1722 4
      vertex -31.2196 -16.0769 4
    endloop
  endfacet
  facet normal -0.242835 -0.970068 -0
    outer loop
      vertex -30.8389 -16.1722 4
      vertex -31.2196 -16.0769 0
      vertex -30.8389 -16.1722 0
    endloop
  endfacet
  facet normal 0.595794 0.803137 -0
    outer loop
      vertex -34.2223 -23.3259 0
      vertex -34.5376 -23.092 4
      vertex -34.2223 -23.3259 4
    endloop
  endfacet
  facet normal 0.595794 0.803137 0
    outer loop
      vertex -34.5376 -23.092 4
      vertex -34.2223 -23.3259 0
      vertex -34.5376 -23.092 0
    endloop
  endfacet
  facet normal 0.0491626 0.998791 -0
    outer loop
      vertex -32 -24 0
      vertex -32.3921 -23.9807 4
      vertex -32 -24 4
    endloop
  endfacet
  facet normal 0.0491626 0.998791 0
    outer loop
      vertex -32.3921 -23.9807 4
      vertex -32 -24 0
      vertex -32.3921 -23.9807 0
    endloop
  endfacet
  facet normal -0.740908 0.671607 0
    outer loop
      vertex -29.1716 -22.8284 0
      vertex -28.908 -22.5376 4
      vertex -28.908 -22.5376 0
    endloop
  endfacet
  facet normal -0.740908 0.671607 0
    outer loop
      vertex -28.908 -22.5376 4
      vertex -29.1716 -22.8284 0
      vertex -29.1716 -22.8284 4
    endloop
  endfacet
  facet normal 0.337014 0.9415 -0
    outer loop
      vertex -33.1611 -23.8278 0
      vertex -33.5307 -23.6955 4
      vertex -33.1611 -23.8278 4
    endloop
  endfacet
  facet normal 0.337014 0.9415 0
    outer loop
      vertex -33.5307 -23.6955 4
      vertex -33.1611 -23.8278 0
      vertex -33.5307 -23.6955 0
    endloop
  endfacet
  facet normal 0.242835 0.970068 -0
    outer loop
      vertex -32.7804 -23.9231 0
      vertex -33.1611 -23.8278 4
      vertex -32.7804 -23.9231 4
    endloop
  endfacet
  facet normal 0.242835 0.970068 0
    outer loop
      vertex -33.1611 -23.8278 4
      vertex -32.7804 -23.9231 0
      vertex -33.1611 -23.8278 0
    endloop
  endfacet
  facet normal 0.9415 -0.337014 0
    outer loop
      vertex 28.1722 -18.8389 4
      vertex 28.3045 -18.4693 0
      vertex 28.3045 -18.4693 4
    endloop
  endfacet
  facet normal 0.9415 -0.337014 0
    outer loop
      vertex 28.3045 -18.4693 0
      vertex 28.1722 -18.8389 4
      vertex 28.1722 -18.8389 0
    endloop
  endfacet
  facet normal 0.989176 -0.146733 0
    outer loop
      vertex 28.0193 -19.6079 4
      vertex 28.0769 -19.2196 0
      vertex 28.0769 -19.2196 4
    endloop
  endfacet
  facet normal 0.989176 -0.146733 0
    outer loop
      vertex 28.0769 -19.2196 0
      vertex 28.0193 -19.6079 4
      vertex 28.0193 -19.6079 0
    endloop
  endfacet
  facet normal -0.671607 -0.740908 0
    outer loop
      vertex 34.5376 -16.908 0
      vertex 34.8284 -17.1716 4
      vertex 34.5376 -16.908 4
    endloop
  endfacet
  facet normal -0.671607 -0.740908 -0
    outer loop
      vertex 34.8284 -17.1716 4
      vertex 34.5376 -16.908 0
      vertex 34.8284 -17.1716 0
    endloop
  endfacet
  facet normal 0.146733 -0.989176 0
    outer loop
      vertex 31.2196 -16.0769 0
      vertex 31.6079 -16.0193 4
      vertex 31.2196 -16.0769 4
    endloop
  endfacet
  facet normal 0.146733 -0.989176 0
    outer loop
      vertex 31.6079 -16.0193 4
      vertex 31.2196 -16.0769 0
      vertex 31.6079 -16.0193 0
    endloop
  endfacet
  facet normal 0.514084 0.85774 -0
    outer loop
      vertex 30.1144 -23.5277 0
      vertex 29.7777 -23.3259 4
      vertex 30.1144 -23.5277 4
    endloop
  endfacet
  facet normal 0.514084 0.85774 0
    outer loop
      vertex 29.7777 -23.3259 4
      vertex 30.1144 -23.5277 0
      vertex 29.7777 -23.3259 0
    endloop
  endfacet
  facet normal -0.595794 -0.803137 0
    outer loop
      vertex 34.2223 -16.6741 0
      vertex 34.5376 -16.908 4
      vertex 34.2223 -16.6741 4
    endloop
  endfacet
  facet normal -0.595794 -0.803137 -0
    outer loop
      vertex 34.5376 -16.908 4
      vertex 34.2223 -16.6741 0
      vertex 34.5376 -16.908 0
    endloop
  endfacet
  facet normal 0.242835 -0.970068 0
    outer loop
      vertex 30.8389 -16.1722 0
      vertex 31.2196 -16.0769 4
      vertex 30.8389 -16.1722 4
    endloop
  endfacet
  facet normal 0.242835 -0.970068 0
    outer loop
      vertex 31.2196 -16.0769 4
      vertex 30.8389 -16.1722 0
      vertex 31.2196 -16.0769 0
    endloop
  endfacet
  facet normal -0.42744 -0.904044 0
    outer loop
      vertex 33.5307 -16.3045 0
      vertex 33.8856 -16.4723 4
      vertex 33.5307 -16.3045 4
    endloop
  endfacet
  facet normal -0.42744 -0.904044 -0
    outer loop
      vertex 33.8856 -16.4723 4
      vertex 33.5307 -16.3045 0
      vertex 33.8856 -16.4723 0
    endloop
  endfacet
  facet normal 0.803137 -0.595794 0
    outer loop
      vertex 28.6741 -17.7777 4
      vertex 28.908 -17.4624 0
      vertex 28.908 -17.4624 4
    endloop
  endfacet
  facet normal 0.803137 -0.595794 0
    outer loop
      vertex 28.908 -17.4624 0
      vertex 28.6741 -17.7777 4
      vertex 28.6741 -17.7777 0
    endloop
  endfacet
  facet normal 0.42744 -0.904044 0
    outer loop
      vertex 30.1144 -16.4723 0
      vertex 30.4693 -16.3045 4
      vertex 30.1144 -16.4723 4
    endloop
  endfacet
  facet normal 0.42744 -0.904044 0
    outer loop
      vertex 30.4693 -16.3045 4
      vertex 30.1144 -16.4723 0
      vertex 30.4693 -16.3045 0
    endloop
  endfacet
  facet normal -0.671564 0.740946 0
    outer loop
      vertex 34.5942 -23.0407 0
      vertex 34.5376 -23.092 4
      vertex 34.5942 -23.0407 4
    endloop
  endfacet
  facet normal -0.671564 0.740946 0
    outer loop
      vertex 34.5376 -23.092 4
      vertex 34.5942 -23.0407 0
      vertex 34.5376 -23.092 0
    endloop
  endfacet
  facet normal 0.671607 0.740908 -0
    outer loop
      vertex 29.4624 -23.092 0
      vertex 29.1716 -22.8284 4
      vertex 29.4624 -23.092 4
    endloop
  endfacet
  facet normal 0.671607 0.740908 0
    outer loop
      vertex 29.1716 -22.8284 4
      vertex 29.4624 -23.092 0
      vertex 29.1716 -22.8284 0
    endloop
  endfacet
  facet normal -0.42744 0.904044 0
    outer loop
      vertex 33.8856 -23.5277 0
      vertex 33.5307 -23.6955 4
      vertex 33.8856 -23.5277 4
    endloop
  endfacet
  facet normal -0.42744 0.904044 0
    outer loop
      vertex 33.5307 -23.6955 4
      vertex 33.8856 -23.5277 0
      vertex 33.5307 -23.6955 0
    endloop
  endfacet
  facet normal -0.337014 0.9415 0
    outer loop
      vertex 33.5307 -23.6955 0
      vertex 33.1611 -23.8278 4
      vertex 33.5307 -23.6955 4
    endloop
  endfacet
  facet normal -0.337014 0.9415 0
    outer loop
      vertex 33.1611 -23.8278 4
      vertex 33.5307 -23.6955 0
      vertex 33.1611 -23.8278 0
    endloop
  endfacet
  facet normal -0.0491626 -0.998791 0
    outer loop
      vertex 32 -16 0
      vertex 32.3921 -16.0193 4
      vertex 32 -16 4
    endloop
  endfacet
  facet normal -0.0491626 -0.998791 -0
    outer loop
      vertex 32.3921 -16.0193 4
      vertex 32 -16 0
      vertex 32.3921 -16.0193 0
    endloop
  endfacet
  facet normal 0.989176 0.146733 0
    outer loop
      vertex 28.0769 -20.7804 4
      vertex 28.0193 -20.3921 0
      vertex 28.0193 -20.3921 4
    endloop
  endfacet
  facet normal 0.989176 0.146733 0
    outer loop
      vertex 28.0193 -20.3921 0
      vertex 28.0769 -20.7804 4
      vertex 28.0769 -20.7804 0
    endloop
  endfacet
  facet normal 0.970068 -0.242835 0
    outer loop
      vertex 28.0769 -19.2196 4
      vertex 28.1722 -18.8389 0
      vertex 28.1722 -18.8389 4
    endloop
  endfacet
  facet normal 0.970068 -0.242835 0
    outer loop
      vertex 28.1722 -18.8389 0
      vertex 28.0769 -19.2196 4
      vertex 28.0769 -19.2196 0
    endloop
  endfacet
  facet normal 0.0491626 -0.998791 0
    outer loop
      vertex 31.6079 -16.0193 0
      vertex 32 -16 4
      vertex 31.6079 -16.0193 4
    endloop
  endfacet
  facet normal 0.0491626 -0.998791 0
    outer loop
      vertex 32 -16 4
      vertex 31.6079 -16.0193 0
      vertex 32 -16 0
    endloop
  endfacet
  facet normal -0.242835 0.970068 0
    outer loop
      vertex 33.1611 -23.8278 0
      vertex 32.7804 -23.9231 4
      vertex 33.1611 -23.8278 4
    endloop
  endfacet
  facet normal -0.242835 0.970068 0
    outer loop
      vertex 32.7804 -23.9231 4
      vertex 33.1611 -23.8278 0
      vertex 32.7804 -23.9231 0
    endloop
  endfacet
  facet normal 0.514084 -0.85774 0
    outer loop
      vertex 29.7777 -16.6741 0
      vertex 30.1144 -16.4723 4
      vertex 29.7777 -16.6741 4
    endloop
  endfacet
  facet normal 0.514084 -0.85774 0
    outer loop
      vertex 30.1144 -16.4723 4
      vertex 29.7777 -16.6741 0
      vertex 30.1144 -16.4723 0
    endloop
  endfacet
  facet normal 0.803137 0.595794 0
    outer loop
      vertex 28.908 -22.5376 4
      vertex 28.6741 -22.2223 0
      vertex 28.6741 -22.2223 4
    endloop
  endfacet
  facet normal 0.803137 0.595794 0
    outer loop
      vertex 28.6741 -22.2223 0
      vertex 28.908 -22.5376 4
      vertex 28.908 -22.5376 0
    endloop
  endfacet
  facet normal 0.146733 0.989176 -0
    outer loop
      vertex 31.6079 -23.9807 0
      vertex 31.2196 -23.9231 4
      vertex 31.6079 -23.9807 4
    endloop
  endfacet
  facet normal 0.146733 0.989176 0
    outer loop
      vertex 31.2196 -23.9231 4
      vertex 31.6079 -23.9807 0
      vertex 31.2196 -23.9231 0
    endloop
  endfacet
  facet normal -0.337014 -0.9415 0
    outer loop
      vertex 33.1611 -16.1722 0
      vertex 33.5307 -16.3045 4
      vertex 33.1611 -16.1722 4
    endloop
  endfacet
  facet normal -0.337014 -0.9415 -0
    outer loop
      vertex 33.5307 -16.3045 4
      vertex 33.1611 -16.1722 0
      vertex 33.5307 -16.3045 0
    endloop
  endfacet
  facet normal -0.595794 0.803137 0
    outer loop
      vertex 34.5376 -23.092 0
      vertex 34.2223 -23.3259 4
      vertex 34.5376 -23.092 4
    endloop
  endfacet
  facet normal -0.595794 0.803137 0
    outer loop
      vertex 34.2223 -23.3259 4
      vertex 34.5376 -23.092 0
      vertex 34.2223 -23.3259 0
    endloop
  endfacet
  facet normal -0.514084 0.85774 0
    outer loop
      vertex 34.2223 -23.3259 0
      vertex 33.8856 -23.5277 4
      vertex 34.2223 -23.3259 4
    endloop
  endfacet
  facet normal -0.514084 0.85774 0
    outer loop
      vertex 33.8856 -23.5277 4
      vertex 34.2223 -23.3259 0
      vertex 33.8856 -23.5277 0
    endloop
  endfacet
  facet normal 0.337014 -0.9415 0
    outer loop
      vertex 30.4693 -16.3045 0
      vertex 30.8389 -16.1722 4
      vertex 30.4693 -16.3045 4
    endloop
  endfacet
  facet normal 0.337014 -0.9415 0
    outer loop
      vertex 30.8389 -16.1722 4
      vertex 30.4693 -16.3045 0
      vertex 30.8389 -16.1722 0
    endloop
  endfacet
  facet normal 0.970068 0.242835 0
    outer loop
      vertex 28.1722 -21.1611 4
      vertex 28.0769 -20.7804 0
      vertex 28.0769 -20.7804 4
    endloop
  endfacet
  facet normal 0.970068 0.242835 0
    outer loop
      vertex 28.0769 -20.7804 0
      vertex 28.1722 -21.1611 4
      vertex 28.1722 -21.1611 0
    endloop
  endfacet
  facet normal 0.9415 0.337014 0
    outer loop
      vertex 28.3045 -21.5307 4
      vertex 28.1722 -21.1611 0
      vertex 28.1722 -21.1611 4
    endloop
  endfacet
  facet normal 0.9415 0.337014 0
    outer loop
      vertex 28.1722 -21.1611 0
      vertex 28.3045 -21.5307 4
      vertex 28.3045 -21.5307 0
    endloop
  endfacet
  facet normal -0.146733 -0.989176 0
    outer loop
      vertex 32.3921 -16.0193 0
      vertex 32.7804 -16.0769 4
      vertex 32.3921 -16.0193 4
    endloop
  endfacet
  facet normal -0.146733 -0.989176 -0
    outer loop
      vertex 32.7804 -16.0769 4
      vertex 32.3921 -16.0193 0
      vertex 32.7804 -16.0769 0
    endloop
  endfacet
  facet normal 0.671607 -0.740908 0
    outer loop
      vertex 29.1716 -17.1716 0
      vertex 29.4624 -16.908 4
      vertex 29.1716 -17.1716 4
    endloop
  endfacet
  facet normal 0.671607 -0.740908 0
    outer loop
      vertex 29.4624 -16.908 4
      vertex 29.1716 -17.1716 0
      vertex 29.4624 -16.908 0
    endloop
  endfacet
  facet normal -0.514084 -0.85774 0
    outer loop
      vertex 33.8856 -16.4723 0
      vertex 34.2223 -16.6741 4
      vertex 33.8856 -16.4723 4
    endloop
  endfacet
  facet normal -0.514084 -0.85774 -0
    outer loop
      vertex 34.2223 -16.6741 4
      vertex 33.8856 -16.4723 0
      vertex 34.2223 -16.6741 0
    endloop
  endfacet
  facet normal 0.242835 0.970068 -0
    outer loop
      vertex 31.2196 -23.9231 0
      vertex 30.8389 -23.8278 4
      vertex 31.2196 -23.9231 4
    endloop
  endfacet
  facet normal 0.242835 0.970068 0
    outer loop
      vertex 30.8389 -23.8278 4
      vertex 31.2196 -23.9231 0
      vertex 30.8389 -23.8278 0
    endloop
  endfacet
  facet normal 0.595794 -0.803137 0
    outer loop
      vertex 29.4624 -16.908 0
      vertex 29.7777 -16.6741 4
      vertex 29.4624 -16.908 4
    endloop
  endfacet
  facet normal 0.595794 -0.803137 0
    outer loop
      vertex 29.7777 -16.6741 4
      vertex 29.4624 -16.908 0
      vertex 29.7777 -16.6741 0
    endloop
  endfacet
  facet normal 0.740908 0.671607 0
    outer loop
      vertex 29.1716 -22.8284 4
      vertex 28.908 -22.5376 0
      vertex 28.908 -22.5376 4
    endloop
  endfacet
  facet normal 0.740908 0.671607 0
    outer loop
      vertex 28.908 -22.5376 0
      vertex 29.1716 -22.8284 4
      vertex 29.1716 -22.8284 0
    endloop
  endfacet
  facet normal -0.740896 -0.67162 0
    outer loop
      vertex 35 -17.3609 0
      vertex 34.8284 -17.1716 4
      vertex 34.8284 -17.1716 0
    endloop
  endfacet
  facet normal -0.740896 -0.67162 0
    outer loop
      vertex 34.8284 -17.1716 4
      vertex 35 -17.3609 0
      vertex 35 -17.3609 4
    endloop
  endfacet
  facet normal 0.904044 -0.42744 0
    outer loop
      vertex 28.3045 -18.4693 4
      vertex 28.4723 -18.1144 0
      vertex 28.4723 -18.1144 4
    endloop
  endfacet
  facet normal 0.904044 -0.42744 0
    outer loop
      vertex 28.4723 -18.1144 0
      vertex 28.3045 -18.4693 4
      vertex 28.3045 -18.4693 0
    endloop
  endfacet
  facet normal 0.740908 -0.671607 0
    outer loop
      vertex 28.908 -17.4624 4
      vertex 29.1716 -17.1716 0
      vertex 29.1716 -17.1716 4
    endloop
  endfacet
  facet normal 0.740908 -0.671607 0
    outer loop
      vertex 29.1716 -17.1716 0
      vertex 28.908 -17.4624 4
      vertex 28.908 -17.4624 0
    endloop
  endfacet
  facet normal 0.337014 0.9415 -0
    outer loop
      vertex 30.8389 -23.8278 0
      vertex 30.4693 -23.6955 4
      vertex 30.8389 -23.8278 4
    endloop
  endfacet
  facet normal 0.337014 0.9415 0
    outer loop
      vertex 30.4693 -23.6955 4
      vertex 30.8389 -23.8278 0
      vertex 30.4693 -23.6955 0
    endloop
  endfacet
  facet normal 0.904044 0.42744 0
    outer loop
      vertex 28.4723 -21.8856 4
      vertex 28.3045 -21.5307 0
      vertex 28.3045 -21.5307 4
    endloop
  endfacet
  facet normal 0.904044 0.42744 0
    outer loop
      vertex 28.3045 -21.5307 0
      vertex 28.4723 -21.8856 4
      vertex 28.4723 -21.8856 0
    endloop
  endfacet
  facet normal -0.146733 0.989176 0
    outer loop
      vertex 32.7804 -23.9231 0
      vertex 32.3921 -23.9807 4
      vertex 32.7804 -23.9231 4
    endloop
  endfacet
  facet normal -0.146733 0.989176 0
    outer loop
      vertex 32.3921 -23.9807 4
      vertex 32.7804 -23.9231 0
      vertex 32.3921 -23.9807 0
    endloop
  endfacet
  facet normal 0.595794 0.803137 -0
    outer loop
      vertex 29.7777 -23.3259 0
      vertex 29.4624 -23.092 4
      vertex 29.7777 -23.3259 4
    endloop
  endfacet
  facet normal 0.595794 0.803137 0
    outer loop
      vertex 29.4624 -23.092 4
      vertex 29.7777 -23.3259 0
      vertex 29.4624 -23.092 0
    endloop
  endfacet
  facet normal 0.85774 0.514084 0
    outer loop
      vertex 28.6741 -22.2223 4
      vertex 28.4723 -21.8856 0
      vertex 28.4723 -21.8856 4
    endloop
  endfacet
  facet normal 0.85774 0.514084 0
    outer loop
      vertex 28.4723 -21.8856 0
      vertex 28.6741 -22.2223 4
      vertex 28.6741 -22.2223 0
    endloop
  endfacet
  facet normal -0.0491626 0.998791 0
    outer loop
      vertex 32.3921 -23.9807 0
      vertex 32 -24 4
      vertex 32.3921 -23.9807 4
    endloop
  endfacet
  facet normal -0.0491626 0.998791 0
    outer loop
      vertex 32 -24 4
      vertex 32.3921 -23.9807 0
      vertex 32 -24 0
    endloop
  endfacet
  facet normal -0.242835 -0.970068 0
    outer loop
      vertex 32.7804 -16.0769 0
      vertex 33.1611 -16.1722 4
      vertex 32.7804 -16.0769 4
    endloop
  endfacet
  facet normal -0.242835 -0.970068 -0
    outer loop
      vertex 33.1611 -16.1722 4
      vertex 32.7804 -16.0769 0
      vertex 33.1611 -16.1722 0
    endloop
  endfacet
  facet normal 0.0491626 0.998791 -0
    outer loop
      vertex 32 -24 0
      vertex 31.6079 -23.9807 4
      vertex 32 -24 4
    endloop
  endfacet
  facet normal 0.0491626 0.998791 0
    outer loop
      vertex 31.6079 -23.9807 4
      vertex 32 -24 0
      vertex 31.6079 -23.9807 0
    endloop
  endfacet
  facet normal 0.42744 0.904044 -0
    outer loop
      vertex 30.4693 -23.6955 0
      vertex 30.1144 -23.5277 4
      vertex 30.4693 -23.6955 4
    endloop
  endfacet
  facet normal 0.42744 0.904044 0
    outer loop
      vertex 30.1144 -23.5277 4
      vertex 30.4693 -23.6955 0
      vertex 30.1144 -23.5277 0
    endloop
  endfacet
  facet normal 0.998791 -0.0491626 0
    outer loop
      vertex 28 -20 4
      vertex 28.0193 -19.6079 0
      vertex 28.0193 -19.6079 4
    endloop
  endfacet
  facet normal 0.998791 -0.0491626 0
    outer loop
      vertex 28.0193 -19.6079 0
      vertex 28 -20 4
      vertex 28 -20 0
    endloop
  endfacet
  facet normal 0.998791 0.0491626 0
    outer loop
      vertex 28.0193 -20.3921 4
      vertex 28 -20 0
      vertex 28 -20 4
    endloop
  endfacet
  facet normal 0.998791 0.0491626 0
    outer loop
      vertex 28 -20 0
      vertex 28.0193 -20.3921 4
      vertex 28.0193 -20.3921 0
    endloop
  endfacet
  facet normal 0.85774 -0.514084 0
    outer loop
      vertex 28.4723 -18.1144 4
      vertex 28.6741 -17.7777 0
      vertex 28.6741 -17.7777 4
    endloop
  endfacet
  facet normal 0.85774 -0.514084 0
    outer loop
      vertex 28.6741 -17.7777 0
      vertex 28.4723 -18.1144 4
      vertex 28.4723 -18.1144 0
    endloop
  endfacet
  facet normal -0.85774 0.514084 0
    outer loop
      vertex -28.6741 17.7777 0
      vertex -28.4723 18.1144 4
      vertex -28.4723 18.1144 0
    endloop
  endfacet
  facet normal -0.85774 0.514084 0
    outer loop
      vertex -28.4723 18.1144 4
      vertex -28.6741 17.7777 0
      vertex -28.6741 17.7777 4
    endloop
  endfacet
  facet normal -0.989176 -0.146733 0
    outer loop
      vertex -28.0193 20.3921 0
      vertex -28.0769 20.7804 4
      vertex -28.0769 20.7804 0
    endloop
  endfacet
  facet normal -0.989176 -0.146733 0
    outer loop
      vertex -28.0769 20.7804 4
      vertex -28.0193 20.3921 0
      vertex -28.0193 20.3921 4
    endloop
  endfacet
  facet normal -0.998791 -0.0491626 0
    outer loop
      vertex -28 20 0
      vertex -28.0193 20.3921 4
      vertex -28.0193 20.3921 0
    endloop
  endfacet
  facet normal -0.998791 -0.0491626 0
    outer loop
      vertex -28.0193 20.3921 4
      vertex -28 20 0
      vertex -28 20 4
    endloop
  endfacet
  facet normal -0.970068 -0.242835 0
    outer loop
      vertex -28.0769 20.7804 0
      vertex -28.1722 21.1611 4
      vertex -28.1722 21.1611 0
    endloop
  endfacet
  facet normal -0.970068 -0.242835 0
    outer loop
      vertex -28.1722 21.1611 4
      vertex -28.0769 20.7804 0
      vertex -28.0769 20.7804 4
    endloop
  endfacet
  facet normal -0.998791 0.0491626 0
    outer loop
      vertex -28.0193 19.6079 0
      vertex -28 20 4
      vertex -28 20 0
    endloop
  endfacet
  facet normal -0.998791 0.0491626 0
    outer loop
      vertex -28 20 4
      vertex -28.0193 19.6079 0
      vertex -28.0193 19.6079 4
    endloop
  endfacet
  facet normal -0.337014 0.9415 0
    outer loop
      vertex -30.4693 16.3045 0
      vertex -30.8389 16.1722 4
      vertex -30.4693 16.3045 4
    endloop
  endfacet
  facet normal -0.337014 0.9415 0
    outer loop
      vertex -30.8389 16.1722 4
      vertex -30.4693 16.3045 0
      vertex -30.8389 16.1722 0
    endloop
  endfacet
  facet normal -0.42744 0.904044 0
    outer loop
      vertex -30.1144 16.4723 0
      vertex -30.4693 16.3045 4
      vertex -30.1144 16.4723 4
    endloop
  endfacet
  facet normal -0.42744 0.904044 0
    outer loop
      vertex -30.4693 16.3045 4
      vertex -30.1144 16.4723 0
      vertex -30.4693 16.3045 0
    endloop
  endfacet
  facet normal 0.514084 0.85774 -0
    outer loop
      vertex -33.8856 16.4723 0
      vertex -34.2223 16.6741 4
      vertex -33.8856 16.4723 4
    endloop
  endfacet
  facet normal 0.514084 0.85774 0
    outer loop
      vertex -34.2223 16.6741 4
      vertex -33.8856 16.4723 0
      vertex -34.2223 16.6741 0
    endloop
  endfacet
  facet normal -0.803137 -0.595794 0
    outer loop
      vertex -28.6741 22.2223 0
      vertex -28.908 22.5376 4
      vertex -28.908 22.5376 0
    endloop
  endfacet
  facet normal -0.803137 -0.595794 0
    outer loop
      vertex -28.908 22.5376 4
      vertex -28.6741 22.2223 0
      vertex -28.6741 22.2223 4
    endloop
  endfacet
  facet normal 0.337014 0.9415 -0
    outer loop
      vertex -33.1611 16.1722 0
      vertex -33.5307 16.3045 4
      vertex -33.1611 16.1722 4
    endloop
  endfacet
  facet normal 0.337014 0.9415 0
    outer loop
      vertex -33.5307 16.3045 4
      vertex -33.1611 16.1722 0
      vertex -33.5307 16.3045 0
    endloop
  endfacet
  facet normal -0.514084 0.85774 0
    outer loop
      vertex -29.7777 16.6741 0
      vertex -30.1144 16.4723 4
      vertex -29.7777 16.6741 4
    endloop
  endfacet
  facet normal -0.514084 0.85774 0
    outer loop
      vertex -30.1144 16.4723 4
      vertex -29.7777 16.6741 0
      vertex -30.1144 16.4723 0
    endloop
  endfacet
  facet normal 0.595794 0.803137 -0
    outer loop
      vertex -34.2223 16.6741 0
      vertex -34.5376 16.908 4
      vertex -34.2223 16.6741 4
    endloop
  endfacet
  facet normal 0.595794 0.803137 0
    outer loop
      vertex -34.5376 16.908 4
      vertex -34.2223 16.6741 0
      vertex -34.5376 16.908 0
    endloop
  endfacet
  facet normal -0.989176 0.146733 0
    outer loop
      vertex -28.0769 19.2196 0
      vertex -28.0193 19.6079 4
      vertex -28.0193 19.6079 0
    endloop
  endfacet
  facet normal -0.989176 0.146733 0
    outer loop
      vertex -28.0193 19.6079 4
      vertex -28.0769 19.2196 0
      vertex -28.0769 19.2196 4
    endloop
  endfacet
  facet normal -0.42744 -0.904044 0
    outer loop
      vertex -30.4693 23.6955 0
      vertex -30.1144 23.5277 4
      vertex -30.4693 23.6955 4
    endloop
  endfacet
  facet normal -0.42744 -0.904044 -0
    outer loop
      vertex -30.1144 23.5277 4
      vertex -30.4693 23.6955 0
      vertex -30.1144 23.5277 0
    endloop
  endfacet
  facet normal -0.514084 -0.85774 0
    outer loop
      vertex -30.1144 23.5277 0
      vertex -29.7777 23.3259 4
      vertex -30.1144 23.5277 4
    endloop
  endfacet
  facet normal -0.514084 -0.85774 -0
    outer loop
      vertex -29.7777 23.3259 4
      vertex -30.1144 23.5277 0
      vertex -29.7777 23.3259 0
    endloop
  endfacet
  facet normal -0.9415 -0.337014 0
    outer loop
      vertex -28.1722 21.1611 0
      vertex -28.3045 21.5307 4
      vertex -28.3045 21.5307 0
    endloop
  endfacet
  facet normal -0.9415 -0.337014 0
    outer loop
      vertex -28.3045 21.5307 4
      vertex -28.1722 21.1611 0
      vertex -28.1722 21.1611 4
    endloop
  endfacet
  facet normal 0.0491626 0.998791 -0
    outer loop
      vertex -32 16 0
      vertex -32.3921 16.0193 4
      vertex -32 16 4
    endloop
  endfacet
  facet normal 0.0491626 0.998791 0
    outer loop
      vertex -32.3921 16.0193 4
      vertex -32 16 0
      vertex -32.3921 16.0193 0
    endloop
  endfacet
  facet normal 0.242835 -0.970068 0
    outer loop
      vertex -33.1611 23.8278 0
      vertex -32.7804 23.9231 4
      vertex -33.1611 23.8278 4
    endloop
  endfacet
  facet normal 0.242835 -0.970068 0
    outer loop
      vertex -32.7804 23.9231 4
      vertex -33.1611 23.8278 0
      vertex -32.7804 23.9231 0
    endloop
  endfacet
  facet normal -0.970068 0.242835 0
    outer loop
      vertex -28.1722 18.8389 0
      vertex -28.0769 19.2196 4
      vertex -28.0769 19.2196 0
    endloop
  endfacet
  facet normal -0.970068 0.242835 0
    outer loop
      vertex -28.0769 19.2196 4
      vertex -28.1722 18.8389 0
      vertex -28.1722 18.8389 4
    endloop
  endfacet
  facet normal -0.0491626 -0.998791 0
    outer loop
      vertex -32 24 0
      vertex -31.6079 23.9807 4
      vertex -32 24 4
    endloop
  endfacet
  facet normal -0.0491626 -0.998791 -0
    outer loop
      vertex -31.6079 23.9807 4
      vertex -32 24 0
      vertex -31.6079 23.9807 0
    endloop
  endfacet
  facet normal -0.595794 0.803137 0
    outer loop
      vertex -29.4624 16.908 0
      vertex -29.7777 16.6741 4
      vertex -29.4624 16.908 4
    endloop
  endfacet
  facet normal -0.595794 0.803137 0
    outer loop
      vertex -29.7777 16.6741 4
      vertex -29.4624 16.908 0
      vertex -29.7777 16.6741 0
    endloop
  endfacet
  facet normal -0.904044 -0.42744 0
    outer loop
      vertex -28.3045 21.5307 0
      vertex -28.4723 21.8856 4
      vertex -28.4723 21.8856 0
    endloop
  endfacet
  facet normal -0.904044 -0.42744 0
    outer loop
      vertex -28.4723 21.8856 4
      vertex -28.3045 21.5307 0
      vertex -28.3045 21.5307 4
    endloop
  endfacet
  facet normal -0.740908 0.671607 0
    outer loop
      vertex -29.1716 17.1716 0
      vertex -28.908 17.4624 4
      vertex -28.908 17.4624 0
    endloop
  endfacet
  facet normal -0.740908 0.671607 0
    outer loop
      vertex -28.908 17.4624 4
      vertex -29.1716 17.1716 0
      vertex -29.1716 17.1716 4
    endloop
  endfacet
  facet normal 0.42744 -0.904044 0
    outer loop
      vertex -33.8856 23.5277 0
      vertex -33.5307 23.6955 4
      vertex -33.8856 23.5277 4
    endloop
  endfacet
  facet normal 0.42744 -0.904044 0
    outer loop
      vertex -33.5307 23.6955 4
      vertex -33.8856 23.5277 0
      vertex -33.5307 23.6955 0
    endloop
  endfacet
  facet normal 0.740896 0.67162 0
    outer loop
      vertex -34.8284 17.1716 4
      vertex -35 17.3609 0
      vertex -35 17.3609 4
    endloop
  endfacet
  facet normal 0.740896 0.67162 0
    outer loop
      vertex -35 17.3609 0
      vertex -34.8284 17.1716 4
      vertex -34.8284 17.1716 0
    endloop
  endfacet
  facet normal -0.595794 -0.803137 0
    outer loop
      vertex -29.7777 23.3259 0
      vertex -29.4624 23.092 4
      vertex -29.7777 23.3259 4
    endloop
  endfacet
  facet normal -0.595794 -0.803137 -0
    outer loop
      vertex -29.4624 23.092 4
      vertex -29.7777 23.3259 0
      vertex -29.4624 23.092 0
    endloop
  endfacet
  facet normal -0.146733 0.989176 0
    outer loop
      vertex -31.2196 16.0769 0
      vertex -31.6079 16.0193 4
      vertex -31.2196 16.0769 4
    endloop
  endfacet
  facet normal -0.146733 0.989176 0
    outer loop
      vertex -31.6079 16.0193 4
      vertex -31.2196 16.0769 0
      vertex -31.6079 16.0193 0
    endloop
  endfacet
  facet normal -0.803137 0.595794 0
    outer loop
      vertex -28.908 17.4624 0
      vertex -28.6741 17.7777 4
      vertex -28.6741 17.7777 0
    endloop
  endfacet
  facet normal -0.803137 0.595794 0
    outer loop
      vertex -28.6741 17.7777 4
      vertex -28.908 17.4624 0
      vertex -28.908 17.4624 4
    endloop
  endfacet
  facet normal -0.671607 -0.740908 0
    outer loop
      vertex -29.4624 23.092 0
      vertex -29.1716 22.8284 4
      vertex -29.4624 23.092 4
    endloop
  endfacet
  facet normal -0.671607 -0.740908 -0
    outer loop
      vertex -29.1716 22.8284 4
      vertex -29.4624 23.092 0
      vertex -29.1716 22.8284 0
    endloop
  endfacet
  facet normal -0.242835 -0.970068 0
    outer loop
      vertex -31.2196 23.9231 0
      vertex -30.8389 23.8278 4
      vertex -31.2196 23.9231 4
    endloop
  endfacet
  facet normal -0.242835 -0.970068 -0
    outer loop
      vertex -30.8389 23.8278 4
      vertex -31.2196 23.9231 0
      vertex -30.8389 23.8278 0
    endloop
  endfacet
  facet normal 0.671564 -0.740946 0
    outer loop
      vertex -34.5942 23.0407 0
      vertex -34.5376 23.092 4
      vertex -34.5942 23.0407 4
    endloop
  endfacet
  facet normal 0.671564 -0.740946 0
    outer loop
      vertex -34.5376 23.092 4
      vertex -34.5942 23.0407 0
      vertex -34.5376 23.092 0
    endloop
  endfacet
  facet normal 0.146733 0.989176 -0
    outer loop
      vertex -32.3921 16.0193 0
      vertex -32.7804 16.0769 4
      vertex -32.3921 16.0193 4
    endloop
  endfacet
  facet normal 0.146733 0.989176 0
    outer loop
      vertex -32.7804 16.0769 4
      vertex -32.3921 16.0193 0
      vertex -32.7804 16.0769 0
    endloop
  endfacet
  facet normal -0.242835 0.970068 0
    outer loop
      vertex -30.8389 16.1722 0
      vertex -31.2196 16.0769 4
      vertex -30.8389 16.1722 4
    endloop
  endfacet
  facet normal -0.242835 0.970068 0
    outer loop
      vertex -31.2196 16.0769 4
      vertex -30.8389 16.1722 0
      vertex -31.2196 16.0769 0
    endloop
  endfacet
  facet normal 0.42744 0.904044 -0
    outer loop
      vertex -33.5307 16.3045 0
      vertex -33.8856 16.4723 4
      vertex -33.5307 16.3045 4
    endloop
  endfacet
  facet normal 0.42744 0.904044 0
    outer loop
      vertex -33.8856 16.4723 4
      vertex -33.5307 16.3045 0
      vertex -33.8856 16.4723 0
    endloop
  endfacet
  facet normal -0.85774 -0.514084 0
    outer loop
      vertex -28.4723 21.8856 0
      vertex -28.6741 22.2223 4
      vertex -28.6741 22.2223 0
    endloop
  endfacet
  facet normal -0.85774 -0.514084 0
    outer loop
      vertex -28.6741 22.2223 4
      vertex -28.4723 21.8856 0
      vertex -28.4723 21.8856 4
    endloop
  endfacet
  facet normal -0.337014 -0.9415 0
    outer loop
      vertex -30.8389 23.8278 0
      vertex -30.4693 23.6955 4
      vertex -30.8389 23.8278 4
    endloop
  endfacet
  facet normal -0.337014 -0.9415 -0
    outer loop
      vertex -30.4693 23.6955 4
      vertex -30.8389 23.8278 0
      vertex -30.4693 23.6955 0
    endloop
  endfacet
  facet normal 0.595794 -0.803137 0
    outer loop
      vertex -34.5376 23.092 0
      vertex -34.2223 23.3259 4
      vertex -34.5376 23.092 4
    endloop
  endfacet
  facet normal 0.595794 -0.803137 0
    outer loop
      vertex -34.2223 23.3259 4
      vertex -34.5376 23.092 0
      vertex -34.2223 23.3259 0
    endloop
  endfacet
  facet normal 0.242835 0.970068 -0
    outer loop
      vertex -32.7804 16.0769 0
      vertex -33.1611 16.1722 4
      vertex -32.7804 16.0769 4
    endloop
  endfacet
  facet normal 0.242835 0.970068 0
    outer loop
      vertex -33.1611 16.1722 4
      vertex -32.7804 16.0769 0
      vertex -33.1611 16.1722 0
    endloop
  endfacet
  facet normal 0.146733 -0.989176 0
    outer loop
      vertex -32.7804 23.9231 0
      vertex -32.3921 23.9807 4
      vertex -32.7804 23.9231 4
    endloop
  endfacet
  facet normal 0.146733 -0.989176 0
    outer loop
      vertex -32.3921 23.9807 4
      vertex -32.7804 23.9231 0
      vertex -32.3921 23.9807 0
    endloop
  endfacet
  facet normal 0.337014 -0.9415 0
    outer loop
      vertex -33.5307 23.6955 0
      vertex -33.1611 23.8278 4
      vertex -33.5307 23.6955 4
    endloop
  endfacet
  facet normal 0.337014 -0.9415 0
    outer loop
      vertex -33.1611 23.8278 4
      vertex -33.5307 23.6955 0
      vertex -33.1611 23.8278 0
    endloop
  endfacet
  facet normal 0.671607 0.740908 -0
    outer loop
      vertex -34.5376 16.908 0
      vertex -34.8284 17.1716 4
      vertex -34.5376 16.908 4
    endloop
  endfacet
  facet normal 0.671607 0.740908 0
    outer loop
      vertex -34.8284 17.1716 4
      vertex -34.5376 16.908 0
      vertex -34.8284 17.1716 0
    endloop
  endfacet
  facet normal 0.0491626 -0.998791 0
    outer loop
      vertex -32.3921 23.9807 0
      vertex -32 24 4
      vertex -32.3921 23.9807 4
    endloop
  endfacet
  facet normal 0.0491626 -0.998791 0
    outer loop
      vertex -32 24 4
      vertex -32.3921 23.9807 0
      vertex -32 24 0
    endloop
  endfacet
  facet normal -0.904044 0.42744 0
    outer loop
      vertex -28.4723 18.1144 0
      vertex -28.3045 18.4693 4
      vertex -28.3045 18.4693 0
    endloop
  endfacet
  facet normal -0.904044 0.42744 0
    outer loop
      vertex -28.3045 18.4693 4
      vertex -28.4723 18.1144 0
      vertex -28.4723 18.1144 4
    endloop
  endfacet
  facet normal -0.740908 -0.671607 0
    outer loop
      vertex -28.908 22.5376 0
      vertex -29.1716 22.8284 4
      vertex -29.1716 22.8284 0
    endloop
  endfacet
  facet normal -0.740908 -0.671607 0
    outer loop
      vertex -29.1716 22.8284 4
      vertex -28.908 22.5376 0
      vertex -28.908 22.5376 4
    endloop
  endfacet
  facet normal -0.0491626 0.998791 0
    outer loop
      vertex -31.6079 16.0193 0
      vertex -32 16 4
      vertex -31.6079 16.0193 4
    endloop
  endfacet
  facet normal -0.0491626 0.998791 0
    outer loop
      vertex -32 16 4
      vertex -31.6079 16.0193 0
      vertex -32 16 0
    endloop
  endfacet
  facet normal -0.671607 0.740908 0
    outer loop
      vertex -29.1716 17.1716 0
      vertex -29.4624 16.908 4
      vertex -29.1716 17.1716 4
    endloop
  endfacet
  facet normal -0.671607 0.740908 0
    outer loop
      vertex -29.4624 16.908 4
      vertex -29.1716 17.1716 0
      vertex -29.4624 16.908 0
    endloop
  endfacet
  facet normal -0.9415 0.337014 0
    outer loop
      vertex -28.3045 18.4693 0
      vertex -28.1722 18.8389 4
      vertex -28.1722 18.8389 0
    endloop
  endfacet
  facet normal -0.9415 0.337014 0
    outer loop
      vertex -28.1722 18.8389 4
      vertex -28.3045 18.4693 0
      vertex -28.3045 18.4693 4
    endloop
  endfacet
  facet normal -0.146733 -0.989176 0
    outer loop
      vertex -31.6079 23.9807 0
      vertex -31.2196 23.9231 4
      vertex -31.6079 23.9807 4
    endloop
  endfacet
  facet normal -0.146733 -0.989176 -0
    outer loop
      vertex -31.2196 23.9231 4
      vertex -31.6079 23.9807 0
      vertex -31.2196 23.9231 0
    endloop
  endfacet
  facet normal 0.514084 -0.85774 0
    outer loop
      vertex -34.2223 23.3259 0
      vertex -33.8856 23.5277 4
      vertex -34.2223 23.3259 4
    endloop
  endfacet
  facet normal 0.514084 -0.85774 0
    outer loop
      vertex -33.8856 23.5277 4
      vertex -34.2223 23.3259 0
      vertex -33.8856 23.5277 0
    endloop
  endfacet
  facet normal 0.337014 0.9415 -0
    outer loop
      vertex 30.8389 16.1722 0
      vertex 30.4693 16.3045 4
      vertex 30.8389 16.1722 4
    endloop
  endfacet
  facet normal 0.337014 0.9415 0
    outer loop
      vertex 30.4693 16.3045 4
      vertex 30.8389 16.1722 0
      vertex 30.4693 16.3045 0
    endloop
  endfacet
  facet normal 0.989176 -0.146733 0
    outer loop
      vertex 28.0193 20.3921 4
      vertex 28.0769 20.7804 0
      vertex 28.0769 20.7804 4
    endloop
  endfacet
  facet normal 0.989176 -0.146733 0
    outer loop
      vertex 28.0769 20.7804 0
      vertex 28.0193 20.3921 4
      vertex 28.0193 20.3921 0
    endloop
  endfacet
  facet normal 0.242835 0.970068 -0
    outer loop
      vertex 31.2196 16.0769 0
      vertex 30.8389 16.1722 4
      vertex 31.2196 16.0769 4
    endloop
  endfacet
  facet normal 0.242835 0.970068 0
    outer loop
      vertex 30.8389 16.1722 4
      vertex 31.2196 16.0769 0
      vertex 30.8389 16.1722 0
    endloop
  endfacet
  facet normal -0.337014 -0.9415 0
    outer loop
      vertex 33.1611 23.8278 0
      vertex 33.5307 23.6955 4
      vertex 33.1611 23.8278 4
    endloop
  endfacet
  facet normal -0.337014 -0.9415 -0
    outer loop
      vertex 33.5307 23.6955 4
      vertex 33.1611 23.8278 0
      vertex 33.5307 23.6955 0
    endloop
  endfacet
  facet normal 0.514084 -0.85774 0
    outer loop
      vertex 29.7777 23.3259 0
      vertex 30.1144 23.5277 4
      vertex 29.7777 23.3259 4
    endloop
  endfacet
  facet normal 0.514084 -0.85774 0
    outer loop
      vertex 30.1144 23.5277 4
      vertex 29.7777 23.3259 0
      vertex 30.1144 23.5277 0
    endloop
  endfacet
  facet normal 0.904044 0.42744 0
    outer loop
      vertex 28.4723 18.1144 4
      vertex 28.3045 18.4693 0
      vertex 28.3045 18.4693 4
    endloop
  endfacet
  facet normal 0.904044 0.42744 0
    outer loop
      vertex 28.3045 18.4693 0
      vertex 28.4723 18.1144 4
      vertex 28.4723 18.1144 0
    endloop
  endfacet
  facet normal 0.242835 -0.970068 0
    outer loop
      vertex 30.8389 23.8278 0
      vertex 31.2196 23.9231 4
      vertex 30.8389 23.8278 4
    endloop
  endfacet
  facet normal 0.242835 -0.970068 0
    outer loop
      vertex 31.2196 23.9231 4
      vertex 30.8389 23.8278 0
      vertex 31.2196 23.9231 0
    endloop
  endfacet
  facet normal 0.85774 0.514084 0
    outer loop
      vertex 28.6741 17.7777 4
      vertex 28.4723 18.1144 0
      vertex 28.4723 18.1144 4
    endloop
  endfacet
  facet normal 0.85774 0.514084 0
    outer loop
      vertex 28.4723 18.1144 0
      vertex 28.6741 17.7777 4
      vertex 28.6741 17.7777 0
    endloop
  endfacet
  facet normal -0.242835 0.970068 0
    outer loop
      vertex 33.1611 16.1722 0
      vertex 32.7804 16.0769 4
      vertex 33.1611 16.1722 4
    endloop
  endfacet
  facet normal -0.242835 0.970068 0
    outer loop
      vertex 32.7804 16.0769 4
      vertex 33.1611 16.1722 0
      vertex 32.7804 16.0769 0
    endloop
  endfacet
  facet normal 0.595794 0.803137 -0
    outer loop
      vertex 29.7777 16.6741 0
      vertex 29.4624 16.908 4
      vertex 29.7777 16.6741 4
    endloop
  endfacet
  facet normal 0.595794 0.803137 0
    outer loop
      vertex 29.4624 16.908 4
      vertex 29.7777 16.6741 0
      vertex 29.4624 16.908 0
    endloop
  endfacet
  facet normal -0.514084 0.85774 0
    outer loop
      vertex 34.2223 16.6741 0
      vertex 33.8856 16.4723 4
      vertex 34.2223 16.6741 4
    endloop
  endfacet
  facet normal -0.514084 0.85774 0
    outer loop
      vertex 33.8856 16.4723 4
      vertex 34.2223 16.6741 0
      vertex 33.8856 16.4723 0
    endloop
  endfacet
  facet normal -0.146733 -0.989176 0
    outer loop
      vertex 32.3921 23.9807 0
      vertex 32.7804 23.9231 4
      vertex 32.3921 23.9807 4
    endloop
  endfacet
  facet normal -0.146733 -0.989176 -0
    outer loop
      vertex 32.7804 23.9231 4
      vertex 32.3921 23.9807 0
      vertex 32.7804 23.9231 0
    endloop
  endfacet
  facet normal 0.595794 -0.803137 0
    outer loop
      vertex 29.4624 23.092 0
      vertex 29.7777 23.3259 4
      vertex 29.4624 23.092 4
    endloop
  endfacet
  facet normal 0.595794 -0.803137 0
    outer loop
      vertex 29.7777 23.3259 4
      vertex 29.4624 23.092 0
      vertex 29.7777 23.3259 0
    endloop
  endfacet
  facet normal -0.42744 0.904044 0
    outer loop
      vertex 33.8856 16.4723 0
      vertex 33.5307 16.3045 4
      vertex 33.8856 16.4723 4
    endloop
  endfacet
  facet normal -0.42744 0.904044 0
    outer loop
      vertex 33.5307 16.3045 4
      vertex 33.8856 16.4723 0
      vertex 33.5307 16.3045 0
    endloop
  endfacet
  facet normal 0.803137 -0.595794 0
    outer loop
      vertex 28.6741 22.2223 4
      vertex 28.908 22.5376 0
      vertex 28.908 22.5376 4
    endloop
  endfacet
  facet normal 0.803137 -0.595794 0
    outer loop
      vertex 28.908 22.5376 0
      vertex 28.6741 22.2223 4
      vertex 28.6741 22.2223 0
    endloop
  endfacet
  facet normal 0.9415 -0.337014 0
    outer loop
      vertex 28.1722 21.1611 4
      vertex 28.3045 21.5307 0
      vertex 28.3045 21.5307 4
    endloop
  endfacet
  facet normal 0.9415 -0.337014 0
    outer loop
      vertex 28.3045 21.5307 0
      vertex 28.1722 21.1611 4
      vertex 28.1722 21.1611 0
    endloop
  endfacet
  facet normal -0.42744 -0.904044 0
    outer loop
      vertex 33.5307 23.6955 0
      vertex 33.8856 23.5277 4
      vertex 33.5307 23.6955 4
    endloop
  endfacet
  facet normal -0.42744 -0.904044 -0
    outer loop
      vertex 33.8856 23.5277 4
      vertex 33.5307 23.6955 0
      vertex 33.8856 23.5277 0
    endloop
  endfacet
  facet normal 0.9415 0.337014 0
    outer loop
      vertex 28.3045 18.4693 4
      vertex 28.1722 18.8389 0
      vertex 28.1722 18.8389 4
    endloop
  endfacet
  facet normal 0.9415 0.337014 0
    outer loop
      vertex 28.1722 18.8389 0
      vertex 28.3045 18.4693 4
      vertex 28.3045 18.4693 0
    endloop
  endfacet
  facet normal 0.0491626 -0.998791 0
    outer loop
      vertex 31.6079 23.9807 0
      vertex 32 24 4
      vertex 31.6079 23.9807 4
    endloop
  endfacet
  facet normal 0.0491626 -0.998791 0
    outer loop
      vertex 32 24 4
      vertex 31.6079 23.9807 0
      vertex 32 24 0
    endloop
  endfacet
  facet normal -0.671564 -0.740946 0
    outer loop
      vertex 34.5376 23.092 0
      vertex 34.5942 23.0407 4
      vertex 34.5376 23.092 4
    endloop
  endfacet
  facet normal -0.671564 -0.740946 -0
    outer loop
      vertex 34.5942 23.0407 4
      vertex 34.5376 23.092 0
      vertex 34.5942 23.0407 0
    endloop
  endfacet
  facet normal 0.42744 -0.904044 0
    outer loop
      vertex 30.1144 23.5277 0
      vertex 30.4693 23.6955 4
      vertex 30.1144 23.5277 4
    endloop
  endfacet
  facet normal 0.42744 -0.904044 0
    outer loop
      vertex 30.4693 23.6955 4
      vertex 30.1144 23.5277 0
      vertex 30.4693 23.6955 0
    endloop
  endfacet
  facet normal 0.671607 -0.740908 0
    outer loop
      vertex 29.1716 22.8284 0
      vertex 29.4624 23.092 4
      vertex 29.1716 22.8284 4
    endloop
  endfacet
  facet normal 0.671607 -0.740908 0
    outer loop
      vertex 29.4624 23.092 4
      vertex 29.1716 22.8284 0
      vertex 29.4624 23.092 0
    endloop
  endfacet
  facet normal -0.337014 0.9415 0
    outer loop
      vertex 33.5307 16.3045 0
      vertex 33.1611 16.1722 4
      vertex 33.5307 16.3045 4
    endloop
  endfacet
  facet normal -0.337014 0.9415 0
    outer loop
      vertex 33.1611 16.1722 4
      vertex 33.5307 16.3045 0
      vertex 33.1611 16.1722 0
    endloop
  endfacet
  facet normal 0.337014 -0.9415 0
    outer loop
      vertex 30.4693 23.6955 0
      vertex 30.8389 23.8278 4
      vertex 30.4693 23.6955 4
    endloop
  endfacet
  facet normal 0.337014 -0.9415 0
    outer loop
      vertex 30.8389 23.8278 4
      vertex 30.4693 23.6955 0
      vertex 30.8389 23.8278 0
    endloop
  endfacet
  facet normal 0.85774 -0.514084 0
    outer loop
      vertex 28.4723 21.8856 4
      vertex 28.6741 22.2223 0
      vertex 28.6741 22.2223 4
    endloop
  endfacet
  facet normal 0.85774 -0.514084 0
    outer loop
      vertex 28.6741 22.2223 0
      vertex 28.4723 21.8856 4
      vertex 28.4723 21.8856 0
    endloop
  endfacet
  facet normal 0.671607 0.740908 -0
    outer loop
      vertex 29.4624 16.908 0
      vertex 29.1716 17.1716 4
      vertex 29.4624 16.908 4
    endloop
  endfacet
  facet normal 0.671607 0.740908 0
    outer loop
      vertex 29.1716 17.1716 4
      vertex 29.4624 16.908 0
      vertex 29.1716 17.1716 0
    endloop
  endfacet
  facet normal -0.595794 -0.803137 0
    outer loop
      vertex 34.2223 23.3259 0
      vertex 34.5376 23.092 4
      vertex 34.2223 23.3259 4
    endloop
  endfacet
  facet normal -0.595794 -0.803137 -0
    outer loop
      vertex 34.5376 23.092 4
      vertex 34.2223 23.3259 0
      vertex 34.5376 23.092 0
    endloop
  endfacet
  facet normal 0.514084 0.85774 -0
    outer loop
      vertex 30.1144 16.4723 0
      vertex 29.7777 16.6741 4
      vertex 30.1144 16.4723 4
    endloop
  endfacet
  facet normal 0.514084 0.85774 0
    outer loop
      vertex 29.7777 16.6741 4
      vertex 30.1144 16.4723 0
      vertex 29.7777 16.6741 0
    endloop
  endfacet
  facet normal -0.514084 -0.85774 0
    outer loop
      vertex 33.8856 23.5277 0
      vertex 34.2223 23.3259 4
      vertex 33.8856 23.5277 4
    endloop
  endfacet
  facet normal -0.514084 -0.85774 -0
    outer loop
      vertex 34.2223 23.3259 4
      vertex 33.8856 23.5277 0
      vertex 34.2223 23.3259 0
    endloop
  endfacet
  facet normal -0.146733 0.989176 0
    outer loop
      vertex 32.7804 16.0769 0
      vertex 32.3921 16.0193 4
      vertex 32.7804 16.0769 4
    endloop
  endfacet
  facet normal -0.146733 0.989176 0
    outer loop
      vertex 32.3921 16.0193 4
      vertex 32.7804 16.0769 0
      vertex 32.3921 16.0193 0
    endloop
  endfacet
  facet normal 0.998791 0.0491626 0
    outer loop
      vertex 28.0193 19.6079 4
      vertex 28 20 0
      vertex 28 20 4
    endloop
  endfacet
  facet normal 0.998791 0.0491626 0
    outer loop
      vertex 28 20 0
      vertex 28.0193 19.6079 4
      vertex 28.0193 19.6079 0
    endloop
  endfacet
  facet normal -0.0491626 -0.998791 0
    outer loop
      vertex 32 24 0
      vertex 32.3921 23.9807 4
      vertex 32 24 4
    endloop
  endfacet
  facet normal -0.0491626 -0.998791 -0
    outer loop
      vertex 32.3921 23.9807 4
      vertex 32 24 0
      vertex 32.3921 23.9807 0
    endloop
  endfacet
  facet normal 0.146733 0.989176 -0
    outer loop
      vertex 31.6079 16.0193 0
      vertex 31.2196 16.0769 4
      vertex 31.6079 16.0193 4
    endloop
  endfacet
  facet normal 0.146733 0.989176 0
    outer loop
      vertex 31.2196 16.0769 4
      vertex 31.6079 16.0193 0
      vertex 31.2196 16.0769 0
    endloop
  endfacet
  facet normal -0.671607 0.740908 0
    outer loop
      vertex 34.8284 17.1716 0
      vertex 34.5376 16.908 4
      vertex 34.8284 17.1716 4
    endloop
  endfacet
  facet normal -0.671607 0.740908 0
    outer loop
      vertex 34.5376 16.908 4
      vertex 34.8284 17.1716 0
      vertex 34.5376 16.908 0
    endloop
  endfacet
  facet normal 0.0491626 0.998791 -0
    outer loop
      vertex 32 16 0
      vertex 31.6079 16.0193 4
      vertex 32 16 4
    endloop
  endfacet
  facet normal 0.0491626 0.998791 0
    outer loop
      vertex 31.6079 16.0193 4
      vertex 32 16 0
      vertex 31.6079 16.0193 0
    endloop
  endfacet
  facet normal 0.740908 -0.671607 0
    outer loop
      vertex 28.908 22.5376 4
      vertex 29.1716 22.8284 0
      vertex 29.1716 22.8284 4
    endloop
  endfacet
  facet normal 0.740908 -0.671607 0
    outer loop
      vertex 29.1716 22.8284 0
      vertex 28.908 22.5376 4
      vertex 28.908 22.5376 0
    endloop
  endfacet
  facet normal 0.146733 -0.989176 0
    outer loop
      vertex 31.2196 23.9231 0
      vertex 31.6079 23.9807 4
      vertex 31.2196 23.9231 4
    endloop
  endfacet
  facet normal 0.146733 -0.989176 0
    outer loop
      vertex 31.6079 23.9807 4
      vertex 31.2196 23.9231 0
      vertex 31.6079 23.9807 0
    endloop
  endfacet
  facet normal 0.904044 -0.42744 0
    outer loop
      vertex 28.3045 21.5307 4
      vertex 28.4723 21.8856 0
      vertex 28.4723 21.8856 4
    endloop
  endfacet
  facet normal 0.904044 -0.42744 0
    outer loop
      vertex 28.4723 21.8856 0
      vertex 28.3045 21.5307 4
      vertex 28.3045 21.5307 0
    endloop
  endfacet
  facet normal 0.970068 -0.242835 0
    outer loop
      vertex 28.0769 20.7804 4
      vertex 28.1722 21.1611 0
      vertex 28.1722 21.1611 4
    endloop
  endfacet
  facet normal 0.970068 -0.242835 0
    outer loop
      vertex 28.1722 21.1611 0
      vertex 28.0769 20.7804 4
      vertex 28.0769 20.7804 0
    endloop
  endfacet
  facet normal -0.242835 -0.970068 0
    outer loop
      vertex 32.7804 23.9231 0
      vertex 33.1611 23.8278 4
      vertex 32.7804 23.9231 4
    endloop
  endfacet
  facet normal -0.242835 -0.970068 -0
    outer loop
      vertex 33.1611 23.8278 4
      vertex 32.7804 23.9231 0
      vertex 33.1611 23.8278 0
    endloop
  endfacet
  facet normal 0.970068 0.242835 0
    outer loop
      vertex 28.1722 18.8389 4
      vertex 28.0769 19.2196 0
      vertex 28.0769 19.2196 4
    endloop
  endfacet
  facet normal 0.970068 0.242835 0
    outer loop
      vertex 28.0769 19.2196 0
      vertex 28.1722 18.8389 4
      vertex 28.1722 18.8389 0
    endloop
  endfacet
  facet normal 0.42744 0.904044 -0
    outer loop
      vertex 30.4693 16.3045 0
      vertex 30.1144 16.4723 4
      vertex 30.4693 16.3045 4
    endloop
  endfacet
  facet normal 0.42744 0.904044 0
    outer loop
      vertex 30.1144 16.4723 4
      vertex 30.4693 16.3045 0
      vertex 30.1144 16.4723 0
    endloop
  endfacet
  facet normal 0.740908 0.671607 0
    outer loop
      vertex 29.1716 17.1716 4
      vertex 28.908 17.4624 0
      vertex 28.908 17.4624 4
    endloop
  endfacet
  facet normal 0.740908 0.671607 0
    outer loop
      vertex 28.908 17.4624 0
      vertex 29.1716 17.1716 4
      vertex 29.1716 17.1716 0
    endloop
  endfacet
  facet normal -0.0491626 0.998791 0
    outer loop
      vertex 32.3921 16.0193 0
      vertex 32 16 4
      vertex 32.3921 16.0193 4
    endloop
  endfacet
  facet normal -0.0491626 0.998791 0
    outer loop
      vertex 32 16 4
      vertex 32.3921 16.0193 0
      vertex 32 16 0
    endloop
  endfacet
  facet normal 0.989176 0.146733 0
    outer loop
      vertex 28.0769 19.2196 4
      vertex 28.0193 19.6079 0
      vertex 28.0193 19.6079 4
    endloop
  endfacet
  facet normal 0.989176 0.146733 0
    outer loop
      vertex 28.0193 19.6079 0
      vertex 28.0769 19.2196 4
      vertex 28.0769 19.2196 0
    endloop
  endfacet
  facet normal -0.595794 0.803137 0
    outer loop
      vertex 34.5376 16.908 0
      vertex 34.2223 16.6741 4
      vertex 34.5376 16.908 4
    endloop
  endfacet
  facet normal -0.595794 0.803137 0
    outer loop
      vertex 34.2223 16.6741 4
      vertex 34.5376 16.908 0
      vertex 34.2223 16.6741 0
    endloop
  endfacet
  facet normal 0.803137 0.595794 0
    outer loop
      vertex 28.908 17.4624 4
      vertex 28.6741 17.7777 0
      vertex 28.6741 17.7777 4
    endloop
  endfacet
  facet normal 0.803137 0.595794 0
    outer loop
      vertex 28.6741 17.7777 0
      vertex 28.908 17.4624 4
      vertex 28.908 17.4624 0
    endloop
  endfacet
  facet normal 0.998791 -0.0491626 0
    outer loop
      vertex 28 20 4
      vertex 28.0193 20.3921 0
      vertex 28.0193 20.3921 4
    endloop
  endfacet
  facet normal 0.998791 -0.0491626 0
    outer loop
      vertex 28.0193 20.3921 0
      vertex 28 20 4
      vertex 28 20 0
    endloop
  endfacet
  facet normal -0.740896 0.67162 0
    outer loop
      vertex 34.8284 17.1716 0
      vertex 35 17.3609 4
      vertex 35 17.3609 0
    endloop
  endfacet
  facet normal -0.740896 0.67162 0
    outer loop
      vertex 35 17.3609 4
      vertex 34.8284 17.1716 0
      vertex 34.8284 17.1716 4
    endloop
  endfacet
  facet normal -0.595684 0.803219 0
    outer loop
      vertex -29.6668 29.9776 0
      vertex -30.6127 29.2761 4
      vertex -29.6668 29.9776 4
    endloop
  endfacet
  facet normal -0.595684 0.803219 0
    outer loop
      vertex -30.6127 29.2761 4
      vertex -29.6668 29.9776 0
      vertex -30.6127 29.2761 0
    endloop
  endfacet
  facet normal -0.336939 -0.941527 0
    outer loop
      vertex -27.5922 -31.0865 0
      vertex -26.4834 -31.4833 4
      vertex -27.5922 -31.0865 4
    endloop
  endfacet
  facet normal -0.336939 -0.941527 -0
    outer loop
      vertex -26.4834 -31.4833 4
      vertex -27.5922 -31.0865 0
      vertex -26.4834 -31.4833 0
    endloop
  endfacet
  facet normal 0.336939 -0.941527 0
    outer loop
      vertex 26.4834 -31.4833 0
      vertex 27.5922 -31.0865 4
      vertex 26.4834 -31.4833 4
    endloop
  endfacet
  facet normal 0.336939 -0.941527 0
    outer loop
      vertex 27.5922 -31.0865 4
      vertex 26.4834 -31.4833 0
      vertex 27.5922 -31.0865 0
    endloop
  endfacet
  facet normal 0.671522 -0.740984 0
    outer loop
      vertex 30.6127 -29.2761 0
      vertex 31.4853 -28.4853 4
      vertex 30.6127 -29.2761 4
    endloop
  endfacet
  facet normal 0.671522 -0.740984 0
    outer loop
      vertex 31.4853 -28.4853 4
      vertex 30.6127 -29.2761 0
      vertex 31.4853 -28.4853 0
    endloop
  endfacet
  facet normal 0.242955 -0.970038 0
    outer loop
      vertex 25.3411 -31.7694 0
      vertex 26.4834 -31.4833 4
      vertex 25.3411 -31.7694 4
    endloop
  endfacet
  facet normal 0.242955 -0.970038 0
    outer loop
      vertex 26.4834 -31.4833 4
      vertex 25.3411 -31.7694 0
      vertex 26.4834 -31.4833 0
    endloop
  endfacet
  facet normal -0.970026 -0.243 0
    outer loop
      vertex -34.4833 -23.4834 0
      vertex -34.5942 -23.0407 4
      vertex -34.5942 -23.0407 0
    endloop
  endfacet
  facet normal -0.970026 -0.243 0
    outer loop
      vertex -34.5942 -23.0407 4
      vertex -34.4833 -23.4834 0
      vertex -34.4833 -23.4834 4
    endloop
  endfacet
  facet normal 0.146733 -0.989176 0
    outer loop
      vertex 24.1762 -31.9422 0
      vertex 25.3411 -31.7694 4
      vertex 24.1762 -31.9422 4
    endloop
  endfacet
  facet normal 0.146733 -0.989176 0
    outer loop
      vertex 25.3411 -31.7694 4
      vertex 24.1762 -31.9422 0
      vertex 25.3411 -31.7694 0
    endloop
  endfacet
  facet normal -0.941527 0.336939 0
    outer loop
      vertex -34.4833 23.4834 0
      vertex -34.0865 24.5922 4
      vertex -34.0865 24.5922 0
    endloop
  endfacet
  facet normal -0.941527 0.336939 0
    outer loop
      vertex -34.0865 24.5922 4
      vertex -34.4833 23.4834 0
      vertex -34.4833 23.4834 4
    endloop
  endfacet
  facet normal -0.0490821 0.998795 0
    outer loop
      vertex -23 32 0
      vertex -24.1762 31.9422 4
      vertex -23 32 4
    endloop
  endfacet
  facet normal -0.0490821 0.998795 0
    outer loop
      vertex -24.1762 31.9422 4
      vertex -23 32 0
      vertex -24.1762 31.9422 0
    endloop
  endfacet
  facet normal -0.336939 0.941527 0
    outer loop
      vertex -26.4834 31.4833 0
      vertex -27.5922 31.0865 4
      vertex -26.4834 31.4833 4
    endloop
  endfacet
  facet normal -0.336939 0.941527 0
    outer loop
      vertex -27.5922 31.0865 4
      vertex -26.4834 31.4833 0
      vertex -27.5922 31.0865 0
    endloop
  endfacet
  facet normal 0.671522 0.740984 -0
    outer loop
      vertex 31.4853 28.4853 0
      vertex 30.6127 29.2761 4
      vertex 31.4853 28.4853 4
    endloop
  endfacet
  facet normal 0.671522 0.740984 0
    outer loop
      vertex 30.6127 29.2761 4
      vertex 31.4853 28.4853 0
      vertex 30.6127 29.2761 0
    endloop
  endfacet
  facet normal -0.427473 -0.904028 0
    outer loop
      vertex -28.6568 -30.5831 0
      vertex -27.5922 -31.0865 4
      vertex -28.6568 -30.5831 4
    endloop
  endfacet
  facet normal -0.427473 -0.904028 -0
    outer loop
      vertex -27.5922 -31.0865 4
      vertex -28.6568 -30.5831 0
      vertex -27.5922 -31.0865 0
    endloop
  endfacet
  facet normal -0.595684 -0.803219 0
    outer loop
      vertex -30.6127 -29.2761 0
      vertex -29.6668 -29.9776 4
      vertex -30.6127 -29.2761 4
    endloop
  endfacet
  facet normal -0.595684 -0.803219 -0
    outer loop
      vertex -29.6668 -29.9776 4
      vertex -30.6127 -29.2761 0
      vertex -29.6668 -29.9776 0
    endloop
  endfacet
  facet normal 0.0490821 -0.998795 0
    outer loop
      vertex 23 -32 0
      vertex 24.1762 -31.9422 4
      vertex 23 -32 4
    endloop
  endfacet
  facet normal 0.0490821 -0.998795 0
    outer loop
      vertex 24.1762 -31.9422 4
      vertex 23 -32 0
      vertex 24.1762 -31.9422 0
    endloop
  endfacet
  facet normal -0.146733 -0.989176 0
    outer loop
      vertex -25.3411 -31.7694 0
      vertex -24.1762 -31.9422 4
      vertex -25.3411 -31.7694 4
    endloop
  endfacet
  facet normal -0.146733 -0.989176 -0
    outer loop
      vertex -24.1762 -31.9422 4
      vertex -25.3411 -31.7694 0
      vertex -24.1762 -31.9422 0
    endloop
  endfacet
  facet normal -0.671522 -0.740984 0
    outer loop
      vertex -31.4853 -28.4853 0
      vertex -30.6127 -29.2761 4
      vertex -31.4853 -28.4853 4
    endloop
  endfacet
  facet normal -0.671522 -0.740984 -0
    outer loop
      vertex -30.6127 -29.2761 4
      vertex -31.4853 -28.4853 0
      vertex -30.6127 -29.2761 0
    endloop
  endfacet
  facet normal 0.514184 -0.85768 0
    outer loop
      vertex 28.6568 -30.5831 0
      vertex 29.6668 -29.9776 4
      vertex 28.6568 -30.5831 4
    endloop
  endfacet
  facet normal 0.514184 -0.85768 0
    outer loop
      vertex 29.6668 -29.9776 4
      vertex 28.6568 -30.5831 0
      vertex 29.6668 -29.9776 0
    endloop
  endfacet
  facet normal -0.85768 -0.514184 0
    outer loop
      vertex -32.9776 -26.6668 0
      vertex -33.5831 -25.6568 4
      vertex -33.5831 -25.6568 0
    endloop
  endfacet
  facet normal -0.85768 -0.514184 0
    outer loop
      vertex -33.5831 -25.6568 4
      vertex -32.9776 -26.6668 0
      vertex -32.9776 -26.6668 4
    endloop
  endfacet
  facet normal 0 -1 0
    outer loop
      vertex -23 -32 0
      vertex 23 -32 4
      vertex -23 -32 4
    endloop
  endfacet
  facet normal 0 -1 -0
    outer loop
      vertex 23 -32 4
      vertex -23 -32 0
      vertex 23 -32 0
    endloop
  endfacet
  facet normal -0.427473 0.904028 0
    outer loop
      vertex -27.5922 31.0865 0
      vertex -28.6568 30.5831 4
      vertex -27.5922 31.0865 4
    endloop
  endfacet
  facet normal -0.427473 0.904028 0
    outer loop
      vertex -28.6568 30.5831 4
      vertex -27.5922 31.0865 0
      vertex -28.6568 30.5831 0
    endloop
  endfacet
  facet normal -0.803219 0.595684 0
    outer loop
      vertex -32.9776 26.6668 0
      vertex -32.2761 27.6127 4
      vertex -32.2761 27.6127 0
    endloop
  endfacet
  facet normal -0.803219 0.595684 0
    outer loop
      vertex -32.2761 27.6127 4
      vertex -32.9776 26.6668 0
      vertex -32.9776 26.6668 4
    endloop
  endfacet
  facet normal -0.514184 0.85768 0
    outer loop
      vertex -28.6568 30.5831 0
      vertex -29.6668 29.9776 4
      vertex -28.6568 30.5831 4
    endloop
  endfacet
  facet normal -0.514184 0.85768 0
    outer loop
      vertex -29.6668 29.9776 4
      vertex -28.6568 30.5831 0
      vertex -29.6668 29.9776 0
    endloop
  endfacet
  facet normal -0.740984 -0.671522 0
    outer loop
      vertex -31.4853 -28.4853 0
      vertex -32.2761 -27.6127 4
      vertex -32.2761 -27.6127 0
    endloop
  endfacet
  facet normal -0.740984 -0.671522 0
    outer loop
      vertex -32.2761 -27.6127 4
      vertex -31.4853 -28.4853 0
      vertex -31.4853 -28.4853 4
    endloop
  endfacet
  facet normal 0 1 -0
    outer loop
      vertex 23 32 0
      vertex -23 32 4
      vertex 23 32 4
    endloop
  endfacet
  facet normal 0 1 0
    outer loop
      vertex -23 32 4
      vertex 23 32 0
      vertex -23 32 0
    endloop
  endfacet
  facet normal -0.904028 0.427473 0
    outer loop
      vertex -34.0865 24.5922 0
      vertex -33.5831 25.6568 4
      vertex -33.5831 25.6568 0
    endloop
  endfacet
  facet normal -0.904028 0.427473 0
    outer loop
      vertex -33.5831 25.6568 4
      vertex -34.0865 24.5922 0
      vertex -34.0865 24.5922 4
    endloop
  endfacet
  facet normal -0.85768 0.514184 0
    outer loop
      vertex -33.5831 25.6568 0
      vertex -32.9776 26.6668 4
      vertex -32.9776 26.6668 0
    endloop
  endfacet
  facet normal -0.85768 0.514184 0
    outer loop
      vertex -32.9776 26.6668 4
      vertex -33.5831 25.6568 0
      vertex -33.5831 25.6568 4
    endloop
  endfacet
  facet normal -0.0490821 -0.998795 0
    outer loop
      vertex -24.1762 -31.9422 0
      vertex -23 -32 4
      vertex -24.1762 -31.9422 4
    endloop
  endfacet
  facet normal -0.0490821 -0.998795 -0
    outer loop
      vertex -23 -32 4
      vertex -24.1762 -31.9422 0
      vertex -23 -32 0
    endloop
  endfacet
  facet normal -0.671522 0.740984 0
    outer loop
      vertex -30.6127 29.2761 0
      vertex -31.4853 28.4853 4
      vertex -30.6127 29.2761 4
    endloop
  endfacet
  facet normal -0.671522 0.740984 0
    outer loop
      vertex -31.4853 28.4853 4
      vertex -30.6127 29.2761 0
      vertex -31.4853 28.4853 0
    endloop
  endfacet
  facet normal -1 0 0
    outer loop
      vertex -35 -17.3609 0
      vertex -35 17.3609 4
      vertex -35 17.3609 0
    endloop
  endfacet
  facet normal -1 -0 0
    outer loop
      vertex -35 17.3609 4
      vertex -35 -17.3609 0
      vertex -35 -17.3609 4
    endloop
  endfacet
  facet normal 0.336939 0.941527 -0
    outer loop
      vertex 27.5922 31.0865 0
      vertex 26.4834 31.4833 4
      vertex 27.5922 31.0865 4
    endloop
  endfacet
  facet normal 0.336939 0.941527 0
    outer loop
      vertex 26.4834 31.4833 4
      vertex 27.5922 31.0865 0
      vertex 26.4834 31.4833 0
    endloop
  endfacet
  facet normal -0.514184 -0.85768 0
    outer loop
      vertex -29.6668 -29.9776 0
      vertex -28.6568 -30.5831 4
      vertex -29.6668 -29.9776 4
    endloop
  endfacet
  facet normal -0.514184 -0.85768 -0
    outer loop
      vertex -28.6568 -30.5831 4
      vertex -29.6668 -29.9776 0
      vertex -28.6568 -30.5831 0
    endloop
  endfacet
  facet normal 0.941527 -0.336939 0
    outer loop
      vertex 34.0865 -24.5922 4
      vertex 34.4833 -23.4834 0
      vertex 34.4833 -23.4834 4
    endloop
  endfacet
  facet normal 0.941527 -0.336939 0
    outer loop
      vertex 34.4833 -23.4834 0
      vertex 34.0865 -24.5922 4
      vertex 34.0865 -24.5922 0
    endloop
  endfacet
  facet normal 0.740984 -0.671522 0
    outer loop
      vertex 31.4853 -28.4853 4
      vertex 32.2761 -27.6127 0
      vertex 32.2761 -27.6127 4
    endloop
  endfacet
  facet normal 0.740984 -0.671522 0
    outer loop
      vertex 32.2761 -27.6127 0
      vertex 31.4853 -28.4853 4
      vertex 31.4853 -28.4853 0
    endloop
  endfacet
  facet normal 0.427473 -0.904028 0
    outer loop
      vertex 27.5922 -31.0865 0
      vertex 28.6568 -30.5831 4
      vertex 27.5922 -31.0865 4
    endloop
  endfacet
  facet normal 0.427473 -0.904028 0
    outer loop
      vertex 28.6568 -30.5831 4
      vertex 27.5922 -31.0865 0
      vertex 28.6568 -30.5831 0
    endloop
  endfacet
  facet normal 0.427473 0.904028 -0
    outer loop
      vertex 28.6568 30.5831 0
      vertex 27.5922 31.0865 4
      vertex 28.6568 30.5831 4
    endloop
  endfacet
  facet normal 0.427473 0.904028 0
    outer loop
      vertex 27.5922 31.0865 4
      vertex 28.6568 30.5831 0
      vertex 27.5922 31.0865 0
    endloop
  endfacet
  facet normal 0.0490821 0.998795 -0
    outer loop
      vertex 24.1762 31.9422 0
      vertex 23 32 4
      vertex 24.1762 31.9422 4
    endloop
  endfacet
  facet normal 0.0490821 0.998795 0
    outer loop
      vertex 23 32 4
      vertex 24.1762 31.9422 0
      vertex 23 32 0
    endloop
  endfacet
  facet normal -0.740984 0.671522 0
    outer loop
      vertex -32.2761 27.6127 0
      vertex -31.4853 28.4853 4
      vertex -31.4853 28.4853 0
    endloop
  endfacet
  facet normal -0.740984 0.671522 0
    outer loop
      vertex -31.4853 28.4853 4
      vertex -32.2761 27.6127 0
      vertex -32.2761 27.6127 4
    endloop
  endfacet
  facet normal 0.514184 0.85768 -0
    outer loop
      vertex 29.6668 29.9776 0
      vertex 28.6568 30.5831 4
      vertex 29.6668 29.9776 4
    endloop
  endfacet
  facet normal 0.514184 0.85768 0
    outer loop
      vertex 28.6568 30.5831 4
      vertex 29.6668 29.9776 0
      vertex 28.6568 30.5831 0
    endloop
  endfacet
  facet normal -0.146733 0.989176 0
    outer loop
      vertex -24.1762 31.9422 0
      vertex -25.3411 31.7694 4
      vertex -24.1762 31.9422 4
    endloop
  endfacet
  facet normal -0.146733 0.989176 0
    outer loop
      vertex -25.3411 31.7694 4
      vertex -24.1762 31.9422 0
      vertex -25.3411 31.7694 0
    endloop
  endfacet
  facet normal -0.242955 0.970038 0
    outer loop
      vertex -25.3411 31.7694 0
      vertex -26.4834 31.4833 4
      vertex -25.3411 31.7694 4
    endloop
  endfacet
  facet normal -0.242955 0.970038 0
    outer loop
      vertex -26.4834 31.4833 4
      vertex -25.3411 31.7694 0
      vertex -26.4834 31.4833 0
    endloop
  endfacet
  facet normal -0.803219 -0.595684 0
    outer loop
      vertex -32.2761 -27.6127 0
      vertex -32.9776 -26.6668 4
      vertex -32.9776 -26.6668 0
    endloop
  endfacet
  facet normal -0.803219 -0.595684 0
    outer loop
      vertex -32.9776 -26.6668 4
      vertex -32.2761 -27.6127 0
      vertex -32.2761 -27.6127 4
    endloop
  endfacet
  facet normal 0.904028 0.427473 0
    outer loop
      vertex 34.0865 24.5922 4
      vertex 33.5831 25.6568 0
      vertex 33.5831 25.6568 4
    endloop
  endfacet
  facet normal 0.904028 0.427473 0
    outer loop
      vertex 33.5831 25.6568 0
      vertex 34.0865 24.5922 4
      vertex 34.0865 24.5922 0
    endloop
  endfacet
  facet normal -0.941527 -0.336939 0
    outer loop
      vertex -34.0865 -24.5922 0
      vertex -34.4833 -23.4834 4
      vertex -34.4833 -23.4834 0
    endloop
  endfacet
  facet normal -0.941527 -0.336939 0
    outer loop
      vertex -34.4833 -23.4834 4
      vertex -34.0865 -24.5922 0
      vertex -34.0865 -24.5922 4
    endloop
  endfacet
  facet normal 0.595684 0.803219 -0
    outer loop
      vertex 30.6127 29.2761 0
      vertex 29.6668 29.9776 4
      vertex 30.6127 29.2761 4
    endloop
  endfacet
  facet normal 0.595684 0.803219 0
    outer loop
      vertex 29.6668 29.9776 4
      vertex 30.6127 29.2761 0
      vertex 29.6668 29.9776 0
    endloop
  endfacet
  facet normal 0.242955 0.970038 -0
    outer loop
      vertex 26.4834 31.4833 0
      vertex 25.3411 31.7694 4
      vertex 26.4834 31.4833 4
    endloop
  endfacet
  facet normal 0.242955 0.970038 0
    outer loop
      vertex 25.3411 31.7694 4
      vertex 26.4834 31.4833 0
      vertex 25.3411 31.7694 0
    endloop
  endfacet
  facet normal 0.941527 0.336939 0
    outer loop
      vertex 34.4833 23.4834 4
      vertex 34.0865 24.5922 0
      vertex 34.0865 24.5922 4
    endloop
  endfacet
  facet normal 0.941527 0.336939 0
    outer loop
      vertex 34.0865 24.5922 0
      vertex 34.4833 23.4834 4
      vertex 34.4833 23.4834 0
    endloop
  endfacet
  facet normal 0.904028 -0.427473 0
    outer loop
      vertex 33.5831 -25.6568 4
      vertex 34.0865 -24.5922 0
      vertex 34.0865 -24.5922 4
    endloop
  endfacet
  facet normal 0.904028 -0.427473 0
    outer loop
      vertex 34.0865 -24.5922 0
      vertex 33.5831 -25.6568 4
      vertex 33.5831 -25.6568 0
    endloop
  endfacet
  facet normal 0 0 -1
    outer loop
      vertex 34.4833 -23.4834 0
      vertex 34.5376 -23.092 0
      vertex 34.5942 -23.0407 0
    endloop
  endfacet
  facet normal 0 0 -1
    outer loop
      vertex 34.4833 -23.4834 0
      vertex 34.2223 -23.3259 0
      vertex 34.5376 -23.092 0
    endloop
  endfacet
  facet normal 0 0 -1
    outer loop
      vertex 33.8856 -23.5277 0
      vertex 34.4833 -23.4834 0
      vertex 34.0865 -24.5922 0
    endloop
  endfacet
  facet normal -0 0 -1
    outer loop
      vertex 34.4833 -23.4834 0
      vertex 33.8856 -23.5277 0
      vertex 34.2223 -23.3259 0
    endloop
  endfacet
  facet normal 0 0 -1
    outer loop
      vertex 32.7804 -23.9231 0
      vertex 34.0865 -24.5922 0
      vertex 33.5831 -25.6568 0
    endloop
  endfacet
  facet normal 0 0 -1
    outer loop
      vertex 34.0865 -24.5922 0
      vertex 33.5307 -23.6955 0
      vertex 33.8856 -23.5277 0
    endloop
  endfacet
  facet normal 0 0 -1
    outer loop
      vertex 34.0865 -24.5922 0
      vertex 33.1611 -23.8278 0
      vertex 33.5307 -23.6955 0
    endloop
  endfacet
  facet normal 0 0 -1
    outer loop
      vertex 32 -24 0
      vertex 33.5831 -25.6568 0
      vertex 32.9776 -26.6668 0
    endloop
  endfacet
  facet normal 0 0 -1
    outer loop
      vertex 34.0865 -24.5922 0
      vertex 32.7804 -23.9231 0
      vertex 33.1611 -23.8278 0
    endloop
  endfacet
  facet normal 0 0 -1
    outer loop
      vertex 33.5831 -25.6568 0
      vertex 32.3921 -23.9807 0
      vertex 32.7804 -23.9231 0
    endloop
  endfacet
  facet normal 0 0 -1
    outer loop
      vertex 31.2196 -23.9231 0
      vertex 32.9776 -26.6668 0
      vertex 32.2761 -27.6127 0
    endloop
  endfacet
  facet normal 0 0 -1
    outer loop
      vertex 33.5831 -25.6568 0
      vertex 32 -24 0
      vertex 32.3921 -23.9807 0
    endloop
  endfacet
  facet normal 0 0 -1
    outer loop
      vertex 32.9776 -26.6668 0
      vertex 31.6079 -23.9807 0
      vertex 32 -24 0
    endloop
  endfacet
  facet normal 0 0 -1
    outer loop
      vertex 30.8389 -23.8278 0
      vertex 32.2761 -27.6127 0
      vertex 31.4853 -28.4853 0
    endloop
  endfacet
  facet normal 0 0 -1
    outer loop
      vertex 32.9776 -26.6668 0
      vertex 31.2196 -23.9231 0
      vertex 31.6079 -23.9807 0
    endloop
  endfacet
  facet normal 0 0 -1
    outer loop
      vertex 32.2761 -27.6127 0
      vertex 30.8389 -23.8278 0
      vertex 31.2196 -23.9231 0
    endloop
  endfacet
  facet normal 0 0 -1
    outer loop
      vertex 30.4693 -23.6955 0
      vertex 31.4853 -28.4853 0
      vertex 30.6127 -29.2761 0
    endloop
  endfacet
  facet normal 0 0 -1
    outer loop
      vertex 31.4853 -28.4853 0
      vertex 30.4693 -23.6955 0
      vertex 30.8389 -23.8278 0
    endloop
  endfacet
  facet normal 0 0 -1
    outer loop
      vertex 30.6127 -29.2761 0
      vertex 30.1144 -23.5277 0
      vertex 30.4693 -23.6955 0
    endloop
  endfacet
  facet normal 0 0 -1
    outer loop
      vertex 30.6127 -29.2761 0
      vertex 29.7777 -23.3259 0
      vertex 30.1144 -23.5277 0
    endloop
  endfacet
  facet normal 0 0 -1
    outer loop
      vertex 29.6668 -29.9776 0
      vertex 29.7777 -23.3259 0
      vertex 30.6127 -29.2761 0
    endloop
  endfacet
  facet normal 0 0 -1
    outer loop
      vertex 29.6668 -29.9776 0
      vertex 29.4624 -23.092 0
      vertex 29.7777 -23.3259 0
    endloop
  endfacet
  facet normal 0 0 -1
    outer loop
      vertex 28.6568 -30.5831 0
      vertex 29.4624 -23.092 0
      vertex 29.6668 -29.9776 0
    endloop
  endfacet
  facet normal -0 0 -1
    outer loop
      vertex 29.4624 -23.092 0
      vertex 28.6568 -30.5831 0
      vertex 29.1716 -22.8284 0
    endloop
  endfacet
  facet normal 0 0 -1
    outer loop
      vertex 27.5922 -31.0865 0
      vertex 29.1716 -22.8284 0
      vertex 28.6568 -30.5831 0
    endloop
  endfacet
  facet normal 0 0 -1
    outer loop
      vertex 26.4834 -31.4833 0
      vertex 29.1716 -22.8284 0
      vertex 27.5922 -31.0865 0
    endloop
  endfacet
  facet normal -0 0 -1
    outer loop
      vertex 29.1716 -22.8284 0
      vertex 26.4834 -31.4833 0
      vertex 28.908 -22.5376 0
    endloop
  endfacet
  facet normal 0 0 -1
    outer loop
      vertex 25.3411 -31.7694 0
      vertex 28.908 -22.5376 0
      vertex 26.4834 -31.4833 0
    endloop
  endfacet
  facet normal -0 0 -1
    outer loop
      vertex 28.908 -22.5376 0
      vertex 25.3411 -31.7694 0
      vertex 28.6741 -22.2223 0
    endloop
  endfacet
  facet normal 0 0 -1
    outer loop
      vertex 24.1762 -31.9422 0
      vertex 28.6741 -22.2223 0
      vertex 25.3411 -31.7694 0
    endloop
  endfacet
  facet normal 0 0 -1
    outer loop
      vertex 23 -32 0
      vertex 28.6741 -22.2223 0
      vertex 24.1762 -31.9422 0
    endloop
  endfacet
  facet normal -0 0 -1
    outer loop
      vertex 28.3045 -21.5307 0
      vertex 23 -32 0
      vertex 28.1722 -21.1611 0
    endloop
  endfacet
  facet normal -0 0 -1
    outer loop
      vertex 28.4723 -21.8856 0
      vertex 23 -32 0
      vertex 28.3045 -21.5307 0
    endloop
  endfacet
  facet normal -0 0 -1
    outer loop
      vertex 28.6741 -22.2223 0
      vertex 23 -32 0
      vertex 28.4723 -21.8856 0
    endloop
  endfacet
  facet normal 0 0 -1
    outer loop
      vertex 34.8284 -17.1716 0
      vertex 35 17.3609 0
      vertex 35 -17.3609 0
    endloop
  endfacet
  facet normal 0 0 -1
    outer loop
      vertex 34.8284 -17.1716 0
      vertex 34.8284 17.1716 0
      vertex 35 17.3609 0
    endloop
  endfacet
  facet normal 0 0 -1
    outer loop
      vertex 34.5376 -16.908 0
      vertex 34.8284 17.1716 0
      vertex 34.8284 -17.1716 0
    endloop
  endfacet
  facet normal 0 0 -1
    outer loop
      vertex 34.5376 -16.908 0
      vertex 34.5376 16.908 0
      vertex 34.8284 17.1716 0
    endloop
  endfacet
  facet normal 0 0 -1
    outer loop
      vertex 34.2223 -16.6741 0
      vertex 34.5376 16.908 0
      vertex 34.5376 -16.908 0
    endloop
  endfacet
  facet normal 0 0 -1
    outer loop
      vertex 34.2223 -16.6741 0
      vertex 34.2223 16.6741 0
      vertex 34.5376 16.908 0
    endloop
  endfacet
  facet normal 0 0 -1
    outer loop
      vertex 33.8856 -16.4723 0
      vertex 34.2223 16.6741 0
      vertex 34.2223 -16.6741 0
    endloop
  endfacet
  facet normal 0 0 -1
    outer loop
      vertex 33.8856 -16.4723 0
      vertex 33.8856 16.4723 0
      vertex 34.2223 16.6741 0
    endloop
  endfacet
  facet normal 0 0 -1
    outer loop
      vertex 33.5307 -16.3045 0
      vertex 33.8856 16.4723 0
      vertex 33.8856 -16.4723 0
    endloop
  endfacet
  facet normal 0 0 -1
    outer loop
      vertex 33.5307 -16.3045 0
      vertex 33.5307 16.3045 0
      vertex 33.8856 16.4723 0
    endloop
  endfacet
  facet normal 0 0 -1
    outer loop
      vertex 33.1611 -16.1722 0
      vertex 33.5307 16.3045 0
      vertex 33.5307 -16.3045 0
    endloop
  endfacet
  facet normal 0 0 -1
    outer loop
      vertex 33.1611 -16.1722 0
      vertex 33.1611 16.1722 0
      vertex 33.5307 16.3045 0
    endloop
  endfacet
  facet normal 0 0 -1
    outer loop
      vertex 32.7804 -16.0769 0
      vertex 33.1611 16.1722 0
      vertex 33.1611 -16.1722 0
    endloop
  endfacet
  facet normal 0 0 -1
    outer loop
      vertex 32.7804 -16.0769 0
      vertex 32.7804 16.0769 0
      vertex 33.1611 16.1722 0
    endloop
  endfacet
  facet normal 0 0 -1
    outer loop
      vertex 32.3921 -16.0193 0
      vertex 32.7804 16.0769 0
      vertex 32.7804 -16.0769 0
    endloop
  endfacet
  facet normal 0 0 -1
    outer loop
      vertex 32.3921 -16.0193 0
      vertex 32.3921 16.0193 0
      vertex 32.7804 16.0769 0
    endloop
  endfacet
  facet normal 0 0 -1
    outer loop
      vertex 32 -16 0
      vertex 32.3921 16.0193 0
      vertex 32.3921 -16.0193 0
    endloop
  endfacet
  facet normal 0 0 -1
    outer loop
      vertex 32 -16 0
      vertex 32 16 0
      vertex 32.3921 16.0193 0
    endloop
  endfacet
  facet normal 0 0 -1
    outer loop
      vertex 31.6079 -16.0193 0
      vertex 32 16 0
      vertex 32 -16 0
    endloop
  endfacet
  facet normal 0 0 -1
    outer loop
      vertex 31.6079 -16.0193 0
      vertex 31.6079 16.0193 0
      vertex 32 16 0
    endloop
  endfacet
  facet normal 0 0 -1
    outer loop
      vertex 31.2196 -16.0769 0
      vertex 31.6079 16.0193 0
      vertex 31.6079 -16.0193 0
    endloop
  endfacet
  facet normal 0 0 -1
    outer loop
      vertex 31.2196 -16.0769 0
      vertex 31.2196 16.0769 0
      vertex 31.6079 16.0193 0
    endloop
  endfacet
  facet normal 0 0 -1
    outer loop
      vertex 30.8389 -16.1722 0
      vertex 31.2196 16.0769 0
      vertex 31.2196 -16.0769 0
    endloop
  endfacet
  facet normal 0 0 -1
    outer loop
      vertex 30.8389 -16.1722 0
      vertex 30.8389 16.1722 0
      vertex 31.2196 16.0769 0
    endloop
  endfacet
  facet normal 0 0 -1
    outer loop
      vertex 30.4693 -16.3045 0
      vertex 30.8389 16.1722 0
      vertex 30.8389 -16.1722 0
    endloop
  endfacet
  facet normal 0 0 -1
    outer loop
      vertex 30.4693 -16.3045 0
      vertex 30.4693 16.3045 0
      vertex 30.8389 16.1722 0
    endloop
  endfacet
  facet normal 0 0 -1
    outer loop
      vertex 30.1144 -16.4723 0
      vertex 30.4693 16.3045 0
      vertex 30.4693 -16.3045 0
    endloop
  endfacet
  facet normal 0 0 -1
    outer loop
      vertex 30.1144 -16.4723 0
      vertex 30.1144 16.4723 0
      vertex 30.4693 16.3045 0
    endloop
  endfacet
  facet normal 0 0 -1
    outer loop
      vertex 29.7777 -16.6741 0
      vertex 30.1144 16.4723 0
      vertex 30.1144 -16.4723 0
    endloop
  endfacet
  facet normal 0 0 -1
    outer loop
      vertex 29.7777 -16.6741 0
      vertex 29.7777 16.6741 0
      vertex 30.1144 16.4723 0
    endloop
  endfacet
  facet normal 0 0 -1
    outer loop
      vertex 29.4624 -16.908 0
      vertex 29.7777 16.6741 0
      vertex 29.7777 -16.6741 0
    endloop
  endfacet
  facet normal 0 0 -1
    outer loop
      vertex 29.4624 -16.908 0
      vertex 29.4624 16.908 0
      vertex 29.7777 16.6741 0
    endloop
  endfacet
  facet normal 0 0 -1
    outer loop
      vertex 29.1716 -17.1716 0
      vertex 29.4624 16.908 0
      vertex 29.4624 -16.908 0
    endloop
  endfacet
  facet normal 0 0 -1
    outer loop
      vertex 29.1716 -17.1716 0
      vertex 29.1716 17.1716 0
      vertex 29.4624 16.908 0
    endloop
  endfacet
  facet normal 0 0 -1
    outer loop
      vertex 28.908 -17.4624 0
      vertex 29.1716 17.1716 0
      vertex 29.1716 -17.1716 0
    endloop
  endfacet
  facet normal 0 0 -1
    outer loop
      vertex 28.908 -17.4624 0
      vertex 28.908 17.4624 0
      vertex 29.1716 17.1716 0
    endloop
  endfacet
  facet normal 0 0 -1
    outer loop
      vertex 28.6741 -17.7777 0
      vertex 28.908 17.4624 0
      vertex 28.908 -17.4624 0
    endloop
  endfacet
  facet normal 0 0 -1
    outer loop
      vertex 28.6741 -17.7777 0
      vertex 28.6741 17.7777 0
      vertex 28.908 17.4624 0
    endloop
  endfacet
  facet normal 0 0 -1
    outer loop
      vertex 28.4723 -18.1144 0
      vertex 28.6741 17.7777 0
      vertex 28.6741 -17.7777 0
    endloop
  endfacet
  facet normal 0 0 -1
    outer loop
      vertex 28.4723 -18.1144 0
      vertex 28.4723 18.1144 0
      vertex 28.6741 17.7777 0
    endloop
  endfacet
  facet normal 0 0 -1
    outer loop
      vertex 28.3045 -18.4693 0
      vertex 28.4723 18.1144 0
      vertex 28.4723 -18.1144 0
    endloop
  endfacet
  facet normal 0 0 -1
    outer loop
      vertex 28.3045 -18.4693 0
      vertex 28.3045 18.4693 0
      vertex 28.4723 18.1144 0
    endloop
  endfacet
  facet normal 0 0 -1
    outer loop
      vertex 28.1722 -18.8389 0
      vertex 28.3045 18.4693 0
      vertex 28.3045 -18.4693 0
    endloop
  endfacet
  facet normal 0 0 -1
    outer loop
      vertex 28.1722 -18.8389 0
      vertex 28.1722 18.8389 0
      vertex 28.3045 18.4693 0
    endloop
  endfacet
  facet normal 0 0 -1
    outer loop
      vertex 28.0769 -19.2196 0
      vertex 28.1722 18.8389 0
      vertex 28.1722 -18.8389 0
    endloop
  endfacet
  facet normal 0 0 -1
    outer loop
      vertex 28.0769 -19.2196 0
      vertex 28.0769 19.2196 0
      vertex 28.1722 18.8389 0
    endloop
  endfacet
  facet normal 0 0 -1
    outer loop
      vertex 28.0193 -19.6079 0
      vertex 28.0769 19.2196 0
      vertex 28.0769 -19.2196 0
    endloop
  endfacet
  facet normal 0 0 -1
    outer loop
      vertex 28.0193 -19.6079 0
      vertex 28.0193 19.6079 0
      vertex 28.0769 19.2196 0
    endloop
  endfacet
  facet normal 0 0 -1
    outer loop
      vertex 28 -20 0
      vertex 28.0193 19.6079 0
      vertex 28.0193 -19.6079 0
    endloop
  endfacet
  facet normal -0 0 -1
    outer loop
      vertex 28.0193 19.6079 0
      vertex 28 -20 0
      vertex 28 20 0
    endloop
  endfacet
  facet normal 0 0 -1
    outer loop
      vertex 34.5376 23.092 0
      vertex 34.4833 23.4834 0
      vertex 34.5942 23.0407 0
    endloop
  endfacet
  facet normal 0 0 -1
    outer loop
      vertex 34.2223 23.3259 0
      vertex 34.4833 23.4834 0
      vertex 34.5376 23.092 0
    endloop
  endfacet
  facet normal 0 0 -1
    outer loop
      vertex 33.8856 23.5277 0
      vertex 34.4833 23.4834 0
      vertex 34.2223 23.3259 0
    endloop
  endfacet
  facet normal 0 0 -1
    outer loop
      vertex 34.4833 23.4834 0
      vertex 33.8856 23.5277 0
      vertex 34.0865 24.5922 0
    endloop
  endfacet
  facet normal 0 0 -1
    outer loop
      vertex 33.5307 23.6955 0
      vertex 34.0865 24.5922 0
      vertex 33.8856 23.5277 0
    endloop
  endfacet
  facet normal 0 0 -1
    outer loop
      vertex 33.1611 23.8278 0
      vertex 34.0865 24.5922 0
      vertex 33.5307 23.6955 0
    endloop
  endfacet
  facet normal 0 0 -1
    outer loop
      vertex 32.7804 23.9231 0
      vertex 34.0865 24.5922 0
      vertex 33.1611 23.8278 0
    endloop
  endfacet
  facet normal -0 0 -1
    outer loop
      vertex 34.0865 24.5922 0
      vertex 32.7804 23.9231 0
      vertex 33.5831 25.6568 0
    endloop
  endfacet
  facet normal 0 0 -1
    outer loop
      vertex 32.3921 23.9807 0
      vertex 33.5831 25.6568 0
      vertex 32.7804 23.9231 0
    endloop
  endfacet
  facet normal 0 0 -1
    outer loop
      vertex 32 24 0
      vertex 33.5831 25.6568 0
      vertex 32.3921 23.9807 0
    endloop
  endfacet
  facet normal -0 0 -1
    outer loop
      vertex 33.5831 25.6568 0
      vertex 32 24 0
      vertex 32.9776 26.6668 0
    endloop
  endfacet
  facet normal 0 0 -1
    outer loop
      vertex 31.6079 23.9807 0
      vertex 32.9776 26.6668 0
      vertex 32 24 0
    endloop
  endfacet
  facet normal 0 0 -1
    outer loop
      vertex 31.2196 23.9231 0
      vertex 32.9776 26.6668 0
      vertex 31.6079 23.9807 0
    endloop
  endfacet
  facet normal -0 0 -1
    outer loop
      vertex 32.9776 26.6668 0
      vertex 31.2196 23.9231 0
      vertex 32.2761 27.6127 0
    endloop
  endfacet
  facet normal 0 0 -1
    outer loop
      vertex 30.8389 23.8278 0
      vertex 32.2761 27.6127 0
      vertex 31.2196 23.9231 0
    endloop
  endfacet
  facet normal -0 0 -1
    outer loop
      vertex 32.2761 27.6127 0
      vertex 30.8389 23.8278 0
      vertex 31.4853 28.4853 0
    endloop
  endfacet
  facet normal 0 0 -1
    outer loop
      vertex 30.4693 23.6955 0
      vertex 31.4853 28.4853 0
      vertex 30.8389 23.8278 0
    endloop
  endfacet
  facet normal -0 0 -1
    outer loop
      vertex 31.4853 28.4853 0
      vertex 30.4693 23.6955 0
      vertex 30.6127 29.2761 0
    endloop
  endfacet
  facet normal 0 0 -1
    outer loop
      vertex 30.1144 23.5277 0
      vertex 30.6127 29.2761 0
      vertex 30.4693 23.6955 0
    endloop
  endfacet
  facet normal 0 0 -1
    outer loop
      vertex 29.7777 23.3259 0
      vertex 30.6127 29.2761 0
      vertex 30.1144 23.5277 0
    endloop
  endfacet
  facet normal 0 0 -1
    outer loop
      vertex 29.7777 23.3259 0
      vertex 29.6668 29.9776 0
      vertex 30.6127 29.2761 0
    endloop
  endfacet
  facet normal 0 0 -1
    outer loop
      vertex 29.4624 23.092 0
      vertex 29.6668 29.9776 0
      vertex 29.7777 23.3259 0
    endloop
  endfacet
  facet normal 0 0 -1
    outer loop
      vertex 28.6568 30.5831 0
      vertex 29.4624 23.092 0
      vertex 29.1716 22.8284 0
    endloop
  endfacet
  facet normal 0 0 -1
    outer loop
      vertex 26.4834 31.4833 0
      vertex 29.1716 22.8284 0
      vertex 28.908 22.5376 0
    endloop
  endfacet
  facet normal 0 0 -1
    outer loop
      vertex 25.3411 31.7694 0
      vertex 28.908 22.5376 0
      vertex 28.6741 22.2223 0
    endloop
  endfacet
  facet normal 0 0 -1
    outer loop
      vertex 29.4624 23.092 0
      vertex 28.6568 30.5831 0
      vertex 29.6668 29.9776 0
    endloop
  endfacet
  facet normal 0 0 -1
    outer loop
      vertex 23 32 0
      vertex 28.6741 22.2223 0
      vertex 28.4723 21.8856 0
    endloop
  endfacet
  facet normal 0 0 -1
    outer loop
      vertex 23 32 0
      vertex 28.4723 21.8856 0
      vertex 28.3045 21.5307 0
    endloop
  endfacet
  facet normal 0 0 -1
    outer loop
      vertex 23 32 0
      vertex 28.3045 21.5307 0
      vertex 28.1722 21.1611 0
    endloop
  endfacet
  facet normal 0 0 -1
    outer loop
      vertex 23 32 0
      vertex 28.1722 21.1611 0
      vertex 28.0769 20.7804 0
    endloop
  endfacet
  facet normal 0 0 -1
    outer loop
      vertex 13.2998 13.1734 0
      vertex 28.0769 20.7804 0
      vertex 28.0193 20.3921 0
    endloop
  endfacet
  facet normal 0 0 -1
    outer loop
      vertex 29.1716 22.8284 0
      vertex 27.5922 31.0865 0
      vertex 28.6568 30.5831 0
    endloop
  endfacet
  facet normal 0 0 -1
    outer loop
      vertex 13.889 12.8203 0
      vertex 28.0193 20.3921 0
      vertex 28 20 0
    endloop
  endfacet
  facet normal 0 -0 -1
    outer loop
      vertex 16.9663 0.313873 0
      vertex 28 -20 0
      vertex 16.8655 -0.365631 0
    endloop
  endfacet
  facet normal -0 0 -1
    outer loop
      vertex 28.1722 -21.1611 0
      vertex 23 -32 0
      vertex 28.0769 -20.7804 0
    endloop
  endfacet
  facet normal 0 0 -1
    outer loop
      vertex 17 7 0
      vertex 28 20 0
      vertex 17 1 0
    endloop
  endfacet
  facet normal -0 0 -1
    outer loop
      vertex 28.0769 -20.7804 0
      vertex 23 -32 0
      vertex 28.0193 -20.3921 0
    endloop
  endfacet
  facet normal 0 0 -1
    outer loop
      vertex 16.9663 7.68613 0
      vertex 28 20 0
      vertex 17 7 0
    endloop
  endfacet
  facet normal -0 0 -1
    outer loop
      vertex 28.0193 -20.3921 0
      vertex 23 -32 0
      vertex 28 -20 0
    endloop
  endfacet
  facet normal 0 0 -1
    outer loop
      vertex 16.8655 8.36563 0
      vertex 28 20 0
      vertex 16.9663 7.68613 0
    endloop
  endfacet
  facet normal 0 0 -1
    outer loop
      vertex 10.6861 -5.96629 0
      vertex 28 -20 0
      vertex 23 -32 0
    endloop
  endfacet
  facet normal 0 0 -1
    outer loop
      vertex 16.6986 9.032 0
      vertex 28 20 0
      vertex 16.8655 8.36563 0
    endloop
  endfacet
  facet normal 0 0 -1
    outer loop
      vertex 16.4672 9.67879 0
      vertex 28 20 0
      vertex 16.6986 9.032 0
    endloop
  endfacet
  facet normal 0 0 -1
    outer loop
      vertex 28 -20 0
      vertex 17 1 0
      vertex 28 20 0
    endloop
  endfacet
  facet normal 0 -0 -1
    outer loop
      vertex 17 1 0
      vertex 28 -20 0
      vertex 16.9663 0.313873 0
    endloop
  endfacet
  facet normal 0 0 -1
    outer loop
      vertex 28 -20 0
      vertex 16.6986 -1.032 0
      vertex 16.8655 -0.365631 0
    endloop
  endfacet
  facet normal 0 0 -1
    outer loop
      vertex 28 -20 0
      vertex 16.4672 -1.67879 0
      vertex 16.6986 -1.032 0
    endloop
  endfacet
  facet normal 0 0 -1
    outer loop
      vertex 28 -20 0
      vertex 16.1734 -2.29977 0
      vertex 16.4672 -1.67879 0
    endloop
  endfacet
  facet normal 0 0 -1
    outer loop
      vertex 28 -20 0
      vertex 15.8203 -2.88899 0
      vertex 16.1734 -2.29977 0
    endloop
  endfacet
  facet normal 0 0 -1
    outer loop
      vertex 28 -20 0
      vertex 15.4111 -3.44075 0
      vertex 15.8203 -2.88899 0
    endloop
  endfacet
  facet normal 0 0 -1
    outer loop
      vertex 28 -20 0
      vertex 14.9498 -3.94975 0
      vertex 15.4111 -3.44075 0
    endloop
  endfacet
  facet normal 0 0 -1
    outer loop
      vertex 28 -20 0
      vertex 14.4408 -4.41107 0
      vertex 14.9498 -3.94975 0
    endloop
  endfacet
  facet normal 0 0 -1
    outer loop
      vertex 28 -20 0
      vertex 13.889 -4.82028 0
      vertex 14.4408 -4.41107 0
    endloop
  endfacet
  facet normal 0 0 -1
    outer loop
      vertex 28 -20 0
      vertex 13.2998 -5.17345 0
      vertex 13.889 -4.82028 0
    endloop
  endfacet
  facet normal 0 0 -1
    outer loop
      vertex 28 -20 0
      vertex 12.6788 -5.46716 0
      vertex 13.2998 -5.17345 0
    endloop
  endfacet
  facet normal 0 0 -1
    outer loop
      vertex 28 -20 0
      vertex 12.032 -5.69858 0
      vertex 12.6788 -5.46716 0
    endloop
  endfacet
  facet normal 0 0 -1
    outer loop
      vertex 28 -20 0
      vertex 11.3656 -5.86549 0
      vertex 12.032 -5.69858 0
    endloop
  endfacet
  facet normal 0 0 -1
    outer loop
      vertex 28 -20 0
      vertex 10.6861 -5.96629 0
      vertex 11.3656 -5.86549 0
    endloop
  endfacet
  facet normal 0 0 -1
    outer loop
      vertex 23 -32 0
      vertex 10 -6 0
      vertex 10.6861 -5.96629 0
    endloop
  endfacet
  facet normal 0 0 -1
    outer loop
      vertex 23 -32 0
      vertex -10 -6 0
      vertex 10 -6 0
    endloop
  endfacet
  facet normal 0 0 -1
    outer loop
      vertex -23 -32 0
      vertex -10 -6 0
      vertex 23 -32 0
    endloop
  endfacet
  facet normal -0 0 -1
    outer loop
      vertex -10 -6 0
      vertex -23 -32 0
      vertex -10.6861 -5.96629 0
    endloop
  endfacet
  facet normal 0 0 -1
    outer loop
      vertex -28 -20 0
      vertex -10.6861 -5.96629 0
      vertex -23 -32 0
    endloop
  endfacet
  facet normal -0 0 -1
    outer loop
      vertex -10.6861 -5.96629 0
      vertex -28 -20 0
      vertex -11.3656 -5.86549 0
    endloop
  endfacet
  facet normal 0 0 -1
    outer loop
      vertex -28.0193 -19.6079 0
      vertex -11.3656 -5.86549 0
      vertex -28 -20 0
    endloop
  endfacet
  facet normal -0 0 -1
    outer loop
      vertex -11.3656 -5.86549 0
      vertex -28.0193 -19.6079 0
      vertex -12.032 -5.69858 0
    endloop
  endfacet
  facet normal -0 0 -1
    outer loop
      vertex -14.9498 -3.94975 0
      vertex -29.1716 -17.1716 0
      vertex -15.4111 -3.44075 0
    endloop
  endfacet
  facet normal 0 0 -1
    outer loop
      vertex -29.1716 -17.1716 0
      vertex -14.9498 -3.94975 0
      vertex -28.908 -17.4624 0
    endloop
  endfacet
  facet normal -0 0 -1
    outer loop
      vertex -14.4408 -4.41107 0
      vertex -28.908 -17.4624 0
      vertex -14.9498 -3.94975 0
    endloop
  endfacet
  facet normal 0 0 -1
    outer loop
      vertex -28.908 -17.4624 0
      vertex -14.4408 -4.41107 0
      vertex -28.6741 -17.7777 0
    endloop
  endfacet
  facet normal -0 0 -1
    outer loop
      vertex -13.889 -4.82028 0
      vertex -28.6741 -17.7777 0
      vertex -14.4408 -4.41107 0
    endloop
  endfacet
  facet normal 0 0 -1
    outer loop
      vertex -28.6741 -17.7777 0
      vertex -13.889 -4.82028 0
      vertex -28.4723 -18.1144 0
    endloop
  endfacet
  facet normal 0 0 -1
    outer loop
      vertex -28.4723 -18.1144 0
      vertex -13.889 -4.82028 0
      vertex -28.3045 -18.4693 0
    endloop
  endfacet
  facet normal -0 0 -1
    outer loop
      vertex -13.2998 -5.17345 0
      vertex -28.3045 -18.4693 0
      vertex -13.889 -4.82028 0
    endloop
  endfacet
  facet normal 0 0 -1
    outer loop
      vertex -28.3045 -18.4693 0
      vertex -13.2998 -5.17345 0
      vertex -28.1722 -18.8389 0
    endloop
  endfacet
  facet normal -0 0 -1
    outer loop
      vertex -12.6788 -5.46716 0
      vertex -28.1722 -18.8389 0
      vertex -13.2998 -5.17345 0
    endloop
  endfacet
  facet normal 0 0 -1
    outer loop
      vertex -28.1722 -18.8389 0
      vertex -12.6788 -5.46716 0
      vertex -28.0769 -19.2196 0
    endloop
  endfacet
  facet normal 0 0 -1
    outer loop
      vertex -28.0769 -19.2196 0
      vertex -12.032 -5.69858 0
      vertex -28.0193 -19.6079 0
    endloop
  endfacet
  facet normal -0 0 -1
    outer loop
      vertex -15.4111 -3.44075 0
      vertex -29.4624 -16.908 0
      vertex -15.8203 -2.88899 0
    endloop
  endfacet
  facet normal 0 0 -1
    outer loop
      vertex -17 7 0
      vertex -28.0193 19.6079 0
      vertex -28 20 0
    endloop
  endfacet
  facet normal 0 0 -1
    outer loop
      vertex -29.7777 -16.6741 0
      vertex -15.8203 -2.88899 0
      vertex -29.4624 -16.908 0
    endloop
  endfacet
  facet normal 0 0 -1
    outer loop
      vertex -17 7 0
      vertex -28.0769 19.2196 0
      vertex -28.0193 19.6079 0
    endloop
  endfacet
  facet normal -0 0 -1
    outer loop
      vertex -15.8203 -2.88899 0
      vertex -29.7777 -16.6741 0
      vertex -16.1734 -2.29977 0
    endloop
  endfacet
  facet normal 0 0 -1
    outer loop
      vertex -17 7 0
      vertex -28.1722 18.8389 0
      vertex -28.0769 19.2196 0
    endloop
  endfacet
  facet normal 0 0 -1
    outer loop
      vertex -30.1144 -16.4723 0
      vertex -16.1734 -2.29977 0
      vertex -29.7777 -16.6741 0
    endloop
  endfacet
  facet normal 0 0 -1
    outer loop
      vertex -17 7 0
      vertex -28.3045 18.4693 0
      vertex -28.1722 18.8389 0
    endloop
  endfacet
  facet normal 0 0 -1
    outer loop
      vertex -30.4693 -16.3045 0
      vertex -16.1734 -2.29977 0
      vertex -30.1144 -16.4723 0
    endloop
  endfacet
  facet normal 0 0 -1
    outer loop
      vertex -17 7 0
      vertex -28.4723 18.1144 0
      vertex -28.3045 18.4693 0
    endloop
  endfacet
  facet normal -0 0 -1
    outer loop
      vertex -16.1734 -2.29977 0
      vertex -30.4693 -16.3045 0
      vertex -16.4672 -1.67879 0
    endloop
  endfacet
  facet normal 0 0 -1
    outer loop
      vertex -17 7 0
      vertex -28.6741 17.7777 0
      vertex -28.4723 18.1144 0
    endloop
  endfacet
  facet normal 0 0 -1
    outer loop
      vertex -30.8389 -16.1722 0
      vertex -16.4672 -1.67879 0
      vertex -30.4693 -16.3045 0
    endloop
  endfacet
  facet normal 0 0 -1
    outer loop
      vertex -17 7 0
      vertex -28.908 17.4624 0
      vertex -28.6741 17.7777 0
    endloop
  endfacet
  facet normal -0 0 -1
    outer loop
      vertex -16.4672 -1.67879 0
      vertex -30.8389 -16.1722 0
      vertex -16.6986 -1.032 0
    endloop
  endfacet
  facet normal 0 0 -1
    outer loop
      vertex -17 7 0
      vertex -29.1716 17.1716 0
      vertex -28.908 17.4624 0
    endloop
  endfacet
  facet normal 0 0 -1
    outer loop
      vertex -31.2196 -16.0769 0
      vertex -16.6986 -1.032 0
      vertex -30.8389 -16.1722 0
    endloop
  endfacet
  facet normal 0 0 -1
    outer loop
      vertex -17 7 0
      vertex -29.4624 16.908 0
      vertex -29.1716 17.1716 0
    endloop
  endfacet
  facet normal -0 0 -1
    outer loop
      vertex -16.6986 -1.032 0
      vertex -31.2196 -16.0769 0
      vertex -16.8655 -0.365631 0
    endloop
  endfacet
  facet normal 0 0 -1
    outer loop
      vertex -17 7 0
      vertex -29.7777 16.6741 0
      vertex -29.4624 16.908 0
    endloop
  endfacet
  facet normal 0 0 -1
    outer loop
      vertex -31.6079 -16.0193 0
      vertex -16.8655 -0.365631 0
      vertex -31.2196 -16.0769 0
    endloop
  endfacet
  facet normal 0 0 -1
    outer loop
      vertex -17 7 0
      vertex -30.1144 16.4723 0
      vertex -29.7777 16.6741 0
    endloop
  endfacet
  facet normal -0 0 -1
    outer loop
      vertex -16.8655 -0.365631 0
      vertex -31.6079 -16.0193 0
      vertex -16.9663 0.313873 0
    endloop
  endfacet
  facet normal 0 0 -1
    outer loop
      vertex -17 7 0
      vertex -30.4693 16.3045 0
      vertex -30.1144 16.4723 0
    endloop
  endfacet
  facet normal 0 0 -1
    outer loop
      vertex -32 -16 0
      vertex -16.9663 0.313873 0
      vertex -31.6079 -16.0193 0
    endloop
  endfacet
  facet normal 0 0 -1
    outer loop
      vertex -17 7 0
      vertex -30.8389 16.1722 0
      vertex -30.4693 16.3045 0
    endloop
  endfacet
  facet normal -0 0 -1
    outer loop
      vertex -16.9663 0.313873 0
      vertex -32 -16 0
      vertex -17 1 0
    endloop
  endfacet
  facet normal 0 0 -1
    outer loop
      vertex -17 7 0
      vertex -31.2196 16.0769 0
      vertex -30.8389 16.1722 0
    endloop
  endfacet
  facet normal 0 0 -1
    outer loop
      vertex -32 16 0
      vertex -17 1 0
      vertex -32 -16 0
    endloop
  endfacet
  facet normal 0 0 -1
    outer loop
      vertex -17 1 0
      vertex -31.2196 16.0769 0
      vertex -17 7 0
    endloop
  endfacet
  facet normal 0 -0 -1
    outer loop
      vertex -31.6079 16.0193 0
      vertex -17 1 0
      vertex -32 16 0
    endloop
  endfacet
  facet normal 0 -0 -1
    outer loop
      vertex -31.2196 16.0769 0
      vertex -17 1 0
      vertex -31.6079 16.0193 0
    endloop
  endfacet
  facet normal 0 0 -1
    outer loop
      vertex -32.3921 -16.0193 0
      vertex -32 16 0
      vertex -32 -16 0
    endloop
  endfacet
  facet normal 0 0 -1
    outer loop
      vertex -32.3921 -16.0193 0
      vertex -32.3921 16.0193 0
      vertex -32 16 0
    endloop
  endfacet
  facet normal 0 0 -1
    outer loop
      vertex -32.7804 -16.0769 0
      vertex -32.3921 16.0193 0
      vertex -32.3921 -16.0193 0
    endloop
  endfacet
  facet normal 0 0 -1
    outer loop
      vertex -32.7804 -16.0769 0
      vertex -32.7804 16.0769 0
      vertex -32.3921 16.0193 0
    endloop
  endfacet
  facet normal 0 0 -1
    outer loop
      vertex -33.1611 -16.1722 0
      vertex -32.7804 16.0769 0
      vertex -32.7804 -16.0769 0
    endloop
  endfacet
  facet normal 0 0 -1
    outer loop
      vertex -33.1611 -16.1722 0
      vertex -33.1611 16.1722 0
      vertex -32.7804 16.0769 0
    endloop
  endfacet
  facet normal 0 0 -1
    outer loop
      vertex -33.5307 -16.3045 0
      vertex -33.1611 16.1722 0
      vertex -33.1611 -16.1722 0
    endloop
  endfacet
  facet normal 0 0 -1
    outer loop
      vertex -33.5307 -16.3045 0
      vertex -33.5307 16.3045 0
      vertex -33.1611 16.1722 0
    endloop
  endfacet
  facet normal 0 0 -1
    outer loop
      vertex -33.8856 -16.4723 0
      vertex -33.5307 16.3045 0
      vertex -33.5307 -16.3045 0
    endloop
  endfacet
  facet normal 0 0 -1
    outer loop
      vertex -33.8856 -16.4723 0
      vertex -33.8856 16.4723 0
      vertex -33.5307 16.3045 0
    endloop
  endfacet
  facet normal 0 0 -1
    outer loop
      vertex -34.2223 -16.6741 0
      vertex -33.8856 16.4723 0
      vertex -33.8856 -16.4723 0
    endloop
  endfacet
  facet normal 0 0 -1
    outer loop
      vertex -34.2223 -16.6741 0
      vertex -34.2223 16.6741 0
      vertex -33.8856 16.4723 0
    endloop
  endfacet
  facet normal 0 0 -1
    outer loop
      vertex -34.5376 -16.908 0
      vertex -34.2223 16.6741 0
      vertex -34.2223 -16.6741 0
    endloop
  endfacet
  facet normal 0 0 -1
    outer loop
      vertex -34.5376 -16.908 0
      vertex -34.5376 16.908 0
      vertex -34.2223 16.6741 0
    endloop
  endfacet
  facet normal 0 0 -1
    outer loop
      vertex -34.8284 -17.1716 0
      vertex -34.5376 16.908 0
      vertex -34.5376 -16.908 0
    endloop
  endfacet
  facet normal 0 0 -1
    outer loop
      vertex -34.8284 -17.1716 0
      vertex -34.8284 17.1716 0
      vertex -34.5376 16.908 0
    endloop
  endfacet
  facet normal 0 0 -1
    outer loop
      vertex -35 -17.3609 0
      vertex -34.8284 17.1716 0
      vertex -34.8284 -17.1716 0
    endloop
  endfacet
  facet normal -0 0 -1
    outer loop
      vertex -34.8284 17.1716 0
      vertex -35 -17.3609 0
      vertex -35 17.3609 0
    endloop
  endfacet
  facet normal 0 0 -1
    outer loop
      vertex -28.3045 21.5307 0
      vertex -23 32 0
      vertex -28.1722 21.1611 0
    endloop
  endfacet
  facet normal 0 0 -1
    outer loop
      vertex -28.4723 21.8856 0
      vertex -23 32 0
      vertex -28.3045 21.5307 0
    endloop
  endfacet
  facet normal 0 0 -1
    outer loop
      vertex -28.6741 22.2223 0
      vertex -23 32 0
      vertex -28.4723 21.8856 0
    endloop
  endfacet
  facet normal 0 0 -1
    outer loop
      vertex -23 32 0
      vertex -28.6741 22.2223 0
      vertex -24.1762 31.9422 0
    endloop
  endfacet
  facet normal 0 0 -1
    outer loop
      vertex -24.1762 31.9422 0
      vertex -28.6741 22.2223 0
      vertex -25.3411 31.7694 0
    endloop
  endfacet
  facet normal 0 0 -1
    outer loop
      vertex -28.908 22.5376 0
      vertex -25.3411 31.7694 0
      vertex -28.6741 22.2223 0
    endloop
  endfacet
  facet normal 0 0 -1
    outer loop
      vertex -25.3411 31.7694 0
      vertex -28.908 22.5376 0
      vertex -26.4834 31.4833 0
    endloop
  endfacet
  facet normal 0 0 -1
    outer loop
      vertex -29.1716 22.8284 0
      vertex -26.4834 31.4833 0
      vertex -28.908 22.5376 0
    endloop
  endfacet
  facet normal 0 0 -1
    outer loop
      vertex -26.4834 31.4833 0
      vertex -29.1716 22.8284 0
      vertex -27.5922 31.0865 0
    endloop
  endfacet
  facet normal 0 0 -1
    outer loop
      vertex -27.5922 31.0865 0
      vertex -29.1716 22.8284 0
      vertex -28.6568 30.5831 0
    endloop
  endfacet
  facet normal 0 0 -1
    outer loop
      vertex -29.4624 23.092 0
      vertex -28.6568 30.5831 0
      vertex -29.1716 22.8284 0
    endloop
  endfacet
  facet normal 0 0 -1
    outer loop
      vertex -29.4624 23.092 0
      vertex -29.6668 29.9776 0
      vertex -28.6568 30.5831 0
    endloop
  endfacet
  facet normal 0 0 -1
    outer loop
      vertex -29.7777 23.3259 0
      vertex -29.6668 29.9776 0
      vertex -29.4624 23.092 0
    endloop
  endfacet
  facet normal 0 0 -1
    outer loop
      vertex -30.6127 29.2761 0
      vertex -29.7777 23.3259 0
      vertex -30.1144 23.5277 0
    endloop
  endfacet
  facet normal 0 0 -1
    outer loop
      vertex -30.6127 29.2761 0
      vertex -30.1144 23.5277 0
      vertex -30.4693 23.6955 0
    endloop
  endfacet
  facet normal 0 0 -1
    outer loop
      vertex -29.7777 23.3259 0
      vertex -30.6127 29.2761 0
      vertex -29.6668 29.9776 0
    endloop
  endfacet
  facet normal 0 0 -1
    outer loop
      vertex -31.4853 28.4853 0
      vertex -30.4693 23.6955 0
      vertex -30.8389 23.8278 0
    endloop
  endfacet
  facet normal 0 0 -1
    outer loop
      vertex -32.2761 27.6127 0
      vertex -30.8389 23.8278 0
      vertex -31.2196 23.9231 0
    endloop
  endfacet
  facet normal 0 0 -1
    outer loop
      vertex -30.4693 23.6955 0
      vertex -31.4853 28.4853 0
      vertex -30.6127 29.2761 0
    endloop
  endfacet
  facet normal 0 0 -1
    outer loop
      vertex -32.9776 26.6668 0
      vertex -31.2196 23.9231 0
      vertex -31.6079 23.9807 0
    endloop
  endfacet
  facet normal 0 0 -1
    outer loop
      vertex -32.9776 26.6668 0
      vertex -31.6079 23.9807 0
      vertex -32 24 0
    endloop
  endfacet
  facet normal 0 0 -1
    outer loop
      vertex -30.8389 23.8278 0
      vertex -32.2761 27.6127 0
      vertex -31.4853 28.4853 0
    endloop
  endfacet
  facet normal 0 0 -1
    outer loop
      vertex -33.5831 25.6568 0
      vertex -32 24 0
      vertex -32.3921 23.9807 0
    endloop
  endfacet
  facet normal 0 0 -1
    outer loop
      vertex -33.5831 25.6568 0
      vertex -32.3921 23.9807 0
      vertex -32.7804 23.9231 0
    endloop
  endfacet
  facet normal 0 0 -1
    outer loop
      vertex -31.2196 23.9231 0
      vertex -32.9776 26.6668 0
      vertex -32.2761 27.6127 0
    endloop
  endfacet
  facet normal 0 0 -1
    outer loop
      vertex -34.0865 24.5922 0
      vertex -32.7804 23.9231 0
      vertex -33.1611 23.8278 0
    endloop
  endfacet
  facet normal 0 0 -1
    outer loop
      vertex -34.0865 24.5922 0
      vertex -33.1611 23.8278 0
      vertex -33.5307 23.6955 0
    endloop
  endfacet
  facet normal 0 0 -1
    outer loop
      vertex -32 24 0
      vertex -33.5831 25.6568 0
      vertex -32.9776 26.6668 0
    endloop
  endfacet
  facet normal 0 0 -1
    outer loop
      vertex -34.0865 24.5922 0
      vertex -33.5307 23.6955 0
      vertex -33.8856 23.5277 0
    endloop
  endfacet
  facet normal 0 0 -1
    outer loop
      vertex -32.7804 23.9231 0
      vertex -34.0865 24.5922 0
      vertex -33.5831 25.6568 0
    endloop
  endfacet
  facet normal 0 0 -1
    outer loop
      vertex -34.4833 23.4834 0
      vertex -33.8856 23.5277 0
      vertex -34.2223 23.3259 0
    endloop
  endfacet
  facet normal -0 0 -1
    outer loop
      vertex -33.8856 23.5277 0
      vertex -34.4833 23.4834 0
      vertex -34.0865 24.5922 0
    endloop
  endfacet
  facet normal 0 0 -1
    outer loop
      vertex -34.5376 23.092 0
      vertex -34.4833 23.4834 0
      vertex -34.2223 23.3259 0
    endloop
  endfacet
  facet normal 0 0 -1
    outer loop
      vertex -34.4833 23.4834 0
      vertex -34.5376 23.092 0
      vertex -34.5942 23.0407 0
    endloop
  endfacet
  facet normal 0 0 -1
    outer loop
      vertex 16.1734 10.2998 0
      vertex 28 20 0
      vertex 16.4672 9.67879 0
    endloop
  endfacet
  facet normal 0 0 -1
    outer loop
      vertex 15.8203 10.889 0
      vertex 28 20 0
      vertex 16.1734 10.2998 0
    endloop
  endfacet
  facet normal 0 0 -1
    outer loop
      vertex 15.4111 11.4408 0
      vertex 28 20 0
      vertex 15.8203 10.889 0
    endloop
  endfacet
  facet normal 0 0 -1
    outer loop
      vertex 14.9498 11.9498 0
      vertex 28 20 0
      vertex 15.4111 11.4408 0
    endloop
  endfacet
  facet normal 0 0 -1
    outer loop
      vertex 14.4408 12.4111 0
      vertex 28 20 0
      vertex 14.9498 11.9498 0
    endloop
  endfacet
  facet normal 0 0 -1
    outer loop
      vertex 29.1716 22.8284 0
      vertex 26.4834 31.4833 0
      vertex 27.5922 31.0865 0
    endloop
  endfacet
  facet normal 0 0 -1
    outer loop
      vertex 28.908 22.5376 0
      vertex 25.3411 31.7694 0
      vertex 26.4834 31.4833 0
    endloop
  endfacet
  facet normal 0 0 -1
    outer loop
      vertex 28.6741 22.2223 0
      vertex 24.1762 31.9422 0
      vertex 25.3411 31.7694 0
    endloop
  endfacet
  facet normal 0 0 -1
    outer loop
      vertex 28.6741 22.2223 0
      vertex 23 32 0
      vertex 24.1762 31.9422 0
    endloop
  endfacet
  facet normal 0 0 -1
    outer loop
      vertex 13.889 12.8203 0
      vertex 28 20 0
      vertex 14.4408 12.4111 0
    endloop
  endfacet
  facet normal 0 0 -1
    outer loop
      vertex 28.0193 20.3921 0
      vertex 13.889 12.8203 0
      vertex 13.2998 13.1734 0
    endloop
  endfacet
  facet normal -0 0 -1
    outer loop
      vertex 28.0769 20.7804 0
      vertex 13.2998 13.1734 0
      vertex 23 32 0
    endloop
  endfacet
  facet normal 0 0 -1
    outer loop
      vertex 12.6788 13.4672 0
      vertex 23 32 0
      vertex 13.2998 13.1734 0
    endloop
  endfacet
  facet normal 0 0 -1
    outer loop
      vertex 12.032 13.6986 0
      vertex 23 32 0
      vertex 12.6788 13.4672 0
    endloop
  endfacet
  facet normal 0 0 -1
    outer loop
      vertex 11.3656 13.8655 0
      vertex 23 32 0
      vertex 12.032 13.6986 0
    endloop
  endfacet
  facet normal 0 0 -1
    outer loop
      vertex 10.6861 13.9663 0
      vertex 23 32 0
      vertex 11.3656 13.8655 0
    endloop
  endfacet
  facet normal 0 0 -1
    outer loop
      vertex 10 14 0
      vertex 23 32 0
      vertex 10.6861 13.9663 0
    endloop
  endfacet
  facet normal 0 0 -1
    outer loop
      vertex -10 14 0
      vertex 23 32 0
      vertex 10 14 0
    endloop
  endfacet
  facet normal 0 0 -1
    outer loop
      vertex -23 32 0
      vertex -10 14 0
      vertex -10.6861 13.9663 0
    endloop
  endfacet
  facet normal 0 0 -1
    outer loop
      vertex -23 32 0
      vertex -10.6861 13.9663 0
      vertex -11.3656 13.8655 0
    endloop
  endfacet
  facet normal 0 0 -1
    outer loop
      vertex -23 32 0
      vertex -11.3656 13.8655 0
      vertex -12.032 13.6986 0
    endloop
  endfacet
  facet normal 0 0 -1
    outer loop
      vertex -23 32 0
      vertex -12.032 13.6986 0
      vertex -12.6788 13.4672 0
    endloop
  endfacet
  facet normal 0 0 -1
    outer loop
      vertex -23 32 0
      vertex -12.6788 13.4672 0
      vertex -13.2998 13.1734 0
    endloop
  endfacet
  facet normal -0 0 -1
    outer loop
      vertex -12.032 -5.69858 0
      vertex -28.0769 -19.2196 0
      vertex -12.6788 -5.46716 0
    endloop
  endfacet
  facet normal 0 0 -1
    outer loop
      vertex -29.4624 -16.908 0
      vertex -15.4111 -3.44075 0
      vertex -29.1716 -17.1716 0
    endloop
  endfacet
  facet normal 0 0 -1
    outer loop
      vertex -10 14 0
      vertex -23 32 0
      vertex 23 32 0
    endloop
  endfacet
  facet normal 0 0 -1
    outer loop
      vertex -28.0193 20.3921 0
      vertex -13.889 12.8203 0
      vertex -28 20 0
    endloop
  endfacet
  facet normal 0 0 -1
    outer loop
      vertex -28 20 0
      vertex -13.889 12.8203 0
      vertex -14.4408 12.4111 0
    endloop
  endfacet
  facet normal 0 0 -1
    outer loop
      vertex -28 20 0
      vertex -14.4408 12.4111 0
      vertex -14.9498 11.9498 0
    endloop
  endfacet
  facet normal 0 0 -1
    outer loop
      vertex -28 20 0
      vertex -14.9498 11.9498 0
      vertex -15.4111 11.4408 0
    endloop
  endfacet
  facet normal 0 0 -1
    outer loop
      vertex -28 20 0
      vertex -15.4111 11.4408 0
      vertex -15.8203 10.889 0
    endloop
  endfacet
  facet normal 0 0 -1
    outer loop
      vertex -28 20 0
      vertex -15.8203 10.889 0
      vertex -16.1734 10.2998 0
    endloop
  endfacet
  facet normal 0 0 -1
    outer loop
      vertex -28 20 0
      vertex -16.1734 10.2998 0
      vertex -16.4672 9.67879 0
    endloop
  endfacet
  facet normal 0 0 -1
    outer loop
      vertex -28 20 0
      vertex -16.4672 9.67879 0
      vertex -16.6986 9.032 0
    endloop
  endfacet
  facet normal 0 0 -1
    outer loop
      vertex -28 20 0
      vertex -16.6986 9.032 0
      vertex -16.8655 8.36563 0
    endloop
  endfacet
  facet normal 0 0 -1
    outer loop
      vertex -28 20 0
      vertex -16.9663 7.68613 0
      vertex -17 7 0
    endloop
  endfacet
  facet normal 0 0 -1
    outer loop
      vertex -28.6741 -22.2223 0
      vertex -23 -32 0
      vertex -24.1762 -31.9422 0
    endloop
  endfacet
  facet normal 0 0 -1
    outer loop
      vertex -28 20 0
      vertex -16.8655 8.36563 0
      vertex -16.9663 7.68613 0
    endloop
  endfacet
  facet normal 0 0 -1
    outer loop
      vertex -28.6741 -22.2223 0
      vertex -24.1762 -31.9422 0
      vertex -25.3411 -31.7694 0
    endloop
  endfacet
  facet normal 0 0 -1
    outer loop
      vertex -13.889 12.8203 0
      vertex -28.0193 20.3921 0
      vertex -13.2998 13.1734 0
    endloop
  endfacet
  facet normal 0 0 -1
    outer loop
      vertex -28.908 -22.5376 0
      vertex -25.3411 -31.7694 0
      vertex -26.4834 -31.4833 0
    endloop
  endfacet
  facet normal 0 0 -1
    outer loop
      vertex -28.0769 20.7804 0
      vertex -13.2998 13.1734 0
      vertex -28.0193 20.3921 0
    endloop
  endfacet
  facet normal 0 0 -1
    outer loop
      vertex -29.1716 -22.8284 0
      vertex -26.4834 -31.4833 0
      vertex -27.5922 -31.0865 0
    endloop
  endfacet
  facet normal 0 0 -1
    outer loop
      vertex -13.2998 13.1734 0
      vertex -28.0769 20.7804 0
      vertex -23 32 0
    endloop
  endfacet
  facet normal 0 0 -1
    outer loop
      vertex -28.1722 21.1611 0
      vertex -23 32 0
      vertex -28.0769 20.7804 0
    endloop
  endfacet
  facet normal 0 0 -1
    outer loop
      vertex -23 -32 0
      vertex -28.0193 -20.3921 0
      vertex -28 -20 0
    endloop
  endfacet
  facet normal 0 0 -1
    outer loop
      vertex -23 -32 0
      vertex -28.0769 -20.7804 0
      vertex -28.0193 -20.3921 0
    endloop
  endfacet
  facet normal 0 0 -1
    outer loop
      vertex -23 -32 0
      vertex -28.1722 -21.1611 0
      vertex -28.0769 -20.7804 0
    endloop
  endfacet
  facet normal 0 0 -1
    outer loop
      vertex -23 -32 0
      vertex -28.3045 -21.5307 0
      vertex -28.1722 -21.1611 0
    endloop
  endfacet
  facet normal 0 0 -1
    outer loop
      vertex -23 -32 0
      vertex -28.4723 -21.8856 0
      vertex -28.3045 -21.5307 0
    endloop
  endfacet
  facet normal 0 0 -1
    outer loop
      vertex -29.1716 -22.8284 0
      vertex -27.5922 -31.0865 0
      vertex -28.6568 -30.5831 0
    endloop
  endfacet
  facet normal 0 0 -1
    outer loop
      vertex -23 -32 0
      vertex -28.6741 -22.2223 0
      vertex -28.4723 -21.8856 0
    endloop
  endfacet
  facet normal 0 0 -1
    outer loop
      vertex -25.3411 -31.7694 0
      vertex -28.908 -22.5376 0
      vertex -28.6741 -22.2223 0
    endloop
  endfacet
  facet normal 0 0 -1
    outer loop
      vertex -26.4834 -31.4833 0
      vertex -29.1716 -22.8284 0
      vertex -28.908 -22.5376 0
    endloop
  endfacet
  facet normal 0 0 -1
    outer loop
      vertex -28.6568 -30.5831 0
      vertex -29.4624 -23.092 0
      vertex -29.1716 -22.8284 0
    endloop
  endfacet
  facet normal 0 0 -1
    outer loop
      vertex -29.6668 -29.9776 0
      vertex -29.4624 -23.092 0
      vertex -28.6568 -30.5831 0
    endloop
  endfacet
  facet normal 0 0 -1
    outer loop
      vertex -29.6668 -29.9776 0
      vertex -29.7777 -23.3259 0
      vertex -29.4624 -23.092 0
    endloop
  endfacet
  facet normal 0 0 -1
    outer loop
      vertex -30.6127 -29.2761 0
      vertex -29.7777 -23.3259 0
      vertex -29.6668 -29.9776 0
    endloop
  endfacet
  facet normal 0 0 -1
    outer loop
      vertex -29.7777 -23.3259 0
      vertex -30.6127 -29.2761 0
      vertex -30.1144 -23.5277 0
    endloop
  endfacet
  facet normal 0 0 -1
    outer loop
      vertex -30.1144 -23.5277 0
      vertex -30.6127 -29.2761 0
      vertex -30.4693 -23.6955 0
    endloop
  endfacet
  facet normal 0 0 -1
    outer loop
      vertex -31.4853 -28.4853 0
      vertex -30.4693 -23.6955 0
      vertex -30.6127 -29.2761 0
    endloop
  endfacet
  facet normal 0 0 -1
    outer loop
      vertex -30.4693 -23.6955 0
      vertex -31.4853 -28.4853 0
      vertex -30.8389 -23.8278 0
    endloop
  endfacet
  facet normal 0 0 -1
    outer loop
      vertex -32.2761 -27.6127 0
      vertex -30.8389 -23.8278 0
      vertex -31.4853 -28.4853 0
    endloop
  endfacet
  facet normal 0 0 -1
    outer loop
      vertex -30.8389 -23.8278 0
      vertex -32.2761 -27.6127 0
      vertex -31.2196 -23.9231 0
    endloop
  endfacet
  facet normal 0 0 -1
    outer loop
      vertex -32.9776 -26.6668 0
      vertex -31.2196 -23.9231 0
      vertex -32.2761 -27.6127 0
    endloop
  endfacet
  facet normal 0 0 -1
    outer loop
      vertex -31.2196 -23.9231 0
      vertex -32.9776 -26.6668 0
      vertex -31.6079 -23.9807 0
    endloop
  endfacet
  facet normal 0 0 -1
    outer loop
      vertex -31.6079 -23.9807 0
      vertex -32.9776 -26.6668 0
      vertex -32 -24 0
    endloop
  endfacet
  facet normal 0 0 -1
    outer loop
      vertex -33.5831 -25.6568 0
      vertex -32 -24 0
      vertex -32.9776 -26.6668 0
    endloop
  endfacet
  facet normal -0 0 -1
    outer loop
      vertex -32 -24 0
      vertex -33.5831 -25.6568 0
      vertex -32.3921 -23.9807 0
    endloop
  endfacet
  facet normal -0 0 -1
    outer loop
      vertex -32.3921 -23.9807 0
      vertex -33.5831 -25.6568 0
      vertex -32.7804 -23.9231 0
    endloop
  endfacet
  facet normal 0 0 -1
    outer loop
      vertex -34.0865 -24.5922 0
      vertex -32.7804 -23.9231 0
      vertex -33.5831 -25.6568 0
    endloop
  endfacet
  facet normal -0 0 -1
    outer loop
      vertex -32.7804 -23.9231 0
      vertex -34.0865 -24.5922 0
      vertex -33.1611 -23.8278 0
    endloop
  endfacet
  facet normal -0 0 -1
    outer loop
      vertex -33.1611 -23.8278 0
      vertex -34.0865 -24.5922 0
      vertex -33.5307 -23.6955 0
    endloop
  endfacet
  facet normal -0 0 -1
    outer loop
      vertex -33.5307 -23.6955 0
      vertex -34.0865 -24.5922 0
      vertex -33.8856 -23.5277 0
    endloop
  endfacet
  facet normal 0 0 -1
    outer loop
      vertex -34.4833 -23.4834 0
      vertex -33.8856 -23.5277 0
      vertex -34.0865 -24.5922 0
    endloop
  endfacet
  facet normal 0 0 -1
    outer loop
      vertex -33.8856 -23.5277 0
      vertex -34.4833 -23.4834 0
      vertex -34.2223 -23.3259 0
    endloop
  endfacet
  facet normal 0 0 -1
    outer loop
      vertex -34.4833 -23.4834 0
      vertex -34.5376 -23.092 0
      vertex -34.2223 -23.3259 0
    endloop
  endfacet
  facet normal -0 -0 -1
    outer loop
      vertex -34.5376 -23.092 0
      vertex -34.4833 -23.4834 0
      vertex -34.5942 -23.0407 0
    endloop
  endfacet
  facet normal -0.970026 0.243 0
    outer loop
      vertex -34.5942 23.0407 0
      vertex -34.4833 23.4834 4
      vertex -34.4833 23.4834 0
    endloop
  endfacet
  facet normal -0.970026 0.243 0
    outer loop
      vertex -34.4833 23.4834 4
      vertex -34.5942 23.0407 0
      vertex -34.5942 23.0407 4
    endloop
  endfacet
  facet normal -0.242955 -0.970038 0
    outer loop
      vertex -26.4834 -31.4833 0
      vertex -25.3411 -31.7694 4
      vertex -26.4834 -31.4833 4
    endloop
  endfacet
  facet normal -0.242955 -0.970038 -0
    outer loop
      vertex -25.3411 -31.7694 4
      vertex -26.4834 -31.4833 0
      vertex -25.3411 -31.7694 0
    endloop
  endfacet
  facet normal -0.904028 -0.427473 0
    outer loop
      vertex -33.5831 -25.6568 0
      vertex -34.0865 -24.5922 4
      vertex -34.0865 -24.5922 0
    endloop
  endfacet
  facet normal -0.904028 -0.427473 0
    outer loop
      vertex -34.0865 -24.5922 4
      vertex -33.5831 -25.6568 0
      vertex -33.5831 -25.6568 4
    endloop
  endfacet
  facet normal 0.740984 0.671522 0
    outer loop
      vertex 32.2761 27.6127 4
      vertex 31.4853 28.4853 0
      vertex 31.4853 28.4853 4
    endloop
  endfacet
  facet normal 0.740984 0.671522 0
    outer loop
      vertex 31.4853 28.4853 0
      vertex 32.2761 27.6127 4
      vertex 32.2761 27.6127 0
    endloop
  endfacet
  facet normal 0.146733 0.989176 -0
    outer loop
      vertex 25.3411 31.7694 0
      vertex 24.1762 31.9422 4
      vertex 25.3411 31.7694 4
    endloop
  endfacet
  facet normal 0.146733 0.989176 0
    outer loop
      vertex 24.1762 31.9422 4
      vertex 25.3411 31.7694 0
      vertex 24.1762 31.9422 0
    endloop
  endfacet
  facet normal 0.803219 0.595684 0
    outer loop
      vertex 32.9776 26.6668 4
      vertex 32.2761 27.6127 0
      vertex 32.2761 27.6127 4
    endloop
  endfacet
  facet normal 0.803219 0.595684 0
    outer loop
      vertex 32.2761 27.6127 0
      vertex 32.9776 26.6668 4
      vertex 32.9776 26.6668 0
    endloop
  endfacet
  facet normal 0.85768 0.514184 0
    outer loop
      vertex 33.5831 25.6568 4
      vertex 32.9776 26.6668 0
      vertex 32.9776 26.6668 4
    endloop
  endfacet
  facet normal 0.85768 0.514184 0
    outer loop
      vertex 32.9776 26.6668 0
      vertex 33.5831 25.6568 4
      vertex 33.5831 25.6568 0
    endloop
  endfacet
  facet normal 1 -0 0
    outer loop
      vertex 35 -17.3609 4
      vertex 35 17.3609 0
      vertex 35 17.3609 4
    endloop
  endfacet
  facet normal 1 0 0
    outer loop
      vertex 35 17.3609 0
      vertex 35 -17.3609 4
      vertex 35 -17.3609 0
    endloop
  endfacet
  facet normal 0.970026 0.243 0
    outer loop
      vertex 34.5942 23.0407 4
      vertex 34.4833 23.4834 0
      vertex 34.4833 23.4834 4
    endloop
  endfacet
  facet normal 0.970026 0.243 0
    outer loop
      vertex 34.4833 23.4834 0
      vertex 34.5942 23.0407 4
      vertex 34.5942 23.0407 0
    endloop
  endfacet
  facet normal 0.970026 -0.243 0
    outer loop
      vertex 34.4833 -23.4834 4
      vertex 34.5942 -23.0407 0
      vertex 34.5942 -23.0407 4
    endloop
  endfacet
  facet normal 0.970026 -0.243 0
    outer loop
      vertex 34.5942 -23.0407 0
      vertex 34.4833 -23.4834 4
      vertex 34.4833 -23.4834 0
    endloop
  endfacet
  facet normal 0 0 1
    outer loop
      vertex 34.4833 23.4834 4
      vertex 34.5376 23.092 4
      vertex 34.5942 23.0407 4
    endloop
  endfacet
  facet normal 0 0 1
    outer loop
      vertex 34.4833 23.4834 4
      vertex 34.2223 23.3259 4
      vertex 34.5376 23.092 4
    endloop
  endfacet
  facet normal -0 0 1
    outer loop
      vertex 33.8856 23.5277 4
      vertex 34.4833 23.4834 4
      vertex 34.0865 24.5922 4
    endloop
  endfacet
  facet normal 0 0 1
    outer loop
      vertex 34.4833 23.4834 4
      vertex 33.8856 23.5277 4
      vertex 34.2223 23.3259 4
    endloop
  endfacet
  facet normal 0 0 1
    outer loop
      vertex 32.7804 23.9231 4
      vertex 34.0865 24.5922 4
      vertex 33.5831 25.6568 4
    endloop
  endfacet
  facet normal 0 0 1
    outer loop
      vertex 34.0865 24.5922 4
      vertex 33.5307 23.6955 4
      vertex 33.8856 23.5277 4
    endloop
  endfacet
  facet normal 0 0 1
    outer loop
      vertex 34.0865 24.5922 4
      vertex 33.1611 23.8278 4
      vertex 33.5307 23.6955 4
    endloop
  endfacet
  facet normal 0 0 1
    outer loop
      vertex 32 24 4
      vertex 33.5831 25.6568 4
      vertex 32.9776 26.6668 4
    endloop
  endfacet
  facet normal 0 0 1
    outer loop
      vertex 34.0865 24.5922 4
      vertex 32.7804 23.9231 4
      vertex 33.1611 23.8278 4
    endloop
  endfacet
  facet normal 0 0 1
    outer loop
      vertex 33.5831 25.6568 4
      vertex 32.3921 23.9807 4
      vertex 32.7804 23.9231 4
    endloop
  endfacet
  facet normal 0 0 1
    outer loop
      vertex 31.2196 23.9231 4
      vertex 32.9776 26.6668 4
      vertex 32.2761 27.6127 4
    endloop
  endfacet
  facet normal 0 0 1
    outer loop
      vertex 33.5831 25.6568 4
      vertex 32 24 4
      vertex 32.3921 23.9807 4
    endloop
  endfacet
  facet normal 0 0 1
    outer loop
      vertex 32.9776 26.6668 4
      vertex 31.6079 23.9807 4
      vertex 32 24 4
    endloop
  endfacet
  facet normal 0 0 1
    outer loop
      vertex 30.8389 23.8278 4
      vertex 32.2761 27.6127 4
      vertex 31.4853 28.4853 4
    endloop
  endfacet
  facet normal 0 0 1
    outer loop
      vertex 32.9776 26.6668 4
      vertex 31.2196 23.9231 4
      vertex 31.6079 23.9807 4
    endloop
  endfacet
  facet normal 0 0 1
    outer loop
      vertex 32.2761 27.6127 4
      vertex 30.8389 23.8278 4
      vertex 31.2196 23.9231 4
    endloop
  endfacet
  facet normal 0 0 1
    outer loop
      vertex 30.4693 23.6955 4
      vertex 31.4853 28.4853 4
      vertex 30.6127 29.2761 4
    endloop
  endfacet
  facet normal 0 0 1
    outer loop
      vertex 31.4853 28.4853 4
      vertex 30.4693 23.6955 4
      vertex 30.8389 23.8278 4
    endloop
  endfacet
  facet normal 0 0 1
    outer loop
      vertex 30.6127 29.2761 4
      vertex 30.1144 23.5277 4
      vertex 30.4693 23.6955 4
    endloop
  endfacet
  facet normal 0 0 1
    outer loop
      vertex 30.6127 29.2761 4
      vertex 29.7777 23.3259 4
      vertex 30.1144 23.5277 4
    endloop
  endfacet
  facet normal 0 0 1
    outer loop
      vertex 29.6668 29.9776 4
      vertex 29.7777 23.3259 4
      vertex 30.6127 29.2761 4
    endloop
  endfacet
  facet normal 0 0 1
    outer loop
      vertex 29.6668 29.9776 4
      vertex 29.4624 23.092 4
      vertex 29.7777 23.3259 4
    endloop
  endfacet
  facet normal 0 0 1
    outer loop
      vertex 28.6568 30.5831 4
      vertex 29.4624 23.092 4
      vertex 29.6668 29.9776 4
    endloop
  endfacet
  facet normal 0 0 1
    outer loop
      vertex 29.4624 23.092 4
      vertex 28.6568 30.5831 4
      vertex 29.1716 22.8284 4
    endloop
  endfacet
  facet normal 0 0 1
    outer loop
      vertex 27.5922 31.0865 4
      vertex 29.1716 22.8284 4
      vertex 28.6568 30.5831 4
    endloop
  endfacet
  facet normal 0 0 1
    outer loop
      vertex 26.4834 31.4833 4
      vertex 29.1716 22.8284 4
      vertex 27.5922 31.0865 4
    endloop
  endfacet
  facet normal 0 0 1
    outer loop
      vertex 29.1716 22.8284 4
      vertex 26.4834 31.4833 4
      vertex 28.908 22.5376 4
    endloop
  endfacet
  facet normal 0 0 1
    outer loop
      vertex 25.3411 31.7694 4
      vertex 28.908 22.5376 4
      vertex 26.4834 31.4833 4
    endloop
  endfacet
  facet normal 0 0 1
    outer loop
      vertex 28.908 22.5376 4
      vertex 25.3411 31.7694 4
      vertex 28.6741 22.2223 4
    endloop
  endfacet
  facet normal 0 0 1
    outer loop
      vertex 24.1762 31.9422 4
      vertex 28.6741 22.2223 4
      vertex 25.3411 31.7694 4
    endloop
  endfacet
  facet normal 0 0 1
    outer loop
      vertex 23 32 4
      vertex 28.6741 22.2223 4
      vertex 24.1762 31.9422 4
    endloop
  endfacet
  facet normal 0 0 1
    outer loop
      vertex 28.3045 21.5307 4
      vertex 23 32 4
      vertex 28.1722 21.1611 4
    endloop
  endfacet
  facet normal 0 0 1
    outer loop
      vertex 28.4723 21.8856 4
      vertex 23 32 4
      vertex 28.3045 21.5307 4
    endloop
  endfacet
  facet normal 0 0 1
    outer loop
      vertex 28.6741 22.2223 4
      vertex 23 32 4
      vertex 28.4723 21.8856 4
    endloop
  endfacet
  facet normal -0 0 1
    outer loop
      vertex 34.8284 17.1716 4
      vertex 35 -17.3609 4
      vertex 35 17.3609 4
    endloop
  endfacet
  facet normal 0 0 1
    outer loop
      vertex 34.8284 17.1716 4
      vertex 34.8284 -17.1716 4
      vertex 35 -17.3609 4
    endloop
  endfacet
  facet normal -0 0 1
    outer loop
      vertex 34.5376 16.908 4
      vertex 34.8284 -17.1716 4
      vertex 34.8284 17.1716 4
    endloop
  endfacet
  facet normal 0 0 1
    outer loop
      vertex 34.5376 16.908 4
      vertex 34.5376 -16.908 4
      vertex 34.8284 -17.1716 4
    endloop
  endfacet
  facet normal -0 0 1
    outer loop
      vertex 34.2223 16.6741 4
      vertex 34.5376 -16.908 4
      vertex 34.5376 16.908 4
    endloop
  endfacet
  facet normal 0 0 1
    outer loop
      vertex 34.2223 16.6741 4
      vertex 34.2223 -16.6741 4
      vertex 34.5376 -16.908 4
    endloop
  endfacet
  facet normal -0 0 1
    outer loop
      vertex 33.8856 16.4723 4
      vertex 34.2223 -16.6741 4
      vertex 34.2223 16.6741 4
    endloop
  endfacet
  facet normal 0 0 1
    outer loop
      vertex 33.8856 16.4723 4
      vertex 33.8856 -16.4723 4
      vertex 34.2223 -16.6741 4
    endloop
  endfacet
  facet normal -0 0 1
    outer loop
      vertex 33.5307 16.3045 4
      vertex 33.8856 -16.4723 4
      vertex 33.8856 16.4723 4
    endloop
  endfacet
  facet normal 0 0 1
    outer loop
      vertex 33.5307 16.3045 4
      vertex 33.5307 -16.3045 4
      vertex 33.8856 -16.4723 4
    endloop
  endfacet
  facet normal -0 0 1
    outer loop
      vertex 33.1611 16.1722 4
      vertex 33.5307 -16.3045 4
      vertex 33.5307 16.3045 4
    endloop
  endfacet
  facet normal 0 0 1
    outer loop
      vertex 33.1611 16.1722 4
      vertex 33.1611 -16.1722 4
      vertex 33.5307 -16.3045 4
    endloop
  endfacet
  facet normal -0 0 1
    outer loop
      vertex 32.7804 16.0769 4
      vertex 33.1611 -16.1722 4
      vertex 33.1611 16.1722 4
    endloop
  endfacet
  facet normal 0 0 1
    outer loop
      vertex 32.7804 16.0769 4
      vertex 32.7804 -16.0769 4
      vertex 33.1611 -16.1722 4
    endloop
  endfacet
  facet normal -0 0 1
    outer loop
      vertex 32.3921 16.0193 4
      vertex 32.7804 -16.0769 4
      vertex 32.7804 16.0769 4
    endloop
  endfacet
  facet normal 0 0 1
    outer loop
      vertex 32.3921 16.0193 4
      vertex 32.3921 -16.0193 4
      vertex 32.7804 -16.0769 4
    endloop
  endfacet
  facet normal -0 0 1
    outer loop
      vertex 32 16 4
      vertex 32.3921 -16.0193 4
      vertex 32.3921 16.0193 4
    endloop
  endfacet
  facet normal 0 0 1
    outer loop
      vertex 32 16 4
      vertex 32 -16 4
      vertex 32.3921 -16.0193 4
    endloop
  endfacet
  facet normal 0 0 1
    outer loop
      vertex 31.6079 16.0193 4
      vertex 32 -16 4
      vertex 32 16 4
    endloop
  endfacet
  facet normal 0 0 1
    outer loop
      vertex 31.6079 16.0193 4
      vertex 31.6079 -16.0193 4
      vertex 32 -16 4
    endloop
  endfacet
  facet normal 0 0 1
    outer loop
      vertex 31.2196 16.0769 4
      vertex 31.6079 -16.0193 4
      vertex 31.6079 16.0193 4
    endloop
  endfacet
  facet normal 0 0 1
    outer loop
      vertex 31.2196 16.0769 4
      vertex 31.2196 -16.0769 4
      vertex 31.6079 -16.0193 4
    endloop
  endfacet
  facet normal 0 0 1
    outer loop
      vertex 30.8389 16.1722 4
      vertex 31.2196 -16.0769 4
      vertex 31.2196 16.0769 4
    endloop
  endfacet
  facet normal 0 0 1
    outer loop
      vertex 30.8389 16.1722 4
      vertex 30.8389 -16.1722 4
      vertex 31.2196 -16.0769 4
    endloop
  endfacet
  facet normal 0 0 1
    outer loop
      vertex 30.4693 16.3045 4
      vertex 30.8389 -16.1722 4
      vertex 30.8389 16.1722 4
    endloop
  endfacet
  facet normal 0 0 1
    outer loop
      vertex 30.4693 16.3045 4
      vertex 30.4693 -16.3045 4
      vertex 30.8389 -16.1722 4
    endloop
  endfacet
  facet normal 0 0 1
    outer loop
      vertex 30.1144 16.4723 4
      vertex 30.4693 -16.3045 4
      vertex 30.4693 16.3045 4
    endloop
  endfacet
  facet normal 0 0 1
    outer loop
      vertex 30.1144 16.4723 4
      vertex 30.1144 -16.4723 4
      vertex 30.4693 -16.3045 4
    endloop
  endfacet
  facet normal 0 0 1
    outer loop
      vertex 29.7777 16.6741 4
      vertex 30.1144 -16.4723 4
      vertex 30.1144 16.4723 4
    endloop
  endfacet
  facet normal 0 0 1
    outer loop
      vertex 29.7777 16.6741 4
      vertex 29.7777 -16.6741 4
      vertex 30.1144 -16.4723 4
    endloop
  endfacet
  facet normal 0 0 1
    outer loop
      vertex 29.4624 16.908 4
      vertex 29.7777 -16.6741 4
      vertex 29.7777 16.6741 4
    endloop
  endfacet
  facet normal 0 0 1
    outer loop
      vertex 29.4624 16.908 4
      vertex 29.4624 -16.908 4
      vertex 29.7777 -16.6741 4
    endloop
  endfacet
  facet normal 0 0 1
    outer loop
      vertex 29.1716 17.1716 4
      vertex 29.4624 -16.908 4
      vertex 29.4624 16.908 4
    endloop
  endfacet
  facet normal 0 0 1
    outer loop
      vertex 29.1716 17.1716 4
      vertex 29.1716 -17.1716 4
      vertex 29.4624 -16.908 4
    endloop
  endfacet
  facet normal 0 0 1
    outer loop
      vertex 28.908 17.4624 4
      vertex 29.1716 -17.1716 4
      vertex 29.1716 17.1716 4
    endloop
  endfacet
  facet normal 0 0 1
    outer loop
      vertex 28.908 17.4624 4
      vertex 28.908 -17.4624 4
      vertex 29.1716 -17.1716 4
    endloop
  endfacet
  facet normal 0 0 1
    outer loop
      vertex 28.6741 17.7777 4
      vertex 28.908 -17.4624 4
      vertex 28.908 17.4624 4
    endloop
  endfacet
  facet normal 0 0 1
    outer loop
      vertex 28.6741 17.7777 4
      vertex 28.6741 -17.7777 4
      vertex 28.908 -17.4624 4
    endloop
  endfacet
  facet normal 0 0 1
    outer loop
      vertex 28.4723 18.1144 4
      vertex 28.6741 -17.7777 4
      vertex 28.6741 17.7777 4
    endloop
  endfacet
  facet normal 0 0 1
    outer loop
      vertex 28.4723 18.1144 4
      vertex 28.4723 -18.1144 4
      vertex 28.6741 -17.7777 4
    endloop
  endfacet
  facet normal 0 0 1
    outer loop
      vertex 28.3045 18.4693 4
      vertex 28.4723 -18.1144 4
      vertex 28.4723 18.1144 4
    endloop
  endfacet
  facet normal 0 0 1
    outer loop
      vertex 28.3045 18.4693 4
      vertex 28.3045 -18.4693 4
      vertex 28.4723 -18.1144 4
    endloop
  endfacet
  facet normal 0 0 1
    outer loop
      vertex 28.1722 18.8389 4
      vertex 28.3045 -18.4693 4
      vertex 28.3045 18.4693 4
    endloop
  endfacet
  facet normal 0 0 1
    outer loop
      vertex 28.1722 18.8389 4
      vertex 28.1722 -18.8389 4
      vertex 28.3045 -18.4693 4
    endloop
  endfacet
  facet normal 0 0 1
    outer loop
      vertex 28.0769 19.2196 4
      vertex 28.1722 -18.8389 4
      vertex 28.1722 18.8389 4
    endloop
  endfacet
  facet normal 0 0 1
    outer loop
      vertex 28.0769 19.2196 4
      vertex 28.0769 -19.2196 4
      vertex 28.1722 -18.8389 4
    endloop
  endfacet
  facet normal 0 0 1
    outer loop
      vertex 28.0193 19.6079 4
      vertex 28.0769 -19.2196 4
      vertex 28.0769 19.2196 4
    endloop
  endfacet
  facet normal 0 0 1
    outer loop
      vertex 28.0193 19.6079 4
      vertex 28.0193 -19.6079 4
      vertex 28.0769 -19.2196 4
    endloop
  endfacet
  facet normal 0 0 1
    outer loop
      vertex 28 20 4
      vertex 28.0193 -19.6079 4
      vertex 28.0193 19.6079 4
    endloop
  endfacet
  facet normal 0 0 1
    outer loop
      vertex 28.0193 -19.6079 4
      vertex 28 20 4
      vertex 28 -20 4
    endloop
  endfacet
  facet normal -0 0 1
    outer loop
      vertex 34.5376 -23.092 4
      vertex 34.4833 -23.4834 4
      vertex 34.5942 -23.0407 4
    endloop
  endfacet
  facet normal -0 0 1
    outer loop
      vertex 34.2223 -23.3259 4
      vertex 34.4833 -23.4834 4
      vertex 34.5376 -23.092 4
    endloop
  endfacet
  facet normal 0 0 1
    outer loop
      vertex 33.8856 -23.5277 4
      vertex 34.4833 -23.4834 4
      vertex 34.2223 -23.3259 4
    endloop
  endfacet
  facet normal 0 0 1
    outer loop
      vertex 34.4833 -23.4834 4
      vertex 33.8856 -23.5277 4
      vertex 34.0865 -24.5922 4
    endloop
  endfacet
  facet normal -0 0 1
    outer loop
      vertex 33.5307 -23.6955 4
      vertex 34.0865 -24.5922 4
      vertex 33.8856 -23.5277 4
    endloop
  endfacet
  facet normal -0 0 1
    outer loop
      vertex 33.1611 -23.8278 4
      vertex 34.0865 -24.5922 4
      vertex 33.5307 -23.6955 4
    endloop
  endfacet
  facet normal -0 0 1
    outer loop
      vertex 32.7804 -23.9231 4
      vertex 34.0865 -24.5922 4
      vertex 33.1611 -23.8278 4
    endloop
  endfacet
  facet normal 0 0 1
    outer loop
      vertex 34.0865 -24.5922 4
      vertex 32.7804 -23.9231 4
      vertex 33.5831 -25.6568 4
    endloop
  endfacet
  facet normal -0 0 1
    outer loop
      vertex 32.3921 -23.9807 4
      vertex 33.5831 -25.6568 4
      vertex 32.7804 -23.9231 4
    endloop
  endfacet
  facet normal -0 0 1
    outer loop
      vertex 32 -24 4
      vertex 33.5831 -25.6568 4
      vertex 32.3921 -23.9807 4
    endloop
  endfacet
  facet normal 0 0 1
    outer loop
      vertex 33.5831 -25.6568 4
      vertex 32 -24 4
      vertex 32.9776 -26.6668 4
    endloop
  endfacet
  facet normal 0 0 1
    outer loop
      vertex 31.6079 -23.9807 4
      vertex 32.9776 -26.6668 4
      vertex 32 -24 4
    endloop
  endfacet
  facet normal 0 0 1
    outer loop
      vertex 31.2196 -23.9231 4
      vertex 32.9776 -26.6668 4
      vertex 31.6079 -23.9807 4
    endloop
  endfacet
  facet normal 0 0 1
    outer loop
      vertex 32.9776 -26.6668 4
      vertex 31.2196 -23.9231 4
      vertex 32.2761 -27.6127 4
    endloop
  endfacet
  facet normal 0 0 1
    outer loop
      vertex 30.8389 -23.8278 4
      vertex 32.2761 -27.6127 4
      vertex 31.2196 -23.9231 4
    endloop
  endfacet
  facet normal 0 0 1
    outer loop
      vertex 32.2761 -27.6127 4
      vertex 30.8389 -23.8278 4
      vertex 31.4853 -28.4853 4
    endloop
  endfacet
  facet normal 0 0 1
    outer loop
      vertex 30.4693 -23.6955 4
      vertex 31.4853 -28.4853 4
      vertex 30.8389 -23.8278 4
    endloop
  endfacet
  facet normal 0 0 1
    outer loop
      vertex 31.4853 -28.4853 4
      vertex 30.4693 -23.6955 4
      vertex 30.6127 -29.2761 4
    endloop
  endfacet
  facet normal 0 0 1
    outer loop
      vertex 30.1144 -23.5277 4
      vertex 30.6127 -29.2761 4
      vertex 30.4693 -23.6955 4
    endloop
  endfacet
  facet normal 0 0 1
    outer loop
      vertex 29.7777 -23.3259 4
      vertex 30.6127 -29.2761 4
      vertex 30.1144 -23.5277 4
    endloop
  endfacet
  facet normal 0 0 1
    outer loop
      vertex 29.7777 -23.3259 4
      vertex 29.6668 -29.9776 4
      vertex 30.6127 -29.2761 4
    endloop
  endfacet
  facet normal 0 0 1
    outer loop
      vertex 29.4624 -23.092 4
      vertex 29.6668 -29.9776 4
      vertex 29.7777 -23.3259 4
    endloop
  endfacet
  facet normal 0 0 1
    outer loop
      vertex 28.6568 -30.5831 4
      vertex 29.4624 -23.092 4
      vertex 29.1716 -22.8284 4
    endloop
  endfacet
  facet normal 0 0 1
    outer loop
      vertex 26.4834 -31.4833 4
      vertex 29.1716 -22.8284 4
      vertex 28.908 -22.5376 4
    endloop
  endfacet
  facet normal 0 0 1
    outer loop
      vertex 25.3411 -31.7694 4
      vertex 28.908 -22.5376 4
      vertex 28.6741 -22.2223 4
    endloop
  endfacet
  facet normal 0 0 1
    outer loop
      vertex 29.4624 -23.092 4
      vertex 28.6568 -30.5831 4
      vertex 29.6668 -29.9776 4
    endloop
  endfacet
  facet normal 0 0 1
    outer loop
      vertex 23 -32 4
      vertex 28.6741 -22.2223 4
      vertex 28.4723 -21.8856 4
    endloop
  endfacet
  facet normal 0 0 1
    outer loop
      vertex 23 -32 4
      vertex 28.4723 -21.8856 4
      vertex 28.3045 -21.5307 4
    endloop
  endfacet
  facet normal 0 0 1
    outer loop
      vertex 23 -32 4
      vertex 28.3045 -21.5307 4
      vertex 28.1722 -21.1611 4
    endloop
  endfacet
  facet normal 0 0 1
    outer loop
      vertex 23 -32 4
      vertex 28.1722 -21.1611 4
      vertex 28.0769 -20.7804 4
    endloop
  endfacet
  facet normal 0 0 1
    outer loop
      vertex 23 -32 4
      vertex 28.0769 -20.7804 4
      vertex 28.0193 -20.3921 4
    endloop
  endfacet
  facet normal 0 0 1
    outer loop
      vertex 29.1716 -22.8284 4
      vertex 27.5922 -31.0865 4
      vertex 28.6568 -30.5831 4
    endloop
  endfacet
  facet normal 0 0 1
    outer loop
      vertex 23 -32 4
      vertex 28.0193 -20.3921 4
      vertex 28 -20 4
    endloop
  endfacet
  facet normal 0 0 1
    outer loop
      vertex 17 1 4
      vertex 28 20 4
      vertex 17 7 4
    endloop
  endfacet
  facet normal 0 0 1
    outer loop
      vertex 28.1722 21.1611 4
      vertex 23 32 4
      vertex 28.0769 20.7804 4
    endloop
  endfacet
  facet normal -0 0 1
    outer loop
      vertex 16.9663 0.313873 4
      vertex 28 -20 4
      vertex 17 1 4
    endloop
  endfacet
  facet normal 0 0 1
    outer loop
      vertex 13.2998 13.1734 4
      vertex 28.0769 20.7804 4
      vertex 23 32 4
    endloop
  endfacet
  facet normal -0 0 1
    outer loop
      vertex 16.8655 -0.365631 4
      vertex 28 -20 4
      vertex 16.9663 0.313873 4
    endloop
  endfacet
  facet normal 0 0 1
    outer loop
      vertex 28.0769 20.7804 4
      vertex 13.2998 13.1734 4
      vertex 28.0193 20.3921 4
    endloop
  endfacet
  facet normal -0 0 1
    outer loop
      vertex 16.6986 -1.032 4
      vertex 28 -20 4
      vertex 16.8655 -0.365631 4
    endloop
  endfacet
  facet normal 0 -0 1
    outer loop
      vertex 13.889 12.8203 4
      vertex 28.0193 20.3921 4
      vertex 13.2998 13.1734 4
    endloop
  endfacet
  facet normal -0 0 1
    outer loop
      vertex 16.4672 -1.67879 4
      vertex 28 -20 4
      vertex 16.6986 -1.032 4
    endloop
  endfacet
  facet normal 0 0 1
    outer loop
      vertex 28 20 4
      vertex 17 1 4
      vertex 28 -20 4
    endloop
  endfacet
  facet normal 0 0 1
    outer loop
      vertex 28 20 4
      vertex 16.9663 7.68613 4
      vertex 17 7 4
    endloop
  endfacet
  facet normal 0 0 1
    outer loop
      vertex 28 20 4
      vertex 16.8655 8.36563 4
      vertex 16.9663 7.68613 4
    endloop
  endfacet
  facet normal 0 0 1
    outer loop
      vertex 28 20 4
      vertex 16.6986 9.032 4
      vertex 16.8655 8.36563 4
    endloop
  endfacet
  facet normal 0 0 1
    outer loop
      vertex 28 20 4
      vertex 16.4672 9.67879 4
      vertex 16.6986 9.032 4
    endloop
  endfacet
  facet normal 0 0 1
    outer loop
      vertex 28 20 4
      vertex 16.1734 10.2998 4
      vertex 16.4672 9.67879 4
    endloop
  endfacet
  facet normal 0 0 1
    outer loop
      vertex 28 20 4
      vertex 15.8203 10.889 4
      vertex 16.1734 10.2998 4
    endloop
  endfacet
  facet normal 0 0 1
    outer loop
      vertex 28 20 4
      vertex 15.4111 11.4408 4
      vertex 15.8203 10.889 4
    endloop
  endfacet
  facet normal 0 0 1
    outer loop
      vertex 28 20 4
      vertex 14.9498 11.9498 4
      vertex 15.4111 11.4408 4
    endloop
  endfacet
  facet normal 0 0 1
    outer loop
      vertex 28 20 4
      vertex 14.4408 12.4111 4
      vertex 14.9498 11.9498 4
    endloop
  endfacet
  facet normal 0 0 1
    outer loop
      vertex 28 20 4
      vertex 13.889 12.8203 4
      vertex 14.4408 12.4111 4
    endloop
  endfacet
  facet normal 0 0 1
    outer loop
      vertex 28.0193 20.3921 4
      vertex 13.889 12.8203 4
      vertex 28 20 4
    endloop
  endfacet
  facet normal 0 0 1
    outer loop
      vertex 23 32 4
      vertex 12.6788 13.4672 4
      vertex 13.2998 13.1734 4
    endloop
  endfacet
  facet normal 0 0 1
    outer loop
      vertex 23 32 4
      vertex 12.032 13.6986 4
      vertex 12.6788 13.4672 4
    endloop
  endfacet
  facet normal 0 0 1
    outer loop
      vertex 23 32 4
      vertex 11.3656 13.8655 4
      vertex 12.032 13.6986 4
    endloop
  endfacet
  facet normal 0 0 1
    outer loop
      vertex 23 32 4
      vertex 10.6861 13.9663 4
      vertex 11.3656 13.8655 4
    endloop
  endfacet
  facet normal 0 0 1
    outer loop
      vertex 23 32 4
      vertex 10 14 4
      vertex 10.6861 13.9663 4
    endloop
  endfacet
  facet normal 0 0 1
    outer loop
      vertex 23 32 4
      vertex -10 14 4
      vertex 10 14 4
    endloop
  endfacet
  facet normal -0 0 1
    outer loop
      vertex -23 32 4
      vertex -10 14 4
      vertex 23 32 4
    endloop
  endfacet
  facet normal 0 0 1
    outer loop
      vertex -10 14 4
      vertex -23 32 4
      vertex -10.6861 13.9663 4
    endloop
  endfacet
  facet normal 0 0 1
    outer loop
      vertex -10.6861 13.9663 4
      vertex -23 32 4
      vertex -11.3656 13.8655 4
    endloop
  endfacet
  facet normal 0 0 1
    outer loop
      vertex -11.3656 13.8655 4
      vertex -23 32 4
      vertex -12.032 13.6986 4
    endloop
  endfacet
  facet normal 0 0 1
    outer loop
      vertex -12.032 13.6986 4
      vertex -23 32 4
      vertex -12.6788 13.4672 4
    endloop
  endfacet
  facet normal 0 0 1
    outer loop
      vertex -15.8203 10.889 4
      vertex -28.4723 18.1144 4
      vertex -16.1734 10.2998 4
    endloop
  endfacet
  facet normal -0 0 1
    outer loop
      vertex -28.4723 18.1144 4
      vertex -15.8203 10.889 4
      vertex -28.3045 18.4693 4
    endloop
  endfacet
  facet normal 0 0 1
    outer loop
      vertex -15.4111 11.4408 4
      vertex -28.3045 18.4693 4
      vertex -15.8203 10.889 4
    endloop
  endfacet
  facet normal -0 0 1
    outer loop
      vertex -28.3045 18.4693 4
      vertex -15.4111 11.4408 4
      vertex -28.1722 18.8389 4
    endloop
  endfacet
  facet normal 0 0 1
    outer loop
      vertex -14.9498 11.9498 4
      vertex -28.1722 18.8389 4
      vertex -15.4111 11.4408 4
    endloop
  endfacet
  facet normal -0 0 1
    outer loop
      vertex -28.1722 18.8389 4
      vertex -14.9498 11.9498 4
      vertex -28.0769 19.2196 4
    endloop
  endfacet
  facet normal 0 0 1
    outer loop
      vertex -14.4408 12.4111 4
      vertex -28.0769 19.2196 4
      vertex -14.9498 11.9498 4
    endloop
  endfacet
  facet normal -0 0 1
    outer loop
      vertex -28.0769 19.2196 4
      vertex -14.4408 12.4111 4
      vertex -28.0193 19.6079 4
    endloop
  endfacet
  facet normal -0 0 1
    outer loop
      vertex -28.0193 19.6079 4
      vertex -14.4408 12.4111 4
      vertex -28 20 4
    endloop
  endfacet
  facet normal 0 0 1
    outer loop
      vertex -13.889 12.8203 4
      vertex -28 20 4
      vertex -14.4408 12.4111 4
    endloop
  endfacet
  facet normal 0 0 1
    outer loop
      vertex -13.2998 13.1734 4
      vertex -28 20 4
      vertex -13.889 12.8203 4
    endloop
  endfacet
  facet normal -0 0 1
    outer loop
      vertex -28 20 4
      vertex -13.2998 13.1734 4
      vertex -23 32 4
    endloop
  endfacet
  facet normal 0 0 1
    outer loop
      vertex -12.6788 13.4672 4
      vertex -23 32 4
      vertex -13.2998 13.1734 4
    endloop
  endfacet
  facet normal 0 0 1
    outer loop
      vertex -16.1734 10.2998 4
      vertex -28.908 17.4624 4
      vertex -16.4672 9.67879 4
    endloop
  endfacet
  facet normal 0 0 1
    outer loop
      vertex -17 1 4
      vertex -28.0193 -19.6079 4
      vertex -28 -20 4
    endloop
  endfacet
  facet normal -0 0 1
    outer loop
      vertex -29.1716 17.1716 4
      vertex -16.4672 9.67879 4
      vertex -28.908 17.4624 4
    endloop
  endfacet
  facet normal 0 0 1
    outer loop
      vertex -17 1 4
      vertex -28.0769 -19.2196 4
      vertex -28.0193 -19.6079 4
    endloop
  endfacet
  facet normal 0 0 1
    outer loop
      vertex -16.4672 9.67879 4
      vertex -29.1716 17.1716 4
      vertex -16.6986 9.032 4
    endloop
  endfacet
  facet normal 0 0 1
    outer loop
      vertex -17 1 4
      vertex -28.1722 -18.8389 4
      vertex -28.0769 -19.2196 4
    endloop
  endfacet
  facet normal -0 0 1
    outer loop
      vertex -29.4624 16.908 4
      vertex -16.6986 9.032 4
      vertex -29.1716 17.1716 4
    endloop
  endfacet
  facet normal 0 0 1
    outer loop
      vertex -17 1 4
      vertex -28.3045 -18.4693 4
      vertex -28.1722 -18.8389 4
    endloop
  endfacet
  facet normal 0 0 1
    outer loop
      vertex -16.6986 9.032 4
      vertex -29.4624 16.908 4
      vertex -16.8655 8.36563 4
    endloop
  endfacet
  facet normal 0 0 1
    outer loop
      vertex -17 1 4
      vertex -28.4723 -18.1144 4
      vertex -28.3045 -18.4693 4
    endloop
  endfacet
  facet normal -0 0 1
    outer loop
      vertex -29.7777 16.6741 4
      vertex -16.8655 8.36563 4
      vertex -29.4624 16.908 4
    endloop
  endfacet
  facet normal 0 0 1
    outer loop
      vertex -17 1 4
      vertex -28.6741 -17.7777 4
      vertex -28.4723 -18.1144 4
    endloop
  endfacet
  facet normal 0 0 1
    outer loop
      vertex -16.8655 8.36563 4
      vertex -29.7777 16.6741 4
      vertex -16.9663 7.68613 4
    endloop
  endfacet
  facet normal 0 0 1
    outer loop
      vertex -17 1 4
      vertex -28.908 -17.4624 4
      vertex -28.6741 -17.7777 4
    endloop
  endfacet
  facet normal -0 0 1
    outer loop
      vertex -30.1144 16.4723 4
      vertex -16.9663 7.68613 4
      vertex -29.7777 16.6741 4
    endloop
  endfacet
  facet normal 0 0 1
    outer loop
      vertex -17 1 4
      vertex -29.1716 -17.1716 4
      vertex -28.908 -17.4624 4
    endloop
  endfacet
  facet normal -0 0 1
    outer loop
      vertex -30.4693 16.3045 4
      vertex -16.9663 7.68613 4
      vertex -30.1144 16.4723 4
    endloop
  endfacet
  facet normal 0 0 1
    outer loop
      vertex -17 1 4
      vertex -29.4624 -16.908 4
      vertex -29.1716 -17.1716 4
    endloop
  endfacet
  facet normal 0 0 1
    outer loop
      vertex -16.9663 7.68613 4
      vertex -30.4693 16.3045 4
      vertex -17 7 4
    endloop
  endfacet
  facet normal 0 0 1
    outer loop
      vertex -17 1 4
      vertex -29.7777 -16.6741 4
      vertex -29.4624 -16.908 4
    endloop
  endfacet
  facet normal -0 0 1
    outer loop
      vertex -30.8389 16.1722 4
      vertex -17 7 4
      vertex -30.4693 16.3045 4
    endloop
  endfacet
  facet normal 0 0 1
    outer loop
      vertex -17 1 4
      vertex -30.1144 -16.4723 4
      vertex -29.7777 -16.6741 4
    endloop
  endfacet
  facet normal -0 0 1
    outer loop
      vertex -31.2196 16.0769 4
      vertex -17 7 4
      vertex -30.8389 16.1722 4
    endloop
  endfacet
  facet normal 0 0 1
    outer loop
      vertex -17 1 4
      vertex -30.4693 -16.3045 4
      vertex -30.1144 -16.4723 4
    endloop
  endfacet
  facet normal 0 0 1
    outer loop
      vertex -17 7 4
      vertex -31.2196 16.0769 4
      vertex -17 1 4
    endloop
  endfacet
  facet normal 0 0 1
    outer loop
      vertex -17 1 4
      vertex -30.8389 -16.1722 4
      vertex -30.4693 -16.3045 4
    endloop
  endfacet
  facet normal -0 0 1
    outer loop
      vertex -31.6079 16.0193 4
      vertex -17 1 4
      vertex -31.2196 16.0769 4
    endloop
  endfacet
  facet normal 0 0 1
    outer loop
      vertex -17 1 4
      vertex -31.2196 -16.0769 4
      vertex -30.8389 -16.1722 4
    endloop
  endfacet
  facet normal -0 0 1
    outer loop
      vertex -32 16 4
      vertex -17 1 4
      vertex -31.6079 16.0193 4
    endloop
  endfacet
  facet normal 0 0 1
    outer loop
      vertex -17 1 4
      vertex -31.6079 -16.0193 4
      vertex -31.2196 -16.0769 4
    endloop
  endfacet
  facet normal 0 0 1
    outer loop
      vertex -32 -16 4
      vertex -17 1 4
      vertex -32 16 4
    endloop
  endfacet
  facet normal 0 0 1
    outer loop
      vertex -17 1 4
      vertex -32 -16 4
      vertex -31.6079 -16.0193 4
    endloop
  endfacet
  facet normal 0 0 1
    outer loop
      vertex -32.3921 16.0193 4
      vertex -32 -16 4
      vertex -32 16 4
    endloop
  endfacet
  facet normal 0 0 1
    outer loop
      vertex -32.3921 16.0193 4
      vertex -32.3921 -16.0193 4
      vertex -32 -16 4
    endloop
  endfacet
  facet normal 0 0 1
    outer loop
      vertex -32.7804 16.0769 4
      vertex -32.3921 -16.0193 4
      vertex -32.3921 16.0193 4
    endloop
  endfacet
  facet normal 0 0 1
    outer loop
      vertex -32.7804 16.0769 4
      vertex -32.7804 -16.0769 4
      vertex -32.3921 -16.0193 4
    endloop
  endfacet
  facet normal 0 0 1
    outer loop
      vertex -33.1611 16.1722 4
      vertex -32.7804 -16.0769 4
      vertex -32.7804 16.0769 4
    endloop
  endfacet
  facet normal 0 0 1
    outer loop
      vertex -33.1611 16.1722 4
      vertex -33.1611 -16.1722 4
      vertex -32.7804 -16.0769 4
    endloop
  endfacet
  facet normal 0 0 1
    outer loop
      vertex -33.5307 16.3045 4
      vertex -33.1611 -16.1722 4
      vertex -33.1611 16.1722 4
    endloop
  endfacet
  facet normal 0 0 1
    outer loop
      vertex -33.5307 16.3045 4
      vertex -33.5307 -16.3045 4
      vertex -33.1611 -16.1722 4
    endloop
  endfacet
  facet normal 0 0 1
    outer loop
      vertex -33.8856 16.4723 4
      vertex -33.5307 -16.3045 4
      vertex -33.5307 16.3045 4
    endloop
  endfacet
  facet normal 0 0 1
    outer loop
      vertex -33.8856 16.4723 4
      vertex -33.8856 -16.4723 4
      vertex -33.5307 -16.3045 4
    endloop
  endfacet
  facet normal 0 0 1
    outer loop
      vertex -34.2223 16.6741 4
      vertex -33.8856 -16.4723 4
      vertex -33.8856 16.4723 4
    endloop
  endfacet
  facet normal 0 0 1
    outer loop
      vertex -34.2223 16.6741 4
      vertex -34.2223 -16.6741 4
      vertex -33.8856 -16.4723 4
    endloop
  endfacet
  facet normal 0 0 1
    outer loop
      vertex -34.5376 16.908 4
      vertex -34.2223 -16.6741 4
      vertex -34.2223 16.6741 4
    endloop
  endfacet
  facet normal 0 0 1
    outer loop
      vertex -34.5376 16.908 4
      vertex -34.5376 -16.908 4
      vertex -34.2223 -16.6741 4
    endloop
  endfacet
  facet normal 0 0 1
    outer loop
      vertex -34.8284 17.1716 4
      vertex -34.5376 -16.908 4
      vertex -34.5376 16.908 4
    endloop
  endfacet
  facet normal 0 0 1
    outer loop
      vertex -34.8284 17.1716 4
      vertex -34.8284 -17.1716 4
      vertex -34.5376 -16.908 4
    endloop
  endfacet
  facet normal 0 0 1
    outer loop
      vertex -35 17.3609 4
      vertex -34.8284 -17.1716 4
      vertex -34.8284 17.1716 4
    endloop
  endfacet
  facet normal 0 0 1
    outer loop
      vertex -34.8284 -17.1716 4
      vertex -35 17.3609 4
      vertex -35 -17.3609 4
    endloop
  endfacet
  facet normal -0 0 1
    outer loop
      vertex -28.3045 -21.5307 4
      vertex -23 -32 4
      vertex -28.1722 -21.1611 4
    endloop
  endfacet
  facet normal -0 0 1
    outer loop
      vertex -28.4723 -21.8856 4
      vertex -23 -32 4
      vertex -28.3045 -21.5307 4
    endloop
  endfacet
  facet normal -0 0 1
    outer loop
      vertex -28.6741 -22.2223 4
      vertex -23 -32 4
      vertex -28.4723 -21.8856 4
    endloop
  endfacet
  facet normal 0 0 1
    outer loop
      vertex -23 -32 4
      vertex -28.6741 -22.2223 4
      vertex -24.1762 -31.9422 4
    endloop
  endfacet
  facet normal 0 0 1
    outer loop
      vertex -24.1762 -31.9422 4
      vertex -28.6741 -22.2223 4
      vertex -25.3411 -31.7694 4
    endloop
  endfacet
  facet normal -0 0 1
    outer loop
      vertex -28.908 -22.5376 4
      vertex -25.3411 -31.7694 4
      vertex -28.6741 -22.2223 4
    endloop
  endfacet
  facet normal 0 0 1
    outer loop
      vertex -25.3411 -31.7694 4
      vertex -28.908 -22.5376 4
      vertex -26.4834 -31.4833 4
    endloop
  endfacet
  facet normal -0 0 1
    outer loop
      vertex -29.1716 -22.8284 4
      vertex -26.4834 -31.4833 4
      vertex -28.908 -22.5376 4
    endloop
  endfacet
  facet normal 0 0 1
    outer loop
      vertex -26.4834 -31.4833 4
      vertex -29.1716 -22.8284 4
      vertex -27.5922 -31.0865 4
    endloop
  endfacet
  facet normal 0 0 1
    outer loop
      vertex -27.5922 -31.0865 4
      vertex -29.1716 -22.8284 4
      vertex -28.6568 -30.5831 4
    endloop
  endfacet
  facet normal -0 0 1
    outer loop
      vertex -29.4624 -23.092 4
      vertex -28.6568 -30.5831 4
      vertex -29.1716 -22.8284 4
    endloop
  endfacet
  facet normal 0 0 1
    outer loop
      vertex -29.4624 -23.092 4
      vertex -29.6668 -29.9776 4
      vertex -28.6568 -30.5831 4
    endloop
  endfacet
  facet normal -0 0 1
    outer loop
      vertex -29.7777 -23.3259 4
      vertex -29.6668 -29.9776 4
      vertex -29.4624 -23.092 4
    endloop
  endfacet
  facet normal 0 0 1
    outer loop
      vertex -30.6127 -29.2761 4
      vertex -29.7777 -23.3259 4
      vertex -30.1144 -23.5277 4
    endloop
  endfacet
  facet normal 0 0 1
    outer loop
      vertex -30.6127 -29.2761 4
      vertex -30.1144 -23.5277 4
      vertex -30.4693 -23.6955 4
    endloop
  endfacet
  facet normal 0 0 1
    outer loop
      vertex -29.7777 -23.3259 4
      vertex -30.6127 -29.2761 4
      vertex -29.6668 -29.9776 4
    endloop
  endfacet
  facet normal 0 0 1
    outer loop
      vertex -31.4853 -28.4853 4
      vertex -30.4693 -23.6955 4
      vertex -30.8389 -23.8278 4
    endloop
  endfacet
  facet normal 0 0 1
    outer loop
      vertex -32.2761 -27.6127 4
      vertex -30.8389 -23.8278 4
      vertex -31.2196 -23.9231 4
    endloop
  endfacet
  facet normal 0 0 1
    outer loop
      vertex -30.4693 -23.6955 4
      vertex -31.4853 -28.4853 4
      vertex -30.6127 -29.2761 4
    endloop
  endfacet
  facet normal 0 0 1
    outer loop
      vertex -32.9776 -26.6668 4
      vertex -31.2196 -23.9231 4
      vertex -31.6079 -23.9807 4
    endloop
  endfacet
  facet normal 0 0 1
    outer loop
      vertex -32.9776 -26.6668 4
      vertex -31.6079 -23.9807 4
      vertex -32 -24 4
    endloop
  endfacet
  facet normal 0 0 1
    outer loop
      vertex -30.8389 -23.8278 4
      vertex -32.2761 -27.6127 4
      vertex -31.4853 -28.4853 4
    endloop
  endfacet
  facet normal 0 0 1
    outer loop
      vertex -33.5831 -25.6568 4
      vertex -32 -24 4
      vertex -32.3921 -23.9807 4
    endloop
  endfacet
  facet normal 0 0 1
    outer loop
      vertex -33.5831 -25.6568 4
      vertex -32.3921 -23.9807 4
      vertex -32.7804 -23.9231 4
    endloop
  endfacet
  facet normal 0 0 1
    outer loop
      vertex -31.2196 -23.9231 4
      vertex -32.9776 -26.6668 4
      vertex -32.2761 -27.6127 4
    endloop
  endfacet
  facet normal 0 0 1
    outer loop
      vertex -34.0865 -24.5922 4
      vertex -32.7804 -23.9231 4
      vertex -33.1611 -23.8278 4
    endloop
  endfacet
  facet normal 0 0 1
    outer loop
      vertex -34.0865 -24.5922 4
      vertex -33.1611 -23.8278 4
      vertex -33.5307 -23.6955 4
    endloop
  endfacet
  facet normal 0 0 1
    outer loop
      vertex -32 -24 4
      vertex -33.5831 -25.6568 4
      vertex -32.9776 -26.6668 4
    endloop
  endfacet
  facet normal 0 0 1
    outer loop
      vertex -34.0865 -24.5922 4
      vertex -33.5307 -23.6955 4
      vertex -33.8856 -23.5277 4
    endloop
  endfacet
  facet normal 0 0 1
    outer loop
      vertex -32.7804 -23.9231 4
      vertex -34.0865 -24.5922 4
      vertex -33.5831 -25.6568 4
    endloop
  endfacet
  facet normal -0 0 1
    outer loop
      vertex -34.4833 -23.4834 4
      vertex -33.8856 -23.5277 4
      vertex -34.2223 -23.3259 4
    endloop
  endfacet
  facet normal 0 0 1
    outer loop
      vertex -33.8856 -23.5277 4
      vertex -34.4833 -23.4834 4
      vertex -34.0865 -24.5922 4
    endloop
  endfacet
  facet normal 0 0 1
    outer loop
      vertex -34.5376 -23.092 4
      vertex -34.4833 -23.4834 4
      vertex -34.2223 -23.3259 4
    endloop
  endfacet
  facet normal 0 0 1
    outer loop
      vertex -34.4833 -23.4834 4
      vertex -34.5376 -23.092 4
      vertex -34.5942 -23.0407 4
    endloop
  endfacet
  facet normal -0 0 1
    outer loop
      vertex 16.1734 -2.29977 4
      vertex 28 -20 4
      vertex 16.4672 -1.67879 4
    endloop
  endfacet
  facet normal -0 0 1
    outer loop
      vertex 15.8203 -2.88899 4
      vertex 28 -20 4
      vertex 16.1734 -2.29977 4
    endloop
  endfacet
  facet normal -0 0 1
    outer loop
      vertex 15.4111 -3.44075 4
      vertex 28 -20 4
      vertex 15.8203 -2.88899 4
    endloop
  endfacet
  facet normal -0 0 1
    outer loop
      vertex 14.9498 -3.94975 4
      vertex 28 -20 4
      vertex 15.4111 -3.44075 4
    endloop
  endfacet
  facet normal -0 0 1
    outer loop
      vertex 14.4408 -4.41107 4
      vertex 28 -20 4
      vertex 14.9498 -3.94975 4
    endloop
  endfacet
  facet normal -0 0 1
    outer loop
      vertex 13.889 -4.82028 4
      vertex 28 -20 4
      vertex 14.4408 -4.41107 4
    endloop
  endfacet
  facet normal -0 0 1
    outer loop
      vertex 13.2998 -5.17345 4
      vertex 28 -20 4
      vertex 13.889 -4.82028 4
    endloop
  endfacet
  facet normal 0 0 1
    outer loop
      vertex 28.6741 -22.2223 4
      vertex 23 -32 4
      vertex 24.1762 -31.9422 4
    endloop
  endfacet
  facet normal 0 0 1
    outer loop
      vertex 29.1716 -22.8284 4
      vertex 26.4834 -31.4833 4
      vertex 27.5922 -31.0865 4
    endloop
  endfacet
  facet normal 0 0 1
    outer loop
      vertex 28.908 -22.5376 4
      vertex 25.3411 -31.7694 4
      vertex 26.4834 -31.4833 4
    endloop
  endfacet
  facet normal 0 0 1
    outer loop
      vertex 28.6741 -22.2223 4
      vertex 24.1762 -31.9422 4
      vertex 25.3411 -31.7694 4
    endloop
  endfacet
  facet normal -0 0 1
    outer loop
      vertex 12.6788 -5.46716 4
      vertex 28 -20 4
      vertex 13.2998 -5.17345 4
    endloop
  endfacet
  facet normal -0 0 1
    outer loop
      vertex 12.032 -5.69858 4
      vertex 28 -20 4
      vertex 12.6788 -5.46716 4
    endloop
  endfacet
  facet normal -0 0 1
    outer loop
      vertex 11.3656 -5.86549 4
      vertex 28 -20 4
      vertex 12.032 -5.69858 4
    endloop
  endfacet
  facet normal -0 0 1
    outer loop
      vertex 10.6861 -5.96629 4
      vertex 28 -20 4
      vertex 11.3656 -5.86549 4
    endloop
  endfacet
  facet normal 0 0 1
    outer loop
      vertex 28 -20 4
      vertex 10.6861 -5.96629 4
      vertex 23 -32 4
    endloop
  endfacet
  facet normal -0 0 1
    outer loop
      vertex 10 -6 4
      vertex 23 -32 4
      vertex 10.6861 -5.96629 4
    endloop
  endfacet
  facet normal -0 0 1
    outer loop
      vertex -10 -6 4
      vertex 23 -32 4
      vertex 10 -6 4
    endloop
  endfacet
  facet normal 0 0 1
    outer loop
      vertex -23 -32 4
      vertex -10 -6 4
      vertex -10.6861 -5.96629 4
    endloop
  endfacet
  facet normal 0 0 1
    outer loop
      vertex -28 -20 4
      vertex -10.6861 -5.96629 4
      vertex -11.3656 -5.86549 4
    endloop
  endfacet
  facet normal 0 0 1
    outer loop
      vertex -28 -20 4
      vertex -11.3656 -5.86549 4
      vertex -12.032 -5.69858 4
    endloop
  endfacet
  facet normal 0 0 1
    outer loop
      vertex -28 -20 4
      vertex -12.032 -5.69858 4
      vertex -12.6788 -5.46716 4
    endloop
  endfacet
  facet normal 0 0 1
    outer loop
      vertex -28 -20 4
      vertex -12.6788 -5.46716 4
      vertex -13.2998 -5.17345 4
    endloop
  endfacet
  facet normal 0 0 1
    outer loop
      vertex -28 -20 4
      vertex -13.2998 -5.17345 4
      vertex -13.889 -4.82028 4
    endloop
  endfacet
  facet normal -0 0 1
    outer loop
      vertex -28.6741 17.7777 4
      vertex -16.1734 10.2998 4
      vertex -28.4723 18.1144 4
    endloop
  endfacet
  facet normal -0 0 1
    outer loop
      vertex -28.908 17.4624 4
      vertex -16.1734 10.2998 4
      vertex -28.6741 17.7777 4
    endloop
  endfacet
  facet normal 0 0 1
    outer loop
      vertex -10 -6 4
      vertex -23 -32 4
      vertex 23 -32 4
    endloop
  endfacet
  facet normal 0 0 1
    outer loop
      vertex -28 -20 4
      vertex -13.889 -4.82028 4
      vertex -14.4408 -4.41107 4
    endloop
  endfacet
  facet normal 0 0 1
    outer loop
      vertex -28 -20 4
      vertex -14.4408 -4.41107 4
      vertex -14.9498 -3.94975 4
    endloop
  endfacet
  facet normal 0 0 1
    outer loop
      vertex -28 -20 4
      vertex -14.9498 -3.94975 4
      vertex -15.4111 -3.44075 4
    endloop
  endfacet
  facet normal 0 0 1
    outer loop
      vertex -28 -20 4
      vertex -15.4111 -3.44075 4
      vertex -15.8203 -2.88899 4
    endloop
  endfacet
  facet normal 0 0 1
    outer loop
      vertex -28 -20 4
      vertex -15.8203 -2.88899 4
      vertex -16.1734 -2.29977 4
    endloop
  endfacet
  facet normal 0 0 1
    outer loop
      vertex -28 -20 4
      vertex -16.1734 -2.29977 4
      vertex -16.4672 -1.67879 4
    endloop
  endfacet
  facet normal 0 0 1
    outer loop
      vertex -28 -20 4
      vertex -16.4672 -1.67879 4
      vertex -16.6986 -1.032 4
    endloop
  endfacet
  facet normal 0 0 1
    outer loop
      vertex -28 -20 4
      vertex -16.6986 -1.032 4
      vertex -16.8655 -0.365631 4
    endloop
  endfacet
  facet normal 0 0 1
    outer loop
      vertex -17 1 4
      vertex -28 -20 4
      vertex -16.9663 0.313873 4
    endloop
  endfacet
  facet normal 0 0 1
    outer loop
      vertex -28.6741 22.2223 4
      vertex -23 32 4
      vertex -24.1762 31.9422 4
    endloop
  endfacet
  facet normal 0 0 1
    outer loop
      vertex -16.9663 0.313873 4
      vertex -28 -20 4
      vertex -16.8655 -0.365631 4
    endloop
  endfacet
  facet normal 0 0 1
    outer loop
      vertex -28.6741 22.2223 4
      vertex -24.1762 31.9422 4
      vertex -25.3411 31.7694 4
    endloop
  endfacet
  facet normal 0 0 1
    outer loop
      vertex -10.6861 -5.96629 4
      vertex -28 -20 4
      vertex -23 -32 4
    endloop
  endfacet
  facet normal 0 0 1
    outer loop
      vertex -28.908 22.5376 4
      vertex -25.3411 31.7694 4
      vertex -26.4834 31.4833 4
    endloop
  endfacet
  facet normal -0 0 1
    outer loop
      vertex -28.0193 -20.3921 4
      vertex -23 -32 4
      vertex -28 -20 4
    endloop
  endfacet
  facet normal 0 0 1
    outer loop
      vertex -29.1716 22.8284 4
      vertex -26.4834 31.4833 4
      vertex -27.5922 31.0865 4
    endloop
  endfacet
  facet normal -0 0 1
    outer loop
      vertex -28.0769 -20.7804 4
      vertex -23 -32 4
      vertex -28.0193 -20.3921 4
    endloop
  endfacet
  facet normal -0 0 1
    outer loop
      vertex -28.1722 -21.1611 4
      vertex -23 -32 4
      vertex -28.0769 -20.7804 4
    endloop
  endfacet
  facet normal 0 0 1
    outer loop
      vertex -23 32 4
      vertex -28.0193 20.3921 4
      vertex -28 20 4
    endloop
  endfacet
  facet normal 0 0 1
    outer loop
      vertex -23 32 4
      vertex -28.0769 20.7804 4
      vertex -28.0193 20.3921 4
    endloop
  endfacet
  facet normal 0 0 1
    outer loop
      vertex -23 32 4
      vertex -28.1722 21.1611 4
      vertex -28.0769 20.7804 4
    endloop
  endfacet
  facet normal 0 0 1
    outer loop
      vertex -23 32 4
      vertex -28.3045 21.5307 4
      vertex -28.1722 21.1611 4
    endloop
  endfacet
  facet normal 0 0 1
    outer loop
      vertex -23 32 4
      vertex -28.4723 21.8856 4
      vertex -28.3045 21.5307 4
    endloop
  endfacet
  facet normal 0 0 1
    outer loop
      vertex -29.1716 22.8284 4
      vertex -27.5922 31.0865 4
      vertex -28.6568 30.5831 4
    endloop
  endfacet
  facet normal 0 0 1
    outer loop
      vertex -23 32 4
      vertex -28.6741 22.2223 4
      vertex -28.4723 21.8856 4
    endloop
  endfacet
  facet normal 0 0 1
    outer loop
      vertex -25.3411 31.7694 4
      vertex -28.908 22.5376 4
      vertex -28.6741 22.2223 4
    endloop
  endfacet
  facet normal 0 0 1
    outer loop
      vertex -26.4834 31.4833 4
      vertex -29.1716 22.8284 4
      vertex -28.908 22.5376 4
    endloop
  endfacet
  facet normal 0 0 1
    outer loop
      vertex -28.6568 30.5831 4
      vertex -29.4624 23.092 4
      vertex -29.1716 22.8284 4
    endloop
  endfacet
  facet normal -0 0 1
    outer loop
      vertex -29.6668 29.9776 4
      vertex -29.4624 23.092 4
      vertex -28.6568 30.5831 4
    endloop
  endfacet
  facet normal 0 0 1
    outer loop
      vertex -29.6668 29.9776 4
      vertex -29.7777 23.3259 4
      vertex -29.4624 23.092 4
    endloop
  endfacet
  facet normal -0 0 1
    outer loop
      vertex -30.6127 29.2761 4
      vertex -29.7777 23.3259 4
      vertex -29.6668 29.9776 4
    endloop
  endfacet
  facet normal 0 0 1
    outer loop
      vertex -29.7777 23.3259 4
      vertex -30.6127 29.2761 4
      vertex -30.1144 23.5277 4
    endloop
  endfacet
  facet normal 0 0 1
    outer loop
      vertex -30.1144 23.5277 4
      vertex -30.6127 29.2761 4
      vertex -30.4693 23.6955 4
    endloop
  endfacet
  facet normal -0 0 1
    outer loop
      vertex -31.4853 28.4853 4
      vertex -30.4693 23.6955 4
      vertex -30.6127 29.2761 4
    endloop
  endfacet
  facet normal 0 0 1
    outer loop
      vertex -30.4693 23.6955 4
      vertex -31.4853 28.4853 4
      vertex -30.8389 23.8278 4
    endloop
  endfacet
  facet normal -0 0 1
    outer loop
      vertex -32.2761 27.6127 4
      vertex -30.8389 23.8278 4
      vertex -31.4853 28.4853 4
    endloop
  endfacet
  facet normal 0 0 1
    outer loop
      vertex -30.8389 23.8278 4
      vertex -32.2761 27.6127 4
      vertex -31.2196 23.9231 4
    endloop
  endfacet
  facet normal -0 0 1
    outer loop
      vertex -32.9776 26.6668 4
      vertex -31.2196 23.9231 4
      vertex -32.2761 27.6127 4
    endloop
  endfacet
  facet normal 0 0 1
    outer loop
      vertex -31.2196 23.9231 4
      vertex -32.9776 26.6668 4
      vertex -31.6079 23.9807 4
    endloop
  endfacet
  facet normal 0 0 1
    outer loop
      vertex -31.6079 23.9807 4
      vertex -32.9776 26.6668 4
      vertex -32 24 4
    endloop
  endfacet
  facet normal -0 0 1
    outer loop
      vertex -33.5831 25.6568 4
      vertex -32 24 4
      vertex -32.9776 26.6668 4
    endloop
  endfacet
  facet normal 0 0 1
    outer loop
      vertex -32 24 4
      vertex -33.5831 25.6568 4
      vertex -32.3921 23.9807 4
    endloop
  endfacet
  facet normal 0 0 1
    outer loop
      vertex -32.3921 23.9807 4
      vertex -33.5831 25.6568 4
      vertex -32.7804 23.9231 4
    endloop
  endfacet
  facet normal -0 0 1
    outer loop
      vertex -34.0865 24.5922 4
      vertex -32.7804 23.9231 4
      vertex -33.5831 25.6568 4
    endloop
  endfacet
  facet normal 0 0 1
    outer loop
      vertex -32.7804 23.9231 4
      vertex -34.0865 24.5922 4
      vertex -33.1611 23.8278 4
    endloop
  endfacet
  facet normal 0 0 1
    outer loop
      vertex -33.1611 23.8278 4
      vertex -34.0865 24.5922 4
      vertex -33.5307 23.6955 4
    endloop
  endfacet
  facet normal 0 0 1
    outer loop
      vertex -33.5307 23.6955 4
      vertex -34.0865 24.5922 4
      vertex -33.8856 23.5277 4
    endloop
  endfacet
  facet normal 0 0 1
    outer loop
      vertex -34.4833 23.4834 4
      vertex -33.8856 23.5277 4
      vertex -34.0865 24.5922 4
    endloop
  endfacet
  facet normal 0 0 1
    outer loop
      vertex -33.8856 23.5277 4
      vertex -34.4833 23.4834 4
      vertex -34.2223 23.3259 4
    endloop
  endfacet
  facet normal 0 0 1
    outer loop
      vertex -34.4833 23.4834 4
      vertex -34.5376 23.092 4
      vertex -34.2223 23.3259 4
    endloop
  endfacet
  facet normal 0 -0 1
    outer loop
      vertex -34.5376 23.092 4
      vertex -34.4833 23.4834 4
      vertex -34.5942 23.0407 4
    endloop
  endfacet
  facet normal 0.595684 -0.803219 0
    outer loop
      vertex 29.6668 -29.9776 0
      vertex 30.6127 -29.2761 4
      vertex 29.6668 -29.9776 4
    endloop
  endfacet
  facet normal 0.595684 -0.803219 0
    outer loop
      vertex 30.6127 -29.2761 4
      vertex 29.6668 -29.9776 0
      vertex 30.6127 -29.2761 0
    endloop
  endfacet
  facet normal 0.803219 -0.595684 0
    outer loop
      vertex 32.2761 -27.6127 4
      vertex 32.9776 -26.6668 0
      vertex 32.9776 -26.6668 4
    endloop
  endfacet
  facet normal 0.803219 -0.595684 0
    outer loop
      vertex 32.9776 -26.6668 0
      vertex 32.2761 -27.6127 4
      vertex 32.2761 -27.6127 0
    endloop
  endfacet
  facet normal 0.85768 -0.514184 0
    outer loop
      vertex 32.9776 -26.6668 4
      vertex 33.5831 -25.6568 0
      vertex 33.5831 -25.6568 4
    endloop
  endfacet
  facet normal 0.85768 -0.514184 0
    outer loop
      vertex 33.5831 -25.6568 0
      vertex 32.9776 -26.6668 4
      vertex 32.9776 -26.6668 0
    endloop
  endfacet
  facet normal -0.989175 -0.146739 0
    outer loop
      vertex 16.9663 7.68613 0
      vertex 16.8655 8.36563 4
      vertex 16.8655 8.36563 0
    endloop
  endfacet
  facet normal -0.989175 -0.146739 0
    outer loop
      vertex 16.8655 8.36563 4
      vertex 16.9663 7.68613 0
      vertex 16.9663 7.68613 4
    endloop
  endfacet
  facet normal -0.0490736 0.998795 0
    outer loop
      vertex 10.6861 -5.96629 0
      vertex 10 -6 4
      vertex 10.6861 -5.96629 4
    endloop
  endfacet
  facet normal -0.0490736 0.998795 0
    outer loop
      vertex 10 -6 4
      vertex 10.6861 -5.96629 0
      vertex 10 -6 0
    endloop
  endfacet
  facet normal 0.146739 0.989175 -0
    outer loop
      vertex -10.6861 -5.96629 0
      vertex -11.3656 -5.86549 4
      vertex -10.6861 -5.96629 4
    endloop
  endfacet
  facet normal 0.146739 0.989175 0
    outer loop
      vertex -11.3656 -5.86549 4
      vertex -10.6861 -5.96629 0
      vertex -11.3656 -5.86549 0
    endloop
  endfacet
  facet normal -0.903942 -0.427655 0
    outer loop
      vertex 16.4672 9.67879 0
      vertex 16.1734 10.2998 4
      vertex 16.1734 10.2998 0
    endloop
  endfacet
  facet normal -0.903942 -0.427655 0
    outer loop
      vertex 16.1734 10.2998 4
      vertex 16.4672 9.67879 0
      vertex 16.4672 9.67879 4
    endloop
  endfacet
  facet normal 0.803217 0.595687 0
    outer loop
      vertex -15.4111 -3.44075 4
      vertex -15.8203 -2.88899 0
      vertex -15.8203 -2.88899 4
    endloop
  endfacet
  facet normal 0.803217 0.595687 0
    outer loop
      vertex -15.8203 -2.88899 0
      vertex -15.4111 -3.44075 4
      vertex -15.4111 -3.44075 0
    endloop
  endfacet
  facet normal 0.336879 0.941548 -0
    outer loop
      vertex -12.032 -5.69858 0
      vertex -12.6788 -5.46716 4
      vertex -12.032 -5.69858 4
    endloop
  endfacet
  facet normal 0.336879 0.941548 0
    outer loop
      vertex -12.6788 -5.46716 4
      vertex -12.032 -5.69858 0
      vertex -12.6788 -5.46716 0
    endloop
  endfacet
  facet normal 0.0490736 0.998795 -0
    outer loop
      vertex -10 -6 0
      vertex -10.6861 -5.96629 4
      vertex -10 -6 4
    endloop
  endfacet
  facet normal 0.0490736 0.998795 0
    outer loop
      vertex -10.6861 -5.96629 4
      vertex -10 -6 0
      vertex -10.6861 -5.96629 0
    endloop
  endfacet
  facet normal -0.242947 -0.97004 0
    outer loop
      vertex 11.3656 13.8655 0
      vertex 12.032 13.6986 4
      vertex 11.3656 13.8655 4
    endloop
  endfacet
  facet normal -0.242947 -0.97004 -0
    outer loop
      vertex 12.032 13.6986 4
      vertex 11.3656 13.8655 0
      vertex 12.032 13.6986 0
    endloop
  endfacet
  facet normal 0.998796 0.0490571 0
    outer loop
      vertex -16.9663 0.313873 4
      vertex -17 1 0
      vertex -17 1 4
    endloop
  endfacet
  facet normal 0.998796 0.0490571 0
    outer loop
      vertex -17 1 0
      vertex -16.9663 0.313873 4
      vertex -16.9663 0.313873 0
    endloop
  endfacet
  facet normal -0.740973 0.671534 0
    outer loop
      vertex 14.9498 -3.94975 0
      vertex 15.4111 -3.44075 4
      vertex 15.4111 -3.44075 0
    endloop
  endfacet
  facet normal -0.740973 0.671534 0
    outer loop
      vertex 15.4111 -3.44075 4
      vertex 14.9498 -3.94975 0
      vertex 14.9498 -3.94975 4
    endloop
  endfacet
  facet normal -0.514046 -0.857763 0
    outer loop
      vertex 13.2998 13.1734 0
      vertex 13.889 12.8203 4
      vertex 13.2998 13.1734 4
    endloop
  endfacet
  facet normal -0.514046 -0.857763 -0
    outer loop
      vertex 13.889 12.8203 4
      vertex 13.2998 13.1734 0
      vertex 13.889 12.8203 0
    endloop
  endfacet
  facet normal 0.941556 -0.336857 0
    outer loop
      vertex -16.6986 9.032 4
      vertex -16.4672 9.67879 0
      vertex -16.4672 9.67879 4
    endloop
  endfacet
  facet normal 0.941556 -0.336857 0
    outer loop
      vertex -16.4672 9.67879 0
      vertex -16.6986 9.032 4
      vertex -16.6986 9.032 0
    endloop
  endfacet
  facet normal 0.903942 -0.427655 0
    outer loop
      vertex -16.4672 9.67879 4
      vertex -16.1734 10.2998 0
      vertex -16.1734 10.2998 4
    endloop
  endfacet
  facet normal 0.903942 -0.427655 0
    outer loop
      vertex -16.1734 10.2998 0
      vertex -16.4672 9.67879 4
      vertex -16.4672 9.67879 0
    endloop
  endfacet
  facet normal 0.989175 0.146738 0
    outer loop
      vertex -16.8655 -0.365631 4
      vertex -16.9663 0.313873 0
      vertex -16.9663 0.313873 4
    endloop
  endfacet
  facet normal 0.989175 0.146738 0
    outer loop
      vertex -16.9663 0.313873 0
      vertex -16.8655 -0.365631 4
      vertex -16.8655 -0.365631 0
    endloop
  endfacet
  facet normal -0.336853 -0.941557 0
    outer loop
      vertex 12.032 13.6986 0
      vertex 12.6788 13.4672 4
      vertex 12.032 13.6986 4
    endloop
  endfacet
  facet normal -0.336853 -0.941557 -0
    outer loop
      vertex 12.6788 13.4672 4
      vertex 12.032 13.6986 0
      vertex 12.6788 13.4672 0
    endloop
  endfacet
  facet normal 0.242947 -0.97004 0
    outer loop
      vertex -12.032 13.6986 0
      vertex -11.3656 13.8655 4
      vertex -12.032 13.6986 4
    endloop
  endfacet
  facet normal 0.242947 -0.97004 0
    outer loop
      vertex -11.3656 13.8655 4
      vertex -12.032 13.6986 0
      vertex -11.3656 13.8655 0
    endloop
  endfacet
  facet normal 0 1 -0
    outer loop
      vertex 10 -6 0
      vertex -10 -6 4
      vertex 10 -6 4
    endloop
  endfacet
  facet normal 0 1 0
    outer loop
      vertex -10 -6 4
      vertex 10 -6 0
      vertex -10 -6 0
    endloop
  endfacet
  facet normal -0.0490591 -0.998796 0
    outer loop
      vertex 10 14 0
      vertex 10.6861 13.9663 4
      vertex 10 14 4
    endloop
  endfacet
  facet normal -0.0490591 -0.998796 -0
    outer loop
      vertex 10.6861 13.9663 4
      vertex 10 14 0
      vertex 10.6861 13.9663 0
    endloop
  endfacet
  facet normal 0.67155 0.740959 -0
    outer loop
      vertex -14.4408 -4.41107 0
      vertex -14.9498 -3.94975 4
      vertex -14.4408 -4.41107 4
    endloop
  endfacet
  facet normal 0.67155 0.740959 0
    outer loop
      vertex -14.9498 -3.94975 4
      vertex -14.4408 -4.41107 0
      vertex -14.9498 -3.94975 0
    endloop
  endfacet
  facet normal 0.0490591 -0.998796 0
    outer loop
      vertex -10.6861 13.9663 0
      vertex -10 14 4
      vertex -10.6861 13.9663 4
    endloop
  endfacet
  facet normal 0.0490591 -0.998796 0
    outer loop
      vertex -10 14 4
      vertex -10.6861 13.9663 0
      vertex -10 14 0
    endloop
  endfacet
  facet normal 0.146739 -0.989175 0
    outer loop
      vertex -11.3656 13.8655 0
      vertex -10.6861 13.9663 4
      vertex -11.3656 13.8655 4
    endloop
  endfacet
  facet normal 0.146739 -0.989175 0
    outer loop
      vertex -10.6861 13.9663 4
      vertex -11.3656 13.8655 0
      vertex -10.6861 13.9663 0
    endloop
  endfacet
  facet normal 0.970037 0.242957 0
    outer loop
      vertex -16.6986 -1.032 4
      vertex -16.8655 -0.365631 0
      vertex -16.8655 -0.365631 4
    endloop
  endfacet
  facet normal 0.970037 0.242957 0
    outer loop
      vertex -16.8655 -0.365631 0
      vertex -16.6986 -1.032 4
      vertex -16.6986 -1.032 0
    endloop
  endfacet
  facet normal 0 -1 0
    outer loop
      vertex -10 14 0
      vertex 10 14 4
      vertex -10 14 4
    endloop
  endfacet
  facet normal 0 -1 -0
    outer loop
      vertex 10 14 4
      vertex -10 14 0
      vertex 10 14 0
    endloop
  endfacet
  facet normal 0.998796 -0.0490569 0
    outer loop
      vertex -17 7 4
      vertex -16.9663 7.68613 0
      vertex -16.9663 7.68613 4
    endloop
  endfacet
  facet normal 0.998796 -0.0490569 0
    outer loop
      vertex -16.9663 7.68613 0
      vertex -17 7 4
      vertex -17 7 0
    endloop
  endfacet
  facet normal -0.941556 -0.336857 0
    outer loop
      vertex 16.6986 9.032 0
      vertex 16.4672 9.67879 4
      vertex 16.4672 9.67879 0
    endloop
  endfacet
  facet normal -0.941556 -0.336857 0
    outer loop
      vertex 16.4672 9.67879 4
      vertex 16.6986 9.032 0
      vertex 16.6986 9.032 4
    endloop
  endfacet
  facet normal -0.427661 -0.903939 0
    outer loop
      vertex 12.6788 13.4672 0
      vertex 13.2998 13.1734 4
      vertex 12.6788 13.4672 4
    endloop
  endfacet
  facet normal -0.427661 -0.903939 -0
    outer loop
      vertex 13.2998 13.1734 4
      vertex 12.6788 13.4672 0
      vertex 13.2998 13.1734 0
    endloop
  endfacet
  facet normal 0.970037 -0.242957 0
    outer loop
      vertex -16.8655 8.36563 4
      vertex -16.6986 9.032 0
      vertex -16.6986 9.032 4
    endloop
  endfacet
  facet normal 0.970037 -0.242957 0
    outer loop
      vertex -16.6986 9.032 0
      vertex -16.8655 8.36563 4
      vertex -16.8655 8.36563 0
    endloop
  endfacet
  facet normal 0.336853 -0.941557 0
    outer loop
      vertex -12.6788 13.4672 0
      vertex -12.032 13.6986 4
      vertex -12.6788 13.4672 4
    endloop
  endfacet
  facet normal 0.336853 -0.941557 0
    outer loop
      vertex -12.032 13.6986 4
      vertex -12.6788 13.4672 0
      vertex -12.032 13.6986 0
    endloop
  endfacet
  facet normal 1 -0 0
    outer loop
      vertex -17 1 4
      vertex -17 7 0
      vertex -17 7 4
    endloop
  endfacet
  facet normal 1 0 0
    outer loop
      vertex -17 7 0
      vertex -17 1 4
      vertex -17 1 0
    endloop
  endfacet
  facet normal 0.595659 -0.803237 0
    outer loop
      vertex -14.4408 12.4111 0
      vertex -13.889 12.8203 4
      vertex -14.4408 12.4111 4
    endloop
  endfacet
  facet normal 0.595659 -0.803237 0
    outer loop
      vertex -13.889 12.8203 4
      vertex -14.4408 12.4111 0
      vertex -13.889 12.8203 0
    endloop
  endfacet
  facet normal 0.857763 -0.514046 0
    outer loop
      vertex -16.1734 10.2998 4
      vertex -15.8203 10.889 0
      vertex -15.8203 10.889 4
    endloop
  endfacet
  facet normal 0.857763 -0.514046 0
    outer loop
      vertex -15.8203 10.889 0
      vertex -16.1734 10.2998 4
      vertex -16.1734 10.2998 0
    endloop
  endfacet
  facet normal -0.803217 0.595687 0
    outer loop
      vertex 15.4111 -3.44075 0
      vertex 15.8203 -2.88899 4
      vertex 15.8203 -2.88899 0
    endloop
  endfacet
  facet normal -0.803217 0.595687 0
    outer loop
      vertex 15.8203 -2.88899 4
      vertex 15.4111 -3.44075 0
      vertex 15.4111 -3.44075 4
    endloop
  endfacet
  facet normal 0.514046 -0.857763 0
    outer loop
      vertex -13.889 12.8203 0
      vertex -13.2998 13.1734 4
      vertex -13.889 12.8203 4
    endloop
  endfacet
  facet normal 0.514046 -0.857763 0
    outer loop
      vertex -13.2998 13.1734 4
      vertex -13.889 12.8203 0
      vertex -13.2998 13.1734 0
    endloop
  endfacet
  facet normal 0.989175 -0.146739 0
    outer loop
      vertex -16.9663 7.68613 4
      vertex -16.8655 8.36563 0
      vertex -16.8655 8.36563 4
    endloop
  endfacet
  facet normal 0.989175 -0.146739 0
    outer loop
      vertex -16.8655 8.36563 0
      vertex -16.9663 7.68613 4
      vertex -16.9663 7.68613 0
    endloop
  endfacet
  facet normal 0.24296 0.970036 -0
    outer loop
      vertex -11.3656 -5.86549 0
      vertex -12.032 -5.69858 4
      vertex -11.3656 -5.86549 4
    endloop
  endfacet
  facet normal 0.24296 0.970036 0
    outer loop
      vertex -12.032 -5.69858 4
      vertex -11.3656 -5.86549 0
      vertex -12.032 -5.69858 0
    endloop
  endfacet
  facet normal -0.803237 -0.595659 0
    outer loop
      vertex 15.8203 10.889 0
      vertex 15.4111 11.4408 4
      vertex 15.4111 11.4408 0
    endloop
  endfacet
  facet normal -0.803237 -0.595659 0
    outer loop
      vertex 15.4111 11.4408 4
      vertex 15.8203 10.889 0
      vertex 15.8203 10.889 4
    endloop
  endfacet
  facet normal -0.595659 -0.803237 0
    outer loop
      vertex 13.889 12.8203 0
      vertex 14.4408 12.4111 4
      vertex 13.889 12.8203 4
    endloop
  endfacet
  facet normal -0.595659 -0.803237 -0
    outer loop
      vertex 14.4408 12.4111 4
      vertex 13.889 12.8203 0
      vertex 14.4408 12.4111 0
    endloop
  endfacet
  facet normal 0.941556 0.336857 0
    outer loop
      vertex -16.4672 -1.67879 4
      vertex -16.6986 -1.032 0
      vertex -16.6986 -1.032 4
    endloop
  endfacet
  facet normal 0.941556 0.336857 0
    outer loop
      vertex -16.6986 -1.032 0
      vertex -16.4672 -1.67879 4
      vertex -16.4672 -1.67879 0
    endloop
  endfacet
  facet normal -0.146739 -0.989175 0
    outer loop
      vertex 10.6861 13.9663 0
      vertex 11.3656 13.8655 4
      vertex 10.6861 13.9663 4
    endloop
  endfacet
  facet normal -0.146739 -0.989175 -0
    outer loop
      vertex 11.3656 13.8655 4
      vertex 10.6861 13.9663 0
      vertex 11.3656 13.8655 0
    endloop
  endfacet
  facet normal -0.671534 -0.740973 0
    outer loop
      vertex 14.4408 12.4111 0
      vertex 14.9498 11.9498 4
      vertex 14.4408 12.4111 4
    endloop
  endfacet
  facet normal -0.671534 -0.740973 -0
    outer loop
      vertex 14.9498 11.9498 4
      vertex 14.4408 12.4111 0
      vertex 14.9498 11.9498 0
    endloop
  endfacet
  facet normal 0.427554 0.90399 -0
    outer loop
      vertex -12.6788 -5.46716 0
      vertex -13.2998 -5.17345 4
      vertex -12.6788 -5.46716 4
    endloop
  endfacet
  facet normal 0.427554 0.90399 0
    outer loop
      vertex -13.2998 -5.17345 4
      vertex -12.6788 -5.46716 0
      vertex -13.2998 -5.17345 0
    endloop
  endfacet
  facet normal -0.740973 -0.671534 0
    outer loop
      vertex 15.4111 11.4408 0
      vertex 14.9498 11.9498 4
      vertex 14.9498 11.9498 0
    endloop
  endfacet
  facet normal -0.740973 -0.671534 0
    outer loop
      vertex 14.9498 11.9498 4
      vertex 15.4111 11.4408 0
      vertex 15.4111 11.4408 4
    endloop
  endfacet
  facet normal -0.941556 0.336857 0
    outer loop
      vertex 16.4672 -1.67879 0
      vertex 16.6986 -1.032 4
      vertex 16.6986 -1.032 0
    endloop
  endfacet
  facet normal -0.941556 0.336857 0
    outer loop
      vertex 16.6986 -1.032 4
      vertex 16.4672 -1.67879 0
      vertex 16.4672 -1.67879 4
    endloop
  endfacet
  facet normal -0.998796 0.0490571 0
    outer loop
      vertex 16.9663 0.313873 0
      vertex 17 1 4
      vertex 17 1 0
    endloop
  endfacet
  facet normal -0.998796 0.0490571 0
    outer loop
      vertex 17 1 4
      vertex 16.9663 0.313873 0
      vertex 16.9663 0.313873 4
    endloop
  endfacet
  facet normal 0.427661 -0.903939 0
    outer loop
      vertex -13.2998 13.1734 0
      vertex -12.6788 13.4672 4
      vertex -13.2998 13.1734 4
    endloop
  endfacet
  facet normal 0.427661 -0.903939 0
    outer loop
      vertex -12.6788 13.4672 4
      vertex -13.2998 13.1734 0
      vertex -12.6788 13.4672 0
    endloop
  endfacet
  facet normal 0.903934 0.427672 0
    outer loop
      vertex -16.1734 -2.29977 4
      vertex -16.4672 -1.67879 0
      vertex -16.4672 -1.67879 4
    endloop
  endfacet
  facet normal 0.903934 0.427672 0
    outer loop
      vertex -16.4672 -1.67879 0
      vertex -16.1734 -2.29977 4
      vertex -16.1734 -2.29977 0
    endloop
  endfacet
  facet normal 0.595669 0.80323 -0
    outer loop
      vertex -13.889 -4.82028 0
      vertex -14.4408 -4.41107 4
      vertex -13.889 -4.82028 4
    endloop
  endfacet
  facet normal 0.595669 0.80323 0
    outer loop
      vertex -14.4408 -4.41107 4
      vertex -13.889 -4.82028 0
      vertex -14.4408 -4.41107 0
    endloop
  endfacet
  facet normal -1 0 0
    outer loop
      vertex 17 1 0
      vertex 17 7 4
      vertex 17 7 0
    endloop
  endfacet
  facet normal -1 -0 0
    outer loop
      vertex 17 7 4
      vertex 17 1 0
      vertex 17 1 4
    endloop
  endfacet
  facet normal 0.514121 0.857718 -0
    outer loop
      vertex -13.2998 -5.17345 0
      vertex -13.889 -4.82028 4
      vertex -13.2998 -5.17345 4
    endloop
  endfacet
  facet normal 0.514121 0.857718 0
    outer loop
      vertex -13.889 -4.82028 4
      vertex -13.2998 -5.17345 0
      vertex -13.889 -4.82028 0
    endloop
  endfacet
  facet normal -0.85777 0.514033 0
    outer loop
      vertex 15.8203 -2.88899 0
      vertex 16.1734 -2.29977 4
      vertex 16.1734 -2.29977 0
    endloop
  endfacet
  facet normal -0.85777 0.514033 0
    outer loop
      vertex 16.1734 -2.29977 4
      vertex 15.8203 -2.88899 0
      vertex 15.8203 -2.88899 4
    endloop
  endfacet
  facet normal 0.671534 -0.740973 0
    outer loop
      vertex -14.9498 11.9498 0
      vertex -14.4408 12.4111 4
      vertex -14.9498 11.9498 4
    endloop
  endfacet
  facet normal 0.671534 -0.740973 0
    outer loop
      vertex -14.4408 12.4111 4
      vertex -14.9498 11.9498 0
      vertex -14.4408 12.4111 0
    endloop
  endfacet
  facet normal -0.595669 0.80323 0
    outer loop
      vertex 14.4408 -4.41107 0
      vertex 13.889 -4.82028 4
      vertex 14.4408 -4.41107 4
    endloop
  endfacet
  facet normal -0.595669 0.80323 0
    outer loop
      vertex 13.889 -4.82028 4
      vertex 14.4408 -4.41107 0
      vertex 13.889 -4.82028 0
    endloop
  endfacet
  facet normal 0.85777 0.514033 0
    outer loop
      vertex -15.8203 -2.88899 4
      vertex -16.1734 -2.29977 0
      vertex -16.1734 -2.29977 4
    endloop
  endfacet
  facet normal 0.85777 0.514033 0
    outer loop
      vertex -16.1734 -2.29977 0
      vertex -15.8203 -2.88899 4
      vertex -15.8203 -2.88899 0
    endloop
  endfacet
  facet normal -0.989175 0.146738 0
    outer loop
      vertex 16.8655 -0.365631 0
      vertex 16.9663 0.313873 4
      vertex 16.9663 0.313873 0
    endloop
  endfacet
  facet normal -0.989175 0.146738 0
    outer loop
      vertex 16.9663 0.313873 4
      vertex 16.8655 -0.365631 0
      vertex 16.8655 -0.365631 4
    endloop
  endfacet
  facet normal -0.146739 0.989175 0
    outer loop
      vertex 11.3656 -5.86549 0
      vertex 10.6861 -5.96629 4
      vertex 11.3656 -5.86549 4
    endloop
  endfacet
  facet normal -0.146739 0.989175 0
    outer loop
      vertex 10.6861 -5.96629 4
      vertex 11.3656 -5.86549 0
      vertex 10.6861 -5.96629 0
    endloop
  endfacet
  facet normal -0.970037 -0.242957 0
    outer loop
      vertex 16.8655 8.36563 0
      vertex 16.6986 9.032 4
      vertex 16.6986 9.032 0
    endloop
  endfacet
  facet normal -0.970037 -0.242957 0
    outer loop
      vertex 16.6986 9.032 4
      vertex 16.8655 8.36563 0
      vertex 16.8655 8.36563 4
    endloop
  endfacet
  facet normal -0.857763 -0.514046 0
    outer loop
      vertex 16.1734 10.2998 0
      vertex 15.8203 10.889 4
      vertex 15.8203 10.889 0
    endloop
  endfacet
  facet normal -0.857763 -0.514046 0
    outer loop
      vertex 15.8203 10.889 4
      vertex 16.1734 10.2998 0
      vertex 16.1734 10.2998 4
    endloop
  endfacet
  facet normal -0.970037 0.242957 0
    outer loop
      vertex 16.6986 -1.032 0
      vertex 16.8655 -0.365631 4
      vertex 16.8655 -0.365631 0
    endloop
  endfacet
  facet normal -0.970037 0.242957 0
    outer loop
      vertex 16.8655 -0.365631 4
      vertex 16.6986 -1.032 0
      vertex 16.6986 -1.032 4
    endloop
  endfacet
  facet normal -0.427554 0.90399 0
    outer loop
      vertex 13.2998 -5.17345 0
      vertex 12.6788 -5.46716 4
      vertex 13.2998 -5.17345 4
    endloop
  endfacet
  facet normal -0.427554 0.90399 0
    outer loop
      vertex 12.6788 -5.46716 4
      vertex 13.2998 -5.17345 0
      vertex 12.6788 -5.46716 0
    endloop
  endfacet
  facet normal -0.903934 0.427672 0
    outer loop
      vertex 16.1734 -2.29977 0
      vertex 16.4672 -1.67879 4
      vertex 16.4672 -1.67879 0
    endloop
  endfacet
  facet normal -0.903934 0.427672 0
    outer loop
      vertex 16.4672 -1.67879 4
      vertex 16.1734 -2.29977 0
      vertex 16.1734 -2.29977 4
    endloop
  endfacet
  facet normal 0.803237 -0.595659 0
    outer loop
      vertex -15.8203 10.889 4
      vertex -15.4111 11.4408 0
      vertex -15.4111 11.4408 4
    endloop
  endfacet
  facet normal 0.803237 -0.595659 0
    outer loop
      vertex -15.4111 11.4408 0
      vertex -15.8203 10.889 4
      vertex -15.8203 10.889 0
    endloop
  endfacet
  facet normal 0.740973 -0.671534 0
    outer loop
      vertex -15.4111 11.4408 4
      vertex -14.9498 11.9498 0
      vertex -14.9498 11.9498 4
    endloop
  endfacet
  facet normal 0.740973 -0.671534 0
    outer loop
      vertex -14.9498 11.9498 0
      vertex -15.4111 11.4408 4
      vertex -15.4111 11.4408 0
    endloop
  endfacet
  facet normal 0.740973 0.671534 0
    outer loop
      vertex -14.9498 -3.94975 4
      vertex -15.4111 -3.44075 0
      vertex -15.4111 -3.44075 4
    endloop
  endfacet
  facet normal 0.740973 0.671534 0
    outer loop
      vertex -15.4111 -3.44075 0
      vertex -14.9498 -3.94975 4
      vertex -14.9498 -3.94975 0
    endloop
  endfacet
  facet normal -0.514121 0.857718 0
    outer loop
      vertex 13.889 -4.82028 0
      vertex 13.2998 -5.17345 4
      vertex 13.889 -4.82028 4
    endloop
  endfacet
  facet normal -0.514121 0.857718 0
    outer loop
      vertex 13.2998 -5.17345 4
      vertex 13.889 -4.82028 0
      vertex 13.2998 -5.17345 0
    endloop
  endfacet
  facet normal -0.998796 -0.0490569 0
    outer loop
      vertex 17 7 0
      vertex 16.9663 7.68613 4
      vertex 16.9663 7.68613 0
    endloop
  endfacet
  facet normal -0.998796 -0.0490569 0
    outer loop
      vertex 16.9663 7.68613 4
      vertex 17 7 0
      vertex 17 7 4
    endloop
  endfacet
  facet normal -0.336879 0.941548 0
    outer loop
      vertex 12.6788 -5.46716 0
      vertex 12.032 -5.69858 4
      vertex 12.6788 -5.46716 4
    endloop
  endfacet
  facet normal -0.336879 0.941548 0
    outer loop
      vertex 12.032 -5.69858 4
      vertex 12.6788 -5.46716 0
      vertex 12.032 -5.69858 0
    endloop
  endfacet
  facet normal -0.67155 0.740959 0
    outer loop
      vertex 14.9498 -3.94975 0
      vertex 14.4408 -4.41107 4
      vertex 14.9498 -3.94975 4
    endloop
  endfacet
  facet normal -0.67155 0.740959 0
    outer loop
      vertex 14.4408 -4.41107 4
      vertex 14.9498 -3.94975 0
      vertex 14.4408 -4.41107 0
    endloop
  endfacet
  facet normal -0.24296 0.970036 0
    outer loop
      vertex 12.032 -5.69858 0
      vertex 11.3656 -5.86549 4
      vertex 12.032 -5.69858 4
    endloop
  endfacet
  facet normal -0.24296 0.970036 0
    outer loop
      vertex 11.3656 -5.86549 4
      vertex 12.032 -5.69858 0
      vertex 11.3656 -5.86549 0
    endloop
  endfacet
  facet normal 0.989176 0.146737 0
    outer loop
      vertex -24.5265 50.5391 1.6
      vertex -24.6057 51.073 0
      vertex -24.6057 51.073 1.6
    endloop
  endfacet
  facet normal 0.989176 0.146737 0
    outer loop
      vertex -24.6057 51.073 0
      vertex -24.5265 50.5391 1.6
      vertex -24.5265 50.5391 0
    endloop
  endfacet
  facet normal 0.998794 0.0490967 0
    outer loop
      vertex -24.5 50 1.6
      vertex -24.5265 50.5391 0
      vertex -24.5265 50.5391 1.6
    endloop
  endfacet
  facet normal 0.998794 0.0490967 0
    outer loop
      vertex -24.5265 50.5391 0
      vertex -24.5 50 1.6
      vertex -24.5 50 0
    endloop
  endfacet
  facet normal 0.970055 0.242884 0
    outer loop
      vertex -24.6057 51.073 1.6
      vertex -24.7368 51.5966 0
      vertex -24.7368 51.5966 1.6
    endloop
  endfacet
  facet normal 0.970055 0.242884 0
    outer loop
      vertex -24.7368 51.5966 0
      vertex -24.6057 51.073 1.6
      vertex -24.6057 51.073 0
    endloop
  endfacet
  facet normal -0.0490967 0.998794 0
    outer loop
      vertex -30 55.5 0
      vertex -30.5391 55.4735 1.6
      vertex -30 55.5 1.6
    endloop
  endfacet
  facet normal -0.0490967 0.998794 0
    outer loop
      vertex -30.5391 55.4735 1.6
      vertex -30 55.5 0
      vertex -30.5391 55.4735 0
    endloop
  endfacet
  facet normal 0.427465 -0.904032 0
    outer loop
      vertex -27.8952 44.9187 0
      vertex -27.4073 45.1494 1.6
      vertex -27.8952 44.9187 1.6
    endloop
  endfacet
  facet normal 0.427465 -0.904032 0
    outer loop
      vertex -27.4073 45.1494 1.6
      vertex -27.8952 44.9187 0
      vertex -27.4073 45.1494 0
    endloop
  endfacet
  facet normal 0.146737 0.989176 -0
    outer loop
      vertex -28.927 55.3943 0
      vertex -29.4609 55.4735 1.6
      vertex -28.927 55.3943 1.6
    endloop
  endfacet
  facet normal 0.146737 0.989176 0
    outer loop
      vertex -29.4609 55.4735 1.6
      vertex -28.927 55.3943 0
      vertex -29.4609 55.4735 0
    endloop
  endfacet
  facet normal 0.427465 0.904032 -0
    outer loop
      vertex -27.4073 54.8506 0
      vertex -27.8952 55.0813 1.6
      vertex -27.4073 54.8506 1.6
    endloop
  endfacet
  facet normal 0.427465 0.904032 0
    outer loop
      vertex -27.8952 55.0813 1.6
      vertex -27.4073 54.8506 0
      vertex -27.8952 55.0813 0
    endloop
  endfacet
  facet normal -0.970055 0.242884 0
    outer loop
      vertex -35.3943 51.073 0
      vertex -35.2632 51.5966 1.6
      vertex -35.2632 51.5966 0
    endloop
  endfacet
  facet normal -0.970055 0.242884 0
    outer loop
      vertex -35.2632 51.5966 1.6
      vertex -35.3943 51.073 0
      vertex -35.3943 51.073 1.6
    endloop
  endfacet
  facet normal -0.146737 0.989176 0
    outer loop
      vertex -30.5391 55.4735 0
      vertex -31.073 55.3943 1.6
      vertex -30.5391 55.4735 1.6
    endloop
  endfacet
  facet normal -0.146737 0.989176 0
    outer loop
      vertex -31.073 55.3943 1.6
      vertex -30.5391 55.4735 0
      vertex -31.073 55.3943 0
    endloop
  endfacet
  facet normal 0.336994 -0.941507 0
    outer loop
      vertex -28.4034 44.7368 0
      vertex -27.8952 44.9187 1.6
      vertex -28.4034 44.7368 1.6
    endloop
  endfacet
  facet normal 0.336994 -0.941507 0
    outer loop
      vertex -27.8952 44.9187 1.6
      vertex -28.4034 44.7368 0
      vertex -27.8952 44.9187 0
    endloop
  endfacet
  facet normal -0.595604 0.803278 0
    outer loop
      vertex -33.0556 54.5731 0
      vertex -33.4892 54.2516 1.6
      vertex -33.0556 54.5731 1.6
    endloop
  endfacet
  facet normal -0.595604 0.803278 0
    outer loop
      vertex -33.4892 54.2516 1.6
      vertex -33.0556 54.5731 0
      vertex -33.4892 54.2516 0
    endloop
  endfacet
  facet normal -0.514169 0.857689 0
    outer loop
      vertex -32.5927 54.8506 0
      vertex -33.0556 54.5731 1.6
      vertex -32.5927 54.8506 1.6
    endloop
  endfacet
  facet normal -0.514169 0.857689 0
    outer loop
      vertex -33.0556 54.5731 1.6
      vertex -32.5927 54.8506 0
      vertex -33.0556 54.5731 0
    endloop
  endfacet
  facet normal 0 0 1
    outer loop
      vertex -26.2 50 1.6
      vertex -24.5 50 1.6
      vertex -24.5265 50.5391 1.6
    endloop
  endfacet
  facet normal 0 0 1
    outer loop
      vertex -26.2183 50.3725 1.6
      vertex -24.5265 50.5391 1.6
      vertex -24.6057 51.073 1.6
    endloop
  endfacet
  facet normal 0 0 1
    outer loop
      vertex -24.5 50 1.6
      vertex -26.2 50 1.6
      vertex -24.5265 49.4609 1.6
    endloop
  endfacet
  facet normal 0 0 1
    outer loop
      vertex -26.273 50.7413 1.6
      vertex -24.6057 51.073 1.6
      vertex -24.7368 51.5966 1.6
    endloop
  endfacet
  facet normal -0 0 1
    outer loop
      vertex -26.2183 49.6275 1.6
      vertex -24.5265 49.4609 1.6
      vertex -26.2 50 1.6
    endloop
  endfacet
  facet normal 0 0 1
    outer loop
      vertex -26.3636 51.1031 1.6
      vertex -24.7368 51.5966 1.6
      vertex -24.9187 52.1048 1.6
    endloop
  endfacet
  facet normal 0 0 1
    outer loop
      vertex -24.5265 49.4609 1.6
      vertex -26.2183 49.6275 1.6
      vertex -24.6057 48.927 1.6
    endloop
  endfacet
  facet normal 0 0 1
    outer loop
      vertex -26.4893 51.4542 1.6
      vertex -24.9187 52.1048 1.6
      vertex -25.1494 52.5927 1.6
    endloop
  endfacet
  facet normal -0 0 1
    outer loop
      vertex -26.273 49.2587 1.6
      vertex -24.6057 48.927 1.6
      vertex -26.2183 49.6275 1.6
    endloop
  endfacet
  facet normal 0 0 1
    outer loop
      vertex -26.6487 51.7913 1.6
      vertex -25.1494 52.5927 1.6
      vertex -25.4269 53.0556 1.6
    endloop
  endfacet
  facet normal 0 0 1
    outer loop
      vertex -24.6057 48.927 1.6
      vertex -26.273 49.2587 1.6
      vertex -24.7368 48.4034 1.6
    endloop
  endfacet
  facet normal 0 0 1
    outer loop
      vertex -26.8404 52.1112 1.6
      vertex -25.4269 53.0556 1.6
      vertex -25.7484 53.4892 1.6
    endloop
  endfacet
  facet normal -0 0 1
    outer loop
      vertex -26.3636 48.8969 1.6
      vertex -24.7368 48.4034 1.6
      vertex -26.273 49.2587 1.6
    endloop
  endfacet
  facet normal 0 0 1
    outer loop
      vertex -27.0626 52.4107 1.6
      vertex -25.7484 53.4892 1.6
      vertex -26.1109 53.8891 1.6
    endloop
  endfacet
  facet normal 0 0 1
    outer loop
      vertex -24.7368 48.4034 1.6
      vertex -26.3636 48.8969 1.6
      vertex -24.9187 47.8952 1.6
    endloop
  endfacet
  facet normal -0 0 1
    outer loop
      vertex -26.4893 48.5458 1.6
      vertex -24.9187 47.8952 1.6
      vertex -26.3636 48.8969 1.6
    endloop
  endfacet
  facet normal 0 0 1
    outer loop
      vertex -24.5265 50.5391 1.6
      vertex -26.2183 50.3725 1.6
      vertex -26.2 50 1.6
    endloop
  endfacet
  facet normal 0 0 1
    outer loop
      vertex -24.6057 51.073 1.6
      vertex -26.273 50.7413 1.6
      vertex -26.2183 50.3725 1.6
    endloop
  endfacet
  facet normal 0 0 1
    outer loop
      vertex -24.7368 51.5966 1.6
      vertex -26.3636 51.1031 1.6
      vertex -26.273 50.7413 1.6
    endloop
  endfacet
  facet normal 0 0 1
    outer loop
      vertex -24.9187 52.1048 1.6
      vertex -26.4893 51.4542 1.6
      vertex -26.3636 51.1031 1.6
    endloop
  endfacet
  facet normal 0 0 1
    outer loop
      vertex -27.313 52.687 1.6
      vertex -26.1109 53.8891 1.6
      vertex -26.5108 54.2516 1.6
    endloop
  endfacet
  facet normal 0 0 1
    outer loop
      vertex -25.1494 52.5927 1.6
      vertex -26.6487 51.7913 1.6
      vertex -26.4893 51.4542 1.6
    endloop
  endfacet
  facet normal 0 0 1
    outer loop
      vertex -25.4269 53.0556 1.6
      vertex -26.8404 52.1112 1.6
      vertex -26.6487 51.7913 1.6
    endloop
  endfacet
  facet normal 0 0 1
    outer loop
      vertex -27.5893 52.9374 1.6
      vertex -26.5108 54.2516 1.6
      vertex -26.9444 54.5731 1.6
    endloop
  endfacet
  facet normal 0 0 1
    outer loop
      vertex -25.7484 53.4892 1.6
      vertex -27.0626 52.4107 1.6
      vertex -26.8404 52.1112 1.6
    endloop
  endfacet
  facet normal 0 0 1
    outer loop
      vertex -26.1109 53.8891 1.6
      vertex -27.313 52.687 1.6
      vertex -27.0626 52.4107 1.6
    endloop
  endfacet
  facet normal 0 0 1
    outer loop
      vertex -27.8888 53.1596 1.6
      vertex -26.9444 54.5731 1.6
      vertex -27.4073 54.8506 1.6
    endloop
  endfacet
  facet normal 0 0 1
    outer loop
      vertex -26.5108 54.2516 1.6
      vertex -27.5893 52.9374 1.6
      vertex -27.313 52.687 1.6
    endloop
  endfacet
  facet normal 0 0 1
    outer loop
      vertex -26.9444 54.5731 1.6
      vertex -27.8888 53.1596 1.6
      vertex -27.5893 52.9374 1.6
    endloop
  endfacet
  facet normal 0 0 1
    outer loop
      vertex -28.2087 53.3513 1.6
      vertex -27.4073 54.8506 1.6
      vertex -27.8952 55.0813 1.6
    endloop
  endfacet
  facet normal 0 0 1
    outer loop
      vertex -27.4073 54.8506 1.6
      vertex -28.2087 53.3513 1.6
      vertex -27.8888 53.1596 1.6
    endloop
  endfacet
  facet normal 0 0 1
    outer loop
      vertex -28.5458 53.5107 1.6
      vertex -27.8952 55.0813 1.6
      vertex -28.4034 55.2632 1.6
    endloop
  endfacet
  facet normal 0 0 1
    outer loop
      vertex -27.8952 55.0813 1.6
      vertex -28.5458 53.5107 1.6
      vertex -28.2087 53.3513 1.6
    endloop
  endfacet
  facet normal 0 0 1
    outer loop
      vertex -28.4034 55.2632 1.6
      vertex -28.8969 53.6364 1.6
      vertex -28.5458 53.5107 1.6
    endloop
  endfacet
  facet normal 0 0 1
    outer loop
      vertex -28.927 55.3943 1.6
      vertex -28.8969 53.6364 1.6
      vertex -28.4034 55.2632 1.6
    endloop
  endfacet
  facet normal 0 0 1
    outer loop
      vertex -28.927 55.3943 1.6
      vertex -29.2587 53.727 1.6
      vertex -28.8969 53.6364 1.6
    endloop
  endfacet
  facet normal 0 0 1
    outer loop
      vertex -29.4609 55.4735 1.6
      vertex -29.2587 53.727 1.6
      vertex -28.927 55.3943 1.6
    endloop
  endfacet
  facet normal 0 0 1
    outer loop
      vertex -29.4609 55.4735 1.6
      vertex -29.6275 53.7817 1.6
      vertex -29.2587 53.727 1.6
    endloop
  endfacet
  facet normal 0 0 1
    outer loop
      vertex -30 55.5 1.6
      vertex -29.6275 53.7817 1.6
      vertex -29.4609 55.4735 1.6
    endloop
  endfacet
  facet normal 0 0 1
    outer loop
      vertex -30 55.5 1.6
      vertex -30 53.8 1.6
      vertex -29.6275 53.7817 1.6
    endloop
  endfacet
  facet normal 0 0 1
    outer loop
      vertex -30 55.5 1.6
      vertex -30.3725 53.7817 1.6
      vertex -30 53.8 1.6
    endloop
  endfacet
  facet normal -0 0 1
    outer loop
      vertex -30.5391 55.4735 1.6
      vertex -30.3725 53.7817 1.6
      vertex -30 55.5 1.6
    endloop
  endfacet
  facet normal 0 0 1
    outer loop
      vertex -30.5391 55.4735 1.6
      vertex -30.7413 53.727 1.6
      vertex -30.3725 53.7817 1.6
    endloop
  endfacet
  facet normal -0 0 1
    outer loop
      vertex -31.073 55.3943 1.6
      vertex -30.7413 53.727 1.6
      vertex -30.5391 55.4735 1.6
    endloop
  endfacet
  facet normal 0 0 1
    outer loop
      vertex -31.073 55.3943 1.6
      vertex -31.1031 53.6364 1.6
      vertex -30.7413 53.727 1.6
    endloop
  endfacet
  facet normal -0 0 1
    outer loop
      vertex -31.5966 55.2632 1.6
      vertex -31.1031 53.6364 1.6
      vertex -31.073 55.3943 1.6
    endloop
  endfacet
  facet normal 0 0 1
    outer loop
      vertex -31.1031 53.6364 1.6
      vertex -31.5966 55.2632 1.6
      vertex -31.4542 53.5107 1.6
    endloop
  endfacet
  facet normal -0 0 1
    outer loop
      vertex -32.1048 55.0813 1.6
      vertex -31.4542 53.5107 1.6
      vertex -31.5966 55.2632 1.6
    endloop
  endfacet
  facet normal 0 0 1
    outer loop
      vertex -31.4542 53.5107 1.6
      vertex -32.1048 55.0813 1.6
      vertex -31.7913 53.3513 1.6
    endloop
  endfacet
  facet normal -0 0 1
    outer loop
      vertex -32.5927 54.8506 1.6
      vertex -31.7913 53.3513 1.6
      vertex -32.1048 55.0813 1.6
    endloop
  endfacet
  facet normal 0 0 1
    outer loop
      vertex -31.7913 53.3513 1.6
      vertex -32.5927 54.8506 1.6
      vertex -32.1112 53.1596 1.6
    endloop
  endfacet
  facet normal -0 0 1
    outer loop
      vertex -33.0556 54.5731 1.6
      vertex -32.1112 53.1596 1.6
      vertex -32.5927 54.8506 1.6
    endloop
  endfacet
  facet normal 0 0 1
    outer loop
      vertex -32.1112 53.1596 1.6
      vertex -33.0556 54.5731 1.6
      vertex -32.4107 52.9374 1.6
    endloop
  endfacet
  facet normal -0 0 1
    outer loop
      vertex -33.4892 54.2516 1.6
      vertex -32.4107 52.9374 1.6
      vertex -33.0556 54.5731 1.6
    endloop
  endfacet
  facet normal 0 0 1
    outer loop
      vertex -32.4107 52.9374 1.6
      vertex -33.4892 54.2516 1.6
      vertex -32.687 52.687 1.6
    endloop
  endfacet
  facet normal -0 0 1
    outer loop
      vertex -33.8891 53.8891 1.6
      vertex -32.687 52.687 1.6
      vertex -33.4892 54.2516 1.6
    endloop
  endfacet
  facet normal 0 0 1
    outer loop
      vertex -32.687 52.687 1.6
      vertex -33.8891 53.8891 1.6
      vertex -32.9374 52.4107 1.6
    endloop
  endfacet
  facet normal -0 0 1
    outer loop
      vertex -34.2516 53.4892 1.6
      vertex -32.9374 52.4107 1.6
      vertex -33.8891 53.8891 1.6
    endloop
  endfacet
  facet normal 0 0 1
    outer loop
      vertex -32.9374 52.4107 1.6
      vertex -34.2516 53.4892 1.6
      vertex -33.1596 52.1112 1.6
    endloop
  endfacet
  facet normal -0 0 1
    outer loop
      vertex -34.5731 53.0556 1.6
      vertex -33.1596 52.1112 1.6
      vertex -34.2516 53.4892 1.6
    endloop
  endfacet
  facet normal 0 0 1
    outer loop
      vertex -33.1596 52.1112 1.6
      vertex -34.5731 53.0556 1.6
      vertex -33.3513 51.7913 1.6
    endloop
  endfacet
  facet normal -0 0 1
    outer loop
      vertex -34.8506 52.5927 1.6
      vertex -33.3513 51.7913 1.6
      vertex -34.5731 53.0556 1.6
    endloop
  endfacet
  facet normal -0 0 1
    outer loop
      vertex -35.0813 52.1048 1.6
      vertex -33.5107 51.4542 1.6
      vertex -34.8506 52.5927 1.6
    endloop
  endfacet
  facet normal 0 0 1
    outer loop
      vertex -33.3513 51.7913 1.6
      vertex -34.8506 52.5927 1.6
      vertex -33.5107 51.4542 1.6
    endloop
  endfacet
  facet normal 0 0 1
    outer loop
      vertex -24.9187 47.8952 1.6
      vertex -26.4893 48.5458 1.6
      vertex -25.1494 47.4073 1.6
    endloop
  endfacet
  facet normal -0 0 1
    outer loop
      vertex -26.6487 48.2087 1.6
      vertex -25.1494 47.4073 1.6
      vertex -26.4893 48.5458 1.6
    endloop
  endfacet
  facet normal 0 0 1
    outer loop
      vertex -25.1494 47.4073 1.6
      vertex -26.6487 48.2087 1.6
      vertex -25.4269 46.9444 1.6
    endloop
  endfacet
  facet normal -0 0 1
    outer loop
      vertex -26.8404 47.8888 1.6
      vertex -25.4269 46.9444 1.6
      vertex -26.6487 48.2087 1.6
    endloop
  endfacet
  facet normal 0 0 1
    outer loop
      vertex -25.4269 46.9444 1.6
      vertex -26.8404 47.8888 1.6
      vertex -25.7484 46.5108 1.6
    endloop
  endfacet
  facet normal -0 0 1
    outer loop
      vertex -27.0626 47.5893 1.6
      vertex -25.7484 46.5108 1.6
      vertex -26.8404 47.8888 1.6
    endloop
  endfacet
  facet normal 0 0 1
    outer loop
      vertex -25.7484 46.5108 1.6
      vertex -27.0626 47.5893 1.6
      vertex -26.1109 46.1109 1.6
    endloop
  endfacet
  facet normal -0 0 1
    outer loop
      vertex -27.313 47.313 1.6
      vertex -26.1109 46.1109 1.6
      vertex -27.0626 47.5893 1.6
    endloop
  endfacet
  facet normal 0 0 1
    outer loop
      vertex -26.1109 46.1109 1.6
      vertex -27.313 47.313 1.6
      vertex -26.5108 45.7484 1.6
    endloop
  endfacet
  facet normal -0 0 1
    outer loop
      vertex -27.5893 47.0626 1.6
      vertex -26.5108 45.7484 1.6
      vertex -27.313 47.313 1.6
    endloop
  endfacet
  facet normal 0 0 1
    outer loop
      vertex -26.5108 45.7484 1.6
      vertex -27.5893 47.0626 1.6
      vertex -26.9444 45.4269 1.6
    endloop
  endfacet
  facet normal -0 0 1
    outer loop
      vertex -27.8888 46.8404 1.6
      vertex -26.9444 45.4269 1.6
      vertex -27.5893 47.0626 1.6
    endloop
  endfacet
  facet normal 0 0 1
    outer loop
      vertex -26.9444 45.4269 1.6
      vertex -27.8888 46.8404 1.6
      vertex -27.4073 45.1494 1.6
    endloop
  endfacet
  facet normal -0 0 1
    outer loop
      vertex -28.2087 46.6487 1.6
      vertex -27.4073 45.1494 1.6
      vertex -27.8888 46.8404 1.6
    endloop
  endfacet
  facet normal 0 0 1
    outer loop
      vertex -27.4073 45.1494 1.6
      vertex -28.2087 46.6487 1.6
      vertex -27.8952 44.9187 1.6
    endloop
  endfacet
  facet normal -0 0 1
    outer loop
      vertex -28.5458 46.4893 1.6
      vertex -27.8952 44.9187 1.6
      vertex -28.2087 46.6487 1.6
    endloop
  endfacet
  facet normal 0 0 1
    outer loop
      vertex -27.8952 44.9187 1.6
      vertex -28.5458 46.4893 1.6
      vertex -28.4034 44.7368 1.6
    endloop
  endfacet
  facet normal -0 0 1
    outer loop
      vertex -28.8969 46.3636 1.6
      vertex -28.4034 44.7368 1.6
      vertex -28.5458 46.4893 1.6
    endloop
  endfacet
  facet normal 0 0 1
    outer loop
      vertex -28.8969 46.3636 1.6
      vertex -28.927 44.6057 1.6
      vertex -28.4034 44.7368 1.6
    endloop
  endfacet
  facet normal -0 0 1
    outer loop
      vertex -29.2587 46.273 1.6
      vertex -28.927 44.6057 1.6
      vertex -28.8969 46.3636 1.6
    endloop
  endfacet
  facet normal 0 0 1
    outer loop
      vertex -29.2587 46.273 1.6
      vertex -29.4609 44.5265 1.6
      vertex -28.927 44.6057 1.6
    endloop
  endfacet
  facet normal -0 0 1
    outer loop
      vertex -29.6275 46.2183 1.6
      vertex -29.4609 44.5265 1.6
      vertex -29.2587 46.273 1.6
    endloop
  endfacet
  facet normal -0 0 1
    outer loop
      vertex -30 46.2 1.6
      vertex -29.4609 44.5265 1.6
      vertex -29.6275 46.2183 1.6
    endloop
  endfacet
  facet normal 0 0 1
    outer loop
      vertex -30 46.2 1.6
      vertex -30 44.5 1.6
      vertex -29.4609 44.5265 1.6
    endloop
  endfacet
  facet normal 0 0 1
    outer loop
      vertex -30.3725 46.2183 1.6
      vertex -30 44.5 1.6
      vertex -30 46.2 1.6
    endloop
  endfacet
  facet normal 0 0 1
    outer loop
      vertex -30.3725 46.2183 1.6
      vertex -30.5391 44.5265 1.6
      vertex -30 44.5 1.6
    endloop
  endfacet
  facet normal 0 0 1
    outer loop
      vertex -30.7413 46.273 1.6
      vertex -30.5391 44.5265 1.6
      vertex -30.3725 46.2183 1.6
    endloop
  endfacet
  facet normal 0 0 1
    outer loop
      vertex -30.7413 46.273 1.6
      vertex -31.073 44.6057 1.6
      vertex -30.5391 44.5265 1.6
    endloop
  endfacet
  facet normal 0 0 1
    outer loop
      vertex -31.1031 46.3636 1.6
      vertex -31.073 44.6057 1.6
      vertex -30.7413 46.273 1.6
    endloop
  endfacet
  facet normal 0 0 1
    outer loop
      vertex -31.5966 44.7368 1.6
      vertex -31.1031 46.3636 1.6
      vertex -31.4542 46.4893 1.6
    endloop
  endfacet
  facet normal 0 0 1
    outer loop
      vertex -31.1031 46.3636 1.6
      vertex -31.5966 44.7368 1.6
      vertex -31.073 44.6057 1.6
    endloop
  endfacet
  facet normal 0 0 1
    outer loop
      vertex -32.1048 44.9187 1.6
      vertex -31.4542 46.4893 1.6
      vertex -31.7913 46.6487 1.6
    endloop
  endfacet
  facet normal 0 0 1
    outer loop
      vertex -31.4542 46.4893 1.6
      vertex -32.1048 44.9187 1.6
      vertex -31.5966 44.7368 1.6
    endloop
  endfacet
  facet normal 0 0 1
    outer loop
      vertex -32.5927 45.1494 1.6
      vertex -31.7913 46.6487 1.6
      vertex -32.1112 46.8404 1.6
    endloop
  endfacet
  facet normal 0 0 1
    outer loop
      vertex -33.0556 45.4269 1.6
      vertex -32.1112 46.8404 1.6
      vertex -32.4107 47.0626 1.6
    endloop
  endfacet
  facet normal 0 0 1
    outer loop
      vertex -31.7913 46.6487 1.6
      vertex -32.5927 45.1494 1.6
      vertex -32.1048 44.9187 1.6
    endloop
  endfacet
  facet normal 0 0 1
    outer loop
      vertex -33.4892 45.7484 1.6
      vertex -32.4107 47.0626 1.6
      vertex -32.687 47.313 1.6
    endloop
  endfacet
  facet normal 0 0 1
    outer loop
      vertex -33.8891 46.1109 1.6
      vertex -32.687 47.313 1.6
      vertex -32.9374 47.5893 1.6
    endloop
  endfacet
  facet normal 0 0 1
    outer loop
      vertex -32.1112 46.8404 1.6
      vertex -33.0556 45.4269 1.6
      vertex -32.5927 45.1494 1.6
    endloop
  endfacet
  facet normal 0 0 1
    outer loop
      vertex -34.2516 46.5108 1.6
      vertex -32.9374 47.5893 1.6
      vertex -33.1596 47.8888 1.6
    endloop
  endfacet
  facet normal 0 0 1
    outer loop
      vertex -34.5731 46.9444 1.6
      vertex -33.1596 47.8888 1.6
      vertex -33.3513 48.2087 1.6
    endloop
  endfacet
  facet normal 0 0 1
    outer loop
      vertex -32.4107 47.0626 1.6
      vertex -33.4892 45.7484 1.6
      vertex -33.0556 45.4269 1.6
    endloop
  endfacet
  facet normal 0 0 1
    outer loop
      vertex -34.8506 47.4073 1.6
      vertex -33.3513 48.2087 1.6
      vertex -33.5107 48.5458 1.6
    endloop
  endfacet
  facet normal 0 0 1
    outer loop
      vertex -35.0813 47.8952 1.6
      vertex -33.5107 48.5458 1.6
      vertex -33.6364 48.8969 1.6
    endloop
  endfacet
  facet normal 0 0 1
    outer loop
      vertex -35.2632 48.4034 1.6
      vertex -33.6364 48.8969 1.6
      vertex -33.727 49.2587 1.6
    endloop
  endfacet
  facet normal 0 0 1
    outer loop
      vertex -35.3943 48.927 1.6
      vertex -33.727 49.2587 1.6
      vertex -33.7817 49.6275 1.6
    endloop
  endfacet
  facet normal 0 0 1
    outer loop
      vertex -32.687 47.313 1.6
      vertex -33.8891 46.1109 1.6
      vertex -33.4892 45.7484 1.6
    endloop
  endfacet
  facet normal 0 0 1
    outer loop
      vertex -35.4735 49.4609 1.6
      vertex -33.7817 49.6275 1.6
      vertex -33.8 50 1.6
    endloop
  endfacet
  facet normal 0 0 1
    outer loop
      vertex -33.5107 51.4542 1.6
      vertex -35.0813 52.1048 1.6
      vertex -33.6364 51.1031 1.6
    endloop
  endfacet
  facet normal -0 0 1
    outer loop
      vertex -35.2632 51.5966 1.6
      vertex -33.6364 51.1031 1.6
      vertex -35.0813 52.1048 1.6
    endloop
  endfacet
  facet normal 0 0 1
    outer loop
      vertex -32.9374 47.5893 1.6
      vertex -34.2516 46.5108 1.6
      vertex -33.8891 46.1109 1.6
    endloop
  endfacet
  facet normal 0 0 1
    outer loop
      vertex -33.6364 51.1031 1.6
      vertex -35.2632 51.5966 1.6
      vertex -33.727 50.7413 1.6
    endloop
  endfacet
  facet normal 0 0 1
    outer loop
      vertex -33.1596 47.8888 1.6
      vertex -34.5731 46.9444 1.6
      vertex -34.2516 46.5108 1.6
    endloop
  endfacet
  facet normal -0 0 1
    outer loop
      vertex -35.3943 51.073 1.6
      vertex -33.727 50.7413 1.6
      vertex -35.2632 51.5966 1.6
    endloop
  endfacet
  facet normal 0 0 1
    outer loop
      vertex -33.3513 48.2087 1.6
      vertex -34.8506 47.4073 1.6
      vertex -34.5731 46.9444 1.6
    endloop
  endfacet
  facet normal 0 0 1
    outer loop
      vertex -33.727 50.7413 1.6
      vertex -35.3943 51.073 1.6
      vertex -33.7817 50.3725 1.6
    endloop
  endfacet
  facet normal 0 0 1
    outer loop
      vertex -33.5107 48.5458 1.6
      vertex -35.0813 47.8952 1.6
      vertex -34.8506 47.4073 1.6
    endloop
  endfacet
  facet normal -0 0 1
    outer loop
      vertex -35.4735 50.5391 1.6
      vertex -33.7817 50.3725 1.6
      vertex -35.3943 51.073 1.6
    endloop
  endfacet
  facet normal 0 0 1
    outer loop
      vertex -33.6364 48.8969 1.6
      vertex -35.2632 48.4034 1.6
      vertex -35.0813 47.8952 1.6
    endloop
  endfacet
  facet normal 0 0 1
    outer loop
      vertex -33.7817 50.3725 1.6
      vertex -35.4735 50.5391 1.6
      vertex -33.8 50 1.6
    endloop
  endfacet
  facet normal 0 0 1
    outer loop
      vertex -33.727 49.2587 1.6
      vertex -35.3943 48.927 1.6
      vertex -35.2632 48.4034 1.6
    endloop
  endfacet
  facet normal 0 0 1
    outer loop
      vertex -35.5 50 1.6
      vertex -33.8 50 1.6
      vertex -35.4735 50.5391 1.6
    endloop
  endfacet
  facet normal 0 0 1
    outer loop
      vertex -33.7817 49.6275 1.6
      vertex -35.4735 49.4609 1.6
      vertex -35.3943 48.927 1.6
    endloop
  endfacet
  facet normal 0 0 1
    outer loop
      vertex -33.8 50 1.6
      vertex -35.5 50 1.6
      vertex -35.4735 49.4609 1.6
    endloop
  endfacet
  facet normal 0.671612 0.740903 -0
    outer loop
      vertex -26.1109 53.8891 0
      vertex -26.5108 54.2516 1.6
      vertex -26.1109 53.8891 1.6
    endloop
  endfacet
  facet normal 0.671612 0.740903 0
    outer loop
      vertex -26.5108 54.2516 1.6
      vertex -26.1109 53.8891 0
      vertex -26.5108 54.2516 0
    endloop
  endfacet
  facet normal -0.595604 -0.803278 0
    outer loop
      vertex -33.4892 45.7484 0
      vertex -33.0556 45.4269 1.6
      vertex -33.4892 45.7484 1.6
    endloop
  endfacet
  facet normal -0.595604 -0.803278 -0
    outer loop
      vertex -33.0556 45.4269 1.6
      vertex -33.4892 45.7484 0
      vertex -33.0556 45.4269 0
    endloop
  endfacet
  facet normal -0.427465 0.904032 0
    outer loop
      vertex -32.1048 55.0813 0
      vertex -32.5927 54.8506 1.6
      vertex -32.1048 55.0813 1.6
    endloop
  endfacet
  facet normal -0.427465 0.904032 0
    outer loop
      vertex -32.5927 54.8506 1.6
      vertex -32.1048 55.0813 0
      vertex -32.5927 54.8506 0
    endloop
  endfacet
  facet normal 0.514169 0.857689 -0
    outer loop
      vertex -26.9444 54.5731 0
      vertex -27.4073 54.8506 1.6
      vertex -26.9444 54.5731 1.6
    endloop
  endfacet
  facet normal 0.514169 0.857689 0
    outer loop
      vertex -27.4073 54.8506 1.6
      vertex -26.9444 54.5731 0
      vertex -27.4073 54.8506 0
    endloop
  endfacet
  facet normal 0 0 -1
    outer loop
      vertex -28.3 50 0
      vertex -24.5 50 0
      vertex -24.5265 49.4609 0
    endloop
  endfacet
  facet normal 0 0 -1
    outer loop
      vertex -28.3579 49.56 0
      vertex -24.5265 49.4609 0
      vertex -24.6057 48.927 0
    endloop
  endfacet
  facet normal 0 0 -1
    outer loop
      vertex -24.5 50 0
      vertex -28.3 50 0
      vertex -24.5265 50.5391 0
    endloop
  endfacet
  facet normal 0 0 -1
    outer loop
      vertex -28.3579 49.56 0
      vertex -24.6057 48.927 0
      vertex -24.7368 48.4034 0
    endloop
  endfacet
  facet normal 0 0 -1
    outer loop
      vertex -28.3579 50.44 0
      vertex -24.5265 50.5391 0
      vertex -28.3 50 0
    endloop
  endfacet
  facet normal 0 0 -1
    outer loop
      vertex -28.3579 49.56 0
      vertex -24.7368 48.4034 0
      vertex -24.9187 47.8952 0
    endloop
  endfacet
  facet normal -0 0 -1
    outer loop
      vertex -24.5265 50.5391 0
      vertex -28.3579 50.44 0
      vertex -24.6057 51.073 0
    endloop
  endfacet
  facet normal 0 0 -1
    outer loop
      vertex -28.5278 49.15 0
      vertex -24.9187 47.8952 0
      vertex -25.1494 47.4073 0
    endloop
  endfacet
  facet normal -0 0 -1
    outer loop
      vertex -24.6057 51.073 0
      vertex -28.3579 50.44 0
      vertex -24.7368 51.5966 0
    endloop
  endfacet
  facet normal 0 0 -1
    outer loop
      vertex -28.5278 49.15 0
      vertex -25.1494 47.4073 0
      vertex -25.4269 46.9444 0
    endloop
  endfacet
  facet normal -0 0 -1
    outer loop
      vertex -24.7368 51.5966 0
      vertex -28.3579 50.44 0
      vertex -24.9187 52.1048 0
    endloop
  endfacet
  facet normal 0 0 -1
    outer loop
      vertex -28.5278 49.15 0
      vertex -25.4269 46.9444 0
      vertex -25.7484 46.5108 0
    endloop
  endfacet
  facet normal 0 0 -1
    outer loop
      vertex -28.5278 50.85 0
      vertex -24.9187 52.1048 0
      vertex -28.3579 50.44 0
    endloop
  endfacet
  facet normal 0 0 -1
    outer loop
      vertex -28.7979 48.7979 0
      vertex -25.7484 46.5108 0
      vertex -26.1109 46.1109 0
    endloop
  endfacet
  facet normal -0 0 -1
    outer loop
      vertex -24.9187 52.1048 0
      vertex -28.5278 50.85 0
      vertex -25.1494 52.5927 0
    endloop
  endfacet
  facet normal 0 0 -1
    outer loop
      vertex -28.7979 48.7979 0
      vertex -26.1109 46.1109 0
      vertex -26.5108 45.7484 0
    endloop
  endfacet
  facet normal -0 0 -1
    outer loop
      vertex -25.1494 52.5927 0
      vertex -28.5278 50.85 0
      vertex -25.4269 53.0556 0
    endloop
  endfacet
  facet normal 0 0 -1
    outer loop
      vertex -29.15 48.5278 0
      vertex -26.5108 45.7484 0
      vertex -26.9444 45.4269 0
    endloop
  endfacet
  facet normal -0 0 -1
    outer loop
      vertex -25.4269 53.0556 0
      vertex -28.5278 50.85 0
      vertex -25.7484 53.4892 0
    endloop
  endfacet
  facet normal 0 0 -1
    outer loop
      vertex -29.15 48.5278 0
      vertex -26.9444 45.4269 0
      vertex -27.4073 45.1494 0
    endloop
  endfacet
  facet normal 0 0 -1
    outer loop
      vertex -28.7979 51.2021 0
      vertex -25.7484 53.4892 0
      vertex -28.5278 50.85 0
    endloop
  endfacet
  facet normal 0 0 -1
    outer loop
      vertex -29.15 48.5278 0
      vertex -27.4073 45.1494 0
      vertex -27.8952 44.9187 0
    endloop
  endfacet
  facet normal -0 0 -1
    outer loop
      vertex -25.7484 53.4892 0
      vertex -28.7979 51.2021 0
      vertex -26.1109 53.8891 0
    endloop
  endfacet
  facet normal -0 0 -1
    outer loop
      vertex -26.1109 53.8891 0
      vertex -28.7979 51.2021 0
      vertex -26.5108 54.2516 0
    endloop
  endfacet
  facet normal 0 0 -1
    outer loop
      vertex -24.5265 49.4609 0
      vertex -28.3579 49.56 0
      vertex -28.3 50 0
    endloop
  endfacet
  facet normal 0 0 -1
    outer loop
      vertex -29.56 48.3579 0
      vertex -27.8952 44.9187 0
      vertex -28.4034 44.7368 0
    endloop
  endfacet
  facet normal 0 0 -1
    outer loop
      vertex -24.9187 47.8952 0
      vertex -28.5278 49.15 0
      vertex -28.3579 49.56 0
    endloop
  endfacet
  facet normal 0 0 -1
    outer loop
      vertex -25.7484 46.5108 0
      vertex -28.7979 48.7979 0
      vertex -28.5278 49.15 0
    endloop
  endfacet
  facet normal 0 0 -1
    outer loop
      vertex -29.56 48.3579 0
      vertex -28.4034 44.7368 0
      vertex -28.927 44.6057 0
    endloop
  endfacet
  facet normal 0 0 -1
    outer loop
      vertex -26.5108 45.7484 0
      vertex -29.15 48.5278 0
      vertex -28.7979 48.7979 0
    endloop
  endfacet
  facet normal 0 0 -1
    outer loop
      vertex -29.56 48.3579 0
      vertex -28.927 44.6057 0
      vertex -29.4609 44.5265 0
    endloop
  endfacet
  facet normal 0 0 -1
    outer loop
      vertex -27.8952 44.9187 0
      vertex -29.56 48.3579 0
      vertex -29.15 48.5278 0
    endloop
  endfacet
  facet normal 0 0 -1
    outer loop
      vertex -30 48.3 0
      vertex -29.4609 44.5265 0
      vertex -30 44.5 0
    endloop
  endfacet
  facet normal 0 0 -1
    outer loop
      vertex -29.4609 44.5265 0
      vertex -30 48.3 0
      vertex -29.56 48.3579 0
    endloop
  endfacet
  facet normal 0 0 -1
    outer loop
      vertex -30.5391 44.5265 0
      vertex -30 48.3 0
      vertex -30 44.5 0
    endloop
  endfacet
  facet normal -0 0 -1
    outer loop
      vertex -30 48.3 0
      vertex -30.5391 44.5265 0
      vertex -30.44 48.3579 0
    endloop
  endfacet
  facet normal 0 0 -1
    outer loop
      vertex -31.073 44.6057 0
      vertex -30.44 48.3579 0
      vertex -30.5391 44.5265 0
    endloop
  endfacet
  facet normal 0 0 -1
    outer loop
      vertex -31.5966 44.7368 0
      vertex -30.44 48.3579 0
      vertex -31.073 44.6057 0
    endloop
  endfacet
  facet normal 0 0 -1
    outer loop
      vertex -32.1048 44.9187 0
      vertex -30.44 48.3579 0
      vertex -31.5966 44.7368 0
    endloop
  endfacet
  facet normal -0 0 -1
    outer loop
      vertex -30.44 48.3579 0
      vertex -32.1048 44.9187 0
      vertex -30.85 48.5278 0
    endloop
  endfacet
  facet normal 0 0 -1
    outer loop
      vertex -32.5927 45.1494 0
      vertex -30.85 48.5278 0
      vertex -32.1048 44.9187 0
    endloop
  endfacet
  facet normal 0 0 -1
    outer loop
      vertex -33.0556 45.4269 0
      vertex -30.85 48.5278 0
      vertex -32.5927 45.1494 0
    endloop
  endfacet
  facet normal 0 0 -1
    outer loop
      vertex -33.4892 45.7484 0
      vertex -30.85 48.5278 0
      vertex -33.0556 45.4269 0
    endloop
  endfacet
  facet normal -0 0 -1
    outer loop
      vertex -30.85 48.5278 0
      vertex -33.4892 45.7484 0
      vertex -31.2021 48.7979 0
    endloop
  endfacet
  facet normal 0 0 -1
    outer loop
      vertex -29.15 51.4722 0
      vertex -26.5108 54.2516 0
      vertex -28.7979 51.2021 0
    endloop
  endfacet
  facet normal -0 0 -1
    outer loop
      vertex -26.5108 54.2516 0
      vertex -29.15 51.4722 0
      vertex -26.9444 54.5731 0
    endloop
  endfacet
  facet normal -0 0 -1
    outer loop
      vertex -26.9444 54.5731 0
      vertex -29.15 51.4722 0
      vertex -27.4073 54.8506 0
    endloop
  endfacet
  facet normal -0 0 -1
    outer loop
      vertex -27.4073 54.8506 0
      vertex -29.15 51.4722 0
      vertex -27.8952 55.0813 0
    endloop
  endfacet
  facet normal 0 0 -1
    outer loop
      vertex -29.56 51.6421 0
      vertex -27.8952 55.0813 0
      vertex -29.15 51.4722 0
    endloop
  endfacet
  facet normal -0 0 -1
    outer loop
      vertex -27.8952 55.0813 0
      vertex -29.56 51.6421 0
      vertex -28.4034 55.2632 0
    endloop
  endfacet
  facet normal -0 0 -1
    outer loop
      vertex -28.4034 55.2632 0
      vertex -29.56 51.6421 0
      vertex -28.927 55.3943 0
    endloop
  endfacet
  facet normal -0 0 -1
    outer loop
      vertex -28.927 55.3943 0
      vertex -29.56 51.6421 0
      vertex -29.4609 55.4735 0
    endloop
  endfacet
  facet normal 0 0 -1
    outer loop
      vertex -30 51.7 0
      vertex -29.4609 55.4735 0
      vertex -29.56 51.6421 0
    endloop
  endfacet
  facet normal 0 0 -1
    outer loop
      vertex -30 51.7 0
      vertex -30 55.5 0
      vertex -29.4609 55.4735 0
    endloop
  endfacet
  facet normal 0 0 -1
    outer loop
      vertex -30.5391 55.4735 0
      vertex -30 51.7 0
      vertex -30.44 51.6421 0
    endloop
  endfacet
  facet normal 0 0 -1
    outer loop
      vertex -30 51.7 0
      vertex -30.5391 55.4735 0
      vertex -30 55.5 0
    endloop
  endfacet
  facet normal 0 0 -1
    outer loop
      vertex -32.1048 55.0813 0
      vertex -30.44 51.6421 0
      vertex -30.85 51.4722 0
    endloop
  endfacet
  facet normal 0 0 -1
    outer loop
      vertex -30.44 51.6421 0
      vertex -31.073 55.3943 0
      vertex -30.5391 55.4735 0
    endloop
  endfacet
  facet normal 0 0 -1
    outer loop
      vertex -33.4892 54.2516 0
      vertex -30.85 51.4722 0
      vertex -31.2021 51.2021 0
    endloop
  endfacet
  facet normal 0 0 -1
    outer loop
      vertex -34.2516 53.4892 0
      vertex -31.2021 51.2021 0
      vertex -31.4722 50.85 0
    endloop
  endfacet
  facet normal 0 0 -1
    outer loop
      vertex -30.44 51.6421 0
      vertex -31.5966 55.2632 0
      vertex -31.073 55.3943 0
    endloop
  endfacet
  facet normal 0 0 -1
    outer loop
      vertex -35.0813 52.1048 0
      vertex -31.4722 50.85 0
      vertex -31.6421 50.44 0
    endloop
  endfacet
  facet normal 0 0 -1
    outer loop
      vertex -35.4735 50.5391 0
      vertex -31.6421 50.44 0
      vertex -31.7 50 0
    endloop
  endfacet
  facet normal 0 0 -1
    outer loop
      vertex -33.8891 46.1109 0
      vertex -31.2021 48.7979 0
      vertex -33.4892 45.7484 0
    endloop
  endfacet
  facet normal 0 0 -1
    outer loop
      vertex -30.44 51.6421 0
      vertex -32.1048 55.0813 0
      vertex -31.5966 55.2632 0
    endloop
  endfacet
  facet normal 0 0 -1
    outer loop
      vertex -34.2516 46.5108 0
      vertex -31.2021 48.7979 0
      vertex -33.8891 46.1109 0
    endloop
  endfacet
  facet normal 0 0 -1
    outer loop
      vertex -30.85 51.4722 0
      vertex -32.5927 54.8506 0
      vertex -32.1048 55.0813 0
    endloop
  endfacet
  facet normal -0 0 -1
    outer loop
      vertex -31.2021 48.7979 0
      vertex -34.2516 46.5108 0
      vertex -31.4722 49.15 0
    endloop
  endfacet
  facet normal 0 0 -1
    outer loop
      vertex -30.85 51.4722 0
      vertex -33.0556 54.5731 0
      vertex -32.5927 54.8506 0
    endloop
  endfacet
  facet normal 0 0 -1
    outer loop
      vertex -34.5731 46.9444 0
      vertex -31.4722 49.15 0
      vertex -34.2516 46.5108 0
    endloop
  endfacet
  facet normal 0 0 -1
    outer loop
      vertex -30.85 51.4722 0
      vertex -33.4892 54.2516 0
      vertex -33.0556 54.5731 0
    endloop
  endfacet
  facet normal 0 0 -1
    outer loop
      vertex -34.8506 47.4073 0
      vertex -31.4722 49.15 0
      vertex -34.5731 46.9444 0
    endloop
  endfacet
  facet normal 0 0 -1
    outer loop
      vertex -31.2021 51.2021 0
      vertex -33.8891 53.8891 0
      vertex -33.4892 54.2516 0
    endloop
  endfacet
  facet normal 0 0 -1
    outer loop
      vertex -35.0813 47.8952 0
      vertex -31.4722 49.15 0
      vertex -34.8506 47.4073 0
    endloop
  endfacet
  facet normal 0 0 -1
    outer loop
      vertex -31.2021 51.2021 0
      vertex -34.2516 53.4892 0
      vertex -33.8891 53.8891 0
    endloop
  endfacet
  facet normal -0 0 -1
    outer loop
      vertex -31.4722 49.15 0
      vertex -35.0813 47.8952 0
      vertex -31.6421 49.56 0
    endloop
  endfacet
  facet normal 0 0 -1
    outer loop
      vertex -31.4722 50.85 0
      vertex -34.5731 53.0556 0
      vertex -34.2516 53.4892 0
    endloop
  endfacet
  facet normal 0 0 -1
    outer loop
      vertex -35.2632 48.4034 0
      vertex -31.6421 49.56 0
      vertex -35.0813 47.8952 0
    endloop
  endfacet
  facet normal 0 0 -1
    outer loop
      vertex -31.4722 50.85 0
      vertex -34.8506 52.5927 0
      vertex -34.5731 53.0556 0
    endloop
  endfacet
  facet normal 0 0 -1
    outer loop
      vertex -35.3943 48.927 0
      vertex -31.6421 49.56 0
      vertex -35.2632 48.4034 0
    endloop
  endfacet
  facet normal 0 0 -1
    outer loop
      vertex -31.4722 50.85 0
      vertex -35.0813 52.1048 0
      vertex -34.8506 52.5927 0
    endloop
  endfacet
  facet normal 0 0 -1
    outer loop
      vertex -35.4735 49.4609 0
      vertex -31.6421 49.56 0
      vertex -35.3943 48.927 0
    endloop
  endfacet
  facet normal 0 0 -1
    outer loop
      vertex -31.6421 50.44 0
      vertex -35.2632 51.5966 0
      vertex -35.0813 52.1048 0
    endloop
  endfacet
  facet normal -0 0 -1
    outer loop
      vertex -31.6421 49.56 0
      vertex -35.4735 49.4609 0
      vertex -31.7 50 0
    endloop
  endfacet
  facet normal 0 0 -1
    outer loop
      vertex -31.6421 50.44 0
      vertex -35.3943 51.073 0
      vertex -35.2632 51.5966 0
    endloop
  endfacet
  facet normal 0 0 -1
    outer loop
      vertex -35.5 50 0
      vertex -31.7 50 0
      vertex -35.4735 49.4609 0
    endloop
  endfacet
  facet normal 0 0 -1
    outer loop
      vertex -31.6421 50.44 0
      vertex -35.4735 50.5391 0
      vertex -35.3943 51.073 0
    endloop
  endfacet
  facet normal 0 0 -1
    outer loop
      vertex -31.7 50 0
      vertex -35.5 50 0
      vertex -35.4735 50.5391 0
    endloop
  endfacet
  facet normal -0.427465 -0.904032 0
    outer loop
      vertex -32.5927 45.1494 0
      vertex -32.1048 44.9187 1.6
      vertex -32.5927 45.1494 1.6
    endloop
  endfacet
  facet normal -0.427465 -0.904032 -0
    outer loop
      vertex -32.1048 44.9187 1.6
      vertex -32.5927 45.1494 0
      vertex -32.1048 44.9187 0
    endloop
  endfacet
  facet normal -0.242884 -0.970055 0
    outer loop
      vertex -31.5966 44.7368 0
      vertex -31.073 44.6057 1.6
      vertex -31.5966 44.7368 1.6
    endloop
  endfacet
  facet normal -0.242884 -0.970055 -0
    outer loop
      vertex -31.073 44.6057 1.6
      vertex -31.5966 44.7368 0
      vertex -31.073 44.6057 0
    endloop
  endfacet
  facet normal -0.998794 -0.0490967 0
    outer loop
      vertex -35.4735 49.4609 0
      vertex -35.5 50 1.6
      vertex -35.5 50 0
    endloop
  endfacet
  facet normal -0.998794 -0.0490967 0
    outer loop
      vertex -35.5 50 1.6
      vertex -35.4735 49.4609 0
      vertex -35.4735 49.4609 1.6
    endloop
  endfacet
  facet normal 0.595604 0.803278 -0
    outer loop
      vertex -26.5108 54.2516 0
      vertex -26.9444 54.5731 1.6
      vertex -26.5108 54.2516 1.6
    endloop
  endfacet
  facet normal 0.595604 0.803278 0
    outer loop
      vertex -26.9444 54.5731 1.6
      vertex -26.5108 54.2516 0
      vertex -26.9444 54.5731 0
    endloop
  endfacet
  facet normal 0.970055 -0.242884 0
    outer loop
      vertex -24.7368 48.4034 1.6
      vertex -24.6057 48.927 0
      vertex -24.6057 48.927 1.6
    endloop
  endfacet
  facet normal 0.970055 -0.242884 0
    outer loop
      vertex -24.6057 48.927 0
      vertex -24.7368 48.4034 1.6
      vertex -24.7368 48.4034 0
    endloop
  endfacet
  facet normal -0.336994 -0.941507 0
    outer loop
      vertex -32.1048 44.9187 0
      vertex -31.5966 44.7368 1.6
      vertex -32.1048 44.9187 1.6
    endloop
  endfacet
  facet normal -0.336994 -0.941507 -0
    outer loop
      vertex -31.5966 44.7368 1.6
      vertex -32.1048 44.9187 0
      vertex -31.5966 44.7368 0
    endloop
  endfacet
  facet normal 0.242884 0.970055 -0
    outer loop
      vertex -28.4034 55.2632 0
      vertex -28.927 55.3943 1.6
      vertex -28.4034 55.2632 1.6
    endloop
  endfacet
  facet normal 0.242884 0.970055 0
    outer loop
      vertex -28.927 55.3943 1.6
      vertex -28.4034 55.2632 0
      vertex -28.927 55.3943 0
    endloop
  endfacet
  facet normal -0.740903 0.671612 0
    outer loop
      vertex -34.2516 53.4892 0
      vertex -33.8891 53.8891 1.6
      vertex -33.8891 53.8891 0
    endloop
  endfacet
  facet normal -0.740903 0.671612 0
    outer loop
      vertex -33.8891 53.8891 1.6
      vertex -34.2516 53.4892 0
      vertex -34.2516 53.4892 1.6
    endloop
  endfacet
  facet normal 0.0490967 -0.998794 0
    outer loop
      vertex -30 44.5 0
      vertex -29.4609 44.5265 1.6
      vertex -30 44.5 1.6
    endloop
  endfacet
  facet normal 0.0490967 -0.998794 0
    outer loop
      vertex -29.4609 44.5265 1.6
      vertex -30 44.5 0
      vertex -29.4609 44.5265 0
    endloop
  endfacet
  facet normal 0.803278 0.595604 0
    outer loop
      vertex -25.4269 53.0556 1.6
      vertex -25.7484 53.4892 0
      vertex -25.7484 53.4892 1.6
    endloop
  endfacet
  facet normal 0.803278 0.595604 0
    outer loop
      vertex -25.7484 53.4892 0
      vertex -25.4269 53.0556 1.6
      vertex -25.4269 53.0556 0
    endloop
  endfacet
  facet normal -0.970055 -0.242884 0
    outer loop
      vertex -35.2632 48.4034 0
      vertex -35.3943 48.927 1.6
      vertex -35.3943 48.927 0
    endloop
  endfacet
  facet normal -0.970055 -0.242884 0
    outer loop
      vertex -35.3943 48.927 1.6
      vertex -35.2632 48.4034 0
      vertex -35.2632 48.4034 1.6
    endloop
  endfacet
  facet normal -0.904032 -0.427465 0
    outer loop
      vertex -34.8506 47.4073 0
      vertex -35.0813 47.8952 1.6
      vertex -35.0813 47.8952 0
    endloop
  endfacet
  facet normal -0.904032 -0.427465 0
    outer loop
      vertex -35.0813 47.8952 1.6
      vertex -34.8506 47.4073 0
      vertex -34.8506 47.4073 1.6
    endloop
  endfacet
  facet normal 0.0490967 0.998794 -0
    outer loop
      vertex -29.4609 55.4735 0
      vertex -30 55.5 1.6
      vertex -29.4609 55.4735 1.6
    endloop
  endfacet
  facet normal 0.0490967 0.998794 0
    outer loop
      vertex -30 55.5 1.6
      vertex -29.4609 55.4735 0
      vertex -30 55.5 0
    endloop
  endfacet
  facet normal 0.989176 -0.146737 0
    outer loop
      vertex -24.6057 48.927 1.6
      vertex -24.5265 49.4609 0
      vertex -24.5265 49.4609 1.6
    endloop
  endfacet
  facet normal 0.989176 -0.146737 0
    outer loop
      vertex -24.5265 49.4609 0
      vertex -24.6057 48.927 1.6
      vertex -24.6057 48.927 0
    endloop
  endfacet
  facet normal 0.514169 -0.857689 0
    outer loop
      vertex -27.4073 45.1494 0
      vertex -26.9444 45.4269 1.6
      vertex -27.4073 45.1494 1.6
    endloop
  endfacet
  facet normal 0.514169 -0.857689 0
    outer loop
      vertex -26.9444 45.4269 1.6
      vertex -27.4073 45.1494 0
      vertex -26.9444 45.4269 0
    endloop
  endfacet
  facet normal 0.904032 -0.427465 0
    outer loop
      vertex -25.1494 47.4073 1.6
      vertex -24.9187 47.8952 0
      vertex -24.9187 47.8952 1.6
    endloop
  endfacet
  facet normal 0.904032 -0.427465 0
    outer loop
      vertex -24.9187 47.8952 0
      vertex -25.1494 47.4073 1.6
      vertex -25.1494 47.4073 0
    endloop
  endfacet
  facet normal 0.336994 0.941507 -0
    outer loop
      vertex -27.8952 55.0813 0
      vertex -28.4034 55.2632 1.6
      vertex -27.8952 55.0813 1.6
    endloop
  endfacet
  facet normal 0.336994 0.941507 0
    outer loop
      vertex -28.4034 55.2632 1.6
      vertex -27.8952 55.0813 0
      vertex -28.4034 55.2632 0
    endloop
  endfacet
  facet normal 0.740903 0.671612 0
    outer loop
      vertex -25.7484 53.4892 1.6
      vertex -26.1109 53.8891 0
      vertex -26.1109 53.8891 1.6
    endloop
  endfacet
  facet normal 0.740903 0.671612 0
    outer loop
      vertex -26.1109 53.8891 0
      vertex -25.7484 53.4892 1.6
      vertex -25.7484 53.4892 0
    endloop
  endfacet
  facet normal 0.998794 -0.0490967 0
    outer loop
      vertex -24.5265 49.4609 1.6
      vertex -24.5 50 0
      vertex -24.5 50 1.6
    endloop
  endfacet
  facet normal 0.998794 -0.0490967 0
    outer loop
      vertex -24.5 50 0
      vertex -24.5265 49.4609 1.6
      vertex -24.5265 49.4609 0
    endloop
  endfacet
  facet normal -0.941507 -0.336994 0
    outer loop
      vertex -35.0813 47.8952 0
      vertex -35.2632 48.4034 1.6
      vertex -35.2632 48.4034 0
    endloop
  endfacet
  facet normal -0.941507 -0.336994 0
    outer loop
      vertex -35.2632 48.4034 1.6
      vertex -35.0813 47.8952 0
      vertex -35.0813 47.8952 1.6
    endloop
  endfacet
  facet normal -0.941507 0.336994 0
    outer loop
      vertex -35.2632 51.5966 0
      vertex -35.0813 52.1048 1.6
      vertex -35.0813 52.1048 0
    endloop
  endfacet
  facet normal -0.941507 0.336994 0
    outer loop
      vertex -35.0813 52.1048 1.6
      vertex -35.2632 51.5966 0
      vertex -35.2632 51.5966 1.6
    endloop
  endfacet
  facet normal -0.857689 -0.514169 0
    outer loop
      vertex -34.5731 46.9444 0
      vertex -34.8506 47.4073 1.6
      vertex -34.8506 47.4073 0
    endloop
  endfacet
  facet normal -0.857689 -0.514169 0
    outer loop
      vertex -34.8506 47.4073 1.6
      vertex -34.5731 46.9444 0
      vertex -34.5731 46.9444 1.6
    endloop
  endfacet
  facet normal 0.242884 -0.970055 0
    outer loop
      vertex -28.927 44.6057 0
      vertex -28.4034 44.7368 1.6
      vertex -28.927 44.6057 1.6
    endloop
  endfacet
  facet normal 0.242884 -0.970055 0
    outer loop
      vertex -28.4034 44.7368 1.6
      vertex -28.927 44.6057 0
      vertex -28.4034 44.7368 0
    endloop
  endfacet
  facet normal 0.146737 -0.989176 0
    outer loop
      vertex -29.4609 44.5265 0
      vertex -28.927 44.6057 1.6
      vertex -29.4609 44.5265 1.6
    endloop
  endfacet
  facet normal 0.146737 -0.989176 0
    outer loop
      vertex -28.927 44.6057 1.6
      vertex -29.4609 44.5265 0
      vertex -28.927 44.6057 0
    endloop
  endfacet
  facet normal 0.941507 0.336994 0
    outer loop
      vertex -24.7368 51.5966 1.6
      vertex -24.9187 52.1048 0
      vertex -24.9187 52.1048 1.6
    endloop
  endfacet
  facet normal 0.941507 0.336994 0
    outer loop
      vertex -24.9187 52.1048 0
      vertex -24.7368 51.5966 1.6
      vertex -24.7368 51.5966 0
    endloop
  endfacet
  facet normal -0.998794 0.0490967 0
    outer loop
      vertex -35.5 50 0
      vertex -35.4735 50.5391 1.6
      vertex -35.4735 50.5391 0
    endloop
  endfacet
  facet normal -0.998794 0.0490967 0
    outer loop
      vertex -35.4735 50.5391 1.6
      vertex -35.5 50 0
      vertex -35.5 50 1.6
    endloop
  endfacet
  facet normal 0.803278 -0.595604 0
    outer loop
      vertex -25.7484 46.5108 1.6
      vertex -25.4269 46.9444 0
      vertex -25.4269 46.9444 1.6
    endloop
  endfacet
  facet normal 0.803278 -0.595604 0
    outer loop
      vertex -25.4269 46.9444 0
      vertex -25.7484 46.5108 1.6
      vertex -25.7484 46.5108 0
    endloop
  endfacet
  facet normal 0.857689 -0.514169 0
    outer loop
      vertex -25.4269 46.9444 1.6
      vertex -25.1494 47.4073 0
      vertex -25.1494 47.4073 1.6
    endloop
  endfacet
  facet normal 0.857689 -0.514169 0
    outer loop
      vertex -25.1494 47.4073 0
      vertex -25.4269 46.9444 1.6
      vertex -25.4269 46.9444 0
    endloop
  endfacet
  facet normal -0.242884 0.970055 0
    outer loop
      vertex -31.073 55.3943 0
      vertex -31.5966 55.2632 1.6
      vertex -31.073 55.3943 1.6
    endloop
  endfacet
  facet normal -0.242884 0.970055 0
    outer loop
      vertex -31.5966 55.2632 1.6
      vertex -31.073 55.3943 0
      vertex -31.5966 55.2632 0
    endloop
  endfacet
  facet normal 0.941507 -0.336994 0
    outer loop
      vertex -24.9187 47.8952 1.6
      vertex -24.7368 48.4034 0
      vertex -24.7368 48.4034 1.6
    endloop
  endfacet
  facet normal 0.941507 -0.336994 0
    outer loop
      vertex -24.7368 48.4034 0
      vertex -24.9187 47.8952 1.6
      vertex -24.9187 47.8952 0
    endloop
  endfacet
  facet normal 0.904032 0.427465 0
    outer loop
      vertex -24.9187 52.1048 1.6
      vertex -25.1494 52.5927 0
      vertex -25.1494 52.5927 1.6
    endloop
  endfacet
  facet normal 0.904032 0.427465 0
    outer loop
      vertex -25.1494 52.5927 0
      vertex -24.9187 52.1048 1.6
      vertex -24.9187 52.1048 0
    endloop
  endfacet
  facet normal -0.146737 -0.989176 0
    outer loop
      vertex -31.073 44.6057 0
      vertex -30.5391 44.5265 1.6
      vertex -31.073 44.6057 1.6
    endloop
  endfacet
  facet normal -0.146737 -0.989176 -0
    outer loop
      vertex -30.5391 44.5265 1.6
      vertex -31.073 44.6057 0
      vertex -30.5391 44.5265 0
    endloop
  endfacet
  facet normal 0.857689 0.514169 0
    outer loop
      vertex -25.1494 52.5927 1.6
      vertex -25.4269 53.0556 0
      vertex -25.4269 53.0556 1.6
    endloop
  endfacet
  facet normal 0.857689 0.514169 0
    outer loop
      vertex -25.4269 53.0556 0
      vertex -25.1494 52.5927 1.6
      vertex -25.1494 52.5927 0
    endloop
  endfacet
  facet normal -0.336994 0.941507 0
    outer loop
      vertex -31.5966 55.2632 0
      vertex -32.1048 55.0813 1.6
      vertex -31.5966 55.2632 1.6
    endloop
  endfacet
  facet normal -0.336994 0.941507 0
    outer loop
      vertex -32.1048 55.0813 1.6
      vertex -31.5966 55.2632 0
      vertex -32.1048 55.0813 0
    endloop
  endfacet
  facet normal -0.740903 -0.671612 0
    outer loop
      vertex -33.8891 46.1109 0
      vertex -34.2516 46.5108 1.6
      vertex -34.2516 46.5108 0
    endloop
  endfacet
  facet normal -0.740903 -0.671612 0
    outer loop
      vertex -34.2516 46.5108 1.6
      vertex -33.8891 46.1109 0
      vertex -33.8891 46.1109 1.6
    endloop
  endfacet
  facet normal -0.671612 0.740903 0
    outer loop
      vertex -33.4892 54.2516 0
      vertex -33.8891 53.8891 1.6
      vertex -33.4892 54.2516 1.6
    endloop
  endfacet
  facet normal -0.671612 0.740903 0
    outer loop
      vertex -33.8891 53.8891 1.6
      vertex -33.4892 54.2516 0
      vertex -33.8891 53.8891 0
    endloop
  endfacet
  facet normal -0.904032 0.427465 0
    outer loop
      vertex -35.0813 52.1048 0
      vertex -34.8506 52.5927 1.6
      vertex -34.8506 52.5927 0
    endloop
  endfacet
  facet normal -0.904032 0.427465 0
    outer loop
      vertex -34.8506 52.5927 1.6
      vertex -35.0813 52.1048 0
      vertex -35.0813 52.1048 1.6
    endloop
  endfacet
  facet normal -0.514169 -0.857689 0
    outer loop
      vertex -33.0556 45.4269 0
      vertex -32.5927 45.1494 1.6
      vertex -33.0556 45.4269 1.6
    endloop
  endfacet
  facet normal -0.514169 -0.857689 -0
    outer loop
      vertex -32.5927 45.1494 1.6
      vertex -33.0556 45.4269 0
      vertex -32.5927 45.1494 0
    endloop
  endfacet
  facet normal 0.671612 -0.740903 0
    outer loop
      vertex -26.5108 45.7484 0
      vertex -26.1109 46.1109 1.6
      vertex -26.5108 45.7484 1.6
    endloop
  endfacet
  facet normal 0.671612 -0.740903 0
    outer loop
      vertex -26.1109 46.1109 1.6
      vertex -26.5108 45.7484 0
      vertex -26.1109 46.1109 0
    endloop
  endfacet
  facet normal -0.803278 -0.595604 0
    outer loop
      vertex -34.2516 46.5108 0
      vertex -34.5731 46.9444 1.6
      vertex -34.5731 46.9444 0
    endloop
  endfacet
  facet normal -0.803278 -0.595604 0
    outer loop
      vertex -34.5731 46.9444 1.6
      vertex -34.2516 46.5108 0
      vertex -34.2516 46.5108 1.6
    endloop
  endfacet
  facet normal -0.989176 -0.146737 0
    outer loop
      vertex -35.3943 48.927 0
      vertex -35.4735 49.4609 1.6
      vertex -35.4735 49.4609 0
    endloop
  endfacet
  facet normal -0.989176 -0.146737 0
    outer loop
      vertex -35.4735 49.4609 1.6
      vertex -35.3943 48.927 0
      vertex -35.3943 48.927 1.6
    endloop
  endfacet
  facet normal 0.595604 -0.803278 0
    outer loop
      vertex -26.9444 45.4269 0
      vertex -26.5108 45.7484 1.6
      vertex -26.9444 45.4269 1.6
    endloop
  endfacet
  facet normal 0.595604 -0.803278 0
    outer loop
      vertex -26.5108 45.7484 1.6
      vertex -26.9444 45.4269 0
      vertex -26.5108 45.7484 0
    endloop
  endfacet
  facet normal -0.671612 -0.740903 0
    outer loop
      vertex -33.8891 46.1109 0
      vertex -33.4892 45.7484 1.6
      vertex -33.8891 46.1109 1.6
    endloop
  endfacet
  facet normal -0.671612 -0.740903 -0
    outer loop
      vertex -33.4892 45.7484 1.6
      vertex -33.8891 46.1109 0
      vertex -33.4892 45.7484 0
    endloop
  endfacet
  facet normal -0.803278 0.595604 0
    outer loop
      vertex -34.5731 53.0556 0
      vertex -34.2516 53.4892 1.6
      vertex -34.2516 53.4892 0
    endloop
  endfacet
  facet normal -0.803278 0.595604 0
    outer loop
      vertex -34.2516 53.4892 1.6
      vertex -34.5731 53.0556 0
      vertex -34.5731 53.0556 1.6
    endloop
  endfacet
  facet normal -0.0490967 -0.998794 0
    outer loop
      vertex -30.5391 44.5265 0
      vertex -30 44.5 1.6
      vertex -30.5391 44.5265 1.6
    endloop
  endfacet
  facet normal -0.0490967 -0.998794 -0
    outer loop
      vertex -30 44.5 1.6
      vertex -30.5391 44.5265 0
      vertex -30 44.5 0
    endloop
  endfacet
  facet normal -0.989176 0.146737 0
    outer loop
      vertex -35.4735 50.5391 0
      vertex -35.3943 51.073 1.6
      vertex -35.3943 51.073 0
    endloop
  endfacet
  facet normal -0.989176 0.146737 0
    outer loop
      vertex -35.3943 51.073 1.6
      vertex -35.4735 50.5391 0
      vertex -35.4735 50.5391 1.6
    endloop
  endfacet
  facet normal 0.740903 -0.671612 0
    outer loop
      vertex -26.1109 46.1109 1.6
      vertex -25.7484 46.5108 0
      vertex -25.7484 46.5108 1.6
    endloop
  endfacet
  facet normal 0.740903 -0.671612 0
    outer loop
      vertex -25.7484 46.5108 0
      vertex -26.1109 46.1109 1.6
      vertex -26.1109 46.1109 0
    endloop
  endfacet
  facet normal -0.857689 0.514169 0
    outer loop
      vertex -34.8506 52.5927 0
      vertex -34.5731 53.0556 1.6
      vertex -34.5731 53.0556 0
    endloop
  endfacet
  facet normal -0.857689 0.514169 0
    outer loop
      vertex -34.5731 53.0556 1.6
      vertex -34.8506 52.5927 0
      vertex -34.8506 52.5927 1.6
    endloop
  endfacet
  facet normal 0.989179 0.146714 0
    outer loop
      vertex -26.2183 50.3725 8.3
      vertex -26.273 50.7413 1.6
      vertex -26.273 50.7413 8.3
    endloop
  endfacet
  facet normal 0.989179 0.146714 0
    outer loop
      vertex -26.273 50.7413 1.6
      vertex -26.2183 50.3725 8.3
      vertex -26.2183 50.3725 1.6
    endloop
  endfacet
  facet normal 0.998795 0.0490683 0
    outer loop
      vertex -26.2 50 8.3
      vertex -26.2183 50.3725 1.6
      vertex -26.2183 50.3725 8.3
    endloop
  endfacet
  facet normal 0.998795 0.0490683 0
    outer loop
      vertex -26.2183 50.3725 1.6
      vertex -26.2 50 8.3
      vertex -26.2 50 1.6
    endloop
  endfacet
  facet normal 0.970048 0.242914 0
    outer loop
      vertex -26.273 50.7413 8.3
      vertex -26.3636 51.1031 1.6
      vertex -26.3636 51.1031 8.3
    endloop
  endfacet
  facet normal 0.970048 0.242914 0
    outer loop
      vertex -26.3636 51.1031 1.6
      vertex -26.273 50.7413 8.3
      vertex -26.273 50.7413 1.6
    endloop
  endfacet
  facet normal 0.337067 -0.941481 0
    outer loop
      vertex -28.8969 46.3636 1.6
      vertex -28.5458 46.4893 8.3
      vertex -28.8969 46.3636 8.3
    endloop
  endfacet
  facet normal 0.337067 -0.941481 0
    outer loop
      vertex -28.5458 46.4893 8.3
      vertex -28.8969 46.3636 1.6
      vertex -28.5458 46.4893 1.6
    endloop
  endfacet
  facet normal 0.427475 0.904027 -0
    outer loop
      vertex -28.2087 53.3513 1.6
      vertex -28.5458 53.5107 8.3
      vertex -28.2087 53.3513 8.3
    endloop
  endfacet
  facet normal 0.427475 0.904027 0
    outer loop
      vertex -28.5458 53.5107 8.3
      vertex -28.2087 53.3513 1.6
      vertex -28.5458 53.5107 1.6
    endloop
  endfacet
  facet normal 0.998795 -0.0490683 0
    outer loop
      vertex -26.2183 49.6275 8.3
      vertex -26.2 50 1.6
      vertex -26.2 50 8.3
    endloop
  endfacet
  facet normal 0.998795 -0.0490683 0
    outer loop
      vertex -26.2 50 1.6
      vertex -26.2183 49.6275 8.3
      vertex -26.2183 49.6275 1.6
    endloop
  endfacet
  facet normal 0.989179 -0.146714 0
    outer loop
      vertex -26.273 49.2587 8.3
      vertex -26.2183 49.6275 1.6
      vertex -26.2183 49.6275 8.3
    endloop
  endfacet
  facet normal 0.989179 -0.146714 0
    outer loop
      vertex -26.2183 49.6275 1.6
      vertex -26.273 49.2587 8.3
      vertex -26.273 49.2587 1.6
    endloop
  endfacet
  facet normal 0.59583 0.80311 -0
    outer loop
      vertex -27.5893 52.9374 1.6
      vertex -27.8888 53.1596 8.3
      vertex -27.5893 52.9374 8.3
    endloop
  endfacet
  facet normal 0.59583 0.80311 0
    outer loop
      vertex -27.8888 53.1596 8.3
      vertex -27.5893 52.9374 1.6
      vertex -27.8888 53.1596 1.6
    endloop
  endfacet
  facet normal 0.427475 -0.904027 0
    outer loop
      vertex -28.5458 46.4893 1.6
      vertex -28.2087 46.6487 8.3
      vertex -28.5458 46.4893 8.3
    endloop
  endfacet
  facet normal 0.427475 -0.904027 0
    outer loop
      vertex -28.2087 46.6487 8.3
      vertex -28.5458 46.4893 1.6
      vertex -28.2087 46.6487 1.6
    endloop
  endfacet
  facet normal 0.904027 -0.427475 0
    outer loop
      vertex -26.6487 48.2087 8.3
      vertex -26.4893 48.5458 1.6
      vertex -26.4893 48.5458 8.3
    endloop
  endfacet
  facet normal 0.904027 -0.427475 0
    outer loop
      vertex -26.4893 48.5458 1.6
      vertex -26.6487 48.2087 8.3
      vertex -26.6487 48.2087 1.6
    endloop
  endfacet
  facet normal -0.514022 0.857777 0
    outer loop
      vertex -31.7913 53.3513 1.6
      vertex -32.1112 53.1596 8.3
      vertex -31.7913 53.3513 8.3
    endloop
  endfacet
  facet normal -0.514022 0.857777 0
    outer loop
      vertex -32.1112 53.1596 8.3
      vertex -31.7913 53.3513 1.6
      vertex -32.1112 53.1596 1.6
    endloop
  endfacet
  facet normal 0.904027 0.427475 0
    outer loop
      vertex -26.4893 51.4542 8.3
      vertex -26.6487 51.7913 1.6
      vertex -26.6487 51.7913 8.3
    endloop
  endfacet
  facet normal 0.904027 0.427475 0
    outer loop
      vertex -26.6487 51.7913 1.6
      vertex -26.4893 51.4542 8.3
      vertex -26.4893 51.4542 1.6
    endloop
  endfacet
  facet normal -0.904027 -0.427475 0
    outer loop
      vertex -33.3513 48.2087 1.6
      vertex -33.5107 48.5458 8.3
      vertex -33.5107 48.5458 1.6
    endloop
  endfacet
  facet normal -0.904027 -0.427475 0
    outer loop
      vertex -33.5107 48.5458 8.3
      vertex -33.3513 48.2087 1.6
      vertex -33.3513 48.2087 8.3
    endloop
  endfacet
  facet normal -0.242914 0.970048 0
    outer loop
      vertex -30.7413 53.727 1.6
      vertex -31.1031 53.6364 8.3
      vertex -30.7413 53.727 8.3
    endloop
  endfacet
  facet normal -0.242914 0.970048 0
    outer loop
      vertex -31.1031 53.6364 8.3
      vertex -30.7413 53.727 1.6
      vertex -31.1031 53.6364 1.6
    endloop
  endfacet
  facet normal 0.514022 0.857777 -0
    outer loop
      vertex -27.8888 53.1596 1.6
      vertex -28.2087 53.3513 8.3
      vertex -27.8888 53.1596 8.3
    endloop
  endfacet
  facet normal 0.514022 0.857777 0
    outer loop
      vertex -28.2087 53.3513 8.3
      vertex -27.8888 53.1596 1.6
      vertex -28.2087 53.3513 1.6
    endloop
  endfacet
  facet normal -0.59583 -0.80311 0
    outer loop
      vertex -32.4107 47.0626 1.6
      vertex -32.1112 46.8404 8.3
      vertex -32.4107 47.0626 8.3
    endloop
  endfacet
  facet normal -0.59583 -0.80311 -0
    outer loop
      vertex -32.1112 46.8404 8.3
      vertex -32.4107 47.0626 1.6
      vertex -32.1112 46.8404 1.6
    endloop
  endfacet
  facet normal -0.427475 0.904027 0
    outer loop
      vertex -31.4542 53.5107 1.6
      vertex -31.7913 53.3513 8.3
      vertex -31.4542 53.5107 8.3
    endloop
  endfacet
  facet normal -0.427475 0.904027 0
    outer loop
      vertex -31.7913 53.3513 8.3
      vertex -31.4542 53.5107 1.6
      vertex -31.7913 53.3513 1.6
    endloop
  endfacet
  facet normal 0.59583 -0.80311 0
    outer loop
      vertex -27.8888 46.8404 1.6
      vertex -27.5893 47.0626 8.3
      vertex -27.8888 46.8404 8.3
    endloop
  endfacet
  facet normal 0.59583 -0.80311 0
    outer loop
      vertex -27.5893 47.0626 8.3
      vertex -27.8888 46.8404 1.6
      vertex -27.5893 47.0626 1.6
    endloop
  endfacet
  facet normal 0.80311 0.59583 0
    outer loop
      vertex -26.8404 52.1112 8.3
      vertex -27.0626 52.4107 1.6
      vertex -27.0626 52.4107 8.3
    endloop
  endfacet
  facet normal 0.80311 0.59583 0
    outer loop
      vertex -27.0626 52.4107 1.6
      vertex -26.8404 52.1112 8.3
      vertex -26.8404 52.1112 1.6
    endloop
  endfacet
  facet normal 0.146714 -0.989179 0
    outer loop
      vertex -29.6275 46.2183 1.6
      vertex -29.2587 46.273 8.3
      vertex -29.6275 46.2183 8.3
    endloop
  endfacet
  facet normal 0.146714 -0.989179 0
    outer loop
      vertex -29.2587 46.273 8.3
      vertex -29.6275 46.2183 1.6
      vertex -29.2587 46.273 1.6
    endloop
  endfacet
  facet normal -0.941481 -0.337067 0
    outer loop
      vertex -33.5107 48.5458 1.6
      vertex -33.6364 48.8969 8.3
      vertex -33.6364 48.8969 1.6
    endloop
  endfacet
  facet normal -0.941481 -0.337067 0
    outer loop
      vertex -33.6364 48.8969 8.3
      vertex -33.5107 48.5458 1.6
      vertex -33.5107 48.5458 8.3
    endloop
  endfacet
  facet normal -0.989179 0.146714 0
    outer loop
      vertex -33.7817 50.3725 1.6
      vertex -33.727 50.7413 8.3
      vertex -33.727 50.7413 1.6
    endloop
  endfacet
  facet normal -0.989179 0.146714 0
    outer loop
      vertex -33.727 50.7413 8.3
      vertex -33.7817 50.3725 1.6
      vertex -33.7817 50.3725 8.3
    endloop
  endfacet
  facet normal -0.59583 0.80311 0
    outer loop
      vertex -32.1112 53.1596 1.6
      vertex -32.4107 52.9374 8.3
      vertex -32.1112 53.1596 8.3
    endloop
  endfacet
  facet normal -0.59583 0.80311 0
    outer loop
      vertex -32.4107 52.9374 8.3
      vertex -32.1112 53.1596 1.6
      vertex -32.4107 52.9374 1.6
    endloop
  endfacet
  facet normal -0.427475 -0.904027 0
    outer loop
      vertex -31.7913 46.6487 1.6
      vertex -31.4542 46.4893 8.3
      vertex -31.7913 46.6487 8.3
    endloop
  endfacet
  facet normal -0.427475 -0.904027 -0
    outer loop
      vertex -31.4542 46.4893 8.3
      vertex -31.7913 46.6487 1.6
      vertex -31.4542 46.4893 1.6
    endloop
  endfacet
  facet normal -0.970048 -0.242914 0
    outer loop
      vertex -33.6364 48.8969 1.6
      vertex -33.727 49.2587 8.3
      vertex -33.727 49.2587 1.6
    endloop
  endfacet
  facet normal -0.970048 -0.242914 0
    outer loop
      vertex -33.727 49.2587 8.3
      vertex -33.6364 48.8969 1.6
      vertex -33.6364 48.8969 8.3
    endloop
  endfacet
  facet normal -0.998795 -0.0490683 0
    outer loop
      vertex -33.7817 49.6275 1.6
      vertex -33.8 50 8.3
      vertex -33.8 50 1.6
    endloop
  endfacet
  facet normal -0.998795 -0.0490683 0
    outer loop
      vertex -33.8 50 8.3
      vertex -33.7817 49.6275 1.6
      vertex -33.7817 49.6275 8.3
    endloop
  endfacet
  facet normal 0.970048 -0.242914 0
    outer loop
      vertex -26.3636 48.8969 8.3
      vertex -26.273 49.2587 1.6
      vertex -26.273 49.2587 8.3
    endloop
  endfacet
  facet normal 0.970048 -0.242914 0
    outer loop
      vertex -26.273 49.2587 1.6
      vertex -26.3636 48.8969 8.3
      vertex -26.3636 48.8969 1.6
    endloop
  endfacet
  facet normal 0.941481 -0.337067 0
    outer loop
      vertex -26.4893 48.5458 8.3
      vertex -26.3636 48.8969 1.6
      vertex -26.3636 48.8969 8.3
    endloop
  endfacet
  facet normal 0.941481 -0.337067 0
    outer loop
      vertex -26.3636 48.8969 1.6
      vertex -26.4893 48.5458 8.3
      vertex -26.4893 48.5458 1.6
    endloop
  endfacet
  facet normal 0.941481 0.337067 0
    outer loop
      vertex -26.3636 51.1031 8.3
      vertex -26.4893 51.4542 1.6
      vertex -26.4893 51.4542 8.3
    endloop
  endfacet
  facet normal 0.941481 0.337067 0
    outer loop
      vertex -26.4893 51.4542 1.6
      vertex -26.3636 51.1031 8.3
      vertex -26.3636 51.1031 1.6
    endloop
  endfacet
  facet normal 0.242914 0.970048 -0
    outer loop
      vertex -28.8969 53.6364 1.6
      vertex -29.2587 53.727 8.3
      vertex -28.8969 53.6364 8.3
    endloop
  endfacet
  facet normal 0.242914 0.970048 0
    outer loop
      vertex -29.2587 53.727 8.3
      vertex -28.8969 53.6364 1.6
      vertex -29.2587 53.727 1.6
    endloop
  endfacet
  facet normal -0.0490683 0.998795 0
    outer loop
      vertex -30 53.8 1.6
      vertex -30.3725 53.7817 8.3
      vertex -30 53.8 8.3
    endloop
  endfacet
  facet normal -0.0490683 0.998795 0
    outer loop
      vertex -30.3725 53.7817 8.3
      vertex -30 53.8 1.6
      vertex -30.3725 53.7817 1.6
    endloop
  endfacet
  facet normal 0.0490683 0.998795 -0
    outer loop
      vertex -29.6275 53.7817 1.6
      vertex -30 53.8 8.3
      vertex -29.6275 53.7817 8.3
    endloop
  endfacet
  facet normal 0.0490683 0.998795 0
    outer loop
      vertex -30 53.8 8.3
      vertex -29.6275 53.7817 1.6
      vertex -30 53.8 1.6
    endloop
  endfacet
  facet normal -0.941481 0.337067 0
    outer loop
      vertex -33.6364 51.1031 1.6
      vertex -33.5107 51.4542 8.3
      vertex -33.5107 51.4542 1.6
    endloop
  endfacet
  facet normal -0.941481 0.337067 0
    outer loop
      vertex -33.5107 51.4542 8.3
      vertex -33.6364 51.1031 1.6
      vertex -33.6364 51.1031 8.3
    endloop
  endfacet
  facet normal -0.740983 0.671524 0
    outer loop
      vertex -32.9374 52.4107 1.6
      vertex -32.687 52.687 8.3
      vertex -32.687 52.687 1.6
    endloop
  endfacet
  facet normal -0.740983 0.671524 0
    outer loop
      vertex -32.687 52.687 8.3
      vertex -32.9374 52.4107 1.6
      vertex -32.9374 52.4107 8.3
    endloop
  endfacet
  facet normal -0.904027 0.427475 0
    outer loop
      vertex -33.5107 51.4542 1.6
      vertex -33.3513 51.7913 8.3
      vertex -33.3513 51.7913 1.6
    endloop
  endfacet
  facet normal -0.904027 0.427475 0
    outer loop
      vertex -33.3513 51.7913 8.3
      vertex -33.5107 51.4542 1.6
      vertex -33.5107 51.4542 8.3
    endloop
  endfacet
  facet normal -0.146714 0.989179 0
    outer loop
      vertex -30.3725 53.7817 1.6
      vertex -30.7413 53.727 8.3
      vertex -30.3725 53.7817 8.3
    endloop
  endfacet
  facet normal -0.146714 0.989179 0
    outer loop
      vertex -30.7413 53.727 8.3
      vertex -30.3725 53.7817 1.6
      vertex -30.7413 53.727 1.6
    endloop
  endfacet
  facet normal 0.0490683 -0.998795 0
    outer loop
      vertex -30 46.2 1.6
      vertex -29.6275 46.2183 8.3
      vertex -30 46.2 8.3
    endloop
  endfacet
  facet normal 0.0490683 -0.998795 0
    outer loop
      vertex -29.6275 46.2183 8.3
      vertex -30 46.2 1.6
      vertex -29.6275 46.2183 1.6
    endloop
  endfacet
  facet normal 0.242914 -0.970048 0
    outer loop
      vertex -29.2587 46.273 1.6
      vertex -28.8969 46.3636 8.3
      vertex -29.2587 46.273 8.3
    endloop
  endfacet
  facet normal 0.242914 -0.970048 0
    outer loop
      vertex -28.8969 46.3636 8.3
      vertex -29.2587 46.273 1.6
      vertex -28.8969 46.3636 1.6
    endloop
  endfacet
  facet normal 0.80311 -0.59583 0
    outer loop
      vertex -27.0626 47.5893 8.3
      vertex -26.8404 47.8888 1.6
      vertex -26.8404 47.8888 8.3
    endloop
  endfacet
  facet normal 0.80311 -0.59583 0
    outer loop
      vertex -26.8404 47.8888 1.6
      vertex -27.0626 47.5893 8.3
      vertex -27.0626 47.5893 1.6
    endloop
  endfacet
  facet normal 0.514022 -0.857777 0
    outer loop
      vertex -28.2087 46.6487 1.6
      vertex -27.8888 46.8404 8.3
      vertex -28.2087 46.6487 8.3
    endloop
  endfacet
  facet normal 0.514022 -0.857777 0
    outer loop
      vertex -27.8888 46.8404 8.3
      vertex -28.2087 46.6487 1.6
      vertex -27.8888 46.8404 1.6
    endloop
  endfacet
  facet normal 0.857777 -0.514022 0
    outer loop
      vertex -26.8404 47.8888 8.3
      vertex -26.6487 48.2087 1.6
      vertex -26.6487 48.2087 8.3
    endloop
  endfacet
  facet normal 0.857777 -0.514022 0
    outer loop
      vertex -26.6487 48.2087 1.6
      vertex -26.8404 47.8888 8.3
      vertex -26.8404 47.8888 1.6
    endloop
  endfacet
  facet normal -0.146714 -0.989179 0
    outer loop
      vertex -30.7413 46.273 1.6
      vertex -30.3725 46.2183 8.3
      vertex -30.7413 46.273 8.3
    endloop
  endfacet
  facet normal -0.146714 -0.989179 -0
    outer loop
      vertex -30.3725 46.2183 8.3
      vertex -30.7413 46.273 1.6
      vertex -30.3725 46.2183 1.6
    endloop
  endfacet
  facet normal -0.857777 -0.514022 0
    outer loop
      vertex -33.1596 47.8888 1.6
      vertex -33.3513 48.2087 8.3
      vertex -33.3513 48.2087 1.6
    endloop
  endfacet
  facet normal -0.857777 -0.514022 0
    outer loop
      vertex -33.3513 48.2087 8.3
      vertex -33.1596 47.8888 1.6
      vertex -33.1596 47.8888 8.3
    endloop
  endfacet
  facet normal 0.857777 0.514022 0
    outer loop
      vertex -26.6487 51.7913 8.3
      vertex -26.8404 52.1112 1.6
      vertex -26.8404 52.1112 8.3
    endloop
  endfacet
  facet normal 0.857777 0.514022 0
    outer loop
      vertex -26.8404 52.1112 1.6
      vertex -26.6487 51.7913 8.3
      vertex -26.6487 51.7913 1.6
    endloop
  endfacet
  facet normal 0.671524 0.740983 -0
    outer loop
      vertex -27.313 52.687 1.6
      vertex -27.5893 52.9374 8.3
      vertex -27.313 52.687 8.3
    endloop
  endfacet
  facet normal 0.671524 0.740983 0
    outer loop
      vertex -27.5893 52.9374 8.3
      vertex -27.313 52.687 1.6
      vertex -27.5893 52.9374 1.6
    endloop
  endfacet
  facet normal -0.337067 0.941481 0
    outer loop
      vertex -31.1031 53.6364 1.6
      vertex -31.4542 53.5107 8.3
      vertex -31.1031 53.6364 8.3
    endloop
  endfacet
  facet normal -0.337067 0.941481 0
    outer loop
      vertex -31.4542 53.5107 8.3
      vertex -31.1031 53.6364 1.6
      vertex -31.4542 53.5107 1.6
    endloop
  endfacet
  facet normal -0.740983 -0.671524 0
    outer loop
      vertex -32.687 47.313 1.6
      vertex -32.9374 47.5893 8.3
      vertex -32.9374 47.5893 1.6
    endloop
  endfacet
  facet normal -0.740983 -0.671524 0
    outer loop
      vertex -32.9374 47.5893 8.3
      vertex -32.687 47.313 1.6
      vertex -32.687 47.313 8.3
    endloop
  endfacet
  facet normal -0.671524 0.740983 0
    outer loop
      vertex -32.4107 52.9374 1.6
      vertex -32.687 52.687 8.3
      vertex -32.4107 52.9374 8.3
    endloop
  endfacet
  facet normal -0.671524 0.740983 0
    outer loop
      vertex -32.687 52.687 8.3
      vertex -32.4107 52.9374 1.6
      vertex -32.687 52.687 1.6
    endloop
  endfacet
  facet normal -0.514022 -0.857777 0
    outer loop
      vertex -32.1112 46.8404 1.6
      vertex -31.7913 46.6487 8.3
      vertex -32.1112 46.8404 8.3
    endloop
  endfacet
  facet normal -0.514022 -0.857777 -0
    outer loop
      vertex -31.7913 46.6487 8.3
      vertex -32.1112 46.8404 1.6
      vertex -31.7913 46.6487 1.6
    endloop
  endfacet
  facet normal 0.146714 0.989179 -0
    outer loop
      vertex -29.2587 53.727 1.6
      vertex -29.6275 53.7817 8.3
      vertex -29.2587 53.727 8.3
    endloop
  endfacet
  facet normal 0.146714 0.989179 0
    outer loop
      vertex -29.6275 53.7817 8.3
      vertex -29.2587 53.727 1.6
      vertex -29.6275 53.7817 1.6
    endloop
  endfacet
  facet normal -0.80311 -0.59583 0
    outer loop
      vertex -32.9374 47.5893 1.6
      vertex -33.1596 47.8888 8.3
      vertex -33.1596 47.8888 1.6
    endloop
  endfacet
  facet normal -0.80311 -0.59583 0
    outer loop
      vertex -33.1596 47.8888 8.3
      vertex -32.9374 47.5893 1.6
      vertex -32.9374 47.5893 8.3
    endloop
  endfacet
  facet normal -0.989179 -0.146714 0
    outer loop
      vertex -33.727 49.2587 1.6
      vertex -33.7817 49.6275 8.3
      vertex -33.7817 49.6275 1.6
    endloop
  endfacet
  facet normal -0.989179 -0.146714 0
    outer loop
      vertex -33.7817 49.6275 8.3
      vertex -33.727 49.2587 1.6
      vertex -33.727 49.2587 8.3
    endloop
  endfacet
  facet normal -0.970048 0.242914 0
    outer loop
      vertex -33.727 50.7413 1.6
      vertex -33.6364 51.1031 8.3
      vertex -33.6364 51.1031 1.6
    endloop
  endfacet
  facet normal -0.970048 0.242914 0
    outer loop
      vertex -33.6364 51.1031 8.3
      vertex -33.727 50.7413 1.6
      vertex -33.727 50.7413 8.3
    endloop
  endfacet
  facet normal -0.671524 -0.740983 0
    outer loop
      vertex -32.687 47.313 1.6
      vertex -32.4107 47.0626 8.3
      vertex -32.687 47.313 8.3
    endloop
  endfacet
  facet normal -0.671524 -0.740983 -0
    outer loop
      vertex -32.4107 47.0626 8.3
      vertex -32.687 47.313 1.6
      vertex -32.4107 47.0626 1.6
    endloop
  endfacet
  facet normal -0.242914 -0.970048 0
    outer loop
      vertex -31.1031 46.3636 1.6
      vertex -30.7413 46.273 8.3
      vertex -31.1031 46.3636 8.3
    endloop
  endfacet
  facet normal -0.242914 -0.970048 -0
    outer loop
      vertex -30.7413 46.273 8.3
      vertex -31.1031 46.3636 1.6
      vertex -30.7413 46.273 1.6
    endloop
  endfacet
  facet normal 0.740983 0.671524 0
    outer loop
      vertex -27.0626 52.4107 8.3
      vertex -27.313 52.687 1.6
      vertex -27.313 52.687 8.3
    endloop
  endfacet
  facet normal 0.740983 0.671524 0
    outer loop
      vertex -27.313 52.687 1.6
      vertex -27.0626 52.4107 8.3
      vertex -27.0626 52.4107 1.6
    endloop
  endfacet
  facet normal -0.80311 0.59583 0
    outer loop
      vertex -33.1596 52.1112 1.6
      vertex -32.9374 52.4107 8.3
      vertex -32.9374 52.4107 1.6
    endloop
  endfacet
  facet normal -0.80311 0.59583 0
    outer loop
      vertex -32.9374 52.4107 8.3
      vertex -33.1596 52.1112 1.6
      vertex -33.1596 52.1112 8.3
    endloop
  endfacet
  facet normal -0.857777 0.514022 0
    outer loop
      vertex -33.3513 51.7913 1.6
      vertex -33.1596 52.1112 8.3
      vertex -33.1596 52.1112 1.6
    endloop
  endfacet
  facet normal -0.857777 0.514022 0
    outer loop
      vertex -33.1596 52.1112 8.3
      vertex -33.3513 51.7913 1.6
      vertex -33.3513 51.7913 8.3
    endloop
  endfacet
  facet normal 0 0 1
    outer loop
      vertex -28.3 50 8.3
      vertex -26.2 50 8.3
      vertex -26.2183 50.3725 8.3
    endloop
  endfacet
  facet normal -0 0 1
    outer loop
      vertex -28.3579 50.44 8.3
      vertex -26.2183 50.3725 8.3
      vertex -26.273 50.7413 8.3
    endloop
  endfacet
  facet normal 0 0 1
    outer loop
      vertex -26.2 50 8.3
      vertex -28.3 50 8.3
      vertex -26.2183 49.6275 8.3
    endloop
  endfacet
  facet normal 0 0 1
    outer loop
      vertex -28.3579 50.44 8.3
      vertex -26.273 50.7413 8.3
      vertex -26.3636 51.1031 8.3
    endloop
  endfacet
  facet normal 0 0 1
    outer loop
      vertex -28.3579 49.56 8.3
      vertex -26.2183 49.6275 8.3
      vertex -28.3 50 8.3
    endloop
  endfacet
  facet normal 0 0 1
    outer loop
      vertex -28.3579 50.44 8.3
      vertex -26.3636 51.1031 8.3
      vertex -26.4893 51.4542 8.3
    endloop
  endfacet
  facet normal 0 0 1
    outer loop
      vertex -26.2183 49.6275 8.3
      vertex -28.3579 49.56 8.3
      vertex -26.273 49.2587 8.3
    endloop
  endfacet
  facet normal 0 0 1
    outer loop
      vertex -28.5278 50.85 8.3
      vertex -26.4893 51.4542 8.3
      vertex -26.6487 51.7913 8.3
    endloop
  endfacet
  facet normal 0 0 1
    outer loop
      vertex -26.273 49.2587 8.3
      vertex -28.3579 49.56 8.3
      vertex -26.3636 48.8969 8.3
    endloop
  endfacet
  facet normal 0 0 1
    outer loop
      vertex -28.5278 50.85 8.3
      vertex -26.6487 51.7913 8.3
      vertex -26.8404 52.1112 8.3
    endloop
  endfacet
  facet normal 0 0 1
    outer loop
      vertex -26.3636 48.8969 8.3
      vertex -28.3579 49.56 8.3
      vertex -26.4893 48.5458 8.3
    endloop
  endfacet
  facet normal 0 0 1
    outer loop
      vertex -28.5278 50.85 8.3
      vertex -26.8404 52.1112 8.3
      vertex -27.0626 52.4107 8.3
    endloop
  endfacet
  facet normal -0 0 1
    outer loop
      vertex -28.5278 49.15 8.3
      vertex -26.4893 48.5458 8.3
      vertex -28.3579 49.56 8.3
    endloop
  endfacet
  facet normal 0 0 1
    outer loop
      vertex -28.7979 51.2021 8.3
      vertex -27.0626 52.4107 8.3
      vertex -27.313 52.687 8.3
    endloop
  endfacet
  facet normal 0 0 1
    outer loop
      vertex -26.4893 48.5458 8.3
      vertex -28.5278 49.15 8.3
      vertex -26.6487 48.2087 8.3
    endloop
  endfacet
  facet normal 0 0 1
    outer loop
      vertex -28.7979 51.2021 8.3
      vertex -27.313 52.687 8.3
      vertex -27.5893 52.9374 8.3
    endloop
  endfacet
  facet normal 0 0 1
    outer loop
      vertex -26.6487 48.2087 8.3
      vertex -28.5278 49.15 8.3
      vertex -26.8404 47.8888 8.3
    endloop
  endfacet
  facet normal 0 0 1
    outer loop
      vertex -29.15 51.4722 8.3
      vertex -27.5893 52.9374 8.3
      vertex -27.8888 53.1596 8.3
    endloop
  endfacet
  facet normal 0 0 1
    outer loop
      vertex -26.8404 47.8888 8.3
      vertex -28.5278 49.15 8.3
      vertex -27.0626 47.5893 8.3
    endloop
  endfacet
  facet normal 0 0 1
    outer loop
      vertex -29.15 51.4722 8.3
      vertex -27.8888 53.1596 8.3
      vertex -28.2087 53.3513 8.3
    endloop
  endfacet
  facet normal -0 0 1
    outer loop
      vertex -28.7979 48.7979 8.3
      vertex -27.0626 47.5893 8.3
      vertex -28.5278 49.15 8.3
    endloop
  endfacet
  facet normal 0 0 1
    outer loop
      vertex -27.0626 47.5893 8.3
      vertex -28.7979 48.7979 8.3
      vertex -27.313 47.313 8.3
    endloop
  endfacet
  facet normal 0 0 1
    outer loop
      vertex -26.2183 50.3725 8.3
      vertex -28.3579 50.44 8.3
      vertex -28.3 50 8.3
    endloop
  endfacet
  facet normal 0 0 1
    outer loop
      vertex -26.4893 51.4542 8.3
      vertex -28.5278 50.85 8.3
      vertex -28.3579 50.44 8.3
    endloop
  endfacet
  facet normal 0 0 1
    outer loop
      vertex -29.15 51.4722 8.3
      vertex -28.2087 53.3513 8.3
      vertex -28.5458 53.5107 8.3
    endloop
  endfacet
  facet normal 0 0 1
    outer loop
      vertex -27.0626 52.4107 8.3
      vertex -28.7979 51.2021 8.3
      vertex -28.5278 50.85 8.3
    endloop
  endfacet
  facet normal 0 0 1
    outer loop
      vertex -29.56 51.6421 8.3
      vertex -28.5458 53.5107 8.3
      vertex -28.8969 53.6364 8.3
    endloop
  endfacet
  facet normal 0 0 1
    outer loop
      vertex -27.5893 52.9374 8.3
      vertex -29.15 51.4722 8.3
      vertex -28.7979 51.2021 8.3
    endloop
  endfacet
  facet normal 0 0 1
    outer loop
      vertex -29.56 51.6421 8.3
      vertex -28.8969 53.6364 8.3
      vertex -29.2587 53.727 8.3
    endloop
  endfacet
  facet normal 0 0 1
    outer loop
      vertex -28.5458 53.5107 8.3
      vertex -29.56 51.6421 8.3
      vertex -29.15 51.4722 8.3
    endloop
  endfacet
  facet normal 0 0 1
    outer loop
      vertex -29.6275 53.7817 8.3
      vertex -29.56 51.6421 8.3
      vertex -29.2587 53.727 8.3
    endloop
  endfacet
  facet normal 0 0 1
    outer loop
      vertex -30 51.7 8.3
      vertex -29.6275 53.7817 8.3
      vertex -30 53.8 8.3
    endloop
  endfacet
  facet normal 0 0 1
    outer loop
      vertex -29.6275 53.7817 8.3
      vertex -30 51.7 8.3
      vertex -29.56 51.6421 8.3
    endloop
  endfacet
  facet normal -0 0 1
    outer loop
      vertex -30.3725 53.7817 8.3
      vertex -30 51.7 8.3
      vertex -30 53.8 8.3
    endloop
  endfacet
  facet normal 0 0 1
    outer loop
      vertex -30.3725 53.7817 8.3
      vertex -30.44 51.6421 8.3
      vertex -30 51.7 8.3
    endloop
  endfacet
  facet normal -0 0 1
    outer loop
      vertex -30.7413 53.727 8.3
      vertex -30.44 51.6421 8.3
      vertex -30.3725 53.7817 8.3
    endloop
  endfacet
  facet normal -0 0 1
    outer loop
      vertex -31.1031 53.6364 8.3
      vertex -30.44 51.6421 8.3
      vertex -30.7413 53.727 8.3
    endloop
  endfacet
  facet normal -0 0 1
    outer loop
      vertex -31.4542 53.5107 8.3
      vertex -30.44 51.6421 8.3
      vertex -31.1031 53.6364 8.3
    endloop
  endfacet
  facet normal 0 0 1
    outer loop
      vertex -30.44 51.6421 8.3
      vertex -31.4542 53.5107 8.3
      vertex -30.85 51.4722 8.3
    endloop
  endfacet
  facet normal -0 0 1
    outer loop
      vertex -31.7913 53.3513 8.3
      vertex -30.85 51.4722 8.3
      vertex -31.4542 53.5107 8.3
    endloop
  endfacet
  facet normal -0 0 1
    outer loop
      vertex -32.1112 53.1596 8.3
      vertex -30.85 51.4722 8.3
      vertex -31.7913 53.3513 8.3
    endloop
  endfacet
  facet normal -0 0 1
    outer loop
      vertex -32.4107 52.9374 8.3
      vertex -30.85 51.4722 8.3
      vertex -32.1112 53.1596 8.3
    endloop
  endfacet
  facet normal 0 0 1
    outer loop
      vertex -30.85 51.4722 8.3
      vertex -32.4107 52.9374 8.3
      vertex -31.2021 51.2021 8.3
    endloop
  endfacet
  facet normal -0 0 1
    outer loop
      vertex -32.687 52.687 8.3
      vertex -31.2021 51.2021 8.3
      vertex -32.4107 52.9374 8.3
    endloop
  endfacet
  facet normal 0 0 1
    outer loop
      vertex -27.313 47.313 8.3
      vertex -28.7979 48.7979 8.3
      vertex -27.5893 47.0626 8.3
    endloop
  endfacet
  facet normal -0 0 1
    outer loop
      vertex -29.15 48.5278 8.3
      vertex -27.5893 47.0626 8.3
      vertex -28.7979 48.7979 8.3
    endloop
  endfacet
  facet normal 0 0 1
    outer loop
      vertex -27.5893 47.0626 8.3
      vertex -29.15 48.5278 8.3
      vertex -27.8888 46.8404 8.3
    endloop
  endfacet
  facet normal 0 0 1
    outer loop
      vertex -27.8888 46.8404 8.3
      vertex -29.15 48.5278 8.3
      vertex -28.2087 46.6487 8.3
    endloop
  endfacet
  facet normal 0 0 1
    outer loop
      vertex -28.2087 46.6487 8.3
      vertex -29.15 48.5278 8.3
      vertex -28.5458 46.4893 8.3
    endloop
  endfacet
  facet normal -0 0 1
    outer loop
      vertex -29.56 48.3579 8.3
      vertex -28.5458 46.4893 8.3
      vertex -29.15 48.5278 8.3
    endloop
  endfacet
  facet normal 0 0 1
    outer loop
      vertex -28.5458 46.4893 8.3
      vertex -29.56 48.3579 8.3
      vertex -28.8969 46.3636 8.3
    endloop
  endfacet
  facet normal 0 0 1
    outer loop
      vertex -28.8969 46.3636 8.3
      vertex -29.56 48.3579 8.3
      vertex -29.2587 46.273 8.3
    endloop
  endfacet
  facet normal 0 0 1
    outer loop
      vertex -29.56 48.3579 8.3
      vertex -29.6275 46.2183 8.3
      vertex -29.2587 46.273 8.3
    endloop
  endfacet
  facet normal -0 0 1
    outer loop
      vertex -30 48.3 8.3
      vertex -29.6275 46.2183 8.3
      vertex -29.56 48.3579 8.3
    endloop
  endfacet
  facet normal 0 0 1
    outer loop
      vertex -30 48.3 8.3
      vertex -30 46.2 8.3
      vertex -29.6275 46.2183 8.3
    endloop
  endfacet
  facet normal 0 0 1
    outer loop
      vertex -30 48.3 8.3
      vertex -30.3725 46.2183 8.3
      vertex -30 46.2 8.3
    endloop
  endfacet
  facet normal 0 0 1
    outer loop
      vertex -30.44 48.3579 8.3
      vertex -30.3725 46.2183 8.3
      vertex -30 48.3 8.3
    endloop
  endfacet
  facet normal 0 0 1
    outer loop
      vertex -30.44 48.3579 8.3
      vertex -30.7413 46.273 8.3
      vertex -30.3725 46.2183 8.3
    endloop
  endfacet
  facet normal 0 0 1
    outer loop
      vertex -31.4542 46.4893 8.3
      vertex -30.44 48.3579 8.3
      vertex -30.85 48.5278 8.3
    endloop
  endfacet
  facet normal 0 0 1
    outer loop
      vertex -30.44 48.3579 8.3
      vertex -31.1031 46.3636 8.3
      vertex -30.7413 46.273 8.3
    endloop
  endfacet
  facet normal 0 0 1
    outer loop
      vertex -32.4107 47.0626 8.3
      vertex -30.85 48.5278 8.3
      vertex -31.2021 48.7979 8.3
    endloop
  endfacet
  facet normal 0 0 1
    outer loop
      vertex -30.44 48.3579 8.3
      vertex -31.4542 46.4893 8.3
      vertex -31.1031 46.3636 8.3
    endloop
  endfacet
  facet normal 0 0 1
    outer loop
      vertex -32.9374 47.5893 8.3
      vertex -31.2021 48.7979 8.3
      vertex -31.4722 49.15 8.3
    endloop
  endfacet
  facet normal 0 0 1
    outer loop
      vertex -33.5107 48.5458 8.3
      vertex -31.4722 49.15 8.3
      vertex -31.6421 49.56 8.3
    endloop
  endfacet
  facet normal -0 0 1
    outer loop
      vertex -33.7817 49.6275 8.3
      vertex -31.6421 49.56 8.3
      vertex -31.7 50 8.3
    endloop
  endfacet
  facet normal 0 0 1
    outer loop
      vertex -30.85 48.5278 8.3
      vertex -31.7913 46.6487 8.3
      vertex -31.4542 46.4893 8.3
    endloop
  endfacet
  facet normal -0 0 1
    outer loop
      vertex -32.9374 52.4107 8.3
      vertex -31.2021 51.2021 8.3
      vertex -32.687 52.687 8.3
    endloop
  endfacet
  facet normal 0 0 1
    outer loop
      vertex -31.2021 51.2021 8.3
      vertex -32.9374 52.4107 8.3
      vertex -31.4722 50.85 8.3
    endloop
  endfacet
  facet normal 0 0 1
    outer loop
      vertex -30.85 48.5278 8.3
      vertex -32.1112 46.8404 8.3
      vertex -31.7913 46.6487 8.3
    endloop
  endfacet
  facet normal -0 0 1
    outer loop
      vertex -33.1596 52.1112 8.3
      vertex -31.4722 50.85 8.3
      vertex -32.9374 52.4107 8.3
    endloop
  endfacet
  facet normal 0 0 1
    outer loop
      vertex -30.85 48.5278 8.3
      vertex -32.4107 47.0626 8.3
      vertex -32.1112 46.8404 8.3
    endloop
  endfacet
  facet normal -0 0 1
    outer loop
      vertex -33.3513 51.7913 8.3
      vertex -31.4722 50.85 8.3
      vertex -33.1596 52.1112 8.3
    endloop
  endfacet
  facet normal 0 0 1
    outer loop
      vertex -31.2021 48.7979 8.3
      vertex -32.687 47.313 8.3
      vertex -32.4107 47.0626 8.3
    endloop
  endfacet
  facet normal -0 0 1
    outer loop
      vertex -33.5107 51.4542 8.3
      vertex -31.4722 50.85 8.3
      vertex -33.3513 51.7913 8.3
    endloop
  endfacet
  facet normal 0 0 1
    outer loop
      vertex -31.2021 48.7979 8.3
      vertex -32.9374 47.5893 8.3
      vertex -32.687 47.313 8.3
    endloop
  endfacet
  facet normal 0 0 1
    outer loop
      vertex -31.4722 50.85 8.3
      vertex -33.5107 51.4542 8.3
      vertex -31.6421 50.44 8.3
    endloop
  endfacet
  facet normal 0 0 1
    outer loop
      vertex -31.4722 49.15 8.3
      vertex -33.1596 47.8888 8.3
      vertex -32.9374 47.5893 8.3
    endloop
  endfacet
  facet normal -0 0 1
    outer loop
      vertex -33.6364 51.1031 8.3
      vertex -31.6421 50.44 8.3
      vertex -33.5107 51.4542 8.3
    endloop
  endfacet
  facet normal 0 0 1
    outer loop
      vertex -31.4722 49.15 8.3
      vertex -33.3513 48.2087 8.3
      vertex -33.1596 47.8888 8.3
    endloop
  endfacet
  facet normal -0 0 1
    outer loop
      vertex -33.727 50.7413 8.3
      vertex -31.6421 50.44 8.3
      vertex -33.6364 51.1031 8.3
    endloop
  endfacet
  facet normal 0 0 1
    outer loop
      vertex -31.4722 49.15 8.3
      vertex -33.5107 48.5458 8.3
      vertex -33.3513 48.2087 8.3
    endloop
  endfacet
  facet normal 0 0 1
    outer loop
      vertex -33.7817 50.3725 8.3
      vertex -31.6421 50.44 8.3
      vertex -33.727 50.7413 8.3
    endloop
  endfacet
  facet normal 0 0 1
    outer loop
      vertex -31.6421 49.56 8.3
      vertex -33.6364 48.8969 8.3
      vertex -33.5107 48.5458 8.3
    endloop
  endfacet
  facet normal 0 0 1
    outer loop
      vertex -31.6421 50.44 8.3
      vertex -33.7817 50.3725 8.3
      vertex -31.7 50 8.3
    endloop
  endfacet
  facet normal 0 0 1
    outer loop
      vertex -31.6421 49.56 8.3
      vertex -33.727 49.2587 8.3
      vertex -33.6364 48.8969 8.3
    endloop
  endfacet
  facet normal 0 0 1
    outer loop
      vertex -33.8 50 8.3
      vertex -31.7 50 8.3
      vertex -33.7817 50.3725 8.3
    endloop
  endfacet
  facet normal 0 0 1
    outer loop
      vertex -31.6421 49.56 8.3
      vertex -33.7817 49.6275 8.3
      vertex -33.727 49.2587 8.3
    endloop
  endfacet
  facet normal 0 0 1
    outer loop
      vertex -31.7 50 8.3
      vertex -33.8 50 8.3
      vertex -33.7817 49.6275 8.3
    endloop
  endfacet
  facet normal -0.0490683 -0.998795 0
    outer loop
      vertex -30.3725 46.2183 1.6
      vertex -30 46.2 8.3
      vertex -30.3725 46.2183 8.3
    endloop
  endfacet
  facet normal -0.0490683 -0.998795 -0
    outer loop
      vertex -30 46.2 8.3
      vertex -30.3725 46.2183 1.6
      vertex -30 46.2 1.6
    endloop
  endfacet
  facet normal -0.998795 0.0490683 0
    outer loop
      vertex -33.8 50 1.6
      vertex -33.7817 50.3725 8.3
      vertex -33.7817 50.3725 1.6
    endloop
  endfacet
  facet normal -0.998795 0.0490683 0
    outer loop
      vertex -33.7817 50.3725 8.3
      vertex -33.8 50 1.6
      vertex -33.8 50 8.3
    endloop
  endfacet
  facet normal -0.337067 -0.941481 0
    outer loop
      vertex -31.4542 46.4893 1.6
      vertex -31.1031 46.3636 8.3
      vertex -31.4542 46.4893 8.3
    endloop
  endfacet
  facet normal -0.337067 -0.941481 -0
    outer loop
      vertex -31.1031 46.3636 8.3
      vertex -31.4542 46.4893 1.6
      vertex -31.1031 46.3636 1.6
    endloop
  endfacet
  facet normal 0.337067 0.941481 -0
    outer loop
      vertex -28.5458 53.5107 1.6
      vertex -28.8969 53.6364 8.3
      vertex -28.5458 53.5107 8.3
    endloop
  endfacet
  facet normal 0.337067 0.941481 0
    outer loop
      vertex -28.8969 53.6364 8.3
      vertex -28.5458 53.5107 1.6
      vertex -28.8969 53.6364 1.6
    endloop
  endfacet
  facet normal 0.740983 -0.671524 0
    outer loop
      vertex -27.313 47.313 8.3
      vertex -27.0626 47.5893 1.6
      vertex -27.0626 47.5893 8.3
    endloop
  endfacet
  facet normal 0.740983 -0.671524 0
    outer loop
      vertex -27.0626 47.5893 1.6
      vertex -27.313 47.313 8.3
      vertex -27.313 47.313 1.6
    endloop
  endfacet
  facet normal 0.671524 -0.740983 0
    outer loop
      vertex -27.5893 47.0626 1.6
      vertex -27.313 47.313 8.3
      vertex -27.5893 47.0626 8.3
    endloop
  endfacet
  facet normal 0.671524 -0.740983 0
    outer loop
      vertex -27.313 47.313 8.3
      vertex -27.5893 47.0626 1.6
      vertex -27.313 47.313 1.6
    endloop
  endfacet
  facet normal -0.793436 -0.608654 0
    outer loop
      vertex -28.5278 50.85 0
      vertex -28.7979 51.2021 8.3
      vertex -28.7979 51.2021 0
    endloop
  endfacet
  facet normal -0.793436 -0.608654 0
    outer loop
      vertex -28.7979 51.2021 8.3
      vertex -28.5278 50.85 0
      vertex -28.5278 50.85 8.3
    endloop
  endfacet
  facet normal -0.923822 -0.382823 0
    outer loop
      vertex -28.3579 50.44 0
      vertex -28.5278 50.85 8.3
      vertex -28.5278 50.85 0
    endloop
  endfacet
  facet normal -0.923822 -0.382823 0
    outer loop
      vertex -28.5278 50.85 8.3
      vertex -28.3579 50.44 0
      vertex -28.3579 50.44 8.3
    endloop
  endfacet
  facet normal -0.382823 0.923822 0
    outer loop
      vertex -29.15 48.5278 0
      vertex -29.56 48.3579 8.3
      vertex -29.15 48.5278 8.3
    endloop
  endfacet
  facet normal -0.382823 0.923822 0
    outer loop
      vertex -29.56 48.3579 8.3
      vertex -29.15 48.5278 0
      vertex -29.56 48.3579 0
    endloop
  endfacet
  facet normal -0.991453 0.130466 0
    outer loop
      vertex -28.3579 49.56 0
      vertex -28.3 50 8.3
      vertex -28.3 50 0
    endloop
  endfacet
  facet normal -0.991453 0.130466 0
    outer loop
      vertex -28.3 50 8.3
      vertex -28.3579 49.56 0
      vertex -28.3579 49.56 8.3
    endloop
  endfacet
  facet normal -0.130466 0.991453 0
    outer loop
      vertex -29.56 48.3579 0
      vertex -30 48.3 8.3
      vertex -29.56 48.3579 8.3
    endloop
  endfacet
  facet normal -0.130466 0.991453 0
    outer loop
      vertex -30 48.3 8.3
      vertex -29.56 48.3579 0
      vertex -30 48.3 0
    endloop
  endfacet
  facet normal 0.991453 0.130466 0
    outer loop
      vertex -31.6421 49.56 8.3
      vertex -31.7 50 0
      vertex -31.7 50 8.3
    endloop
  endfacet
  facet normal 0.991453 0.130466 0
    outer loop
      vertex -31.7 50 0
      vertex -31.6421 49.56 8.3
      vertex -31.6421 49.56 0
    endloop
  endfacet
  facet normal 0.130466 0.991453 -0
    outer loop
      vertex -30 48.3 0
      vertex -30.44 48.3579 8.3
      vertex -30 48.3 8.3
    endloop
  endfacet
  facet normal 0.130466 0.991453 0
    outer loop
      vertex -30.44 48.3579 8.3
      vertex -30 48.3 0
      vertex -30.44 48.3579 0
    endloop
  endfacet
  facet normal 0.130466 -0.991453 0
    outer loop
      vertex -30.44 51.6421 0
      vertex -30 51.7 8.3
      vertex -30.44 51.6421 8.3
    endloop
  endfacet
  facet normal 0.130466 -0.991453 0
    outer loop
      vertex -30 51.7 8.3
      vertex -30.44 51.6421 0
      vertex -30 51.7 0
    endloop
  endfacet
  facet normal 0.991453 -0.130466 0
    outer loop
      vertex -31.7 50 8.3
      vertex -31.6421 50.44 0
      vertex -31.6421 50.44 8.3
    endloop
  endfacet
  facet normal 0.991453 -0.130466 0
    outer loop
      vertex -31.6421 50.44 0
      vertex -31.7 50 8.3
      vertex -31.7 50 0
    endloop
  endfacet
  facet normal -0.608654 -0.793436 0
    outer loop
      vertex -29.15 51.4722 0
      vertex -28.7979 51.2021 8.3
      vertex -29.15 51.4722 8.3
    endloop
  endfacet
  facet normal -0.608654 -0.793436 -0
    outer loop
      vertex -28.7979 51.2021 8.3
      vertex -29.15 51.4722 0
      vertex -28.7979 51.2021 0
    endloop
  endfacet
  facet normal -0.991453 -0.130466 0
    outer loop
      vertex -28.3 50 0
      vertex -28.3579 50.44 8.3
      vertex -28.3579 50.44 0
    endloop
  endfacet
  facet normal -0.991453 -0.130466 0
    outer loop
      vertex -28.3579 50.44 8.3
      vertex -28.3 50 0
      vertex -28.3 50 8.3
    endloop
  endfacet
  facet normal 0.923822 0.382823 0
    outer loop
      vertex -31.4722 49.15 8.3
      vertex -31.6421 49.56 0
      vertex -31.6421 49.56 8.3
    endloop
  endfacet
  facet normal 0.923822 0.382823 0
    outer loop
      vertex -31.6421 49.56 0
      vertex -31.4722 49.15 8.3
      vertex -31.4722 49.15 0
    endloop
  endfacet
  facet normal -0.130466 -0.991453 0
    outer loop
      vertex -30 51.7 0
      vertex -29.56 51.6421 8.3
      vertex -30 51.7 8.3
    endloop
  endfacet
  facet normal -0.130466 -0.991453 -0
    outer loop
      vertex -29.56 51.6421 8.3
      vertex -30 51.7 0
      vertex -29.56 51.6421 0
    endloop
  endfacet
  facet normal 0.382823 0.923822 -0
    outer loop
      vertex -30.44 48.3579 0
      vertex -30.85 48.5278 8.3
      vertex -30.44 48.3579 8.3
    endloop
  endfacet
  facet normal 0.382823 0.923822 0
    outer loop
      vertex -30.85 48.5278 8.3
      vertex -30.44 48.3579 0
      vertex -30.85 48.5278 0
    endloop
  endfacet
  facet normal -0.382823 -0.923822 0
    outer loop
      vertex -29.56 51.6421 0
      vertex -29.15 51.4722 8.3
      vertex -29.56 51.6421 8.3
    endloop
  endfacet
  facet normal -0.382823 -0.923822 -0
    outer loop
      vertex -29.15 51.4722 8.3
      vertex -29.56 51.6421 0
      vertex -29.15 51.4722 0
    endloop
  endfacet
  facet normal 0.793436 -0.608654 0
    outer loop
      vertex -31.4722 50.85 8.3
      vertex -31.2021 51.2021 0
      vertex -31.2021 51.2021 8.3
    endloop
  endfacet
  facet normal 0.793436 -0.608654 0
    outer loop
      vertex -31.2021 51.2021 0
      vertex -31.4722 50.85 8.3
      vertex -31.4722 50.85 0
    endloop
  endfacet
  facet normal 0.608654 -0.793436 0
    outer loop
      vertex -31.2021 51.2021 0
      vertex -30.85 51.4722 8.3
      vertex -31.2021 51.2021 8.3
    endloop
  endfacet
  facet normal 0.608654 -0.793436 0
    outer loop
      vertex -30.85 51.4722 8.3
      vertex -31.2021 51.2021 0
      vertex -30.85 51.4722 0
    endloop
  endfacet
  facet normal 0.793436 0.608654 0
    outer loop
      vertex -31.2021 48.7979 8.3
      vertex -31.4722 49.15 0
      vertex -31.4722 49.15 8.3
    endloop
  endfacet
  facet normal 0.793436 0.608654 0
    outer loop
      vertex -31.4722 49.15 0
      vertex -31.2021 48.7979 8.3
      vertex -31.2021 48.7979 0
    endloop
  endfacet
  facet normal -0.608654 0.793436 0
    outer loop
      vertex -28.7979 48.7979 0
      vertex -29.15 48.5278 8.3
      vertex -28.7979 48.7979 8.3
    endloop
  endfacet
  facet normal -0.608654 0.793436 0
    outer loop
      vertex -29.15 48.5278 8.3
      vertex -28.7979 48.7979 0
      vertex -29.15 48.5278 0
    endloop
  endfacet
  facet normal 0.608654 0.793436 -0
    outer loop
      vertex -30.85 48.5278 0
      vertex -31.2021 48.7979 8.3
      vertex -30.85 48.5278 8.3
    endloop
  endfacet
  facet normal 0.608654 0.793436 0
    outer loop
      vertex -31.2021 48.7979 8.3
      vertex -30.85 48.5278 0
      vertex -31.2021 48.7979 0
    endloop
  endfacet
  facet normal 0.382823 -0.923822 0
    outer loop
      vertex -30.85 51.4722 0
      vertex -30.44 51.6421 8.3
      vertex -30.85 51.4722 8.3
    endloop
  endfacet
  facet normal 0.382823 -0.923822 0
    outer loop
      vertex -30.44 51.6421 8.3
      vertex -30.85 51.4722 0
      vertex -30.44 51.6421 0
    endloop
  endfacet
  facet normal -0.793436 0.608654 0
    outer loop
      vertex -28.7979 48.7979 0
      vertex -28.5278 49.15 8.3
      vertex -28.5278 49.15 0
    endloop
  endfacet
  facet normal -0.793436 0.608654 0
    outer loop
      vertex -28.5278 49.15 8.3
      vertex -28.7979 48.7979 0
      vertex -28.7979 48.7979 8.3
    endloop
  endfacet
  facet normal 0.923822 -0.382823 0
    outer loop
      vertex -31.6421 50.44 8.3
      vertex -31.4722 50.85 0
      vertex -31.4722 50.85 8.3
    endloop
  endfacet
  facet normal 0.923822 -0.382823 0
    outer loop
      vertex -31.4722 50.85 0
      vertex -31.6421 50.44 8.3
      vertex -31.6421 50.44 0
    endloop
  endfacet
  facet normal -0.923822 0.382823 0
    outer loop
      vertex -28.5278 49.15 0
      vertex -28.3579 49.56 8.3
      vertex -28.3579 49.56 0
    endloop
  endfacet
  facet normal -0.923822 0.382823 0
    outer loop
      vertex -28.3579 49.56 8.3
      vertex -28.5278 49.15 0
      vertex -28.5278 49.15 8.3
    endloop
  endfacet
  facet normal 0.989176 0.146737 0
    outer loop
      vertex -4.52648 50.5391 1.6
      vertex -4.60568 51.073 0
      vertex -4.60568 51.073 1.6
    endloop
  endfacet
  facet normal 0.989176 0.146737 0
    outer loop
      vertex -4.60568 51.073 0
      vertex -4.52648 50.5391 1.6
      vertex -4.52648 50.5391 0
    endloop
  endfacet
  facet normal 0.998796 0.0490598 0
    outer loop
      vertex -4.5 50 1.6
      vertex -4.52648 50.5391 0
      vertex -4.52648 50.5391 1.6
    endloop
  endfacet
  facet normal 0.998796 0.0490598 0
    outer loop
      vertex -4.52648 50.5391 0
      vertex -4.5 50 1.6
      vertex -4.5 50 0
    endloop
  endfacet
  facet normal 0.970033 0.242972 0
    outer loop
      vertex -4.60568 51.073 1.6
      vertex -4.73683 51.5966 0
      vertex -4.73683 51.5966 1.6
    endloop
  endfacet
  facet normal 0.970033 0.242972 0
    outer loop
      vertex -4.73683 51.5966 0
      vertex -4.60568 51.073 1.6
      vertex -4.60568 51.073 0
    endloop
  endfacet
  facet normal -0.0490967 0.998794 0
    outer loop
      vertex -10 55.5 0
      vertex -10.5391 55.4735 1.6
      vertex -10 55.5 1.6
    endloop
  endfacet
  facet normal -0.0490967 0.998794 0
    outer loop
      vertex -10.5391 55.4735 1.6
      vertex -10 55.5 0
      vertex -10.5391 55.4735 0
    endloop
  endfacet
  facet normal 0.427451 -0.904039 0
    outer loop
      vertex -7.89524 44.9187 0
      vertex -7.40732 45.1494 1.6
      vertex -7.89524 44.9187 1.6
    endloop
  endfacet
  facet normal 0.427451 -0.904039 0
    outer loop
      vertex -7.40732 45.1494 1.6
      vertex -7.89524 44.9187 0
      vertex -7.40732 45.1494 0
    endloop
  endfacet
  facet normal 0.146734 0.989176 -0
    outer loop
      vertex -8.927 55.3943 0
      vertex -9.46091 55.4735 1.6
      vertex -8.927 55.3943 1.6
    endloop
  endfacet
  facet normal 0.146734 0.989176 0
    outer loop
      vertex -9.46091 55.4735 1.6
      vertex -8.927 55.3943 0
      vertex -9.46091 55.4735 0
    endloop
  endfacet
  facet normal 0.427451 0.904039 -0
    outer loop
      vertex -7.40732 54.8506 0
      vertex -7.89524 55.0813 1.6
      vertex -7.40732 54.8506 1.6
    endloop
  endfacet
  facet normal 0.427451 0.904039 0
    outer loop
      vertex -7.89524 55.0813 1.6
      vertex -7.40732 54.8506 0
      vertex -7.89524 55.0813 0
    endloop
  endfacet
  facet normal -0.970055 0.242884 0
    outer loop
      vertex -15.3943 51.073 0
      vertex -15.2632 51.5966 1.6
      vertex -15.2632 51.5966 0
    endloop
  endfacet
  facet normal -0.970055 0.242884 0
    outer loop
      vertex -15.2632 51.5966 1.6
      vertex -15.3943 51.073 0
      vertex -15.3943 51.073 1.6
    endloop
  endfacet
  facet normal -0.146737 0.989176 0
    outer loop
      vertex -10.5391 55.4735 0
      vertex -11.073 55.3943 1.6
      vertex -10.5391 55.4735 1.6
    endloop
  endfacet
  facet normal -0.146737 0.989176 0
    outer loop
      vertex -11.073 55.3943 1.6
      vertex -10.5391 55.4735 0
      vertex -11.073 55.3943 0
    endloop
  endfacet
  facet normal 0.336999 -0.941505 0
    outer loop
      vertex -8.40343 44.7368 0
      vertex -7.89524 44.9187 1.6
      vertex -8.40343 44.7368 1.6
    endloop
  endfacet
  facet normal 0.336999 -0.941505 0
    outer loop
      vertex -7.89524 44.9187 1.6
      vertex -8.40343 44.7368 0
      vertex -7.89524 44.9187 0
    endloop
  endfacet
  facet normal -0.595604 0.803278 0
    outer loop
      vertex -13.0556 54.5731 0
      vertex -13.4892 54.2516 1.6
      vertex -13.0556 54.5731 1.6
    endloop
  endfacet
  facet normal -0.595604 0.803278 0
    outer loop
      vertex -13.4892 54.2516 1.6
      vertex -13.0556 54.5731 0
      vertex -13.4892 54.2516 0
    endloop
  endfacet
  facet normal -0.514169 0.857689 0
    outer loop
      vertex -12.5927 54.8506 0
      vertex -13.0556 54.5731 1.6
      vertex -12.5927 54.8506 1.6
    endloop
  endfacet
  facet normal -0.514169 0.857689 0
    outer loop
      vertex -13.0556 54.5731 1.6
      vertex -12.5927 54.8506 0
      vertex -13.0556 54.5731 0
    endloop
  endfacet
  facet normal 0 0 1
    outer loop
      vertex -6.2 50 1.6
      vertex -4.5 50 1.6
      vertex -4.52648 50.5391 1.6
    endloop
  endfacet
  facet normal 0 0 1
    outer loop
      vertex -6.2183 50.3725 1.6
      vertex -4.52648 50.5391 1.6
      vertex -4.60568 51.073 1.6
    endloop
  endfacet
  facet normal 0 0 1
    outer loop
      vertex -4.5 50 1.6
      vertex -6.2 50 1.6
      vertex -4.52648 49.4609 1.6
    endloop
  endfacet
  facet normal 0 0 1
    outer loop
      vertex -6.27302 50.7413 1.6
      vertex -4.60568 51.073 1.6
      vertex -4.73683 51.5966 1.6
    endloop
  endfacet
  facet normal -0 0 1
    outer loop
      vertex -6.2183 49.6275 1.6
      vertex -4.52648 49.4609 1.6
      vertex -6.2 50 1.6
    endloop
  endfacet
  facet normal 0 0 1
    outer loop
      vertex -6.36363 51.1031 1.6
      vertex -4.73683 51.5966 1.6
      vertex -4.91866 52.1048 1.6
    endloop
  endfacet
  facet normal 0 0 1
    outer loop
      vertex -4.52648 49.4609 1.6
      vertex -6.2183 49.6275 1.6
      vertex -4.60568 48.927 1.6
    endloop
  endfacet
  facet normal 0 0 1
    outer loop
      vertex -6.48926 51.4542 1.6
      vertex -4.91866 52.1048 1.6
      vertex -5.14943 52.5927 1.6
    endloop
  endfacet
  facet normal -0 0 1
    outer loop
      vertex -6.27302 49.2587 1.6
      vertex -4.60568 48.927 1.6
      vertex -6.2183 49.6275 1.6
    endloop
  endfacet
  facet normal 0 0 1
    outer loop
      vertex -6.6487 51.7913 1.6
      vertex -5.14943 52.5927 1.6
      vertex -5.42692 53.0556 1.6
    endloop
  endfacet
  facet normal 0 0 1
    outer loop
      vertex -4.60568 48.927 1.6
      vertex -6.27302 49.2587 1.6
      vertex -4.73683 48.4034 1.6
    endloop
  endfacet
  facet normal 0 0 1
    outer loop
      vertex -6.84042 52.1112 1.6
      vertex -5.42692 53.0556 1.6
      vertex -5.74844 53.4892 1.6
    endloop
  endfacet
  facet normal -0 0 1
    outer loop
      vertex -6.36363 48.8969 1.6
      vertex -4.73683 48.4034 1.6
      vertex -6.27302 49.2587 1.6
    endloop
  endfacet
  facet normal 0 0 1
    outer loop
      vertex -7.06256 52.4107 1.6
      vertex -5.74844 53.4892 1.6
      vertex -6.11091 53.8891 1.6
    endloop
  endfacet
  facet normal 0 0 1
    outer loop
      vertex -4.73683 48.4034 1.6
      vertex -6.36363 48.8969 1.6
      vertex -4.91866 47.8952 1.6
    endloop
  endfacet
  facet normal -0 0 1
    outer loop
      vertex -6.48926 48.5458 1.6
      vertex -4.91866 47.8952 1.6
      vertex -6.36363 48.8969 1.6
    endloop
  endfacet
  facet normal 0 0 1
    outer loop
      vertex -4.52648 50.5391 1.6
      vertex -6.2183 50.3725 1.6
      vertex -6.2 50 1.6
    endloop
  endfacet
  facet normal 0 0 1
    outer loop
      vertex -4.60568 51.073 1.6
      vertex -6.27302 50.7413 1.6
      vertex -6.2183 50.3725 1.6
    endloop
  endfacet
  facet normal 0 0 1
    outer loop
      vertex -4.73683 51.5966 1.6
      vertex -6.36363 51.1031 1.6
      vertex -6.27302 50.7413 1.6
    endloop
  endfacet
  facet normal 0 0 1
    outer loop
      vertex -4.91866 52.1048 1.6
      vertex -6.48926 51.4542 1.6
      vertex -6.36363 51.1031 1.6
    endloop
  endfacet
  facet normal 0 0 1
    outer loop
      vertex -7.31299 52.687 1.6
      vertex -6.11091 53.8891 1.6
      vertex -6.51084 54.2516 1.6
    endloop
  endfacet
  facet normal 0 0 1
    outer loop
      vertex -5.14943 52.5927 1.6
      vertex -6.6487 51.7913 1.6
      vertex -6.48926 51.4542 1.6
    endloop
  endfacet
  facet normal 0 0 1
    outer loop
      vertex -5.42692 53.0556 1.6
      vertex -6.84042 52.1112 1.6
      vertex -6.6487 51.7913 1.6
    endloop
  endfacet
  facet normal 0 0 1
    outer loop
      vertex -7.58931 52.9374 1.6
      vertex -6.51084 54.2516 1.6
      vertex -6.94436 54.5731 1.6
    endloop
  endfacet
  facet normal 0 0 1
    outer loop
      vertex -5.74844 53.4892 1.6
      vertex -7.06256 52.4107 1.6
      vertex -6.84042 52.1112 1.6
    endloop
  endfacet
  facet normal 0 0 1
    outer loop
      vertex -6.11091 53.8891 1.6
      vertex -7.31299 52.687 1.6
      vertex -7.06256 52.4107 1.6
    endloop
  endfacet
  facet normal 0 0 1
    outer loop
      vertex -7.88883 53.1596 1.6
      vertex -6.94436 54.5731 1.6
      vertex -7.40732 54.8506 1.6
    endloop
  endfacet
  facet normal 0 0 1
    outer loop
      vertex -6.51084 54.2516 1.6
      vertex -7.58931 52.9374 1.6
      vertex -7.31299 52.687 1.6
    endloop
  endfacet
  facet normal 0 0 1
    outer loop
      vertex -6.94436 54.5731 1.6
      vertex -7.88883 53.1596 1.6
      vertex -7.58931 52.9374 1.6
    endloop
  endfacet
  facet normal 0 0 1
    outer loop
      vertex -8.20869 53.3513 1.6
      vertex -7.40732 54.8506 1.6
      vertex -7.89524 55.0813 1.6
    endloop
  endfacet
  facet normal 0 0 1
    outer loop
      vertex -7.40732 54.8506 1.6
      vertex -8.20869 53.3513 1.6
      vertex -7.88883 53.1596 1.6
    endloop
  endfacet
  facet normal 0 0 1
    outer loop
      vertex -8.5458 53.5107 1.6
      vertex -7.89524 55.0813 1.6
      vertex -8.40343 55.2632 1.6
    endloop
  endfacet
  facet normal 0 0 1
    outer loop
      vertex -7.89524 55.0813 1.6
      vertex -8.5458 53.5107 1.6
      vertex -8.20869 53.3513 1.6
    endloop
  endfacet
  facet normal 0 0 1
    outer loop
      vertex -8.40343 55.2632 1.6
      vertex -8.89692 53.6364 1.6
      vertex -8.5458 53.5107 1.6
    endloop
  endfacet
  facet normal 0 0 1
    outer loop
      vertex -8.927 55.3943 1.6
      vertex -8.89692 53.6364 1.6
      vertex -8.40343 55.2632 1.6
    endloop
  endfacet
  facet normal 0 0 1
    outer loop
      vertex -8.927 55.3943 1.6
      vertex -9.25866 53.727 1.6
      vertex -8.89692 53.6364 1.6
    endloop
  endfacet
  facet normal 0 0 1
    outer loop
      vertex -9.46091 55.4735 1.6
      vertex -9.25866 53.727 1.6
      vertex -8.927 55.3943 1.6
    endloop
  endfacet
  facet normal 0 0 1
    outer loop
      vertex -9.46091 55.4735 1.6
      vertex -9.62754 53.7817 1.6
      vertex -9.25866 53.727 1.6
    endloop
  endfacet
  facet normal 0 0 1
    outer loop
      vertex -10 55.5 1.6
      vertex -9.62754 53.7817 1.6
      vertex -9.46091 55.4735 1.6
    endloop
  endfacet
  facet normal 0 0 1
    outer loop
      vertex -10 55.5 1.6
      vertex -10 53.8 1.6
      vertex -9.62754 53.7817 1.6
    endloop
  endfacet
  facet normal 0 0 1
    outer loop
      vertex -10 55.5 1.6
      vertex -10.3725 53.7817 1.6
      vertex -10 53.8 1.6
    endloop
  endfacet
  facet normal -0 0 1
    outer loop
      vertex -10.5391 55.4735 1.6
      vertex -10.3725 53.7817 1.6
      vertex -10 55.5 1.6
    endloop
  endfacet
  facet normal 0 0 1
    outer loop
      vertex -10.5391 55.4735 1.6
      vertex -10.7413 53.727 1.6
      vertex -10.3725 53.7817 1.6
    endloop
  endfacet
  facet normal -0 0 1
    outer loop
      vertex -11.073 55.3943 1.6
      vertex -10.7413 53.727 1.6
      vertex -10.5391 55.4735 1.6
    endloop
  endfacet
  facet normal 0 0 1
    outer loop
      vertex -11.073 55.3943 1.6
      vertex -11.1031 53.6364 1.6
      vertex -10.7413 53.727 1.6
    endloop
  endfacet
  facet normal -0 0 1
    outer loop
      vertex -11.5966 55.2632 1.6
      vertex -11.1031 53.6364 1.6
      vertex -11.073 55.3943 1.6
    endloop
  endfacet
  facet normal 0 0 1
    outer loop
      vertex -11.1031 53.6364 1.6
      vertex -11.5966 55.2632 1.6
      vertex -11.4542 53.5107 1.6
    endloop
  endfacet
  facet normal -0 0 1
    outer loop
      vertex -12.1048 55.0813 1.6
      vertex -11.4542 53.5107 1.6
      vertex -11.5966 55.2632 1.6
    endloop
  endfacet
  facet normal 0 0 1
    outer loop
      vertex -11.4542 53.5107 1.6
      vertex -12.1048 55.0813 1.6
      vertex -11.7913 53.3513 1.6
    endloop
  endfacet
  facet normal -0 0 1
    outer loop
      vertex -12.5927 54.8506 1.6
      vertex -11.7913 53.3513 1.6
      vertex -12.1048 55.0813 1.6
    endloop
  endfacet
  facet normal 0 0 1
    outer loop
      vertex -11.7913 53.3513 1.6
      vertex -12.5927 54.8506 1.6
      vertex -12.1112 53.1596 1.6
    endloop
  endfacet
  facet normal -0 0 1
    outer loop
      vertex -13.0556 54.5731 1.6
      vertex -12.1112 53.1596 1.6
      vertex -12.5927 54.8506 1.6
    endloop
  endfacet
  facet normal 0 0 1
    outer loop
      vertex -12.1112 53.1596 1.6
      vertex -13.0556 54.5731 1.6
      vertex -12.4107 52.9374 1.6
    endloop
  endfacet
  facet normal -0 0 1
    outer loop
      vertex -13.4892 54.2516 1.6
      vertex -12.4107 52.9374 1.6
      vertex -13.0556 54.5731 1.6
    endloop
  endfacet
  facet normal 0 0 1
    outer loop
      vertex -12.4107 52.9374 1.6
      vertex -13.4892 54.2516 1.6
      vertex -12.687 52.687 1.6
    endloop
  endfacet
  facet normal -0 0 1
    outer loop
      vertex -13.8891 53.8891 1.6
      vertex -12.687 52.687 1.6
      vertex -13.4892 54.2516 1.6
    endloop
  endfacet
  facet normal 0 0 1
    outer loop
      vertex -12.687 52.687 1.6
      vertex -13.8891 53.8891 1.6
      vertex -12.9374 52.4107 1.6
    endloop
  endfacet
  facet normal -0 0 1
    outer loop
      vertex -14.2516 53.4892 1.6
      vertex -12.9374 52.4107 1.6
      vertex -13.8891 53.8891 1.6
    endloop
  endfacet
  facet normal 0 0 1
    outer loop
      vertex -12.9374 52.4107 1.6
      vertex -14.2516 53.4892 1.6
      vertex -13.1596 52.1112 1.6
    endloop
  endfacet
  facet normal -0 0 1
    outer loop
      vertex -14.5731 53.0556 1.6
      vertex -13.1596 52.1112 1.6
      vertex -14.2516 53.4892 1.6
    endloop
  endfacet
  facet normal 0 0 1
    outer loop
      vertex -13.1596 52.1112 1.6
      vertex -14.5731 53.0556 1.6
      vertex -13.3513 51.7913 1.6
    endloop
  endfacet
  facet normal -0 0 1
    outer loop
      vertex -14.8506 52.5927 1.6
      vertex -13.3513 51.7913 1.6
      vertex -14.5731 53.0556 1.6
    endloop
  endfacet
  facet normal -0 0 1
    outer loop
      vertex -15.0813 52.1048 1.6
      vertex -13.5107 51.4542 1.6
      vertex -14.8506 52.5927 1.6
    endloop
  endfacet
  facet normal 0 0 1
    outer loop
      vertex -13.3513 51.7913 1.6
      vertex -14.8506 52.5927 1.6
      vertex -13.5107 51.4542 1.6
    endloop
  endfacet
  facet normal 0 0 1
    outer loop
      vertex -4.91866 47.8952 1.6
      vertex -6.48926 48.5458 1.6
      vertex -5.14943 47.4073 1.6
    endloop
  endfacet
  facet normal -0 0 1
    outer loop
      vertex -6.6487 48.2087 1.6
      vertex -5.14943 47.4073 1.6
      vertex -6.48926 48.5458 1.6
    endloop
  endfacet
  facet normal 0 0 1
    outer loop
      vertex -5.14943 47.4073 1.6
      vertex -6.6487 48.2087 1.6
      vertex -5.42692 46.9444 1.6
    endloop
  endfacet
  facet normal -0 0 1
    outer loop
      vertex -6.84042 47.8888 1.6
      vertex -5.42692 46.9444 1.6
      vertex -6.6487 48.2087 1.6
    endloop
  endfacet
  facet normal 0 0 1
    outer loop
      vertex -5.42692 46.9444 1.6
      vertex -6.84042 47.8888 1.6
      vertex -5.74844 46.5108 1.6
    endloop
  endfacet
  facet normal -0 0 1
    outer loop
      vertex -7.06256 47.5893 1.6
      vertex -5.74844 46.5108 1.6
      vertex -6.84042 47.8888 1.6
    endloop
  endfacet
  facet normal 0 0 1
    outer loop
      vertex -5.74844 46.5108 1.6
      vertex -7.06256 47.5893 1.6
      vertex -6.11091 46.1109 1.6
    endloop
  endfacet
  facet normal -0 0 1
    outer loop
      vertex -7.31299 47.313 1.6
      vertex -6.11091 46.1109 1.6
      vertex -7.06256 47.5893 1.6
    endloop
  endfacet
  facet normal 0 0 1
    outer loop
      vertex -6.11091 46.1109 1.6
      vertex -7.31299 47.313 1.6
      vertex -6.51084 45.7484 1.6
    endloop
  endfacet
  facet normal -0 0 1
    outer loop
      vertex -7.58931 47.0626 1.6
      vertex -6.51084 45.7484 1.6
      vertex -7.31299 47.313 1.6
    endloop
  endfacet
  facet normal 0 0 1
    outer loop
      vertex -6.51084 45.7484 1.6
      vertex -7.58931 47.0626 1.6
      vertex -6.94436 45.4269 1.6
    endloop
  endfacet
  facet normal -0 0 1
    outer loop
      vertex -7.88883 46.8404 1.6
      vertex -6.94436 45.4269 1.6
      vertex -7.58931 47.0626 1.6
    endloop
  endfacet
  facet normal 0 0 1
    outer loop
      vertex -6.94436 45.4269 1.6
      vertex -7.88883 46.8404 1.6
      vertex -7.40732 45.1494 1.6
    endloop
  endfacet
  facet normal -0 0 1
    outer loop
      vertex -8.20869 46.6487 1.6
      vertex -7.40732 45.1494 1.6
      vertex -7.88883 46.8404 1.6
    endloop
  endfacet
  facet normal 0 0 1
    outer loop
      vertex -7.40732 45.1494 1.6
      vertex -8.20869 46.6487 1.6
      vertex -7.89524 44.9187 1.6
    endloop
  endfacet
  facet normal -0 0 1
    outer loop
      vertex -8.5458 46.4893 1.6
      vertex -7.89524 44.9187 1.6
      vertex -8.20869 46.6487 1.6
    endloop
  endfacet
  facet normal 0 0 1
    outer loop
      vertex -7.89524 44.9187 1.6
      vertex -8.5458 46.4893 1.6
      vertex -8.40343 44.7368 1.6
    endloop
  endfacet
  facet normal -0 0 1
    outer loop
      vertex -8.89692 46.3636 1.6
      vertex -8.40343 44.7368 1.6
      vertex -8.5458 46.4893 1.6
    endloop
  endfacet
  facet normal 0 0 1
    outer loop
      vertex -8.89692 46.3636 1.6
      vertex -8.927 44.6057 1.6
      vertex -8.40343 44.7368 1.6
    endloop
  endfacet
  facet normal -0 0 1
    outer loop
      vertex -9.25866 46.273 1.6
      vertex -8.927 44.6057 1.6
      vertex -8.89692 46.3636 1.6
    endloop
  endfacet
  facet normal 0 0 1
    outer loop
      vertex -9.25866 46.273 1.6
      vertex -9.46091 44.5265 1.6
      vertex -8.927 44.6057 1.6
    endloop
  endfacet
  facet normal -0 0 1
    outer loop
      vertex -9.62754 46.2183 1.6
      vertex -9.46091 44.5265 1.6
      vertex -9.25866 46.273 1.6
    endloop
  endfacet
  facet normal -0 0 1
    outer loop
      vertex -10 46.2 1.6
      vertex -9.46091 44.5265 1.6
      vertex -9.62754 46.2183 1.6
    endloop
  endfacet
  facet normal 0 0 1
    outer loop
      vertex -10 46.2 1.6
      vertex -10 44.5 1.6
      vertex -9.46091 44.5265 1.6
    endloop
  endfacet
  facet normal 0 0 1
    outer loop
      vertex -10.3725 46.2183 1.6
      vertex -10 44.5 1.6
      vertex -10 46.2 1.6
    endloop
  endfacet
  facet normal 0 0 1
    outer loop
      vertex -10.3725 46.2183 1.6
      vertex -10.5391 44.5265 1.6
      vertex -10 44.5 1.6
    endloop
  endfacet
  facet normal 0 0 1
    outer loop
      vertex -10.7413 46.273 1.6
      vertex -10.5391 44.5265 1.6
      vertex -10.3725 46.2183 1.6
    endloop
  endfacet
  facet normal 0 0 1
    outer loop
      vertex -10.7413 46.273 1.6
      vertex -11.073 44.6057 1.6
      vertex -10.5391 44.5265 1.6
    endloop
  endfacet
  facet normal 0 0 1
    outer loop
      vertex -11.1031 46.3636 1.6
      vertex -11.073 44.6057 1.6
      vertex -10.7413 46.273 1.6
    endloop
  endfacet
  facet normal 0 0 1
    outer loop
      vertex -11.5966 44.7368 1.6
      vertex -11.1031 46.3636 1.6
      vertex -11.4542 46.4893 1.6
    endloop
  endfacet
  facet normal 0 0 1
    outer loop
      vertex -11.1031 46.3636 1.6
      vertex -11.5966 44.7368 1.6
      vertex -11.073 44.6057 1.6
    endloop
  endfacet
  facet normal 0 0 1
    outer loop
      vertex -12.1048 44.9187 1.6
      vertex -11.4542 46.4893 1.6
      vertex -11.7913 46.6487 1.6
    endloop
  endfacet
  facet normal 0 0 1
    outer loop
      vertex -11.4542 46.4893 1.6
      vertex -12.1048 44.9187 1.6
      vertex -11.5966 44.7368 1.6
    endloop
  endfacet
  facet normal 0 0 1
    outer loop
      vertex -12.5927 45.1494 1.6
      vertex -11.7913 46.6487 1.6
      vertex -12.1112 46.8404 1.6
    endloop
  endfacet
  facet normal 0 0 1
    outer loop
      vertex -13.0556 45.4269 1.6
      vertex -12.1112 46.8404 1.6
      vertex -12.4107 47.0626 1.6
    endloop
  endfacet
  facet normal 0 0 1
    outer loop
      vertex -11.7913 46.6487 1.6
      vertex -12.5927 45.1494 1.6
      vertex -12.1048 44.9187 1.6
    endloop
  endfacet
  facet normal 0 0 1
    outer loop
      vertex -13.4892 45.7484 1.6
      vertex -12.4107 47.0626 1.6
      vertex -12.687 47.313 1.6
    endloop
  endfacet
  facet normal 0 0 1
    outer loop
      vertex -13.8891 46.1109 1.6
      vertex -12.687 47.313 1.6
      vertex -12.9374 47.5893 1.6
    endloop
  endfacet
  facet normal 0 0 1
    outer loop
      vertex -12.1112 46.8404 1.6
      vertex -13.0556 45.4269 1.6
      vertex -12.5927 45.1494 1.6
    endloop
  endfacet
  facet normal 0 0 1
    outer loop
      vertex -14.2516 46.5108 1.6
      vertex -12.9374 47.5893 1.6
      vertex -13.1596 47.8888 1.6
    endloop
  endfacet
  facet normal 0 0 1
    outer loop
      vertex -14.5731 46.9444 1.6
      vertex -13.1596 47.8888 1.6
      vertex -13.3513 48.2087 1.6
    endloop
  endfacet
  facet normal 0 0 1
    outer loop
      vertex -12.4107 47.0626 1.6
      vertex -13.4892 45.7484 1.6
      vertex -13.0556 45.4269 1.6
    endloop
  endfacet
  facet normal 0 0 1
    outer loop
      vertex -14.8506 47.4073 1.6
      vertex -13.3513 48.2087 1.6
      vertex -13.5107 48.5458 1.6
    endloop
  endfacet
  facet normal 0 0 1
    outer loop
      vertex -15.0813 47.8952 1.6
      vertex -13.5107 48.5458 1.6
      vertex -13.6364 48.8969 1.6
    endloop
  endfacet
  facet normal 0 0 1
    outer loop
      vertex -15.2632 48.4034 1.6
      vertex -13.6364 48.8969 1.6
      vertex -13.727 49.2587 1.6
    endloop
  endfacet
  facet normal 0 0 1
    outer loop
      vertex -15.3943 48.927 1.6
      vertex -13.727 49.2587 1.6
      vertex -13.7817 49.6275 1.6
    endloop
  endfacet
  facet normal 0 0 1
    outer loop
      vertex -12.687 47.313 1.6
      vertex -13.8891 46.1109 1.6
      vertex -13.4892 45.7484 1.6
    endloop
  endfacet
  facet normal 0 0 1
    outer loop
      vertex -15.4735 49.4609 1.6
      vertex -13.7817 49.6275 1.6
      vertex -13.8 50 1.6
    endloop
  endfacet
  facet normal 0 0 1
    outer loop
      vertex -13.5107 51.4542 1.6
      vertex -15.0813 52.1048 1.6
      vertex -13.6364 51.1031 1.6
    endloop
  endfacet
  facet normal -0 0 1
    outer loop
      vertex -15.2632 51.5966 1.6
      vertex -13.6364 51.1031 1.6
      vertex -15.0813 52.1048 1.6
    endloop
  endfacet
  facet normal 0 0 1
    outer loop
      vertex -12.9374 47.5893 1.6
      vertex -14.2516 46.5108 1.6
      vertex -13.8891 46.1109 1.6
    endloop
  endfacet
  facet normal 0 0 1
    outer loop
      vertex -13.6364 51.1031 1.6
      vertex -15.2632 51.5966 1.6
      vertex -13.727 50.7413 1.6
    endloop
  endfacet
  facet normal 0 0 1
    outer loop
      vertex -13.1596 47.8888 1.6
      vertex -14.5731 46.9444 1.6
      vertex -14.2516 46.5108 1.6
    endloop
  endfacet
  facet normal -0 0 1
    outer loop
      vertex -15.3943 51.073 1.6
      vertex -13.727 50.7413 1.6
      vertex -15.2632 51.5966 1.6
    endloop
  endfacet
  facet normal 0 0 1
    outer loop
      vertex -13.3513 48.2087 1.6
      vertex -14.8506 47.4073 1.6
      vertex -14.5731 46.9444 1.6
    endloop
  endfacet
  facet normal 0 0 1
    outer loop
      vertex -13.727 50.7413 1.6
      vertex -15.3943 51.073 1.6
      vertex -13.7817 50.3725 1.6
    endloop
  endfacet
  facet normal 0 0 1
    outer loop
      vertex -13.5107 48.5458 1.6
      vertex -15.0813 47.8952 1.6
      vertex -14.8506 47.4073 1.6
    endloop
  endfacet
  facet normal -0 0 1
    outer loop
      vertex -15.4735 50.5391 1.6
      vertex -13.7817 50.3725 1.6
      vertex -15.3943 51.073 1.6
    endloop
  endfacet
  facet normal 0 0 1
    outer loop
      vertex -13.6364 48.8969 1.6
      vertex -15.2632 48.4034 1.6
      vertex -15.0813 47.8952 1.6
    endloop
  endfacet
  facet normal 0 0 1
    outer loop
      vertex -13.7817 50.3725 1.6
      vertex -15.4735 50.5391 1.6
      vertex -13.8 50 1.6
    endloop
  endfacet
  facet normal 0 0 1
    outer loop
      vertex -13.727 49.2587 1.6
      vertex -15.3943 48.927 1.6
      vertex -15.2632 48.4034 1.6
    endloop
  endfacet
  facet normal 0 0 1
    outer loop
      vertex -15.5 50 1.6
      vertex -13.8 50 1.6
      vertex -15.4735 50.5391 1.6
    endloop
  endfacet
  facet normal 0 0 1
    outer loop
      vertex -13.7817 49.6275 1.6
      vertex -15.4735 49.4609 1.6
      vertex -15.3943 48.927 1.6
    endloop
  endfacet
  facet normal 0 0 1
    outer loop
      vertex -13.8 50 1.6
      vertex -15.5 50 1.6
      vertex -15.4735 49.4609 1.6
    endloop
  endfacet
  facet normal 0.671584 0.740928 -0
    outer loop
      vertex -6.11091 53.8891 0
      vertex -6.51084 54.2516 1.6
      vertex -6.11091 53.8891 1.6
    endloop
  endfacet
  facet normal 0.671584 0.740928 0
    outer loop
      vertex -6.51084 54.2516 1.6
      vertex -6.11091 53.8891 0
      vertex -6.51084 54.2516 0
    endloop
  endfacet
  facet normal -0.595604 -0.803278 0
    outer loop
      vertex -13.4892 45.7484 0
      vertex -13.0556 45.4269 1.6
      vertex -13.4892 45.7484 1.6
    endloop
  endfacet
  facet normal -0.595604 -0.803278 -0
    outer loop
      vertex -13.0556 45.4269 1.6
      vertex -13.4892 45.7484 0
      vertex -13.0556 45.4269 0
    endloop
  endfacet
  facet normal -0.427465 0.904032 0
    outer loop
      vertex -12.1048 55.0813 0
      vertex -12.5927 54.8506 1.6
      vertex -12.1048 55.0813 1.6
    endloop
  endfacet
  facet normal -0.427465 0.904032 0
    outer loop
      vertex -12.5927 54.8506 1.6
      vertex -12.1048 55.0813 0
      vertex -12.5927 54.8506 0
    endloop
  endfacet
  facet normal 0.51412 0.857718 -0
    outer loop
      vertex -6.94436 54.5731 0
      vertex -7.40732 54.8506 1.6
      vertex -6.94436 54.5731 1.6
    endloop
  endfacet
  facet normal 0.51412 0.857718 0
    outer loop
      vertex -7.40732 54.8506 1.6
      vertex -6.94436 54.5731 0
      vertex -7.40732 54.8506 0
    endloop
  endfacet
  facet normal 0 0 -1
    outer loop
      vertex -8.3 50 0
      vertex -4.5 50 0
      vertex -4.52648 49.4609 0
    endloop
  endfacet
  facet normal 0 0 -1
    outer loop
      vertex -8.35793 49.56 0
      vertex -4.52648 49.4609 0
      vertex -4.60568 48.927 0
    endloop
  endfacet
  facet normal 0 0 -1
    outer loop
      vertex -4.5 50 0
      vertex -8.3 50 0
      vertex -4.52648 50.5391 0
    endloop
  endfacet
  facet normal 0 0 -1
    outer loop
      vertex -8.35793 49.56 0
      vertex -4.60568 48.927 0
      vertex -4.73683 48.4034 0
    endloop
  endfacet
  facet normal 0 0 -1
    outer loop
      vertex -8.35793 50.44 0
      vertex -4.52648 50.5391 0
      vertex -8.3 50 0
    endloop
  endfacet
  facet normal 0 0 -1
    outer loop
      vertex -8.35793 49.56 0
      vertex -4.73683 48.4034 0
      vertex -4.91866 47.8952 0
    endloop
  endfacet
  facet normal -0 0 -1
    outer loop
      vertex -4.52648 50.5391 0
      vertex -8.35793 50.44 0
      vertex -4.60568 51.073 0
    endloop
  endfacet
  facet normal 0 0 -1
    outer loop
      vertex -8.52776 49.15 0
      vertex -4.91866 47.8952 0
      vertex -5.14943 47.4073 0
    endloop
  endfacet
  facet normal -0 0 -1
    outer loop
      vertex -4.60568 51.073 0
      vertex -8.35793 50.44 0
      vertex -4.73683 51.5966 0
    endloop
  endfacet
  facet normal 0 0 -1
    outer loop
      vertex -8.52776 49.15 0
      vertex -5.14943 47.4073 0
      vertex -5.42692 46.9444 0
    endloop
  endfacet
  facet normal -0 0 -1
    outer loop
      vertex -4.73683 51.5966 0
      vertex -8.35793 50.44 0
      vertex -4.91866 52.1048 0
    endloop
  endfacet
  facet normal 0 0 -1
    outer loop
      vertex -8.52776 49.15 0
      vertex -5.42692 46.9444 0
      vertex -5.74844 46.5108 0
    endloop
  endfacet
  facet normal 0 0 -1
    outer loop
      vertex -8.52776 50.85 0
      vertex -4.91866 52.1048 0
      vertex -8.35793 50.44 0
    endloop
  endfacet
  facet normal 0 0 -1
    outer loop
      vertex -8.79792 48.7979 0
      vertex -5.74844 46.5108 0
      vertex -6.11091 46.1109 0
    endloop
  endfacet
  facet normal -0 0 -1
    outer loop
      vertex -4.91866 52.1048 0
      vertex -8.52776 50.85 0
      vertex -5.14943 52.5927 0
    endloop
  endfacet
  facet normal 0 0 -1
    outer loop
      vertex -8.79792 48.7979 0
      vertex -6.11091 46.1109 0
      vertex -6.51084 45.7484 0
    endloop
  endfacet
  facet normal -0 0 -1
    outer loop
      vertex -5.14943 52.5927 0
      vertex -8.52776 50.85 0
      vertex -5.42692 53.0556 0
    endloop
  endfacet
  facet normal 0 0 -1
    outer loop
      vertex -9.15 48.5278 0
      vertex -6.51084 45.7484 0
      vertex -6.94436 45.4269 0
    endloop
  endfacet
  facet normal -0 0 -1
    outer loop
      vertex -5.42692 53.0556 0
      vertex -8.52776 50.85 0
      vertex -5.74844 53.4892 0
    endloop
  endfacet
  facet normal 0 0 -1
    outer loop
      vertex -9.15 48.5278 0
      vertex -6.94436 45.4269 0
      vertex -7.40732 45.1494 0
    endloop
  endfacet
  facet normal 0 0 -1
    outer loop
      vertex -8.79792 51.2021 0
      vertex -5.74844 53.4892 0
      vertex -8.52776 50.85 0
    endloop
  endfacet
  facet normal 0 0 -1
    outer loop
      vertex -9.15 48.5278 0
      vertex -7.40732 45.1494 0
      vertex -7.89524 44.9187 0
    endloop
  endfacet
  facet normal -0 0 -1
    outer loop
      vertex -5.74844 53.4892 0
      vertex -8.79792 51.2021 0
      vertex -6.11091 53.8891 0
    endloop
  endfacet
  facet normal -0 0 -1
    outer loop
      vertex -6.11091 53.8891 0
      vertex -8.79792 51.2021 0
      vertex -6.51084 54.2516 0
    endloop
  endfacet
  facet normal 0 0 -1
    outer loop
      vertex -4.52648 49.4609 0
      vertex -8.35793 49.56 0
      vertex -8.3 50 0
    endloop
  endfacet
  facet normal 0 0 -1
    outer loop
      vertex -9.56001 48.3579 0
      vertex -7.89524 44.9187 0
      vertex -8.40343 44.7368 0
    endloop
  endfacet
  facet normal 0 0 -1
    outer loop
      vertex -4.91866 47.8952 0
      vertex -8.52776 49.15 0
      vertex -8.35793 49.56 0
    endloop
  endfacet
  facet normal 0 0 -1
    outer loop
      vertex -5.74844 46.5108 0
      vertex -8.79792 48.7979 0
      vertex -8.52776 49.15 0
    endloop
  endfacet
  facet normal 0 0 -1
    outer loop
      vertex -9.56001 48.3579 0
      vertex -8.40343 44.7368 0
      vertex -8.927 44.6057 0
    endloop
  endfacet
  facet normal 0 0 -1
    outer loop
      vertex -6.51084 45.7484 0
      vertex -9.15 48.5278 0
      vertex -8.79792 48.7979 0
    endloop
  endfacet
  facet normal 0 0 -1
    outer loop
      vertex -9.56001 48.3579 0
      vertex -8.927 44.6057 0
      vertex -9.46091 44.5265 0
    endloop
  endfacet
  facet normal 0 0 -1
    outer loop
      vertex -7.89524 44.9187 0
      vertex -9.56001 48.3579 0
      vertex -9.15 48.5278 0
    endloop
  endfacet
  facet normal 0 0 -1
    outer loop
      vertex -10 48.3 0
      vertex -9.46091 44.5265 0
      vertex -10 44.5 0
    endloop
  endfacet
  facet normal 0 0 -1
    outer loop
      vertex -9.46091 44.5265 0
      vertex -10 48.3 0
      vertex -9.56001 48.3579 0
    endloop
  endfacet
  facet normal 0 0 -1
    outer loop
      vertex -10.5391 44.5265 0
      vertex -10 48.3 0
      vertex -10 44.5 0
    endloop
  endfacet
  facet normal -0 0 -1
    outer loop
      vertex -10 48.3 0
      vertex -10.5391 44.5265 0
      vertex -10.44 48.3579 0
    endloop
  endfacet
  facet normal 0 0 -1
    outer loop
      vertex -11.073 44.6057 0
      vertex -10.44 48.3579 0
      vertex -10.5391 44.5265 0
    endloop
  endfacet
  facet normal 0 0 -1
    outer loop
      vertex -11.5966 44.7368 0
      vertex -10.44 48.3579 0
      vertex -11.073 44.6057 0
    endloop
  endfacet
  facet normal 0 0 -1
    outer loop
      vertex -12.1048 44.9187 0
      vertex -10.44 48.3579 0
      vertex -11.5966 44.7368 0
    endloop
  endfacet
  facet normal -0 0 -1
    outer loop
      vertex -10.44 48.3579 0
      vertex -12.1048 44.9187 0
      vertex -10.85 48.5278 0
    endloop
  endfacet
  facet normal 0 0 -1
    outer loop
      vertex -12.5927 45.1494 0
      vertex -10.85 48.5278 0
      vertex -12.1048 44.9187 0
    endloop
  endfacet
  facet normal 0 0 -1
    outer loop
      vertex -13.0556 45.4269 0
      vertex -10.85 48.5278 0
      vertex -12.5927 45.1494 0
    endloop
  endfacet
  facet normal 0 0 -1
    outer loop
      vertex -13.4892 45.7484 0
      vertex -10.85 48.5278 0
      vertex -13.0556 45.4269 0
    endloop
  endfacet
  facet normal -0 0 -1
    outer loop
      vertex -10.85 48.5278 0
      vertex -13.4892 45.7484 0
      vertex -11.2021 48.7979 0
    endloop
  endfacet
  facet normal 0 0 -1
    outer loop
      vertex -9.15 51.4722 0
      vertex -6.51084 54.2516 0
      vertex -8.79792 51.2021 0
    endloop
  endfacet
  facet normal -0 0 -1
    outer loop
      vertex -6.51084 54.2516 0
      vertex -9.15 51.4722 0
      vertex -6.94436 54.5731 0
    endloop
  endfacet
  facet normal -0 0 -1
    outer loop
      vertex -6.94436 54.5731 0
      vertex -9.15 51.4722 0
      vertex -7.40732 54.8506 0
    endloop
  endfacet
  facet normal -0 0 -1
    outer loop
      vertex -7.40732 54.8506 0
      vertex -9.15 51.4722 0
      vertex -7.89524 55.0813 0
    endloop
  endfacet
  facet normal 0 0 -1
    outer loop
      vertex -9.56001 51.6421 0
      vertex -7.89524 55.0813 0
      vertex -9.15 51.4722 0
    endloop
  endfacet
  facet normal -0 0 -1
    outer loop
      vertex -7.89524 55.0813 0
      vertex -9.56001 51.6421 0
      vertex -8.40343 55.2632 0
    endloop
  endfacet
  facet normal -0 0 -1
    outer loop
      vertex -8.40343 55.2632 0
      vertex -9.56001 51.6421 0
      vertex -8.927 55.3943 0
    endloop
  endfacet
  facet normal -0 0 -1
    outer loop
      vertex -8.927 55.3943 0
      vertex -9.56001 51.6421 0
      vertex -9.46091 55.4735 0
    endloop
  endfacet
  facet normal 0 0 -1
    outer loop
      vertex -10 51.7 0
      vertex -9.46091 55.4735 0
      vertex -9.56001 51.6421 0
    endloop
  endfacet
  facet normal 0 0 -1
    outer loop
      vertex -10 51.7 0
      vertex -10 55.5 0
      vertex -9.46091 55.4735 0
    endloop
  endfacet
  facet normal 0 0 -1
    outer loop
      vertex -10.5391 55.4735 0
      vertex -10 51.7 0
      vertex -10.44 51.6421 0
    endloop
  endfacet
  facet normal 0 0 -1
    outer loop
      vertex -10 51.7 0
      vertex -10.5391 55.4735 0
      vertex -10 55.5 0
    endloop
  endfacet
  facet normal 0 0 -1
    outer loop
      vertex -12.1048 55.0813 0
      vertex -10.44 51.6421 0
      vertex -10.85 51.4722 0
    endloop
  endfacet
  facet normal 0 0 -1
    outer loop
      vertex -10.44 51.6421 0
      vertex -11.073 55.3943 0
      vertex -10.5391 55.4735 0
    endloop
  endfacet
  facet normal 0 0 -1
    outer loop
      vertex -13.4892 54.2516 0
      vertex -10.85 51.4722 0
      vertex -11.2021 51.2021 0
    endloop
  endfacet
  facet normal 0 0 -1
    outer loop
      vertex -14.2516 53.4892 0
      vertex -11.2021 51.2021 0
      vertex -11.4722 50.85 0
    endloop
  endfacet
  facet normal 0 0 -1
    outer loop
      vertex -10.44 51.6421 0
      vertex -11.5966 55.2632 0
      vertex -11.073 55.3943 0
    endloop
  endfacet
  facet normal 0 0 -1
    outer loop
      vertex -15.0813 52.1048 0
      vertex -11.4722 50.85 0
      vertex -11.6421 50.44 0
    endloop
  endfacet
  facet normal 0 0 -1
    outer loop
      vertex -15.4735 50.5391 0
      vertex -11.6421 50.44 0
      vertex -11.7 50 0
    endloop
  endfacet
  facet normal 0 0 -1
    outer loop
      vertex -13.8891 46.1109 0
      vertex -11.2021 48.7979 0
      vertex -13.4892 45.7484 0
    endloop
  endfacet
  facet normal 0 0 -1
    outer loop
      vertex -10.44 51.6421 0
      vertex -12.1048 55.0813 0
      vertex -11.5966 55.2632 0
    endloop
  endfacet
  facet normal 0 0 -1
    outer loop
      vertex -14.2516 46.5108 0
      vertex -11.2021 48.7979 0
      vertex -13.8891 46.1109 0
    endloop
  endfacet
  facet normal 0 0 -1
    outer loop
      vertex -10.85 51.4722 0
      vertex -12.5927 54.8506 0
      vertex -12.1048 55.0813 0
    endloop
  endfacet
  facet normal -0 0 -1
    outer loop
      vertex -11.2021 48.7979 0
      vertex -14.2516 46.5108 0
      vertex -11.4722 49.15 0
    endloop
  endfacet
  facet normal 0 0 -1
    outer loop
      vertex -10.85 51.4722 0
      vertex -13.0556 54.5731 0
      vertex -12.5927 54.8506 0
    endloop
  endfacet
  facet normal 0 0 -1
    outer loop
      vertex -14.5731 46.9444 0
      vertex -11.4722 49.15 0
      vertex -14.2516 46.5108 0
    endloop
  endfacet
  facet normal 0 0 -1
    outer loop
      vertex -10.85 51.4722 0
      vertex -13.4892 54.2516 0
      vertex -13.0556 54.5731 0
    endloop
  endfacet
  facet normal 0 0 -1
    outer loop
      vertex -14.8506 47.4073 0
      vertex -11.4722 49.15 0
      vertex -14.5731 46.9444 0
    endloop
  endfacet
  facet normal 0 0 -1
    outer loop
      vertex -11.2021 51.2021 0
      vertex -13.8891 53.8891 0
      vertex -13.4892 54.2516 0
    endloop
  endfacet
  facet normal 0 0 -1
    outer loop
      vertex -15.0813 47.8952 0
      vertex -11.4722 49.15 0
      vertex -14.8506 47.4073 0
    endloop
  endfacet
  facet normal 0 0 -1
    outer loop
      vertex -11.2021 51.2021 0
      vertex -14.2516 53.4892 0
      vertex -13.8891 53.8891 0
    endloop
  endfacet
  facet normal -0 0 -1
    outer loop
      vertex -11.4722 49.15 0
      vertex -15.0813 47.8952 0
      vertex -11.6421 49.56 0
    endloop
  endfacet
  facet normal 0 0 -1
    outer loop
      vertex -11.4722 50.85 0
      vertex -14.5731 53.0556 0
      vertex -14.2516 53.4892 0
    endloop
  endfacet
  facet normal 0 0 -1
    outer loop
      vertex -15.2632 48.4034 0
      vertex -11.6421 49.56 0
      vertex -15.0813 47.8952 0
    endloop
  endfacet
  facet normal 0 0 -1
    outer loop
      vertex -11.4722 50.85 0
      vertex -14.8506 52.5927 0
      vertex -14.5731 53.0556 0
    endloop
  endfacet
  facet normal 0 0 -1
    outer loop
      vertex -15.3943 48.927 0
      vertex -11.6421 49.56 0
      vertex -15.2632 48.4034 0
    endloop
  endfacet
  facet normal 0 0 -1
    outer loop
      vertex -11.4722 50.85 0
      vertex -15.0813 52.1048 0
      vertex -14.8506 52.5927 0
    endloop
  endfacet
  facet normal 0 0 -1
    outer loop
      vertex -15.4735 49.4609 0
      vertex -11.6421 49.56 0
      vertex -15.3943 48.927 0
    endloop
  endfacet
  facet normal 0 0 -1
    outer loop
      vertex -11.6421 50.44 0
      vertex -15.2632 51.5966 0
      vertex -15.0813 52.1048 0
    endloop
  endfacet
  facet normal -0 0 -1
    outer loop
      vertex -11.6421 49.56 0
      vertex -15.4735 49.4609 0
      vertex -11.7 50 0
    endloop
  endfacet
  facet normal 0 0 -1
    outer loop
      vertex -11.6421 50.44 0
      vertex -15.3943 51.073 0
      vertex -15.2632 51.5966 0
    endloop
  endfacet
  facet normal 0 0 -1
    outer loop
      vertex -15.5 50 0
      vertex -11.7 50 0
      vertex -15.4735 49.4609 0
    endloop
  endfacet
  facet normal 0 0 -1
    outer loop
      vertex -11.6421 50.44 0
      vertex -15.4735 50.5391 0
      vertex -15.3943 51.073 0
    endloop
  endfacet
  facet normal 0 0 -1
    outer loop
      vertex -11.7 50 0
      vertex -15.5 50 0
      vertex -15.4735 50.5391 0
    endloop
  endfacet
  facet normal -0.427465 -0.904032 0
    outer loop
      vertex -12.5927 45.1494 0
      vertex -12.1048 44.9187 1.6
      vertex -12.5927 45.1494 1.6
    endloop
  endfacet
  facet normal -0.427465 -0.904032 -0
    outer loop
      vertex -12.1048 44.9187 1.6
      vertex -12.5927 45.1494 0
      vertex -12.1048 44.9187 0
    endloop
  endfacet
  facet normal -0.242884 -0.970055 0
    outer loop
      vertex -11.5966 44.7368 0
      vertex -11.073 44.6057 1.6
      vertex -11.5966 44.7368 1.6
    endloop
  endfacet
  facet normal -0.242884 -0.970055 -0
    outer loop
      vertex -11.073 44.6057 1.6
      vertex -11.5966 44.7368 0
      vertex -11.073 44.6057 0
    endloop
  endfacet
  facet normal -0.998794 -0.0490967 0
    outer loop
      vertex -15.4735 49.4609 0
      vertex -15.5 50 1.6
      vertex -15.5 50 0
    endloop
  endfacet
  facet normal -0.998794 -0.0490967 0
    outer loop
      vertex -15.5 50 1.6
      vertex -15.4735 49.4609 0
      vertex -15.4735 49.4609 1.6
    endloop
  endfacet
  facet normal 0.595675 0.803226 -0
    outer loop
      vertex -6.51084 54.2516 0
      vertex -6.94436 54.5731 1.6
      vertex -6.51084 54.2516 1.6
    endloop
  endfacet
  facet normal 0.595675 0.803226 0
    outer loop
      vertex -6.94436 54.5731 1.6
      vertex -6.51084 54.2516 0
      vertex -6.94436 54.5731 0
    endloop
  endfacet
  facet normal 0.970033 -0.242972 0
    outer loop
      vertex -4.73683 48.4034 1.6
      vertex -4.60568 48.927 0
      vertex -4.60568 48.927 1.6
    endloop
  endfacet
  facet normal 0.970033 -0.242972 0
    outer loop
      vertex -4.60568 48.927 0
      vertex -4.73683 48.4034 1.6
      vertex -4.73683 48.4034 0
    endloop
  endfacet
  facet normal -0.336994 -0.941507 0
    outer loop
      vertex -12.1048 44.9187 0
      vertex -11.5966 44.7368 1.6
      vertex -12.1048 44.9187 1.6
    endloop
  endfacet
  facet normal -0.336994 -0.941507 -0
    outer loop
      vertex -11.5966 44.7368 1.6
      vertex -12.1048 44.9187 0
      vertex -11.5966 44.7368 0
    endloop
  endfacet
  facet normal 0.242897 0.970052 -0
    outer loop
      vertex -8.40343 55.2632 0
      vertex -8.927 55.3943 1.6
      vertex -8.40343 55.2632 1.6
    endloop
  endfacet
  facet normal 0.242897 0.970052 0
    outer loop
      vertex -8.927 55.3943 1.6
      vertex -8.40343 55.2632 0
      vertex -8.927 55.3943 0
    endloop
  endfacet
  facet normal -0.740903 0.671612 0
    outer loop
      vertex -14.2516 53.4892 0
      vertex -13.8891 53.8891 1.6
      vertex -13.8891 53.8891 0
    endloop
  endfacet
  facet normal -0.740903 0.671612 0
    outer loop
      vertex -13.8891 53.8891 1.6
      vertex -14.2516 53.4892 0
      vertex -14.2516 53.4892 1.6
    endloop
  endfacet
  facet normal 0.0490976 -0.998794 0
    outer loop
      vertex -10 44.5 0
      vertex -9.46091 44.5265 1.6
      vertex -10 44.5 1.6
    endloop
  endfacet
  facet normal 0.0490976 -0.998794 0
    outer loop
      vertex -9.46091 44.5265 1.6
      vertex -10 44.5 0
      vertex -9.46091 44.5265 0
    endloop
  endfacet
  facet normal 0.80326 0.595628 0
    outer loop
      vertex -5.42692 53.0556 1.6
      vertex -5.74844 53.4892 0
      vertex -5.74844 53.4892 1.6
    endloop
  endfacet
  facet normal 0.80326 0.595628 0
    outer loop
      vertex -5.74844 53.4892 0
      vertex -5.42692 53.0556 1.6
      vertex -5.42692 53.0556 0
    endloop
  endfacet
  facet normal -0.970055 -0.242884 0
    outer loop
      vertex -15.2632 48.4034 0
      vertex -15.3943 48.927 1.6
      vertex -15.3943 48.927 0
    endloop
  endfacet
  facet normal -0.970055 -0.242884 0
    outer loop
      vertex -15.3943 48.927 1.6
      vertex -15.2632 48.4034 0
      vertex -15.2632 48.4034 1.6
    endloop
  endfacet
  facet normal -0.904032 -0.427465 0
    outer loop
      vertex -14.8506 47.4073 0
      vertex -15.0813 47.8952 1.6
      vertex -15.0813 47.8952 0
    endloop
  endfacet
  facet normal -0.904032 -0.427465 0
    outer loop
      vertex -15.0813 47.8952 1.6
      vertex -14.8506 47.4073 0
      vertex -14.8506 47.4073 1.6
    endloop
  endfacet
  facet normal 0.0490976 0.998794 -0
    outer loop
      vertex -9.46091 55.4735 0
      vertex -10 55.5 1.6
      vertex -9.46091 55.4735 1.6
    endloop
  endfacet
  facet normal 0.0490976 0.998794 0
    outer loop
      vertex -10 55.5 1.6
      vertex -9.46091 55.4735 0
      vertex -10 55.5 0
    endloop
  endfacet
  facet normal 0.989176 -0.146737 0
    outer loop
      vertex -4.60568 48.927 1.6
      vertex -4.52648 49.4609 0
      vertex -4.52648 49.4609 1.6
    endloop
  endfacet
  facet normal 0.989176 -0.146737 0
    outer loop
      vertex -4.52648 49.4609 0
      vertex -4.60568 48.927 1.6
      vertex -4.60568 48.927 0
    endloop
  endfacet
  facet normal 0.51412 -0.857718 0
    outer loop
      vertex -7.40732 45.1494 0
      vertex -6.94436 45.4269 1.6
      vertex -7.40732 45.1494 1.6
    endloop
  endfacet
  facet normal 0.51412 -0.857718 0
    outer loop
      vertex -6.94436 45.4269 1.6
      vertex -7.40732 45.1494 0
      vertex -6.94436 45.4269 0
    endloop
  endfacet
  facet normal 0.903982 -0.427571 0
    outer loop
      vertex -5.14943 47.4073 1.6
      vertex -4.91866 47.8952 0
      vertex -4.91866 47.8952 1.6
    endloop
  endfacet
  facet normal 0.903982 -0.427571 0
    outer loop
      vertex -4.91866 47.8952 0
      vertex -5.14943 47.4073 1.6
      vertex -5.14943 47.4073 0
    endloop
  endfacet
  facet normal 0.336999 0.941505 -0
    outer loop
      vertex -7.89524 55.0813 0
      vertex -8.40343 55.2632 1.6
      vertex -7.89524 55.0813 1.6
    endloop
  endfacet
  facet normal 0.336999 0.941505 0
    outer loop
      vertex -8.40343 55.2632 1.6
      vertex -7.89524 55.0813 0
      vertex -8.40343 55.2632 0
    endloop
  endfacet
  facet normal 0.740931 0.671581 0
    outer loop
      vertex -5.74844 53.4892 1.6
      vertex -6.11091 53.8891 0
      vertex -6.11091 53.8891 1.6
    endloop
  endfacet
  facet normal 0.740931 0.671581 0
    outer loop
      vertex -6.11091 53.8891 0
      vertex -5.74844 53.4892 1.6
      vertex -5.74844 53.4892 0
    endloop
  endfacet
  facet normal 0.998796 -0.0490598 0
    outer loop
      vertex -4.52648 49.4609 1.6
      vertex -4.5 50 0
      vertex -4.5 50 1.6
    endloop
  endfacet
  facet normal 0.998796 -0.0490598 0
    outer loop
      vertex -4.5 50 0
      vertex -4.52648 49.4609 1.6
      vertex -4.52648 49.4609 0
    endloop
  endfacet
  facet normal -0.941507 -0.336994 0
    outer loop
      vertex -15.0813 47.8952 0
      vertex -15.2632 48.4034 1.6
      vertex -15.2632 48.4034 0
    endloop
  endfacet
  facet normal -0.941507 -0.336994 0
    outer loop
      vertex -15.2632 48.4034 1.6
      vertex -15.0813 47.8952 0
      vertex -15.0813 47.8952 1.6
    endloop
  endfacet
  facet normal -0.941507 0.336994 0
    outer loop
      vertex -15.2632 51.5966 0
      vertex -15.0813 52.1048 1.6
      vertex -15.0813 52.1048 0
    endloop
  endfacet
  facet normal -0.941507 0.336994 0
    outer loop
      vertex -15.0813 52.1048 1.6
      vertex -15.2632 51.5966 0
      vertex -15.2632 51.5966 1.6
    endloop
  endfacet
  facet normal -0.857689 -0.514169 0
    outer loop
      vertex -14.5731 46.9444 0
      vertex -14.8506 47.4073 1.6
      vertex -14.8506 47.4073 0
    endloop
  endfacet
  facet normal -0.857689 -0.514169 0
    outer loop
      vertex -14.8506 47.4073 1.6
      vertex -14.5731 46.9444 0
      vertex -14.5731 46.9444 1.6
    endloop
  endfacet
  facet normal 0.242897 -0.970052 0
    outer loop
      vertex -8.927 44.6057 0
      vertex -8.40343 44.7368 1.6
      vertex -8.927 44.6057 1.6
    endloop
  endfacet
  facet normal 0.242897 -0.970052 0
    outer loop
      vertex -8.40343 44.7368 1.6
      vertex -8.927 44.6057 0
      vertex -8.40343 44.7368 0
    endloop
  endfacet
  facet normal 0.146734 -0.989176 0
    outer loop
      vertex -9.46091 44.5265 0
      vertex -8.927 44.6057 1.6
      vertex -9.46091 44.5265 1.6
    endloop
  endfacet
  facet normal 0.146734 -0.989176 0
    outer loop
      vertex -8.927 44.6057 1.6
      vertex -9.46091 44.5265 0
      vertex -8.927 44.6057 0
    endloop
  endfacet
  facet normal 0.941548 0.336879 0
    outer loop
      vertex -4.73683 51.5966 1.6
      vertex -4.91866 52.1048 0
      vertex -4.91866 52.1048 1.6
    endloop
  endfacet
  facet normal 0.941548 0.336879 0
    outer loop
      vertex -4.91866 52.1048 0
      vertex -4.73683 51.5966 1.6
      vertex -4.73683 51.5966 0
    endloop
  endfacet
  facet normal -0.998794 0.0490967 0
    outer loop
      vertex -15.5 50 0
      vertex -15.4735 50.5391 1.6
      vertex -15.4735 50.5391 0
    endloop
  endfacet
  facet normal -0.998794 0.0490967 0
    outer loop
      vertex -15.4735 50.5391 1.6
      vertex -15.5 50 0
      vertex -15.5 50 1.6
    endloop
  endfacet
  facet normal 0.80326 -0.595628 0
    outer loop
      vertex -5.74844 46.5108 1.6
      vertex -5.42692 46.9444 0
      vertex -5.42692 46.9444 1.6
    endloop
  endfacet
  facet normal 0.80326 -0.595628 0
    outer loop
      vertex -5.42692 46.9444 0
      vertex -5.74844 46.5108 1.6
      vertex -5.74844 46.5108 0
    endloop
  endfacet
  facet normal 0.857697 -0.514155 0
    outer loop
      vertex -5.42692 46.9444 1.6
      vertex -5.14943 47.4073 0
      vertex -5.14943 47.4073 1.6
    endloop
  endfacet
  facet normal 0.857697 -0.514155 0
    outer loop
      vertex -5.14943 47.4073 0
      vertex -5.42692 46.9444 1.6
      vertex -5.42692 46.9444 0
    endloop
  endfacet
  facet normal -0.242884 0.970055 0
    outer loop
      vertex -11.073 55.3943 0
      vertex -11.5966 55.2632 1.6
      vertex -11.073 55.3943 1.6
    endloop
  endfacet
  facet normal -0.242884 0.970055 0
    outer loop
      vertex -11.5966 55.2632 1.6
      vertex -11.073 55.3943 0
      vertex -11.5966 55.2632 0
    endloop
  endfacet
  facet normal 0.941548 -0.336879 0
    outer loop
      vertex -4.91866 47.8952 1.6
      vertex -4.73683 48.4034 0
      vertex -4.73683 48.4034 1.6
    endloop
  endfacet
  facet normal 0.941548 -0.336879 0
    outer loop
      vertex -4.73683 48.4034 0
      vertex -4.91866 47.8952 1.6
      vertex -4.91866 47.8952 0
    endloop
  endfacet
  facet normal 0.903982 0.427571 0
    outer loop
      vertex -4.91866 52.1048 1.6
      vertex -5.14943 52.5927 0
      vertex -5.14943 52.5927 1.6
    endloop
  endfacet
  facet normal 0.903982 0.427571 0
    outer loop
      vertex -5.14943 52.5927 0
      vertex -4.91866 52.1048 1.6
      vertex -4.91866 52.1048 0
    endloop
  endfacet
  facet normal -0.146737 -0.989176 0
    outer loop
      vertex -11.073 44.6057 0
      vertex -10.5391 44.5265 1.6
      vertex -11.073 44.6057 1.6
    endloop
  endfacet
  facet normal -0.146737 -0.989176 -0
    outer loop
      vertex -10.5391 44.5265 1.6
      vertex -11.073 44.6057 0
      vertex -10.5391 44.5265 0
    endloop
  endfacet
  facet normal 0.857697 0.514155 0
    outer loop
      vertex -5.14943 52.5927 1.6
      vertex -5.42692 53.0556 0
      vertex -5.42692 53.0556 1.6
    endloop
  endfacet
  facet normal 0.857697 0.514155 0
    outer loop
      vertex -5.42692 53.0556 0
      vertex -5.14943 52.5927 1.6
      vertex -5.14943 52.5927 0
    endloop
  endfacet
  facet normal -0.336994 0.941507 0
    outer loop
      vertex -11.5966 55.2632 0
      vertex -12.1048 55.0813 1.6
      vertex -11.5966 55.2632 1.6
    endloop
  endfacet
  facet normal -0.336994 0.941507 0
    outer loop
      vertex -12.1048 55.0813 1.6
      vertex -11.5966 55.2632 0
      vertex -12.1048 55.0813 0
    endloop
  endfacet
  facet normal -0.740903 -0.671612 0
    outer loop
      vertex -13.8891 46.1109 0
      vertex -14.2516 46.5108 1.6
      vertex -14.2516 46.5108 0
    endloop
  endfacet
  facet normal -0.740903 -0.671612 0
    outer loop
      vertex -14.2516 46.5108 1.6
      vertex -13.8891 46.1109 0
      vertex -13.8891 46.1109 1.6
    endloop
  endfacet
  facet normal -0.671612 0.740903 0
    outer loop
      vertex -13.4892 54.2516 0
      vertex -13.8891 53.8891 1.6
      vertex -13.4892 54.2516 1.6
    endloop
  endfacet
  facet normal -0.671612 0.740903 0
    outer loop
      vertex -13.8891 53.8891 1.6
      vertex -13.4892 54.2516 0
      vertex -13.8891 53.8891 0
    endloop
  endfacet
  facet normal -0.904032 0.427465 0
    outer loop
      vertex -15.0813 52.1048 0
      vertex -14.8506 52.5927 1.6
      vertex -14.8506 52.5927 0
    endloop
  endfacet
  facet normal -0.904032 0.427465 0
    outer loop
      vertex -14.8506 52.5927 1.6
      vertex -15.0813 52.1048 0
      vertex -15.0813 52.1048 1.6
    endloop
  endfacet
  facet normal -0.514169 -0.857689 0
    outer loop
      vertex -13.0556 45.4269 0
      vertex -12.5927 45.1494 1.6
      vertex -13.0556 45.4269 1.6
    endloop
  endfacet
  facet normal -0.514169 -0.857689 -0
    outer loop
      vertex -12.5927 45.1494 1.6
      vertex -13.0556 45.4269 0
      vertex -12.5927 45.1494 0
    endloop
  endfacet
  facet normal 0.671584 -0.740928 0
    outer loop
      vertex -6.51084 45.7484 0
      vertex -6.11091 46.1109 1.6
      vertex -6.51084 45.7484 1.6
    endloop
  endfacet
  facet normal 0.671584 -0.740928 0
    outer loop
      vertex -6.11091 46.1109 1.6
      vertex -6.51084 45.7484 0
      vertex -6.11091 46.1109 0
    endloop
  endfacet
  facet normal -0.803278 -0.595604 0
    outer loop
      vertex -14.2516 46.5108 0
      vertex -14.5731 46.9444 1.6
      vertex -14.5731 46.9444 0
    endloop
  endfacet
  facet normal -0.803278 -0.595604 0
    outer loop
      vertex -14.5731 46.9444 1.6
      vertex -14.2516 46.5108 0
      vertex -14.2516 46.5108 1.6
    endloop
  endfacet
  facet normal -0.989176 -0.146737 0
    outer loop
      vertex -15.3943 48.927 0
      vertex -15.4735 49.4609 1.6
      vertex -15.4735 49.4609 0
    endloop
  endfacet
  facet normal -0.989176 -0.146737 0
    outer loop
      vertex -15.4735 49.4609 1.6
      vertex -15.3943 48.927 0
      vertex -15.3943 48.927 1.6
    endloop
  endfacet
  facet normal 0.595675 -0.803226 0
    outer loop
      vertex -6.94436 45.4269 0
      vertex -6.51084 45.7484 1.6
      vertex -6.94436 45.4269 1.6
    endloop
  endfacet
  facet normal 0.595675 -0.803226 0
    outer loop
      vertex -6.51084 45.7484 1.6
      vertex -6.94436 45.4269 0
      vertex -6.51084 45.7484 0
    endloop
  endfacet
  facet normal -0.671612 -0.740903 0
    outer loop
      vertex -13.8891 46.1109 0
      vertex -13.4892 45.7484 1.6
      vertex -13.8891 46.1109 1.6
    endloop
  endfacet
  facet normal -0.671612 -0.740903 -0
    outer loop
      vertex -13.4892 45.7484 1.6
      vertex -13.8891 46.1109 0
      vertex -13.4892 45.7484 0
    endloop
  endfacet
  facet normal -0.803278 0.595604 0
    outer loop
      vertex -14.5731 53.0556 0
      vertex -14.2516 53.4892 1.6
      vertex -14.2516 53.4892 0
    endloop
  endfacet
  facet normal -0.803278 0.595604 0
    outer loop
      vertex -14.2516 53.4892 1.6
      vertex -14.5731 53.0556 0
      vertex -14.5731 53.0556 1.6
    endloop
  endfacet
  facet normal -0.0490967 -0.998794 0
    outer loop
      vertex -10.5391 44.5265 0
      vertex -10 44.5 1.6
      vertex -10.5391 44.5265 1.6
    endloop
  endfacet
  facet normal -0.0490967 -0.998794 -0
    outer loop
      vertex -10 44.5 1.6
      vertex -10.5391 44.5265 0
      vertex -10 44.5 0
    endloop
  endfacet
  facet normal -0.989176 0.146737 0
    outer loop
      vertex -15.4735 50.5391 0
      vertex -15.3943 51.073 1.6
      vertex -15.3943 51.073 0
    endloop
  endfacet
  facet normal -0.989176 0.146737 0
    outer loop
      vertex -15.3943 51.073 1.6
      vertex -15.4735 50.5391 0
      vertex -15.4735 50.5391 1.6
    endloop
  endfacet
  facet normal 0.740931 -0.671581 0
    outer loop
      vertex -6.11091 46.1109 1.6
      vertex -5.74844 46.5108 0
      vertex -5.74844 46.5108 1.6
    endloop
  endfacet
  facet normal 0.740931 -0.671581 0
    outer loop
      vertex -5.74844 46.5108 0
      vertex -6.11091 46.1109 1.6
      vertex -6.11091 46.1109 0
    endloop
  endfacet
  facet normal -0.857689 0.514169 0
    outer loop
      vertex -14.8506 52.5927 0
      vertex -14.5731 53.0556 1.6
      vertex -14.5731 53.0556 0
    endloop
  endfacet
  facet normal -0.857689 0.514169 0
    outer loop
      vertex -14.5731 53.0556 1.6
      vertex -14.8506 52.5927 0
      vertex -14.8506 52.5927 1.6
    endloop
  endfacet
  facet normal 0.989171 0.146766 0
    outer loop
      vertex -6.2183 50.3725 8.3
      vertex -6.27302 50.7413 1.6
      vertex -6.27302 50.7413 8.3
    endloop
  endfacet
  facet normal 0.989171 0.146766 0
    outer loop
      vertex -6.27302 50.7413 1.6
      vertex -6.2183 50.3725 8.3
      vertex -6.2183 50.3725 1.6
    endloop
  endfacet
  facet normal 0.998795 0.0490683 0
    outer loop
      vertex -6.2 50 8.3
      vertex -6.2183 50.3725 1.6
      vertex -6.2183 50.3725 8.3
    endloop
  endfacet
  facet normal 0.998795 0.0490683 0
    outer loop
      vertex -6.2183 50.3725 1.6
      vertex -6.2 50 8.3
      vertex -6.2 50 1.6
    endloop
  endfacet
  facet normal 0.970041 0.242939 0
    outer loop
      vertex -6.27302 50.7413 8.3
      vertex -6.36363 51.1031 1.6
      vertex -6.36363 51.1031 8.3
    endloop
  endfacet
  facet normal 0.970041 0.242939 0
    outer loop
      vertex -6.36363 51.1031 1.6
      vertex -6.27302 50.7413 8.3
      vertex -6.27302 50.7413 1.6
    endloop
  endfacet
  facet normal 0.33705 -0.941487 0
    outer loop
      vertex -8.89692 46.3636 1.6
      vertex -8.5458 46.4893 8.3
      vertex -8.89692 46.3636 8.3
    endloop
  endfacet
  facet normal 0.33705 -0.941487 0
    outer loop
      vertex -8.5458 46.4893 8.3
      vertex -8.89692 46.3636 1.6
      vertex -8.5458 46.4893 1.6
    endloop
  endfacet
  facet normal 0.427465 0.904032 -0
    outer loop
      vertex -8.20869 53.3513 1.6
      vertex -8.5458 53.5107 8.3
      vertex -8.20869 53.3513 8.3
    endloop
  endfacet
  facet normal 0.427465 0.904032 0
    outer loop
      vertex -8.5458 53.5107 8.3
      vertex -8.20869 53.3513 1.6
      vertex -8.5458 53.5107 1.6
    endloop
  endfacet
  facet normal 0.998795 -0.0490683 0
    outer loop
      vertex -6.2183 49.6275 8.3
      vertex -6.2 50 1.6
      vertex -6.2 50 8.3
    endloop
  endfacet
  facet normal 0.998795 -0.0490683 0
    outer loop
      vertex -6.2 50 1.6
      vertex -6.2183 49.6275 8.3
      vertex -6.2183 49.6275 1.6
    endloop
  endfacet
  facet normal 0.989171 -0.146766 0
    outer loop
      vertex -6.27302 49.2587 8.3
      vertex -6.2183 49.6275 1.6
      vertex -6.2183 49.6275 8.3
    endloop
  endfacet
  facet normal 0.989171 -0.146766 0
    outer loop
      vertex -6.2183 49.6275 1.6
      vertex -6.27302 49.2587 8.3
      vertex -6.27302 49.2587 1.6
    endloop
  endfacet
  facet normal 0.595805 0.803129 -0
    outer loop
      vertex -7.58931 52.9374 1.6
      vertex -7.88883 53.1596 8.3
      vertex -7.58931 52.9374 8.3
    endloop
  endfacet
  facet normal 0.595805 0.803129 0
    outer loop
      vertex -7.88883 53.1596 8.3
      vertex -7.58931 52.9374 1.6
      vertex -7.88883 53.1596 1.6
    endloop
  endfacet
  facet normal 0.427465 -0.904032 0
    outer loop
      vertex -8.5458 46.4893 1.6
      vertex -8.20869 46.6487 8.3
      vertex -8.5458 46.4893 8.3
    endloop
  endfacet
  facet normal 0.427465 -0.904032 0
    outer loop
      vertex -8.20869 46.6487 8.3
      vertex -8.5458 46.4893 1.6
      vertex -8.20869 46.6487 1.6
    endloop
  endfacet
  facet normal 0.903986 -0.427563 0
    outer loop
      vertex -6.6487 48.2087 8.3
      vertex -6.48926 48.5458 1.6
      vertex -6.48926 48.5458 8.3
    endloop
  endfacet
  facet normal 0.903986 -0.427563 0
    outer loop
      vertex -6.48926 48.5458 1.6
      vertex -6.6487 48.2087 8.3
      vertex -6.6487 48.2087 1.6
    endloop
  endfacet
  facet normal -0.514022 0.857777 0
    outer loop
      vertex -11.7913 53.3513 1.6
      vertex -12.1112 53.1596 8.3
      vertex -11.7913 53.3513 8.3
    endloop
  endfacet
  facet normal -0.514022 0.857777 0
    outer loop
      vertex -12.1112 53.1596 8.3
      vertex -11.7913 53.3513 1.6
      vertex -12.1112 53.1596 1.6
    endloop
  endfacet
  facet normal 0.903986 0.427563 0
    outer loop
      vertex -6.48926 51.4542 8.3
      vertex -6.6487 51.7913 1.6
      vertex -6.6487 51.7913 8.3
    endloop
  endfacet
  facet normal 0.903986 0.427563 0
    outer loop
      vertex -6.6487 51.7913 1.6
      vertex -6.48926 51.4542 8.3
      vertex -6.48926 51.4542 1.6
    endloop
  endfacet
  facet normal -0.904027 -0.427475 0
    outer loop
      vertex -13.3513 48.2087 1.6
      vertex -13.5107 48.5458 8.3
      vertex -13.5107 48.5458 1.6
    endloop
  endfacet
  facet normal -0.904027 -0.427475 0
    outer loop
      vertex -13.5107 48.5458 8.3
      vertex -13.3513 48.2087 1.6
      vertex -13.3513 48.2087 8.3
    endloop
  endfacet
  facet normal -0.242914 0.970048 0
    outer loop
      vertex -10.7413 53.727 1.6
      vertex -11.1031 53.6364 8.3
      vertex -10.7413 53.727 8.3
    endloop
  endfacet
  facet normal -0.242914 0.970048 0
    outer loop
      vertex -11.1031 53.6364 8.3
      vertex -10.7413 53.727 1.6
      vertex -11.1031 53.6364 1.6
    endloop
  endfacet
  facet normal 0.51407 0.857748 -0
    outer loop
      vertex -7.88883 53.1596 1.6
      vertex -8.20869 53.3513 8.3
      vertex -7.88883 53.1596 8.3
    endloop
  endfacet
  facet normal 0.51407 0.857748 0
    outer loop
      vertex -8.20869 53.3513 8.3
      vertex -7.88883 53.1596 1.6
      vertex -8.20869 53.3513 1.6
    endloop
  endfacet
  facet normal -0.59583 -0.80311 0
    outer loop
      vertex -12.4107 47.0626 1.6
      vertex -12.1112 46.8404 8.3
      vertex -12.4107 47.0626 8.3
    endloop
  endfacet
  facet normal -0.59583 -0.80311 -0
    outer loop
      vertex -12.1112 46.8404 8.3
      vertex -12.4107 47.0626 1.6
      vertex -12.1112 46.8404 1.6
    endloop
  endfacet
  facet normal -0.427475 0.904027 0
    outer loop
      vertex -11.4542 53.5107 1.6
      vertex -11.7913 53.3513 8.3
      vertex -11.4542 53.5107 8.3
    endloop
  endfacet
  facet normal -0.427475 0.904027 0
    outer loop
      vertex -11.7913 53.3513 8.3
      vertex -11.4542 53.5107 1.6
      vertex -11.7913 53.3513 1.6
    endloop
  endfacet
  facet normal 0.595805 -0.803129 0
    outer loop
      vertex -7.88883 46.8404 1.6
      vertex -7.58931 47.0626 8.3
      vertex -7.88883 46.8404 8.3
    endloop
  endfacet
  facet normal 0.595805 -0.803129 0
    outer loop
      vertex -7.58931 47.0626 8.3
      vertex -7.88883 46.8404 1.6
      vertex -7.58931 47.0626 1.6
    endloop
  endfacet
  facet normal 0.803187 0.595726 0
    outer loop
      vertex -6.84042 52.1112 8.3
      vertex -7.06256 52.4107 1.6
      vertex -7.06256 52.4107 8.3
    endloop
  endfacet
  facet normal 0.803187 0.595726 0
    outer loop
      vertex -7.06256 52.4107 1.6
      vertex -6.84042 52.1112 8.3
      vertex -6.84042 52.1112 1.6
    endloop
  endfacet
  facet normal 0.146683 -0.989184 0
    outer loop
      vertex -9.62754 46.2183 1.6
      vertex -9.25866 46.273 8.3
      vertex -9.62754 46.2183 8.3
    endloop
  endfacet
  facet normal 0.146683 -0.989184 0
    outer loop
      vertex -9.25866 46.273 8.3
      vertex -9.62754 46.2183 1.6
      vertex -9.25866 46.273 1.6
    endloop
  endfacet
  facet normal -0.941481 -0.337067 0
    outer loop
      vertex -13.5107 48.5458 1.6
      vertex -13.6364 48.8969 8.3
      vertex -13.6364 48.8969 1.6
    endloop
  endfacet
  facet normal -0.941481 -0.337067 0
    outer loop
      vertex -13.6364 48.8969 8.3
      vertex -13.5107 48.5458 1.6
      vertex -13.5107 48.5458 8.3
    endloop
  endfacet
  facet normal -0.989179 0.146714 0
    outer loop
      vertex -13.7817 50.3725 1.6
      vertex -13.727 50.7413 8.3
      vertex -13.727 50.7413 1.6
    endloop
  endfacet
  facet normal -0.989179 0.146714 0
    outer loop
      vertex -13.727 50.7413 8.3
      vertex -13.7817 50.3725 1.6
      vertex -13.7817 50.3725 8.3
    endloop
  endfacet
  facet normal -0.59583 0.80311 0
    outer loop
      vertex -12.1112 53.1596 1.6
      vertex -12.4107 52.9374 8.3
      vertex -12.1112 53.1596 8.3
    endloop
  endfacet
  facet normal -0.59583 0.80311 0
    outer loop
      vertex -12.4107 52.9374 8.3
      vertex -12.1112 53.1596 1.6
      vertex -12.4107 52.9374 1.6
    endloop
  endfacet
  facet normal -0.427475 -0.904027 0
    outer loop
      vertex -11.7913 46.6487 1.6
      vertex -11.4542 46.4893 8.3
      vertex -11.7913 46.6487 8.3
    endloop
  endfacet
  facet normal -0.427475 -0.904027 -0
    outer loop
      vertex -11.4542 46.4893 8.3
      vertex -11.7913 46.6487 1.6
      vertex -11.4542 46.4893 1.6
    endloop
  endfacet
  facet normal -0.970048 -0.242914 0
    outer loop
      vertex -13.6364 48.8969 1.6
      vertex -13.727 49.2587 8.3
      vertex -13.727 49.2587 1.6
    endloop
  endfacet
  facet normal -0.970048 -0.242914 0
    outer loop
      vertex -13.727 49.2587 8.3
      vertex -13.6364 48.8969 1.6
      vertex -13.6364 48.8969 8.3
    endloop
  endfacet
  facet normal -0.998795 -0.0490683 0
    outer loop
      vertex -13.7817 49.6275 1.6
      vertex -13.8 50 8.3
      vertex -13.8 50 1.6
    endloop
  endfacet
  facet normal -0.998795 -0.0490683 0
    outer loop
      vertex -13.8 50 8.3
      vertex -13.7817 49.6275 1.6
      vertex -13.7817 49.6275 8.3
    endloop
  endfacet
  facet normal 0.970041 -0.242939 0
    outer loop
      vertex -6.36363 48.8969 8.3
      vertex -6.27302 49.2587 1.6
      vertex -6.27302 49.2587 8.3
    endloop
  endfacet
  facet normal 0.970041 -0.242939 0
    outer loop
      vertex -6.27302 49.2587 1.6
      vertex -6.36363 48.8969 8.3
      vertex -6.36363 48.8969 1.6
    endloop
  endfacet
  facet normal 0.94154 -0.3369 0
    outer loop
      vertex -6.48926 48.5458 8.3
      vertex -6.36363 48.8969 1.6
      vertex -6.36363 48.8969 8.3
    endloop
  endfacet
  facet normal 0.94154 -0.3369 0
    outer loop
      vertex -6.36363 48.8969 1.6
      vertex -6.48926 48.5458 8.3
      vertex -6.48926 48.5458 1.6
    endloop
  endfacet
  facet normal 0.94154 0.3369 0
    outer loop
      vertex -6.36363 51.1031 8.3
      vertex -6.48926 51.4542 1.6
      vertex -6.48926 51.4542 8.3
    endloop
  endfacet
  facet normal 0.94154 0.3369 0
    outer loop
      vertex -6.48926 51.4542 1.6
      vertex -6.36363 51.1031 8.3
      vertex -6.36363 51.1031 1.6
    endloop
  endfacet
  facet normal 0.242952 0.970038 -0
    outer loop
      vertex -8.89692 53.6364 1.6
      vertex -9.25866 53.727 8.3
      vertex -8.89692 53.6364 8.3
    endloop
  endfacet
  facet normal 0.242952 0.970038 0
    outer loop
      vertex -9.25866 53.727 8.3
      vertex -8.89692 53.6364 1.6
      vertex -9.25866 53.727 1.6
    endloop
  endfacet
  facet normal -0.0490683 0.998795 0
    outer loop
      vertex -10 53.8 1.6
      vertex -10.3725 53.7817 8.3
      vertex -10 53.8 8.3
    endloop
  endfacet
  facet normal -0.0490683 0.998795 0
    outer loop
      vertex -10.3725 53.7817 8.3
      vertex -10 53.8 1.6
      vertex -10.3725 53.7817 1.6
    endloop
  endfacet
  facet normal 0.0490736 0.998795 -0
    outer loop
      vertex -9.62754 53.7817 1.6
      vertex -10 53.8 8.3
      vertex -9.62754 53.7817 8.3
    endloop
  endfacet
  facet normal 0.0490736 0.998795 0
    outer loop
      vertex -10 53.8 8.3
      vertex -9.62754 53.7817 1.6
      vertex -10 53.8 1.6
    endloop
  endfacet
  facet normal -0.941481 0.337067 0
    outer loop
      vertex -13.6364 51.1031 1.6
      vertex -13.5107 51.4542 8.3
      vertex -13.5107 51.4542 1.6
    endloop
  endfacet
  facet normal -0.941481 0.337067 0
    outer loop
      vertex -13.5107 51.4542 8.3
      vertex -13.6364 51.1031 1.6
      vertex -13.6364 51.1031 8.3
    endloop
  endfacet
  facet normal -0.740983 0.671524 0
    outer loop
      vertex -12.9374 52.4107 1.6
      vertex -12.687 52.687 8.3
      vertex -12.687 52.687 1.6
    endloop
  endfacet
  facet normal -0.740983 0.671524 0
    outer loop
      vertex -12.687 52.687 8.3
      vertex -12.9374 52.4107 1.6
      vertex -12.9374 52.4107 8.3
    endloop
  endfacet
  facet normal -0.904027 0.427475 0
    outer loop
      vertex -13.5107 51.4542 1.6
      vertex -13.3513 51.7913 8.3
      vertex -13.3513 51.7913 1.6
    endloop
  endfacet
  facet normal -0.904027 0.427475 0
    outer loop
      vertex -13.3513 51.7913 8.3
      vertex -13.5107 51.4542 1.6
      vertex -13.5107 51.4542 8.3
    endloop
  endfacet
  facet normal -0.146714 0.989179 0
    outer loop
      vertex -10.3725 53.7817 1.6
      vertex -10.7413 53.727 8.3
      vertex -10.3725 53.7817 8.3
    endloop
  endfacet
  facet normal -0.146714 0.989179 0
    outer loop
      vertex -10.7413 53.727 8.3
      vertex -10.3725 53.7817 1.6
      vertex -10.7413 53.727 1.6
    endloop
  endfacet
  facet normal 0.0490736 -0.998795 0
    outer loop
      vertex -10 46.2 1.6
      vertex -9.62754 46.2183 8.3
      vertex -10 46.2 8.3
    endloop
  endfacet
  facet normal 0.0490736 -0.998795 0
    outer loop
      vertex -9.62754 46.2183 8.3
      vertex -10 46.2 1.6
      vertex -9.62754 46.2183 1.6
    endloop
  endfacet
  facet normal 0.242952 -0.970038 0
    outer loop
      vertex -9.25866 46.273 1.6
      vertex -8.89692 46.3636 8.3
      vertex -9.25866 46.273 8.3
    endloop
  endfacet
  facet normal 0.242952 -0.970038 0
    outer loop
      vertex -8.89692 46.3636 8.3
      vertex -9.25866 46.273 1.6
      vertex -8.89692 46.3636 1.6
    endloop
  endfacet
  facet normal 0.803187 -0.595726 0
    outer loop
      vertex -7.06256 47.5893 8.3
      vertex -6.84042 47.8888 1.6
      vertex -6.84042 47.8888 8.3
    endloop
  endfacet
  facet normal 0.803187 -0.595726 0
    outer loop
      vertex -6.84042 47.8888 1.6
      vertex -7.06256 47.5893 8.3
      vertex -7.06256 47.5893 1.6
    endloop
  endfacet
  facet normal 0.51407 -0.857748 0
    outer loop
      vertex -8.20869 46.6487 1.6
      vertex -7.88883 46.8404 8.3
      vertex -8.20869 46.6487 8.3
    endloop
  endfacet
  facet normal 0.51407 -0.857748 0
    outer loop
      vertex -7.88883 46.8404 8.3
      vertex -8.20869 46.6487 1.6
      vertex -7.88883 46.8404 1.6
    endloop
  endfacet
  facet normal 0.857753 -0.514062 0
    outer loop
      vertex -6.84042 47.8888 8.3
      vertex -6.6487 48.2087 1.6
      vertex -6.6487 48.2087 8.3
    endloop
  endfacet
  facet normal 0.857753 -0.514062 0
    outer loop
      vertex -6.6487 48.2087 1.6
      vertex -6.84042 47.8888 8.3
      vertex -6.84042 47.8888 1.6
    endloop
  endfacet
  facet normal -0.146714 -0.989179 0
    outer loop
      vertex -10.7413 46.273 1.6
      vertex -10.3725 46.2183 8.3
      vertex -10.7413 46.273 8.3
    endloop
  endfacet
  facet normal -0.146714 -0.989179 -0
    outer loop
      vertex -10.3725 46.2183 8.3
      vertex -10.7413 46.273 1.6
      vertex -10.3725 46.2183 1.6
    endloop
  endfacet
  facet normal -0.857777 -0.514022 0
    outer loop
      vertex -13.1596 47.8888 1.6
      vertex -13.3513 48.2087 8.3
      vertex -13.3513 48.2087 1.6
    endloop
  endfacet
  facet normal -0.857777 -0.514022 0
    outer loop
      vertex -13.3513 48.2087 8.3
      vertex -13.1596 47.8888 1.6
      vertex -13.1596 47.8888 8.3
    endloop
  endfacet
  facet normal 0.857753 0.514062 0
    outer loop
      vertex -6.6487 51.7913 8.3
      vertex -6.84042 52.1112 1.6
      vertex -6.84042 52.1112 8.3
    endloop
  endfacet
  facet normal 0.857753 0.514062 0
    outer loop
      vertex -6.84042 52.1112 1.6
      vertex -6.6487 51.7913 8.3
      vertex -6.6487 51.7913 1.6
    endloop
  endfacet
  facet normal 0.671497 0.741007 -0
    outer loop
      vertex -7.31299 52.687 1.6
      vertex -7.58931 52.9374 8.3
      vertex -7.31299 52.687 8.3
    endloop
  endfacet
  facet normal 0.671497 0.741007 0
    outer loop
      vertex -7.58931 52.9374 8.3
      vertex -7.31299 52.687 1.6
      vertex -7.58931 52.9374 1.6
    endloop
  endfacet
  facet normal -0.337067 0.941481 0
    outer loop
      vertex -11.1031 53.6364 1.6
      vertex -11.4542 53.5107 8.3
      vertex -11.1031 53.6364 8.3
    endloop
  endfacet
  facet normal -0.337067 0.941481 0
    outer loop
      vertex -11.4542 53.5107 8.3
      vertex -11.1031 53.6364 1.6
      vertex -11.4542 53.5107 1.6
    endloop
  endfacet
  facet normal -0.740983 -0.671524 0
    outer loop
      vertex -12.687 47.313 1.6
      vertex -12.9374 47.5893 8.3
      vertex -12.9374 47.5893 1.6
    endloop
  endfacet
  facet normal -0.740983 -0.671524 0
    outer loop
      vertex -12.9374 47.5893 8.3
      vertex -12.687 47.313 1.6
      vertex -12.687 47.313 8.3
    endloop
  endfacet
  facet normal -0.671524 0.740983 0
    outer loop
      vertex -12.4107 52.9374 1.6
      vertex -12.687 52.687 8.3
      vertex -12.4107 52.9374 8.3
    endloop
  endfacet
  facet normal -0.671524 0.740983 0
    outer loop
      vertex -12.687 52.687 8.3
      vertex -12.4107 52.9374 1.6
      vertex -12.687 52.687 1.6
    endloop
  endfacet
  facet normal -0.514022 -0.857777 0
    outer loop
      vertex -12.1112 46.8404 1.6
      vertex -11.7913 46.6487 8.3
      vertex -12.1112 46.8404 8.3
    endloop
  endfacet
  facet normal -0.514022 -0.857777 -0
    outer loop
      vertex -11.7913 46.6487 8.3
      vertex -12.1112 46.8404 1.6
      vertex -11.7913 46.6487 1.6
    endloop
  endfacet
  facet normal 0.146683 0.989184 -0
    outer loop
      vertex -9.25866 53.727 1.6
      vertex -9.62754 53.7817 8.3
      vertex -9.25866 53.727 8.3
    endloop
  endfacet
  facet normal 0.146683 0.989184 0
    outer loop
      vertex -9.62754 53.7817 8.3
      vertex -9.25866 53.727 1.6
      vertex -9.62754 53.7817 1.6
    endloop
  endfacet
  facet normal -0.80311 -0.59583 0
    outer loop
      vertex -12.9374 47.5893 1.6
      vertex -13.1596 47.8888 8.3
      vertex -13.1596 47.8888 1.6
    endloop
  endfacet
  facet normal -0.80311 -0.59583 0
    outer loop
      vertex -13.1596 47.8888 8.3
      vertex -12.9374 47.5893 1.6
      vertex -12.9374 47.5893 8.3
    endloop
  endfacet
  facet normal -0.989179 -0.146714 0
    outer loop
      vertex -13.727 49.2587 1.6
      vertex -13.7817 49.6275 8.3
      vertex -13.7817 49.6275 1.6
    endloop
  endfacet
  facet normal -0.989179 -0.146714 0
    outer loop
      vertex -13.7817 49.6275 8.3
      vertex -13.727 49.2587 1.6
      vertex -13.727 49.2587 8.3
    endloop
  endfacet
  facet normal -0.970048 0.242914 0
    outer loop
      vertex -13.727 50.7413 1.6
      vertex -13.6364 51.1031 8.3
      vertex -13.6364 51.1031 1.6
    endloop
  endfacet
  facet normal -0.970048 0.242914 0
    outer loop
      vertex -13.6364 51.1031 8.3
      vertex -13.727 50.7413 1.6
      vertex -13.727 50.7413 8.3
    endloop
  endfacet
  facet normal -0.671524 -0.740983 0
    outer loop
      vertex -12.687 47.313 1.6
      vertex -12.4107 47.0626 8.3
      vertex -12.687 47.313 8.3
    endloop
  endfacet
  facet normal -0.671524 -0.740983 -0
    outer loop
      vertex -12.4107 47.0626 8.3
      vertex -12.687 47.313 1.6
      vertex -12.4107 47.0626 1.6
    endloop
  endfacet
  facet normal -0.242914 -0.970048 0
    outer loop
      vertex -11.1031 46.3636 1.6
      vertex -10.7413 46.273 8.3
      vertex -11.1031 46.3636 8.3
    endloop
  endfacet
  facet normal -0.242914 -0.970048 -0
    outer loop
      vertex -10.7413 46.273 8.3
      vertex -11.1031 46.3636 1.6
      vertex -10.7413 46.273 1.6
    endloop
  endfacet
  facet normal 0.740943 0.671568 0
    outer loop
      vertex -7.06256 52.4107 8.3
      vertex -7.31299 52.687 1.6
      vertex -7.31299 52.687 8.3
    endloop
  endfacet
  facet normal 0.740943 0.671568 0
    outer loop
      vertex -7.31299 52.687 1.6
      vertex -7.06256 52.4107 8.3
      vertex -7.06256 52.4107 1.6
    endloop
  endfacet
  facet normal -0.80311 0.59583 0
    outer loop
      vertex -13.1596 52.1112 1.6
      vertex -12.9374 52.4107 8.3
      vertex -12.9374 52.4107 1.6
    endloop
  endfacet
  facet normal -0.80311 0.59583 0
    outer loop
      vertex -12.9374 52.4107 8.3
      vertex -13.1596 52.1112 1.6
      vertex -13.1596 52.1112 8.3
    endloop
  endfacet
  facet normal -0.857777 0.514022 0
    outer loop
      vertex -13.3513 51.7913 1.6
      vertex -13.1596 52.1112 8.3
      vertex -13.1596 52.1112 1.6
    endloop
  endfacet
  facet normal -0.857777 0.514022 0
    outer loop
      vertex -13.1596 52.1112 8.3
      vertex -13.3513 51.7913 1.6
      vertex -13.3513 51.7913 8.3
    endloop
  endfacet
  facet normal 0 0 1
    outer loop
      vertex -8.3 50 8.3
      vertex -6.2 50 8.3
      vertex -6.2183 50.3725 8.3
    endloop
  endfacet
  facet normal -0 0 1
    outer loop
      vertex -8.35793 50.44 8.3
      vertex -6.2183 50.3725 8.3
      vertex -6.27302 50.7413 8.3
    endloop
  endfacet
  facet normal 0 0 1
    outer loop
      vertex -6.2 50 8.3
      vertex -8.3 50 8.3
      vertex -6.2183 49.6275 8.3
    endloop
  endfacet
  facet normal 0 0 1
    outer loop
      vertex -8.35793 50.44 8.3
      vertex -6.27302 50.7413 8.3
      vertex -6.36363 51.1031 8.3
    endloop
  endfacet
  facet normal 0 0 1
    outer loop
      vertex -8.35793 49.56 8.3
      vertex -6.2183 49.6275 8.3
      vertex -8.3 50 8.3
    endloop
  endfacet
  facet normal 0 0 1
    outer loop
      vertex -8.35793 50.44 8.3
      vertex -6.36363 51.1031 8.3
      vertex -6.48926 51.4542 8.3
    endloop
  endfacet
  facet normal 0 0 1
    outer loop
      vertex -6.2183 49.6275 8.3
      vertex -8.35793 49.56 8.3
      vertex -6.27302 49.2587 8.3
    endloop
  endfacet
  facet normal 0 0 1
    outer loop
      vertex -8.52776 50.85 8.3
      vertex -6.48926 51.4542 8.3
      vertex -6.6487 51.7913 8.3
    endloop
  endfacet
  facet normal 0 0 1
    outer loop
      vertex -6.27302 49.2587 8.3
      vertex -8.35793 49.56 8.3
      vertex -6.36363 48.8969 8.3
    endloop
  endfacet
  facet normal 0 0 1
    outer loop
      vertex -8.52776 50.85 8.3
      vertex -6.6487 51.7913 8.3
      vertex -6.84042 52.1112 8.3
    endloop
  endfacet
  facet normal 0 0 1
    outer loop
      vertex -6.36363 48.8969 8.3
      vertex -8.35793 49.56 8.3
      vertex -6.48926 48.5458 8.3
    endloop
  endfacet
  facet normal 0 0 1
    outer loop
      vertex -8.52776 50.85 8.3
      vertex -6.84042 52.1112 8.3
      vertex -7.06256 52.4107 8.3
    endloop
  endfacet
  facet normal -0 0 1
    outer loop
      vertex -8.52776 49.15 8.3
      vertex -6.48926 48.5458 8.3
      vertex -8.35793 49.56 8.3
    endloop
  endfacet
  facet normal 0 0 1
    outer loop
      vertex -8.79792 51.2021 8.3
      vertex -7.06256 52.4107 8.3
      vertex -7.31299 52.687 8.3
    endloop
  endfacet
  facet normal 0 0 1
    outer loop
      vertex -6.48926 48.5458 8.3
      vertex -8.52776 49.15 8.3
      vertex -6.6487 48.2087 8.3
    endloop
  endfacet
  facet normal 0 0 1
    outer loop
      vertex -8.79792 51.2021 8.3
      vertex -7.31299 52.687 8.3
      vertex -7.58931 52.9374 8.3
    endloop
  endfacet
  facet normal 0 0 1
    outer loop
      vertex -6.6487 48.2087 8.3
      vertex -8.52776 49.15 8.3
      vertex -6.84042 47.8888 8.3
    endloop
  endfacet
  facet normal 0 0 1
    outer loop
      vertex -9.15 51.4722 8.3
      vertex -7.58931 52.9374 8.3
      vertex -7.88883 53.1596 8.3
    endloop
  endfacet
  facet normal 0 0 1
    outer loop
      vertex -6.84042 47.8888 8.3
      vertex -8.52776 49.15 8.3
      vertex -7.06256 47.5893 8.3
    endloop
  endfacet
  facet normal 0 0 1
    outer loop
      vertex -9.15 51.4722 8.3
      vertex -7.88883 53.1596 8.3
      vertex -8.20869 53.3513 8.3
    endloop
  endfacet
  facet normal -0 0 1
    outer loop
      vertex -8.79792 48.7979 8.3
      vertex -7.06256 47.5893 8.3
      vertex -8.52776 49.15 8.3
    endloop
  endfacet
  facet normal 0 0 1
    outer loop
      vertex -7.06256 47.5893 8.3
      vertex -8.79792 48.7979 8.3
      vertex -7.31299 47.313 8.3
    endloop
  endfacet
  facet normal 0 0 1
    outer loop
      vertex -6.2183 50.3725 8.3
      vertex -8.35793 50.44 8.3
      vertex -8.3 50 8.3
    endloop
  endfacet
  facet normal 0 0 1
    outer loop
      vertex -6.48926 51.4542 8.3
      vertex -8.52776 50.85 8.3
      vertex -8.35793 50.44 8.3
    endloop
  endfacet
  facet normal 0 0 1
    outer loop
      vertex -9.15 51.4722 8.3
      vertex -8.20869 53.3513 8.3
      vertex -8.5458 53.5107 8.3
    endloop
  endfacet
  facet normal 0 0 1
    outer loop
      vertex -7.06256 52.4107 8.3
      vertex -8.79792 51.2021 8.3
      vertex -8.52776 50.85 8.3
    endloop
  endfacet
  facet normal 0 0 1
    outer loop
      vertex -9.56001 51.6421 8.3
      vertex -8.5458 53.5107 8.3
      vertex -8.89692 53.6364 8.3
    endloop
  endfacet
  facet normal 0 0 1
    outer loop
      vertex -7.58931 52.9374 8.3
      vertex -9.15 51.4722 8.3
      vertex -8.79792 51.2021 8.3
    endloop
  endfacet
  facet normal 0 0 1
    outer loop
      vertex -9.56001 51.6421 8.3
      vertex -8.89692 53.6364 8.3
      vertex -9.25866 53.727 8.3
    endloop
  endfacet
  facet normal 0 0 1
    outer loop
      vertex -8.5458 53.5107 8.3
      vertex -9.56001 51.6421 8.3
      vertex -9.15 51.4722 8.3
    endloop
  endfacet
  facet normal 0 0 1
    outer loop
      vertex -9.62754 53.7817 8.3
      vertex -9.56001 51.6421 8.3
      vertex -9.25866 53.727 8.3
    endloop
  endfacet
  facet normal 0 0 1
    outer loop
      vertex -10 51.7 8.3
      vertex -9.62754 53.7817 8.3
      vertex -10 53.8 8.3
    endloop
  endfacet
  facet normal 0 0 1
    outer loop
      vertex -9.62754 53.7817 8.3
      vertex -10 51.7 8.3
      vertex -9.56001 51.6421 8.3
    endloop
  endfacet
  facet normal -0 0 1
    outer loop
      vertex -10.3725 53.7817 8.3
      vertex -10 51.7 8.3
      vertex -10 53.8 8.3
    endloop
  endfacet
  facet normal 0 0 1
    outer loop
      vertex -10.3725 53.7817 8.3
      vertex -10.44 51.6421 8.3
      vertex -10 51.7 8.3
    endloop
  endfacet
  facet normal -0 0 1
    outer loop
      vertex -10.7413 53.727 8.3
      vertex -10.44 51.6421 8.3
      vertex -10.3725 53.7817 8.3
    endloop
  endfacet
  facet normal -0 0 1
    outer loop
      vertex -11.1031 53.6364 8.3
      vertex -10.44 51.6421 8.3
      vertex -10.7413 53.727 8.3
    endloop
  endfacet
  facet normal -0 0 1
    outer loop
      vertex -11.4542 53.5107 8.3
      vertex -10.44 51.6421 8.3
      vertex -11.1031 53.6364 8.3
    endloop
  endfacet
  facet normal 0 0 1
    outer loop
      vertex -10.44 51.6421 8.3
      vertex -11.4542 53.5107 8.3
      vertex -10.85 51.4722 8.3
    endloop
  endfacet
  facet normal -0 0 1
    outer loop
      vertex -11.7913 53.3513 8.3
      vertex -10.85 51.4722 8.3
      vertex -11.4542 53.5107 8.3
    endloop
  endfacet
  facet normal -0 0 1
    outer loop
      vertex -12.1112 53.1596 8.3
      vertex -10.85 51.4722 8.3
      vertex -11.7913 53.3513 8.3
    endloop
  endfacet
  facet normal -0 0 1
    outer loop
      vertex -12.4107 52.9374 8.3
      vertex -10.85 51.4722 8.3
      vertex -12.1112 53.1596 8.3
    endloop
  endfacet
  facet normal 0 0 1
    outer loop
      vertex -10.85 51.4722 8.3
      vertex -12.4107 52.9374 8.3
      vertex -11.2021 51.2021 8.3
    endloop
  endfacet
  facet normal -0 0 1
    outer loop
      vertex -12.687 52.687 8.3
      vertex -11.2021 51.2021 8.3
      vertex -12.4107 52.9374 8.3
    endloop
  endfacet
  facet normal 0 0 1
    outer loop
      vertex -7.31299 47.313 8.3
      vertex -8.79792 48.7979 8.3
      vertex -7.58931 47.0626 8.3
    endloop
  endfacet
  facet normal -0 0 1
    outer loop
      vertex -9.15 48.5278 8.3
      vertex -7.58931 47.0626 8.3
      vertex -8.79792 48.7979 8.3
    endloop
  endfacet
  facet normal 0 0 1
    outer loop
      vertex -7.58931 47.0626 8.3
      vertex -9.15 48.5278 8.3
      vertex -7.88883 46.8404 8.3
    endloop
  endfacet
  facet normal 0 0 1
    outer loop
      vertex -7.88883 46.8404 8.3
      vertex -9.15 48.5278 8.3
      vertex -8.20869 46.6487 8.3
    endloop
  endfacet
  facet normal 0 0 1
    outer loop
      vertex -8.20869 46.6487 8.3
      vertex -9.15 48.5278 8.3
      vertex -8.5458 46.4893 8.3
    endloop
  endfacet
  facet normal -0 0 1
    outer loop
      vertex -9.56001 48.3579 8.3
      vertex -8.5458 46.4893 8.3
      vertex -9.15 48.5278 8.3
    endloop
  endfacet
  facet normal 0 0 1
    outer loop
      vertex -8.5458 46.4893 8.3
      vertex -9.56001 48.3579 8.3
      vertex -8.89692 46.3636 8.3
    endloop
  endfacet
  facet normal 0 0 1
    outer loop
      vertex -8.89692 46.3636 8.3
      vertex -9.56001 48.3579 8.3
      vertex -9.25866 46.273 8.3
    endloop
  endfacet
  facet normal 0 0 1
    outer loop
      vertex -9.56001 48.3579 8.3
      vertex -9.62754 46.2183 8.3
      vertex -9.25866 46.273 8.3
    endloop
  endfacet
  facet normal -0 0 1
    outer loop
      vertex -10 48.3 8.3
      vertex -9.62754 46.2183 8.3
      vertex -9.56001 48.3579 8.3
    endloop
  endfacet
  facet normal 0 0 1
    outer loop
      vertex -10 48.3 8.3
      vertex -10 46.2 8.3
      vertex -9.62754 46.2183 8.3
    endloop
  endfacet
  facet normal 0 0 1
    outer loop
      vertex -10 48.3 8.3
      vertex -10.3725 46.2183 8.3
      vertex -10 46.2 8.3
    endloop
  endfacet
  facet normal 0 0 1
    outer loop
      vertex -10.44 48.3579 8.3
      vertex -10.3725 46.2183 8.3
      vertex -10 48.3 8.3
    endloop
  endfacet
  facet normal 0 0 1
    outer loop
      vertex -10.44 48.3579 8.3
      vertex -10.7413 46.273 8.3
      vertex -10.3725 46.2183 8.3
    endloop
  endfacet
  facet normal 0 0 1
    outer loop
      vertex -11.4542 46.4893 8.3
      vertex -10.44 48.3579 8.3
      vertex -10.85 48.5278 8.3
    endloop
  endfacet
  facet normal 0 0 1
    outer loop
      vertex -10.44 48.3579 8.3
      vertex -11.1031 46.3636 8.3
      vertex -10.7413 46.273 8.3
    endloop
  endfacet
  facet normal 0 0 1
    outer loop
      vertex -12.4107 47.0626 8.3
      vertex -10.85 48.5278 8.3
      vertex -11.2021 48.7979 8.3
    endloop
  endfacet
  facet normal 0 0 1
    outer loop
      vertex -10.44 48.3579 8.3
      vertex -11.4542 46.4893 8.3
      vertex -11.1031 46.3636 8.3
    endloop
  endfacet
  facet normal 0 0 1
    outer loop
      vertex -12.9374 47.5893 8.3
      vertex -11.2021 48.7979 8.3
      vertex -11.4722 49.15 8.3
    endloop
  endfacet
  facet normal 0 0 1
    outer loop
      vertex -13.5107 48.5458 8.3
      vertex -11.4722 49.15 8.3
      vertex -11.6421 49.56 8.3
    endloop
  endfacet
  facet normal -0 0 1
    outer loop
      vertex -13.7817 49.6275 8.3
      vertex -11.6421 49.56 8.3
      vertex -11.7 50 8.3
    endloop
  endfacet
  facet normal 0 0 1
    outer loop
      vertex -10.85 48.5278 8.3
      vertex -11.7913 46.6487 8.3
      vertex -11.4542 46.4893 8.3
    endloop
  endfacet
  facet normal -0 0 1
    outer loop
      vertex -12.9374 52.4107 8.3
      vertex -11.2021 51.2021 8.3
      vertex -12.687 52.687 8.3
    endloop
  endfacet
  facet normal 0 0 1
    outer loop
      vertex -11.2021 51.2021 8.3
      vertex -12.9374 52.4107 8.3
      vertex -11.4722 50.85 8.3
    endloop
  endfacet
  facet normal 0 0 1
    outer loop
      vertex -10.85 48.5278 8.3
      vertex -12.1112 46.8404 8.3
      vertex -11.7913 46.6487 8.3
    endloop
  endfacet
  facet normal -0 0 1
    outer loop
      vertex -13.1596 52.1112 8.3
      vertex -11.4722 50.85 8.3
      vertex -12.9374 52.4107 8.3
    endloop
  endfacet
  facet normal 0 0 1
    outer loop
      vertex -10.85 48.5278 8.3
      vertex -12.4107 47.0626 8.3
      vertex -12.1112 46.8404 8.3
    endloop
  endfacet
  facet normal -0 0 1
    outer loop
      vertex -13.3513 51.7913 8.3
      vertex -11.4722 50.85 8.3
      vertex -13.1596 52.1112 8.3
    endloop
  endfacet
  facet normal 0 0 1
    outer loop
      vertex -11.2021 48.7979 8.3
      vertex -12.687 47.313 8.3
      vertex -12.4107 47.0626 8.3
    endloop
  endfacet
  facet normal -0 0 1
    outer loop
      vertex -13.5107 51.4542 8.3
      vertex -11.4722 50.85 8.3
      vertex -13.3513 51.7913 8.3
    endloop
  endfacet
  facet normal 0 0 1
    outer loop
      vertex -11.2021 48.7979 8.3
      vertex -12.9374 47.5893 8.3
      vertex -12.687 47.313 8.3
    endloop
  endfacet
  facet normal 0 0 1
    outer loop
      vertex -11.4722 50.85 8.3
      vertex -13.5107 51.4542 8.3
      vertex -11.6421 50.44 8.3
    endloop
  endfacet
  facet normal 0 0 1
    outer loop
      vertex -11.4722 49.15 8.3
      vertex -13.1596 47.8888 8.3
      vertex -12.9374 47.5893 8.3
    endloop
  endfacet
  facet normal -0 0 1
    outer loop
      vertex -13.6364 51.1031 8.3
      vertex -11.6421 50.44 8.3
      vertex -13.5107 51.4542 8.3
    endloop
  endfacet
  facet normal 0 0 1
    outer loop
      vertex -11.4722 49.15 8.3
      vertex -13.3513 48.2087 8.3
      vertex -13.1596 47.8888 8.3
    endloop
  endfacet
  facet normal -0 0 1
    outer loop
      vertex -13.727 50.7413 8.3
      vertex -11.6421 50.44 8.3
      vertex -13.6364 51.1031 8.3
    endloop
  endfacet
  facet normal 0 0 1
    outer loop
      vertex -11.4722 49.15 8.3
      vertex -13.5107 48.5458 8.3
      vertex -13.3513 48.2087 8.3
    endloop
  endfacet
  facet normal 0 0 1
    outer loop
      vertex -13.7817 50.3725 8.3
      vertex -11.6421 50.44 8.3
      vertex -13.727 50.7413 8.3
    endloop
  endfacet
  facet normal 0 0 1
    outer loop
      vertex -11.6421 49.56 8.3
      vertex -13.6364 48.8969 8.3
      vertex -13.5107 48.5458 8.3
    endloop
  endfacet
  facet normal 0 0 1
    outer loop
      vertex -11.6421 50.44 8.3
      vertex -13.7817 50.3725 8.3
      vertex -11.7 50 8.3
    endloop
  endfacet
  facet normal 0 0 1
    outer loop
      vertex -11.6421 49.56 8.3
      vertex -13.727 49.2587 8.3
      vertex -13.6364 48.8969 8.3
    endloop
  endfacet
  facet normal 0 0 1
    outer loop
      vertex -13.8 50 8.3
      vertex -11.7 50 8.3
      vertex -13.7817 50.3725 8.3
    endloop
  endfacet
  facet normal 0 0 1
    outer loop
      vertex -11.6421 49.56 8.3
      vertex -13.7817 49.6275 8.3
      vertex -13.727 49.2587 8.3
    endloop
  endfacet
  facet normal 0 0 1
    outer loop
      vertex -11.7 50 8.3
      vertex -13.8 50 8.3
      vertex -13.7817 49.6275 8.3
    endloop
  endfacet
  facet normal -0.0490683 -0.998795 0
    outer loop
      vertex -10.3725 46.2183 1.6
      vertex -10 46.2 8.3
      vertex -10.3725 46.2183 8.3
    endloop
  endfacet
  facet normal -0.0490683 -0.998795 -0
    outer loop
      vertex -10 46.2 8.3
      vertex -10.3725 46.2183 1.6
      vertex -10 46.2 1.6
    endloop
  endfacet
  facet normal -0.998795 0.0490683 0
    outer loop
      vertex -13.8 50 1.6
      vertex -13.7817 50.3725 8.3
      vertex -13.7817 50.3725 1.6
    endloop
  endfacet
  facet normal -0.998795 0.0490683 0
    outer loop
      vertex -13.7817 50.3725 8.3
      vertex -13.8 50 1.6
      vertex -13.8 50 8.3
    endloop
  endfacet
  facet normal -0.337067 -0.941481 0
    outer loop
      vertex -11.4542 46.4893 1.6
      vertex -11.1031 46.3636 8.3
      vertex -11.4542 46.4893 8.3
    endloop
  endfacet
  facet normal -0.337067 -0.941481 -0
    outer loop
      vertex -11.1031 46.3636 8.3
      vertex -11.4542 46.4893 1.6
      vertex -11.1031 46.3636 1.6
    endloop
  endfacet
  facet normal 0.33705 0.941487 -0
    outer loop
      vertex -8.5458 53.5107 1.6
      vertex -8.89692 53.6364 8.3
      vertex -8.5458 53.5107 8.3
    endloop
  endfacet
  facet normal 0.33705 0.941487 0
    outer loop
      vertex -8.89692 53.6364 8.3
      vertex -8.5458 53.5107 1.6
      vertex -8.89692 53.6364 1.6
    endloop
  endfacet
  facet normal 0.740943 -0.671568 0
    outer loop
      vertex -7.31299 47.313 8.3
      vertex -7.06256 47.5893 1.6
      vertex -7.06256 47.5893 8.3
    endloop
  endfacet
  facet normal 0.740943 -0.671568 0
    outer loop
      vertex -7.06256 47.5893 1.6
      vertex -7.31299 47.313 8.3
      vertex -7.31299 47.313 1.6
    endloop
  endfacet
  facet normal 0.671497 -0.741007 0
    outer loop
      vertex -7.58931 47.0626 1.6
      vertex -7.31299 47.313 8.3
      vertex -7.58931 47.0626 8.3
    endloop
  endfacet
  facet normal 0.671497 -0.741007 0
    outer loop
      vertex -7.31299 47.313 8.3
      vertex -7.58931 47.0626 1.6
      vertex -7.31299 47.313 1.6
    endloop
  endfacet
  facet normal -0.793371 -0.608739 0
    outer loop
      vertex -8.52776 50.85 0
      vertex -8.79792 51.2021 8.3
      vertex -8.79792 51.2021 0
    endloop
  endfacet
  facet normal -0.793371 -0.608739 0
    outer loop
      vertex -8.79792 51.2021 8.3
      vertex -8.52776 50.85 0
      vertex -8.52776 50.85 8.3
    endloop
  endfacet
  facet normal -0.923878 -0.382688 0
    outer loop
      vertex -8.35793 50.44 0
      vertex -8.52776 50.85 8.3
      vertex -8.52776 50.85 0
    endloop
  endfacet
  facet normal -0.923878 -0.382688 0
    outer loop
      vertex -8.52776 50.85 8.3
      vertex -8.35793 50.44 0
      vertex -8.35793 50.44 8.3
    endloop
  endfacet
  facet normal -0.382815 0.923825 0
    outer loop
      vertex -9.15 48.5278 0
      vertex -9.56001 48.3579 8.3
      vertex -9.15 48.5278 8.3
    endloop
  endfacet
  facet normal -0.382815 0.923825 0
    outer loop
      vertex -9.56001 48.3579 8.3
      vertex -9.15 48.5278 0
      vertex -9.56001 48.3579 0
    endloop
  endfacet
  facet normal -0.991444 0.130533 0
    outer loop
      vertex -8.35793 49.56 0
      vertex -8.3 50 8.3
      vertex -8.3 50 0
    endloop
  endfacet
  facet normal -0.991444 0.130533 0
    outer loop
      vertex -8.3 50 8.3
      vertex -8.35793 49.56 0
      vertex -8.35793 49.56 8.3
    endloop
  endfacet
  facet normal -0.130469 0.991452 0
    outer loop
      vertex -9.56001 48.3579 0
      vertex -10 48.3 8.3
      vertex -9.56001 48.3579 8.3
    endloop
  endfacet
  facet normal -0.130469 0.991452 0
    outer loop
      vertex -10 48.3 8.3
      vertex -9.56001 48.3579 0
      vertex -10 48.3 0
    endloop
  endfacet
  facet normal 0.991453 0.130466 0
    outer loop
      vertex -11.6421 49.56 8.3
      vertex -11.7 50 0
      vertex -11.7 50 8.3
    endloop
  endfacet
  facet normal 0.991453 0.130466 0
    outer loop
      vertex -11.7 50 0
      vertex -11.6421 49.56 8.3
      vertex -11.6421 49.56 0
    endloop
  endfacet
  facet normal 0.130466 0.991453 -0
    outer loop
      vertex -10 48.3 0
      vertex -10.44 48.3579 8.3
      vertex -10 48.3 8.3
    endloop
  endfacet
  facet normal 0.130466 0.991453 0
    outer loop
      vertex -10.44 48.3579 8.3
      vertex -10 48.3 0
      vertex -10.44 48.3579 0
    endloop
  endfacet
  facet normal 0.130466 -0.991453 0
    outer loop
      vertex -10.44 51.6421 0
      vertex -10 51.7 8.3
      vertex -10.44 51.6421 8.3
    endloop
  endfacet
  facet normal 0.130466 -0.991453 0
    outer loop
      vertex -10 51.7 8.3
      vertex -10.44 51.6421 0
      vertex -10 51.7 0
    endloop
  endfacet
  facet normal 0.991453 -0.130466 0
    outer loop
      vertex -11.7 50 8.3
      vertex -11.6421 50.44 0
      vertex -11.6421 50.44 8.3
    endloop
  endfacet
  facet normal 0.991453 -0.130466 0
    outer loop
      vertex -11.6421 50.44 0
      vertex -11.7 50 8.3
      vertex -11.7 50 0
    endloop
  endfacet
  facet normal -0.608676 -0.793419 0
    outer loop
      vertex -9.15 51.4722 0
      vertex -8.79792 51.2021 8.3
      vertex -9.15 51.4722 8.3
    endloop
  endfacet
  facet normal -0.608676 -0.793419 -0
    outer loop
      vertex -8.79792 51.2021 8.3
      vertex -9.15 51.4722 0
      vertex -8.79792 51.2021 0
    endloop
  endfacet
  facet normal -0.991444 -0.130533 0
    outer loop
      vertex -8.3 50 0
      vertex -8.35793 50.44 8.3
      vertex -8.35793 50.44 0
    endloop
  endfacet
  facet normal -0.991444 -0.130533 0
    outer loop
      vertex -8.35793 50.44 8.3
      vertex -8.3 50 0
      vertex -8.3 50 8.3
    endloop
  endfacet
  facet normal 0.923822 0.382823 0
    outer loop
      vertex -11.4722 49.15 8.3
      vertex -11.6421 49.56 0
      vertex -11.6421 49.56 8.3
    endloop
  endfacet
  facet normal 0.923822 0.382823 0
    outer loop
      vertex -11.6421 49.56 0
      vertex -11.4722 49.15 8.3
      vertex -11.4722 49.15 0
    endloop
  endfacet
  facet normal -0.130469 -0.991452 0
    outer loop
      vertex -10 51.7 0
      vertex -9.56001 51.6421 8.3
      vertex -10 51.7 8.3
    endloop
  endfacet
  facet normal -0.130469 -0.991452 -0
    outer loop
      vertex -9.56001 51.6421 8.3
      vertex -10 51.7 0
      vertex -9.56001 51.6421 0
    endloop
  endfacet
  facet normal 0.382823 0.923822 -0
    outer loop
      vertex -10.44 48.3579 0
      vertex -10.85 48.5278 8.3
      vertex -10.44 48.3579 8.3
    endloop
  endfacet
  facet normal 0.382823 0.923822 0
    outer loop
      vertex -10.85 48.5278 8.3
      vertex -10.44 48.3579 0
      vertex -10.85 48.5278 0
    endloop
  endfacet
  facet normal -0.382815 -0.923825 0
    outer loop
      vertex -9.56001 51.6421 0
      vertex -9.15 51.4722 8.3
      vertex -9.56001 51.6421 8.3
    endloop
  endfacet
  facet normal -0.382815 -0.923825 -0
    outer loop
      vertex -9.15 51.4722 8.3
      vertex -9.56001 51.6421 0
      vertex -9.15 51.4722 0
    endloop
  endfacet
  facet normal 0.793436 -0.608654 0
    outer loop
      vertex -11.4722 50.85 8.3
      vertex -11.2021 51.2021 0
      vertex -11.2021 51.2021 8.3
    endloop
  endfacet
  facet normal 0.793436 -0.608654 0
    outer loop
      vertex -11.2021 51.2021 0
      vertex -11.4722 50.85 8.3
      vertex -11.4722 50.85 0
    endloop
  endfacet
  facet normal 0.608654 -0.793436 0
    outer loop
      vertex -11.2021 51.2021 0
      vertex -10.85 51.4722 8.3
      vertex -11.2021 51.2021 8.3
    endloop
  endfacet
  facet normal 0.608654 -0.793436 0
    outer loop
      vertex -10.85 51.4722 8.3
      vertex -11.2021 51.2021 0
      vertex -10.85 51.4722 0
    endloop
  endfacet
  facet normal 0.793436 0.608654 0
    outer loop
      vertex -11.2021 48.7979 8.3
      vertex -11.4722 49.15 0
      vertex -11.4722 49.15 8.3
    endloop
  endfacet
  facet normal 0.793436 0.608654 0
    outer loop
      vertex -11.4722 49.15 0
      vertex -11.2021 48.7979 8.3
      vertex -11.2021 48.7979 0
    endloop
  endfacet
  facet normal -0.608676 0.793419 0
    outer loop
      vertex -8.79792 48.7979 0
      vertex -9.15 48.5278 8.3
      vertex -8.79792 48.7979 8.3
    endloop
  endfacet
  facet normal -0.608676 0.793419 0
    outer loop
      vertex -9.15 48.5278 8.3
      vertex -8.79792 48.7979 0
      vertex -9.15 48.5278 0
    endloop
  endfacet
  facet normal 0.608654 0.793436 -0
    outer loop
      vertex -10.85 48.5278 0
      vertex -11.2021 48.7979 8.3
      vertex -10.85 48.5278 8.3
    endloop
  endfacet
  facet normal 0.608654 0.793436 0
    outer loop
      vertex -11.2021 48.7979 8.3
      vertex -10.85 48.5278 0
      vertex -11.2021 48.7979 0
    endloop
  endfacet
  facet normal 0.382823 -0.923822 0
    outer loop
      vertex -10.85 51.4722 0
      vertex -10.44 51.6421 8.3
      vertex -10.85 51.4722 8.3
    endloop
  endfacet
  facet normal 0.382823 -0.923822 0
    outer loop
      vertex -10.44 51.6421 8.3
      vertex -10.85 51.4722 0
      vertex -10.44 51.6421 0
    endloop
  endfacet
  facet normal -0.793371 0.608739 0
    outer loop
      vertex -8.79792 48.7979 0
      vertex -8.52776 49.15 8.3
      vertex -8.52776 49.15 0
    endloop
  endfacet
  facet normal -0.793371 0.608739 0
    outer loop
      vertex -8.52776 49.15 8.3
      vertex -8.79792 48.7979 0
      vertex -8.79792 48.7979 8.3
    endloop
  endfacet
  facet normal 0.923822 -0.382823 0
    outer loop
      vertex -11.6421 50.44 8.3
      vertex -11.4722 50.85 0
      vertex -11.4722 50.85 8.3
    endloop
  endfacet
  facet normal 0.923822 -0.382823 0
    outer loop
      vertex -11.4722 50.85 0
      vertex -11.6421 50.44 8.3
      vertex -11.6421 50.44 0
    endloop
  endfacet
  facet normal -0.923878 0.382688 0
    outer loop
      vertex -8.52776 49.15 0
      vertex -8.35793 49.56 8.3
      vertex -8.35793 49.56 0
    endloop
  endfacet
  facet normal -0.923878 0.382688 0
    outer loop
      vertex -8.35793 49.56 8.3
      vertex -8.52776 49.15 0
      vertex -8.52776 49.15 8.3
    endloop
  endfacet
  facet normal 0.989176 0.146737 0
    outer loop
      vertex 15.4735 50.5391 1.6
      vertex 15.3943 51.073 0
      vertex 15.3943 51.073 1.6
    endloop
  endfacet
  facet normal 0.989176 0.146737 0
    outer loop
      vertex 15.3943 51.073 0
      vertex 15.4735 50.5391 1.6
      vertex 15.4735 50.5391 0
    endloop
  endfacet
  facet normal 0.998794 0.0490967 0
    outer loop
      vertex 15.5 50 1.6
      vertex 15.4735 50.5391 0
      vertex 15.4735 50.5391 1.6
    endloop
  endfacet
  facet normal 0.998794 0.0490967 0
    outer loop
      vertex 15.4735 50.5391 0
      vertex 15.5 50 1.6
      vertex 15.5 50 0
    endloop
  endfacet
  facet normal 0.970055 0.242884 0
    outer loop
      vertex 15.3943 51.073 1.6
      vertex 15.2632 51.5966 0
      vertex 15.2632 51.5966 1.6
    endloop
  endfacet
  facet normal 0.970055 0.242884 0
    outer loop
      vertex 15.2632 51.5966 0
      vertex 15.3943 51.073 1.6
      vertex 15.3943 51.073 0
    endloop
  endfacet
  facet normal -0.0490976 0.998794 0
    outer loop
      vertex 10 55.5 0
      vertex 9.46091 55.4735 1.6
      vertex 10 55.5 1.6
    endloop
  endfacet
  facet normal -0.0490976 0.998794 0
    outer loop
      vertex 9.46091 55.4735 1.6
      vertex 10 55.5 0
      vertex 9.46091 55.4735 0
    endloop
  endfacet
  facet normal 0.427465 -0.904032 0
    outer loop
      vertex 12.1048 44.9187 0
      vertex 12.5927 45.1494 1.6
      vertex 12.1048 44.9187 1.6
    endloop
  endfacet
  facet normal 0.427465 -0.904032 0
    outer loop
      vertex 12.5927 45.1494 1.6
      vertex 12.1048 44.9187 0
      vertex 12.5927 45.1494 0
    endloop
  endfacet
  facet normal 0.146737 0.989176 -0
    outer loop
      vertex 11.073 55.3943 0
      vertex 10.5391 55.4735 1.6
      vertex 11.073 55.3943 1.6
    endloop
  endfacet
  facet normal 0.146737 0.989176 0
    outer loop
      vertex 10.5391 55.4735 1.6
      vertex 11.073 55.3943 0
      vertex 10.5391 55.4735 0
    endloop
  endfacet
  facet normal 0.427465 0.904032 -0
    outer loop
      vertex 12.5927 54.8506 0
      vertex 12.1048 55.0813 1.6
      vertex 12.5927 54.8506 1.6
    endloop
  endfacet
  facet normal 0.427465 0.904032 0
    outer loop
      vertex 12.1048 55.0813 1.6
      vertex 12.5927 54.8506 0
      vertex 12.1048 55.0813 0
    endloop
  endfacet
  facet normal -0.970033 0.242972 0
    outer loop
      vertex 4.60568 51.073 0
      vertex 4.73683 51.5966 1.6
      vertex 4.73683 51.5966 0
    endloop
  endfacet
  facet normal -0.970033 0.242972 0
    outer loop
      vertex 4.73683 51.5966 1.6
      vertex 4.60568 51.073 0
      vertex 4.60568 51.073 1.6
    endloop
  endfacet
  facet normal -0.146734 0.989176 0
    outer loop
      vertex 9.46091 55.4735 0
      vertex 8.927 55.3943 1.6
      vertex 9.46091 55.4735 1.6
    endloop
  endfacet
  facet normal -0.146734 0.989176 0
    outer loop
      vertex 8.927 55.3943 1.6
      vertex 9.46091 55.4735 0
      vertex 8.927 55.3943 0
    endloop
  endfacet
  facet normal 0.336994 -0.941507 0
    outer loop
      vertex 11.5966 44.7368 0
      vertex 12.1048 44.9187 1.6
      vertex 11.5966 44.7368 1.6
    endloop
  endfacet
  facet normal 0.336994 -0.941507 0
    outer loop
      vertex 12.1048 44.9187 1.6
      vertex 11.5966 44.7368 0
      vertex 12.1048 44.9187 0
    endloop
  endfacet
  facet normal -0.595675 0.803226 0
    outer loop
      vertex 6.94436 54.5731 0
      vertex 6.51084 54.2516 1.6
      vertex 6.94436 54.5731 1.6
    endloop
  endfacet
  facet normal -0.595675 0.803226 0
    outer loop
      vertex 6.51084 54.2516 1.6
      vertex 6.94436 54.5731 0
      vertex 6.51084 54.2516 0
    endloop
  endfacet
  facet normal -0.51412 0.857718 0
    outer loop
      vertex 7.40732 54.8506 0
      vertex 6.94436 54.5731 1.6
      vertex 7.40732 54.8506 1.6
    endloop
  endfacet
  facet normal -0.51412 0.857718 0
    outer loop
      vertex 6.94436 54.5731 1.6
      vertex 7.40732 54.8506 0
      vertex 6.94436 54.5731 0
    endloop
  endfacet
  facet normal 0 0 1
    outer loop
      vertex 13.8 50 1.6
      vertex 15.5 50 1.6
      vertex 15.4735 50.5391 1.6
    endloop
  endfacet
  facet normal 0 0 1
    outer loop
      vertex 13.7817 50.3725 1.6
      vertex 15.4735 50.5391 1.6
      vertex 15.3943 51.073 1.6
    endloop
  endfacet
  facet normal 0 0 1
    outer loop
      vertex 15.5 50 1.6
      vertex 13.8 50 1.6
      vertex 15.4735 49.4609 1.6
    endloop
  endfacet
  facet normal 0 0 1
    outer loop
      vertex 13.727 50.7413 1.6
      vertex 15.3943 51.073 1.6
      vertex 15.2632 51.5966 1.6
    endloop
  endfacet
  facet normal -0 0 1
    outer loop
      vertex 13.7817 49.6275 1.6
      vertex 15.4735 49.4609 1.6
      vertex 13.8 50 1.6
    endloop
  endfacet
  facet normal 0 0 1
    outer loop
      vertex 13.6364 51.1031 1.6
      vertex 15.2632 51.5966 1.6
      vertex 15.0813 52.1048 1.6
    endloop
  endfacet
  facet normal 0 0 1
    outer loop
      vertex 15.4735 49.4609 1.6
      vertex 13.7817 49.6275 1.6
      vertex 15.3943 48.927 1.6
    endloop
  endfacet
  facet normal 0 0 1
    outer loop
      vertex 13.5107 51.4542 1.6
      vertex 15.0813 52.1048 1.6
      vertex 14.8506 52.5927 1.6
    endloop
  endfacet
  facet normal -0 0 1
    outer loop
      vertex 13.727 49.2587 1.6
      vertex 15.3943 48.927 1.6
      vertex 13.7817 49.6275 1.6
    endloop
  endfacet
  facet normal 0 0 1
    outer loop
      vertex 13.3513 51.7913 1.6
      vertex 14.8506 52.5927 1.6
      vertex 14.5731 53.0556 1.6
    endloop
  endfacet
  facet normal 0 0 1
    outer loop
      vertex 15.3943 48.927 1.6
      vertex 13.727 49.2587 1.6
      vertex 15.2632 48.4034 1.6
    endloop
  endfacet
  facet normal 0 0 1
    outer loop
      vertex 13.1596 52.1112 1.6
      vertex 14.5731 53.0556 1.6
      vertex 14.2516 53.4892 1.6
    endloop
  endfacet
  facet normal -0 0 1
    outer loop
      vertex 13.6364 48.8969 1.6
      vertex 15.2632 48.4034 1.6
      vertex 13.727 49.2587 1.6
    endloop
  endfacet
  facet normal 0 0 1
    outer loop
      vertex 12.9374 52.4107 1.6
      vertex 14.2516 53.4892 1.6
      vertex 13.8891 53.8891 1.6
    endloop
  endfacet
  facet normal 0 0 1
    outer loop
      vertex 15.2632 48.4034 1.6
      vertex 13.6364 48.8969 1.6
      vertex 15.0813 47.8952 1.6
    endloop
  endfacet
  facet normal -0 0 1
    outer loop
      vertex 13.5107 48.5458 1.6
      vertex 15.0813 47.8952 1.6
      vertex 13.6364 48.8969 1.6
    endloop
  endfacet
  facet normal 0 0 1
    outer loop
      vertex 15.4735 50.5391 1.6
      vertex 13.7817 50.3725 1.6
      vertex 13.8 50 1.6
    endloop
  endfacet
  facet normal 0 0 1
    outer loop
      vertex 15.3943 51.073 1.6
      vertex 13.727 50.7413 1.6
      vertex 13.7817 50.3725 1.6
    endloop
  endfacet
  facet normal 0 0 1
    outer loop
      vertex 15.2632 51.5966 1.6
      vertex 13.6364 51.1031 1.6
      vertex 13.727 50.7413 1.6
    endloop
  endfacet
  facet normal 0 0 1
    outer loop
      vertex 15.0813 52.1048 1.6
      vertex 13.5107 51.4542 1.6
      vertex 13.6364 51.1031 1.6
    endloop
  endfacet
  facet normal 0 0 1
    outer loop
      vertex 12.687 52.687 1.6
      vertex 13.8891 53.8891 1.6
      vertex 13.4892 54.2516 1.6
    endloop
  endfacet
  facet normal 0 0 1
    outer loop
      vertex 14.8506 52.5927 1.6
      vertex 13.3513 51.7913 1.6
      vertex 13.5107 51.4542 1.6
    endloop
  endfacet
  facet normal 0 0 1
    outer loop
      vertex 14.5731 53.0556 1.6
      vertex 13.1596 52.1112 1.6
      vertex 13.3513 51.7913 1.6
    endloop
  endfacet
  facet normal 0 0 1
    outer loop
      vertex 12.4107 52.9374 1.6
      vertex 13.4892 54.2516 1.6
      vertex 13.0556 54.5731 1.6
    endloop
  endfacet
  facet normal 0 0 1
    outer loop
      vertex 14.2516 53.4892 1.6
      vertex 12.9374 52.4107 1.6
      vertex 13.1596 52.1112 1.6
    endloop
  endfacet
  facet normal 0 0 1
    outer loop
      vertex 13.8891 53.8891 1.6
      vertex 12.687 52.687 1.6
      vertex 12.9374 52.4107 1.6
    endloop
  endfacet
  facet normal 0 0 1
    outer loop
      vertex 12.1112 53.1596 1.6
      vertex 13.0556 54.5731 1.6
      vertex 12.5927 54.8506 1.6
    endloop
  endfacet
  facet normal 0 0 1
    outer loop
      vertex 13.4892 54.2516 1.6
      vertex 12.4107 52.9374 1.6
      vertex 12.687 52.687 1.6
    endloop
  endfacet
  facet normal 0 0 1
    outer loop
      vertex 13.0556 54.5731 1.6
      vertex 12.1112 53.1596 1.6
      vertex 12.4107 52.9374 1.6
    endloop
  endfacet
  facet normal 0 0 1
    outer loop
      vertex 11.7913 53.3513 1.6
      vertex 12.5927 54.8506 1.6
      vertex 12.1048 55.0813 1.6
    endloop
  endfacet
  facet normal 0 0 1
    outer loop
      vertex 12.5927 54.8506 1.6
      vertex 11.7913 53.3513 1.6
      vertex 12.1112 53.1596 1.6
    endloop
  endfacet
  facet normal 0 0 1
    outer loop
      vertex 11.4542 53.5107 1.6
      vertex 12.1048 55.0813 1.6
      vertex 11.5966 55.2632 1.6
    endloop
  endfacet
  facet normal 0 0 1
    outer loop
      vertex 12.1048 55.0813 1.6
      vertex 11.4542 53.5107 1.6
      vertex 11.7913 53.3513 1.6
    endloop
  endfacet
  facet normal 0 0 1
    outer loop
      vertex 11.5966 55.2632 1.6
      vertex 11.1031 53.6364 1.6
      vertex 11.4542 53.5107 1.6
    endloop
  endfacet
  facet normal 0 0 1
    outer loop
      vertex 11.073 55.3943 1.6
      vertex 11.1031 53.6364 1.6
      vertex 11.5966 55.2632 1.6
    endloop
  endfacet
  facet normal 0 0 1
    outer loop
      vertex 11.073 55.3943 1.6
      vertex 10.7413 53.727 1.6
      vertex 11.1031 53.6364 1.6
    endloop
  endfacet
  facet normal 0 0 1
    outer loop
      vertex 10.5391 55.4735 1.6
      vertex 10.7413 53.727 1.6
      vertex 11.073 55.3943 1.6
    endloop
  endfacet
  facet normal 0 0 1
    outer loop
      vertex 10.5391 55.4735 1.6
      vertex 10.3725 53.7817 1.6
      vertex 10.7413 53.727 1.6
    endloop
  endfacet
  facet normal 0 0 1
    outer loop
      vertex 10 55.5 1.6
      vertex 10.3725 53.7817 1.6
      vertex 10.5391 55.4735 1.6
    endloop
  endfacet
  facet normal 0 0 1
    outer loop
      vertex 10 55.5 1.6
      vertex 10 53.8 1.6
      vertex 10.3725 53.7817 1.6
    endloop
  endfacet
  facet normal 0 0 1
    outer loop
      vertex 10 55.5 1.6
      vertex 9.62754 53.7817 1.6
      vertex 10 53.8 1.6
    endloop
  endfacet
  facet normal -0 0 1
    outer loop
      vertex 9.46091 55.4735 1.6
      vertex 9.62754 53.7817 1.6
      vertex 10 55.5 1.6
    endloop
  endfacet
  facet normal 0 0 1
    outer loop
      vertex 9.46091 55.4735 1.6
      vertex 9.25866 53.727 1.6
      vertex 9.62754 53.7817 1.6
    endloop
  endfacet
  facet normal -0 0 1
    outer loop
      vertex 8.927 55.3943 1.6
      vertex 9.25866 53.727 1.6
      vertex 9.46091 55.4735 1.6
    endloop
  endfacet
  facet normal 0 0 1
    outer loop
      vertex 8.927 55.3943 1.6
      vertex 8.89692 53.6364 1.6
      vertex 9.25866 53.727 1.6
    endloop
  endfacet
  facet normal -0 0 1
    outer loop
      vertex 8.40343 55.2632 1.6
      vertex 8.89692 53.6364 1.6
      vertex 8.927 55.3943 1.6
    endloop
  endfacet
  facet normal 0 0 1
    outer loop
      vertex 8.89692 53.6364 1.6
      vertex 8.40343 55.2632 1.6
      vertex 8.5458 53.5107 1.6
    endloop
  endfacet
  facet normal -0 0 1
    outer loop
      vertex 7.89524 55.0813 1.6
      vertex 8.5458 53.5107 1.6
      vertex 8.40343 55.2632 1.6
    endloop
  endfacet
  facet normal 0 0 1
    outer loop
      vertex 8.5458 53.5107 1.6
      vertex 7.89524 55.0813 1.6
      vertex 8.20869 53.3513 1.6
    endloop
  endfacet
  facet normal -0 0 1
    outer loop
      vertex 7.40732 54.8506 1.6
      vertex 8.20869 53.3513 1.6
      vertex 7.89524 55.0813 1.6
    endloop
  endfacet
  facet normal 0 0 1
    outer loop
      vertex 8.20869 53.3513 1.6
      vertex 7.40732 54.8506 1.6
      vertex 7.88883 53.1596 1.6
    endloop
  endfacet
  facet normal -0 0 1
    outer loop
      vertex 6.94436 54.5731 1.6
      vertex 7.88883 53.1596 1.6
      vertex 7.40732 54.8506 1.6
    endloop
  endfacet
  facet normal 0 0 1
    outer loop
      vertex 7.88883 53.1596 1.6
      vertex 6.94436 54.5731 1.6
      vertex 7.58931 52.9374 1.6
    endloop
  endfacet
  facet normal -0 0 1
    outer loop
      vertex 6.51084 54.2516 1.6
      vertex 7.58931 52.9374 1.6
      vertex 6.94436 54.5731 1.6
    endloop
  endfacet
  facet normal 0 0 1
    outer loop
      vertex 7.58931 52.9374 1.6
      vertex 6.51084 54.2516 1.6
      vertex 7.31299 52.687 1.6
    endloop
  endfacet
  facet normal -0 0 1
    outer loop
      vertex 6.11091 53.8891 1.6
      vertex 7.31299 52.687 1.6
      vertex 6.51084 54.2516 1.6
    endloop
  endfacet
  facet normal 0 0 1
    outer loop
      vertex 7.31299 52.687 1.6
      vertex 6.11091 53.8891 1.6
      vertex 7.06256 52.4107 1.6
    endloop
  endfacet
  facet normal -0 0 1
    outer loop
      vertex 5.74844 53.4892 1.6
      vertex 7.06256 52.4107 1.6
      vertex 6.11091 53.8891 1.6
    endloop
  endfacet
  facet normal 0 0 1
    outer loop
      vertex 7.06256 52.4107 1.6
      vertex 5.74844 53.4892 1.6
      vertex 6.84042 52.1112 1.6
    endloop
  endfacet
  facet normal -0 0 1
    outer loop
      vertex 5.42692 53.0556 1.6
      vertex 6.84042 52.1112 1.6
      vertex 5.74844 53.4892 1.6
    endloop
  endfacet
  facet normal 0 0 1
    outer loop
      vertex 6.84042 52.1112 1.6
      vertex 5.42692 53.0556 1.6
      vertex 6.6487 51.7913 1.6
    endloop
  endfacet
  facet normal -0 0 1
    outer loop
      vertex 5.14943 52.5927 1.6
      vertex 6.6487 51.7913 1.6
      vertex 5.42692 53.0556 1.6
    endloop
  endfacet
  facet normal -0 0 1
    outer loop
      vertex 4.91866 52.1048 1.6
      vertex 6.48926 51.4542 1.6
      vertex 5.14943 52.5927 1.6
    endloop
  endfacet
  facet normal 0 0 1
    outer loop
      vertex 6.6487 51.7913 1.6
      vertex 5.14943 52.5927 1.6
      vertex 6.48926 51.4542 1.6
    endloop
  endfacet
  facet normal 0 0 1
    outer loop
      vertex 15.0813 47.8952 1.6
      vertex 13.5107 48.5458 1.6
      vertex 14.8506 47.4073 1.6
    endloop
  endfacet
  facet normal -0 0 1
    outer loop
      vertex 13.3513 48.2087 1.6
      vertex 14.8506 47.4073 1.6
      vertex 13.5107 48.5458 1.6
    endloop
  endfacet
  facet normal 0 0 1
    outer loop
      vertex 14.8506 47.4073 1.6
      vertex 13.3513 48.2087 1.6
      vertex 14.5731 46.9444 1.6
    endloop
  endfacet
  facet normal -0 0 1
    outer loop
      vertex 13.1596 47.8888 1.6
      vertex 14.5731 46.9444 1.6
      vertex 13.3513 48.2087 1.6
    endloop
  endfacet
  facet normal 0 0 1
    outer loop
      vertex 14.5731 46.9444 1.6
      vertex 13.1596 47.8888 1.6
      vertex 14.2516 46.5108 1.6
    endloop
  endfacet
  facet normal -0 0 1
    outer loop
      vertex 12.9374 47.5893 1.6
      vertex 14.2516 46.5108 1.6
      vertex 13.1596 47.8888 1.6
    endloop
  endfacet
  facet normal 0 0 1
    outer loop
      vertex 14.2516 46.5108 1.6
      vertex 12.9374 47.5893 1.6
      vertex 13.8891 46.1109 1.6
    endloop
  endfacet
  facet normal -0 0 1
    outer loop
      vertex 12.687 47.313 1.6
      vertex 13.8891 46.1109 1.6
      vertex 12.9374 47.5893 1.6
    endloop
  endfacet
  facet normal 0 0 1
    outer loop
      vertex 13.8891 46.1109 1.6
      vertex 12.687 47.313 1.6
      vertex 13.4892 45.7484 1.6
    endloop
  endfacet
  facet normal -0 0 1
    outer loop
      vertex 12.4107 47.0626 1.6
      vertex 13.4892 45.7484 1.6
      vertex 12.687 47.313 1.6
    endloop
  endfacet
  facet normal 0 0 1
    outer loop
      vertex 13.4892 45.7484 1.6
      vertex 12.4107 47.0626 1.6
      vertex 13.0556 45.4269 1.6
    endloop
  endfacet
  facet normal -0 0 1
    outer loop
      vertex 12.1112 46.8404 1.6
      vertex 13.0556 45.4269 1.6
      vertex 12.4107 47.0626 1.6
    endloop
  endfacet
  facet normal 0 0 1
    outer loop
      vertex 13.0556 45.4269 1.6
      vertex 12.1112 46.8404 1.6
      vertex 12.5927 45.1494 1.6
    endloop
  endfacet
  facet normal -0 0 1
    outer loop
      vertex 11.7913 46.6487 1.6
      vertex 12.5927 45.1494 1.6
      vertex 12.1112 46.8404 1.6
    endloop
  endfacet
  facet normal 0 0 1
    outer loop
      vertex 12.5927 45.1494 1.6
      vertex 11.7913 46.6487 1.6
      vertex 12.1048 44.9187 1.6
    endloop
  endfacet
  facet normal -0 0 1
    outer loop
      vertex 11.4542 46.4893 1.6
      vertex 12.1048 44.9187 1.6
      vertex 11.7913 46.6487 1.6
    endloop
  endfacet
  facet normal 0 0 1
    outer loop
      vertex 12.1048 44.9187 1.6
      vertex 11.4542 46.4893 1.6
      vertex 11.5966 44.7368 1.6
    endloop
  endfacet
  facet normal -0 0 1
    outer loop
      vertex 11.1031 46.3636 1.6
      vertex 11.5966 44.7368 1.6
      vertex 11.4542 46.4893 1.6
    endloop
  endfacet
  facet normal 0 0 1
    outer loop
      vertex 11.1031 46.3636 1.6
      vertex 11.073 44.6057 1.6
      vertex 11.5966 44.7368 1.6
    endloop
  endfacet
  facet normal -0 0 1
    outer loop
      vertex 10.7413 46.273 1.6
      vertex 11.073 44.6057 1.6
      vertex 11.1031 46.3636 1.6
    endloop
  endfacet
  facet normal 0 0 1
    outer loop
      vertex 10.7413 46.273 1.6
      vertex 10.5391 44.5265 1.6
      vertex 11.073 44.6057 1.6
    endloop
  endfacet
  facet normal -0 0 1
    outer loop
      vertex 10.3725 46.2183 1.6
      vertex 10.5391 44.5265 1.6
      vertex 10.7413 46.273 1.6
    endloop
  endfacet
  facet normal -0 0 1
    outer loop
      vertex 10 46.2 1.6
      vertex 10.5391 44.5265 1.6
      vertex 10.3725 46.2183 1.6
    endloop
  endfacet
  facet normal 0 0 1
    outer loop
      vertex 10 46.2 1.6
      vertex 10 44.5 1.6
      vertex 10.5391 44.5265 1.6
    endloop
  endfacet
  facet normal 0 0 1
    outer loop
      vertex 9.62754 46.2183 1.6
      vertex 10 44.5 1.6
      vertex 10 46.2 1.6
    endloop
  endfacet
  facet normal 0 0 1
    outer loop
      vertex 9.62754 46.2183 1.6
      vertex 9.46091 44.5265 1.6
      vertex 10 44.5 1.6
    endloop
  endfacet
  facet normal 0 0 1
    outer loop
      vertex 9.25866 46.273 1.6
      vertex 9.46091 44.5265 1.6
      vertex 9.62754 46.2183 1.6
    endloop
  endfacet
  facet normal 0 0 1
    outer loop
      vertex 9.25866 46.273 1.6
      vertex 8.927 44.6057 1.6
      vertex 9.46091 44.5265 1.6
    endloop
  endfacet
  facet normal 0 0 1
    outer loop
      vertex 8.89692 46.3636 1.6
      vertex 8.927 44.6057 1.6
      vertex 9.25866 46.273 1.6
    endloop
  endfacet
  facet normal 0 0 1
    outer loop
      vertex 8.40343 44.7368 1.6
      vertex 8.89692 46.3636 1.6
      vertex 8.5458 46.4893 1.6
    endloop
  endfacet
  facet normal 0 0 1
    outer loop
      vertex 8.89692 46.3636 1.6
      vertex 8.40343 44.7368 1.6
      vertex 8.927 44.6057 1.6
    endloop
  endfacet
  facet normal 0 0 1
    outer loop
      vertex 7.89524 44.9187 1.6
      vertex 8.5458 46.4893 1.6
      vertex 8.20869 46.6487 1.6
    endloop
  endfacet
  facet normal 0 0 1
    outer loop
      vertex 8.5458 46.4893 1.6
      vertex 7.89524 44.9187 1.6
      vertex 8.40343 44.7368 1.6
    endloop
  endfacet
  facet normal 0 0 1
    outer loop
      vertex 7.40732 45.1494 1.6
      vertex 8.20869 46.6487 1.6
      vertex 7.88883 46.8404 1.6
    endloop
  endfacet
  facet normal 0 0 1
    outer loop
      vertex 6.94436 45.4269 1.6
      vertex 7.88883 46.8404 1.6
      vertex 7.58931 47.0626 1.6
    endloop
  endfacet
  facet normal 0 0 1
    outer loop
      vertex 8.20869 46.6487 1.6
      vertex 7.40732 45.1494 1.6
      vertex 7.89524 44.9187 1.6
    endloop
  endfacet
  facet normal 0 0 1
    outer loop
      vertex 6.51084 45.7484 1.6
      vertex 7.58931 47.0626 1.6
      vertex 7.31299 47.313 1.6
    endloop
  endfacet
  facet normal 0 0 1
    outer loop
      vertex 6.11091 46.1109 1.6
      vertex 7.31299 47.313 1.6
      vertex 7.06256 47.5893 1.6
    endloop
  endfacet
  facet normal 0 0 1
    outer loop
      vertex 7.88883 46.8404 1.6
      vertex 6.94436 45.4269 1.6
      vertex 7.40732 45.1494 1.6
    endloop
  endfacet
  facet normal 0 0 1
    outer loop
      vertex 5.74844 46.5108 1.6
      vertex 7.06256 47.5893 1.6
      vertex 6.84042 47.8888 1.6
    endloop
  endfacet
  facet normal 0 0 1
    outer loop
      vertex 5.42692 46.9444 1.6
      vertex 6.84042 47.8888 1.6
      vertex 6.6487 48.2087 1.6
    endloop
  endfacet
  facet normal 0 0 1
    outer loop
      vertex 7.58931 47.0626 1.6
      vertex 6.51084 45.7484 1.6
      vertex 6.94436 45.4269 1.6
    endloop
  endfacet
  facet normal 0 0 1
    outer loop
      vertex 5.14943 47.4073 1.6
      vertex 6.6487 48.2087 1.6
      vertex 6.48926 48.5458 1.6
    endloop
  endfacet
  facet normal 0 0 1
    outer loop
      vertex 4.91866 47.8952 1.6
      vertex 6.48926 48.5458 1.6
      vertex 6.36363 48.8969 1.6
    endloop
  endfacet
  facet normal 0 0 1
    outer loop
      vertex 4.73683 48.4034 1.6
      vertex 6.36363 48.8969 1.6
      vertex 6.27302 49.2587 1.6
    endloop
  endfacet
  facet normal 0 0 1
    outer loop
      vertex 4.60568 48.927 1.6
      vertex 6.27302 49.2587 1.6
      vertex 6.2183 49.6275 1.6
    endloop
  endfacet
  facet normal 0 0 1
    outer loop
      vertex 7.31299 47.313 1.6
      vertex 6.11091 46.1109 1.6
      vertex 6.51084 45.7484 1.6
    endloop
  endfacet
  facet normal 0 0 1
    outer loop
      vertex 4.52648 49.4609 1.6
      vertex 6.2183 49.6275 1.6
      vertex 6.2 50 1.6
    endloop
  endfacet
  facet normal 0 0 1
    outer loop
      vertex 6.48926 51.4542 1.6
      vertex 4.91866 52.1048 1.6
      vertex 6.36363 51.1031 1.6
    endloop
  endfacet
  facet normal -0 0 1
    outer loop
      vertex 4.73683 51.5966 1.6
      vertex 6.36363 51.1031 1.6
      vertex 4.91866 52.1048 1.6
    endloop
  endfacet
  facet normal 0 0 1
    outer loop
      vertex 7.06256 47.5893 1.6
      vertex 5.74844 46.5108 1.6
      vertex 6.11091 46.1109 1.6
    endloop
  endfacet
  facet normal 0 0 1
    outer loop
      vertex 6.36363 51.1031 1.6
      vertex 4.73683 51.5966 1.6
      vertex 6.27302 50.7413 1.6
    endloop
  endfacet
  facet normal 0 0 1
    outer loop
      vertex 6.84042 47.8888 1.6
      vertex 5.42692 46.9444 1.6
      vertex 5.74844 46.5108 1.6
    endloop
  endfacet
  facet normal -0 0 1
    outer loop
      vertex 4.60568 51.073 1.6
      vertex 6.27302 50.7413 1.6
      vertex 4.73683 51.5966 1.6
    endloop
  endfacet
  facet normal 0 0 1
    outer loop
      vertex 6.6487 48.2087 1.6
      vertex 5.14943 47.4073 1.6
      vertex 5.42692 46.9444 1.6
    endloop
  endfacet
  facet normal 0 0 1
    outer loop
      vertex 6.27302 50.7413 1.6
      vertex 4.60568 51.073 1.6
      vertex 6.2183 50.3725 1.6
    endloop
  endfacet
  facet normal 0 0 1
    outer loop
      vertex 6.48926 48.5458 1.6
      vertex 4.91866 47.8952 1.6
      vertex 5.14943 47.4073 1.6
    endloop
  endfacet
  facet normal -0 0 1
    outer loop
      vertex 4.52648 50.5391 1.6
      vertex 6.2183 50.3725 1.6
      vertex 4.60568 51.073 1.6
    endloop
  endfacet
  facet normal 0 0 1
    outer loop
      vertex 6.36363 48.8969 1.6
      vertex 4.73683 48.4034 1.6
      vertex 4.91866 47.8952 1.6
    endloop
  endfacet
  facet normal 0 0 1
    outer loop
      vertex 6.2183 50.3725 1.6
      vertex 4.52648 50.5391 1.6
      vertex 6.2 50 1.6
    endloop
  endfacet
  facet normal 0 0 1
    outer loop
      vertex 6.27302 49.2587 1.6
      vertex 4.60568 48.927 1.6
      vertex 4.73683 48.4034 1.6
    endloop
  endfacet
  facet normal 0 0 1
    outer loop
      vertex 4.5 50 1.6
      vertex 6.2 50 1.6
      vertex 4.52648 50.5391 1.6
    endloop
  endfacet
  facet normal 0 0 1
    outer loop
      vertex 6.2183 49.6275 1.6
      vertex 4.52648 49.4609 1.6
      vertex 4.60568 48.927 1.6
    endloop
  endfacet
  facet normal 0 0 1
    outer loop
      vertex 6.2 50 1.6
      vertex 4.5 50 1.6
      vertex 4.52648 49.4609 1.6
    endloop
  endfacet
  facet normal 0.671612 0.740903 -0
    outer loop
      vertex 13.8891 53.8891 0
      vertex 13.4892 54.2516 1.6
      vertex 13.8891 53.8891 1.6
    endloop
  endfacet
  facet normal 0.671612 0.740903 0
    outer loop
      vertex 13.4892 54.2516 1.6
      vertex 13.8891 53.8891 0
      vertex 13.4892 54.2516 0
    endloop
  endfacet
  facet normal -0.595675 -0.803226 0
    outer loop
      vertex 6.51084 45.7484 0
      vertex 6.94436 45.4269 1.6
      vertex 6.51084 45.7484 1.6
    endloop
  endfacet
  facet normal -0.595675 -0.803226 -0
    outer loop
      vertex 6.94436 45.4269 1.6
      vertex 6.51084 45.7484 0
      vertex 6.94436 45.4269 0
    endloop
  endfacet
  facet normal -0.427451 0.904039 0
    outer loop
      vertex 7.89524 55.0813 0
      vertex 7.40732 54.8506 1.6
      vertex 7.89524 55.0813 1.6
    endloop
  endfacet
  facet normal -0.427451 0.904039 0
    outer loop
      vertex 7.40732 54.8506 1.6
      vertex 7.89524 55.0813 0
      vertex 7.40732 54.8506 0
    endloop
  endfacet
  facet normal 0.514169 0.857689 -0
    outer loop
      vertex 13.0556 54.5731 0
      vertex 12.5927 54.8506 1.6
      vertex 13.0556 54.5731 1.6
    endloop
  endfacet
  facet normal 0.514169 0.857689 0
    outer loop
      vertex 12.5927 54.8506 1.6
      vertex 13.0556 54.5731 0
      vertex 12.5927 54.8506 0
    endloop
  endfacet
  facet normal 0 0 -1
    outer loop
      vertex 11.7 50 0
      vertex 15.5 50 0
      vertex 15.4735 49.4609 0
    endloop
  endfacet
  facet normal 0 0 -1
    outer loop
      vertex 11.6421 49.56 0
      vertex 15.4735 49.4609 0
      vertex 15.3943 48.927 0
    endloop
  endfacet
  facet normal 0 0 -1
    outer loop
      vertex 15.5 50 0
      vertex 11.7 50 0
      vertex 15.4735 50.5391 0
    endloop
  endfacet
  facet normal 0 0 -1
    outer loop
      vertex 11.6421 49.56 0
      vertex 15.3943 48.927 0
      vertex 15.2632 48.4034 0
    endloop
  endfacet
  facet normal 0 0 -1
    outer loop
      vertex 11.6421 50.44 0
      vertex 15.4735 50.5391 0
      vertex 11.7 50 0
    endloop
  endfacet
  facet normal 0 0 -1
    outer loop
      vertex 11.6421 49.56 0
      vertex 15.2632 48.4034 0
      vertex 15.0813 47.8952 0
    endloop
  endfacet
  facet normal -0 0 -1
    outer loop
      vertex 15.4735 50.5391 0
      vertex 11.6421 50.44 0
      vertex 15.3943 51.073 0
    endloop
  endfacet
  facet normal 0 0 -1
    outer loop
      vertex 11.4722 49.15 0
      vertex 15.0813 47.8952 0
      vertex 14.8506 47.4073 0
    endloop
  endfacet
  facet normal -0 0 -1
    outer loop
      vertex 15.3943 51.073 0
      vertex 11.6421 50.44 0
      vertex 15.2632 51.5966 0
    endloop
  endfacet
  facet normal 0 0 -1
    outer loop
      vertex 11.4722 49.15 0
      vertex 14.8506 47.4073 0
      vertex 14.5731 46.9444 0
    endloop
  endfacet
  facet normal -0 0 -1
    outer loop
      vertex 15.2632 51.5966 0
      vertex 11.6421 50.44 0
      vertex 15.0813 52.1048 0
    endloop
  endfacet
  facet normal 0 0 -1
    outer loop
      vertex 11.4722 49.15 0
      vertex 14.5731 46.9444 0
      vertex 14.2516 46.5108 0
    endloop
  endfacet
  facet normal 0 0 -1
    outer loop
      vertex 11.4722 50.85 0
      vertex 15.0813 52.1048 0
      vertex 11.6421 50.44 0
    endloop
  endfacet
  facet normal 0 0 -1
    outer loop
      vertex 11.2021 48.7979 0
      vertex 14.2516 46.5108 0
      vertex 13.8891 46.1109 0
    endloop
  endfacet
  facet normal -0 0 -1
    outer loop
      vertex 15.0813 52.1048 0
      vertex 11.4722 50.85 0
      vertex 14.8506 52.5927 0
    endloop
  endfacet
  facet normal 0 0 -1
    outer loop
      vertex 11.2021 48.7979 0
      vertex 13.8891 46.1109 0
      vertex 13.4892 45.7484 0
    endloop
  endfacet
  facet normal -0 0 -1
    outer loop
      vertex 14.8506 52.5927 0
      vertex 11.4722 50.85 0
      vertex 14.5731 53.0556 0
    endloop
  endfacet
  facet normal 0 0 -1
    outer loop
      vertex 10.85 48.5278 0
      vertex 13.4892 45.7484 0
      vertex 13.0556 45.4269 0
    endloop
  endfacet
  facet normal -0 0 -1
    outer loop
      vertex 14.5731 53.0556 0
      vertex 11.4722 50.85 0
      vertex 14.2516 53.4892 0
    endloop
  endfacet
  facet normal 0 0 -1
    outer loop
      vertex 10.85 48.5278 0
      vertex 13.0556 45.4269 0
      vertex 12.5927 45.1494 0
    endloop
  endfacet
  facet normal 0 0 -1
    outer loop
      vertex 11.2021 51.2021 0
      vertex 14.2516 53.4892 0
      vertex 11.4722 50.85 0
    endloop
  endfacet
  facet normal 0 0 -1
    outer loop
      vertex 10.85 48.5278 0
      vertex 12.5927 45.1494 0
      vertex 12.1048 44.9187 0
    endloop
  endfacet
  facet normal -0 0 -1
    outer loop
      vertex 14.2516 53.4892 0
      vertex 11.2021 51.2021 0
      vertex 13.8891 53.8891 0
    endloop
  endfacet
  facet normal -0 0 -1
    outer loop
      vertex 13.8891 53.8891 0
      vertex 11.2021 51.2021 0
      vertex 13.4892 54.2516 0
    endloop
  endfacet
  facet normal 0 0 -1
    outer loop
      vertex 15.4735 49.4609 0
      vertex 11.6421 49.56 0
      vertex 11.7 50 0
    endloop
  endfacet
  facet normal 0 0 -1
    outer loop
      vertex 10.44 48.3579 0
      vertex 12.1048 44.9187 0
      vertex 11.5966 44.7368 0
    endloop
  endfacet
  facet normal 0 0 -1
    outer loop
      vertex 15.0813 47.8952 0
      vertex 11.4722 49.15 0
      vertex 11.6421 49.56 0
    endloop
  endfacet
  facet normal 0 0 -1
    outer loop
      vertex 14.2516 46.5108 0
      vertex 11.2021 48.7979 0
      vertex 11.4722 49.15 0
    endloop
  endfacet
  facet normal 0 0 -1
    outer loop
      vertex 10.44 48.3579 0
      vertex 11.5966 44.7368 0
      vertex 11.073 44.6057 0
    endloop
  endfacet
  facet normal 0 0 -1
    outer loop
      vertex 13.4892 45.7484 0
      vertex 10.85 48.5278 0
      vertex 11.2021 48.7979 0
    endloop
  endfacet
  facet normal 0 0 -1
    outer loop
      vertex 10.44 48.3579 0
      vertex 11.073 44.6057 0
      vertex 10.5391 44.5265 0
    endloop
  endfacet
  facet normal 0 0 -1
    outer loop
      vertex 12.1048 44.9187 0
      vertex 10.44 48.3579 0
      vertex 10.85 48.5278 0
    endloop
  endfacet
  facet normal 0 0 -1
    outer loop
      vertex 10 48.3 0
      vertex 10.5391 44.5265 0
      vertex 10 44.5 0
    endloop
  endfacet
  facet normal 0 0 -1
    outer loop
      vertex 10.5391 44.5265 0
      vertex 10 48.3 0
      vertex 10.44 48.3579 0
    endloop
  endfacet
  facet normal 0 0 -1
    outer loop
      vertex 9.46091 44.5265 0
      vertex 10 48.3 0
      vertex 10 44.5 0
    endloop
  endfacet
  facet normal -0 0 -1
    outer loop
      vertex 10 48.3 0
      vertex 9.46091 44.5265 0
      vertex 9.56001 48.3579 0
    endloop
  endfacet
  facet normal 0 0 -1
    outer loop
      vertex 8.927 44.6057 0
      vertex 9.56001 48.3579 0
      vertex 9.46091 44.5265 0
    endloop
  endfacet
  facet normal 0 0 -1
    outer loop
      vertex 8.40343 44.7368 0
      vertex 9.56001 48.3579 0
      vertex 8.927 44.6057 0
    endloop
  endfacet
  facet normal 0 0 -1
    outer loop
      vertex 7.89524 44.9187 0
      vertex 9.56001 48.3579 0
      vertex 8.40343 44.7368 0
    endloop
  endfacet
  facet normal -0 0 -1
    outer loop
      vertex 9.56001 48.3579 0
      vertex 7.89524 44.9187 0
      vertex 9.15 48.5278 0
    endloop
  endfacet
  facet normal 0 0 -1
    outer loop
      vertex 7.40732 45.1494 0
      vertex 9.15 48.5278 0
      vertex 7.89524 44.9187 0
    endloop
  endfacet
  facet normal 0 0 -1
    outer loop
      vertex 6.94436 45.4269 0
      vertex 9.15 48.5278 0
      vertex 7.40732 45.1494 0
    endloop
  endfacet
  facet normal 0 0 -1
    outer loop
      vertex 6.51084 45.7484 0
      vertex 9.15 48.5278 0
      vertex 6.94436 45.4269 0
    endloop
  endfacet
  facet normal -0 0 -1
    outer loop
      vertex 9.15 48.5278 0
      vertex 6.51084 45.7484 0
      vertex 8.79792 48.7979 0
    endloop
  endfacet
  facet normal 0 0 -1
    outer loop
      vertex 10.85 51.4722 0
      vertex 13.4892 54.2516 0
      vertex 11.2021 51.2021 0
    endloop
  endfacet
  facet normal -0 0 -1
    outer loop
      vertex 13.4892 54.2516 0
      vertex 10.85 51.4722 0
      vertex 13.0556 54.5731 0
    endloop
  endfacet
  facet normal -0 0 -1
    outer loop
      vertex 13.0556 54.5731 0
      vertex 10.85 51.4722 0
      vertex 12.5927 54.8506 0
    endloop
  endfacet
  facet normal -0 0 -1
    outer loop
      vertex 12.5927 54.8506 0
      vertex 10.85 51.4722 0
      vertex 12.1048 55.0813 0
    endloop
  endfacet
  facet normal 0 0 -1
    outer loop
      vertex 10.44 51.6421 0
      vertex 12.1048 55.0813 0
      vertex 10.85 51.4722 0
    endloop
  endfacet
  facet normal -0 0 -1
    outer loop
      vertex 12.1048 55.0813 0
      vertex 10.44 51.6421 0
      vertex 11.5966 55.2632 0
    endloop
  endfacet
  facet normal -0 0 -1
    outer loop
      vertex 11.5966 55.2632 0
      vertex 10.44 51.6421 0
      vertex 11.073 55.3943 0
    endloop
  endfacet
  facet normal -0 0 -1
    outer loop
      vertex 11.073 55.3943 0
      vertex 10.44 51.6421 0
      vertex 10.5391 55.4735 0
    endloop
  endfacet
  facet normal 0 0 -1
    outer loop
      vertex 10 51.7 0
      vertex 10.5391 55.4735 0
      vertex 10.44 51.6421 0
    endloop
  endfacet
  facet normal 0 0 -1
    outer loop
      vertex 10 51.7 0
      vertex 10 55.5 0
      vertex 10.5391 55.4735 0
    endloop
  endfacet
  facet normal 0 0 -1
    outer loop
      vertex 9.46091 55.4735 0
      vertex 10 51.7 0
      vertex 9.56001 51.6421 0
    endloop
  endfacet
  facet normal 0 0 -1
    outer loop
      vertex 10 51.7 0
      vertex 9.46091 55.4735 0
      vertex 10 55.5 0
    endloop
  endfacet
  facet normal 0 0 -1
    outer loop
      vertex 7.89524 55.0813 0
      vertex 9.56001 51.6421 0
      vertex 9.15 51.4722 0
    endloop
  endfacet
  facet normal 0 0 -1
    outer loop
      vertex 9.56001 51.6421 0
      vertex 8.927 55.3943 0
      vertex 9.46091 55.4735 0
    endloop
  endfacet
  facet normal 0 0 -1
    outer loop
      vertex 6.51084 54.2516 0
      vertex 9.15 51.4722 0
      vertex 8.79792 51.2021 0
    endloop
  endfacet
  facet normal 0 0 -1
    outer loop
      vertex 5.74844 53.4892 0
      vertex 8.79792 51.2021 0
      vertex 8.52776 50.85 0
    endloop
  endfacet
  facet normal 0 0 -1
    outer loop
      vertex 9.56001 51.6421 0
      vertex 8.40343 55.2632 0
      vertex 8.927 55.3943 0
    endloop
  endfacet
  facet normal 0 0 -1
    outer loop
      vertex 4.91866 52.1048 0
      vertex 8.52776 50.85 0
      vertex 8.35793 50.44 0
    endloop
  endfacet
  facet normal 0 0 -1
    outer loop
      vertex 4.52648 50.5391 0
      vertex 8.35793 50.44 0
      vertex 8.3 50 0
    endloop
  endfacet
  facet normal 0 0 -1
    outer loop
      vertex 6.11091 46.1109 0
      vertex 8.79792 48.7979 0
      vertex 6.51084 45.7484 0
    endloop
  endfacet
  facet normal 0 0 -1
    outer loop
      vertex 9.56001 51.6421 0
      vertex 7.89524 55.0813 0
      vertex 8.40343 55.2632 0
    endloop
  endfacet
  facet normal 0 0 -1
    outer loop
      vertex 5.74844 46.5108 0
      vertex 8.79792 48.7979 0
      vertex 6.11091 46.1109 0
    endloop
  endfacet
  facet normal 0 0 -1
    outer loop
      vertex 9.15 51.4722 0
      vertex 7.40732 54.8506 0
      vertex 7.89524 55.0813 0
    endloop
  endfacet
  facet normal -0 0 -1
    outer loop
      vertex 8.79792 48.7979 0
      vertex 5.74844 46.5108 0
      vertex 8.52776 49.15 0
    endloop
  endfacet
  facet normal 0 0 -1
    outer loop
      vertex 9.15 51.4722 0
      vertex 6.94436 54.5731 0
      vertex 7.40732 54.8506 0
    endloop
  endfacet
  facet normal 0 0 -1
    outer loop
      vertex 5.42692 46.9444 0
      vertex 8.52776 49.15 0
      vertex 5.74844 46.5108 0
    endloop
  endfacet
  facet normal 0 0 -1
    outer loop
      vertex 9.15 51.4722 0
      vertex 6.51084 54.2516 0
      vertex 6.94436 54.5731 0
    endloop
  endfacet
  facet normal 0 0 -1
    outer loop
      vertex 5.14943 47.4073 0
      vertex 8.52776 49.15 0
      vertex 5.42692 46.9444 0
    endloop
  endfacet
  facet normal 0 0 -1
    outer loop
      vertex 8.79792 51.2021 0
      vertex 6.11091 53.8891 0
      vertex 6.51084 54.2516 0
    endloop
  endfacet
  facet normal 0 0 -1
    outer loop
      vertex 4.91866 47.8952 0
      vertex 8.52776 49.15 0
      vertex 5.14943 47.4073 0
    endloop
  endfacet
  facet normal 0 0 -1
    outer loop
      vertex 8.79792 51.2021 0
      vertex 5.74844 53.4892 0
      vertex 6.11091 53.8891 0
    endloop
  endfacet
  facet normal -0 0 -1
    outer loop
      vertex 8.52776 49.15 0
      vertex 4.91866 47.8952 0
      vertex 8.35793 49.56 0
    endloop
  endfacet
  facet normal 0 0 -1
    outer loop
      vertex 8.52776 50.85 0
      vertex 5.42692 53.0556 0
      vertex 5.74844 53.4892 0
    endloop
  endfacet
  facet normal 0 0 -1
    outer loop
      vertex 4.73683 48.4034 0
      vertex 8.35793 49.56 0
      vertex 4.91866 47.8952 0
    endloop
  endfacet
  facet normal 0 0 -1
    outer loop
      vertex 8.52776 50.85 0
      vertex 5.14943 52.5927 0
      vertex 5.42692 53.0556 0
    endloop
  endfacet
  facet normal 0 0 -1
    outer loop
      vertex 4.60568 48.927 0
      vertex 8.35793 49.56 0
      vertex 4.73683 48.4034 0
    endloop
  endfacet
  facet normal 0 0 -1
    outer loop
      vertex 8.52776 50.85 0
      vertex 4.91866 52.1048 0
      vertex 5.14943 52.5927 0
    endloop
  endfacet
  facet normal 0 0 -1
    outer loop
      vertex 4.52648 49.4609 0
      vertex 8.35793 49.56 0
      vertex 4.60568 48.927 0
    endloop
  endfacet
  facet normal 0 0 -1
    outer loop
      vertex 8.35793 50.44 0
      vertex 4.73683 51.5966 0
      vertex 4.91866 52.1048 0
    endloop
  endfacet
  facet normal -0 0 -1
    outer loop
      vertex 8.35793 49.56 0
      vertex 4.52648 49.4609 0
      vertex 8.3 50 0
    endloop
  endfacet
  facet normal 0 0 -1
    outer loop
      vertex 8.35793 50.44 0
      vertex 4.60568 51.073 0
      vertex 4.73683 51.5966 0
    endloop
  endfacet
  facet normal 0 0 -1
    outer loop
      vertex 4.5 50 0
      vertex 8.3 50 0
      vertex 4.52648 49.4609 0
    endloop
  endfacet
  facet normal 0 0 -1
    outer loop
      vertex 8.35793 50.44 0
      vertex 4.52648 50.5391 0
      vertex 4.60568 51.073 0
    endloop
  endfacet
  facet normal 0 0 -1
    outer loop
      vertex 8.3 50 0
      vertex 4.5 50 0
      vertex 4.52648 50.5391 0
    endloop
  endfacet
  facet normal -0.427451 -0.904039 0
    outer loop
      vertex 7.40732 45.1494 0
      vertex 7.89524 44.9187 1.6
      vertex 7.40732 45.1494 1.6
    endloop
  endfacet
  facet normal -0.427451 -0.904039 -0
    outer loop
      vertex 7.89524 44.9187 1.6
      vertex 7.40732 45.1494 0
      vertex 7.89524 44.9187 0
    endloop
  endfacet
  facet normal -0.242897 -0.970052 0
    outer loop
      vertex 8.40343 44.7368 0
      vertex 8.927 44.6057 1.6
      vertex 8.40343 44.7368 1.6
    endloop
  endfacet
  facet normal -0.242897 -0.970052 -0
    outer loop
      vertex 8.927 44.6057 1.6
      vertex 8.40343 44.7368 0
      vertex 8.927 44.6057 0
    endloop
  endfacet
  facet normal -0.998796 -0.0490598 0
    outer loop
      vertex 4.52648 49.4609 0
      vertex 4.5 50 1.6
      vertex 4.5 50 0
    endloop
  endfacet
  facet normal -0.998796 -0.0490598 0
    outer loop
      vertex 4.5 50 1.6
      vertex 4.52648 49.4609 0
      vertex 4.52648 49.4609 1.6
    endloop
  endfacet
  facet normal 0.595604 0.803278 -0
    outer loop
      vertex 13.4892 54.2516 0
      vertex 13.0556 54.5731 1.6
      vertex 13.4892 54.2516 1.6
    endloop
  endfacet
  facet normal 0.595604 0.803278 0
    outer loop
      vertex 13.0556 54.5731 1.6
      vertex 13.4892 54.2516 0
      vertex 13.0556 54.5731 0
    endloop
  endfacet
  facet normal 0.970055 -0.242884 0
    outer loop
      vertex 15.2632 48.4034 1.6
      vertex 15.3943 48.927 0
      vertex 15.3943 48.927 1.6
    endloop
  endfacet
  facet normal 0.970055 -0.242884 0
    outer loop
      vertex 15.3943 48.927 0
      vertex 15.2632 48.4034 1.6
      vertex 15.2632 48.4034 0
    endloop
  endfacet
  facet normal -0.336999 -0.941505 0
    outer loop
      vertex 7.89524 44.9187 0
      vertex 8.40343 44.7368 1.6
      vertex 7.89524 44.9187 1.6
    endloop
  endfacet
  facet normal -0.336999 -0.941505 -0
    outer loop
      vertex 8.40343 44.7368 1.6
      vertex 7.89524 44.9187 0
      vertex 8.40343 44.7368 0
    endloop
  endfacet
  facet normal 0.242884 0.970055 -0
    outer loop
      vertex 11.5966 55.2632 0
      vertex 11.073 55.3943 1.6
      vertex 11.5966 55.2632 1.6
    endloop
  endfacet
  facet normal 0.242884 0.970055 0
    outer loop
      vertex 11.073 55.3943 1.6
      vertex 11.5966 55.2632 0
      vertex 11.073 55.3943 0
    endloop
  endfacet
  facet normal -0.740931 0.671581 0
    outer loop
      vertex 5.74844 53.4892 0
      vertex 6.11091 53.8891 1.6
      vertex 6.11091 53.8891 0
    endloop
  endfacet
  facet normal -0.740931 0.671581 0
    outer loop
      vertex 6.11091 53.8891 1.6
      vertex 5.74844 53.4892 0
      vertex 5.74844 53.4892 1.6
    endloop
  endfacet
  facet normal 0.0490967 -0.998794 0
    outer loop
      vertex 10 44.5 0
      vertex 10.5391 44.5265 1.6
      vertex 10 44.5 1.6
    endloop
  endfacet
  facet normal 0.0490967 -0.998794 0
    outer loop
      vertex 10.5391 44.5265 1.6
      vertex 10 44.5 0
      vertex 10.5391 44.5265 0
    endloop
  endfacet
  facet normal 0.803278 0.595604 0
    outer loop
      vertex 14.5731 53.0556 1.6
      vertex 14.2516 53.4892 0
      vertex 14.2516 53.4892 1.6
    endloop
  endfacet
  facet normal 0.803278 0.595604 0
    outer loop
      vertex 14.2516 53.4892 0
      vertex 14.5731 53.0556 1.6
      vertex 14.5731 53.0556 0
    endloop
  endfacet
  facet normal -0.970033 -0.242972 0
    outer loop
      vertex 4.73683 48.4034 0
      vertex 4.60568 48.927 1.6
      vertex 4.60568 48.927 0
    endloop
  endfacet
  facet normal -0.970033 -0.242972 0
    outer loop
      vertex 4.60568 48.927 1.6
      vertex 4.73683 48.4034 0
      vertex 4.73683 48.4034 1.6
    endloop
  endfacet
  facet normal -0.903982 -0.427571 0
    outer loop
      vertex 5.14943 47.4073 0
      vertex 4.91866 47.8952 1.6
      vertex 4.91866 47.8952 0
    endloop
  endfacet
  facet normal -0.903982 -0.427571 0
    outer loop
      vertex 4.91866 47.8952 1.6
      vertex 5.14943 47.4073 0
      vertex 5.14943 47.4073 1.6
    endloop
  endfacet
  facet normal 0.0490967 0.998794 -0
    outer loop
      vertex 10.5391 55.4735 0
      vertex 10 55.5 1.6
      vertex 10.5391 55.4735 1.6
    endloop
  endfacet
  facet normal 0.0490967 0.998794 0
    outer loop
      vertex 10 55.5 1.6
      vertex 10.5391 55.4735 0
      vertex 10 55.5 0
    endloop
  endfacet
  facet normal 0.989176 -0.146737 0
    outer loop
      vertex 15.3943 48.927 1.6
      vertex 15.4735 49.4609 0
      vertex 15.4735 49.4609 1.6
    endloop
  endfacet
  facet normal 0.989176 -0.146737 0
    outer loop
      vertex 15.4735 49.4609 0
      vertex 15.3943 48.927 1.6
      vertex 15.3943 48.927 0
    endloop
  endfacet
  facet normal 0.514169 -0.857689 0
    outer loop
      vertex 12.5927 45.1494 0
      vertex 13.0556 45.4269 1.6
      vertex 12.5927 45.1494 1.6
    endloop
  endfacet
  facet normal 0.514169 -0.857689 0
    outer loop
      vertex 13.0556 45.4269 1.6
      vertex 12.5927 45.1494 0
      vertex 13.0556 45.4269 0
    endloop
  endfacet
  facet normal 0.904032 -0.427465 0
    outer loop
      vertex 14.8506 47.4073 1.6
      vertex 15.0813 47.8952 0
      vertex 15.0813 47.8952 1.6
    endloop
  endfacet
  facet normal 0.904032 -0.427465 0
    outer loop
      vertex 15.0813 47.8952 0
      vertex 14.8506 47.4073 1.6
      vertex 14.8506 47.4073 0
    endloop
  endfacet
  facet normal 0.336994 0.941507 -0
    outer loop
      vertex 12.1048 55.0813 0
      vertex 11.5966 55.2632 1.6
      vertex 12.1048 55.0813 1.6
    endloop
  endfacet
  facet normal 0.336994 0.941507 0
    outer loop
      vertex 11.5966 55.2632 1.6
      vertex 12.1048 55.0813 0
      vertex 11.5966 55.2632 0
    endloop
  endfacet
  facet normal 0.740903 0.671612 0
    outer loop
      vertex 14.2516 53.4892 1.6
      vertex 13.8891 53.8891 0
      vertex 13.8891 53.8891 1.6
    endloop
  endfacet
  facet normal 0.740903 0.671612 0
    outer loop
      vertex 13.8891 53.8891 0
      vertex 14.2516 53.4892 1.6
      vertex 14.2516 53.4892 0
    endloop
  endfacet
  facet normal 0.998794 -0.0490967 0
    outer loop
      vertex 15.4735 49.4609 1.6
      vertex 15.5 50 0
      vertex 15.5 50 1.6
    endloop
  endfacet
  facet normal 0.998794 -0.0490967 0
    outer loop
      vertex 15.5 50 0
      vertex 15.4735 49.4609 1.6
      vertex 15.4735 49.4609 0
    endloop
  endfacet
  facet normal -0.941548 -0.336879 0
    outer loop
      vertex 4.91866 47.8952 0
      vertex 4.73683 48.4034 1.6
      vertex 4.73683 48.4034 0
    endloop
  endfacet
  facet normal -0.941548 -0.336879 0
    outer loop
      vertex 4.73683 48.4034 1.6
      vertex 4.91866 47.8952 0
      vertex 4.91866 47.8952 1.6
    endloop
  endfacet
  facet normal -0.941548 0.336879 0
    outer loop
      vertex 4.73683 51.5966 0
      vertex 4.91866 52.1048 1.6
      vertex 4.91866 52.1048 0
    endloop
  endfacet
  facet normal -0.941548 0.336879 0
    outer loop
      vertex 4.91866 52.1048 1.6
      vertex 4.73683 51.5966 0
      vertex 4.73683 51.5966 1.6
    endloop
  endfacet
  facet normal -0.857697 -0.514155 0
    outer loop
      vertex 5.42692 46.9444 0
      vertex 5.14943 47.4073 1.6
      vertex 5.14943 47.4073 0
    endloop
  endfacet
  facet normal -0.857697 -0.514155 0
    outer loop
      vertex 5.14943 47.4073 1.6
      vertex 5.42692 46.9444 0
      vertex 5.42692 46.9444 1.6
    endloop
  endfacet
  facet normal 0.242884 -0.970055 0
    outer loop
      vertex 11.073 44.6057 0
      vertex 11.5966 44.7368 1.6
      vertex 11.073 44.6057 1.6
    endloop
  endfacet
  facet normal 0.242884 -0.970055 0
    outer loop
      vertex 11.5966 44.7368 1.6
      vertex 11.073 44.6057 0
      vertex 11.5966 44.7368 0
    endloop
  endfacet
  facet normal 0.146737 -0.989176 0
    outer loop
      vertex 10.5391 44.5265 0
      vertex 11.073 44.6057 1.6
      vertex 10.5391 44.5265 1.6
    endloop
  endfacet
  facet normal 0.146737 -0.989176 0
    outer loop
      vertex 11.073 44.6057 1.6
      vertex 10.5391 44.5265 0
      vertex 11.073 44.6057 0
    endloop
  endfacet
  facet normal 0.941507 0.336994 0
    outer loop
      vertex 15.2632 51.5966 1.6
      vertex 15.0813 52.1048 0
      vertex 15.0813 52.1048 1.6
    endloop
  endfacet
  facet normal 0.941507 0.336994 0
    outer loop
      vertex 15.0813 52.1048 0
      vertex 15.2632 51.5966 1.6
      vertex 15.2632 51.5966 0
    endloop
  endfacet
  facet normal -0.998796 0.0490598 0
    outer loop
      vertex 4.5 50 0
      vertex 4.52648 50.5391 1.6
      vertex 4.52648 50.5391 0
    endloop
  endfacet
  facet normal -0.998796 0.0490598 0
    outer loop
      vertex 4.52648 50.5391 1.6
      vertex 4.5 50 0
      vertex 4.5 50 1.6
    endloop
  endfacet
  facet normal 0.803278 -0.595604 0
    outer loop
      vertex 14.2516 46.5108 1.6
      vertex 14.5731 46.9444 0
      vertex 14.5731 46.9444 1.6
    endloop
  endfacet
  facet normal 0.803278 -0.595604 0
    outer loop
      vertex 14.5731 46.9444 0
      vertex 14.2516 46.5108 1.6
      vertex 14.2516 46.5108 0
    endloop
  endfacet
  facet normal 0.857689 -0.514169 0
    outer loop
      vertex 14.5731 46.9444 1.6
      vertex 14.8506 47.4073 0
      vertex 14.8506 47.4073 1.6
    endloop
  endfacet
  facet normal 0.857689 -0.514169 0
    outer loop
      vertex 14.8506 47.4073 0
      vertex 14.5731 46.9444 1.6
      vertex 14.5731 46.9444 0
    endloop
  endfacet
  facet normal -0.242897 0.970052 0
    outer loop
      vertex 8.927 55.3943 0
      vertex 8.40343 55.2632 1.6
      vertex 8.927 55.3943 1.6
    endloop
  endfacet
  facet normal -0.242897 0.970052 0
    outer loop
      vertex 8.40343 55.2632 1.6
      vertex 8.927 55.3943 0
      vertex 8.40343 55.2632 0
    endloop
  endfacet
  facet normal 0.941507 -0.336994 0
    outer loop
      vertex 15.0813 47.8952 1.6
      vertex 15.2632 48.4034 0
      vertex 15.2632 48.4034 1.6
    endloop
  endfacet
  facet normal 0.941507 -0.336994 0
    outer loop
      vertex 15.2632 48.4034 0
      vertex 15.0813 47.8952 1.6
      vertex 15.0813 47.8952 0
    endloop
  endfacet
  facet normal 0.904032 0.427465 0
    outer loop
      vertex 15.0813 52.1048 1.6
      vertex 14.8506 52.5927 0
      vertex 14.8506 52.5927 1.6
    endloop
  endfacet
  facet normal 0.904032 0.427465 0
    outer loop
      vertex 14.8506 52.5927 0
      vertex 15.0813 52.1048 1.6
      vertex 15.0813 52.1048 0
    endloop
  endfacet
  facet normal -0.146734 -0.989176 0
    outer loop
      vertex 8.927 44.6057 0
      vertex 9.46091 44.5265 1.6
      vertex 8.927 44.6057 1.6
    endloop
  endfacet
  facet normal -0.146734 -0.989176 -0
    outer loop
      vertex 9.46091 44.5265 1.6
      vertex 8.927 44.6057 0
      vertex 9.46091 44.5265 0
    endloop
  endfacet
  facet normal 0.857689 0.514169 0
    outer loop
      vertex 14.8506 52.5927 1.6
      vertex 14.5731 53.0556 0
      vertex 14.5731 53.0556 1.6
    endloop
  endfacet
  facet normal 0.857689 0.514169 0
    outer loop
      vertex 14.5731 53.0556 0
      vertex 14.8506 52.5927 1.6
      vertex 14.8506 52.5927 0
    endloop
  endfacet
  facet normal -0.336999 0.941505 0
    outer loop
      vertex 8.40343 55.2632 0
      vertex 7.89524 55.0813 1.6
      vertex 8.40343 55.2632 1.6
    endloop
  endfacet
  facet normal -0.336999 0.941505 0
    outer loop
      vertex 7.89524 55.0813 1.6
      vertex 8.40343 55.2632 0
      vertex 7.89524 55.0813 0
    endloop
  endfacet
  facet normal -0.740931 -0.671581 0
    outer loop
      vertex 6.11091 46.1109 0
      vertex 5.74844 46.5108 1.6
      vertex 5.74844 46.5108 0
    endloop
  endfacet
  facet normal -0.740931 -0.671581 0
    outer loop
      vertex 5.74844 46.5108 1.6
      vertex 6.11091 46.1109 0
      vertex 6.11091 46.1109 1.6
    endloop
  endfacet
  facet normal -0.671584 0.740928 0
    outer loop
      vertex 6.51084 54.2516 0
      vertex 6.11091 53.8891 1.6
      vertex 6.51084 54.2516 1.6
    endloop
  endfacet
  facet normal -0.671584 0.740928 0
    outer loop
      vertex 6.11091 53.8891 1.6
      vertex 6.51084 54.2516 0
      vertex 6.11091 53.8891 0
    endloop
  endfacet
  facet normal -0.903982 0.427571 0
    outer loop
      vertex 4.91866 52.1048 0
      vertex 5.14943 52.5927 1.6
      vertex 5.14943 52.5927 0
    endloop
  endfacet
  facet normal -0.903982 0.427571 0
    outer loop
      vertex 5.14943 52.5927 1.6
      vertex 4.91866 52.1048 0
      vertex 4.91866 52.1048 1.6
    endloop
  endfacet
  facet normal -0.51412 -0.857718 0
    outer loop
      vertex 6.94436 45.4269 0
      vertex 7.40732 45.1494 1.6
      vertex 6.94436 45.4269 1.6
    endloop
  endfacet
  facet normal -0.51412 -0.857718 -0
    outer loop
      vertex 7.40732 45.1494 1.6
      vertex 6.94436 45.4269 0
      vertex 7.40732 45.1494 0
    endloop
  endfacet
  facet normal 0.671612 -0.740903 0
    outer loop
      vertex 13.4892 45.7484 0
      vertex 13.8891 46.1109 1.6
      vertex 13.4892 45.7484 1.6
    endloop
  endfacet
  facet normal 0.671612 -0.740903 0
    outer loop
      vertex 13.8891 46.1109 1.6
      vertex 13.4892 45.7484 0
      vertex 13.8891 46.1109 0
    endloop
  endfacet
  facet normal -0.80326 -0.595628 0
    outer loop
      vertex 5.74844 46.5108 0
      vertex 5.42692 46.9444 1.6
      vertex 5.42692 46.9444 0
    endloop
  endfacet
  facet normal -0.80326 -0.595628 0
    outer loop
      vertex 5.42692 46.9444 1.6
      vertex 5.74844 46.5108 0
      vertex 5.74844 46.5108 1.6
    endloop
  endfacet
  facet normal -0.989176 -0.146737 0
    outer loop
      vertex 4.60568 48.927 0
      vertex 4.52648 49.4609 1.6
      vertex 4.52648 49.4609 0
    endloop
  endfacet
  facet normal -0.989176 -0.146737 0
    outer loop
      vertex 4.52648 49.4609 1.6
      vertex 4.60568 48.927 0
      vertex 4.60568 48.927 1.6
    endloop
  endfacet
  facet normal 0.595604 -0.803278 0
    outer loop
      vertex 13.0556 45.4269 0
      vertex 13.4892 45.7484 1.6
      vertex 13.0556 45.4269 1.6
    endloop
  endfacet
  facet normal 0.595604 -0.803278 0
    outer loop
      vertex 13.4892 45.7484 1.6
      vertex 13.0556 45.4269 0
      vertex 13.4892 45.7484 0
    endloop
  endfacet
  facet normal -0.671584 -0.740928 0
    outer loop
      vertex 6.11091 46.1109 0
      vertex 6.51084 45.7484 1.6
      vertex 6.11091 46.1109 1.6
    endloop
  endfacet
  facet normal -0.671584 -0.740928 -0
    outer loop
      vertex 6.51084 45.7484 1.6
      vertex 6.11091 46.1109 0
      vertex 6.51084 45.7484 0
    endloop
  endfacet
  facet normal -0.80326 0.595628 0
    outer loop
      vertex 5.42692 53.0556 0
      vertex 5.74844 53.4892 1.6
      vertex 5.74844 53.4892 0
    endloop
  endfacet
  facet normal -0.80326 0.595628 0
    outer loop
      vertex 5.74844 53.4892 1.6
      vertex 5.42692 53.0556 0
      vertex 5.42692 53.0556 1.6
    endloop
  endfacet
  facet normal -0.0490976 -0.998794 0
    outer loop
      vertex 9.46091 44.5265 0
      vertex 10 44.5 1.6
      vertex 9.46091 44.5265 1.6
    endloop
  endfacet
  facet normal -0.0490976 -0.998794 -0
    outer loop
      vertex 10 44.5 1.6
      vertex 9.46091 44.5265 0
      vertex 10 44.5 0
    endloop
  endfacet
  facet normal -0.989176 0.146737 0
    outer loop
      vertex 4.52648 50.5391 0
      vertex 4.60568 51.073 1.6
      vertex 4.60568 51.073 0
    endloop
  endfacet
  facet normal -0.989176 0.146737 0
    outer loop
      vertex 4.60568 51.073 1.6
      vertex 4.52648 50.5391 0
      vertex 4.52648 50.5391 1.6
    endloop
  endfacet
  facet normal 0.740903 -0.671612 0
    outer loop
      vertex 13.8891 46.1109 1.6
      vertex 14.2516 46.5108 0
      vertex 14.2516 46.5108 1.6
    endloop
  endfacet
  facet normal 0.740903 -0.671612 0
    outer loop
      vertex 14.2516 46.5108 0
      vertex 13.8891 46.1109 1.6
      vertex 13.8891 46.1109 0
    endloop
  endfacet
  facet normal -0.857697 0.514155 0
    outer loop
      vertex 5.14943 52.5927 0
      vertex 5.42692 53.0556 1.6
      vertex 5.42692 53.0556 0
    endloop
  endfacet
  facet normal -0.857697 0.514155 0
    outer loop
      vertex 5.42692 53.0556 1.6
      vertex 5.14943 52.5927 0
      vertex 5.14943 52.5927 1.6
    endloop
  endfacet
  facet normal 0.989179 0.146714 0
    outer loop
      vertex 13.7817 50.3725 8.3
      vertex 13.727 50.7413 1.6
      vertex 13.727 50.7413 8.3
    endloop
  endfacet
  facet normal 0.989179 0.146714 0
    outer loop
      vertex 13.727 50.7413 1.6
      vertex 13.7817 50.3725 8.3
      vertex 13.7817 50.3725 1.6
    endloop
  endfacet
  facet normal 0.998795 0.0490683 0
    outer loop
      vertex 13.8 50 8.3
      vertex 13.7817 50.3725 1.6
      vertex 13.7817 50.3725 8.3
    endloop
  endfacet
  facet normal 0.998795 0.0490683 0
    outer loop
      vertex 13.7817 50.3725 1.6
      vertex 13.8 50 8.3
      vertex 13.8 50 1.6
    endloop
  endfacet
  facet normal 0.970048 0.242914 0
    outer loop
      vertex 13.727 50.7413 8.3
      vertex 13.6364 51.1031 1.6
      vertex 13.6364 51.1031 8.3
    endloop
  endfacet
  facet normal 0.970048 0.242914 0
    outer loop
      vertex 13.6364 51.1031 1.6
      vertex 13.727 50.7413 8.3
      vertex 13.727 50.7413 1.6
    endloop
  endfacet
  facet normal 0.337067 -0.941481 0
    outer loop
      vertex 11.1031 46.3636 1.6
      vertex 11.4542 46.4893 8.3
      vertex 11.1031 46.3636 8.3
    endloop
  endfacet
  facet normal 0.337067 -0.941481 0
    outer loop
      vertex 11.4542 46.4893 8.3
      vertex 11.1031 46.3636 1.6
      vertex 11.4542 46.4893 1.6
    endloop
  endfacet
  facet normal 0.427475 0.904027 -0
    outer loop
      vertex 11.7913 53.3513 1.6
      vertex 11.4542 53.5107 8.3
      vertex 11.7913 53.3513 8.3
    endloop
  endfacet
  facet normal 0.427475 0.904027 0
    outer loop
      vertex 11.4542 53.5107 8.3
      vertex 11.7913 53.3513 1.6
      vertex 11.4542 53.5107 1.6
    endloop
  endfacet
  facet normal 0.998795 -0.0490683 0
    outer loop
      vertex 13.7817 49.6275 8.3
      vertex 13.8 50 1.6
      vertex 13.8 50 8.3
    endloop
  endfacet
  facet normal 0.998795 -0.0490683 0
    outer loop
      vertex 13.8 50 1.6
      vertex 13.7817 49.6275 8.3
      vertex 13.7817 49.6275 1.6
    endloop
  endfacet
  facet normal 0.989179 -0.146714 0
    outer loop
      vertex 13.727 49.2587 8.3
      vertex 13.7817 49.6275 1.6
      vertex 13.7817 49.6275 8.3
    endloop
  endfacet
  facet normal 0.989179 -0.146714 0
    outer loop
      vertex 13.7817 49.6275 1.6
      vertex 13.727 49.2587 8.3
      vertex 13.727 49.2587 1.6
    endloop
  endfacet
  facet normal 0.59583 0.80311 -0
    outer loop
      vertex 12.4107 52.9374 1.6
      vertex 12.1112 53.1596 8.3
      vertex 12.4107 52.9374 8.3
    endloop
  endfacet
  facet normal 0.59583 0.80311 0
    outer loop
      vertex 12.1112 53.1596 8.3
      vertex 12.4107 52.9374 1.6
      vertex 12.1112 53.1596 1.6
    endloop
  endfacet
  facet normal 0.427475 -0.904027 0
    outer loop
      vertex 11.4542 46.4893 1.6
      vertex 11.7913 46.6487 8.3
      vertex 11.4542 46.4893 8.3
    endloop
  endfacet
  facet normal 0.427475 -0.904027 0
    outer loop
      vertex 11.7913 46.6487 8.3
      vertex 11.4542 46.4893 1.6
      vertex 11.7913 46.6487 1.6
    endloop
  endfacet
  facet normal 0.904027 -0.427475 0
    outer loop
      vertex 13.3513 48.2087 8.3
      vertex 13.5107 48.5458 1.6
      vertex 13.5107 48.5458 8.3
    endloop
  endfacet
  facet normal 0.904027 -0.427475 0
    outer loop
      vertex 13.5107 48.5458 1.6
      vertex 13.3513 48.2087 8.3
      vertex 13.3513 48.2087 1.6
    endloop
  endfacet
  facet normal -0.51407 0.857748 0
    outer loop
      vertex 8.20869 53.3513 1.6
      vertex 7.88883 53.1596 8.3
      vertex 8.20869 53.3513 8.3
    endloop
  endfacet
  facet normal -0.51407 0.857748 0
    outer loop
      vertex 7.88883 53.1596 8.3
      vertex 8.20869 53.3513 1.6
      vertex 7.88883 53.1596 1.6
    endloop
  endfacet
  facet normal 0.904027 0.427475 0
    outer loop
      vertex 13.5107 51.4542 8.3
      vertex 13.3513 51.7913 1.6
      vertex 13.3513 51.7913 8.3
    endloop
  endfacet
  facet normal 0.904027 0.427475 0
    outer loop
      vertex 13.3513 51.7913 1.6
      vertex 13.5107 51.4542 8.3
      vertex 13.5107 51.4542 1.6
    endloop
  endfacet
  facet normal -0.903986 -0.427563 0
    outer loop
      vertex 6.6487 48.2087 1.6
      vertex 6.48926 48.5458 8.3
      vertex 6.48926 48.5458 1.6
    endloop
  endfacet
  facet normal -0.903986 -0.427563 0
    outer loop
      vertex 6.48926 48.5458 8.3
      vertex 6.6487 48.2087 1.6
      vertex 6.6487 48.2087 8.3
    endloop
  endfacet
  facet normal -0.242952 0.970038 0
    outer loop
      vertex 9.25866 53.727 1.6
      vertex 8.89692 53.6364 8.3
      vertex 9.25866 53.727 8.3
    endloop
  endfacet
  facet normal -0.242952 0.970038 0
    outer loop
      vertex 8.89692 53.6364 8.3
      vertex 9.25866 53.727 1.6
      vertex 8.89692 53.6364 1.6
    endloop
  endfacet
  facet normal 0.514022 0.857777 -0
    outer loop
      vertex 12.1112 53.1596 1.6
      vertex 11.7913 53.3513 8.3
      vertex 12.1112 53.1596 8.3
    endloop
  endfacet
  facet normal 0.514022 0.857777 0
    outer loop
      vertex 11.7913 53.3513 8.3
      vertex 12.1112 53.1596 1.6
      vertex 11.7913 53.3513 1.6
    endloop
  endfacet
  facet normal -0.595805 -0.803129 0
    outer loop
      vertex 7.58931 47.0626 1.6
      vertex 7.88883 46.8404 8.3
      vertex 7.58931 47.0626 8.3
    endloop
  endfacet
  facet normal -0.595805 -0.803129 -0
    outer loop
      vertex 7.88883 46.8404 8.3
      vertex 7.58931 47.0626 1.6
      vertex 7.88883 46.8404 1.6
    endloop
  endfacet
  facet normal -0.427465 0.904032 0
    outer loop
      vertex 8.5458 53.5107 1.6
      vertex 8.20869 53.3513 8.3
      vertex 8.5458 53.5107 8.3
    endloop
  endfacet
  facet normal -0.427465 0.904032 0
    outer loop
      vertex 8.20869 53.3513 8.3
      vertex 8.5458 53.5107 1.6
      vertex 8.20869 53.3513 1.6
    endloop
  endfacet
  facet normal 0.59583 -0.80311 0
    outer loop
      vertex 12.1112 46.8404 1.6
      vertex 12.4107 47.0626 8.3
      vertex 12.1112 46.8404 8.3
    endloop
  endfacet
  facet normal 0.59583 -0.80311 0
    outer loop
      vertex 12.4107 47.0626 8.3
      vertex 12.1112 46.8404 1.6
      vertex 12.4107 47.0626 1.6
    endloop
  endfacet
  facet normal 0.80311 0.59583 0
    outer loop
      vertex 13.1596 52.1112 8.3
      vertex 12.9374 52.4107 1.6
      vertex 12.9374 52.4107 8.3
    endloop
  endfacet
  facet normal 0.80311 0.59583 0
    outer loop
      vertex 12.9374 52.4107 1.6
      vertex 13.1596 52.1112 8.3
      vertex 13.1596 52.1112 1.6
    endloop
  endfacet
  facet normal 0.146714 -0.989179 0
    outer loop
      vertex 10.3725 46.2183 1.6
      vertex 10.7413 46.273 8.3
      vertex 10.3725 46.2183 8.3
    endloop
  endfacet
  facet normal 0.146714 -0.989179 0
    outer loop
      vertex 10.7413 46.273 8.3
      vertex 10.3725 46.2183 1.6
      vertex 10.7413 46.273 1.6
    endloop
  endfacet
  facet normal -0.94154 -0.3369 0
    outer loop
      vertex 6.48926 48.5458 1.6
      vertex 6.36363 48.8969 8.3
      vertex 6.36363 48.8969 1.6
    endloop
  endfacet
  facet normal -0.94154 -0.3369 0
    outer loop
      vertex 6.36363 48.8969 8.3
      vertex 6.48926 48.5458 1.6
      vertex 6.48926 48.5458 8.3
    endloop
  endfacet
  facet normal -0.989171 0.146766 0
    outer loop
      vertex 6.2183 50.3725 1.6
      vertex 6.27302 50.7413 8.3
      vertex 6.27302 50.7413 1.6
    endloop
  endfacet
  facet normal -0.989171 0.146766 0
    outer loop
      vertex 6.27302 50.7413 8.3
      vertex 6.2183 50.3725 1.6
      vertex 6.2183 50.3725 8.3
    endloop
  endfacet
  facet normal -0.595805 0.803129 0
    outer loop
      vertex 7.88883 53.1596 1.6
      vertex 7.58931 52.9374 8.3
      vertex 7.88883 53.1596 8.3
    endloop
  endfacet
  facet normal -0.595805 0.803129 0
    outer loop
      vertex 7.58931 52.9374 8.3
      vertex 7.88883 53.1596 1.6
      vertex 7.58931 52.9374 1.6
    endloop
  endfacet
  facet normal -0.427465 -0.904032 0
    outer loop
      vertex 8.20869 46.6487 1.6
      vertex 8.5458 46.4893 8.3
      vertex 8.20869 46.6487 8.3
    endloop
  endfacet
  facet normal -0.427465 -0.904032 -0
    outer loop
      vertex 8.5458 46.4893 8.3
      vertex 8.20869 46.6487 1.6
      vertex 8.5458 46.4893 1.6
    endloop
  endfacet
  facet normal -0.970041 -0.242939 0
    outer loop
      vertex 6.36363 48.8969 1.6
      vertex 6.27302 49.2587 8.3
      vertex 6.27302 49.2587 1.6
    endloop
  endfacet
  facet normal -0.970041 -0.242939 0
    outer loop
      vertex 6.27302 49.2587 8.3
      vertex 6.36363 48.8969 1.6
      vertex 6.36363 48.8969 8.3
    endloop
  endfacet
  facet normal -0.998795 -0.0490683 0
    outer loop
      vertex 6.2183 49.6275 1.6
      vertex 6.2 50 8.3
      vertex 6.2 50 1.6
    endloop
  endfacet
  facet normal -0.998795 -0.0490683 0
    outer loop
      vertex 6.2 50 8.3
      vertex 6.2183 49.6275 1.6
      vertex 6.2183 49.6275 8.3
    endloop
  endfacet
  facet normal 0.970048 -0.242914 0
    outer loop
      vertex 13.6364 48.8969 8.3
      vertex 13.727 49.2587 1.6
      vertex 13.727 49.2587 8.3
    endloop
  endfacet
  facet normal 0.970048 -0.242914 0
    outer loop
      vertex 13.727 49.2587 1.6
      vertex 13.6364 48.8969 8.3
      vertex 13.6364 48.8969 1.6
    endloop
  endfacet
  facet normal 0.941481 -0.337067 0
    outer loop
      vertex 13.5107 48.5458 8.3
      vertex 13.6364 48.8969 1.6
      vertex 13.6364 48.8969 8.3
    endloop
  endfacet
  facet normal 0.941481 -0.337067 0
    outer loop
      vertex 13.6364 48.8969 1.6
      vertex 13.5107 48.5458 8.3
      vertex 13.5107 48.5458 1.6
    endloop
  endfacet
  facet normal 0.941481 0.337067 0
    outer loop
      vertex 13.6364 51.1031 8.3
      vertex 13.5107 51.4542 1.6
      vertex 13.5107 51.4542 8.3
    endloop
  endfacet
  facet normal 0.941481 0.337067 0
    outer loop
      vertex 13.5107 51.4542 1.6
      vertex 13.6364 51.1031 8.3
      vertex 13.6364 51.1031 1.6
    endloop
  endfacet
  facet normal 0.242914 0.970048 -0
    outer loop
      vertex 11.1031 53.6364 1.6
      vertex 10.7413 53.727 8.3
      vertex 11.1031 53.6364 8.3
    endloop
  endfacet
  facet normal 0.242914 0.970048 0
    outer loop
      vertex 10.7413 53.727 8.3
      vertex 11.1031 53.6364 1.6
      vertex 10.7413 53.727 1.6
    endloop
  endfacet
  facet normal -0.0490736 0.998795 0
    outer loop
      vertex 10 53.8 1.6
      vertex 9.62754 53.7817 8.3
      vertex 10 53.8 8.3
    endloop
  endfacet
  facet normal -0.0490736 0.998795 0
    outer loop
      vertex 9.62754 53.7817 8.3
      vertex 10 53.8 1.6
      vertex 9.62754 53.7817 1.6
    endloop
  endfacet
  facet normal 0.0490683 0.998795 -0
    outer loop
      vertex 10.3725 53.7817 1.6
      vertex 10 53.8 8.3
      vertex 10.3725 53.7817 8.3
    endloop
  endfacet
  facet normal 0.0490683 0.998795 0
    outer loop
      vertex 10 53.8 8.3
      vertex 10.3725 53.7817 1.6
      vertex 10 53.8 1.6
    endloop
  endfacet
  facet normal -0.94154 0.3369 0
    outer loop
      vertex 6.36363 51.1031 1.6
      vertex 6.48926 51.4542 8.3
      vertex 6.48926 51.4542 1.6
    endloop
  endfacet
  facet normal -0.94154 0.3369 0
    outer loop
      vertex 6.48926 51.4542 8.3
      vertex 6.36363 51.1031 1.6
      vertex 6.36363 51.1031 8.3
    endloop
  endfacet
  facet normal -0.740943 0.671568 0
    outer loop
      vertex 7.06256 52.4107 1.6
      vertex 7.31299 52.687 8.3
      vertex 7.31299 52.687 1.6
    endloop
  endfacet
  facet normal -0.740943 0.671568 0
    outer loop
      vertex 7.31299 52.687 8.3
      vertex 7.06256 52.4107 1.6
      vertex 7.06256 52.4107 8.3
    endloop
  endfacet
  facet normal -0.903986 0.427563 0
    outer loop
      vertex 6.48926 51.4542 1.6
      vertex 6.6487 51.7913 8.3
      vertex 6.6487 51.7913 1.6
    endloop
  endfacet
  facet normal -0.903986 0.427563 0
    outer loop
      vertex 6.6487 51.7913 8.3
      vertex 6.48926 51.4542 1.6
      vertex 6.48926 51.4542 8.3
    endloop
  endfacet
  facet normal -0.146683 0.989184 0
    outer loop
      vertex 9.62754 53.7817 1.6
      vertex 9.25866 53.727 8.3
      vertex 9.62754 53.7817 8.3
    endloop
  endfacet
  facet normal -0.146683 0.989184 0
    outer loop
      vertex 9.25866 53.727 8.3
      vertex 9.62754 53.7817 1.6
      vertex 9.25866 53.727 1.6
    endloop
  endfacet
  facet normal 0.0490683 -0.998795 0
    outer loop
      vertex 10 46.2 1.6
      vertex 10.3725 46.2183 8.3
      vertex 10 46.2 8.3
    endloop
  endfacet
  facet normal 0.0490683 -0.998795 0
    outer loop
      vertex 10.3725 46.2183 8.3
      vertex 10 46.2 1.6
      vertex 10.3725 46.2183 1.6
    endloop
  endfacet
  facet normal 0.242914 -0.970048 0
    outer loop
      vertex 10.7413 46.273 1.6
      vertex 11.1031 46.3636 8.3
      vertex 10.7413 46.273 8.3
    endloop
  endfacet
  facet normal 0.242914 -0.970048 0
    outer loop
      vertex 11.1031 46.3636 8.3
      vertex 10.7413 46.273 1.6
      vertex 11.1031 46.3636 1.6
    endloop
  endfacet
  facet normal 0.80311 -0.59583 0
    outer loop
      vertex 12.9374 47.5893 8.3
      vertex 13.1596 47.8888 1.6
      vertex 13.1596 47.8888 8.3
    endloop
  endfacet
  facet normal 0.80311 -0.59583 0
    outer loop
      vertex 13.1596 47.8888 1.6
      vertex 12.9374 47.5893 8.3
      vertex 12.9374 47.5893 1.6
    endloop
  endfacet
  facet normal 0.514022 -0.857777 0
    outer loop
      vertex 11.7913 46.6487 1.6
      vertex 12.1112 46.8404 8.3
      vertex 11.7913 46.6487 8.3
    endloop
  endfacet
  facet normal 0.514022 -0.857777 0
    outer loop
      vertex 12.1112 46.8404 8.3
      vertex 11.7913 46.6487 1.6
      vertex 12.1112 46.8404 1.6
    endloop
  endfacet
  facet normal 0.857777 -0.514022 0
    outer loop
      vertex 13.1596 47.8888 8.3
      vertex 13.3513 48.2087 1.6
      vertex 13.3513 48.2087 8.3
    endloop
  endfacet
  facet normal 0.857777 -0.514022 0
    outer loop
      vertex 13.3513 48.2087 1.6
      vertex 13.1596 47.8888 8.3
      vertex 13.1596 47.8888 1.6
    endloop
  endfacet
  facet normal -0.146683 -0.989184 0
    outer loop
      vertex 9.25866 46.273 1.6
      vertex 9.62754 46.2183 8.3
      vertex 9.25866 46.273 8.3
    endloop
  endfacet
  facet normal -0.146683 -0.989184 -0
    outer loop
      vertex 9.62754 46.2183 8.3
      vertex 9.25866 46.273 1.6
      vertex 9.62754 46.2183 1.6
    endloop
  endfacet
  facet normal -0.857753 -0.514062 0
    outer loop
      vertex 6.84042 47.8888 1.6
      vertex 6.6487 48.2087 8.3
      vertex 6.6487 48.2087 1.6
    endloop
  endfacet
  facet normal -0.857753 -0.514062 0
    outer loop
      vertex 6.6487 48.2087 8.3
      vertex 6.84042 47.8888 1.6
      vertex 6.84042 47.8888 8.3
    endloop
  endfacet
  facet normal 0.857777 0.514022 0
    outer loop
      vertex 13.3513 51.7913 8.3
      vertex 13.1596 52.1112 1.6
      vertex 13.1596 52.1112 8.3
    endloop
  endfacet
  facet normal 0.857777 0.514022 0
    outer loop
      vertex 13.1596 52.1112 1.6
      vertex 13.3513 51.7913 8.3
      vertex 13.3513 51.7913 1.6
    endloop
  endfacet
  facet normal 0.671524 0.740983 -0
    outer loop
      vertex 12.687 52.687 1.6
      vertex 12.4107 52.9374 8.3
      vertex 12.687 52.687 8.3
    endloop
  endfacet
  facet normal 0.671524 0.740983 0
    outer loop
      vertex 12.4107 52.9374 8.3
      vertex 12.687 52.687 1.6
      vertex 12.4107 52.9374 1.6
    endloop
  endfacet
  facet normal -0.33705 0.941487 0
    outer loop
      vertex 8.89692 53.6364 1.6
      vertex 8.5458 53.5107 8.3
      vertex 8.89692 53.6364 8.3
    endloop
  endfacet
  facet normal -0.33705 0.941487 0
    outer loop
      vertex 8.5458 53.5107 8.3
      vertex 8.89692 53.6364 1.6
      vertex 8.5458 53.5107 1.6
    endloop
  endfacet
  facet normal -0.740943 -0.671568 0
    outer loop
      vertex 7.31299 47.313 1.6
      vertex 7.06256 47.5893 8.3
      vertex 7.06256 47.5893 1.6
    endloop
  endfacet
  facet normal -0.740943 -0.671568 0
    outer loop
      vertex 7.06256 47.5893 8.3
      vertex 7.31299 47.313 1.6
      vertex 7.31299 47.313 8.3
    endloop
  endfacet
  facet normal -0.671497 0.741007 0
    outer loop
      vertex 7.58931 52.9374 1.6
      vertex 7.31299 52.687 8.3
      vertex 7.58931 52.9374 8.3
    endloop
  endfacet
  facet normal -0.671497 0.741007 0
    outer loop
      vertex 7.31299 52.687 8.3
      vertex 7.58931 52.9374 1.6
      vertex 7.31299 52.687 1.6
    endloop
  endfacet
  facet normal -0.51407 -0.857748 0
    outer loop
      vertex 7.88883 46.8404 1.6
      vertex 8.20869 46.6487 8.3
      vertex 7.88883 46.8404 8.3
    endloop
  endfacet
  facet normal -0.51407 -0.857748 -0
    outer loop
      vertex 8.20869 46.6487 8.3
      vertex 7.88883 46.8404 1.6
      vertex 8.20869 46.6487 1.6
    endloop
  endfacet
  facet normal 0.146714 0.989179 -0
    outer loop
      vertex 10.7413 53.727 1.6
      vertex 10.3725 53.7817 8.3
      vertex 10.7413 53.727 8.3
    endloop
  endfacet
  facet normal 0.146714 0.989179 0
    outer loop
      vertex 10.3725 53.7817 8.3
      vertex 10.7413 53.727 1.6
      vertex 10.3725 53.7817 1.6
    endloop
  endfacet
  facet normal -0.803187 -0.595726 0
    outer loop
      vertex 7.06256 47.5893 1.6
      vertex 6.84042 47.8888 8.3
      vertex 6.84042 47.8888 1.6
    endloop
  endfacet
  facet normal -0.803187 -0.595726 0
    outer loop
      vertex 6.84042 47.8888 8.3
      vertex 7.06256 47.5893 1.6
      vertex 7.06256 47.5893 8.3
    endloop
  endfacet
  facet normal -0.989171 -0.146766 0
    outer loop
      vertex 6.27302 49.2587 1.6
      vertex 6.2183 49.6275 8.3
      vertex 6.2183 49.6275 1.6
    endloop
  endfacet
  facet normal -0.989171 -0.146766 0
    outer loop
      vertex 6.2183 49.6275 8.3
      vertex 6.27302 49.2587 1.6
      vertex 6.27302 49.2587 8.3
    endloop
  endfacet
  facet normal -0.970041 0.242939 0
    outer loop
      vertex 6.27302 50.7413 1.6
      vertex 6.36363 51.1031 8.3
      vertex 6.36363 51.1031 1.6
    endloop
  endfacet
  facet normal -0.970041 0.242939 0
    outer loop
      vertex 6.36363 51.1031 8.3
      vertex 6.27302 50.7413 1.6
      vertex 6.27302 50.7413 8.3
    endloop
  endfacet
  facet normal -0.671497 -0.741007 0
    outer loop
      vertex 7.31299 47.313 1.6
      vertex 7.58931 47.0626 8.3
      vertex 7.31299 47.313 8.3
    endloop
  endfacet
  facet normal -0.671497 -0.741007 -0
    outer loop
      vertex 7.58931 47.0626 8.3
      vertex 7.31299 47.313 1.6
      vertex 7.58931 47.0626 1.6
    endloop
  endfacet
  facet normal -0.242952 -0.970038 0
    outer loop
      vertex 8.89692 46.3636 1.6
      vertex 9.25866 46.273 8.3
      vertex 8.89692 46.3636 8.3
    endloop
  endfacet
  facet normal -0.242952 -0.970038 -0
    outer loop
      vertex 9.25866 46.273 8.3
      vertex 8.89692 46.3636 1.6
      vertex 9.25866 46.273 1.6
    endloop
  endfacet
  facet normal 0.740983 0.671524 0
    outer loop
      vertex 12.9374 52.4107 8.3
      vertex 12.687 52.687 1.6
      vertex 12.687 52.687 8.3
    endloop
  endfacet
  facet normal 0.740983 0.671524 0
    outer loop
      vertex 12.687 52.687 1.6
      vertex 12.9374 52.4107 8.3
      vertex 12.9374 52.4107 1.6
    endloop
  endfacet
  facet normal -0.803187 0.595726 0
    outer loop
      vertex 6.84042 52.1112 1.6
      vertex 7.06256 52.4107 8.3
      vertex 7.06256 52.4107 1.6
    endloop
  endfacet
  facet normal -0.803187 0.595726 0
    outer loop
      vertex 7.06256 52.4107 8.3
      vertex 6.84042 52.1112 1.6
      vertex 6.84042 52.1112 8.3
    endloop
  endfacet
  facet normal -0.857753 0.514062 0
    outer loop
      vertex 6.6487 51.7913 1.6
      vertex 6.84042 52.1112 8.3
      vertex 6.84042 52.1112 1.6
    endloop
  endfacet
  facet normal -0.857753 0.514062 0
    outer loop
      vertex 6.84042 52.1112 8.3
      vertex 6.6487 51.7913 1.6
      vertex 6.6487 51.7913 8.3
    endloop
  endfacet
  facet normal 0 0 1
    outer loop
      vertex 11.7 50 8.3
      vertex 13.8 50 8.3
      vertex 13.7817 50.3725 8.3
    endloop
  endfacet
  facet normal -0 0 1
    outer loop
      vertex 11.6421 50.44 8.3
      vertex 13.7817 50.3725 8.3
      vertex 13.727 50.7413 8.3
    endloop
  endfacet
  facet normal 0 0 1
    outer loop
      vertex 13.8 50 8.3
      vertex 11.7 50 8.3
      vertex 13.7817 49.6275 8.3
    endloop
  endfacet
  facet normal 0 0 1
    outer loop
      vertex 11.6421 50.44 8.3
      vertex 13.727 50.7413 8.3
      vertex 13.6364 51.1031 8.3
    endloop
  endfacet
  facet normal 0 0 1
    outer loop
      vertex 11.6421 49.56 8.3
      vertex 13.7817 49.6275 8.3
      vertex 11.7 50 8.3
    endloop
  endfacet
  facet normal 0 0 1
    outer loop
      vertex 11.6421 50.44 8.3
      vertex 13.6364 51.1031 8.3
      vertex 13.5107 51.4542 8.3
    endloop
  endfacet
  facet normal 0 0 1
    outer loop
      vertex 13.7817 49.6275 8.3
      vertex 11.6421 49.56 8.3
      vertex 13.727 49.2587 8.3
    endloop
  endfacet
  facet normal 0 0 1
    outer loop
      vertex 11.4722 50.85 8.3
      vertex 13.5107 51.4542 8.3
      vertex 13.3513 51.7913 8.3
    endloop
  endfacet
  facet normal 0 0 1
    outer loop
      vertex 13.727 49.2587 8.3
      vertex 11.6421 49.56 8.3
      vertex 13.6364 48.8969 8.3
    endloop
  endfacet
  facet normal 0 0 1
    outer loop
      vertex 11.4722 50.85 8.3
      vertex 13.3513 51.7913 8.3
      vertex 13.1596 52.1112 8.3
    endloop
  endfacet
  facet normal 0 0 1
    outer loop
      vertex 13.6364 48.8969 8.3
      vertex 11.6421 49.56 8.3
      vertex 13.5107 48.5458 8.3
    endloop
  endfacet
  facet normal 0 0 1
    outer loop
      vertex 11.4722 50.85 8.3
      vertex 13.1596 52.1112 8.3
      vertex 12.9374 52.4107 8.3
    endloop
  endfacet
  facet normal -0 0 1
    outer loop
      vertex 11.4722 49.15 8.3
      vertex 13.5107 48.5458 8.3
      vertex 11.6421 49.56 8.3
    endloop
  endfacet
  facet normal 0 0 1
    outer loop
      vertex 11.2021 51.2021 8.3
      vertex 12.9374 52.4107 8.3
      vertex 12.687 52.687 8.3
    endloop
  endfacet
  facet normal 0 0 1
    outer loop
      vertex 13.5107 48.5458 8.3
      vertex 11.4722 49.15 8.3
      vertex 13.3513 48.2087 8.3
    endloop
  endfacet
  facet normal 0 0 1
    outer loop
      vertex 11.2021 51.2021 8.3
      vertex 12.687 52.687 8.3
      vertex 12.4107 52.9374 8.3
    endloop
  endfacet
  facet normal 0 0 1
    outer loop
      vertex 13.3513 48.2087 8.3
      vertex 11.4722 49.15 8.3
      vertex 13.1596 47.8888 8.3
    endloop
  endfacet
  facet normal 0 0 1
    outer loop
      vertex 10.85 51.4722 8.3
      vertex 12.4107 52.9374 8.3
      vertex 12.1112 53.1596 8.3
    endloop
  endfacet
  facet normal 0 0 1
    outer loop
      vertex 13.1596 47.8888 8.3
      vertex 11.4722 49.15 8.3
      vertex 12.9374 47.5893 8.3
    endloop
  endfacet
  facet normal 0 0 1
    outer loop
      vertex 10.85 51.4722 8.3
      vertex 12.1112 53.1596 8.3
      vertex 11.7913 53.3513 8.3
    endloop
  endfacet
  facet normal -0 0 1
    outer loop
      vertex 11.2021 48.7979 8.3
      vertex 12.9374 47.5893 8.3
      vertex 11.4722 49.15 8.3
    endloop
  endfacet
  facet normal 0 0 1
    outer loop
      vertex 12.9374 47.5893 8.3
      vertex 11.2021 48.7979 8.3
      vertex 12.687 47.313 8.3
    endloop
  endfacet
  facet normal 0 0 1
    outer loop
      vertex 13.7817 50.3725 8.3
      vertex 11.6421 50.44 8.3
      vertex 11.7 50 8.3
    endloop
  endfacet
  facet normal 0 0 1
    outer loop
      vertex 13.5107 51.4542 8.3
      vertex 11.4722 50.85 8.3
      vertex 11.6421 50.44 8.3
    endloop
  endfacet
  facet normal 0 0 1
    outer loop
      vertex 10.85 51.4722 8.3
      vertex 11.7913 53.3513 8.3
      vertex 11.4542 53.5107 8.3
    endloop
  endfacet
  facet normal 0 0 1
    outer loop
      vertex 12.9374 52.4107 8.3
      vertex 11.2021 51.2021 8.3
      vertex 11.4722 50.85 8.3
    endloop
  endfacet
  facet normal 0 0 1
    outer loop
      vertex 10.44 51.6421 8.3
      vertex 11.4542 53.5107 8.3
      vertex 11.1031 53.6364 8.3
    endloop
  endfacet
  facet normal 0 0 1
    outer loop
      vertex 12.4107 52.9374 8.3
      vertex 10.85 51.4722 8.3
      vertex 11.2021 51.2021 8.3
    endloop
  endfacet
  facet normal 0 0 1
    outer loop
      vertex 10.44 51.6421 8.3
      vertex 11.1031 53.6364 8.3
      vertex 10.7413 53.727 8.3
    endloop
  endfacet
  facet normal 0 0 1
    outer loop
      vertex 11.4542 53.5107 8.3
      vertex 10.44 51.6421 8.3
      vertex 10.85 51.4722 8.3
    endloop
  endfacet
  facet normal 0 0 1
    outer loop
      vertex 10.3725 53.7817 8.3
      vertex 10.44 51.6421 8.3
      vertex 10.7413 53.727 8.3
    endloop
  endfacet
  facet normal 0 0 1
    outer loop
      vertex 10 51.7 8.3
      vertex 10.3725 53.7817 8.3
      vertex 10 53.8 8.3
    endloop
  endfacet
  facet normal 0 0 1
    outer loop
      vertex 10.3725 53.7817 8.3
      vertex 10 51.7 8.3
      vertex 10.44 51.6421 8.3
    endloop
  endfacet
  facet normal -0 0 1
    outer loop
      vertex 9.62754 53.7817 8.3
      vertex 10 51.7 8.3
      vertex 10 53.8 8.3
    endloop
  endfacet
  facet normal 0 0 1
    outer loop
      vertex 9.62754 53.7817 8.3
      vertex 9.56001 51.6421 8.3
      vertex 10 51.7 8.3
    endloop
  endfacet
  facet normal -0 0 1
    outer loop
      vertex 9.25866 53.727 8.3
      vertex 9.56001 51.6421 8.3
      vertex 9.62754 53.7817 8.3
    endloop
  endfacet
  facet normal -0 0 1
    outer loop
      vertex 8.89692 53.6364 8.3
      vertex 9.56001 51.6421 8.3
      vertex 9.25866 53.727 8.3
    endloop
  endfacet
  facet normal -0 0 1
    outer loop
      vertex 8.5458 53.5107 8.3
      vertex 9.56001 51.6421 8.3
      vertex 8.89692 53.6364 8.3
    endloop
  endfacet
  facet normal 0 0 1
    outer loop
      vertex 9.56001 51.6421 8.3
      vertex 8.5458 53.5107 8.3
      vertex 9.15 51.4722 8.3
    endloop
  endfacet
  facet normal -0 0 1
    outer loop
      vertex 8.20869 53.3513 8.3
      vertex 9.15 51.4722 8.3
      vertex 8.5458 53.5107 8.3
    endloop
  endfacet
  facet normal -0 0 1
    outer loop
      vertex 7.88883 53.1596 8.3
      vertex 9.15 51.4722 8.3
      vertex 8.20869 53.3513 8.3
    endloop
  endfacet
  facet normal -0 0 1
    outer loop
      vertex 7.58931 52.9374 8.3
      vertex 9.15 51.4722 8.3
      vertex 7.88883 53.1596 8.3
    endloop
  endfacet
  facet normal 0 0 1
    outer loop
      vertex 9.15 51.4722 8.3
      vertex 7.58931 52.9374 8.3
      vertex 8.79792 51.2021 8.3
    endloop
  endfacet
  facet normal -0 0 1
    outer loop
      vertex 7.31299 52.687 8.3
      vertex 8.79792 51.2021 8.3
      vertex 7.58931 52.9374 8.3
    endloop
  endfacet
  facet normal 0 0 1
    outer loop
      vertex 12.687 47.313 8.3
      vertex 11.2021 48.7979 8.3
      vertex 12.4107 47.0626 8.3
    endloop
  endfacet
  facet normal -0 0 1
    outer loop
      vertex 10.85 48.5278 8.3
      vertex 12.4107 47.0626 8.3
      vertex 11.2021 48.7979 8.3
    endloop
  endfacet
  facet normal 0 0 1
    outer loop
      vertex 12.4107 47.0626 8.3
      vertex 10.85 48.5278 8.3
      vertex 12.1112 46.8404 8.3
    endloop
  endfacet
  facet normal 0 0 1
    outer loop
      vertex 12.1112 46.8404 8.3
      vertex 10.85 48.5278 8.3
      vertex 11.7913 46.6487 8.3
    endloop
  endfacet
  facet normal 0 0 1
    outer loop
      vertex 11.7913 46.6487 8.3
      vertex 10.85 48.5278 8.3
      vertex 11.4542 46.4893 8.3
    endloop
  endfacet
  facet normal -0 0 1
    outer loop
      vertex 10.44 48.3579 8.3
      vertex 11.4542 46.4893 8.3
      vertex 10.85 48.5278 8.3
    endloop
  endfacet
  facet normal 0 0 1
    outer loop
      vertex 11.4542 46.4893 8.3
      vertex 10.44 48.3579 8.3
      vertex 11.1031 46.3636 8.3
    endloop
  endfacet
  facet normal 0 0 1
    outer loop
      vertex 11.1031 46.3636 8.3
      vertex 10.44 48.3579 8.3
      vertex 10.7413 46.273 8.3
    endloop
  endfacet
  facet normal 0 0 1
    outer loop
      vertex 10.44 48.3579 8.3
      vertex 10.3725 46.2183 8.3
      vertex 10.7413 46.273 8.3
    endloop
  endfacet
  facet normal -0 0 1
    outer loop
      vertex 10 48.3 8.3
      vertex 10.3725 46.2183 8.3
      vertex 10.44 48.3579 8.3
    endloop
  endfacet
  facet normal 0 0 1
    outer loop
      vertex 10 48.3 8.3
      vertex 10 46.2 8.3
      vertex 10.3725 46.2183 8.3
    endloop
  endfacet
  facet normal 0 0 1
    outer loop
      vertex 10 48.3 8.3
      vertex 9.62754 46.2183 8.3
      vertex 10 46.2 8.3
    endloop
  endfacet
  facet normal 0 0 1
    outer loop
      vertex 9.56001 48.3579 8.3
      vertex 9.62754 46.2183 8.3
      vertex 10 48.3 8.3
    endloop
  endfacet
  facet normal 0 0 1
    outer loop
      vertex 9.56001 48.3579 8.3
      vertex 9.25866 46.273 8.3
      vertex 9.62754 46.2183 8.3
    endloop
  endfacet
  facet normal 0 0 1
    outer loop
      vertex 8.5458 46.4893 8.3
      vertex 9.56001 48.3579 8.3
      vertex 9.15 48.5278 8.3
    endloop
  endfacet
  facet normal 0 0 1
    outer loop
      vertex 9.56001 48.3579 8.3
      vertex 8.89692 46.3636 8.3
      vertex 9.25866 46.273 8.3
    endloop
  endfacet
  facet normal 0 0 1
    outer loop
      vertex 7.58931 47.0626 8.3
      vertex 9.15 48.5278 8.3
      vertex 8.79792 48.7979 8.3
    endloop
  endfacet
  facet normal 0 0 1
    outer loop
      vertex 9.56001 48.3579 8.3
      vertex 8.5458 46.4893 8.3
      vertex 8.89692 46.3636 8.3
    endloop
  endfacet
  facet normal 0 0 1
    outer loop
      vertex 7.06256 47.5893 8.3
      vertex 8.79792 48.7979 8.3
      vertex 8.52776 49.15 8.3
    endloop
  endfacet
  facet normal 0 0 1
    outer loop
      vertex 6.48926 48.5458 8.3
      vertex 8.52776 49.15 8.3
      vertex 8.35793 49.56 8.3
    endloop
  endfacet
  facet normal -0 0 1
    outer loop
      vertex 6.2183 49.6275 8.3
      vertex 8.35793 49.56 8.3
      vertex 8.3 50 8.3
    endloop
  endfacet
  facet normal 0 0 1
    outer loop
      vertex 9.15 48.5278 8.3
      vertex 8.20869 46.6487 8.3
      vertex 8.5458 46.4893 8.3
    endloop
  endfacet
  facet normal -0 0 1
    outer loop
      vertex 7.06256 52.4107 8.3
      vertex 8.79792 51.2021 8.3
      vertex 7.31299 52.687 8.3
    endloop
  endfacet
  facet normal 0 0 1
    outer loop
      vertex 8.79792 51.2021 8.3
      vertex 7.06256 52.4107 8.3
      vertex 8.52776 50.85 8.3
    endloop
  endfacet
  facet normal 0 0 1
    outer loop
      vertex 9.15 48.5278 8.3
      vertex 7.88883 46.8404 8.3
      vertex 8.20869 46.6487 8.3
    endloop
  endfacet
  facet normal -0 0 1
    outer loop
      vertex 6.84042 52.1112 8.3
      vertex 8.52776 50.85 8.3
      vertex 7.06256 52.4107 8.3
    endloop
  endfacet
  facet normal 0 0 1
    outer loop
      vertex 9.15 48.5278 8.3
      vertex 7.58931 47.0626 8.3
      vertex 7.88883 46.8404 8.3
    endloop
  endfacet
  facet normal -0 0 1
    outer loop
      vertex 6.6487 51.7913 8.3
      vertex 8.52776 50.85 8.3
      vertex 6.84042 52.1112 8.3
    endloop
  endfacet
  facet normal 0 0 1
    outer loop
      vertex 8.79792 48.7979 8.3
      vertex 7.31299 47.313 8.3
      vertex 7.58931 47.0626 8.3
    endloop
  endfacet
  facet normal -0 0 1
    outer loop
      vertex 6.48926 51.4542 8.3
      vertex 8.52776 50.85 8.3
      vertex 6.6487 51.7913 8.3
    endloop
  endfacet
  facet normal 0 0 1
    outer loop
      vertex 8.79792 48.7979 8.3
      vertex 7.06256 47.5893 8.3
      vertex 7.31299 47.313 8.3
    endloop
  endfacet
  facet normal 0 0 1
    outer loop
      vertex 8.52776 50.85 8.3
      vertex 6.48926 51.4542 8.3
      vertex 8.35793 50.44 8.3
    endloop
  endfacet
  facet normal 0 0 1
    outer loop
      vertex 8.52776 49.15 8.3
      vertex 6.84042 47.8888 8.3
      vertex 7.06256 47.5893 8.3
    endloop
  endfacet
  facet normal -0 0 1
    outer loop
      vertex 6.36363 51.1031 8.3
      vertex 8.35793 50.44 8.3
      vertex 6.48926 51.4542 8.3
    endloop
  endfacet
  facet normal 0 0 1
    outer loop
      vertex 8.52776 49.15 8.3
      vertex 6.6487 48.2087 8.3
      vertex 6.84042 47.8888 8.3
    endloop
  endfacet
  facet normal -0 0 1
    outer loop
      vertex 6.27302 50.7413 8.3
      vertex 8.35793 50.44 8.3
      vertex 6.36363 51.1031 8.3
    endloop
  endfacet
  facet normal 0 0 1
    outer loop
      vertex 8.52776 49.15 8.3
      vertex 6.48926 48.5458 8.3
      vertex 6.6487 48.2087 8.3
    endloop
  endfacet
  facet normal 0 0 1
    outer loop
      vertex 6.2183 50.3725 8.3
      vertex 8.35793 50.44 8.3
      vertex 6.27302 50.7413 8.3
    endloop
  endfacet
  facet normal 0 0 1
    outer loop
      vertex 8.35793 49.56 8.3
      vertex 6.36363 48.8969 8.3
      vertex 6.48926 48.5458 8.3
    endloop
  endfacet
  facet normal 0 0 1
    outer loop
      vertex 8.35793 50.44 8.3
      vertex 6.2183 50.3725 8.3
      vertex 8.3 50 8.3
    endloop
  endfacet
  facet normal 0 0 1
    outer loop
      vertex 8.35793 49.56 8.3
      vertex 6.27302 49.2587 8.3
      vertex 6.36363 48.8969 8.3
    endloop
  endfacet
  facet normal 0 0 1
    outer loop
      vertex 6.2 50 8.3
      vertex 8.3 50 8.3
      vertex 6.2183 50.3725 8.3
    endloop
  endfacet
  facet normal 0 0 1
    outer loop
      vertex 8.35793 49.56 8.3
      vertex 6.2183 49.6275 8.3
      vertex 6.27302 49.2587 8.3
    endloop
  endfacet
  facet normal 0 0 1
    outer loop
      vertex 8.3 50 8.3
      vertex 6.2 50 8.3
      vertex 6.2183 49.6275 8.3
    endloop
  endfacet
  facet normal -0.0490736 -0.998795 0
    outer loop
      vertex 9.62754 46.2183 1.6
      vertex 10 46.2 8.3
      vertex 9.62754 46.2183 8.3
    endloop
  endfacet
  facet normal -0.0490736 -0.998795 -0
    outer loop
      vertex 10 46.2 8.3
      vertex 9.62754 46.2183 1.6
      vertex 10 46.2 1.6
    endloop
  endfacet
  facet normal -0.998795 0.0490683 0
    outer loop
      vertex 6.2 50 1.6
      vertex 6.2183 50.3725 8.3
      vertex 6.2183 50.3725 1.6
    endloop
  endfacet
  facet normal -0.998795 0.0490683 0
    outer loop
      vertex 6.2183 50.3725 8.3
      vertex 6.2 50 1.6
      vertex 6.2 50 8.3
    endloop
  endfacet
  facet normal -0.33705 -0.941487 0
    outer loop
      vertex 8.5458 46.4893 1.6
      vertex 8.89692 46.3636 8.3
      vertex 8.5458 46.4893 8.3
    endloop
  endfacet
  facet normal -0.33705 -0.941487 -0
    outer loop
      vertex 8.89692 46.3636 8.3
      vertex 8.5458 46.4893 1.6
      vertex 8.89692 46.3636 1.6
    endloop
  endfacet
  facet normal 0.337067 0.941481 -0
    outer loop
      vertex 11.4542 53.5107 1.6
      vertex 11.1031 53.6364 8.3
      vertex 11.4542 53.5107 8.3
    endloop
  endfacet
  facet normal 0.337067 0.941481 0
    outer loop
      vertex 11.1031 53.6364 8.3
      vertex 11.4542 53.5107 1.6
      vertex 11.1031 53.6364 1.6
    endloop
  endfacet
  facet normal 0.740983 -0.671524 0
    outer loop
      vertex 12.687 47.313 8.3
      vertex 12.9374 47.5893 1.6
      vertex 12.9374 47.5893 8.3
    endloop
  endfacet
  facet normal 0.740983 -0.671524 0
    outer loop
      vertex 12.9374 47.5893 1.6
      vertex 12.687 47.313 8.3
      vertex 12.687 47.313 1.6
    endloop
  endfacet
  facet normal 0.671524 -0.740983 0
    outer loop
      vertex 12.4107 47.0626 1.6
      vertex 12.687 47.313 8.3
      vertex 12.4107 47.0626 8.3
    endloop
  endfacet
  facet normal 0.671524 -0.740983 0
    outer loop
      vertex 12.687 47.313 8.3
      vertex 12.4107 47.0626 1.6
      vertex 12.687 47.313 1.6
    endloop
  endfacet
  facet normal -0.793436 -0.608654 0
    outer loop
      vertex 11.4722 50.85 0
      vertex 11.2021 51.2021 8.3
      vertex 11.2021 51.2021 0
    endloop
  endfacet
  facet normal -0.793436 -0.608654 0
    outer loop
      vertex 11.2021 51.2021 8.3
      vertex 11.4722 50.85 0
      vertex 11.4722 50.85 8.3
    endloop
  endfacet
  facet normal -0.923822 -0.382823 0
    outer loop
      vertex 11.6421 50.44 0
      vertex 11.4722 50.85 8.3
      vertex 11.4722 50.85 0
    endloop
  endfacet
  facet normal -0.923822 -0.382823 0
    outer loop
      vertex 11.4722 50.85 8.3
      vertex 11.6421 50.44 0
      vertex 11.6421 50.44 8.3
    endloop
  endfacet
  facet normal -0.382823 0.923822 0
    outer loop
      vertex 10.85 48.5278 0
      vertex 10.44 48.3579 8.3
      vertex 10.85 48.5278 8.3
    endloop
  endfacet
  facet normal -0.382823 0.923822 0
    outer loop
      vertex 10.44 48.3579 8.3
      vertex 10.85 48.5278 0
      vertex 10.44 48.3579 0
    endloop
  endfacet
  facet normal -0.991453 0.130466 0
    outer loop
      vertex 11.6421 49.56 0
      vertex 11.7 50 8.3
      vertex 11.7 50 0
    endloop
  endfacet
  facet normal -0.991453 0.130466 0
    outer loop
      vertex 11.7 50 8.3
      vertex 11.6421 49.56 0
      vertex 11.6421 49.56 8.3
    endloop
  endfacet
  facet normal -0.130466 0.991453 0
    outer loop
      vertex 10.44 48.3579 0
      vertex 10 48.3 8.3
      vertex 10.44 48.3579 8.3
    endloop
  endfacet
  facet normal -0.130466 0.991453 0
    outer loop
      vertex 10 48.3 8.3
      vertex 10.44 48.3579 0
      vertex 10 48.3 0
    endloop
  endfacet
  facet normal 0.991444 0.130533 0
    outer loop
      vertex 8.35793 49.56 8.3
      vertex 8.3 50 0
      vertex 8.3 50 8.3
    endloop
  endfacet
  facet normal 0.991444 0.130533 0
    outer loop
      vertex 8.3 50 0
      vertex 8.35793 49.56 8.3
      vertex 8.35793 49.56 0
    endloop
  endfacet
  facet normal 0.130469 0.991452 -0
    outer loop
      vertex 10 48.3 0
      vertex 9.56001 48.3579 8.3
      vertex 10 48.3 8.3
    endloop
  endfacet
  facet normal 0.130469 0.991452 0
    outer loop
      vertex 9.56001 48.3579 8.3
      vertex 10 48.3 0
      vertex 9.56001 48.3579 0
    endloop
  endfacet
  facet normal 0.130469 -0.991452 0
    outer loop
      vertex 9.56001 51.6421 0
      vertex 10 51.7 8.3
      vertex 9.56001 51.6421 8.3
    endloop
  endfacet
  facet normal 0.130469 -0.991452 0
    outer loop
      vertex 10 51.7 8.3
      vertex 9.56001 51.6421 0
      vertex 10 51.7 0
    endloop
  endfacet
  facet normal 0.991444 -0.130533 0
    outer loop
      vertex 8.3 50 8.3
      vertex 8.35793 50.44 0
      vertex 8.35793 50.44 8.3
    endloop
  endfacet
  facet normal 0.991444 -0.130533 0
    outer loop
      vertex 8.35793 50.44 0
      vertex 8.3 50 8.3
      vertex 8.3 50 0
    endloop
  endfacet
  facet normal -0.608654 -0.793436 0
    outer loop
      vertex 10.85 51.4722 0
      vertex 11.2021 51.2021 8.3
      vertex 10.85 51.4722 8.3
    endloop
  endfacet
  facet normal -0.608654 -0.793436 -0
    outer loop
      vertex 11.2021 51.2021 8.3
      vertex 10.85 51.4722 0
      vertex 11.2021 51.2021 0
    endloop
  endfacet
  facet normal -0.991453 -0.130466 0
    outer loop
      vertex 11.7 50 0
      vertex 11.6421 50.44 8.3
      vertex 11.6421 50.44 0
    endloop
  endfacet
  facet normal -0.991453 -0.130466 0
    outer loop
      vertex 11.6421 50.44 8.3
      vertex 11.7 50 0
      vertex 11.7 50 8.3
    endloop
  endfacet
  facet normal 0.923878 0.382688 0
    outer loop
      vertex 8.52776 49.15 8.3
      vertex 8.35793 49.56 0
      vertex 8.35793 49.56 8.3
    endloop
  endfacet
  facet normal 0.923878 0.382688 0
    outer loop
      vertex 8.35793 49.56 0
      vertex 8.52776 49.15 8.3
      vertex 8.52776 49.15 0
    endloop
  endfacet
  facet normal -0.130466 -0.991453 0
    outer loop
      vertex 10 51.7 0
      vertex 10.44 51.6421 8.3
      vertex 10 51.7 8.3
    endloop
  endfacet
  facet normal -0.130466 -0.991453 -0
    outer loop
      vertex 10.44 51.6421 8.3
      vertex 10 51.7 0
      vertex 10.44 51.6421 0
    endloop
  endfacet
  facet normal 0.382815 0.923825 -0
    outer loop
      vertex 9.56001 48.3579 0
      vertex 9.15 48.5278 8.3
      vertex 9.56001 48.3579 8.3
    endloop
  endfacet
  facet normal 0.382815 0.923825 0
    outer loop
      vertex 9.15 48.5278 8.3
      vertex 9.56001 48.3579 0
      vertex 9.15 48.5278 0
    endloop
  endfacet
  facet normal -0.382823 -0.923822 0
    outer loop
      vertex 10.44 51.6421 0
      vertex 10.85 51.4722 8.3
      vertex 10.44 51.6421 8.3
    endloop
  endfacet
  facet normal -0.382823 -0.923822 -0
    outer loop
      vertex 10.85 51.4722 8.3
      vertex 10.44 51.6421 0
      vertex 10.85 51.4722 0
    endloop
  endfacet
  facet normal 0.793371 -0.608739 0
    outer loop
      vertex 8.52776 50.85 8.3
      vertex 8.79792 51.2021 0
      vertex 8.79792 51.2021 8.3
    endloop
  endfacet
  facet normal 0.793371 -0.608739 0
    outer loop
      vertex 8.79792 51.2021 0
      vertex 8.52776 50.85 8.3
      vertex 8.52776 50.85 0
    endloop
  endfacet
  facet normal 0.608676 -0.793419 0
    outer loop
      vertex 8.79792 51.2021 0
      vertex 9.15 51.4722 8.3
      vertex 8.79792 51.2021 8.3
    endloop
  endfacet
  facet normal 0.608676 -0.793419 0
    outer loop
      vertex 9.15 51.4722 8.3
      vertex 8.79792 51.2021 0
      vertex 9.15 51.4722 0
    endloop
  endfacet
  facet normal 0.793371 0.608739 0
    outer loop
      vertex 8.79792 48.7979 8.3
      vertex 8.52776 49.15 0
      vertex 8.52776 49.15 8.3
    endloop
  endfacet
  facet normal 0.793371 0.608739 0
    outer loop
      vertex 8.52776 49.15 0
      vertex 8.79792 48.7979 8.3
      vertex 8.79792 48.7979 0
    endloop
  endfacet
  facet normal -0.608654 0.793436 0
    outer loop
      vertex 11.2021 48.7979 0
      vertex 10.85 48.5278 8.3
      vertex 11.2021 48.7979 8.3
    endloop
  endfacet
  facet normal -0.608654 0.793436 0
    outer loop
      vertex 10.85 48.5278 8.3
      vertex 11.2021 48.7979 0
      vertex 10.85 48.5278 0
    endloop
  endfacet
  facet normal 0.608676 0.793419 -0
    outer loop
      vertex 9.15 48.5278 0
      vertex 8.79792 48.7979 8.3
      vertex 9.15 48.5278 8.3
    endloop
  endfacet
  facet normal 0.608676 0.793419 0
    outer loop
      vertex 8.79792 48.7979 8.3
      vertex 9.15 48.5278 0
      vertex 8.79792 48.7979 0
    endloop
  endfacet
  facet normal 0.382815 -0.923825 0
    outer loop
      vertex 9.15 51.4722 0
      vertex 9.56001 51.6421 8.3
      vertex 9.15 51.4722 8.3
    endloop
  endfacet
  facet normal 0.382815 -0.923825 0
    outer loop
      vertex 9.56001 51.6421 8.3
      vertex 9.15 51.4722 0
      vertex 9.56001 51.6421 0
    endloop
  endfacet
  facet normal -0.793436 0.608654 0
    outer loop
      vertex 11.2021 48.7979 0
      vertex 11.4722 49.15 8.3
      vertex 11.4722 49.15 0
    endloop
  endfacet
  facet normal -0.793436 0.608654 0
    outer loop
      vertex 11.4722 49.15 8.3
      vertex 11.2021 48.7979 0
      vertex 11.2021 48.7979 8.3
    endloop
  endfacet
  facet normal 0.923878 -0.382688 0
    outer loop
      vertex 8.35793 50.44 8.3
      vertex 8.52776 50.85 0
      vertex 8.52776 50.85 8.3
    endloop
  endfacet
  facet normal 0.923878 -0.382688 0
    outer loop
      vertex 8.52776 50.85 0
      vertex 8.35793 50.44 8.3
      vertex 8.35793 50.44 0
    endloop
  endfacet
  facet normal -0.923822 0.382823 0
    outer loop
      vertex 11.4722 49.15 0
      vertex 11.6421 49.56 8.3
      vertex 11.6421 49.56 0
    endloop
  endfacet
  facet normal -0.923822 0.382823 0
    outer loop
      vertex 11.6421 49.56 8.3
      vertex 11.4722 49.15 0
      vertex 11.4722 49.15 8.3
    endloop
  endfacet
  facet normal 0.989176 0.146737 0
    outer loop
      vertex 35.4735 50.5391 1.6
      vertex 35.3943 51.073 0
      vertex 35.3943 51.073 1.6
    endloop
  endfacet
  facet normal 0.989176 0.146737 0
    outer loop
      vertex 35.3943 51.073 0
      vertex 35.4735 50.5391 1.6
      vertex 35.4735 50.5391 0
    endloop
  endfacet
  facet normal 0.998794 0.0490967 0
    outer loop
      vertex 35.5 50 1.6
      vertex 35.4735 50.5391 0
      vertex 35.4735 50.5391 1.6
    endloop
  endfacet
  facet normal 0.998794 0.0490967 0
    outer loop
      vertex 35.4735 50.5391 0
      vertex 35.5 50 1.6
      vertex 35.5 50 0
    endloop
  endfacet
  facet normal 0.970055 0.242884 0
    outer loop
      vertex 35.3943 51.073 1.6
      vertex 35.2632 51.5966 0
      vertex 35.2632 51.5966 1.6
    endloop
  endfacet
  facet normal 0.970055 0.242884 0
    outer loop
      vertex 35.2632 51.5966 0
      vertex 35.3943 51.073 1.6
      vertex 35.3943 51.073 0
    endloop
  endfacet
  facet normal -0.0490967 0.998794 0
    outer loop
      vertex 30 55.5 0
      vertex 29.4609 55.4735 1.6
      vertex 30 55.5 1.6
    endloop
  endfacet
  facet normal -0.0490967 0.998794 0
    outer loop
      vertex 29.4609 55.4735 1.6
      vertex 30 55.5 0
      vertex 29.4609 55.4735 0
    endloop
  endfacet
  facet normal 0.427465 -0.904032 0
    outer loop
      vertex 32.1048 44.9187 0
      vertex 32.5927 45.1494 1.6
      vertex 32.1048 44.9187 1.6
    endloop
  endfacet
  facet normal 0.427465 -0.904032 0
    outer loop
      vertex 32.5927 45.1494 1.6
      vertex 32.1048 44.9187 0
      vertex 32.5927 45.1494 0
    endloop
  endfacet
  facet normal 0.146737 0.989176 -0
    outer loop
      vertex 31.073 55.3943 0
      vertex 30.5391 55.4735 1.6
      vertex 31.073 55.3943 1.6
    endloop
  endfacet
  facet normal 0.146737 0.989176 0
    outer loop
      vertex 30.5391 55.4735 1.6
      vertex 31.073 55.3943 0
      vertex 30.5391 55.4735 0
    endloop
  endfacet
  facet normal 0.427465 0.904032 -0
    outer loop
      vertex 32.5927 54.8506 0
      vertex 32.1048 55.0813 1.6
      vertex 32.5927 54.8506 1.6
    endloop
  endfacet
  facet normal 0.427465 0.904032 0
    outer loop
      vertex 32.1048 55.0813 1.6
      vertex 32.5927 54.8506 0
      vertex 32.1048 55.0813 0
    endloop
  endfacet
  facet normal -0.970055 0.242884 0
    outer loop
      vertex 24.6057 51.073 0
      vertex 24.7368 51.5966 1.6
      vertex 24.7368 51.5966 0
    endloop
  endfacet
  facet normal -0.970055 0.242884 0
    outer loop
      vertex 24.7368 51.5966 1.6
      vertex 24.6057 51.073 0
      vertex 24.6057 51.073 1.6
    endloop
  endfacet
  facet normal -0.146737 0.989176 0
    outer loop
      vertex 29.4609 55.4735 0
      vertex 28.927 55.3943 1.6
      vertex 29.4609 55.4735 1.6
    endloop
  endfacet
  facet normal -0.146737 0.989176 0
    outer loop
      vertex 28.927 55.3943 1.6
      vertex 29.4609 55.4735 0
      vertex 28.927 55.3943 0
    endloop
  endfacet
  facet normal 0.336994 -0.941507 0
    outer loop
      vertex 31.5966 44.7368 0
      vertex 32.1048 44.9187 1.6
      vertex 31.5966 44.7368 1.6
    endloop
  endfacet
  facet normal 0.336994 -0.941507 0
    outer loop
      vertex 32.1048 44.9187 1.6
      vertex 31.5966 44.7368 0
      vertex 32.1048 44.9187 0
    endloop
  endfacet
  facet normal -0.595604 0.803278 0
    outer loop
      vertex 26.9444 54.5731 0
      vertex 26.5108 54.2516 1.6
      vertex 26.9444 54.5731 1.6
    endloop
  endfacet
  facet normal -0.595604 0.803278 0
    outer loop
      vertex 26.5108 54.2516 1.6
      vertex 26.9444 54.5731 0
      vertex 26.5108 54.2516 0
    endloop
  endfacet
  facet normal -0.514169 0.857689 0
    outer loop
      vertex 27.4073 54.8506 0
      vertex 26.9444 54.5731 1.6
      vertex 27.4073 54.8506 1.6
    endloop
  endfacet
  facet normal -0.514169 0.857689 0
    outer loop
      vertex 26.9444 54.5731 1.6
      vertex 27.4073 54.8506 0
      vertex 26.9444 54.5731 0
    endloop
  endfacet
  facet normal 0 0 1
    outer loop
      vertex 33.8 50 1.6
      vertex 35.5 50 1.6
      vertex 35.4735 50.5391 1.6
    endloop
  endfacet
  facet normal 0 0 1
    outer loop
      vertex 33.7817 50.3725 1.6
      vertex 35.4735 50.5391 1.6
      vertex 35.3943 51.073 1.6
    endloop
  endfacet
  facet normal 0 0 1
    outer loop
      vertex 35.5 50 1.6
      vertex 33.8 50 1.6
      vertex 35.4735 49.4609 1.6
    endloop
  endfacet
  facet normal 0 0 1
    outer loop
      vertex 33.727 50.7413 1.6
      vertex 35.3943 51.073 1.6
      vertex 35.2632 51.5966 1.6
    endloop
  endfacet
  facet normal -0 0 1
    outer loop
      vertex 33.7817 49.6275 1.6
      vertex 35.4735 49.4609 1.6
      vertex 33.8 50 1.6
    endloop
  endfacet
  facet normal 0 0 1
    outer loop
      vertex 33.6364 51.1031 1.6
      vertex 35.2632 51.5966 1.6
      vertex 35.0813 52.1048 1.6
    endloop
  endfacet
  facet normal 0 0 1
    outer loop
      vertex 35.4735 49.4609 1.6
      vertex 33.7817 49.6275 1.6
      vertex 35.3943 48.927 1.6
    endloop
  endfacet
  facet normal 0 0 1
    outer loop
      vertex 33.5107 51.4542 1.6
      vertex 35.0813 52.1048 1.6
      vertex 34.8506 52.5927 1.6
    endloop
  endfacet
  facet normal -0 0 1
    outer loop
      vertex 33.727 49.2587 1.6
      vertex 35.3943 48.927 1.6
      vertex 33.7817 49.6275 1.6
    endloop
  endfacet
  facet normal 0 0 1
    outer loop
      vertex 33.3513 51.7913 1.6
      vertex 34.8506 52.5927 1.6
      vertex 34.5731 53.0556 1.6
    endloop
  endfacet
  facet normal 0 0 1
    outer loop
      vertex 35.3943 48.927 1.6
      vertex 33.727 49.2587 1.6
      vertex 35.2632 48.4034 1.6
    endloop
  endfacet
  facet normal 0 0 1
    outer loop
      vertex 33.1596 52.1112 1.6
      vertex 34.5731 53.0556 1.6
      vertex 34.2516 53.4892 1.6
    endloop
  endfacet
  facet normal -0 0 1
    outer loop
      vertex 33.6364 48.8969 1.6
      vertex 35.2632 48.4034 1.6
      vertex 33.727 49.2587 1.6
    endloop
  endfacet
  facet normal 0 0 1
    outer loop
      vertex 32.9374 52.4107 1.6
      vertex 34.2516 53.4892 1.6
      vertex 33.8891 53.8891 1.6
    endloop
  endfacet
  facet normal 0 0 1
    outer loop
      vertex 35.2632 48.4034 1.6
      vertex 33.6364 48.8969 1.6
      vertex 35.0813 47.8952 1.6
    endloop
  endfacet
  facet normal -0 0 1
    outer loop
      vertex 33.5107 48.5458 1.6
      vertex 35.0813 47.8952 1.6
      vertex 33.6364 48.8969 1.6
    endloop
  endfacet
  facet normal 0 0 1
    outer loop
      vertex 35.4735 50.5391 1.6
      vertex 33.7817 50.3725 1.6
      vertex 33.8 50 1.6
    endloop
  endfacet
  facet normal 0 0 1
    outer loop
      vertex 35.3943 51.073 1.6
      vertex 33.727 50.7413 1.6
      vertex 33.7817 50.3725 1.6
    endloop
  endfacet
  facet normal 0 0 1
    outer loop
      vertex 35.2632 51.5966 1.6
      vertex 33.6364 51.1031 1.6
      vertex 33.727 50.7413 1.6
    endloop
  endfacet
  facet normal 0 0 1
    outer loop
      vertex 35.0813 52.1048 1.6
      vertex 33.5107 51.4542 1.6
      vertex 33.6364 51.1031 1.6
    endloop
  endfacet
  facet normal 0 0 1
    outer loop
      vertex 32.687 52.687 1.6
      vertex 33.8891 53.8891 1.6
      vertex 33.4892 54.2516 1.6
    endloop
  endfacet
  facet normal 0 0 1
    outer loop
      vertex 34.8506 52.5927 1.6
      vertex 33.3513 51.7913 1.6
      vertex 33.5107 51.4542 1.6
    endloop
  endfacet
  facet normal 0 0 1
    outer loop
      vertex 34.5731 53.0556 1.6
      vertex 33.1596 52.1112 1.6
      vertex 33.3513 51.7913 1.6
    endloop
  endfacet
  facet normal 0 0 1
    outer loop
      vertex 32.4107 52.9374 1.6
      vertex 33.4892 54.2516 1.6
      vertex 33.0556 54.5731 1.6
    endloop
  endfacet
  facet normal 0 0 1
    outer loop
      vertex 34.2516 53.4892 1.6
      vertex 32.9374 52.4107 1.6
      vertex 33.1596 52.1112 1.6
    endloop
  endfacet
  facet normal 0 0 1
    outer loop
      vertex 33.8891 53.8891 1.6
      vertex 32.687 52.687 1.6
      vertex 32.9374 52.4107 1.6
    endloop
  endfacet
  facet normal 0 0 1
    outer loop
      vertex 32.1112 53.1596 1.6
      vertex 33.0556 54.5731 1.6
      vertex 32.5927 54.8506 1.6
    endloop
  endfacet
  facet normal 0 0 1
    outer loop
      vertex 33.4892 54.2516 1.6
      vertex 32.4107 52.9374 1.6
      vertex 32.687 52.687 1.6
    endloop
  endfacet
  facet normal 0 0 1
    outer loop
      vertex 33.0556 54.5731 1.6
      vertex 32.1112 53.1596 1.6
      vertex 32.4107 52.9374 1.6
    endloop
  endfacet
  facet normal 0 0 1
    outer loop
      vertex 31.7913 53.3513 1.6
      vertex 32.5927 54.8506 1.6
      vertex 32.1048 55.0813 1.6
    endloop
  endfacet
  facet normal 0 0 1
    outer loop
      vertex 32.5927 54.8506 1.6
      vertex 31.7913 53.3513 1.6
      vertex 32.1112 53.1596 1.6
    endloop
  endfacet
  facet normal 0 0 1
    outer loop
      vertex 31.4542 53.5107 1.6
      vertex 32.1048 55.0813 1.6
      vertex 31.5966 55.2632 1.6
    endloop
  endfacet
  facet normal 0 0 1
    outer loop
      vertex 32.1048 55.0813 1.6
      vertex 31.4542 53.5107 1.6
      vertex 31.7913 53.3513 1.6
    endloop
  endfacet
  facet normal 0 0 1
    outer loop
      vertex 31.5966 55.2632 1.6
      vertex 31.1031 53.6364 1.6
      vertex 31.4542 53.5107 1.6
    endloop
  endfacet
  facet normal 0 0 1
    outer loop
      vertex 31.073 55.3943 1.6
      vertex 31.1031 53.6364 1.6
      vertex 31.5966 55.2632 1.6
    endloop
  endfacet
  facet normal 0 0 1
    outer loop
      vertex 31.073 55.3943 1.6
      vertex 30.7413 53.727 1.6
      vertex 31.1031 53.6364 1.6
    endloop
  endfacet
  facet normal 0 0 1
    outer loop
      vertex 30.5391 55.4735 1.6
      vertex 30.7413 53.727 1.6
      vertex 31.073 55.3943 1.6
    endloop
  endfacet
  facet normal 0 0 1
    outer loop
      vertex 30.5391 55.4735 1.6
      vertex 30.3725 53.7817 1.6
      vertex 30.7413 53.727 1.6
    endloop
  endfacet
  facet normal 0 0 1
    outer loop
      vertex 30 55.5 1.6
      vertex 30.3725 53.7817 1.6
      vertex 30.5391 55.4735 1.6
    endloop
  endfacet
  facet normal 0 0 1
    outer loop
      vertex 30 55.5 1.6
      vertex 30 53.8 1.6
      vertex 30.3725 53.7817 1.6
    endloop
  endfacet
  facet normal 0 0 1
    outer loop
      vertex 30 55.5 1.6
      vertex 29.6275 53.7817 1.6
      vertex 30 53.8 1.6
    endloop
  endfacet
  facet normal -0 0 1
    outer loop
      vertex 29.4609 55.4735 1.6
      vertex 29.6275 53.7817 1.6
      vertex 30 55.5 1.6
    endloop
  endfacet
  facet normal 0 0 1
    outer loop
      vertex 29.4609 55.4735 1.6
      vertex 29.2587 53.727 1.6
      vertex 29.6275 53.7817 1.6
    endloop
  endfacet
  facet normal -0 0 1
    outer loop
      vertex 28.927 55.3943 1.6
      vertex 29.2587 53.727 1.6
      vertex 29.4609 55.4735 1.6
    endloop
  endfacet
  facet normal 0 0 1
    outer loop
      vertex 28.927 55.3943 1.6
      vertex 28.8969 53.6364 1.6
      vertex 29.2587 53.727 1.6
    endloop
  endfacet
  facet normal -0 0 1
    outer loop
      vertex 28.4034 55.2632 1.6
      vertex 28.8969 53.6364 1.6
      vertex 28.927 55.3943 1.6
    endloop
  endfacet
  facet normal 0 0 1
    outer loop
      vertex 28.8969 53.6364 1.6
      vertex 28.4034 55.2632 1.6
      vertex 28.5458 53.5107 1.6
    endloop
  endfacet
  facet normal -0 0 1
    outer loop
      vertex 27.8952 55.0813 1.6
      vertex 28.5458 53.5107 1.6
      vertex 28.4034 55.2632 1.6
    endloop
  endfacet
  facet normal 0 0 1
    outer loop
      vertex 28.5458 53.5107 1.6
      vertex 27.8952 55.0813 1.6
      vertex 28.2087 53.3513 1.6
    endloop
  endfacet
  facet normal -0 0 1
    outer loop
      vertex 27.4073 54.8506 1.6
      vertex 28.2087 53.3513 1.6
      vertex 27.8952 55.0813 1.6
    endloop
  endfacet
  facet normal 0 0 1
    outer loop
      vertex 28.2087 53.3513 1.6
      vertex 27.4073 54.8506 1.6
      vertex 27.8888 53.1596 1.6
    endloop
  endfacet
  facet normal -0 0 1
    outer loop
      vertex 26.9444 54.5731 1.6
      vertex 27.8888 53.1596 1.6
      vertex 27.4073 54.8506 1.6
    endloop
  endfacet
  facet normal 0 0 1
    outer loop
      vertex 27.8888 53.1596 1.6
      vertex 26.9444 54.5731 1.6
      vertex 27.5893 52.9374 1.6
    endloop
  endfacet
  facet normal -0 0 1
    outer loop
      vertex 26.5108 54.2516 1.6
      vertex 27.5893 52.9374 1.6
      vertex 26.9444 54.5731 1.6
    endloop
  endfacet
  facet normal 0 0 1
    outer loop
      vertex 27.5893 52.9374 1.6
      vertex 26.5108 54.2516 1.6
      vertex 27.313 52.687 1.6
    endloop
  endfacet
  facet normal -0 0 1
    outer loop
      vertex 26.1109 53.8891 1.6
      vertex 27.313 52.687 1.6
      vertex 26.5108 54.2516 1.6
    endloop
  endfacet
  facet normal 0 0 1
    outer loop
      vertex 27.313 52.687 1.6
      vertex 26.1109 53.8891 1.6
      vertex 27.0626 52.4107 1.6
    endloop
  endfacet
  facet normal -0 0 1
    outer loop
      vertex 25.7484 53.4892 1.6
      vertex 27.0626 52.4107 1.6
      vertex 26.1109 53.8891 1.6
    endloop
  endfacet
  facet normal 0 0 1
    outer loop
      vertex 27.0626 52.4107 1.6
      vertex 25.7484 53.4892 1.6
      vertex 26.8404 52.1112 1.6
    endloop
  endfacet
  facet normal -0 0 1
    outer loop
      vertex 25.4269 53.0556 1.6
      vertex 26.8404 52.1112 1.6
      vertex 25.7484 53.4892 1.6
    endloop
  endfacet
  facet normal 0 0 1
    outer loop
      vertex 26.8404 52.1112 1.6
      vertex 25.4269 53.0556 1.6
      vertex 26.6487 51.7913 1.6
    endloop
  endfacet
  facet normal -0 0 1
    outer loop
      vertex 25.1494 52.5927 1.6
      vertex 26.6487 51.7913 1.6
      vertex 25.4269 53.0556 1.6
    endloop
  endfacet
  facet normal -0 0 1
    outer loop
      vertex 24.9187 52.1048 1.6
      vertex 26.4893 51.4542 1.6
      vertex 25.1494 52.5927 1.6
    endloop
  endfacet
  facet normal 0 0 1
    outer loop
      vertex 26.6487 51.7913 1.6
      vertex 25.1494 52.5927 1.6
      vertex 26.4893 51.4542 1.6
    endloop
  endfacet
  facet normal 0 0 1
    outer loop
      vertex 35.0813 47.8952 1.6
      vertex 33.5107 48.5458 1.6
      vertex 34.8506 47.4073 1.6
    endloop
  endfacet
  facet normal -0 0 1
    outer loop
      vertex 33.3513 48.2087 1.6
      vertex 34.8506 47.4073 1.6
      vertex 33.5107 48.5458 1.6
    endloop
  endfacet
  facet normal 0 0 1
    outer loop
      vertex 34.8506 47.4073 1.6
      vertex 33.3513 48.2087 1.6
      vertex 34.5731 46.9444 1.6
    endloop
  endfacet
  facet normal -0 0 1
    outer loop
      vertex 33.1596 47.8888 1.6
      vertex 34.5731 46.9444 1.6
      vertex 33.3513 48.2087 1.6
    endloop
  endfacet
  facet normal 0 0 1
    outer loop
      vertex 34.5731 46.9444 1.6
      vertex 33.1596 47.8888 1.6
      vertex 34.2516 46.5108 1.6
    endloop
  endfacet
  facet normal -0 0 1
    outer loop
      vertex 32.9374 47.5893 1.6
      vertex 34.2516 46.5108 1.6
      vertex 33.1596 47.8888 1.6
    endloop
  endfacet
  facet normal 0 0 1
    outer loop
      vertex 34.2516 46.5108 1.6
      vertex 32.9374 47.5893 1.6
      vertex 33.8891 46.1109 1.6
    endloop
  endfacet
  facet normal -0 0 1
    outer loop
      vertex 32.687 47.313 1.6
      vertex 33.8891 46.1109 1.6
      vertex 32.9374 47.5893 1.6
    endloop
  endfacet
  facet normal 0 0 1
    outer loop
      vertex 33.8891 46.1109 1.6
      vertex 32.687 47.313 1.6
      vertex 33.4892 45.7484 1.6
    endloop
  endfacet
  facet normal -0 0 1
    outer loop
      vertex 32.4107 47.0626 1.6
      vertex 33.4892 45.7484 1.6
      vertex 32.687 47.313 1.6
    endloop
  endfacet
  facet normal 0 0 1
    outer loop
      vertex 33.4892 45.7484 1.6
      vertex 32.4107 47.0626 1.6
      vertex 33.0556 45.4269 1.6
    endloop
  endfacet
  facet normal -0 0 1
    outer loop
      vertex 32.1112 46.8404 1.6
      vertex 33.0556 45.4269 1.6
      vertex 32.4107 47.0626 1.6
    endloop
  endfacet
  facet normal 0 0 1
    outer loop
      vertex 33.0556 45.4269 1.6
      vertex 32.1112 46.8404 1.6
      vertex 32.5927 45.1494 1.6
    endloop
  endfacet
  facet normal -0 0 1
    outer loop
      vertex 31.7913 46.6487 1.6
      vertex 32.5927 45.1494 1.6
      vertex 32.1112 46.8404 1.6
    endloop
  endfacet
  facet normal 0 0 1
    outer loop
      vertex 32.5927 45.1494 1.6
      vertex 31.7913 46.6487 1.6
      vertex 32.1048 44.9187 1.6
    endloop
  endfacet
  facet normal -0 0 1
    outer loop
      vertex 31.4542 46.4893 1.6
      vertex 32.1048 44.9187 1.6
      vertex 31.7913 46.6487 1.6
    endloop
  endfacet
  facet normal 0 0 1
    outer loop
      vertex 32.1048 44.9187 1.6
      vertex 31.4542 46.4893 1.6
      vertex 31.5966 44.7368 1.6
    endloop
  endfacet
  facet normal -0 0 1
    outer loop
      vertex 31.1031 46.3636 1.6
      vertex 31.5966 44.7368 1.6
      vertex 31.4542 46.4893 1.6
    endloop
  endfacet
  facet normal 0 0 1
    outer loop
      vertex 31.1031 46.3636 1.6
      vertex 31.073 44.6057 1.6
      vertex 31.5966 44.7368 1.6
    endloop
  endfacet
  facet normal -0 0 1
    outer loop
      vertex 30.7413 46.273 1.6
      vertex 31.073 44.6057 1.6
      vertex 31.1031 46.3636 1.6
    endloop
  endfacet
  facet normal 0 0 1
    outer loop
      vertex 30.7413 46.273 1.6
      vertex 30.5391 44.5265 1.6
      vertex 31.073 44.6057 1.6
    endloop
  endfacet
  facet normal -0 0 1
    outer loop
      vertex 30.3725 46.2183 1.6
      vertex 30.5391 44.5265 1.6
      vertex 30.7413 46.273 1.6
    endloop
  endfacet
  facet normal -0 0 1
    outer loop
      vertex 30 46.2 1.6
      vertex 30.5391 44.5265 1.6
      vertex 30.3725 46.2183 1.6
    endloop
  endfacet
  facet normal 0 0 1
    outer loop
      vertex 30 46.2 1.6
      vertex 30 44.5 1.6
      vertex 30.5391 44.5265 1.6
    endloop
  endfacet
  facet normal 0 0 1
    outer loop
      vertex 29.6275 46.2183 1.6
      vertex 30 44.5 1.6
      vertex 30 46.2 1.6
    endloop
  endfacet
  facet normal 0 0 1
    outer loop
      vertex 29.6275 46.2183 1.6
      vertex 29.4609 44.5265 1.6
      vertex 30 44.5 1.6
    endloop
  endfacet
  facet normal 0 0 1
    outer loop
      vertex 29.2587 46.273 1.6
      vertex 29.4609 44.5265 1.6
      vertex 29.6275 46.2183 1.6
    endloop
  endfacet
  facet normal 0 0 1
    outer loop
      vertex 29.2587 46.273 1.6
      vertex 28.927 44.6057 1.6
      vertex 29.4609 44.5265 1.6
    endloop
  endfacet
  facet normal 0 0 1
    outer loop
      vertex 28.8969 46.3636 1.6
      vertex 28.927 44.6057 1.6
      vertex 29.2587 46.273 1.6
    endloop
  endfacet
  facet normal 0 0 1
    outer loop
      vertex 28.4034 44.7368 1.6
      vertex 28.8969 46.3636 1.6
      vertex 28.5458 46.4893 1.6
    endloop
  endfacet
  facet normal 0 0 1
    outer loop
      vertex 28.8969 46.3636 1.6
      vertex 28.4034 44.7368 1.6
      vertex 28.927 44.6057 1.6
    endloop
  endfacet
  facet normal 0 0 1
    outer loop
      vertex 27.8952 44.9187 1.6
      vertex 28.5458 46.4893 1.6
      vertex 28.2087 46.6487 1.6
    endloop
  endfacet
  facet normal 0 0 1
    outer loop
      vertex 28.5458 46.4893 1.6
      vertex 27.8952 44.9187 1.6
      vertex 28.4034 44.7368 1.6
    endloop
  endfacet
  facet normal 0 0 1
    outer loop
      vertex 27.4073 45.1494 1.6
      vertex 28.2087 46.6487 1.6
      vertex 27.8888 46.8404 1.6
    endloop
  endfacet
  facet normal 0 0 1
    outer loop
      vertex 26.9444 45.4269 1.6
      vertex 27.8888 46.8404 1.6
      vertex 27.5893 47.0626 1.6
    endloop
  endfacet
  facet normal 0 0 1
    outer loop
      vertex 28.2087 46.6487 1.6
      vertex 27.4073 45.1494 1.6
      vertex 27.8952 44.9187 1.6
    endloop
  endfacet
  facet normal 0 0 1
    outer loop
      vertex 26.5108 45.7484 1.6
      vertex 27.5893 47.0626 1.6
      vertex 27.313 47.313 1.6
    endloop
  endfacet
  facet normal 0 0 1
    outer loop
      vertex 26.1109 46.1109 1.6
      vertex 27.313 47.313 1.6
      vertex 27.0626 47.5893 1.6
    endloop
  endfacet
  facet normal 0 0 1
    outer loop
      vertex 27.8888 46.8404 1.6
      vertex 26.9444 45.4269 1.6
      vertex 27.4073 45.1494 1.6
    endloop
  endfacet
  facet normal 0 0 1
    outer loop
      vertex 25.7484 46.5108 1.6
      vertex 27.0626 47.5893 1.6
      vertex 26.8404 47.8888 1.6
    endloop
  endfacet
  facet normal 0 0 1
    outer loop
      vertex 25.4269 46.9444 1.6
      vertex 26.8404 47.8888 1.6
      vertex 26.6487 48.2087 1.6
    endloop
  endfacet
  facet normal 0 0 1
    outer loop
      vertex 27.5893 47.0626 1.6
      vertex 26.5108 45.7484 1.6
      vertex 26.9444 45.4269 1.6
    endloop
  endfacet
  facet normal 0 0 1
    outer loop
      vertex 25.1494 47.4073 1.6
      vertex 26.6487 48.2087 1.6
      vertex 26.4893 48.5458 1.6
    endloop
  endfacet
  facet normal 0 0 1
    outer loop
      vertex 24.9187 47.8952 1.6
      vertex 26.4893 48.5458 1.6
      vertex 26.3636 48.8969 1.6
    endloop
  endfacet
  facet normal 0 0 1
    outer loop
      vertex 24.7368 48.4034 1.6
      vertex 26.3636 48.8969 1.6
      vertex 26.273 49.2587 1.6
    endloop
  endfacet
  facet normal 0 0 1
    outer loop
      vertex 24.6057 48.927 1.6
      vertex 26.273 49.2587 1.6
      vertex 26.2183 49.6275 1.6
    endloop
  endfacet
  facet normal 0 0 1
    outer loop
      vertex 27.313 47.313 1.6
      vertex 26.1109 46.1109 1.6
      vertex 26.5108 45.7484 1.6
    endloop
  endfacet
  facet normal 0 0 1
    outer loop
      vertex 24.5265 49.4609 1.6
      vertex 26.2183 49.6275 1.6
      vertex 26.2 50 1.6
    endloop
  endfacet
  facet normal 0 0 1
    outer loop
      vertex 26.4893 51.4542 1.6
      vertex 24.9187 52.1048 1.6
      vertex 26.3636 51.1031 1.6
    endloop
  endfacet
  facet normal -0 0 1
    outer loop
      vertex 24.7368 51.5966 1.6
      vertex 26.3636 51.1031 1.6
      vertex 24.9187 52.1048 1.6
    endloop
  endfacet
  facet normal 0 0 1
    outer loop
      vertex 27.0626 47.5893 1.6
      vertex 25.7484 46.5108 1.6
      vertex 26.1109 46.1109 1.6
    endloop
  endfacet
  facet normal 0 0 1
    outer loop
      vertex 26.3636 51.1031 1.6
      vertex 24.7368 51.5966 1.6
      vertex 26.273 50.7413 1.6
    endloop
  endfacet
  facet normal 0 0 1
    outer loop
      vertex 26.8404 47.8888 1.6
      vertex 25.4269 46.9444 1.6
      vertex 25.7484 46.5108 1.6
    endloop
  endfacet
  facet normal -0 0 1
    outer loop
      vertex 24.6057 51.073 1.6
      vertex 26.273 50.7413 1.6
      vertex 24.7368 51.5966 1.6
    endloop
  endfacet
  facet normal 0 0 1
    outer loop
      vertex 26.6487 48.2087 1.6
      vertex 25.1494 47.4073 1.6
      vertex 25.4269 46.9444 1.6
    endloop
  endfacet
  facet normal 0 0 1
    outer loop
      vertex 26.273 50.7413 1.6
      vertex 24.6057 51.073 1.6
      vertex 26.2183 50.3725 1.6
    endloop
  endfacet
  facet normal 0 0 1
    outer loop
      vertex 26.4893 48.5458 1.6
      vertex 24.9187 47.8952 1.6
      vertex 25.1494 47.4073 1.6
    endloop
  endfacet
  facet normal -0 0 1
    outer loop
      vertex 24.5265 50.5391 1.6
      vertex 26.2183 50.3725 1.6
      vertex 24.6057 51.073 1.6
    endloop
  endfacet
  facet normal 0 0 1
    outer loop
      vertex 26.3636 48.8969 1.6
      vertex 24.7368 48.4034 1.6
      vertex 24.9187 47.8952 1.6
    endloop
  endfacet
  facet normal 0 0 1
    outer loop
      vertex 26.2183 50.3725 1.6
      vertex 24.5265 50.5391 1.6
      vertex 26.2 50 1.6
    endloop
  endfacet
  facet normal 0 0 1
    outer loop
      vertex 26.273 49.2587 1.6
      vertex 24.6057 48.927 1.6
      vertex 24.7368 48.4034 1.6
    endloop
  endfacet
  facet normal 0 0 1
    outer loop
      vertex 24.5 50 1.6
      vertex 26.2 50 1.6
      vertex 24.5265 50.5391 1.6
    endloop
  endfacet
  facet normal 0 0 1
    outer loop
      vertex 26.2183 49.6275 1.6
      vertex 24.5265 49.4609 1.6
      vertex 24.6057 48.927 1.6
    endloop
  endfacet
  facet normal 0 0 1
    outer loop
      vertex 26.2 50 1.6
      vertex 24.5 50 1.6
      vertex 24.5265 49.4609 1.6
    endloop
  endfacet
  facet normal 0.671612 0.740903 -0
    outer loop
      vertex 33.8891 53.8891 0
      vertex 33.4892 54.2516 1.6
      vertex 33.8891 53.8891 1.6
    endloop
  endfacet
  facet normal 0.671612 0.740903 0
    outer loop
      vertex 33.4892 54.2516 1.6
      vertex 33.8891 53.8891 0
      vertex 33.4892 54.2516 0
    endloop
  endfacet
  facet normal -0.595604 -0.803278 0
    outer loop
      vertex 26.5108 45.7484 0
      vertex 26.9444 45.4269 1.6
      vertex 26.5108 45.7484 1.6
    endloop
  endfacet
  facet normal -0.595604 -0.803278 -0
    outer loop
      vertex 26.9444 45.4269 1.6
      vertex 26.5108 45.7484 0
      vertex 26.9444 45.4269 0
    endloop
  endfacet
  facet normal -0.427465 0.904032 0
    outer loop
      vertex 27.8952 55.0813 0
      vertex 27.4073 54.8506 1.6
      vertex 27.8952 55.0813 1.6
    endloop
  endfacet
  facet normal -0.427465 0.904032 0
    outer loop
      vertex 27.4073 54.8506 1.6
      vertex 27.8952 55.0813 0
      vertex 27.4073 54.8506 0
    endloop
  endfacet
  facet normal 0.514169 0.857689 -0
    outer loop
      vertex 33.0556 54.5731 0
      vertex 32.5927 54.8506 1.6
      vertex 33.0556 54.5731 1.6
    endloop
  endfacet
  facet normal 0.514169 0.857689 0
    outer loop
      vertex 32.5927 54.8506 1.6
      vertex 33.0556 54.5731 0
      vertex 32.5927 54.8506 0
    endloop
  endfacet
  facet normal 0 0 -1
    outer loop
      vertex 31.7 50 0
      vertex 35.5 50 0
      vertex 35.4735 49.4609 0
    endloop
  endfacet
  facet normal 0 0 -1
    outer loop
      vertex 31.6421 49.56 0
      vertex 35.4735 49.4609 0
      vertex 35.3943 48.927 0
    endloop
  endfacet
  facet normal 0 0 -1
    outer loop
      vertex 35.5 50 0
      vertex 31.7 50 0
      vertex 35.4735 50.5391 0
    endloop
  endfacet
  facet normal 0 0 -1
    outer loop
      vertex 31.6421 49.56 0
      vertex 35.3943 48.927 0
      vertex 35.2632 48.4034 0
    endloop
  endfacet
  facet normal 0 0 -1
    outer loop
      vertex 31.6421 50.44 0
      vertex 35.4735 50.5391 0
      vertex 31.7 50 0
    endloop
  endfacet
  facet normal 0 0 -1
    outer loop
      vertex 31.6421 49.56 0
      vertex 35.2632 48.4034 0
      vertex 35.0813 47.8952 0
    endloop
  endfacet
  facet normal -0 0 -1
    outer loop
      vertex 35.4735 50.5391 0
      vertex 31.6421 50.44 0
      vertex 35.3943 51.073 0
    endloop
  endfacet
  facet normal 0 0 -1
    outer loop
      vertex 31.4722 49.15 0
      vertex 35.0813 47.8952 0
      vertex 34.8506 47.4073 0
    endloop
  endfacet
  facet normal -0 0 -1
    outer loop
      vertex 35.3943 51.073 0
      vertex 31.6421 50.44 0
      vertex 35.2632 51.5966 0
    endloop
  endfacet
  facet normal 0 0 -1
    outer loop
      vertex 31.4722 49.15 0
      vertex 34.8506 47.4073 0
      vertex 34.5731 46.9444 0
    endloop
  endfacet
  facet normal -0 0 -1
    outer loop
      vertex 35.2632 51.5966 0
      vertex 31.6421 50.44 0
      vertex 35.0813 52.1048 0
    endloop
  endfacet
  facet normal 0 0 -1
    outer loop
      vertex 31.4722 49.15 0
      vertex 34.5731 46.9444 0
      vertex 34.2516 46.5108 0
    endloop
  endfacet
  facet normal 0 0 -1
    outer loop
      vertex 31.4722 50.85 0
      vertex 35.0813 52.1048 0
      vertex 31.6421 50.44 0
    endloop
  endfacet
  facet normal 0 0 -1
    outer loop
      vertex 31.2021 48.7979 0
      vertex 34.2516 46.5108 0
      vertex 33.8891 46.1109 0
    endloop
  endfacet
  facet normal -0 0 -1
    outer loop
      vertex 35.0813 52.1048 0
      vertex 31.4722 50.85 0
      vertex 34.8506 52.5927 0
    endloop
  endfacet
  facet normal 0 0 -1
    outer loop
      vertex 31.2021 48.7979 0
      vertex 33.8891 46.1109 0
      vertex 33.4892 45.7484 0
    endloop
  endfacet
  facet normal -0 0 -1
    outer loop
      vertex 34.8506 52.5927 0
      vertex 31.4722 50.85 0
      vertex 34.5731 53.0556 0
    endloop
  endfacet
  facet normal 0 0 -1
    outer loop
      vertex 30.85 48.5278 0
      vertex 33.4892 45.7484 0
      vertex 33.0556 45.4269 0
    endloop
  endfacet
  facet normal -0 0 -1
    outer loop
      vertex 34.5731 53.0556 0
      vertex 31.4722 50.85 0
      vertex 34.2516 53.4892 0
    endloop
  endfacet
  facet normal 0 0 -1
    outer loop
      vertex 30.85 48.5278 0
      vertex 33.0556 45.4269 0
      vertex 32.5927 45.1494 0
    endloop
  endfacet
  facet normal 0 0 -1
    outer loop
      vertex 31.2021 51.2021 0
      vertex 34.2516 53.4892 0
      vertex 31.4722 50.85 0
    endloop
  endfacet
  facet normal 0 0 -1
    outer loop
      vertex 30.85 48.5278 0
      vertex 32.5927 45.1494 0
      vertex 32.1048 44.9187 0
    endloop
  endfacet
  facet normal -0 0 -1
    outer loop
      vertex 34.2516 53.4892 0
      vertex 31.2021 51.2021 0
      vertex 33.8891 53.8891 0
    endloop
  endfacet
  facet normal -0 0 -1
    outer loop
      vertex 33.8891 53.8891 0
      vertex 31.2021 51.2021 0
      vertex 33.4892 54.2516 0
    endloop
  endfacet
  facet normal 0 0 -1
    outer loop
      vertex 35.4735 49.4609 0
      vertex 31.6421 49.56 0
      vertex 31.7 50 0
    endloop
  endfacet
  facet normal 0 0 -1
    outer loop
      vertex 30.44 48.3579 0
      vertex 32.1048 44.9187 0
      vertex 31.5966 44.7368 0
    endloop
  endfacet
  facet normal 0 0 -1
    outer loop
      vertex 35.0813 47.8952 0
      vertex 31.4722 49.15 0
      vertex 31.6421 49.56 0
    endloop
  endfacet
  facet normal 0 0 -1
    outer loop
      vertex 34.2516 46.5108 0
      vertex 31.2021 48.7979 0
      vertex 31.4722 49.15 0
    endloop
  endfacet
  facet normal 0 0 -1
    outer loop
      vertex 30.44 48.3579 0
      vertex 31.5966 44.7368 0
      vertex 31.073 44.6057 0
    endloop
  endfacet
  facet normal 0 0 -1
    outer loop
      vertex 33.4892 45.7484 0
      vertex 30.85 48.5278 0
      vertex 31.2021 48.7979 0
    endloop
  endfacet
  facet normal 0 0 -1
    outer loop
      vertex 30.44 48.3579 0
      vertex 31.073 44.6057 0
      vertex 30.5391 44.5265 0
    endloop
  endfacet
  facet normal 0 0 -1
    outer loop
      vertex 32.1048 44.9187 0
      vertex 30.44 48.3579 0
      vertex 30.85 48.5278 0
    endloop
  endfacet
  facet normal 0 0 -1
    outer loop
      vertex 30 48.3 0
      vertex 30.5391 44.5265 0
      vertex 30 44.5 0
    endloop
  endfacet
  facet normal 0 0 -1
    outer loop
      vertex 30.5391 44.5265 0
      vertex 30 48.3 0
      vertex 30.44 48.3579 0
    endloop
  endfacet
  facet normal 0 0 -1
    outer loop
      vertex 29.4609 44.5265 0
      vertex 30 48.3 0
      vertex 30 44.5 0
    endloop
  endfacet
  facet normal -0 0 -1
    outer loop
      vertex 30 48.3 0
      vertex 29.4609 44.5265 0
      vertex 29.56 48.3579 0
    endloop
  endfacet
  facet normal 0 0 -1
    outer loop
      vertex 28.927 44.6057 0
      vertex 29.56 48.3579 0
      vertex 29.4609 44.5265 0
    endloop
  endfacet
  facet normal 0 0 -1
    outer loop
      vertex 28.4034 44.7368 0
      vertex 29.56 48.3579 0
      vertex 28.927 44.6057 0
    endloop
  endfacet
  facet normal 0 0 -1
    outer loop
      vertex 27.8952 44.9187 0
      vertex 29.56 48.3579 0
      vertex 28.4034 44.7368 0
    endloop
  endfacet
  facet normal -0 0 -1
    outer loop
      vertex 29.56 48.3579 0
      vertex 27.8952 44.9187 0
      vertex 29.15 48.5278 0
    endloop
  endfacet
  facet normal 0 0 -1
    outer loop
      vertex 27.4073 45.1494 0
      vertex 29.15 48.5278 0
      vertex 27.8952 44.9187 0
    endloop
  endfacet
  facet normal 0 0 -1
    outer loop
      vertex 26.9444 45.4269 0
      vertex 29.15 48.5278 0
      vertex 27.4073 45.1494 0
    endloop
  endfacet
  facet normal 0 0 -1
    outer loop
      vertex 26.5108 45.7484 0
      vertex 29.15 48.5278 0
      vertex 26.9444 45.4269 0
    endloop
  endfacet
  facet normal -0 0 -1
    outer loop
      vertex 29.15 48.5278 0
      vertex 26.5108 45.7484 0
      vertex 28.7979 48.7979 0
    endloop
  endfacet
  facet normal 0 0 -1
    outer loop
      vertex 30.85 51.4722 0
      vertex 33.4892 54.2516 0
      vertex 31.2021 51.2021 0
    endloop
  endfacet
  facet normal -0 0 -1
    outer loop
      vertex 33.4892 54.2516 0
      vertex 30.85 51.4722 0
      vertex 33.0556 54.5731 0
    endloop
  endfacet
  facet normal -0 0 -1
    outer loop
      vertex 33.0556 54.5731 0
      vertex 30.85 51.4722 0
      vertex 32.5927 54.8506 0
    endloop
  endfacet
  facet normal -0 0 -1
    outer loop
      vertex 32.5927 54.8506 0
      vertex 30.85 51.4722 0
      vertex 32.1048 55.0813 0
    endloop
  endfacet
  facet normal 0 0 -1
    outer loop
      vertex 30.44 51.6421 0
      vertex 32.1048 55.0813 0
      vertex 30.85 51.4722 0
    endloop
  endfacet
  facet normal -0 0 -1
    outer loop
      vertex 32.1048 55.0813 0
      vertex 30.44 51.6421 0
      vertex 31.5966 55.2632 0
    endloop
  endfacet
  facet normal -0 0 -1
    outer loop
      vertex 31.5966 55.2632 0
      vertex 30.44 51.6421 0
      vertex 31.073 55.3943 0
    endloop
  endfacet
  facet normal -0 0 -1
    outer loop
      vertex 31.073 55.3943 0
      vertex 30.44 51.6421 0
      vertex 30.5391 55.4735 0
    endloop
  endfacet
  facet normal 0 0 -1
    outer loop
      vertex 30 51.7 0
      vertex 30.5391 55.4735 0
      vertex 30.44 51.6421 0
    endloop
  endfacet
  facet normal 0 0 -1
    outer loop
      vertex 30 51.7 0
      vertex 30 55.5 0
      vertex 30.5391 55.4735 0
    endloop
  endfacet
  facet normal 0 0 -1
    outer loop
      vertex 29.4609 55.4735 0
      vertex 30 51.7 0
      vertex 29.56 51.6421 0
    endloop
  endfacet
  facet normal 0 0 -1
    outer loop
      vertex 30 51.7 0
      vertex 29.4609 55.4735 0
      vertex 30 55.5 0
    endloop
  endfacet
  facet normal 0 0 -1
    outer loop
      vertex 27.8952 55.0813 0
      vertex 29.56 51.6421 0
      vertex 29.15 51.4722 0
    endloop
  endfacet
  facet normal 0 0 -1
    outer loop
      vertex 29.56 51.6421 0
      vertex 28.927 55.3943 0
      vertex 29.4609 55.4735 0
    endloop
  endfacet
  facet normal 0 0 -1
    outer loop
      vertex 26.5108 54.2516 0
      vertex 29.15 51.4722 0
      vertex 28.7979 51.2021 0
    endloop
  endfacet
  facet normal 0 0 -1
    outer loop
      vertex 25.7484 53.4892 0
      vertex 28.7979 51.2021 0
      vertex 28.5278 50.85 0
    endloop
  endfacet
  facet normal 0 0 -1
    outer loop
      vertex 29.56 51.6421 0
      vertex 28.4034 55.2632 0
      vertex 28.927 55.3943 0
    endloop
  endfacet
  facet normal 0 0 -1
    outer loop
      vertex 24.9187 52.1048 0
      vertex 28.5278 50.85 0
      vertex 28.3579 50.44 0
    endloop
  endfacet
  facet normal 0 0 -1
    outer loop
      vertex 24.5265 50.5391 0
      vertex 28.3579 50.44 0
      vertex 28.3 50 0
    endloop
  endfacet
  facet normal 0 0 -1
    outer loop
      vertex 26.1109 46.1109 0
      vertex 28.7979 48.7979 0
      vertex 26.5108 45.7484 0
    endloop
  endfacet
  facet normal 0 0 -1
    outer loop
      vertex 29.56 51.6421 0
      vertex 27.8952 55.0813 0
      vertex 28.4034 55.2632 0
    endloop
  endfacet
  facet normal 0 0 -1
    outer loop
      vertex 25.7484 46.5108 0
      vertex 28.7979 48.7979 0
      vertex 26.1109 46.1109 0
    endloop
  endfacet
  facet normal 0 0 -1
    outer loop
      vertex 29.15 51.4722 0
      vertex 27.4073 54.8506 0
      vertex 27.8952 55.0813 0
    endloop
  endfacet
  facet normal -0 0 -1
    outer loop
      vertex 28.7979 48.7979 0
      vertex 25.7484 46.5108 0
      vertex 28.5278 49.15 0
    endloop
  endfacet
  facet normal 0 0 -1
    outer loop
      vertex 29.15 51.4722 0
      vertex 26.9444 54.5731 0
      vertex 27.4073 54.8506 0
    endloop
  endfacet
  facet normal 0 0 -1
    outer loop
      vertex 25.4269 46.9444 0
      vertex 28.5278 49.15 0
      vertex 25.7484 46.5108 0
    endloop
  endfacet
  facet normal 0 0 -1
    outer loop
      vertex 29.15 51.4722 0
      vertex 26.5108 54.2516 0
      vertex 26.9444 54.5731 0
    endloop
  endfacet
  facet normal 0 0 -1
    outer loop
      vertex 25.1494 47.4073 0
      vertex 28.5278 49.15 0
      vertex 25.4269 46.9444 0
    endloop
  endfacet
  facet normal 0 0 -1
    outer loop
      vertex 28.7979 51.2021 0
      vertex 26.1109 53.8891 0
      vertex 26.5108 54.2516 0
    endloop
  endfacet
  facet normal 0 0 -1
    outer loop
      vertex 24.9187 47.8952 0
      vertex 28.5278 49.15 0
      vertex 25.1494 47.4073 0
    endloop
  endfacet
  facet normal 0 0 -1
    outer loop
      vertex 28.7979 51.2021 0
      vertex 25.7484 53.4892 0
      vertex 26.1109 53.8891 0
    endloop
  endfacet
  facet normal -0 0 -1
    outer loop
      vertex 28.5278 49.15 0
      vertex 24.9187 47.8952 0
      vertex 28.3579 49.56 0
    endloop
  endfacet
  facet normal 0 0 -1
    outer loop
      vertex 28.5278 50.85 0
      vertex 25.4269 53.0556 0
      vertex 25.7484 53.4892 0
    endloop
  endfacet
  facet normal 0 0 -1
    outer loop
      vertex 24.7368 48.4034 0
      vertex 28.3579 49.56 0
      vertex 24.9187 47.8952 0
    endloop
  endfacet
  facet normal 0 0 -1
    outer loop
      vertex 28.5278 50.85 0
      vertex 25.1494 52.5927 0
      vertex 25.4269 53.0556 0
    endloop
  endfacet
  facet normal 0 0 -1
    outer loop
      vertex 24.6057 48.927 0
      vertex 28.3579 49.56 0
      vertex 24.7368 48.4034 0
    endloop
  endfacet
  facet normal 0 0 -1
    outer loop
      vertex 28.5278 50.85 0
      vertex 24.9187 52.1048 0
      vertex 25.1494 52.5927 0
    endloop
  endfacet
  facet normal 0 0 -1
    outer loop
      vertex 24.5265 49.4609 0
      vertex 28.3579 49.56 0
      vertex 24.6057 48.927 0
    endloop
  endfacet
  facet normal 0 0 -1
    outer loop
      vertex 28.3579 50.44 0
      vertex 24.7368 51.5966 0
      vertex 24.9187 52.1048 0
    endloop
  endfacet
  facet normal -0 0 -1
    outer loop
      vertex 28.3579 49.56 0
      vertex 24.5265 49.4609 0
      vertex 28.3 50 0
    endloop
  endfacet
  facet normal 0 0 -1
    outer loop
      vertex 28.3579 50.44 0
      vertex 24.6057 51.073 0
      vertex 24.7368 51.5966 0
    endloop
  endfacet
  facet normal 0 0 -1
    outer loop
      vertex 24.5 50 0
      vertex 28.3 50 0
      vertex 24.5265 49.4609 0
    endloop
  endfacet
  facet normal 0 0 -1
    outer loop
      vertex 28.3579 50.44 0
      vertex 24.5265 50.5391 0
      vertex 24.6057 51.073 0
    endloop
  endfacet
  facet normal 0 0 -1
    outer loop
      vertex 28.3 50 0
      vertex 24.5 50 0
      vertex 24.5265 50.5391 0
    endloop
  endfacet
  facet normal -0.427465 -0.904032 0
    outer loop
      vertex 27.4073 45.1494 0
      vertex 27.8952 44.9187 1.6
      vertex 27.4073 45.1494 1.6
    endloop
  endfacet
  facet normal -0.427465 -0.904032 -0
    outer loop
      vertex 27.8952 44.9187 1.6
      vertex 27.4073 45.1494 0
      vertex 27.8952 44.9187 0
    endloop
  endfacet
  facet normal -0.242884 -0.970055 0
    outer loop
      vertex 28.4034 44.7368 0
      vertex 28.927 44.6057 1.6
      vertex 28.4034 44.7368 1.6
    endloop
  endfacet
  facet normal -0.242884 -0.970055 -0
    outer loop
      vertex 28.927 44.6057 1.6
      vertex 28.4034 44.7368 0
      vertex 28.927 44.6057 0
    endloop
  endfacet
  facet normal -0.998794 -0.0490967 0
    outer loop
      vertex 24.5265 49.4609 0
      vertex 24.5 50 1.6
      vertex 24.5 50 0
    endloop
  endfacet
  facet normal -0.998794 -0.0490967 0
    outer loop
      vertex 24.5 50 1.6
      vertex 24.5265 49.4609 0
      vertex 24.5265 49.4609 1.6
    endloop
  endfacet
  facet normal 0.595604 0.803278 -0
    outer loop
      vertex 33.4892 54.2516 0
      vertex 33.0556 54.5731 1.6
      vertex 33.4892 54.2516 1.6
    endloop
  endfacet
  facet normal 0.595604 0.803278 0
    outer loop
      vertex 33.0556 54.5731 1.6
      vertex 33.4892 54.2516 0
      vertex 33.0556 54.5731 0
    endloop
  endfacet
  facet normal 0.970055 -0.242884 0
    outer loop
      vertex 35.2632 48.4034 1.6
      vertex 35.3943 48.927 0
      vertex 35.3943 48.927 1.6
    endloop
  endfacet
  facet normal 0.970055 -0.242884 0
    outer loop
      vertex 35.3943 48.927 0
      vertex 35.2632 48.4034 1.6
      vertex 35.2632 48.4034 0
    endloop
  endfacet
  facet normal -0.336994 -0.941507 0
    outer loop
      vertex 27.8952 44.9187 0
      vertex 28.4034 44.7368 1.6
      vertex 27.8952 44.9187 1.6
    endloop
  endfacet
  facet normal -0.336994 -0.941507 -0
    outer loop
      vertex 28.4034 44.7368 1.6
      vertex 27.8952 44.9187 0
      vertex 28.4034 44.7368 0
    endloop
  endfacet
  facet normal 0.242884 0.970055 -0
    outer loop
      vertex 31.5966 55.2632 0
      vertex 31.073 55.3943 1.6
      vertex 31.5966 55.2632 1.6
    endloop
  endfacet
  facet normal 0.242884 0.970055 0
    outer loop
      vertex 31.073 55.3943 1.6
      vertex 31.5966 55.2632 0
      vertex 31.073 55.3943 0
    endloop
  endfacet
  facet normal -0.740903 0.671612 0
    outer loop
      vertex 25.7484 53.4892 0
      vertex 26.1109 53.8891 1.6
      vertex 26.1109 53.8891 0
    endloop
  endfacet
  facet normal -0.740903 0.671612 0
    outer loop
      vertex 26.1109 53.8891 1.6
      vertex 25.7484 53.4892 0
      vertex 25.7484 53.4892 1.6
    endloop
  endfacet
  facet normal 0.0490967 -0.998794 0
    outer loop
      vertex 30 44.5 0
      vertex 30.5391 44.5265 1.6
      vertex 30 44.5 1.6
    endloop
  endfacet
  facet normal 0.0490967 -0.998794 0
    outer loop
      vertex 30.5391 44.5265 1.6
      vertex 30 44.5 0
      vertex 30.5391 44.5265 0
    endloop
  endfacet
  facet normal 0.803278 0.595604 0
    outer loop
      vertex 34.5731 53.0556 1.6
      vertex 34.2516 53.4892 0
      vertex 34.2516 53.4892 1.6
    endloop
  endfacet
  facet normal 0.803278 0.595604 0
    outer loop
      vertex 34.2516 53.4892 0
      vertex 34.5731 53.0556 1.6
      vertex 34.5731 53.0556 0
    endloop
  endfacet
  facet normal -0.970055 -0.242884 0
    outer loop
      vertex 24.7368 48.4034 0
      vertex 24.6057 48.927 1.6
      vertex 24.6057 48.927 0
    endloop
  endfacet
  facet normal -0.970055 -0.242884 0
    outer loop
      vertex 24.6057 48.927 1.6
      vertex 24.7368 48.4034 0
      vertex 24.7368 48.4034 1.6
    endloop
  endfacet
  facet normal -0.904032 -0.427465 0
    outer loop
      vertex 25.1494 47.4073 0
      vertex 24.9187 47.8952 1.6
      vertex 24.9187 47.8952 0
    endloop
  endfacet
  facet normal -0.904032 -0.427465 0
    outer loop
      vertex 24.9187 47.8952 1.6
      vertex 25.1494 47.4073 0
      vertex 25.1494 47.4073 1.6
    endloop
  endfacet
  facet normal 0.0490967 0.998794 -0
    outer loop
      vertex 30.5391 55.4735 0
      vertex 30 55.5 1.6
      vertex 30.5391 55.4735 1.6
    endloop
  endfacet
  facet normal 0.0490967 0.998794 0
    outer loop
      vertex 30 55.5 1.6
      vertex 30.5391 55.4735 0
      vertex 30 55.5 0
    endloop
  endfacet
  facet normal 0.989176 -0.146737 0
    outer loop
      vertex 35.3943 48.927 1.6
      vertex 35.4735 49.4609 0
      vertex 35.4735 49.4609 1.6
    endloop
  endfacet
  facet normal 0.989176 -0.146737 0
    outer loop
      vertex 35.4735 49.4609 0
      vertex 35.3943 48.927 1.6
      vertex 35.3943 48.927 0
    endloop
  endfacet
  facet normal 0.514169 -0.857689 0
    outer loop
      vertex 32.5927 45.1494 0
      vertex 33.0556 45.4269 1.6
      vertex 32.5927 45.1494 1.6
    endloop
  endfacet
  facet normal 0.514169 -0.857689 0
    outer loop
      vertex 33.0556 45.4269 1.6
      vertex 32.5927 45.1494 0
      vertex 33.0556 45.4269 0
    endloop
  endfacet
  facet normal 0.904032 -0.427465 0
    outer loop
      vertex 34.8506 47.4073 1.6
      vertex 35.0813 47.8952 0
      vertex 35.0813 47.8952 1.6
    endloop
  endfacet
  facet normal 0.904032 -0.427465 0
    outer loop
      vertex 35.0813 47.8952 0
      vertex 34.8506 47.4073 1.6
      vertex 34.8506 47.4073 0
    endloop
  endfacet
  facet normal 0.336994 0.941507 -0
    outer loop
      vertex 32.1048 55.0813 0
      vertex 31.5966 55.2632 1.6
      vertex 32.1048 55.0813 1.6
    endloop
  endfacet
  facet normal 0.336994 0.941507 0
    outer loop
      vertex 31.5966 55.2632 1.6
      vertex 32.1048 55.0813 0
      vertex 31.5966 55.2632 0
    endloop
  endfacet
  facet normal 0.740903 0.671612 0
    outer loop
      vertex 34.2516 53.4892 1.6
      vertex 33.8891 53.8891 0
      vertex 33.8891 53.8891 1.6
    endloop
  endfacet
  facet normal 0.740903 0.671612 0
    outer loop
      vertex 33.8891 53.8891 0
      vertex 34.2516 53.4892 1.6
      vertex 34.2516 53.4892 0
    endloop
  endfacet
  facet normal 0.998794 -0.0490967 0
    outer loop
      vertex 35.4735 49.4609 1.6
      vertex 35.5 50 0
      vertex 35.5 50 1.6
    endloop
  endfacet
  facet normal 0.998794 -0.0490967 0
    outer loop
      vertex 35.5 50 0
      vertex 35.4735 49.4609 1.6
      vertex 35.4735 49.4609 0
    endloop
  endfacet
  facet normal -0.941507 -0.336994 0
    outer loop
      vertex 24.9187 47.8952 0
      vertex 24.7368 48.4034 1.6
      vertex 24.7368 48.4034 0
    endloop
  endfacet
  facet normal -0.941507 -0.336994 0
    outer loop
      vertex 24.7368 48.4034 1.6
      vertex 24.9187 47.8952 0
      vertex 24.9187 47.8952 1.6
    endloop
  endfacet
  facet normal -0.941507 0.336994 0
    outer loop
      vertex 24.7368 51.5966 0
      vertex 24.9187 52.1048 1.6
      vertex 24.9187 52.1048 0
    endloop
  endfacet
  facet normal -0.941507 0.336994 0
    outer loop
      vertex 24.9187 52.1048 1.6
      vertex 24.7368 51.5966 0
      vertex 24.7368 51.5966 1.6
    endloop
  endfacet
  facet normal -0.857689 -0.514169 0
    outer loop
      vertex 25.4269 46.9444 0
      vertex 25.1494 47.4073 1.6
      vertex 25.1494 47.4073 0
    endloop
  endfacet
  facet normal -0.857689 -0.514169 0
    outer loop
      vertex 25.1494 47.4073 1.6
      vertex 25.4269 46.9444 0
      vertex 25.4269 46.9444 1.6
    endloop
  endfacet
  facet normal 0.242884 -0.970055 0
    outer loop
      vertex 31.073 44.6057 0
      vertex 31.5966 44.7368 1.6
      vertex 31.073 44.6057 1.6
    endloop
  endfacet
  facet normal 0.242884 -0.970055 0
    outer loop
      vertex 31.5966 44.7368 1.6
      vertex 31.073 44.6057 0
      vertex 31.5966 44.7368 0
    endloop
  endfacet
  facet normal 0.146737 -0.989176 0
    outer loop
      vertex 30.5391 44.5265 0
      vertex 31.073 44.6057 1.6
      vertex 30.5391 44.5265 1.6
    endloop
  endfacet
  facet normal 0.146737 -0.989176 0
    outer loop
      vertex 31.073 44.6057 1.6
      vertex 30.5391 44.5265 0
      vertex 31.073 44.6057 0
    endloop
  endfacet
  facet normal 0.941507 0.336994 0
    outer loop
      vertex 35.2632 51.5966 1.6
      vertex 35.0813 52.1048 0
      vertex 35.0813 52.1048 1.6
    endloop
  endfacet
  facet normal 0.941507 0.336994 0
    outer loop
      vertex 35.0813 52.1048 0
      vertex 35.2632 51.5966 1.6
      vertex 35.2632 51.5966 0
    endloop
  endfacet
  facet normal -0.998794 0.0490967 0
    outer loop
      vertex 24.5 50 0
      vertex 24.5265 50.5391 1.6
      vertex 24.5265 50.5391 0
    endloop
  endfacet
  facet normal -0.998794 0.0490967 0
    outer loop
      vertex 24.5265 50.5391 1.6
      vertex 24.5 50 0
      vertex 24.5 50 1.6
    endloop
  endfacet
  facet normal 0.803278 -0.595604 0
    outer loop
      vertex 34.2516 46.5108 1.6
      vertex 34.5731 46.9444 0
      vertex 34.5731 46.9444 1.6
    endloop
  endfacet
  facet normal 0.803278 -0.595604 0
    outer loop
      vertex 34.5731 46.9444 0
      vertex 34.2516 46.5108 1.6
      vertex 34.2516 46.5108 0
    endloop
  endfacet
  facet normal 0.857689 -0.514169 0
    outer loop
      vertex 34.5731 46.9444 1.6
      vertex 34.8506 47.4073 0
      vertex 34.8506 47.4073 1.6
    endloop
  endfacet
  facet normal 0.857689 -0.514169 0
    outer loop
      vertex 34.8506 47.4073 0
      vertex 34.5731 46.9444 1.6
      vertex 34.5731 46.9444 0
    endloop
  endfacet
  facet normal -0.242884 0.970055 0
    outer loop
      vertex 28.927 55.3943 0
      vertex 28.4034 55.2632 1.6
      vertex 28.927 55.3943 1.6
    endloop
  endfacet
  facet normal -0.242884 0.970055 0
    outer loop
      vertex 28.4034 55.2632 1.6
      vertex 28.927 55.3943 0
      vertex 28.4034 55.2632 0
    endloop
  endfacet
  facet normal 0.941507 -0.336994 0
    outer loop
      vertex 35.0813 47.8952 1.6
      vertex 35.2632 48.4034 0
      vertex 35.2632 48.4034 1.6
    endloop
  endfacet
  facet normal 0.941507 -0.336994 0
    outer loop
      vertex 35.2632 48.4034 0
      vertex 35.0813 47.8952 1.6
      vertex 35.0813 47.8952 0
    endloop
  endfacet
  facet normal 0.904032 0.427465 0
    outer loop
      vertex 35.0813 52.1048 1.6
      vertex 34.8506 52.5927 0
      vertex 34.8506 52.5927 1.6
    endloop
  endfacet
  facet normal 0.904032 0.427465 0
    outer loop
      vertex 34.8506 52.5927 0
      vertex 35.0813 52.1048 1.6
      vertex 35.0813 52.1048 0
    endloop
  endfacet
  facet normal -0.146737 -0.989176 0
    outer loop
      vertex 28.927 44.6057 0
      vertex 29.4609 44.5265 1.6
      vertex 28.927 44.6057 1.6
    endloop
  endfacet
  facet normal -0.146737 -0.989176 -0
    outer loop
      vertex 29.4609 44.5265 1.6
      vertex 28.927 44.6057 0
      vertex 29.4609 44.5265 0
    endloop
  endfacet
  facet normal 0.857689 0.514169 0
    outer loop
      vertex 34.8506 52.5927 1.6
      vertex 34.5731 53.0556 0
      vertex 34.5731 53.0556 1.6
    endloop
  endfacet
  facet normal 0.857689 0.514169 0
    outer loop
      vertex 34.5731 53.0556 0
      vertex 34.8506 52.5927 1.6
      vertex 34.8506 52.5927 0
    endloop
  endfacet
  facet normal -0.336994 0.941507 0
    outer loop
      vertex 28.4034 55.2632 0
      vertex 27.8952 55.0813 1.6
      vertex 28.4034 55.2632 1.6
    endloop
  endfacet
  facet normal -0.336994 0.941507 0
    outer loop
      vertex 27.8952 55.0813 1.6
      vertex 28.4034 55.2632 0
      vertex 27.8952 55.0813 0
    endloop
  endfacet
  facet normal -0.740903 -0.671612 0
    outer loop
      vertex 26.1109 46.1109 0
      vertex 25.7484 46.5108 1.6
      vertex 25.7484 46.5108 0
    endloop
  endfacet
  facet normal -0.740903 -0.671612 0
    outer loop
      vertex 25.7484 46.5108 1.6
      vertex 26.1109 46.1109 0
      vertex 26.1109 46.1109 1.6
    endloop
  endfacet
  facet normal -0.671612 0.740903 0
    outer loop
      vertex 26.5108 54.2516 0
      vertex 26.1109 53.8891 1.6
      vertex 26.5108 54.2516 1.6
    endloop
  endfacet
  facet normal -0.671612 0.740903 0
    outer loop
      vertex 26.1109 53.8891 1.6
      vertex 26.5108 54.2516 0
      vertex 26.1109 53.8891 0
    endloop
  endfacet
  facet normal -0.904032 0.427465 0
    outer loop
      vertex 24.9187 52.1048 0
      vertex 25.1494 52.5927 1.6
      vertex 25.1494 52.5927 0
    endloop
  endfacet
  facet normal -0.904032 0.427465 0
    outer loop
      vertex 25.1494 52.5927 1.6
      vertex 24.9187 52.1048 0
      vertex 24.9187 52.1048 1.6
    endloop
  endfacet
  facet normal -0.514169 -0.857689 0
    outer loop
      vertex 26.9444 45.4269 0
      vertex 27.4073 45.1494 1.6
      vertex 26.9444 45.4269 1.6
    endloop
  endfacet
  facet normal -0.514169 -0.857689 -0
    outer loop
      vertex 27.4073 45.1494 1.6
      vertex 26.9444 45.4269 0
      vertex 27.4073 45.1494 0
    endloop
  endfacet
  facet normal 0.671612 -0.740903 0
    outer loop
      vertex 33.4892 45.7484 0
      vertex 33.8891 46.1109 1.6
      vertex 33.4892 45.7484 1.6
    endloop
  endfacet
  facet normal 0.671612 -0.740903 0
    outer loop
      vertex 33.8891 46.1109 1.6
      vertex 33.4892 45.7484 0
      vertex 33.8891 46.1109 0
    endloop
  endfacet
  facet normal -0.803278 -0.595604 0
    outer loop
      vertex 25.7484 46.5108 0
      vertex 25.4269 46.9444 1.6
      vertex 25.4269 46.9444 0
    endloop
  endfacet
  facet normal -0.803278 -0.595604 0
    outer loop
      vertex 25.4269 46.9444 1.6
      vertex 25.7484 46.5108 0
      vertex 25.7484 46.5108 1.6
    endloop
  endfacet
  facet normal -0.989176 -0.146737 0
    outer loop
      vertex 24.6057 48.927 0
      vertex 24.5265 49.4609 1.6
      vertex 24.5265 49.4609 0
    endloop
  endfacet
  facet normal -0.989176 -0.146737 0
    outer loop
      vertex 24.5265 49.4609 1.6
      vertex 24.6057 48.927 0
      vertex 24.6057 48.927 1.6
    endloop
  endfacet
  facet normal 0.595604 -0.803278 0
    outer loop
      vertex 33.0556 45.4269 0
      vertex 33.4892 45.7484 1.6
      vertex 33.0556 45.4269 1.6
    endloop
  endfacet
  facet normal 0.595604 -0.803278 0
    outer loop
      vertex 33.4892 45.7484 1.6
      vertex 33.0556 45.4269 0
      vertex 33.4892 45.7484 0
    endloop
  endfacet
  facet normal -0.671612 -0.740903 0
    outer loop
      vertex 26.1109 46.1109 0
      vertex 26.5108 45.7484 1.6
      vertex 26.1109 46.1109 1.6
    endloop
  endfacet
  facet normal -0.671612 -0.740903 -0
    outer loop
      vertex 26.5108 45.7484 1.6
      vertex 26.1109 46.1109 0
      vertex 26.5108 45.7484 0
    endloop
  endfacet
  facet normal -0.803278 0.595604 0
    outer loop
      vertex 25.4269 53.0556 0
      vertex 25.7484 53.4892 1.6
      vertex 25.7484 53.4892 0
    endloop
  endfacet
  facet normal -0.803278 0.595604 0
    outer loop
      vertex 25.7484 53.4892 1.6
      vertex 25.4269 53.0556 0
      vertex 25.4269 53.0556 1.6
    endloop
  endfacet
  facet normal -0.0490967 -0.998794 0
    outer loop
      vertex 29.4609 44.5265 0
      vertex 30 44.5 1.6
      vertex 29.4609 44.5265 1.6
    endloop
  endfacet
  facet normal -0.0490967 -0.998794 -0
    outer loop
      vertex 30 44.5 1.6
      vertex 29.4609 44.5265 0
      vertex 30 44.5 0
    endloop
  endfacet
  facet normal -0.989176 0.146737 0
    outer loop
      vertex 24.5265 50.5391 0
      vertex 24.6057 51.073 1.6
      vertex 24.6057 51.073 0
    endloop
  endfacet
  facet normal -0.989176 0.146737 0
    outer loop
      vertex 24.6057 51.073 1.6
      vertex 24.5265 50.5391 0
      vertex 24.5265 50.5391 1.6
    endloop
  endfacet
  facet normal 0.740903 -0.671612 0
    outer loop
      vertex 33.8891 46.1109 1.6
      vertex 34.2516 46.5108 0
      vertex 34.2516 46.5108 1.6
    endloop
  endfacet
  facet normal 0.740903 -0.671612 0
    outer loop
      vertex 34.2516 46.5108 0
      vertex 33.8891 46.1109 1.6
      vertex 33.8891 46.1109 0
    endloop
  endfacet
  facet normal -0.857689 0.514169 0
    outer loop
      vertex 25.1494 52.5927 0
      vertex 25.4269 53.0556 1.6
      vertex 25.4269 53.0556 0
    endloop
  endfacet
  facet normal -0.857689 0.514169 0
    outer loop
      vertex 25.4269 53.0556 1.6
      vertex 25.1494 52.5927 0
      vertex 25.1494 52.5927 1.6
    endloop
  endfacet
  facet normal 0.989179 0.146714 0
    outer loop
      vertex 33.7817 50.3725 8.3
      vertex 33.727 50.7413 1.6
      vertex 33.727 50.7413 8.3
    endloop
  endfacet
  facet normal 0.989179 0.146714 0
    outer loop
      vertex 33.727 50.7413 1.6
      vertex 33.7817 50.3725 8.3
      vertex 33.7817 50.3725 1.6
    endloop
  endfacet
  facet normal 0.998795 0.0490683 0
    outer loop
      vertex 33.8 50 8.3
      vertex 33.7817 50.3725 1.6
      vertex 33.7817 50.3725 8.3
    endloop
  endfacet
  facet normal 0.998795 0.0490683 0
    outer loop
      vertex 33.7817 50.3725 1.6
      vertex 33.8 50 8.3
      vertex 33.8 50 1.6
    endloop
  endfacet
  facet normal 0.970048 0.242914 0
    outer loop
      vertex 33.727 50.7413 8.3
      vertex 33.6364 51.1031 1.6
      vertex 33.6364 51.1031 8.3
    endloop
  endfacet
  facet normal 0.970048 0.242914 0
    outer loop
      vertex 33.6364 51.1031 1.6
      vertex 33.727 50.7413 8.3
      vertex 33.727 50.7413 1.6
    endloop
  endfacet
  facet normal 0.337067 -0.941481 0
    outer loop
      vertex 31.1031 46.3636 1.6
      vertex 31.4542 46.4893 8.3
      vertex 31.1031 46.3636 8.3
    endloop
  endfacet
  facet normal 0.337067 -0.941481 0
    outer loop
      vertex 31.4542 46.4893 8.3
      vertex 31.1031 46.3636 1.6
      vertex 31.4542 46.4893 1.6
    endloop
  endfacet
  facet normal 0.427475 0.904027 -0
    outer loop
      vertex 31.7913 53.3513 1.6
      vertex 31.4542 53.5107 8.3
      vertex 31.7913 53.3513 8.3
    endloop
  endfacet
  facet normal 0.427475 0.904027 0
    outer loop
      vertex 31.4542 53.5107 8.3
      vertex 31.7913 53.3513 1.6
      vertex 31.4542 53.5107 1.6
    endloop
  endfacet
  facet normal 0.998795 -0.0490683 0
    outer loop
      vertex 33.7817 49.6275 8.3
      vertex 33.8 50 1.6
      vertex 33.8 50 8.3
    endloop
  endfacet
  facet normal 0.998795 -0.0490683 0
    outer loop
      vertex 33.8 50 1.6
      vertex 33.7817 49.6275 8.3
      vertex 33.7817 49.6275 1.6
    endloop
  endfacet
  facet normal 0.989179 -0.146714 0
    outer loop
      vertex 33.727 49.2587 8.3
      vertex 33.7817 49.6275 1.6
      vertex 33.7817 49.6275 8.3
    endloop
  endfacet
  facet normal 0.989179 -0.146714 0
    outer loop
      vertex 33.7817 49.6275 1.6
      vertex 33.727 49.2587 8.3
      vertex 33.727 49.2587 1.6
    endloop
  endfacet
  facet normal 0.59583 0.80311 -0
    outer loop
      vertex 32.4107 52.9374 1.6
      vertex 32.1112 53.1596 8.3
      vertex 32.4107 52.9374 8.3
    endloop
  endfacet
  facet normal 0.59583 0.80311 0
    outer loop
      vertex 32.1112 53.1596 8.3
      vertex 32.4107 52.9374 1.6
      vertex 32.1112 53.1596 1.6
    endloop
  endfacet
  facet normal 0.427475 -0.904027 0
    outer loop
      vertex 31.4542 46.4893 1.6
      vertex 31.7913 46.6487 8.3
      vertex 31.4542 46.4893 8.3
    endloop
  endfacet
  facet normal 0.427475 -0.904027 0
    outer loop
      vertex 31.7913 46.6487 8.3
      vertex 31.4542 46.4893 1.6
      vertex 31.7913 46.6487 1.6
    endloop
  endfacet
  facet normal 0.904027 -0.427475 0
    outer loop
      vertex 33.3513 48.2087 8.3
      vertex 33.5107 48.5458 1.6
      vertex 33.5107 48.5458 8.3
    endloop
  endfacet
  facet normal 0.904027 -0.427475 0
    outer loop
      vertex 33.5107 48.5458 1.6
      vertex 33.3513 48.2087 8.3
      vertex 33.3513 48.2087 1.6
    endloop
  endfacet
  facet normal -0.514022 0.857777 0
    outer loop
      vertex 28.2087 53.3513 1.6
      vertex 27.8888 53.1596 8.3
      vertex 28.2087 53.3513 8.3
    endloop
  endfacet
  facet normal -0.514022 0.857777 0
    outer loop
      vertex 27.8888 53.1596 8.3
      vertex 28.2087 53.3513 1.6
      vertex 27.8888 53.1596 1.6
    endloop
  endfacet
  facet normal 0.904027 0.427475 0
    outer loop
      vertex 33.5107 51.4542 8.3
      vertex 33.3513 51.7913 1.6
      vertex 33.3513 51.7913 8.3
    endloop
  endfacet
  facet normal 0.904027 0.427475 0
    outer loop
      vertex 33.3513 51.7913 1.6
      vertex 33.5107 51.4542 8.3
      vertex 33.5107 51.4542 1.6
    endloop
  endfacet
  facet normal -0.904027 -0.427475 0
    outer loop
      vertex 26.6487 48.2087 1.6
      vertex 26.4893 48.5458 8.3
      vertex 26.4893 48.5458 1.6
    endloop
  endfacet
  facet normal -0.904027 -0.427475 0
    outer loop
      vertex 26.4893 48.5458 8.3
      vertex 26.6487 48.2087 1.6
      vertex 26.6487 48.2087 8.3
    endloop
  endfacet
  facet normal -0.242914 0.970048 0
    outer loop
      vertex 29.2587 53.727 1.6
      vertex 28.8969 53.6364 8.3
      vertex 29.2587 53.727 8.3
    endloop
  endfacet
  facet normal -0.242914 0.970048 0
    outer loop
      vertex 28.8969 53.6364 8.3
      vertex 29.2587 53.727 1.6
      vertex 28.8969 53.6364 1.6
    endloop
  endfacet
  facet normal 0.514022 0.857777 -0
    outer loop
      vertex 32.1112 53.1596 1.6
      vertex 31.7913 53.3513 8.3
      vertex 32.1112 53.1596 8.3
    endloop
  endfacet
  facet normal 0.514022 0.857777 0
    outer loop
      vertex 31.7913 53.3513 8.3
      vertex 32.1112 53.1596 1.6
      vertex 31.7913 53.3513 1.6
    endloop
  endfacet
  facet normal -0.59583 -0.80311 0
    outer loop
      vertex 27.5893 47.0626 1.6
      vertex 27.8888 46.8404 8.3
      vertex 27.5893 47.0626 8.3
    endloop
  endfacet
  facet normal -0.59583 -0.80311 -0
    outer loop
      vertex 27.8888 46.8404 8.3
      vertex 27.5893 47.0626 1.6
      vertex 27.8888 46.8404 1.6
    endloop
  endfacet
  facet normal -0.427475 0.904027 0
    outer loop
      vertex 28.5458 53.5107 1.6
      vertex 28.2087 53.3513 8.3
      vertex 28.5458 53.5107 8.3
    endloop
  endfacet
  facet normal -0.427475 0.904027 0
    outer loop
      vertex 28.2087 53.3513 8.3
      vertex 28.5458 53.5107 1.6
      vertex 28.2087 53.3513 1.6
    endloop
  endfacet
  facet normal 0.59583 -0.80311 0
    outer loop
      vertex 32.1112 46.8404 1.6
      vertex 32.4107 47.0626 8.3
      vertex 32.1112 46.8404 8.3
    endloop
  endfacet
  facet normal 0.59583 -0.80311 0
    outer loop
      vertex 32.4107 47.0626 8.3
      vertex 32.1112 46.8404 1.6
      vertex 32.4107 47.0626 1.6
    endloop
  endfacet
  facet normal 0.80311 0.59583 0
    outer loop
      vertex 33.1596 52.1112 8.3
      vertex 32.9374 52.4107 1.6
      vertex 32.9374 52.4107 8.3
    endloop
  endfacet
  facet normal 0.80311 0.59583 0
    outer loop
      vertex 32.9374 52.4107 1.6
      vertex 33.1596 52.1112 8.3
      vertex 33.1596 52.1112 1.6
    endloop
  endfacet
  facet normal 0.146714 -0.989179 0
    outer loop
      vertex 30.3725 46.2183 1.6
      vertex 30.7413 46.273 8.3
      vertex 30.3725 46.2183 8.3
    endloop
  endfacet
  facet normal 0.146714 -0.989179 0
    outer loop
      vertex 30.7413 46.273 8.3
      vertex 30.3725 46.2183 1.6
      vertex 30.7413 46.273 1.6
    endloop
  endfacet
  facet normal -0.941481 -0.337067 0
    outer loop
      vertex 26.4893 48.5458 1.6
      vertex 26.3636 48.8969 8.3
      vertex 26.3636 48.8969 1.6
    endloop
  endfacet
  facet normal -0.941481 -0.337067 0
    outer loop
      vertex 26.3636 48.8969 8.3
      vertex 26.4893 48.5458 1.6
      vertex 26.4893 48.5458 8.3
    endloop
  endfacet
  facet normal -0.989179 0.146714 0
    outer loop
      vertex 26.2183 50.3725 1.6
      vertex 26.273 50.7413 8.3
      vertex 26.273 50.7413 1.6
    endloop
  endfacet
  facet normal -0.989179 0.146714 0
    outer loop
      vertex 26.273 50.7413 8.3
      vertex 26.2183 50.3725 1.6
      vertex 26.2183 50.3725 8.3
    endloop
  endfacet
  facet normal -0.59583 0.80311 0
    outer loop
      vertex 27.8888 53.1596 1.6
      vertex 27.5893 52.9374 8.3
      vertex 27.8888 53.1596 8.3
    endloop
  endfacet
  facet normal -0.59583 0.80311 0
    outer loop
      vertex 27.5893 52.9374 8.3
      vertex 27.8888 53.1596 1.6
      vertex 27.5893 52.9374 1.6
    endloop
  endfacet
  facet normal -0.427475 -0.904027 0
    outer loop
      vertex 28.2087 46.6487 1.6
      vertex 28.5458 46.4893 8.3
      vertex 28.2087 46.6487 8.3
    endloop
  endfacet
  facet normal -0.427475 -0.904027 -0
    outer loop
      vertex 28.5458 46.4893 8.3
      vertex 28.2087 46.6487 1.6
      vertex 28.5458 46.4893 1.6
    endloop
  endfacet
  facet normal -0.970048 -0.242914 0
    outer loop
      vertex 26.3636 48.8969 1.6
      vertex 26.273 49.2587 8.3
      vertex 26.273 49.2587 1.6
    endloop
  endfacet
  facet normal -0.970048 -0.242914 0
    outer loop
      vertex 26.273 49.2587 8.3
      vertex 26.3636 48.8969 1.6
      vertex 26.3636 48.8969 8.3
    endloop
  endfacet
  facet normal -0.998795 -0.0490683 0
    outer loop
      vertex 26.2183 49.6275 1.6
      vertex 26.2 50 8.3
      vertex 26.2 50 1.6
    endloop
  endfacet
  facet normal -0.998795 -0.0490683 0
    outer loop
      vertex 26.2 50 8.3
      vertex 26.2183 49.6275 1.6
      vertex 26.2183 49.6275 8.3
    endloop
  endfacet
  facet normal 0.970048 -0.242914 0
    outer loop
      vertex 33.6364 48.8969 8.3
      vertex 33.727 49.2587 1.6
      vertex 33.727 49.2587 8.3
    endloop
  endfacet
  facet normal 0.970048 -0.242914 0
    outer loop
      vertex 33.727 49.2587 1.6
      vertex 33.6364 48.8969 8.3
      vertex 33.6364 48.8969 1.6
    endloop
  endfacet
  facet normal 0.941481 -0.337067 0
    outer loop
      vertex 33.5107 48.5458 8.3
      vertex 33.6364 48.8969 1.6
      vertex 33.6364 48.8969 8.3
    endloop
  endfacet
  facet normal 0.941481 -0.337067 0
    outer loop
      vertex 33.6364 48.8969 1.6
      vertex 33.5107 48.5458 8.3
      vertex 33.5107 48.5458 1.6
    endloop
  endfacet
  facet normal 0.941481 0.337067 0
    outer loop
      vertex 33.6364 51.1031 8.3
      vertex 33.5107 51.4542 1.6
      vertex 33.5107 51.4542 8.3
    endloop
  endfacet
  facet normal 0.941481 0.337067 0
    outer loop
      vertex 33.5107 51.4542 1.6
      vertex 33.6364 51.1031 8.3
      vertex 33.6364 51.1031 1.6
    endloop
  endfacet
  facet normal 0.242914 0.970048 -0
    outer loop
      vertex 31.1031 53.6364 1.6
      vertex 30.7413 53.727 8.3
      vertex 31.1031 53.6364 8.3
    endloop
  endfacet
  facet normal 0.242914 0.970048 0
    outer loop
      vertex 30.7413 53.727 8.3
      vertex 31.1031 53.6364 1.6
      vertex 30.7413 53.727 1.6
    endloop
  endfacet
  facet normal -0.0490683 0.998795 0
    outer loop
      vertex 30 53.8 1.6
      vertex 29.6275 53.7817 8.3
      vertex 30 53.8 8.3
    endloop
  endfacet
  facet normal -0.0490683 0.998795 0
    outer loop
      vertex 29.6275 53.7817 8.3
      vertex 30 53.8 1.6
      vertex 29.6275 53.7817 1.6
    endloop
  endfacet
  facet normal 0.0490683 0.998795 -0
    outer loop
      vertex 30.3725 53.7817 1.6
      vertex 30 53.8 8.3
      vertex 30.3725 53.7817 8.3
    endloop
  endfacet
  facet normal 0.0490683 0.998795 0
    outer loop
      vertex 30 53.8 8.3
      vertex 30.3725 53.7817 1.6
      vertex 30 53.8 1.6
    endloop
  endfacet
  facet normal -0.941481 0.337067 0
    outer loop
      vertex 26.3636 51.1031 1.6
      vertex 26.4893 51.4542 8.3
      vertex 26.4893 51.4542 1.6
    endloop
  endfacet
  facet normal -0.941481 0.337067 0
    outer loop
      vertex 26.4893 51.4542 8.3
      vertex 26.3636 51.1031 1.6
      vertex 26.3636 51.1031 8.3
    endloop
  endfacet
  facet normal -0.740983 0.671524 0
    outer loop
      vertex 27.0626 52.4107 1.6
      vertex 27.313 52.687 8.3
      vertex 27.313 52.687 1.6
    endloop
  endfacet
  facet normal -0.740983 0.671524 0
    outer loop
      vertex 27.313 52.687 8.3
      vertex 27.0626 52.4107 1.6
      vertex 27.0626 52.4107 8.3
    endloop
  endfacet
  facet normal -0.904027 0.427475 0
    outer loop
      vertex 26.4893 51.4542 1.6
      vertex 26.6487 51.7913 8.3
      vertex 26.6487 51.7913 1.6
    endloop
  endfacet
  facet normal -0.904027 0.427475 0
    outer loop
      vertex 26.6487 51.7913 8.3
      vertex 26.4893 51.4542 1.6
      vertex 26.4893 51.4542 8.3
    endloop
  endfacet
  facet normal -0.146714 0.989179 0
    outer loop
      vertex 29.6275 53.7817 1.6
      vertex 29.2587 53.727 8.3
      vertex 29.6275 53.7817 8.3
    endloop
  endfacet
  facet normal -0.146714 0.989179 0
    outer loop
      vertex 29.2587 53.727 8.3
      vertex 29.6275 53.7817 1.6
      vertex 29.2587 53.727 1.6
    endloop
  endfacet
  facet normal 0.0490683 -0.998795 0
    outer loop
      vertex 30 46.2 1.6
      vertex 30.3725 46.2183 8.3
      vertex 30 46.2 8.3
    endloop
  endfacet
  facet normal 0.0490683 -0.998795 0
    outer loop
      vertex 30.3725 46.2183 8.3
      vertex 30 46.2 1.6
      vertex 30.3725 46.2183 1.6
    endloop
  endfacet
  facet normal 0.242914 -0.970048 0
    outer loop
      vertex 30.7413 46.273 1.6
      vertex 31.1031 46.3636 8.3
      vertex 30.7413 46.273 8.3
    endloop
  endfacet
  facet normal 0.242914 -0.970048 0
    outer loop
      vertex 31.1031 46.3636 8.3
      vertex 30.7413 46.273 1.6
      vertex 31.1031 46.3636 1.6
    endloop
  endfacet
  facet normal 0.80311 -0.59583 0
    outer loop
      vertex 32.9374 47.5893 8.3
      vertex 33.1596 47.8888 1.6
      vertex 33.1596 47.8888 8.3
    endloop
  endfacet
  facet normal 0.80311 -0.59583 0
    outer loop
      vertex 33.1596 47.8888 1.6
      vertex 32.9374 47.5893 8.3
      vertex 32.9374 47.5893 1.6
    endloop
  endfacet
  facet normal 0.514022 -0.857777 0
    outer loop
      vertex 31.7913 46.6487 1.6
      vertex 32.1112 46.8404 8.3
      vertex 31.7913 46.6487 8.3
    endloop
  endfacet
  facet normal 0.514022 -0.857777 0
    outer loop
      vertex 32.1112 46.8404 8.3
      vertex 31.7913 46.6487 1.6
      vertex 32.1112 46.8404 1.6
    endloop
  endfacet
  facet normal 0.857777 -0.514022 0
    outer loop
      vertex 33.1596 47.8888 8.3
      vertex 33.3513 48.2087 1.6
      vertex 33.3513 48.2087 8.3
    endloop
  endfacet
  facet normal 0.857777 -0.514022 0
    outer loop
      vertex 33.3513 48.2087 1.6
      vertex 33.1596 47.8888 8.3
      vertex 33.1596 47.8888 1.6
    endloop
  endfacet
  facet normal -0.146714 -0.989179 0
    outer loop
      vertex 29.2587 46.273 1.6
      vertex 29.6275 46.2183 8.3
      vertex 29.2587 46.273 8.3
    endloop
  endfacet
  facet normal -0.146714 -0.989179 -0
    outer loop
      vertex 29.6275 46.2183 8.3
      vertex 29.2587 46.273 1.6
      vertex 29.6275 46.2183 1.6
    endloop
  endfacet
  facet normal -0.857777 -0.514022 0
    outer loop
      vertex 26.8404 47.8888 1.6
      vertex 26.6487 48.2087 8.3
      vertex 26.6487 48.2087 1.6
    endloop
  endfacet
  facet normal -0.857777 -0.514022 0
    outer loop
      vertex 26.6487 48.2087 8.3
      vertex 26.8404 47.8888 1.6
      vertex 26.8404 47.8888 8.3
    endloop
  endfacet
  facet normal 0.857777 0.514022 0
    outer loop
      vertex 33.3513 51.7913 8.3
      vertex 33.1596 52.1112 1.6
      vertex 33.1596 52.1112 8.3
    endloop
  endfacet
  facet normal 0.857777 0.514022 0
    outer loop
      vertex 33.1596 52.1112 1.6
      vertex 33.3513 51.7913 8.3
      vertex 33.3513 51.7913 1.6
    endloop
  endfacet
  facet normal 0.671524 0.740983 -0
    outer loop
      vertex 32.687 52.687 1.6
      vertex 32.4107 52.9374 8.3
      vertex 32.687 52.687 8.3
    endloop
  endfacet
  facet normal 0.671524 0.740983 0
    outer loop
      vertex 32.4107 52.9374 8.3
      vertex 32.687 52.687 1.6
      vertex 32.4107 52.9374 1.6
    endloop
  endfacet
  facet normal -0.337067 0.941481 0
    outer loop
      vertex 28.8969 53.6364 1.6
      vertex 28.5458 53.5107 8.3
      vertex 28.8969 53.6364 8.3
    endloop
  endfacet
  facet normal -0.337067 0.941481 0
    outer loop
      vertex 28.5458 53.5107 8.3
      vertex 28.8969 53.6364 1.6
      vertex 28.5458 53.5107 1.6
    endloop
  endfacet
  facet normal -0.740983 -0.671524 0
    outer loop
      vertex 27.313 47.313 1.6
      vertex 27.0626 47.5893 8.3
      vertex 27.0626 47.5893 1.6
    endloop
  endfacet
  facet normal -0.740983 -0.671524 0
    outer loop
      vertex 27.0626 47.5893 8.3
      vertex 27.313 47.313 1.6
      vertex 27.313 47.313 8.3
    endloop
  endfacet
  facet normal -0.671524 0.740983 0
    outer loop
      vertex 27.5893 52.9374 1.6
      vertex 27.313 52.687 8.3
      vertex 27.5893 52.9374 8.3
    endloop
  endfacet
  facet normal -0.671524 0.740983 0
    outer loop
      vertex 27.313 52.687 8.3
      vertex 27.5893 52.9374 1.6
      vertex 27.313 52.687 1.6
    endloop
  endfacet
  facet normal -0.514022 -0.857777 0
    outer loop
      vertex 27.8888 46.8404 1.6
      vertex 28.2087 46.6487 8.3
      vertex 27.8888 46.8404 8.3
    endloop
  endfacet
  facet normal -0.514022 -0.857777 -0
    outer loop
      vertex 28.2087 46.6487 8.3
      vertex 27.8888 46.8404 1.6
      vertex 28.2087 46.6487 1.6
    endloop
  endfacet
  facet normal 0.146714 0.989179 -0
    outer loop
      vertex 30.7413 53.727 1.6
      vertex 30.3725 53.7817 8.3
      vertex 30.7413 53.727 8.3
    endloop
  endfacet
  facet normal 0.146714 0.989179 0
    outer loop
      vertex 30.3725 53.7817 8.3
      vertex 30.7413 53.727 1.6
      vertex 30.3725 53.7817 1.6
    endloop
  endfacet
  facet normal -0.80311 -0.59583 0
    outer loop
      vertex 27.0626 47.5893 1.6
      vertex 26.8404 47.8888 8.3
      vertex 26.8404 47.8888 1.6
    endloop
  endfacet
  facet normal -0.80311 -0.59583 0
    outer loop
      vertex 26.8404 47.8888 8.3
      vertex 27.0626 47.5893 1.6
      vertex 27.0626 47.5893 8.3
    endloop
  endfacet
  facet normal -0.989179 -0.146714 0
    outer loop
      vertex 26.273 49.2587 1.6
      vertex 26.2183 49.6275 8.3
      vertex 26.2183 49.6275 1.6
    endloop
  endfacet
  facet normal -0.989179 -0.146714 0
    outer loop
      vertex 26.2183 49.6275 8.3
      vertex 26.273 49.2587 1.6
      vertex 26.273 49.2587 8.3
    endloop
  endfacet
  facet normal -0.970048 0.242914 0
    outer loop
      vertex 26.273 50.7413 1.6
      vertex 26.3636 51.1031 8.3
      vertex 26.3636 51.1031 1.6
    endloop
  endfacet
  facet normal -0.970048 0.242914 0
    outer loop
      vertex 26.3636 51.1031 8.3
      vertex 26.273 50.7413 1.6
      vertex 26.273 50.7413 8.3
    endloop
  endfacet
  facet normal -0.671524 -0.740983 0
    outer loop
      vertex 27.313 47.313 1.6
      vertex 27.5893 47.0626 8.3
      vertex 27.313 47.313 8.3
    endloop
  endfacet
  facet normal -0.671524 -0.740983 -0
    outer loop
      vertex 27.5893 47.0626 8.3
      vertex 27.313 47.313 1.6
      vertex 27.5893 47.0626 1.6
    endloop
  endfacet
  facet normal -0.242914 -0.970048 0
    outer loop
      vertex 28.8969 46.3636 1.6
      vertex 29.2587 46.273 8.3
      vertex 28.8969 46.3636 8.3
    endloop
  endfacet
  facet normal -0.242914 -0.970048 -0
    outer loop
      vertex 29.2587 46.273 8.3
      vertex 28.8969 46.3636 1.6
      vertex 29.2587 46.273 1.6
    endloop
  endfacet
  facet normal 0.740983 0.671524 0
    outer loop
      vertex 32.9374 52.4107 8.3
      vertex 32.687 52.687 1.6
      vertex 32.687 52.687 8.3
    endloop
  endfacet
  facet normal 0.740983 0.671524 0
    outer loop
      vertex 32.687 52.687 1.6
      vertex 32.9374 52.4107 8.3
      vertex 32.9374 52.4107 1.6
    endloop
  endfacet
  facet normal -0.80311 0.59583 0
    outer loop
      vertex 26.8404 52.1112 1.6
      vertex 27.0626 52.4107 8.3
      vertex 27.0626 52.4107 1.6
    endloop
  endfacet
  facet normal -0.80311 0.59583 0
    outer loop
      vertex 27.0626 52.4107 8.3
      vertex 26.8404 52.1112 1.6
      vertex 26.8404 52.1112 8.3
    endloop
  endfacet
  facet normal -0.857777 0.514022 0
    outer loop
      vertex 26.6487 51.7913 1.6
      vertex 26.8404 52.1112 8.3
      vertex 26.8404 52.1112 1.6
    endloop
  endfacet
  facet normal -0.857777 0.514022 0
    outer loop
      vertex 26.8404 52.1112 8.3
      vertex 26.6487 51.7913 1.6
      vertex 26.6487 51.7913 8.3
    endloop
  endfacet
  facet normal 0 0 1
    outer loop
      vertex 31.7 50 8.3
      vertex 33.8 50 8.3
      vertex 33.7817 50.3725 8.3
    endloop
  endfacet
  facet normal -0 0 1
    outer loop
      vertex 31.6421 50.44 8.3
      vertex 33.7817 50.3725 8.3
      vertex 33.727 50.7413 8.3
    endloop
  endfacet
  facet normal 0 0 1
    outer loop
      vertex 33.8 50 8.3
      vertex 31.7 50 8.3
      vertex 33.7817 49.6275 8.3
    endloop
  endfacet
  facet normal 0 0 1
    outer loop
      vertex 31.6421 50.44 8.3
      vertex 33.727 50.7413 8.3
      vertex 33.6364 51.1031 8.3
    endloop
  endfacet
  facet normal 0 0 1
    outer loop
      vertex 31.6421 49.56 8.3
      vertex 33.7817 49.6275 8.3
      vertex 31.7 50 8.3
    endloop
  endfacet
  facet normal 0 0 1
    outer loop
      vertex 31.6421 50.44 8.3
      vertex 33.6364 51.1031 8.3
      vertex 33.5107 51.4542 8.3
    endloop
  endfacet
  facet normal 0 0 1
    outer loop
      vertex 33.7817 49.6275 8.3
      vertex 31.6421 49.56 8.3
      vertex 33.727 49.2587 8.3
    endloop
  endfacet
  facet normal 0 0 1
    outer loop
      vertex 31.4722 50.85 8.3
      vertex 33.5107 51.4542 8.3
      vertex 33.3513 51.7913 8.3
    endloop
  endfacet
  facet normal 0 0 1
    outer loop
      vertex 33.727 49.2587 8.3
      vertex 31.6421 49.56 8.3
      vertex 33.6364 48.8969 8.3
    endloop
  endfacet
  facet normal 0 0 1
    outer loop
      vertex 31.4722 50.85 8.3
      vertex 33.3513 51.7913 8.3
      vertex 33.1596 52.1112 8.3
    endloop
  endfacet
  facet normal 0 0 1
    outer loop
      vertex 33.6364 48.8969 8.3
      vertex 31.6421 49.56 8.3
      vertex 33.5107 48.5458 8.3
    endloop
  endfacet
  facet normal 0 0 1
    outer loop
      vertex 31.4722 50.85 8.3
      vertex 33.1596 52.1112 8.3
      vertex 32.9374 52.4107 8.3
    endloop
  endfacet
  facet normal -0 0 1
    outer loop
      vertex 31.4722 49.15 8.3
      vertex 33.5107 48.5458 8.3
      vertex 31.6421 49.56 8.3
    endloop
  endfacet
  facet normal 0 0 1
    outer loop
      vertex 31.2021 51.2021 8.3
      vertex 32.9374 52.4107 8.3
      vertex 32.687 52.687 8.3
    endloop
  endfacet
  facet normal 0 0 1
    outer loop
      vertex 33.5107 48.5458 8.3
      vertex 31.4722 49.15 8.3
      vertex 33.3513 48.2087 8.3
    endloop
  endfacet
  facet normal 0 0 1
    outer loop
      vertex 31.2021 51.2021 8.3
      vertex 32.687 52.687 8.3
      vertex 32.4107 52.9374 8.3
    endloop
  endfacet
  facet normal 0 0 1
    outer loop
      vertex 33.3513 48.2087 8.3
      vertex 31.4722 49.15 8.3
      vertex 33.1596 47.8888 8.3
    endloop
  endfacet
  facet normal 0 0 1
    outer loop
      vertex 30.85 51.4722 8.3
      vertex 32.4107 52.9374 8.3
      vertex 32.1112 53.1596 8.3
    endloop
  endfacet
  facet normal 0 0 1
    outer loop
      vertex 33.1596 47.8888 8.3
      vertex 31.4722 49.15 8.3
      vertex 32.9374 47.5893 8.3
    endloop
  endfacet
  facet normal 0 0 1
    outer loop
      vertex 30.85 51.4722 8.3
      vertex 32.1112 53.1596 8.3
      vertex 31.7913 53.3513 8.3
    endloop
  endfacet
  facet normal -0 0 1
    outer loop
      vertex 31.2021 48.7979 8.3
      vertex 32.9374 47.5893 8.3
      vertex 31.4722 49.15 8.3
    endloop
  endfacet
  facet normal 0 0 1
    outer loop
      vertex 32.9374 47.5893 8.3
      vertex 31.2021 48.7979 8.3
      vertex 32.687 47.313 8.3
    endloop
  endfacet
  facet normal 0 0 1
    outer loop
      vertex 33.7817 50.3725 8.3
      vertex 31.6421 50.44 8.3
      vertex 31.7 50 8.3
    endloop
  endfacet
  facet normal 0 0 1
    outer loop
      vertex 33.5107 51.4542 8.3
      vertex 31.4722 50.85 8.3
      vertex 31.6421 50.44 8.3
    endloop
  endfacet
  facet normal 0 0 1
    outer loop
      vertex 30.85 51.4722 8.3
      vertex 31.7913 53.3513 8.3
      vertex 31.4542 53.5107 8.3
    endloop
  endfacet
  facet normal 0 0 1
    outer loop
      vertex 32.9374 52.4107 8.3
      vertex 31.2021 51.2021 8.3
      vertex 31.4722 50.85 8.3
    endloop
  endfacet
  facet normal 0 0 1
    outer loop
      vertex 30.44 51.6421 8.3
      vertex 31.4542 53.5107 8.3
      vertex 31.1031 53.6364 8.3
    endloop
  endfacet
  facet normal 0 0 1
    outer loop
      vertex 32.4107 52.9374 8.3
      vertex 30.85 51.4722 8.3
      vertex 31.2021 51.2021 8.3
    endloop
  endfacet
  facet normal 0 0 1
    outer loop
      vertex 30.44 51.6421 8.3
      vertex 31.1031 53.6364 8.3
      vertex 30.7413 53.727 8.3
    endloop
  endfacet
  facet normal 0 0 1
    outer loop
      vertex 31.4542 53.5107 8.3
      vertex 30.44 51.6421 8.3
      vertex 30.85 51.4722 8.3
    endloop
  endfacet
  facet normal 0 0 1
    outer loop
      vertex 30.3725 53.7817 8.3
      vertex 30.44 51.6421 8.3
      vertex 30.7413 53.727 8.3
    endloop
  endfacet
  facet normal 0 0 1
    outer loop
      vertex 30 51.7 8.3
      vertex 30.3725 53.7817 8.3
      vertex 30 53.8 8.3
    endloop
  endfacet
  facet normal 0 0 1
    outer loop
      vertex 30.3725 53.7817 8.3
      vertex 30 51.7 8.3
      vertex 30.44 51.6421 8.3
    endloop
  endfacet
  facet normal -0 0 1
    outer loop
      vertex 29.6275 53.7817 8.3
      vertex 30 51.7 8.3
      vertex 30 53.8 8.3
    endloop
  endfacet
  facet normal 0 0 1
    outer loop
      vertex 29.6275 53.7817 8.3
      vertex 29.56 51.6421 8.3
      vertex 30 51.7 8.3
    endloop
  endfacet
  facet normal -0 0 1
    outer loop
      vertex 29.2587 53.727 8.3
      vertex 29.56 51.6421 8.3
      vertex 29.6275 53.7817 8.3
    endloop
  endfacet
  facet normal -0 0 1
    outer loop
      vertex 28.8969 53.6364 8.3
      vertex 29.56 51.6421 8.3
      vertex 29.2587 53.727 8.3
    endloop
  endfacet
  facet normal -0 0 1
    outer loop
      vertex 28.5458 53.5107 8.3
      vertex 29.56 51.6421 8.3
      vertex 28.8969 53.6364 8.3
    endloop
  endfacet
  facet normal 0 0 1
    outer loop
      vertex 29.56 51.6421 8.3
      vertex 28.5458 53.5107 8.3
      vertex 29.15 51.4722 8.3
    endloop
  endfacet
  facet normal -0 0 1
    outer loop
      vertex 28.2087 53.3513 8.3
      vertex 29.15 51.4722 8.3
      vertex 28.5458 53.5107 8.3
    endloop
  endfacet
  facet normal -0 0 1
    outer loop
      vertex 27.8888 53.1596 8.3
      vertex 29.15 51.4722 8.3
      vertex 28.2087 53.3513 8.3
    endloop
  endfacet
  facet normal -0 0 1
    outer loop
      vertex 27.5893 52.9374 8.3
      vertex 29.15 51.4722 8.3
      vertex 27.8888 53.1596 8.3
    endloop
  endfacet
  facet normal 0 0 1
    outer loop
      vertex 29.15 51.4722 8.3
      vertex 27.5893 52.9374 8.3
      vertex 28.7979 51.2021 8.3
    endloop
  endfacet
  facet normal -0 0 1
    outer loop
      vertex 27.313 52.687 8.3
      vertex 28.7979 51.2021 8.3
      vertex 27.5893 52.9374 8.3
    endloop
  endfacet
  facet normal 0 0 1
    outer loop
      vertex 32.687 47.313 8.3
      vertex 31.2021 48.7979 8.3
      vertex 32.4107 47.0626 8.3
    endloop
  endfacet
  facet normal -0 0 1
    outer loop
      vertex 30.85 48.5278 8.3
      vertex 32.4107 47.0626 8.3
      vertex 31.2021 48.7979 8.3
    endloop
  endfacet
  facet normal 0 0 1
    outer loop
      vertex 32.4107 47.0626 8.3
      vertex 30.85 48.5278 8.3
      vertex 32.1112 46.8404 8.3
    endloop
  endfacet
  facet normal 0 0 1
    outer loop
      vertex 32.1112 46.8404 8.3
      vertex 30.85 48.5278 8.3
      vertex 31.7913 46.6487 8.3
    endloop
  endfacet
  facet normal 0 0 1
    outer loop
      vertex 31.7913 46.6487 8.3
      vertex 30.85 48.5278 8.3
      vertex 31.4542 46.4893 8.3
    endloop
  endfacet
  facet normal -0 0 1
    outer loop
      vertex 30.44 48.3579 8.3
      vertex 31.4542 46.4893 8.3
      vertex 30.85 48.5278 8.3
    endloop
  endfacet
  facet normal 0 0 1
    outer loop
      vertex 31.4542 46.4893 8.3
      vertex 30.44 48.3579 8.3
      vertex 31.1031 46.3636 8.3
    endloop
  endfacet
  facet normal 0 0 1
    outer loop
      vertex 31.1031 46.3636 8.3
      vertex 30.44 48.3579 8.3
      vertex 30.7413 46.273 8.3
    endloop
  endfacet
  facet normal 0 0 1
    outer loop
      vertex 30.44 48.3579 8.3
      vertex 30.3725 46.2183 8.3
      vertex 30.7413 46.273 8.3
    endloop
  endfacet
  facet normal -0 0 1
    outer loop
      vertex 30 48.3 8.3
      vertex 30.3725 46.2183 8.3
      vertex 30.44 48.3579 8.3
    endloop
  endfacet
  facet normal 0 0 1
    outer loop
      vertex 30 48.3 8.3
      vertex 30 46.2 8.3
      vertex 30.3725 46.2183 8.3
    endloop
  endfacet
  facet normal 0 0 1
    outer loop
      vertex 30 48.3 8.3
      vertex 29.6275 46.2183 8.3
      vertex 30 46.2 8.3
    endloop
  endfacet
  facet normal 0 0 1
    outer loop
      vertex 29.56 48.3579 8.3
      vertex 29.6275 46.2183 8.3
      vertex 30 48.3 8.3
    endloop
  endfacet
  facet normal 0 0 1
    outer loop
      vertex 29.56 48.3579 8.3
      vertex 29.2587 46.273 8.3
      vertex 29.6275 46.2183 8.3
    endloop
  endfacet
  facet normal 0 0 1
    outer loop
      vertex 28.5458 46.4893 8.3
      vertex 29.56 48.3579 8.3
      vertex 29.15 48.5278 8.3
    endloop
  endfacet
  facet normal 0 0 1
    outer loop
      vertex 29.56 48.3579 8.3
      vertex 28.8969 46.3636 8.3
      vertex 29.2587 46.273 8.3
    endloop
  endfacet
  facet normal 0 0 1
    outer loop
      vertex 27.5893 47.0626 8.3
      vertex 29.15 48.5278 8.3
      vertex 28.7979 48.7979 8.3
    endloop
  endfacet
  facet normal 0 0 1
    outer loop
      vertex 29.56 48.3579 8.3
      vertex 28.5458 46.4893 8.3
      vertex 28.8969 46.3636 8.3
    endloop
  endfacet
  facet normal 0 0 1
    outer loop
      vertex 27.0626 47.5893 8.3
      vertex 28.7979 48.7979 8.3
      vertex 28.5278 49.15 8.3
    endloop
  endfacet
  facet normal 0 0 1
    outer loop
      vertex 26.4893 48.5458 8.3
      vertex 28.5278 49.15 8.3
      vertex 28.3579 49.56 8.3
    endloop
  endfacet
  facet normal -0 0 1
    outer loop
      vertex 26.2183 49.6275 8.3
      vertex 28.3579 49.56 8.3
      vertex 28.3 50 8.3
    endloop
  endfacet
  facet normal 0 0 1
    outer loop
      vertex 29.15 48.5278 8.3
      vertex 28.2087 46.6487 8.3
      vertex 28.5458 46.4893 8.3
    endloop
  endfacet
  facet normal -0 0 1
    outer loop
      vertex 27.0626 52.4107 8.3
      vertex 28.7979 51.2021 8.3
      vertex 27.313 52.687 8.3
    endloop
  endfacet
  facet normal 0 0 1
    outer loop
      vertex 28.7979 51.2021 8.3
      vertex 27.0626 52.4107 8.3
      vertex 28.5278 50.85 8.3
    endloop
  endfacet
  facet normal 0 0 1
    outer loop
      vertex 29.15 48.5278 8.3
      vertex 27.8888 46.8404 8.3
      vertex 28.2087 46.6487 8.3
    endloop
  endfacet
  facet normal -0 0 1
    outer loop
      vertex 26.8404 52.1112 8.3
      vertex 28.5278 50.85 8.3
      vertex 27.0626 52.4107 8.3
    endloop
  endfacet
  facet normal 0 0 1
    outer loop
      vertex 29.15 48.5278 8.3
      vertex 27.5893 47.0626 8.3
      vertex 27.8888 46.8404 8.3
    endloop
  endfacet
  facet normal -0 0 1
    outer loop
      vertex 26.6487 51.7913 8.3
      vertex 28.5278 50.85 8.3
      vertex 26.8404 52.1112 8.3
    endloop
  endfacet
  facet normal 0 0 1
    outer loop
      vertex 28.7979 48.7979 8.3
      vertex 27.313 47.313 8.3
      vertex 27.5893 47.0626 8.3
    endloop
  endfacet
  facet normal -0 0 1
    outer loop
      vertex 26.4893 51.4542 8.3
      vertex 28.5278 50.85 8.3
      vertex 26.6487 51.7913 8.3
    endloop
  endfacet
  facet normal 0 0 1
    outer loop
      vertex 28.7979 48.7979 8.3
      vertex 27.0626 47.5893 8.3
      vertex 27.313 47.313 8.3
    endloop
  endfacet
  facet normal 0 0 1
    outer loop
      vertex 28.5278 50.85 8.3
      vertex 26.4893 51.4542 8.3
      vertex 28.3579 50.44 8.3
    endloop
  endfacet
  facet normal 0 0 1
    outer loop
      vertex 28.5278 49.15 8.3
      vertex 26.8404 47.8888 8.3
      vertex 27.0626 47.5893 8.3
    endloop
  endfacet
  facet normal -0 0 1
    outer loop
      vertex 26.3636 51.1031 8.3
      vertex 28.3579 50.44 8.3
      vertex 26.4893 51.4542 8.3
    endloop
  endfacet
  facet normal 0 0 1
    outer loop
      vertex 28.5278 49.15 8.3
      vertex 26.6487 48.2087 8.3
      vertex 26.8404 47.8888 8.3
    endloop
  endfacet
  facet normal -0 0 1
    outer loop
      vertex 26.273 50.7413 8.3
      vertex 28.3579 50.44 8.3
      vertex 26.3636 51.1031 8.3
    endloop
  endfacet
  facet normal 0 0 1
    outer loop
      vertex 28.5278 49.15 8.3
      vertex 26.4893 48.5458 8.3
      vertex 26.6487 48.2087 8.3
    endloop
  endfacet
  facet normal 0 0 1
    outer loop
      vertex 26.2183 50.3725 8.3
      vertex 28.3579 50.44 8.3
      vertex 26.273 50.7413 8.3
    endloop
  endfacet
  facet normal 0 0 1
    outer loop
      vertex 28.3579 49.56 8.3
      vertex 26.3636 48.8969 8.3
      vertex 26.4893 48.5458 8.3
    endloop
  endfacet
  facet normal 0 0 1
    outer loop
      vertex 28.3579 50.44 8.3
      vertex 26.2183 50.3725 8.3
      vertex 28.3 50 8.3
    endloop
  endfacet
  facet normal 0 0 1
    outer loop
      vertex 28.3579 49.56 8.3
      vertex 26.273 49.2587 8.3
      vertex 26.3636 48.8969 8.3
    endloop
  endfacet
  facet normal 0 0 1
    outer loop
      vertex 26.2 50 8.3
      vertex 28.3 50 8.3
      vertex 26.2183 50.3725 8.3
    endloop
  endfacet
  facet normal 0 0 1
    outer loop
      vertex 28.3579 49.56 8.3
      vertex 26.2183 49.6275 8.3
      vertex 26.273 49.2587 8.3
    endloop
  endfacet
  facet normal 0 0 1
    outer loop
      vertex 28.3 50 8.3
      vertex 26.2 50 8.3
      vertex 26.2183 49.6275 8.3
    endloop
  endfacet
  facet normal -0.0490683 -0.998795 0
    outer loop
      vertex 29.6275 46.2183 1.6
      vertex 30 46.2 8.3
      vertex 29.6275 46.2183 8.3
    endloop
  endfacet
  facet normal -0.0490683 -0.998795 -0
    outer loop
      vertex 30 46.2 8.3
      vertex 29.6275 46.2183 1.6
      vertex 30 46.2 1.6
    endloop
  endfacet
  facet normal -0.998795 0.0490683 0
    outer loop
      vertex 26.2 50 1.6
      vertex 26.2183 50.3725 8.3
      vertex 26.2183 50.3725 1.6
    endloop
  endfacet
  facet normal -0.998795 0.0490683 0
    outer loop
      vertex 26.2183 50.3725 8.3
      vertex 26.2 50 1.6
      vertex 26.2 50 8.3
    endloop
  endfacet
  facet normal -0.337067 -0.941481 0
    outer loop
      vertex 28.5458 46.4893 1.6
      vertex 28.8969 46.3636 8.3
      vertex 28.5458 46.4893 8.3
    endloop
  endfacet
  facet normal -0.337067 -0.941481 -0
    outer loop
      vertex 28.8969 46.3636 8.3
      vertex 28.5458 46.4893 1.6
      vertex 28.8969 46.3636 1.6
    endloop
  endfacet
  facet normal 0.337067 0.941481 -0
    outer loop
      vertex 31.4542 53.5107 1.6
      vertex 31.1031 53.6364 8.3
      vertex 31.4542 53.5107 8.3
    endloop
  endfacet
  facet normal 0.337067 0.941481 0
    outer loop
      vertex 31.1031 53.6364 8.3
      vertex 31.4542 53.5107 1.6
      vertex 31.1031 53.6364 1.6
    endloop
  endfacet
  facet normal 0.740983 -0.671524 0
    outer loop
      vertex 32.687 47.313 8.3
      vertex 32.9374 47.5893 1.6
      vertex 32.9374 47.5893 8.3
    endloop
  endfacet
  facet normal 0.740983 -0.671524 0
    outer loop
      vertex 32.9374 47.5893 1.6
      vertex 32.687 47.313 8.3
      vertex 32.687 47.313 1.6
    endloop
  endfacet
  facet normal 0.671524 -0.740983 0
    outer loop
      vertex 32.4107 47.0626 1.6
      vertex 32.687 47.313 8.3
      vertex 32.4107 47.0626 8.3
    endloop
  endfacet
  facet normal 0.671524 -0.740983 0
    outer loop
      vertex 32.687 47.313 8.3
      vertex 32.4107 47.0626 1.6
      vertex 32.687 47.313 1.6
    endloop
  endfacet
  facet normal -0.793436 -0.608654 0
    outer loop
      vertex 31.4722 50.85 0
      vertex 31.2021 51.2021 8.3
      vertex 31.2021 51.2021 0
    endloop
  endfacet
  facet normal -0.793436 -0.608654 0
    outer loop
      vertex 31.2021 51.2021 8.3
      vertex 31.4722 50.85 0
      vertex 31.4722 50.85 8.3
    endloop
  endfacet
  facet normal -0.923822 -0.382823 0
    outer loop
      vertex 31.6421 50.44 0
      vertex 31.4722 50.85 8.3
      vertex 31.4722 50.85 0
    endloop
  endfacet
  facet normal -0.923822 -0.382823 0
    outer loop
      vertex 31.4722 50.85 8.3
      vertex 31.6421 50.44 0
      vertex 31.6421 50.44 8.3
    endloop
  endfacet
  facet normal -0.382823 0.923822 0
    outer loop
      vertex 30.85 48.5278 0
      vertex 30.44 48.3579 8.3
      vertex 30.85 48.5278 8.3
    endloop
  endfacet
  facet normal -0.382823 0.923822 0
    outer loop
      vertex 30.44 48.3579 8.3
      vertex 30.85 48.5278 0
      vertex 30.44 48.3579 0
    endloop
  endfacet
  facet normal -0.991453 0.130466 0
    outer loop
      vertex 31.6421 49.56 0
      vertex 31.7 50 8.3
      vertex 31.7 50 0
    endloop
  endfacet
  facet normal -0.991453 0.130466 0
    outer loop
      vertex 31.7 50 8.3
      vertex 31.6421 49.56 0
      vertex 31.6421 49.56 8.3
    endloop
  endfacet
  facet normal -0.130466 0.991453 0
    outer loop
      vertex 30.44 48.3579 0
      vertex 30 48.3 8.3
      vertex 30.44 48.3579 8.3
    endloop
  endfacet
  facet normal -0.130466 0.991453 0
    outer loop
      vertex 30 48.3 8.3
      vertex 30.44 48.3579 0
      vertex 30 48.3 0
    endloop
  endfacet
  facet normal 0.991453 0.130466 0
    outer loop
      vertex 28.3579 49.56 8.3
      vertex 28.3 50 0
      vertex 28.3 50 8.3
    endloop
  endfacet
  facet normal 0.991453 0.130466 0
    outer loop
      vertex 28.3 50 0
      vertex 28.3579 49.56 8.3
      vertex 28.3579 49.56 0
    endloop
  endfacet
  facet normal 0.130466 0.991453 -0
    outer loop
      vertex 30 48.3 0
      vertex 29.56 48.3579 8.3
      vertex 30 48.3 8.3
    endloop
  endfacet
  facet normal 0.130466 0.991453 0
    outer loop
      vertex 29.56 48.3579 8.3
      vertex 30 48.3 0
      vertex 29.56 48.3579 0
    endloop
  endfacet
  facet normal 0.130466 -0.991453 0
    outer loop
      vertex 29.56 51.6421 0
      vertex 30 51.7 8.3
      vertex 29.56 51.6421 8.3
    endloop
  endfacet
  facet normal 0.130466 -0.991453 0
    outer loop
      vertex 30 51.7 8.3
      vertex 29.56 51.6421 0
      vertex 30 51.7 0
    endloop
  endfacet
  facet normal 0.991453 -0.130466 0
    outer loop
      vertex 28.3 50 8.3
      vertex 28.3579 50.44 0
      vertex 28.3579 50.44 8.3
    endloop
  endfacet
  facet normal 0.991453 -0.130466 0
    outer loop
      vertex 28.3579 50.44 0
      vertex 28.3 50 8.3
      vertex 28.3 50 0
    endloop
  endfacet
  facet normal -0.608654 -0.793436 0
    outer loop
      vertex 30.85 51.4722 0
      vertex 31.2021 51.2021 8.3
      vertex 30.85 51.4722 8.3
    endloop
  endfacet
  facet normal -0.608654 -0.793436 -0
    outer loop
      vertex 31.2021 51.2021 8.3
      vertex 30.85 51.4722 0
      vertex 31.2021 51.2021 0
    endloop
  endfacet
  facet normal -0.991453 -0.130466 0
    outer loop
      vertex 31.7 50 0
      vertex 31.6421 50.44 8.3
      vertex 31.6421 50.44 0
    endloop
  endfacet
  facet normal -0.991453 -0.130466 0
    outer loop
      vertex 31.6421 50.44 8.3
      vertex 31.7 50 0
      vertex 31.7 50 8.3
    endloop
  endfacet
  facet normal 0.923822 0.382823 0
    outer loop
      vertex 28.5278 49.15 8.3
      vertex 28.3579 49.56 0
      vertex 28.3579 49.56 8.3
    endloop
  endfacet
  facet normal 0.923822 0.382823 0
    outer loop
      vertex 28.3579 49.56 0
      vertex 28.5278 49.15 8.3
      vertex 28.5278 49.15 0
    endloop
  endfacet
  facet normal -0.130466 -0.991453 0
    outer loop
      vertex 30 51.7 0
      vertex 30.44 51.6421 8.3
      vertex 30 51.7 8.3
    endloop
  endfacet
  facet normal -0.130466 -0.991453 -0
    outer loop
      vertex 30.44 51.6421 8.3
      vertex 30 51.7 0
      vertex 30.44 51.6421 0
    endloop
  endfacet
  facet normal 0.382823 0.923822 -0
    outer loop
      vertex 29.56 48.3579 0
      vertex 29.15 48.5278 8.3
      vertex 29.56 48.3579 8.3
    endloop
  endfacet
  facet normal 0.382823 0.923822 0
    outer loop
      vertex 29.15 48.5278 8.3
      vertex 29.56 48.3579 0
      vertex 29.15 48.5278 0
    endloop
  endfacet
  facet normal -0.382823 -0.923822 0
    outer loop
      vertex 30.44 51.6421 0
      vertex 30.85 51.4722 8.3
      vertex 30.44 51.6421 8.3
    endloop
  endfacet
  facet normal -0.382823 -0.923822 -0
    outer loop
      vertex 30.85 51.4722 8.3
      vertex 30.44 51.6421 0
      vertex 30.85 51.4722 0
    endloop
  endfacet
  facet normal 0.793436 -0.608654 0
    outer loop
      vertex 28.5278 50.85 8.3
      vertex 28.7979 51.2021 0
      vertex 28.7979 51.2021 8.3
    endloop
  endfacet
  facet normal 0.793436 -0.608654 0
    outer loop
      vertex 28.7979 51.2021 0
      vertex 28.5278 50.85 8.3
      vertex 28.5278 50.85 0
    endloop
  endfacet
  facet normal 0.608654 -0.793436 0
    outer loop
      vertex 28.7979 51.2021 0
      vertex 29.15 51.4722 8.3
      vertex 28.7979 51.2021 8.3
    endloop
  endfacet
  facet normal 0.608654 -0.793436 0
    outer loop
      vertex 29.15 51.4722 8.3
      vertex 28.7979 51.2021 0
      vertex 29.15 51.4722 0
    endloop
  endfacet
  facet normal 0.793436 0.608654 0
    outer loop
      vertex 28.7979 48.7979 8.3
      vertex 28.5278 49.15 0
      vertex 28.5278 49.15 8.3
    endloop
  endfacet
  facet normal 0.793436 0.608654 0
    outer loop
      vertex 28.5278 49.15 0
      vertex 28.7979 48.7979 8.3
      vertex 28.7979 48.7979 0
    endloop
  endfacet
  facet normal -0.608654 0.793436 0
    outer loop
      vertex 31.2021 48.7979 0
      vertex 30.85 48.5278 8.3
      vertex 31.2021 48.7979 8.3
    endloop
  endfacet
  facet normal -0.608654 0.793436 0
    outer loop
      vertex 30.85 48.5278 8.3
      vertex 31.2021 48.7979 0
      vertex 30.85 48.5278 0
    endloop
  endfacet
  facet normal 0.608654 0.793436 -0
    outer loop
      vertex 29.15 48.5278 0
      vertex 28.7979 48.7979 8.3
      vertex 29.15 48.5278 8.3
    endloop
  endfacet
  facet normal 0.608654 0.793436 0
    outer loop
      vertex 28.7979 48.7979 8.3
      vertex 29.15 48.5278 0
      vertex 28.7979 48.7979 0
    endloop
  endfacet
  facet normal 0.382823 -0.923822 0
    outer loop
      vertex 29.15 51.4722 0
      vertex 29.56 51.6421 8.3
      vertex 29.15 51.4722 8.3
    endloop
  endfacet
  facet normal 0.382823 -0.923822 0
    outer loop
      vertex 29.56 51.6421 8.3
      vertex 29.15 51.4722 0
      vertex 29.56 51.6421 0
    endloop
  endfacet
  facet normal -0.793436 0.608654 0
    outer loop
      vertex 31.2021 48.7979 0
      vertex 31.4722 49.15 8.3
      vertex 31.4722 49.15 0
    endloop
  endfacet
  facet normal -0.793436 0.608654 0
    outer loop
      vertex 31.4722 49.15 8.3
      vertex 31.2021 48.7979 0
      vertex 31.2021 48.7979 8.3
    endloop
  endfacet
  facet normal 0.923822 -0.382823 0
    outer loop
      vertex 28.3579 50.44 8.3
      vertex 28.5278 50.85 0
      vertex 28.5278 50.85 8.3
    endloop
  endfacet
  facet normal 0.923822 -0.382823 0
    outer loop
      vertex 28.5278 50.85 0
      vertex 28.3579 50.44 8.3
      vertex 28.3579 50.44 0
    endloop
  endfacet
  facet normal -0.923822 0.382823 0
    outer loop
      vertex 31.4722 49.15 0
      vertex 31.6421 49.56 8.3
      vertex 31.6421 49.56 0
    endloop
  endfacet
  facet normal -0.923822 0.382823 0
    outer loop
      vertex 31.6421 49.56 8.3
      vertex 31.4722 49.15 0
      vertex 31.4722 49.15 8.3
    endloop
  endfacet
  facet normal 0.989173 0.146755 0
    outer loop
      vertex -25.0241 66.4901 2
      vertex -25.0961 66.9754 0
      vertex -25.0961 66.9754 2
    endloop
  endfacet
  facet normal 0.989173 0.146755 0
    outer loop
      vertex -25.0961 66.9754 0
      vertex -25.0241 66.4901 2
      vertex -25.0241 66.4901 0
    endloop
  endfacet
  facet normal 0.998793 0.0491143 0
    outer loop
      vertex -25 66 2
      vertex -25.0241 66.4901 0
      vertex -25.0241 66.4901 2
    endloop
  endfacet
  facet normal 0.998793 0.0491143 0
    outer loop
      vertex -25.0241 66.4901 0
      vertex -25 66 2
      vertex -25 66 0
    endloop
  endfacet
  facet normal 0.970047 0.242919 0
    outer loop
      vertex -25.0961 66.9754 2
      vertex -25.2153 67.4514 0
      vertex -25.2153 67.4514 2
    endloop
  endfacet
  facet normal 0.970047 0.242919 0
    outer loop
      vertex -25.2153 67.4514 0
      vertex -25.0961 66.9754 2
      vertex -25.0961 66.9754 0
    endloop
  endfacet
  facet normal 0.146726 0.989177 -0
    outer loop
      vertex -29.0245 70.9039 0
      vertex -29.5099 70.9759 2
      vertex -29.0245 70.9039 2
    endloop
  endfacet
  facet normal 0.146726 0.989177 0
    outer loop
      vertex -29.5099 70.9759 2
      vertex -29.0245 70.9039 0
      vertex -29.5099 70.9759 0
    endloop
  endfacet
  facet normal 0.0491143 -0.998793 0
    outer loop
      vertex -30 61 0
      vertex -29.5099 61.0241 2
      vertex -30 61 2
    endloop
  endfacet
  facet normal 0.0491143 -0.998793 0
    outer loop
      vertex -29.5099 61.0241 2
      vertex -30 61 0
      vertex -29.5099 61.0241 0
    endloop
  endfacet
  facet normal 0.989173 -0.146755 0
    outer loop
      vertex -25.0961 65.0246 2
      vertex -25.0241 65.5099 0
      vertex -25.0241 65.5099 2
    endloop
  endfacet
  facet normal 0.989173 -0.146755 0
    outer loop
      vertex -25.0241 65.5099 0
      vertex -25.0961 65.0246 2
      vertex -25.0961 65.0246 0
    endloop
  endfacet
  facet normal 0.146726 -0.989177 0
    outer loop
      vertex -29.5099 61.0241 0
      vertex -29.0245 61.0961 2
      vertex -29.5099 61.0241 2
    endloop
  endfacet
  facet normal 0.146726 -0.989177 0
    outer loop
      vertex -29.0245 61.0961 2
      vertex -29.5099 61.0241 0
      vertex -29.0245 61.0961 0
    endloop
  endfacet
  facet normal 0.857655 0.514226 0
    outer loop
      vertex -25.5904 68.357 2
      vertex -25.8427 68.7778 0
      vertex -25.8427 68.7778 2
    endloop
  endfacet
  facet normal 0.857655 0.514226 0
    outer loop
      vertex -25.8427 68.7778 0
      vertex -25.5904 68.357 2
      vertex -25.5904 68.357 0
    endloop
  endfacet
  facet normal -0.0491143 -0.998793 0
    outer loop
      vertex -30.4901 61.0241 0
      vertex -30 61 2
      vertex -30.4901 61.0241 2
    endloop
  endfacet
  facet normal -0.0491143 -0.998793 -0
    outer loop
      vertex -30 61 2
      vertex -30.4901 61.0241 0
      vertex -30 61 0
    endloop
  endfacet
  facet normal 0.903995 0.427543 0
    outer loop
      vertex -25.3806 67.9134 2
      vertex -25.5904 68.357 0
      vertex -25.5904 68.357 2
    endloop
  endfacet
  facet normal 0.903995 0.427543 0
    outer loop
      vertex -25.5904 68.357 0
      vertex -25.3806 67.9134 2
      vertex -25.3806 67.9134 0
    endloop
  endfacet
  facet normal -0.970047 -0.242919 0
    outer loop
      vertex -34.7847 64.5486 0
      vertex -34.9039 65.0246 2
      vertex -34.9039 65.0246 0
    endloop
  endfacet
  facet normal -0.970047 -0.242919 0
    outer loop
      vertex -34.9039 65.0246 2
      vertex -34.7847 64.5486 0
      vertex -34.7847 64.5486 2
    endloop
  endfacet
  facet normal -0.427543 0.903995 0
    outer loop
      vertex -31.9134 70.6194 0
      vertex -32.357 70.4096 2
      vertex -31.9134 70.6194 2
    endloop
  endfacet
  facet normal -0.427543 0.903995 0
    outer loop
      vertex -32.357 70.4096 2
      vertex -31.9134 70.6194 0
      vertex -32.357 70.4096 0
    endloop
  endfacet
  facet normal -0.803362 0.595491 0
    outer loop
      vertex -34.1573 68.7778 0
      vertex -33.8651 69.172 2
      vertex -33.8651 69.172 0
    endloop
  endfacet
  facet normal -0.803362 0.595491 0
    outer loop
      vertex -33.8651 69.172 2
      vertex -34.1573 68.7778 0
      vertex -34.1573 68.7778 2
    endloop
  endfacet
  facet normal -0.336879 -0.941548 0
    outer loop
      vertex -31.9134 61.3806 0
      vertex -31.4514 61.2153 2
      vertex -31.9134 61.3806 2
    endloop
  endfacet
  facet normal -0.336879 -0.941548 -0
    outer loop
      vertex -31.4514 61.2153 2
      vertex -31.9134 61.3806 0
      vertex -31.4514 61.2153 0
    endloop
  endfacet
  facet normal -0.989173 0.146755 0
    outer loop
      vertex -34.9759 66.4901 0
      vertex -34.9039 66.9754 2
      vertex -34.9039 66.9754 0
    endloop
  endfacet
  facet normal -0.989173 0.146755 0
    outer loop
      vertex -34.9039 66.9754 2
      vertex -34.9759 66.4901 0
      vertex -34.9759 66.4901 2
    endloop
  endfacet
  facet normal -0.242967 0.970034 0
    outer loop
      vertex -30.9755 70.9039 0
      vertex -31.4514 70.7847 2
      vertex -30.9755 70.9039 2
    endloop
  endfacet
  facet normal -0.242967 0.970034 0
    outer loop
      vertex -31.4514 70.7847 2
      vertex -30.9755 70.9039 0
      vertex -31.4514 70.7847 0
    endloop
  endfacet
  facet normal -0.740806 0.671719 0
    outer loop
      vertex -33.8651 69.172 0
      vertex -33.5355 69.5355 2
      vertex -33.5355 69.5355 0
    endloop
  endfacet
  facet normal -0.740806 0.671719 0
    outer loop
      vertex -33.5355 69.5355 2
      vertex -33.8651 69.172 0
      vertex -33.8651 69.172 2
    endloop
  endfacet
  facet normal 0.998793 -0.0491143 0
    outer loop
      vertex -25.0241 65.5099 2
      vertex -25 66 0
      vertex -25 66 2
    endloop
  endfacet
  facet normal 0.998793 -0.0491143 0
    outer loop
      vertex -25 66 0
      vertex -25.0241 65.5099 2
      vertex -25.0241 65.5099 0
    endloop
  endfacet
  facet normal 0.970047 -0.242919 0
    outer loop
      vertex -25.2153 64.5486 2
      vertex -25.0961 65.0246 0
      vertex -25.0961 65.0246 2
    endloop
  endfacet
  facet normal 0.970047 -0.242919 0
    outer loop
      vertex -25.0961 65.0246 0
      vertex -25.2153 64.5486 2
      vertex -25.2153 64.5486 0
    endloop
  endfacet
  facet normal 0.803362 0.595491 0
    outer loop
      vertex -25.8427 68.7778 2
      vertex -26.1349 69.172 0
      vertex -26.1349 69.172 2
    endloop
  endfacet
  facet normal 0.803362 0.595491 0
    outer loop
      vertex -26.1349 69.172 0
      vertex -25.8427 68.7778 2
      vertex -25.8427 68.7778 0
    endloop
  endfacet
  facet normal 0.427543 -0.903995 0
    outer loop
      vertex -28.0866 61.3806 0
      vertex -27.643 61.5904 2
      vertex -28.0866 61.3806 2
    endloop
  endfacet
  facet normal 0.427543 -0.903995 0
    outer loop
      vertex -27.643 61.5904 2
      vertex -28.0866 61.3806 0
      vertex -27.643 61.5904 0
    endloop
  endfacet
  facet normal -0.998793 -0.0491143 0
    outer loop
      vertex -34.9759 65.5099 0
      vertex -35 66 2
      vertex -35 66 0
    endloop
  endfacet
  facet normal -0.998793 -0.0491143 0
    outer loop
      vertex -35 66 2
      vertex -34.9759 65.5099 0
      vertex -34.9759 65.5099 2
    endloop
  endfacet
  facet normal 0.336879 0.941548 -0
    outer loop
      vertex -28.0866 70.6194 0
      vertex -28.5486 70.7847 2
      vertex -28.0866 70.6194 2
    endloop
  endfacet
  facet normal 0.336879 0.941548 0
    outer loop
      vertex -28.5486 70.7847 2
      vertex -28.0866 70.6194 0
      vertex -28.5486 70.7847 0
    endloop
  endfacet
  facet normal -0.998793 0.0491143 0
    outer loop
      vertex -35 66 0
      vertex -34.9759 66.4901 2
      vertex -34.9759 66.4901 0
    endloop
  endfacet
  facet normal -0.998793 0.0491143 0
    outer loop
      vertex -34.9759 66.4901 2
      vertex -35 66 0
      vertex -35 66 2
    endloop
  endfacet
  facet normal 0.740806 0.671719 0
    outer loop
      vertex -26.1349 69.172 2
      vertex -26.4645 69.5355 0
      vertex -26.4645 69.5355 2
    endloop
  endfacet
  facet normal 0.740806 0.671719 0
    outer loop
      vertex -26.4645 69.5355 0
      vertex -26.1349 69.172 2
      vertex -26.1349 69.172 0
    endloop
  endfacet
  facet normal -0.941548 -0.336879 0
    outer loop
      vertex -34.6194 64.0866 0
      vertex -34.7847 64.5486 2
      vertex -34.7847 64.5486 0
    endloop
  endfacet
  facet normal -0.941548 -0.336879 0
    outer loop
      vertex -34.7847 64.5486 2
      vertex -34.6194 64.0866 0
      vertex -34.6194 64.0866 2
    endloop
  endfacet
  facet normal -0.146726 0.989177 0
    outer loop
      vertex -30.4901 70.9759 0
      vertex -30.9755 70.9039 2
      vertex -30.4901 70.9759 2
    endloop
  endfacet
  facet normal -0.146726 0.989177 0
    outer loop
      vertex -30.9755 70.9039 2
      vertex -30.4901 70.9759 0
      vertex -30.9755 70.9039 0
    endloop
  endfacet
  facet normal 0.740806 -0.671719 0
    outer loop
      vertex -26.4645 62.4645 2
      vertex -26.1349 62.828 0
      vertex -26.1349 62.828 2
    endloop
  endfacet
  facet normal 0.740806 -0.671719 0
    outer loop
      vertex -26.1349 62.828 0
      vertex -26.4645 62.4645 2
      vertex -26.4645 62.4645 0
    endloop
  endfacet
  facet normal 0.671719 0.740806 -0
    outer loop
      vertex -26.4645 69.5355 0
      vertex -26.828 69.8651 2
      vertex -26.4645 69.5355 2
    endloop
  endfacet
  facet normal 0.671719 0.740806 0
    outer loop
      vertex -26.828 69.8651 2
      vertex -26.4645 69.5355 0
      vertex -26.828 69.8651 0
    endloop
  endfacet
  facet normal 0.595588 0.80329 -0
    outer loop
      vertex -26.828 69.8651 0
      vertex -27.2221 70.1573 2
      vertex -26.828 69.8651 2
    endloop
  endfacet
  facet normal 0.595588 0.80329 0
    outer loop
      vertex -27.2221 70.1573 2
      vertex -26.828 69.8651 0
      vertex -27.2221 70.1573 0
    endloop
  endfacet
  facet normal 0.941548 -0.336879 0
    outer loop
      vertex -25.3806 64.0866 2
      vertex -25.2153 64.5486 0
      vertex -25.2153 64.5486 2
    endloop
  endfacet
  facet normal 0.941548 -0.336879 0
    outer loop
      vertex -25.2153 64.5486 0
      vertex -25.3806 64.0866 2
      vertex -25.3806 64.0866 0
    endloop
  endfacet
  facet normal -0.989173 -0.146755 0
    outer loop
      vertex -34.9039 65.0246 0
      vertex -34.9759 65.5099 2
      vertex -34.9759 65.5099 0
    endloop
  endfacet
  facet normal -0.989173 -0.146755 0
    outer loop
      vertex -34.9759 65.5099 2
      vertex -34.9039 65.0246 0
      vertex -34.9039 65.0246 2
    endloop
  endfacet
  facet normal 0.514136 0.857709 -0
    outer loop
      vertex -27.2221 70.1573 0
      vertex -27.643 70.4096 2
      vertex -27.2221 70.1573 2
    endloop
  endfacet
  facet normal 0.514136 0.857709 0
    outer loop
      vertex -27.643 70.4096 2
      vertex -27.2221 70.1573 0
      vertex -27.643 70.4096 0
    endloop
  endfacet
  facet normal 0.857709 -0.514136 0
    outer loop
      vertex -25.8427 63.2221 2
      vertex -25.5904 63.643 0
      vertex -25.5904 63.643 2
    endloop
  endfacet
  facet normal 0.857709 -0.514136 0
    outer loop
      vertex -25.5904 63.643 0
      vertex -25.8427 63.2221 2
      vertex -25.8427 63.2221 0
    endloop
  endfacet
  facet normal 0.941548 0.336879 0
    outer loop
      vertex -25.2153 67.4514 2
      vertex -25.3806 67.9134 0
      vertex -25.3806 67.9134 2
    endloop
  endfacet
  facet normal 0.941548 0.336879 0
    outer loop
      vertex -25.3806 67.9134 0
      vertex -25.2153 67.4514 2
      vertex -25.2153 67.4514 0
    endloop
  endfacet
  facet normal 0.903995 -0.427543 0
    outer loop
      vertex -25.5904 63.643 2
      vertex -25.3806 64.0866 0
      vertex -25.3806 64.0866 2
    endloop
  endfacet
  facet normal 0.903995 -0.427543 0
    outer loop
      vertex -25.3806 64.0866 0
      vertex -25.5904 63.643 2
      vertex -25.5904 63.643 0
    endloop
  endfacet
  facet normal 0.242967 -0.970034 0
    outer loop
      vertex -29.0245 61.0961 0
      vertex -28.5486 61.2153 2
      vertex -29.0245 61.0961 2
    endloop
  endfacet
  facet normal 0.242967 -0.970034 0
    outer loop
      vertex -28.5486 61.2153 2
      vertex -29.0245 61.0961 0
      vertex -28.5486 61.2153 0
    endloop
  endfacet
  facet normal 0.242967 0.970034 -0
    outer loop
      vertex -28.5486 70.7847 0
      vertex -29.0245 70.9039 2
      vertex -28.5486 70.7847 2
    endloop
  endfacet
  facet normal 0.242967 0.970034 0
    outer loop
      vertex -29.0245 70.9039 2
      vertex -28.5486 70.7847 0
      vertex -29.0245 70.9039 0
    endloop
  endfacet
  facet normal 0.0491143 0.998793 -0
    outer loop
      vertex -29.5099 70.9759 0
      vertex -30 71 2
      vertex -29.5099 70.9759 2
    endloop
  endfacet
  facet normal 0.0491143 0.998793 0
    outer loop
      vertex -30 71 2
      vertex -29.5099 70.9759 0
      vertex -30 71 0
    endloop
  endfacet
  facet normal -0.595588 0.80329 0
    outer loop
      vertex -32.7779 70.1573 0
      vertex -33.172 69.8651 2
      vertex -32.7779 70.1573 2
    endloop
  endfacet
  facet normal -0.595588 0.80329 0
    outer loop
      vertex -33.172 69.8651 2
      vertex -32.7779 70.1573 0
      vertex -33.172 69.8651 0
    endloop
  endfacet
  facet normal 0.427543 0.903995 -0
    outer loop
      vertex -27.643 70.4096 0
      vertex -28.0866 70.6194 2
      vertex -27.643 70.4096 2
    endloop
  endfacet
  facet normal 0.427543 0.903995 0
    outer loop
      vertex -28.0866 70.6194 2
      vertex -27.643 70.4096 0
      vertex -28.0866 70.6194 0
    endloop
  endfacet
  facet normal -0.941548 0.336879 0
    outer loop
      vertex -34.7847 67.4514 0
      vertex -34.6194 67.9134 2
      vertex -34.6194 67.9134 0
    endloop
  endfacet
  facet normal -0.941548 0.336879 0
    outer loop
      vertex -34.6194 67.9134 2
      vertex -34.7847 67.4514 0
      vertex -34.7847 67.4514 2
    endloop
  endfacet
  facet normal -0.671719 0.740806 0
    outer loop
      vertex -33.172 69.8651 0
      vertex -33.5355 69.5355 2
      vertex -33.172 69.8651 2
    endloop
  endfacet
  facet normal -0.671719 0.740806 0
    outer loop
      vertex -33.5355 69.5355 2
      vertex -33.172 69.8651 0
      vertex -33.5355 69.5355 0
    endloop
  endfacet
  facet normal -0.903995 -0.427543 0
    outer loop
      vertex -34.4096 63.643 0
      vertex -34.6194 64.0866 2
      vertex -34.6194 64.0866 0
    endloop
  endfacet
  facet normal -0.903995 -0.427543 0
    outer loop
      vertex -34.6194 64.0866 2
      vertex -34.4096 63.643 0
      vertex -34.4096 63.643 2
    endloop
  endfacet
  facet normal -0.80329 -0.595588 0
    outer loop
      vertex -33.8651 62.828 0
      vertex -34.1573 63.2221 2
      vertex -34.1573 63.2221 0
    endloop
  endfacet
  facet normal -0.80329 -0.595588 0
    outer loop
      vertex -34.1573 63.2221 2
      vertex -33.8651 62.828 0
      vertex -33.8651 62.828 2
    endloop
  endfacet
  facet normal 0.514136 -0.857709 0
    outer loop
      vertex -27.643 61.5904 0
      vertex -27.2221 61.8427 2
      vertex -27.643 61.5904 2
    endloop
  endfacet
  facet normal 0.514136 -0.857709 0
    outer loop
      vertex -27.2221 61.8427 2
      vertex -27.643 61.5904 0
      vertex -27.2221 61.8427 0
    endloop
  endfacet
  facet normal -0.336879 0.941548 0
    outer loop
      vertex -31.4514 70.7847 0
      vertex -31.9134 70.6194 2
      vertex -31.4514 70.7847 2
    endloop
  endfacet
  facet normal -0.336879 0.941548 0
    outer loop
      vertex -31.9134 70.6194 2
      vertex -31.4514 70.7847 0
      vertex -31.9134 70.6194 0
    endloop
  endfacet
  facet normal 0 0 1
    outer loop
      vertex -25.0241 66.4901 2
      vertex -25.0241 65.5099 2
      vertex -25 66 2
    endloop
  endfacet
  facet normal 0 0 1
    outer loop
      vertex -25.0961 66.9754 2
      vertex -25.0241 65.5099 2
      vertex -25.0241 66.4901 2
    endloop
  endfacet
  facet normal 0 0 1
    outer loop
      vertex -25.0961 66.9754 2
      vertex -25.0961 65.0246 2
      vertex -25.0241 65.5099 2
    endloop
  endfacet
  facet normal 0 0 1
    outer loop
      vertex -25.2153 67.4514 2
      vertex -25.0961 65.0246 2
      vertex -25.0961 66.9754 2
    endloop
  endfacet
  facet normal 0 0 1
    outer loop
      vertex -25.2153 67.4514 2
      vertex -25.2153 64.5486 2
      vertex -25.0961 65.0246 2
    endloop
  endfacet
  facet normal 0 0 1
    outer loop
      vertex -25.3806 67.9134 2
      vertex -25.2153 64.5486 2
      vertex -25.2153 67.4514 2
    endloop
  endfacet
  facet normal 0 0 1
    outer loop
      vertex -25.3806 67.9134 2
      vertex -25.3806 64.0866 2
      vertex -25.2153 64.5486 2
    endloop
  endfacet
  facet normal 0 0 1
    outer loop
      vertex -25.5904 68.357 2
      vertex -25.3806 64.0866 2
      vertex -25.3806 67.9134 2
    endloop
  endfacet
  facet normal 0 0 1
    outer loop
      vertex -25.5904 68.357 2
      vertex -25.5904 63.643 2
      vertex -25.3806 64.0866 2
    endloop
  endfacet
  facet normal 0 0 1
    outer loop
      vertex -25.8427 68.7778 2
      vertex -25.5904 63.643 2
      vertex -25.5904 68.357 2
    endloop
  endfacet
  facet normal 0 0 1
    outer loop
      vertex -25.8427 68.7778 2
      vertex -25.8427 63.2221 2
      vertex -25.5904 63.643 2
    endloop
  endfacet
  facet normal 0 0 1
    outer loop
      vertex -26.1349 69.172 2
      vertex -25.8427 63.2221 2
      vertex -25.8427 68.7778 2
    endloop
  endfacet
  facet normal 0 0 1
    outer loop
      vertex -26.1349 69.172 2
      vertex -26.1349 62.828 2
      vertex -25.8427 63.2221 2
    endloop
  endfacet
  facet normal 0 0 1
    outer loop
      vertex -26.4645 69.5355 2
      vertex -26.1349 62.828 2
      vertex -26.1349 69.172 2
    endloop
  endfacet
  facet normal 0 0 1
    outer loop
      vertex -26.4645 69.5355 2
      vertex -26.4645 62.4645 2
      vertex -26.1349 62.828 2
    endloop
  endfacet
  facet normal 0 0 1
    outer loop
      vertex -26.828 69.8651 2
      vertex -26.4645 62.4645 2
      vertex -26.4645 69.5355 2
    endloop
  endfacet
  facet normal 0 0 1
    outer loop
      vertex -26.828 69.8651 2
      vertex -26.828 62.1349 2
      vertex -26.4645 62.4645 2
    endloop
  endfacet
  facet normal 0 0 1
    outer loop
      vertex -27.2221 70.1573 2
      vertex -26.828 62.1349 2
      vertex -26.828 69.8651 2
    endloop
  endfacet
  facet normal 0 0 1
    outer loop
      vertex -27.2221 70.1573 2
      vertex -27.2221 61.8427 2
      vertex -26.828 62.1349 2
    endloop
  endfacet
  facet normal 0 0 1
    outer loop
      vertex -27.643 70.4096 2
      vertex -27.2221 61.8427 2
      vertex -27.2221 70.1573 2
    endloop
  endfacet
  facet normal 0 0 1
    outer loop
      vertex -27.643 70.4096 2
      vertex -27.643 61.5904 2
      vertex -27.2221 61.8427 2
    endloop
  endfacet
  facet normal 0 0 1
    outer loop
      vertex -28.0866 70.6194 2
      vertex -27.643 61.5904 2
      vertex -27.643 70.4096 2
    endloop
  endfacet
  facet normal 0 0 1
    outer loop
      vertex -28.0866 70.6194 2
      vertex -28.0866 61.3806 2
      vertex -27.643 61.5904 2
    endloop
  endfacet
  facet normal 0 0 1
    outer loop
      vertex -28.5486 70.7847 2
      vertex -28.0866 61.3806 2
      vertex -28.0866 70.6194 2
    endloop
  endfacet
  facet normal 0 0 1
    outer loop
      vertex -28.5486 70.7847 2
      vertex -28.5486 61.2153 2
      vertex -28.0866 61.3806 2
    endloop
  endfacet
  facet normal 0 0 1
    outer loop
      vertex -29.0245 70.9039 2
      vertex -28.5486 61.2153 2
      vertex -28.5486 70.7847 2
    endloop
  endfacet
  facet normal 0 0 1
    outer loop
      vertex -29.0245 70.9039 2
      vertex -29.0245 61.0961 2
      vertex -28.5486 61.2153 2
    endloop
  endfacet
  facet normal 0 0 1
    outer loop
      vertex -29.5099 70.9759 2
      vertex -29.0245 61.0961 2
      vertex -29.0245 70.9039 2
    endloop
  endfacet
  facet normal 0 0 1
    outer loop
      vertex -29.5099 70.9759 2
      vertex -29.5099 61.0241 2
      vertex -29.0245 61.0961 2
    endloop
  endfacet
  facet normal 0 0 1
    outer loop
      vertex -30 71 2
      vertex -29.5099 61.0241 2
      vertex -29.5099 70.9759 2
    endloop
  endfacet
  facet normal 0 0 1
    outer loop
      vertex -30 71 2
      vertex -30 61 2
      vertex -29.5099 61.0241 2
    endloop
  endfacet
  facet normal -0 0 1
    outer loop
      vertex -30.4901 70.9759 2
      vertex -30 61 2
      vertex -30 71 2
    endloop
  endfacet
  facet normal 0 0 1
    outer loop
      vertex -30.4901 70.9759 2
      vertex -30.4901 61.0241 2
      vertex -30 61 2
    endloop
  endfacet
  facet normal -0 0 1
    outer loop
      vertex -30.9755 70.9039 2
      vertex -30.4901 61.0241 2
      vertex -30.4901 70.9759 2
    endloop
  endfacet
  facet normal 0 0 1
    outer loop
      vertex -30.9755 70.9039 2
      vertex -30.9755 61.0961 2
      vertex -30.4901 61.0241 2
    endloop
  endfacet
  facet normal -0 0 1
    outer loop
      vertex -31.4514 70.7847 2
      vertex -30.9755 61.0961 2
      vertex -30.9755 70.9039 2
    endloop
  endfacet
  facet normal 0 0 1
    outer loop
      vertex -31.4514 70.7847 2
      vertex -31.4514 61.2153 2
      vertex -30.9755 61.0961 2
    endloop
  endfacet
  facet normal -0 0 1
    outer loop
      vertex -31.9134 70.6194 2
      vertex -31.4514 61.2153 2
      vertex -31.4514 70.7847 2
    endloop
  endfacet
  facet normal 0 0 1
    outer loop
      vertex -31.9134 70.6194 2
      vertex -31.9134 61.3806 2
      vertex -31.4514 61.2153 2
    endloop
  endfacet
  facet normal -0 0 1
    outer loop
      vertex -32.357 70.4096 2
      vertex -31.9134 61.3806 2
      vertex -31.9134 70.6194 2
    endloop
  endfacet
  facet normal 0 0 1
    outer loop
      vertex -32.357 70.4096 2
      vertex -32.357 61.5904 2
      vertex -31.9134 61.3806 2
    endloop
  endfacet
  facet normal -0 0 1
    outer loop
      vertex -32.7779 70.1573 2
      vertex -32.357 61.5904 2
      vertex -32.357 70.4096 2
    endloop
  endfacet
  facet normal 0 0 1
    outer loop
      vertex -32.7779 70.1573 2
      vertex -32.7779 61.8427 2
      vertex -32.357 61.5904 2
    endloop
  endfacet
  facet normal -0 0 1
    outer loop
      vertex -33.172 69.8651 2
      vertex -32.7779 61.8427 2
      vertex -32.7779 70.1573 2
    endloop
  endfacet
  facet normal 0 0 1
    outer loop
      vertex -33.172 69.8651 2
      vertex -33.172 62.1349 2
      vertex -32.7779 61.8427 2
    endloop
  endfacet
  facet normal -0 0 1
    outer loop
      vertex -33.5355 69.5355 2
      vertex -33.172 62.1349 2
      vertex -33.172 69.8651 2
    endloop
  endfacet
  facet normal 0 0 1
    outer loop
      vertex -33.5355 69.5355 2
      vertex -33.5355 62.4645 2
      vertex -33.172 62.1349 2
    endloop
  endfacet
  facet normal -0 0 1
    outer loop
      vertex -33.8651 69.172 2
      vertex -33.5355 62.4645 2
      vertex -33.5355 69.5355 2
    endloop
  endfacet
  facet normal 0 0 1
    outer loop
      vertex -33.8651 69.172 2
      vertex -33.8651 62.828 2
      vertex -33.5355 62.4645 2
    endloop
  endfacet
  facet normal -0 0 1
    outer loop
      vertex -34.1573 68.7778 2
      vertex -33.8651 62.828 2
      vertex -33.8651 69.172 2
    endloop
  endfacet
  facet normal 0 0 1
    outer loop
      vertex -34.1573 68.7778 2
      vertex -34.1573 63.2221 2
      vertex -33.8651 62.828 2
    endloop
  endfacet
  facet normal -0 0 1
    outer loop
      vertex -34.4096 68.357 2
      vertex -34.1573 63.2221 2
      vertex -34.1573 68.7778 2
    endloop
  endfacet
  facet normal 0 0 1
    outer loop
      vertex -34.4096 68.357 2
      vertex -34.4096 63.643 2
      vertex -34.1573 63.2221 2
    endloop
  endfacet
  facet normal -0 0 1
    outer loop
      vertex -34.6194 67.9134 2
      vertex -34.4096 63.643 2
      vertex -34.4096 68.357 2
    endloop
  endfacet
  facet normal 0 0 1
    outer loop
      vertex -34.6194 67.9134 2
      vertex -34.6194 64.0866 2
      vertex -34.4096 63.643 2
    endloop
  endfacet
  facet normal -0 0 1
    outer loop
      vertex -34.7847 67.4514 2
      vertex -34.6194 64.0866 2
      vertex -34.6194 67.9134 2
    endloop
  endfacet
  facet normal 0 0 1
    outer loop
      vertex -34.7847 67.4514 2
      vertex -34.7847 64.5486 2
      vertex -34.6194 64.0866 2
    endloop
  endfacet
  facet normal -0 0 1
    outer loop
      vertex -34.9039 66.9754 2
      vertex -34.7847 64.5486 2
      vertex -34.7847 67.4514 2
    endloop
  endfacet
  facet normal 0 0 1
    outer loop
      vertex -34.9039 66.9754 2
      vertex -34.9039 65.0246 2
      vertex -34.7847 64.5486 2
    endloop
  endfacet
  facet normal -0 0 1
    outer loop
      vertex -34.9759 66.4901 2
      vertex -34.9039 65.0246 2
      vertex -34.9039 66.9754 2
    endloop
  endfacet
  facet normal 0 0 1
    outer loop
      vertex -34.9759 66.4901 2
      vertex -34.9759 65.5099 2
      vertex -34.9039 65.0246 2
    endloop
  endfacet
  facet normal 0 -0 1
    outer loop
      vertex -34.9759 65.5099 2
      vertex -34.9759 66.4901 2
      vertex -35 66 2
    endloop
  endfacet
  facet normal -0.0491143 0.998793 0
    outer loop
      vertex -30 71 0
      vertex -30.4901 70.9759 2
      vertex -30 71 2
    endloop
  endfacet
  facet normal -0.0491143 0.998793 0
    outer loop
      vertex -30.4901 70.9759 2
      vertex -30 71 0
      vertex -30.4901 70.9759 0
    endloop
  endfacet
  facet normal 0.80329 -0.595588 0
    outer loop
      vertex -26.1349 62.828 2
      vertex -25.8427 63.2221 0
      vertex -25.8427 63.2221 2
    endloop
  endfacet
  facet normal 0.80329 -0.595588 0
    outer loop
      vertex -25.8427 63.2221 0
      vertex -26.1349 62.828 2
      vertex -26.1349 62.828 0
    endloop
  endfacet
  facet normal -0.595588 -0.80329 0
    outer loop
      vertex -33.172 62.1349 0
      vertex -32.7779 61.8427 2
      vertex -33.172 62.1349 2
    endloop
  endfacet
  facet normal -0.595588 -0.80329 -0
    outer loop
      vertex -32.7779 61.8427 2
      vertex -33.172 62.1349 0
      vertex -32.7779 61.8427 0
    endloop
  endfacet
  facet normal -0.740806 -0.671719 0
    outer loop
      vertex -33.5355 62.4645 0
      vertex -33.8651 62.828 2
      vertex -33.8651 62.828 0
    endloop
  endfacet
  facet normal -0.740806 -0.671719 0
    outer loop
      vertex -33.8651 62.828 2
      vertex -33.5355 62.4645 0
      vertex -33.5355 62.4645 2
    endloop
  endfacet
  facet normal -0.242967 -0.970034 0
    outer loop
      vertex -31.4514 61.2153 0
      vertex -30.9755 61.0961 2
      vertex -31.4514 61.2153 2
    endloop
  endfacet
  facet normal -0.242967 -0.970034 -0
    outer loop
      vertex -30.9755 61.0961 2
      vertex -31.4514 61.2153 0
      vertex -30.9755 61.0961 0
    endloop
  endfacet
  facet normal -0.857655 0.514226 0
    outer loop
      vertex -34.4096 68.357 0
      vertex -34.1573 68.7778 2
      vertex -34.1573 68.7778 0
    endloop
  endfacet
  facet normal -0.857655 0.514226 0
    outer loop
      vertex -34.1573 68.7778 2
      vertex -34.4096 68.357 0
      vertex -34.4096 68.357 2
    endloop
  endfacet
  facet normal 0.595588 -0.80329 0
    outer loop
      vertex -27.2221 61.8427 0
      vertex -26.828 62.1349 2
      vertex -27.2221 61.8427 2
    endloop
  endfacet
  facet normal 0.595588 -0.80329 0
    outer loop
      vertex -26.828 62.1349 2
      vertex -27.2221 61.8427 0
      vertex -26.828 62.1349 0
    endloop
  endfacet
  facet normal 0.336879 -0.941548 0
    outer loop
      vertex -28.5486 61.2153 0
      vertex -28.0866 61.3806 2
      vertex -28.5486 61.2153 2
    endloop
  endfacet
  facet normal 0.336879 -0.941548 0
    outer loop
      vertex -28.0866 61.3806 2
      vertex -28.5486 61.2153 0
      vertex -28.0866 61.3806 0
    endloop
  endfacet
  facet normal -0.970047 0.242919 0
    outer loop
      vertex -34.9039 66.9754 0
      vertex -34.7847 67.4514 2
      vertex -34.7847 67.4514 0
    endloop
  endfacet
  facet normal -0.970047 0.242919 0
    outer loop
      vertex -34.7847 67.4514 2
      vertex -34.9039 66.9754 0
      vertex -34.9039 66.9754 2
    endloop
  endfacet
  facet normal -0.514136 -0.857709 0
    outer loop
      vertex -32.7779 61.8427 0
      vertex -32.357 61.5904 2
      vertex -32.7779 61.8427 2
    endloop
  endfacet
  facet normal -0.514136 -0.857709 -0
    outer loop
      vertex -32.357 61.5904 2
      vertex -32.7779 61.8427 0
      vertex -32.357 61.5904 0
    endloop
  endfacet
  facet normal -0.903995 0.427543 0
    outer loop
      vertex -34.6194 67.9134 0
      vertex -34.4096 68.357 2
      vertex -34.4096 68.357 0
    endloop
  endfacet
  facet normal -0.903995 0.427543 0
    outer loop
      vertex -34.4096 68.357 2
      vertex -34.6194 67.9134 0
      vertex -34.6194 67.9134 2
    endloop
  endfacet
  facet normal -0.857709 -0.514136 0
    outer loop
      vertex -34.1573 63.2221 0
      vertex -34.4096 63.643 2
      vertex -34.4096 63.643 0
    endloop
  endfacet
  facet normal -0.857709 -0.514136 0
    outer loop
      vertex -34.4096 63.643 2
      vertex -34.1573 63.2221 0
      vertex -34.1573 63.2221 2
    endloop
  endfacet
  facet normal -0.146726 -0.989177 0
    outer loop
      vertex -30.9755 61.0961 0
      vertex -30.4901 61.0241 2
      vertex -30.9755 61.0961 2
    endloop
  endfacet
  facet normal -0.146726 -0.989177 -0
    outer loop
      vertex -30.4901 61.0241 2
      vertex -30.9755 61.0961 0
      vertex -30.4901 61.0241 0
    endloop
  endfacet
  facet normal -0.514136 0.857709 0
    outer loop
      vertex -32.357 70.4096 0
      vertex -32.7779 70.1573 2
      vertex -32.357 70.4096 2
    endloop
  endfacet
  facet normal -0.514136 0.857709 0
    outer loop
      vertex -32.7779 70.1573 2
      vertex -32.357 70.4096 0
      vertex -32.7779 70.1573 0
    endloop
  endfacet
  facet normal 0.671719 -0.740806 0
    outer loop
      vertex -26.828 62.1349 0
      vertex -26.4645 62.4645 2
      vertex -26.828 62.1349 2
    endloop
  endfacet
  facet normal 0.671719 -0.740806 0
    outer loop
      vertex -26.4645 62.4645 2
      vertex -26.828 62.1349 0
      vertex -26.4645 62.4645 0
    endloop
  endfacet
  facet normal -0.427543 -0.903995 0
    outer loop
      vertex -32.357 61.5904 0
      vertex -31.9134 61.3806 2
      vertex -32.357 61.5904 2
    endloop
  endfacet
  facet normal -0.427543 -0.903995 -0
    outer loop
      vertex -31.9134 61.3806 2
      vertex -32.357 61.5904 0
      vertex -31.9134 61.3806 0
    endloop
  endfacet
  facet normal -0.671719 -0.740806 0
    outer loop
      vertex -33.5355 62.4645 0
      vertex -33.172 62.1349 2
      vertex -33.5355 62.4645 2
    endloop
  endfacet
  facet normal -0.671719 -0.740806 -0
    outer loop
      vertex -33.172 62.1349 2
      vertex -33.5355 62.4645 0
      vertex -33.172 62.1349 0
    endloop
  endfacet
  facet normal 0 0 -1
    outer loop
      vertex -25.0241 65.5099 0
      vertex -25.0241 66.4901 0
      vertex -25 66 0
    endloop
  endfacet
  facet normal 0 0 -1
    outer loop
      vertex -25.0961 65.0246 0
      vertex -25.0241 66.4901 0
      vertex -25.0241 65.5099 0
    endloop
  endfacet
  facet normal 0 0 -1
    outer loop
      vertex -25.0961 65.0246 0
      vertex -25.0961 66.9754 0
      vertex -25.0241 66.4901 0
    endloop
  endfacet
  facet normal 0 0 -1
    outer loop
      vertex -25.2153 64.5486 0
      vertex -25.0961 66.9754 0
      vertex -25.0961 65.0246 0
    endloop
  endfacet
  facet normal 0 0 -1
    outer loop
      vertex -25.2153 64.5486 0
      vertex -25.2153 67.4514 0
      vertex -25.0961 66.9754 0
    endloop
  endfacet
  facet normal 0 0 -1
    outer loop
      vertex -25.3806 64.0866 0
      vertex -25.2153 67.4514 0
      vertex -25.2153 64.5486 0
    endloop
  endfacet
  facet normal 0 0 -1
    outer loop
      vertex -25.3806 64.0866 0
      vertex -25.3806 67.9134 0
      vertex -25.2153 67.4514 0
    endloop
  endfacet
  facet normal 0 0 -1
    outer loop
      vertex -25.5904 63.643 0
      vertex -25.3806 67.9134 0
      vertex -25.3806 64.0866 0
    endloop
  endfacet
  facet normal 0 0 -1
    outer loop
      vertex -25.5904 63.643 0
      vertex -25.5904 68.357 0
      vertex -25.3806 67.9134 0
    endloop
  endfacet
  facet normal 0 0 -1
    outer loop
      vertex -25.8427 63.2221 0
      vertex -25.5904 68.357 0
      vertex -25.5904 63.643 0
    endloop
  endfacet
  facet normal 0 0 -1
    outer loop
      vertex -25.8427 63.2221 0
      vertex -25.8427 68.7778 0
      vertex -25.5904 68.357 0
    endloop
  endfacet
  facet normal 0 0 -1
    outer loop
      vertex -26.1349 62.828 0
      vertex -25.8427 68.7778 0
      vertex -25.8427 63.2221 0
    endloop
  endfacet
  facet normal 0 0 -1
    outer loop
      vertex -26.1349 62.828 0
      vertex -26.1349 69.172 0
      vertex -25.8427 68.7778 0
    endloop
  endfacet
  facet normal 0 0 -1
    outer loop
      vertex -26.4645 62.4645 0
      vertex -26.1349 69.172 0
      vertex -26.1349 62.828 0
    endloop
  endfacet
  facet normal 0 0 -1
    outer loop
      vertex -26.4645 62.4645 0
      vertex -26.4645 69.5355 0
      vertex -26.1349 69.172 0
    endloop
  endfacet
  facet normal 0 0 -1
    outer loop
      vertex -26.828 62.1349 0
      vertex -26.4645 69.5355 0
      vertex -26.4645 62.4645 0
    endloop
  endfacet
  facet normal 0 0 -1
    outer loop
      vertex -26.828 62.1349 0
      vertex -26.828 69.8651 0
      vertex -26.4645 69.5355 0
    endloop
  endfacet
  facet normal 0 0 -1
    outer loop
      vertex -27.2221 61.8427 0
      vertex -26.828 69.8651 0
      vertex -26.828 62.1349 0
    endloop
  endfacet
  facet normal 0 0 -1
    outer loop
      vertex -27.2221 61.8427 0
      vertex -27.2221 70.1573 0
      vertex -26.828 69.8651 0
    endloop
  endfacet
  facet normal 0 0 -1
    outer loop
      vertex -27.643 61.5904 0
      vertex -27.2221 70.1573 0
      vertex -27.2221 61.8427 0
    endloop
  endfacet
  facet normal 0 0 -1
    outer loop
      vertex -27.643 61.5904 0
      vertex -27.643 70.4096 0
      vertex -27.2221 70.1573 0
    endloop
  endfacet
  facet normal 0 0 -1
    outer loop
      vertex -28.0866 61.3806 0
      vertex -27.643 70.4096 0
      vertex -27.643 61.5904 0
    endloop
  endfacet
  facet normal 0 0 -1
    outer loop
      vertex -28.0866 61.3806 0
      vertex -28.0866 70.6194 0
      vertex -27.643 70.4096 0
    endloop
  endfacet
  facet normal 0 0 -1
    outer loop
      vertex -28.5486 61.2153 0
      vertex -28.0866 70.6194 0
      vertex -28.0866 61.3806 0
    endloop
  endfacet
  facet normal 0 0 -1
    outer loop
      vertex -28.5486 61.2153 0
      vertex -28.5486 70.7847 0
      vertex -28.0866 70.6194 0
    endloop
  endfacet
  facet normal 0 0 -1
    outer loop
      vertex -29.0245 61.0961 0
      vertex -28.5486 70.7847 0
      vertex -28.5486 61.2153 0
    endloop
  endfacet
  facet normal 0 0 -1
    outer loop
      vertex -29.0245 61.0961 0
      vertex -29.0245 70.9039 0
      vertex -28.5486 70.7847 0
    endloop
  endfacet
  facet normal 0 0 -1
    outer loop
      vertex -29.5099 61.0241 0
      vertex -29.0245 70.9039 0
      vertex -29.0245 61.0961 0
    endloop
  endfacet
  facet normal 0 0 -1
    outer loop
      vertex -29.5099 61.0241 0
      vertex -29.5099 70.9759 0
      vertex -29.0245 70.9039 0
    endloop
  endfacet
  facet normal 0 0 -1
    outer loop
      vertex -30 61 0
      vertex -29.5099 70.9759 0
      vertex -29.5099 61.0241 0
    endloop
  endfacet
  facet normal 0 0 -1
    outer loop
      vertex -30 61 0
      vertex -30 71 0
      vertex -29.5099 70.9759 0
    endloop
  endfacet
  facet normal 0 0 -1
    outer loop
      vertex -30.4901 61.0241 0
      vertex -30 71 0
      vertex -30 61 0
    endloop
  endfacet
  facet normal 0 0 -1
    outer loop
      vertex -30.4901 61.0241 0
      vertex -30.4901 70.9759 0
      vertex -30 71 0
    endloop
  endfacet
  facet normal 0 0 -1
    outer loop
      vertex -30.9755 61.0961 0
      vertex -30.4901 70.9759 0
      vertex -30.4901 61.0241 0
    endloop
  endfacet
  facet normal 0 0 -1
    outer loop
      vertex -30.9755 61.0961 0
      vertex -30.9755 70.9039 0
      vertex -30.4901 70.9759 0
    endloop
  endfacet
  facet normal 0 0 -1
    outer loop
      vertex -31.4514 61.2153 0
      vertex -30.9755 70.9039 0
      vertex -30.9755 61.0961 0
    endloop
  endfacet
  facet normal 0 0 -1
    outer loop
      vertex -31.4514 61.2153 0
      vertex -31.4514 70.7847 0
      vertex -30.9755 70.9039 0
    endloop
  endfacet
  facet normal 0 0 -1
    outer loop
      vertex -31.9134 61.3806 0
      vertex -31.4514 70.7847 0
      vertex -31.4514 61.2153 0
    endloop
  endfacet
  facet normal 0 0 -1
    outer loop
      vertex -31.9134 61.3806 0
      vertex -31.9134 70.6194 0
      vertex -31.4514 70.7847 0
    endloop
  endfacet
  facet normal 0 0 -1
    outer loop
      vertex -32.357 61.5904 0
      vertex -31.9134 70.6194 0
      vertex -31.9134 61.3806 0
    endloop
  endfacet
  facet normal 0 0 -1
    outer loop
      vertex -32.357 61.5904 0
      vertex -32.357 70.4096 0
      vertex -31.9134 70.6194 0
    endloop
  endfacet
  facet normal 0 0 -1
    outer loop
      vertex -32.7779 61.8427 0
      vertex -32.357 70.4096 0
      vertex -32.357 61.5904 0
    endloop
  endfacet
  facet normal 0 0 -1
    outer loop
      vertex -32.7779 61.8427 0
      vertex -32.7779 70.1573 0
      vertex -32.357 70.4096 0
    endloop
  endfacet
  facet normal 0 0 -1
    outer loop
      vertex -33.172 62.1349 0
      vertex -32.7779 70.1573 0
      vertex -32.7779 61.8427 0
    endloop
  endfacet
  facet normal 0 0 -1
    outer loop
      vertex -33.172 62.1349 0
      vertex -33.172 69.8651 0
      vertex -32.7779 70.1573 0
    endloop
  endfacet
  facet normal 0 0 -1
    outer loop
      vertex -33.5355 62.4645 0
      vertex -33.172 69.8651 0
      vertex -33.172 62.1349 0
    endloop
  endfacet
  facet normal 0 0 -1
    outer loop
      vertex -33.5355 62.4645 0
      vertex -33.5355 69.5355 0
      vertex -33.172 69.8651 0
    endloop
  endfacet
  facet normal 0 0 -1
    outer loop
      vertex -33.8651 62.828 0
      vertex -33.5355 69.5355 0
      vertex -33.5355 62.4645 0
    endloop
  endfacet
  facet normal 0 0 -1
    outer loop
      vertex -33.8651 62.828 0
      vertex -33.8651 69.172 0
      vertex -33.5355 69.5355 0
    endloop
  endfacet
  facet normal 0 0 -1
    outer loop
      vertex -34.1573 63.2221 0
      vertex -33.8651 69.172 0
      vertex -33.8651 62.828 0
    endloop
  endfacet
  facet normal 0 0 -1
    outer loop
      vertex -34.1573 63.2221 0
      vertex -34.1573 68.7778 0
      vertex -33.8651 69.172 0
    endloop
  endfacet
  facet normal 0 0 -1
    outer loop
      vertex -34.4096 63.643 0
      vertex -34.1573 68.7778 0
      vertex -34.1573 63.2221 0
    endloop
  endfacet
  facet normal 0 0 -1
    outer loop
      vertex -34.4096 63.643 0
      vertex -34.4096 68.357 0
      vertex -34.1573 68.7778 0
    endloop
  endfacet
  facet normal 0 0 -1
    outer loop
      vertex -34.6194 64.0866 0
      vertex -34.4096 68.357 0
      vertex -34.4096 63.643 0
    endloop
  endfacet
  facet normal 0 0 -1
    outer loop
      vertex -34.6194 64.0866 0
      vertex -34.6194 67.9134 0
      vertex -34.4096 68.357 0
    endloop
  endfacet
  facet normal 0 0 -1
    outer loop
      vertex -34.7847 64.5486 0
      vertex -34.6194 67.9134 0
      vertex -34.6194 64.0866 0
    endloop
  endfacet
  facet normal 0 0 -1
    outer loop
      vertex -34.7847 64.5486 0
      vertex -34.7847 67.4514 0
      vertex -34.6194 67.9134 0
    endloop
  endfacet
  facet normal 0 0 -1
    outer loop
      vertex -34.9039 65.0246 0
      vertex -34.7847 67.4514 0
      vertex -34.7847 64.5486 0
    endloop
  endfacet
  facet normal 0 0 -1
    outer loop
      vertex -34.9039 65.0246 0
      vertex -34.9039 66.9754 0
      vertex -34.7847 67.4514 0
    endloop
  endfacet
  facet normal 0 0 -1
    outer loop
      vertex -34.9759 65.5099 0
      vertex -34.9039 66.9754 0
      vertex -34.9039 65.0246 0
    endloop
  endfacet
  facet normal 0 0 -1
    outer loop
      vertex -34.9759 65.5099 0
      vertex -34.9759 66.4901 0
      vertex -34.9039 66.9754 0
    endloop
  endfacet
  facet normal 0 -0 -1
    outer loop
      vertex -34.9759 66.4901 0
      vertex -34.9759 65.5099 0
      vertex -35 66 0
    endloop
  endfacet
  facet normal 0.989176 0.146736 0
    outer loop
      vertex -5.02408 66.4901 2
      vertex -5.09607 66.9754 0
      vertex -5.09607 66.9754 2
    endloop
  endfacet
  facet normal 0.989176 0.146736 0
    outer loop
      vertex -5.09607 66.9754 0
      vertex -5.02408 66.4901 2
      vertex -5.02408 66.4901 0
    endloop
  endfacet
  facet normal 0.998795 0.0490736 0
    outer loop
      vertex -5 66 2
      vertex -5.02408 66.4901 0
      vertex -5.02408 66.4901 2
    endloop
  endfacet
  facet normal 0.998795 0.0490736 0
    outer loop
      vertex -5.02408 66.4901 0
      vertex -5 66 2
      vertex -5 66 0
    endloop
  endfacet
  facet normal 0.970032 0.242977 0
    outer loop
      vertex -5.09607 66.9754 2
      vertex -5.2153 67.4514 0
      vertex -5.2153 67.4514 2
    endloop
  endfacet
  facet normal 0.970032 0.242977 0
    outer loop
      vertex -5.2153 67.4514 0
      vertex -5.09607 66.9754 2
      vertex -5.09607 66.9754 0
    endloop
  endfacet
  facet normal 0.146738 0.989175 -0
    outer loop
      vertex -9.02455 70.9039 0
      vertex -9.50991 70.9759 2
      vertex -9.02455 70.9039 2
    endloop
  endfacet
  facet normal 0.146738 0.989175 0
    outer loop
      vertex -9.50991 70.9759 2
      vertex -9.02455 70.9039 0
      vertex -9.50991 70.9759 0
    endloop
  endfacet
  facet normal 0.0491153 -0.998793 0
    outer loop
      vertex -10 61 0
      vertex -9.50991 61.0241 2
      vertex -10 61 2
    endloop
  endfacet
  facet normal 0.0491153 -0.998793 0
    outer loop
      vertex -9.50991 61.0241 2
      vertex -10 61 0
      vertex -9.50991 61.0241 0
    endloop
  endfacet
  facet normal 0.989176 -0.146736 0
    outer loop
      vertex -5.09607 65.0246 2
      vertex -5.02408 65.5099 0
      vertex -5.02408 65.5099 2
    endloop
  endfacet
  facet normal 0.989176 -0.146736 0
    outer loop
      vertex -5.02408 65.5099 0
      vertex -5.09607 65.0246 2
      vertex -5.09607 65.0246 0
    endloop
  endfacet
  facet normal 0.146738 -0.989175 0
    outer loop
      vertex -9.50991 61.0241 0
      vertex -9.02455 61.0961 2
      vertex -9.50991 61.0241 2
    endloop
  endfacet
  facet normal 0.146738 -0.989175 0
    outer loop
      vertex -9.02455 61.0961 2
      vertex -9.50991 61.0241 0
      vertex -9.02455 61.0961 0
    endloop
  endfacet
  facet normal 0.857691 0.514166 0
    outer loop
      vertex -5.59039 68.357 2
      vertex -5.84265 68.7778 0
      vertex -5.84265 68.7778 2
    endloop
  endfacet
  facet normal 0.857691 0.514166 0
    outer loop
      vertex -5.84265 68.7778 0
      vertex -5.59039 68.357 2
      vertex -5.59039 68.357 0
    endloop
  endfacet
  facet normal -0.0491143 -0.998793 0
    outer loop
      vertex -10.4901 61.0241 0
      vertex -10 61 2
      vertex -10.4901 61.0241 2
    endloop
  endfacet
  facet normal -0.0491143 -0.998793 -0
    outer loop
      vertex -10 61 2
      vertex -10.4901 61.0241 0
      vertex -10 61 0
    endloop
  endfacet
  facet normal 0.740887 0.671629 0
    outer loop
      vertex -6.13495 69.172 2
      vertex -6.46447 69.5355 0
      vertex -6.46447 69.5355 2
    endloop
  endfacet
  facet normal 0.740887 0.671629 0
    outer loop
      vertex -6.46447 69.5355 0
      vertex -6.13495 69.172 2
      vertex -6.13495 69.172 0
    endloop
  endfacet
  facet normal 0.904003 0.427526 0
    outer loop
      vertex -5.3806 67.9134 2
      vertex -5.59039 68.357 0
      vertex -5.59039 68.357 2
    endloop
  endfacet
  facet normal 0.904003 0.427526 0
    outer loop
      vertex -5.59039 68.357 0
      vertex -5.3806 67.9134 2
      vertex -5.3806 67.9134 0
    endloop
  endfacet
  facet normal -0.970047 -0.242919 0
    outer loop
      vertex -14.7847 64.5486 0
      vertex -14.9039 65.0246 2
      vertex -14.9039 65.0246 0
    endloop
  endfacet
  facet normal -0.970047 -0.242919 0
    outer loop
      vertex -14.9039 65.0246 2
      vertex -14.7847 64.5486 0
      vertex -14.7847 64.5486 2
    endloop
  endfacet
  facet normal -0.427543 0.903995 0
    outer loop
      vertex -11.9134 70.6194 0
      vertex -12.357 70.4096 2
      vertex -11.9134 70.6194 2
    endloop
  endfacet
  facet normal -0.427543 0.903995 0
    outer loop
      vertex -12.357 70.4096 2
      vertex -11.9134 70.6194 0
      vertex -12.357 70.4096 0
    endloop
  endfacet
  facet normal -0.803362 0.595491 0
    outer loop
      vertex -14.1573 68.7778 0
      vertex -13.8651 69.172 2
      vertex -13.8651 69.172 0
    endloop
  endfacet
  facet normal -0.803362 0.595491 0
    outer loop
      vertex -13.8651 69.172 2
      vertex -14.1573 68.7778 0
      vertex -14.1573 68.7778 2
    endloop
  endfacet
  facet normal -0.336879 -0.941548 0
    outer loop
      vertex -11.9134 61.3806 0
      vertex -11.4514 61.2153 2
      vertex -11.9134 61.3806 2
    endloop
  endfacet
  facet normal -0.336879 -0.941548 -0
    outer loop
      vertex -11.4514 61.2153 2
      vertex -11.9134 61.3806 0
      vertex -11.4514 61.2153 0
    endloop
  endfacet
  facet normal -0.989173 0.146755 0
    outer loop
      vertex -14.9759 66.4901 0
      vertex -14.9039 66.9754 2
      vertex -14.9039 66.9754 0
    endloop
  endfacet
  facet normal -0.989173 0.146755 0
    outer loop
      vertex -14.9039 66.9754 2
      vertex -14.9759 66.4901 0
      vertex -14.9759 66.4901 2
    endloop
  endfacet
  facet normal -0.242967 0.970034 0
    outer loop
      vertex -10.9755 70.9039 0
      vertex -11.4514 70.7847 2
      vertex -10.9755 70.9039 2
    endloop
  endfacet
  facet normal -0.242967 0.970034 0
    outer loop
      vertex -11.4514 70.7847 2
      vertex -10.9755 70.9039 0
      vertex -11.4514 70.7847 0
    endloop
  endfacet
  facet normal -0.740806 0.671719 0
    outer loop
      vertex -13.8651 69.172 0
      vertex -13.5355 69.5355 2
      vertex -13.5355 69.5355 0
    endloop
  endfacet
  facet normal -0.740806 0.671719 0
    outer loop
      vertex -13.5355 69.5355 2
      vertex -13.8651 69.172 0
      vertex -13.8651 69.172 2
    endloop
  endfacet
  facet normal 0.998795 -0.0490736 0
    outer loop
      vertex -5.02408 65.5099 2
      vertex -5 66 0
      vertex -5 66 2
    endloop
  endfacet
  facet normal 0.998795 -0.0490736 0
    outer loop
      vertex -5 66 0
      vertex -5.02408 65.5099 2
      vertex -5.02408 65.5099 0
    endloop
  endfacet
  facet normal -0.903995 0.427543 0
    outer loop
      vertex -14.6194 67.9134 0
      vertex -14.4096 68.357 2
      vertex -14.4096 68.357 0
    endloop
  endfacet
  facet normal -0.903995 0.427543 0
    outer loop
      vertex -14.4096 68.357 2
      vertex -14.6194 67.9134 0
      vertex -14.6194 67.9134 2
    endloop
  endfacet
  facet normal 0.970032 -0.242977 0
    outer loop
      vertex -5.2153 64.5486 2
      vertex -5.09607 65.0246 0
      vertex -5.09607 65.0246 2
    endloop
  endfacet
  facet normal 0.970032 -0.242977 0
    outer loop
      vertex -5.09607 65.0246 0
      vertex -5.2153 64.5486 2
      vertex -5.2153 64.5486 0
    endloop
  endfacet
  facet normal 0.803265 0.595622 0
    outer loop
      vertex -5.84265 68.7778 2
      vertex -6.13495 69.172 0
      vertex -6.13495 69.172 2
    endloop
  endfacet
  facet normal 0.803265 0.595622 0
    outer loop
      vertex -6.13495 69.172 0
      vertex -5.84265 68.7778 2
      vertex -5.84265 68.7778 0
    endloop
  endfacet
  facet normal 0.427575 -0.90398 0
    outer loop
      vertex -8.08658 61.3806 0
      vertex -7.64302 61.5904 2
      vertex -8.08658 61.3806 2
    endloop
  endfacet
  facet normal 0.427575 -0.90398 0
    outer loop
      vertex -7.64302 61.5904 2
      vertex -8.08658 61.3806 0
      vertex -7.64302 61.5904 0
    endloop
  endfacet
  facet normal -0.998793 -0.0491143 0
    outer loop
      vertex -14.9759 65.5099 0
      vertex -15 66 2
      vertex -15 66 0
    endloop
  endfacet
  facet normal -0.998793 -0.0491143 0
    outer loop
      vertex -15 66 2
      vertex -14.9759 65.5099 0
      vertex -14.9759 65.5099 2
    endloop
  endfacet
  facet normal 0.336879 0.941548 -0
    outer loop
      vertex -8.08658 70.6194 0
      vertex -8.54858 70.7847 2
      vertex -8.08658 70.6194 2
    endloop
  endfacet
  facet normal 0.336879 0.941548 0
    outer loop
      vertex -8.54858 70.7847 2
      vertex -8.08658 70.6194 0
      vertex -8.54858 70.7847 0
    endloop
  endfacet
  facet normal -0.998793 0.0491143 0
    outer loop
      vertex -15 66 0
      vertex -14.9759 66.4901 2
      vertex -14.9759 66.4901 0
    endloop
  endfacet
  facet normal -0.998793 0.0491143 0
    outer loop
      vertex -14.9759 66.4901 2
      vertex -15 66 0
      vertex -15 66 2
    endloop
  endfacet
  facet normal 0.336879 -0.941548 0
    outer loop
      vertex -8.54858 61.2153 0
      vertex -8.08658 61.3806 2
      vertex -8.54858 61.2153 2
    endloop
  endfacet
  facet normal 0.336879 -0.941548 0
    outer loop
      vertex -8.08658 61.3806 2
      vertex -8.54858 61.2153 0
      vertex -8.08658 61.3806 0
    endloop
  endfacet
  facet normal -0.941548 -0.336879 0
    outer loop
      vertex -14.6194 64.0866 0
      vertex -14.7847 64.5486 2
      vertex -14.7847 64.5486 0
    endloop
  endfacet
  facet normal -0.941548 -0.336879 0
    outer loop
      vertex -14.7847 64.5486 2
      vertex -14.6194 64.0866 0
      vertex -14.6194 64.0866 2
    endloop
  endfacet
  facet normal -0.146726 0.989177 0
    outer loop
      vertex -10.4901 70.9759 0
      vertex -10.9755 70.9039 2
      vertex -10.4901 70.9759 2
    endloop
  endfacet
  facet normal -0.146726 0.989177 0
    outer loop
      vertex -10.9755 70.9039 2
      vertex -10.4901 70.9759 0
      vertex -10.9755 70.9039 0
    endloop
  endfacet
  facet normal -0.0491143 0.998793 0
    outer loop
      vertex -10 71 0
      vertex -10.4901 70.9759 2
      vertex -10 71 2
    endloop
  endfacet
  facet normal -0.0491143 0.998793 0
    outer loop
      vertex -10.4901 70.9759 2
      vertex -10 71 0
      vertex -10.4901 70.9759 0
    endloop
  endfacet
  facet normal 0.740887 -0.671629 0
    outer loop
      vertex -6.46447 62.4645 2
      vertex -6.13495 62.828 0
      vertex -6.13495 62.828 2
    endloop
  endfacet
  facet normal 0.740887 -0.671629 0
    outer loop
      vertex -6.13495 62.828 0
      vertex -6.46447 62.4645 2
      vertex -6.46447 62.4645 0
    endloop
  endfacet
  facet normal 0.671658 0.740861 -0
    outer loop
      vertex -6.46447 69.5355 0
      vertex -6.82803 69.8651 2
      vertex -6.46447 69.5355 2
    endloop
  endfacet
  facet normal 0.671658 0.740861 0
    outer loop
      vertex -6.82803 69.8651 2
      vertex -6.46447 69.5355 0
      vertex -6.82803 69.8651 0
    endloop
  endfacet
  facet normal 0.595569 0.803304 -0
    outer loop
      vertex -6.82803 69.8651 0
      vertex -7.22215 70.1573 2
      vertex -6.82803 69.8651 2
    endloop
  endfacet
  facet normal 0.595569 0.803304 0
    outer loop
      vertex -7.22215 70.1573 2
      vertex -6.82803 69.8651 0
      vertex -7.22215 70.1573 0
    endloop
  endfacet
  facet normal 0.941548 -0.336879 0
    outer loop
      vertex -5.3806 64.0866 2
      vertex -5.2153 64.5486 0
      vertex -5.2153 64.5486 2
    endloop
  endfacet
  facet normal 0.941548 -0.336879 0
    outer loop
      vertex -5.2153 64.5486 0
      vertex -5.3806 64.0866 2
      vertex -5.3806 64.0866 0
    endloop
  endfacet
  facet normal -0.989173 -0.146755 0
    outer loop
      vertex -14.9039 65.0246 0
      vertex -14.9759 65.5099 2
      vertex -14.9759 65.5099 0
    endloop
  endfacet
  facet normal -0.989173 -0.146755 0
    outer loop
      vertex -14.9759 65.5099 2
      vertex -14.9039 65.0246 0
      vertex -14.9039 65.0246 2
    endloop
  endfacet
  facet normal -0.146726 -0.989177 0
    outer loop
      vertex -10.9755 61.0961 0
      vertex -10.4901 61.0241 2
      vertex -10.9755 61.0961 2
    endloop
  endfacet
  facet normal -0.146726 -0.989177 -0
    outer loop
      vertex -10.4901 61.0241 2
      vertex -10.9755 61.0961 0
      vertex -10.4901 61.0241 0
    endloop
  endfacet
  facet normal 0.514163 0.857692 -0
    outer loop
      vertex -7.22215 70.1573 0
      vertex -7.64302 70.4096 2
      vertex -7.22215 70.1573 2
    endloop
  endfacet
  facet normal 0.514163 0.857692 0
    outer loop
      vertex -7.64302 70.4096 2
      vertex -7.22215 70.1573 0
      vertex -7.64302 70.4096 0
    endloop
  endfacet
  facet normal 0.857745 -0.514076 0
    outer loop
      vertex -5.84265 63.2221 2
      vertex -5.59039 63.643 0
      vertex -5.59039 63.643 2
    endloop
  endfacet
  facet normal 0.857745 -0.514076 0
    outer loop
      vertex -5.59039 63.643 0
      vertex -5.84265 63.2221 2
      vertex -5.84265 63.2221 0
    endloop
  endfacet
  facet normal 0.941548 0.336879 0
    outer loop
      vertex -5.2153 67.4514 2
      vertex -5.3806 67.9134 0
      vertex -5.3806 67.9134 2
    endloop
  endfacet
  facet normal 0.941548 0.336879 0
    outer loop
      vertex -5.3806 67.9134 0
      vertex -5.2153 67.4514 2
      vertex -5.2153 67.4514 0
    endloop
  endfacet
  facet normal 0.904003 -0.427526 0
    outer loop
      vertex -5.59039 63.643 2
      vertex -5.3806 64.0866 0
      vertex -5.3806 64.0866 2
    endloop
  endfacet
  facet normal 0.904003 -0.427526 0
    outer loop
      vertex -5.3806 64.0866 0
      vertex -5.59039 63.643 2
      vertex -5.59039 63.643 0
    endloop
  endfacet
  facet normal 0.242934 -0.970043 0
    outer loop
      vertex -9.02455 61.0961 0
      vertex -8.54858 61.2153 2
      vertex -9.02455 61.0961 2
    endloop
  endfacet
  facet normal 0.242934 -0.970043 0
    outer loop
      vertex -8.54858 61.2153 2
      vertex -9.02455 61.0961 0
      vertex -8.54858 61.2153 0
    endloop
  endfacet
  facet normal 0.242934 0.970043 -0
    outer loop
      vertex -8.54858 70.7847 0
      vertex -9.02455 70.9039 2
      vertex -8.54858 70.7847 2
    endloop
  endfacet
  facet normal 0.242934 0.970043 0
    outer loop
      vertex -9.02455 70.9039 2
      vertex -8.54858 70.7847 0
      vertex -9.02455 70.9039 0
    endloop
  endfacet
  facet normal 0.0491153 0.998793 -0
    outer loop
      vertex -9.50991 70.9759 0
      vertex -10 71 2
      vertex -9.50991 70.9759 2
    endloop
  endfacet
  facet normal 0.0491153 0.998793 0
    outer loop
      vertex -10 71 2
      vertex -9.50991 70.9759 0
      vertex -10 71 0
    endloop
  endfacet
  facet normal -0.595588 0.80329 0
    outer loop
      vertex -12.7779 70.1573 0
      vertex -13.172 69.8651 2
      vertex -12.7779 70.1573 2
    endloop
  endfacet
  facet normal -0.595588 0.80329 0
    outer loop
      vertex -13.172 69.8651 2
      vertex -12.7779 70.1573 0
      vertex -13.172 69.8651 0
    endloop
  endfacet
  facet normal 0.427575 0.90398 -0
    outer loop
      vertex -7.64302 70.4096 0
      vertex -8.08658 70.6194 2
      vertex -7.64302 70.4096 2
    endloop
  endfacet
  facet normal 0.427575 0.90398 0
    outer loop
      vertex -8.08658 70.6194 2
      vertex -7.64302 70.4096 0
      vertex -8.08658 70.6194 0
    endloop
  endfacet
  facet normal -0.941548 0.336879 0
    outer loop
      vertex -14.7847 67.4514 0
      vertex -14.6194 67.9134 2
      vertex -14.6194 67.9134 0
    endloop
  endfacet
  facet normal -0.941548 0.336879 0
    outer loop
      vertex -14.6194 67.9134 2
      vertex -14.7847 67.4514 0
      vertex -14.7847 67.4514 2
    endloop
  endfacet
  facet normal -0.671719 0.740806 0
    outer loop
      vertex -13.172 69.8651 0
      vertex -13.5355 69.5355 2
      vertex -13.172 69.8651 2
    endloop
  endfacet
  facet normal -0.671719 0.740806 0
    outer loop
      vertex -13.5355 69.5355 2
      vertex -13.172 69.8651 0
      vertex -13.5355 69.5355 0
    endloop
  endfacet
  facet normal -0.903995 -0.427543 0
    outer loop
      vertex -14.4096 63.643 0
      vertex -14.6194 64.0866 2
      vertex -14.6194 64.0866 0
    endloop
  endfacet
  facet normal -0.903995 -0.427543 0
    outer loop
      vertex -14.6194 64.0866 2
      vertex -14.4096 63.643 0
      vertex -14.4096 63.643 2
    endloop
  endfacet
  facet normal -0.80329 -0.595588 0
    outer loop
      vertex -13.8651 62.828 0
      vertex -14.1573 63.2221 2
      vertex -14.1573 63.2221 0
    endloop
  endfacet
  facet normal -0.80329 -0.595588 0
    outer loop
      vertex -14.1573 63.2221 2
      vertex -13.8651 62.828 0
      vertex -13.8651 62.828 2
    endloop
  endfacet
  facet normal 0.514163 -0.857692 0
    outer loop
      vertex -7.64302 61.5904 0
      vertex -7.22215 61.8427 2
      vertex -7.64302 61.5904 2
    endloop
  endfacet
  facet normal 0.514163 -0.857692 0
    outer loop
      vertex -7.22215 61.8427 2
      vertex -7.64302 61.5904 0
      vertex -7.22215 61.8427 0
    endloop
  endfacet
  facet normal -0.740806 -0.671719 0
    outer loop
      vertex -13.5355 62.4645 0
      vertex -13.8651 62.828 2
      vertex -13.8651 62.828 0
    endloop
  endfacet
  facet normal -0.740806 -0.671719 0
    outer loop
      vertex -13.8651 62.828 2
      vertex -13.5355 62.4645 0
      vertex -13.5355 62.4645 2
    endloop
  endfacet
  facet normal -0.336879 0.941548 0
    outer loop
      vertex -11.4514 70.7847 0
      vertex -11.9134 70.6194 2
      vertex -11.4514 70.7847 2
    endloop
  endfacet
  facet normal -0.336879 0.941548 0
    outer loop
      vertex -11.9134 70.6194 2
      vertex -11.4514 70.7847 0
      vertex -11.9134 70.6194 0
    endloop
  endfacet
  facet normal 0 0 1
    outer loop
      vertex -5.02408 66.4901 2
      vertex -5.02408 65.5099 2
      vertex -5 66 2
    endloop
  endfacet
  facet normal 0 0 1
    outer loop
      vertex -5.09607 66.9754 2
      vertex -5.02408 65.5099 2
      vertex -5.02408 66.4901 2
    endloop
  endfacet
  facet normal 0 0 1
    outer loop
      vertex -5.09607 66.9754 2
      vertex -5.09607 65.0246 2
      vertex -5.02408 65.5099 2
    endloop
  endfacet
  facet normal 0 0 1
    outer loop
      vertex -5.2153 67.4514 2
      vertex -5.09607 65.0246 2
      vertex -5.09607 66.9754 2
    endloop
  endfacet
  facet normal 0 0 1
    outer loop
      vertex -5.2153 67.4514 2
      vertex -5.2153 64.5486 2
      vertex -5.09607 65.0246 2
    endloop
  endfacet
  facet normal 0 0 1
    outer loop
      vertex -5.3806 67.9134 2
      vertex -5.2153 64.5486 2
      vertex -5.2153 67.4514 2
    endloop
  endfacet
  facet normal 0 0 1
    outer loop
      vertex -5.3806 67.9134 2
      vertex -5.3806 64.0866 2
      vertex -5.2153 64.5486 2
    endloop
  endfacet
  facet normal 0 0 1
    outer loop
      vertex -5.59039 68.357 2
      vertex -5.3806 64.0866 2
      vertex -5.3806 67.9134 2
    endloop
  endfacet
  facet normal 0 0 1
    outer loop
      vertex -5.59039 68.357 2
      vertex -5.59039 63.643 2
      vertex -5.3806 64.0866 2
    endloop
  endfacet
  facet normal 0 0 1
    outer loop
      vertex -5.84265 68.7778 2
      vertex -5.59039 63.643 2
      vertex -5.59039 68.357 2
    endloop
  endfacet
  facet normal 0 0 1
    outer loop
      vertex -5.84265 68.7778 2
      vertex -5.84265 63.2221 2
      vertex -5.59039 63.643 2
    endloop
  endfacet
  facet normal 0 0 1
    outer loop
      vertex -6.13495 69.172 2
      vertex -5.84265 63.2221 2
      vertex -5.84265 68.7778 2
    endloop
  endfacet
  facet normal 0 0 1
    outer loop
      vertex -6.13495 69.172 2
      vertex -6.13495 62.828 2
      vertex -5.84265 63.2221 2
    endloop
  endfacet
  facet normal 0 0 1
    outer loop
      vertex -6.46447 69.5355 2
      vertex -6.13495 62.828 2
      vertex -6.13495 69.172 2
    endloop
  endfacet
  facet normal 0 0 1
    outer loop
      vertex -6.46447 69.5355 2
      vertex -6.46447 62.4645 2
      vertex -6.13495 62.828 2
    endloop
  endfacet
  facet normal 0 0 1
    outer loop
      vertex -6.82803 69.8651 2
      vertex -6.46447 62.4645 2
      vertex -6.46447 69.5355 2
    endloop
  endfacet
  facet normal 0 0 1
    outer loop
      vertex -6.82803 69.8651 2
      vertex -6.82803 62.1349 2
      vertex -6.46447 62.4645 2
    endloop
  endfacet
  facet normal 0 0 1
    outer loop
      vertex -7.22215 70.1573 2
      vertex -6.82803 62.1349 2
      vertex -6.82803 69.8651 2
    endloop
  endfacet
  facet normal 0 0 1
    outer loop
      vertex -7.22215 70.1573 2
      vertex -7.22215 61.8427 2
      vertex -6.82803 62.1349 2
    endloop
  endfacet
  facet normal 0 0 1
    outer loop
      vertex -7.64302 70.4096 2
      vertex -7.22215 61.8427 2
      vertex -7.22215 70.1573 2
    endloop
  endfacet
  facet normal 0 0 1
    outer loop
      vertex -7.64302 70.4096 2
      vertex -7.64302 61.5904 2
      vertex -7.22215 61.8427 2
    endloop
  endfacet
  facet normal 0 0 1
    outer loop
      vertex -8.08658 70.6194 2
      vertex -7.64302 61.5904 2
      vertex -7.64302 70.4096 2
    endloop
  endfacet
  facet normal 0 0 1
    outer loop
      vertex -8.08658 70.6194 2
      vertex -8.08658 61.3806 2
      vertex -7.64302 61.5904 2
    endloop
  endfacet
  facet normal 0 0 1
    outer loop
      vertex -8.54858 70.7847 2
      vertex -8.08658 61.3806 2
      vertex -8.08658 70.6194 2
    endloop
  endfacet
  facet normal 0 0 1
    outer loop
      vertex -8.54858 70.7847 2
      vertex -8.54858 61.2153 2
      vertex -8.08658 61.3806 2
    endloop
  endfacet
  facet normal 0 0 1
    outer loop
      vertex -9.02455 70.9039 2
      vertex -8.54858 61.2153 2
      vertex -8.54858 70.7847 2
    endloop
  endfacet
  facet normal 0 0 1
    outer loop
      vertex -9.02455 70.9039 2
      vertex -9.02455 61.0961 2
      vertex -8.54858 61.2153 2
    endloop
  endfacet
  facet normal 0 0 1
    outer loop
      vertex -9.50991 70.9759 2
      vertex -9.02455 61.0961 2
      vertex -9.02455 70.9039 2
    endloop
  endfacet
  facet normal 0 0 1
    outer loop
      vertex -9.50991 70.9759 2
      vertex -9.50991 61.0241 2
      vertex -9.02455 61.0961 2
    endloop
  endfacet
  facet normal 0 0 1
    outer loop
      vertex -10 71 2
      vertex -9.50991 61.0241 2
      vertex -9.50991 70.9759 2
    endloop
  endfacet
  facet normal 0 0 1
    outer loop
      vertex -10 71 2
      vertex -10 61 2
      vertex -9.50991 61.0241 2
    endloop
  endfacet
  facet normal -0 0 1
    outer loop
      vertex -10.4901 70.9759 2
      vertex -10 61 2
      vertex -10 71 2
    endloop
  endfacet
  facet normal 0 0 1
    outer loop
      vertex -10.4901 70.9759 2
      vertex -10.4901 61.0241 2
      vertex -10 61 2
    endloop
  endfacet
  facet normal -0 0 1
    outer loop
      vertex -10.9755 70.9039 2
      vertex -10.4901 61.0241 2
      vertex -10.4901 70.9759 2
    endloop
  endfacet
  facet normal 0 0 1
    outer loop
      vertex -10.9755 70.9039 2
      vertex -10.9755 61.0961 2
      vertex -10.4901 61.0241 2
    endloop
  endfacet
  facet normal -0 0 1
    outer loop
      vertex -11.4514 70.7847 2
      vertex -10.9755 61.0961 2
      vertex -10.9755 70.9039 2
    endloop
  endfacet
  facet normal 0 0 1
    outer loop
      vertex -11.4514 70.7847 2
      vertex -11.4514 61.2153 2
      vertex -10.9755 61.0961 2
    endloop
  endfacet
  facet normal -0 0 1
    outer loop
      vertex -11.9134 70.6194 2
      vertex -11.4514 61.2153 2
      vertex -11.4514 70.7847 2
    endloop
  endfacet
  facet normal 0 0 1
    outer loop
      vertex -11.9134 70.6194 2
      vertex -11.9134 61.3806 2
      vertex -11.4514 61.2153 2
    endloop
  endfacet
  facet normal -0 0 1
    outer loop
      vertex -12.357 70.4096 2
      vertex -11.9134 61.3806 2
      vertex -11.9134 70.6194 2
    endloop
  endfacet
  facet normal 0 0 1
    outer loop
      vertex -12.357 70.4096 2
      vertex -12.357 61.5904 2
      vertex -11.9134 61.3806 2
    endloop
  endfacet
  facet normal -0 0 1
    outer loop
      vertex -12.7779 70.1573 2
      vertex -12.357 61.5904 2
      vertex -12.357 70.4096 2
    endloop
  endfacet
  facet normal 0 0 1
    outer loop
      vertex -12.7779 70.1573 2
      vertex -12.7779 61.8427 2
      vertex -12.357 61.5904 2
    endloop
  endfacet
  facet normal -0 0 1
    outer loop
      vertex -13.172 69.8651 2
      vertex -12.7779 61.8427 2
      vertex -12.7779 70.1573 2
    endloop
  endfacet
  facet normal 0 0 1
    outer loop
      vertex -13.172 69.8651 2
      vertex -13.172 62.1349 2
      vertex -12.7779 61.8427 2
    endloop
  endfacet
  facet normal -0 0 1
    outer loop
      vertex -13.5355 69.5355 2
      vertex -13.172 62.1349 2
      vertex -13.172 69.8651 2
    endloop
  endfacet
  facet normal 0 0 1
    outer loop
      vertex -13.5355 69.5355 2
      vertex -13.5355 62.4645 2
      vertex -13.172 62.1349 2
    endloop
  endfacet
  facet normal -0 0 1
    outer loop
      vertex -13.8651 69.172 2
      vertex -13.5355 62.4645 2
      vertex -13.5355 69.5355 2
    endloop
  endfacet
  facet normal 0 0 1
    outer loop
      vertex -13.8651 69.172 2
      vertex -13.8651 62.828 2
      vertex -13.5355 62.4645 2
    endloop
  endfacet
  facet normal -0 0 1
    outer loop
      vertex -14.1573 68.7778 2
      vertex -13.8651 62.828 2
      vertex -13.8651 69.172 2
    endloop
  endfacet
  facet normal 0 0 1
    outer loop
      vertex -14.1573 68.7778 2
      vertex -14.1573 63.2221 2
      vertex -13.8651 62.828 2
    endloop
  endfacet
  facet normal -0 0 1
    outer loop
      vertex -14.4096 68.357 2
      vertex -14.1573 63.2221 2
      vertex -14.1573 68.7778 2
    endloop
  endfacet
  facet normal 0 0 1
    outer loop
      vertex -14.4096 68.357 2
      vertex -14.4096 63.643 2
      vertex -14.1573 63.2221 2
    endloop
  endfacet
  facet normal -0 0 1
    outer loop
      vertex -14.6194 67.9134 2
      vertex -14.4096 63.643 2
      vertex -14.4096 68.357 2
    endloop
  endfacet
  facet normal 0 0 1
    outer loop
      vertex -14.6194 67.9134 2
      vertex -14.6194 64.0866 2
      vertex -14.4096 63.643 2
    endloop
  endfacet
  facet normal -0 0 1
    outer loop
      vertex -14.7847 67.4514 2
      vertex -14.6194 64.0866 2
      vertex -14.6194 67.9134 2
    endloop
  endfacet
  facet normal 0 0 1
    outer loop
      vertex -14.7847 67.4514 2
      vertex -14.7847 64.5486 2
      vertex -14.6194 64.0866 2
    endloop
  endfacet
  facet normal -0 0 1
    outer loop
      vertex -14.9039 66.9754 2
      vertex -14.7847 64.5486 2
      vertex -14.7847 67.4514 2
    endloop
  endfacet
  facet normal 0 0 1
    outer loop
      vertex -14.9039 66.9754 2
      vertex -14.9039 65.0246 2
      vertex -14.7847 64.5486 2
    endloop
  endfacet
  facet normal -0 0 1
    outer loop
      vertex -14.9759 66.4901 2
      vertex -14.9039 65.0246 2
      vertex -14.9039 66.9754 2
    endloop
  endfacet
  facet normal 0 0 1
    outer loop
      vertex -14.9759 66.4901 2
      vertex -14.9759 65.5099 2
      vertex -14.9039 65.0246 2
    endloop
  endfacet
  facet normal 0 -0 1
    outer loop
      vertex -14.9759 65.5099 2
      vertex -14.9759 66.4901 2
      vertex -15 66 2
    endloop
  endfacet
  facet normal 0.803192 -0.59572 0
    outer loop
      vertex -6.13495 62.828 2
      vertex -5.84265 63.2221 0
      vertex -5.84265 63.2221 2
    endloop
  endfacet
  facet normal 0.803192 -0.59572 0
    outer loop
      vertex -5.84265 63.2221 0
      vertex -6.13495 62.828 2
      vertex -6.13495 62.828 0
    endloop
  endfacet
  facet normal -0.595588 -0.80329 0
    outer loop
      vertex -13.172 62.1349 0
      vertex -12.7779 61.8427 2
      vertex -13.172 62.1349 2
    endloop
  endfacet
  facet normal -0.595588 -0.80329 -0
    outer loop
      vertex -12.7779 61.8427 2
      vertex -13.172 62.1349 0
      vertex -12.7779 61.8427 0
    endloop
  endfacet
  facet normal -0.242967 -0.970034 0
    outer loop
      vertex -11.4514 61.2153 0
      vertex -10.9755 61.0961 2
      vertex -11.4514 61.2153 2
    endloop
  endfacet
  facet normal -0.242967 -0.970034 -0
    outer loop
      vertex -10.9755 61.0961 2
      vertex -11.4514 61.2153 0
      vertex -10.9755 61.0961 0
    endloop
  endfacet
  facet normal -0.857655 0.514226 0
    outer loop
      vertex -14.4096 68.357 0
      vertex -14.1573 68.7778 2
      vertex -14.1573 68.7778 0
    endloop
  endfacet
  facet normal -0.857655 0.514226 0
    outer loop
      vertex -14.1573 68.7778 2
      vertex -14.4096 68.357 0
      vertex -14.4096 68.357 2
    endloop
  endfacet
  facet normal 0.595569 -0.803304 0
    outer loop
      vertex -7.22215 61.8427 0
      vertex -6.82803 62.1349 2
      vertex -7.22215 61.8427 2
    endloop
  endfacet
  facet normal 0.595569 -0.803304 0
    outer loop
      vertex -6.82803 62.1349 2
      vertex -7.22215 61.8427 0
      vertex -6.82803 62.1349 0
    endloop
  endfacet
  facet normal -0.970047 0.242919 0
    outer loop
      vertex -14.9039 66.9754 0
      vertex -14.7847 67.4514 2
      vertex -14.7847 67.4514 0
    endloop
  endfacet
  facet normal -0.970047 0.242919 0
    outer loop
      vertex -14.7847 67.4514 2
      vertex -14.9039 66.9754 0
      vertex -14.9039 66.9754 2
    endloop
  endfacet
  facet normal 0.671658 -0.740861 0
    outer loop
      vertex -6.82803 62.1349 0
      vertex -6.46447 62.4645 2
      vertex -6.82803 62.1349 2
    endloop
  endfacet
  facet normal 0.671658 -0.740861 0
    outer loop
      vertex -6.46447 62.4645 2
      vertex -6.82803 62.1349 0
      vertex -6.46447 62.4645 0
    endloop
  endfacet
  facet normal -0.514136 -0.857709 0
    outer loop
      vertex -12.7779 61.8427 0
      vertex -12.357 61.5904 2
      vertex -12.7779 61.8427 2
    endloop
  endfacet
  facet normal -0.514136 -0.857709 -0
    outer loop
      vertex -12.357 61.5904 2
      vertex -12.7779 61.8427 0
      vertex -12.357 61.5904 0
    endloop
  endfacet
  facet normal -0.857709 -0.514136 0
    outer loop
      vertex -14.1573 63.2221 0
      vertex -14.4096 63.643 2
      vertex -14.4096 63.643 0
    endloop
  endfacet
  facet normal -0.857709 -0.514136 0
    outer loop
      vertex -14.4096 63.643 2
      vertex -14.1573 63.2221 0
      vertex -14.1573 63.2221 2
    endloop
  endfacet
  facet normal -0.514136 0.857709 0
    outer loop
      vertex -12.357 70.4096 0
      vertex -12.7779 70.1573 2
      vertex -12.357 70.4096 2
    endloop
  endfacet
  facet normal -0.514136 0.857709 0
    outer loop
      vertex -12.7779 70.1573 2
      vertex -12.357 70.4096 0
      vertex -12.7779 70.1573 0
    endloop
  endfacet
  facet normal -0.427543 -0.903995 0
    outer loop
      vertex -12.357 61.5904 0
      vertex -11.9134 61.3806 2
      vertex -12.357 61.5904 2
    endloop
  endfacet
  facet normal -0.427543 -0.903995 -0
    outer loop
      vertex -11.9134 61.3806 2
      vertex -12.357 61.5904 0
      vertex -11.9134 61.3806 0
    endloop
  endfacet
  facet normal -0.671719 -0.740806 0
    outer loop
      vertex -13.5355 62.4645 0
      vertex -13.172 62.1349 2
      vertex -13.5355 62.4645 2
    endloop
  endfacet
  facet normal -0.671719 -0.740806 -0
    outer loop
      vertex -13.172 62.1349 2
      vertex -13.5355 62.4645 0
      vertex -13.172 62.1349 0
    endloop
  endfacet
  facet normal 0 0 -1
    outer loop
      vertex -5.02408 65.5099 0
      vertex -5.02408 66.4901 0
      vertex -5 66 0
    endloop
  endfacet
  facet normal 0 0 -1
    outer loop
      vertex -5.09607 65.0246 0
      vertex -5.02408 66.4901 0
      vertex -5.02408 65.5099 0
    endloop
  endfacet
  facet normal 0 0 -1
    outer loop
      vertex -5.09607 65.0246 0
      vertex -5.09607 66.9754 0
      vertex -5.02408 66.4901 0
    endloop
  endfacet
  facet normal 0 0 -1
    outer loop
      vertex -5.2153 64.5486 0
      vertex -5.09607 66.9754 0
      vertex -5.09607 65.0246 0
    endloop
  endfacet
  facet normal 0 0 -1
    outer loop
      vertex -5.2153 64.5486 0
      vertex -5.2153 67.4514 0
      vertex -5.09607 66.9754 0
    endloop
  endfacet
  facet normal 0 0 -1
    outer loop
      vertex -5.3806 64.0866 0
      vertex -5.2153 67.4514 0
      vertex -5.2153 64.5486 0
    endloop
  endfacet
  facet normal 0 0 -1
    outer loop
      vertex -5.3806 64.0866 0
      vertex -5.3806 67.9134 0
      vertex -5.2153 67.4514 0
    endloop
  endfacet
  facet normal 0 0 -1
    outer loop
      vertex -5.59039 63.643 0
      vertex -5.3806 67.9134 0
      vertex -5.3806 64.0866 0
    endloop
  endfacet
  facet normal 0 0 -1
    outer loop
      vertex -5.59039 63.643 0
      vertex -5.59039 68.357 0
      vertex -5.3806 67.9134 0
    endloop
  endfacet
  facet normal 0 0 -1
    outer loop
      vertex -5.84265 63.2221 0
      vertex -5.59039 68.357 0
      vertex -5.59039 63.643 0
    endloop
  endfacet
  facet normal 0 0 -1
    outer loop
      vertex -5.84265 63.2221 0
      vertex -5.84265 68.7778 0
      vertex -5.59039 68.357 0
    endloop
  endfacet
  facet normal 0 0 -1
    outer loop
      vertex -6.13495 62.828 0
      vertex -5.84265 68.7778 0
      vertex -5.84265 63.2221 0
    endloop
  endfacet
  facet normal 0 0 -1
    outer loop
      vertex -6.13495 62.828 0
      vertex -6.13495 69.172 0
      vertex -5.84265 68.7778 0
    endloop
  endfacet
  facet normal 0 0 -1
    outer loop
      vertex -6.46447 62.4645 0
      vertex -6.13495 69.172 0
      vertex -6.13495 62.828 0
    endloop
  endfacet
  facet normal 0 0 -1
    outer loop
      vertex -6.46447 62.4645 0
      vertex -6.46447 69.5355 0
      vertex -6.13495 69.172 0
    endloop
  endfacet
  facet normal 0 0 -1
    outer loop
      vertex -6.82803 62.1349 0
      vertex -6.46447 69.5355 0
      vertex -6.46447 62.4645 0
    endloop
  endfacet
  facet normal 0 0 -1
    outer loop
      vertex -6.82803 62.1349 0
      vertex -6.82803 69.8651 0
      vertex -6.46447 69.5355 0
    endloop
  endfacet
  facet normal 0 0 -1
    outer loop
      vertex -7.22215 61.8427 0
      vertex -6.82803 69.8651 0
      vertex -6.82803 62.1349 0
    endloop
  endfacet
  facet normal 0 0 -1
    outer loop
      vertex -7.22215 61.8427 0
      vertex -7.22215 70.1573 0
      vertex -6.82803 69.8651 0
    endloop
  endfacet
  facet normal 0 0 -1
    outer loop
      vertex -7.64302 61.5904 0
      vertex -7.22215 70.1573 0
      vertex -7.22215 61.8427 0
    endloop
  endfacet
  facet normal 0 0 -1
    outer loop
      vertex -7.64302 61.5904 0
      vertex -7.64302 70.4096 0
      vertex -7.22215 70.1573 0
    endloop
  endfacet
  facet normal 0 0 -1
    outer loop
      vertex -8.08658 61.3806 0
      vertex -7.64302 70.4096 0
      vertex -7.64302 61.5904 0
    endloop
  endfacet
  facet normal 0 0 -1
    outer loop
      vertex -8.08658 61.3806 0
      vertex -8.08658 70.6194 0
      vertex -7.64302 70.4096 0
    endloop
  endfacet
  facet normal 0 0 -1
    outer loop
      vertex -8.54858 61.2153 0
      vertex -8.08658 70.6194 0
      vertex -8.08658 61.3806 0
    endloop
  endfacet
  facet normal 0 0 -1
    outer loop
      vertex -8.54858 61.2153 0
      vertex -8.54858 70.7847 0
      vertex -8.08658 70.6194 0
    endloop
  endfacet
  facet normal 0 0 -1
    outer loop
      vertex -9.02455 61.0961 0
      vertex -8.54858 70.7847 0
      vertex -8.54858 61.2153 0
    endloop
  endfacet
  facet normal 0 0 -1
    outer loop
      vertex -9.02455 61.0961 0
      vertex -9.02455 70.9039 0
      vertex -8.54858 70.7847 0
    endloop
  endfacet
  facet normal 0 0 -1
    outer loop
      vertex -9.50991 61.0241 0
      vertex -9.02455 70.9039 0
      vertex -9.02455 61.0961 0
    endloop
  endfacet
  facet normal 0 0 -1
    outer loop
      vertex -9.50991 61.0241 0
      vertex -9.50991 70.9759 0
      vertex -9.02455 70.9039 0
    endloop
  endfacet
  facet normal 0 0 -1
    outer loop
      vertex -10 61 0
      vertex -9.50991 70.9759 0
      vertex -9.50991 61.0241 0
    endloop
  endfacet
  facet normal 0 0 -1
    outer loop
      vertex -10 61 0
      vertex -10 71 0
      vertex -9.50991 70.9759 0
    endloop
  endfacet
  facet normal 0 0 -1
    outer loop
      vertex -10.4901 61.0241 0
      vertex -10 71 0
      vertex -10 61 0
    endloop
  endfacet
  facet normal 0 0 -1
    outer loop
      vertex -10.4901 61.0241 0
      vertex -10.4901 70.9759 0
      vertex -10 71 0
    endloop
  endfacet
  facet normal 0 0 -1
    outer loop
      vertex -10.9755 61.0961 0
      vertex -10.4901 70.9759 0
      vertex -10.4901 61.0241 0
    endloop
  endfacet
  facet normal 0 0 -1
    outer loop
      vertex -10.9755 61.0961 0
      vertex -10.9755 70.9039 0
      vertex -10.4901 70.9759 0
    endloop
  endfacet
  facet normal 0 0 -1
    outer loop
      vertex -11.4514 61.2153 0
      vertex -10.9755 70.9039 0
      vertex -10.9755 61.0961 0
    endloop
  endfacet
  facet normal 0 0 -1
    outer loop
      vertex -11.4514 61.2153 0
      vertex -11.4514 70.7847 0
      vertex -10.9755 70.9039 0
    endloop
  endfacet
  facet normal 0 0 -1
    outer loop
      vertex -11.9134 61.3806 0
      vertex -11.4514 70.7847 0
      vertex -11.4514 61.2153 0
    endloop
  endfacet
  facet normal 0 0 -1
    outer loop
      vertex -11.9134 61.3806 0
      vertex -11.9134 70.6194 0
      vertex -11.4514 70.7847 0
    endloop
  endfacet
  facet normal 0 0 -1
    outer loop
      vertex -12.357 61.5904 0
      vertex -11.9134 70.6194 0
      vertex -11.9134 61.3806 0
    endloop
  endfacet
  facet normal 0 0 -1
    outer loop
      vertex -12.357 61.5904 0
      vertex -12.357 70.4096 0
      vertex -11.9134 70.6194 0
    endloop
  endfacet
  facet normal 0 0 -1
    outer loop
      vertex -12.7779 61.8427 0
      vertex -12.357 70.4096 0
      vertex -12.357 61.5904 0
    endloop
  endfacet
  facet normal 0 0 -1
    outer loop
      vertex -12.7779 61.8427 0
      vertex -12.7779 70.1573 0
      vertex -12.357 70.4096 0
    endloop
  endfacet
  facet normal 0 0 -1
    outer loop
      vertex -13.172 62.1349 0
      vertex -12.7779 70.1573 0
      vertex -12.7779 61.8427 0
    endloop
  endfacet
  facet normal 0 0 -1
    outer loop
      vertex -13.172 62.1349 0
      vertex -13.172 69.8651 0
      vertex -12.7779 70.1573 0
    endloop
  endfacet
  facet normal 0 0 -1
    outer loop
      vertex -13.5355 62.4645 0
      vertex -13.172 69.8651 0
      vertex -13.172 62.1349 0
    endloop
  endfacet
  facet normal 0 0 -1
    outer loop
      vertex -13.5355 62.4645 0
      vertex -13.5355 69.5355 0
      vertex -13.172 69.8651 0
    endloop
  endfacet
  facet normal 0 0 -1
    outer loop
      vertex -13.8651 62.828 0
      vertex -13.5355 69.5355 0
      vertex -13.5355 62.4645 0
    endloop
  endfacet
  facet normal 0 0 -1
    outer loop
      vertex -13.8651 62.828 0
      vertex -13.8651 69.172 0
      vertex -13.5355 69.5355 0
    endloop
  endfacet
  facet normal 0 0 -1
    outer loop
      vertex -14.1573 63.2221 0
      vertex -13.8651 69.172 0
      vertex -13.8651 62.828 0
    endloop
  endfacet
  facet normal 0 0 -1
    outer loop
      vertex -14.1573 63.2221 0
      vertex -14.1573 68.7778 0
      vertex -13.8651 69.172 0
    endloop
  endfacet
  facet normal 0 0 -1
    outer loop
      vertex -14.4096 63.643 0
      vertex -14.1573 68.7778 0
      vertex -14.1573 63.2221 0
    endloop
  endfacet
  facet normal 0 0 -1
    outer loop
      vertex -14.4096 63.643 0
      vertex -14.4096 68.357 0
      vertex -14.1573 68.7778 0
    endloop
  endfacet
  facet normal 0 0 -1
    outer loop
      vertex -14.6194 64.0866 0
      vertex -14.4096 68.357 0
      vertex -14.4096 63.643 0
    endloop
  endfacet
  facet normal 0 0 -1
    outer loop
      vertex -14.6194 64.0866 0
      vertex -14.6194 67.9134 0
      vertex -14.4096 68.357 0
    endloop
  endfacet
  facet normal 0 0 -1
    outer loop
      vertex -14.7847 64.5486 0
      vertex -14.6194 67.9134 0
      vertex -14.6194 64.0866 0
    endloop
  endfacet
  facet normal 0 0 -1
    outer loop
      vertex -14.7847 64.5486 0
      vertex -14.7847 67.4514 0
      vertex -14.6194 67.9134 0
    endloop
  endfacet
  facet normal 0 0 -1
    outer loop
      vertex -14.9039 65.0246 0
      vertex -14.7847 67.4514 0
      vertex -14.7847 64.5486 0
    endloop
  endfacet
  facet normal 0 0 -1
    outer loop
      vertex -14.9039 65.0246 0
      vertex -14.9039 66.9754 0
      vertex -14.7847 67.4514 0
    endloop
  endfacet
  facet normal 0 0 -1
    outer loop
      vertex -14.9759 65.5099 0
      vertex -14.9039 66.9754 0
      vertex -14.9039 65.0246 0
    endloop
  endfacet
  facet normal 0 0 -1
    outer loop
      vertex -14.9759 65.5099 0
      vertex -14.9759 66.4901 0
      vertex -14.9039 66.9754 0
    endloop
  endfacet
  facet normal 0 -0 -1
    outer loop
      vertex -14.9759 66.4901 0
      vertex -14.9759 65.5099 0
      vertex -15 66 0
    endloop
  endfacet
  facet normal -0.336879 -0.941548 0
    outer loop
      vertex 8.08658 61.3806 0
      vertex 8.54858 61.2153 2
      vertex 8.08658 61.3806 2
    endloop
  endfacet
  facet normal -0.336879 -0.941548 -0
    outer loop
      vertex 8.54858 61.2153 2
      vertex 8.08658 61.3806 0
      vertex 8.54858 61.2153 0
    endloop
  endfacet
  facet normal 0.989173 0.146755 0
    outer loop
      vertex 14.9759 66.4901 2
      vertex 14.9039 66.9754 0
      vertex 14.9039 66.9754 2
    endloop
  endfacet
  facet normal 0.989173 0.146755 0
    outer loop
      vertex 14.9039 66.9754 0
      vertex 14.9759 66.4901 2
      vertex 14.9759 66.4901 0
    endloop
  endfacet
  facet normal 0.998793 0.0491143 0
    outer loop
      vertex 15 66 2
      vertex 14.9759 66.4901 0
      vertex 14.9759 66.4901 2
    endloop
  endfacet
  facet normal 0.998793 0.0491143 0
    outer loop
      vertex 14.9759 66.4901 0
      vertex 15 66 2
      vertex 15 66 0
    endloop
  endfacet
  facet normal 0.970047 0.242919 0
    outer loop
      vertex 14.9039 66.9754 2
      vertex 14.7847 67.4514 0
      vertex 14.7847 67.4514 2
    endloop
  endfacet
  facet normal 0.970047 0.242919 0
    outer loop
      vertex 14.7847 67.4514 0
      vertex 14.9039 66.9754 2
      vertex 14.9039 66.9754 0
    endloop
  endfacet
  facet normal -0.989176 0.146736 0
    outer loop
      vertex 5.02408 66.4901 0
      vertex 5.09607 66.9754 2
      vertex 5.09607 66.9754 0
    endloop
  endfacet
  facet normal -0.989176 0.146736 0
    outer loop
      vertex 5.09607 66.9754 2
      vertex 5.02408 66.4901 0
      vertex 5.02408 66.4901 2
    endloop
  endfacet
  facet normal -0.242934 -0.970043 0
    outer loop
      vertex 8.54858 61.2153 0
      vertex 9.02455 61.0961 2
      vertex 8.54858 61.2153 2
    endloop
  endfacet
  facet normal -0.242934 -0.970043 -0
    outer loop
      vertex 9.02455 61.0961 2
      vertex 8.54858 61.2153 0
      vertex 9.02455 61.0961 0
    endloop
  endfacet
  facet normal 0.336879 0.941548 -0
    outer loop
      vertex 11.9134 70.6194 0
      vertex 11.4514 70.7847 2
      vertex 11.9134 70.6194 2
    endloop
  endfacet
  facet normal 0.336879 0.941548 0
    outer loop
      vertex 11.4514 70.7847 2
      vertex 11.9134 70.6194 0
      vertex 11.4514 70.7847 0
    endloop
  endfacet
  facet normal -0.514163 0.857692 0
    outer loop
      vertex 7.64302 70.4096 0
      vertex 7.22215 70.1573 2
      vertex 7.64302 70.4096 2
    endloop
  endfacet
  facet normal -0.514163 0.857692 0
    outer loop
      vertex 7.22215 70.1573 2
      vertex 7.64302 70.4096 0
      vertex 7.22215 70.1573 0
    endloop
  endfacet
  facet normal -0.904003 -0.427526 0
    outer loop
      vertex 5.59039 63.643 0
      vertex 5.3806 64.0866 2
      vertex 5.3806 64.0866 0
    endloop
  endfacet
  facet normal -0.904003 -0.427526 0
    outer loop
      vertex 5.3806 64.0866 2
      vertex 5.59039 63.643 0
      vertex 5.59039 63.643 2
    endloop
  endfacet
  facet normal -0.242934 0.970043 0
    outer loop
      vertex 9.02455 70.9039 0
      vertex 8.54858 70.7847 2
      vertex 9.02455 70.9039 2
    endloop
  endfacet
  facet normal -0.242934 0.970043 0
    outer loop
      vertex 8.54858 70.7847 2
      vertex 9.02455 70.9039 0
      vertex 8.54858 70.7847 0
    endloop
  endfacet
  facet normal -0.857745 -0.514076 0
    outer loop
      vertex 5.84265 63.2221 0
      vertex 5.59039 63.643 2
      vertex 5.59039 63.643 0
    endloop
  endfacet
  facet normal -0.857745 -0.514076 0
    outer loop
      vertex 5.59039 63.643 2
      vertex 5.84265 63.2221 0
      vertex 5.84265 63.2221 2
    endloop
  endfacet
  facet normal 0.242967 -0.970034 0
    outer loop
      vertex 10.9755 61.0961 0
      vertex 11.4514 61.2153 2
      vertex 10.9755 61.0961 2
    endloop
  endfacet
  facet normal 0.242967 -0.970034 0
    outer loop
      vertex 11.4514 61.2153 2
      vertex 10.9755 61.0961 0
      vertex 11.4514 61.2153 0
    endloop
  endfacet
  facet normal -0.595569 -0.803304 0
    outer loop
      vertex 6.82803 62.1349 0
      vertex 7.22215 61.8427 2
      vertex 6.82803 62.1349 2
    endloop
  endfacet
  facet normal -0.595569 -0.803304 -0
    outer loop
      vertex 7.22215 61.8427 2
      vertex 6.82803 62.1349 0
      vertex 7.22215 61.8427 0
    endloop
  endfacet
  facet normal 0.514136 -0.857709 0
    outer loop
      vertex 12.357 61.5904 0
      vertex 12.7779 61.8427 2
      vertex 12.357 61.5904 2
    endloop
  endfacet
  facet normal 0.514136 -0.857709 0
    outer loop
      vertex 12.7779 61.8427 2
      vertex 12.357 61.5904 0
      vertex 12.7779 61.8427 0
    endloop
  endfacet
  facet normal 0.80329 -0.595588 0
    outer loop
      vertex 13.8651 62.828 2
      vertex 14.1573 63.2221 0
      vertex 14.1573 63.2221 2
    endloop
  endfacet
  facet normal 0.80329 -0.595588 0
    outer loop
      vertex 14.1573 63.2221 0
      vertex 13.8651 62.828 2
      vertex 13.8651 62.828 0
    endloop
  endfacet
  facet normal 0.146726 0.989177 -0
    outer loop
      vertex 10.9755 70.9039 0
      vertex 10.4901 70.9759 2
      vertex 10.9755 70.9039 2
    endloop
  endfacet
  facet normal 0.146726 0.989177 0
    outer loop
      vertex 10.4901 70.9759 2
      vertex 10.9755 70.9039 0
      vertex 10.4901 70.9759 0
    endloop
  endfacet
  facet normal -0.595569 0.803304 0
    outer loop
      vertex 7.22215 70.1573 0
      vertex 6.82803 69.8651 2
      vertex 7.22215 70.1573 2
    endloop
  endfacet
  facet normal -0.595569 0.803304 0
    outer loop
      vertex 6.82803 69.8651 2
      vertex 7.22215 70.1573 0
      vertex 6.82803 69.8651 0
    endloop
  endfacet
  facet normal -0.803265 0.595622 0
    outer loop
      vertex 5.84265 68.7778 0
      vertex 6.13495 69.172 2
      vertex 6.13495 69.172 0
    endloop
  endfacet
  facet normal -0.803265 0.595622 0
    outer loop
      vertex 6.13495 69.172 2
      vertex 5.84265 68.7778 0
      vertex 5.84265 68.7778 2
    endloop
  endfacet
  facet normal 0.989173 -0.146755 0
    outer loop
      vertex 14.9039 65.0246 2
      vertex 14.9759 65.5099 0
      vertex 14.9759 65.5099 2
    endloop
  endfacet
  facet normal 0.989173 -0.146755 0
    outer loop
      vertex 14.9759 65.5099 0
      vertex 14.9039 65.0246 2
      vertex 14.9039 65.0246 0
    endloop
  endfacet
  facet normal -0.941548 0.336879 0
    outer loop
      vertex 5.2153 67.4514 0
      vertex 5.3806 67.9134 2
      vertex 5.3806 67.9134 0
    endloop
  endfacet
  facet normal -0.941548 0.336879 0
    outer loop
      vertex 5.3806 67.9134 2
      vertex 5.2153 67.4514 0
      vertex 5.2153 67.4514 2
    endloop
  endfacet
  facet normal 0.427543 0.903995 -0
    outer loop
      vertex 12.357 70.4096 0
      vertex 11.9134 70.6194 2
      vertex 12.357 70.4096 2
    endloop
  endfacet
  facet normal 0.427543 0.903995 0
    outer loop
      vertex 11.9134 70.6194 2
      vertex 12.357 70.4096 0
      vertex 11.9134 70.6194 0
    endloop
  endfacet
  facet normal -0.941548 -0.336879 0
    outer loop
      vertex 5.3806 64.0866 0
      vertex 5.2153 64.5486 2
      vertex 5.2153 64.5486 0
    endloop
  endfacet
  facet normal -0.941548 -0.336879 0
    outer loop
      vertex 5.2153 64.5486 2
      vertex 5.3806 64.0866 0
      vertex 5.3806 64.0866 2
    endloop
  endfacet
  facet normal 0.970047 -0.242919 0
    outer loop
      vertex 14.7847 64.5486 2
      vertex 14.9039 65.0246 0
      vertex 14.9039 65.0246 2
    endloop
  endfacet
  facet normal 0.970047 -0.242919 0
    outer loop
      vertex 14.9039 65.0246 0
      vertex 14.7847 64.5486 2
      vertex 14.7847 64.5486 0
    endloop
  endfacet
  facet normal -0.0491153 0.998793 0
    outer loop
      vertex 10 71 0
      vertex 9.50991 70.9759 2
      vertex 10 71 2
    endloop
  endfacet
  facet normal -0.0491153 0.998793 0
    outer loop
      vertex 9.50991 70.9759 2
      vertex 10 71 0
      vertex 9.50991 70.9759 0
    endloop
  endfacet
  facet normal 0.671719 0.740806 -0
    outer loop
      vertex 13.5355 69.5355 0
      vertex 13.172 69.8651 2
      vertex 13.5355 69.5355 2
    endloop
  endfacet
  facet normal 0.671719 0.740806 0
    outer loop
      vertex 13.172 69.8651 2
      vertex 13.5355 69.5355 0
      vertex 13.172 69.8651 0
    endloop
  endfacet
  facet normal -0.427575 0.90398 0
    outer loop
      vertex 8.08658 70.6194 0
      vertex 7.64302 70.4096 2
      vertex 8.08658 70.6194 2
    endloop
  endfacet
  facet normal -0.427575 0.90398 0
    outer loop
      vertex 7.64302 70.4096 2
      vertex 8.08658 70.6194 0
      vertex 7.64302 70.4096 0
    endloop
  endfacet
  facet normal -0.671658 0.740861 0
    outer loop
      vertex 6.82803 69.8651 0
      vertex 6.46447 69.5355 2
      vertex 6.82803 69.8651 2
    endloop
  endfacet
  facet normal -0.671658 0.740861 0
    outer loop
      vertex 6.46447 69.5355 2
      vertex 6.82803 69.8651 0
      vertex 6.46447 69.5355 0
    endloop
  endfacet
  facet normal 0.336879 -0.941548 0
    outer loop
      vertex 11.4514 61.2153 0
      vertex 11.9134 61.3806 2
      vertex 11.4514 61.2153 2
    endloop
  endfacet
  facet normal 0.336879 -0.941548 0
    outer loop
      vertex 11.9134 61.3806 2
      vertex 11.4514 61.2153 0
      vertex 11.9134 61.3806 0
    endloop
  endfacet
  facet normal -0.336879 0.941548 0
    outer loop
      vertex 8.54858 70.7847 0
      vertex 8.08658 70.6194 2
      vertex 8.54858 70.7847 2
    endloop
  endfacet
  facet normal -0.336879 0.941548 0
    outer loop
      vertex 8.08658 70.6194 2
      vertex 8.54858 70.7847 0
      vertex 8.08658 70.6194 0
    endloop
  endfacet
  facet normal 0.803362 0.595491 0
    outer loop
      vertex 14.1573 68.7778 2
      vertex 13.8651 69.172 0
      vertex 13.8651 69.172 2
    endloop
  endfacet
  facet normal 0.803362 0.595491 0
    outer loop
      vertex 13.8651 69.172 0
      vertex 14.1573 68.7778 2
      vertex 14.1573 68.7778 0
    endloop
  endfacet
  facet normal -0.857691 0.514166 0
    outer loop
      vertex 5.59039 68.357 0
      vertex 5.84265 68.7778 2
      vertex 5.84265 68.7778 0
    endloop
  endfacet
  facet normal -0.857691 0.514166 0
    outer loop
      vertex 5.84265 68.7778 2
      vertex 5.59039 68.357 0
      vertex 5.59039 68.357 2
    endloop
  endfacet
  facet normal 0.998793 -0.0491143 0
    outer loop
      vertex 14.9759 65.5099 2
      vertex 15 66 0
      vertex 15 66 2
    endloop
  endfacet
  facet normal 0.998793 -0.0491143 0
    outer loop
      vertex 15 66 0
      vertex 14.9759 65.5099 2
      vertex 14.9759 65.5099 0
    endloop
  endfacet
  facet normal 0.903995 -0.427543 0
    outer loop
      vertex 14.4096 63.643 2
      vertex 14.6194 64.0866 0
      vertex 14.6194 64.0866 2
    endloop
  endfacet
  facet normal 0.903995 -0.427543 0
    outer loop
      vertex 14.6194 64.0866 0
      vertex 14.4096 63.643 2
      vertex 14.4096 63.643 0
    endloop
  endfacet
  facet normal 0 0 1
    outer loop
      vertex 14.9759 66.4901 2
      vertex 14.9759 65.5099 2
      vertex 15 66 2
    endloop
  endfacet
  facet normal 0 0 1
    outer loop
      vertex 14.9039 66.9754 2
      vertex 14.9759 65.5099 2
      vertex 14.9759 66.4901 2
    endloop
  endfacet
  facet normal 0 0 1
    outer loop
      vertex 14.9039 66.9754 2
      vertex 14.9039 65.0246 2
      vertex 14.9759 65.5099 2
    endloop
  endfacet
  facet normal 0 0 1
    outer loop
      vertex 14.7847 67.4514 2
      vertex 14.9039 65.0246 2
      vertex 14.9039 66.9754 2
    endloop
  endfacet
  facet normal 0 0 1
    outer loop
      vertex 14.7847 67.4514 2
      vertex 14.7847 64.5486 2
      vertex 14.9039 65.0246 2
    endloop
  endfacet
  facet normal 0 0 1
    outer loop
      vertex 14.6194 67.9134 2
      vertex 14.7847 64.5486 2
      vertex 14.7847 67.4514 2
    endloop
  endfacet
  facet normal 0 0 1
    outer loop
      vertex 14.6194 67.9134 2
      vertex 14.6194 64.0866 2
      vertex 14.7847 64.5486 2
    endloop
  endfacet
  facet normal 0 0 1
    outer loop
      vertex 14.4096 68.357 2
      vertex 14.6194 64.0866 2
      vertex 14.6194 67.9134 2
    endloop
  endfacet
  facet normal 0 0 1
    outer loop
      vertex 14.4096 68.357 2
      vertex 14.4096 63.643 2
      vertex 14.6194 64.0866 2
    endloop
  endfacet
  facet normal 0 0 1
    outer loop
      vertex 14.1573 68.7778 2
      vertex 14.4096 63.643 2
      vertex 14.4096 68.357 2
    endloop
  endfacet
  facet normal 0 0 1
    outer loop
      vertex 14.1573 68.7778 2
      vertex 14.1573 63.2221 2
      vertex 14.4096 63.643 2
    endloop
  endfacet
  facet normal 0 0 1
    outer loop
      vertex 13.8651 69.172 2
      vertex 14.1573 63.2221 2
      vertex 14.1573 68.7778 2
    endloop
  endfacet
  facet normal 0 0 1
    outer loop
      vertex 13.8651 69.172 2
      vertex 13.8651 62.828 2
      vertex 14.1573 63.2221 2
    endloop
  endfacet
  facet normal 0 0 1
    outer loop
      vertex 13.5355 69.5355 2
      vertex 13.8651 62.828 2
      vertex 13.8651 69.172 2
    endloop
  endfacet
  facet normal 0 0 1
    outer loop
      vertex 13.5355 69.5355 2
      vertex 13.5355 62.4645 2
      vertex 13.8651 62.828 2
    endloop
  endfacet
  facet normal 0 0 1
    outer loop
      vertex 13.172 69.8651 2
      vertex 13.5355 62.4645 2
      vertex 13.5355 69.5355 2
    endloop
  endfacet
  facet normal 0 0 1
    outer loop
      vertex 13.172 69.8651 2
      vertex 13.172 62.1349 2
      vertex 13.5355 62.4645 2
    endloop
  endfacet
  facet normal 0 0 1
    outer loop
      vertex 12.7779 70.1573 2
      vertex 13.172 62.1349 2
      vertex 13.172 69.8651 2
    endloop
  endfacet
  facet normal 0 0 1
    outer loop
      vertex 12.7779 70.1573 2
      vertex 12.7779 61.8427 2
      vertex 13.172 62.1349 2
    endloop
  endfacet
  facet normal 0 0 1
    outer loop
      vertex 12.357 70.4096 2
      vertex 12.7779 61.8427 2
      vertex 12.7779 70.1573 2
    endloop
  endfacet
  facet normal 0 0 1
    outer loop
      vertex 12.357 70.4096 2
      vertex 12.357 61.5904 2
      vertex 12.7779 61.8427 2
    endloop
  endfacet
  facet normal 0 0 1
    outer loop
      vertex 11.9134 70.6194 2
      vertex 12.357 61.5904 2
      vertex 12.357 70.4096 2
    endloop
  endfacet
  facet normal 0 0 1
    outer loop
      vertex 11.9134 70.6194 2
      vertex 11.9134 61.3806 2
      vertex 12.357 61.5904 2
    endloop
  endfacet
  facet normal 0 0 1
    outer loop
      vertex 11.4514 70.7847 2
      vertex 11.9134 61.3806 2
      vertex 11.9134 70.6194 2
    endloop
  endfacet
  facet normal 0 0 1
    outer loop
      vertex 11.4514 70.7847 2
      vertex 11.4514 61.2153 2
      vertex 11.9134 61.3806 2
    endloop
  endfacet
  facet normal 0 0 1
    outer loop
      vertex 10.9755 70.9039 2
      vertex 11.4514 61.2153 2
      vertex 11.4514 70.7847 2
    endloop
  endfacet
  facet normal 0 0 1
    outer loop
      vertex 10.9755 70.9039 2
      vertex 10.9755 61.0961 2
      vertex 11.4514 61.2153 2
    endloop
  endfacet
  facet normal 0 0 1
    outer loop
      vertex 10.4901 70.9759 2
      vertex 10.9755 61.0961 2
      vertex 10.9755 70.9039 2
    endloop
  endfacet
  facet normal 0 0 1
    outer loop
      vertex 10.4901 70.9759 2
      vertex 10.4901 61.0241 2
      vertex 10.9755 61.0961 2
    endloop
  endfacet
  facet normal 0 0 1
    outer loop
      vertex 10 71 2
      vertex 10.4901 61.0241 2
      vertex 10.4901 70.9759 2
    endloop
  endfacet
  facet normal 0 0 1
    outer loop
      vertex 10 71 2
      vertex 10 61 2
      vertex 10.4901 61.0241 2
    endloop
  endfacet
  facet normal -0 0 1
    outer loop
      vertex 9.50991 70.9759 2
      vertex 10 61 2
      vertex 10 71 2
    endloop
  endfacet
  facet normal 0 0 1
    outer loop
      vertex 9.50991 70.9759 2
      vertex 9.50991 61.0241 2
      vertex 10 61 2
    endloop
  endfacet
  facet normal -0 0 1
    outer loop
      vertex 9.02455 70.9039 2
      vertex 9.50991 61.0241 2
      vertex 9.50991 70.9759 2
    endloop
  endfacet
  facet normal 0 0 1
    outer loop
      vertex 9.02455 70.9039 2
      vertex 9.02455 61.0961 2
      vertex 9.50991 61.0241 2
    endloop
  endfacet
  facet normal -0 0 1
    outer loop
      vertex 8.54858 70.7847 2
      vertex 9.02455 61.0961 2
      vertex 9.02455 70.9039 2
    endloop
  endfacet
  facet normal 0 0 1
    outer loop
      vertex 8.54858 70.7847 2
      vertex 8.54858 61.2153 2
      vertex 9.02455 61.0961 2
    endloop
  endfacet
  facet normal -0 0 1
    outer loop
      vertex 8.08658 70.6194 2
      vertex 8.54858 61.2153 2
      vertex 8.54858 70.7847 2
    endloop
  endfacet
  facet normal 0 0 1
    outer loop
      vertex 8.08658 70.6194 2
      vertex 8.08658 61.3806 2
      vertex 8.54858 61.2153 2
    endloop
  endfacet
  facet normal -0 0 1
    outer loop
      vertex 7.64302 70.4096 2
      vertex 8.08658 61.3806 2
      vertex 8.08658 70.6194 2
    endloop
  endfacet
  facet normal 0 0 1
    outer loop
      vertex 7.64302 70.4096 2
      vertex 7.64302 61.5904 2
      vertex 8.08658 61.3806 2
    endloop
  endfacet
  facet normal -0 0 1
    outer loop
      vertex 7.22215 70.1573 2
      vertex 7.64302 61.5904 2
      vertex 7.64302 70.4096 2
    endloop
  endfacet
  facet normal 0 0 1
    outer loop
      vertex 7.22215 70.1573 2
      vertex 7.22215 61.8427 2
      vertex 7.64302 61.5904 2
    endloop
  endfacet
  facet normal -0 0 1
    outer loop
      vertex 6.82803 69.8651 2
      vertex 7.22215 61.8427 2
      vertex 7.22215 70.1573 2
    endloop
  endfacet
  facet normal 0 0 1
    outer loop
      vertex 6.82803 69.8651 2
      vertex 6.82803 62.1349 2
      vertex 7.22215 61.8427 2
    endloop
  endfacet
  facet normal -0 0 1
    outer loop
      vertex 6.46447 69.5355 2
      vertex 6.82803 62.1349 2
      vertex 6.82803 69.8651 2
    endloop
  endfacet
  facet normal 0 0 1
    outer loop
      vertex 6.46447 69.5355 2
      vertex 6.46447 62.4645 2
      vertex 6.82803 62.1349 2
    endloop
  endfacet
  facet normal -0 0 1
    outer loop
      vertex 6.13495 69.172 2
      vertex 6.46447 62.4645 2
      vertex 6.46447 69.5355 2
    endloop
  endfacet
  facet normal 0 0 1
    outer loop
      vertex 6.13495 69.172 2
      vertex 6.13495 62.828 2
      vertex 6.46447 62.4645 2
    endloop
  endfacet
  facet normal -0 0 1
    outer loop
      vertex 5.84265 68.7778 2
      vertex 6.13495 62.828 2
      vertex 6.13495 69.172 2
    endloop
  endfacet
  facet normal 0 0 1
    outer loop
      vertex 5.84265 68.7778 2
      vertex 5.84265 63.2221 2
      vertex 6.13495 62.828 2
    endloop
  endfacet
  facet normal -0 0 1
    outer loop
      vertex 5.59039 68.357 2
      vertex 5.84265 63.2221 2
      vertex 5.84265 68.7778 2
    endloop
  endfacet
  facet normal 0 0 1
    outer loop
      vertex 5.59039 68.357 2
      vertex 5.59039 63.643 2
      vertex 5.84265 63.2221 2
    endloop
  endfacet
  facet normal -0 0 1
    outer loop
      vertex 5.3806 67.9134 2
      vertex 5.59039 63.643 2
      vertex 5.59039 68.357 2
    endloop
  endfacet
  facet normal 0 0 1
    outer loop
      vertex 5.3806 67.9134 2
      vertex 5.3806 64.0866 2
      vertex 5.59039 63.643 2
    endloop
  endfacet
  facet normal -0 0 1
    outer loop
      vertex 5.2153 67.4514 2
      vertex 5.3806 64.0866 2
      vertex 5.3806 67.9134 2
    endloop
  endfacet
  facet normal 0 0 1
    outer loop
      vertex 5.2153 67.4514 2
      vertex 5.2153 64.5486 2
      vertex 5.3806 64.0866 2
    endloop
  endfacet
  facet normal -0 0 1
    outer loop
      vertex 5.09607 66.9754 2
      vertex 5.2153 64.5486 2
      vertex 5.2153 67.4514 2
    endloop
  endfacet
  facet normal 0 0 1
    outer loop
      vertex 5.09607 66.9754 2
      vertex 5.09607 65.0246 2
      vertex 5.2153 64.5486 2
    endloop
  endfacet
  facet normal -0 0 1
    outer loop
      vertex 5.02408 66.4901 2
      vertex 5.09607 65.0246 2
      vertex 5.09607 66.9754 2
    endloop
  endfacet
  facet normal 0 0 1
    outer loop
      vertex 5.02408 66.4901 2
      vertex 5.02408 65.5099 2
      vertex 5.09607 65.0246 2
    endloop
  endfacet
  facet normal 0 -0 1
    outer loop
      vertex 5.02408 65.5099 2
      vertex 5.02408 66.4901 2
      vertex 5 66 2
    endloop
  endfacet
  facet normal -0.671658 -0.740861 0
    outer loop
      vertex 6.46447 62.4645 0
      vertex 6.82803 62.1349 2
      vertex 6.46447 62.4645 2
    endloop
  endfacet
  facet normal -0.671658 -0.740861 -0
    outer loop
      vertex 6.82803 62.1349 2
      vertex 6.46447 62.4645 0
      vertex 6.82803 62.1349 0
    endloop
  endfacet
  facet normal 0.595588 0.80329 -0
    outer loop
      vertex 13.172 69.8651 0
      vertex 12.7779 70.1573 2
      vertex 13.172 69.8651 2
    endloop
  endfacet
  facet normal 0.595588 0.80329 0
    outer loop
      vertex 12.7779 70.1573 2
      vertex 13.172 69.8651 0
      vertex 12.7779 70.1573 0
    endloop
  endfacet
  facet normal -0.514163 -0.857692 0
    outer loop
      vertex 7.22215 61.8427 0
      vertex 7.64302 61.5904 2
      vertex 7.22215 61.8427 2
    endloop
  endfacet
  facet normal -0.514163 -0.857692 -0
    outer loop
      vertex 7.64302 61.5904 2
      vertex 7.22215 61.8427 0
      vertex 7.64302 61.5904 0
    endloop
  endfacet
  facet normal 0.514136 0.857709 -0
    outer loop
      vertex 12.7779 70.1573 0
      vertex 12.357 70.4096 2
      vertex 12.7779 70.1573 2
    endloop
  endfacet
  facet normal 0.514136 0.857709 0
    outer loop
      vertex 12.357 70.4096 2
      vertex 12.7779 70.1573 0
      vertex 12.357 70.4096 0
    endloop
  endfacet
  facet normal 0.146726 -0.989177 0
    outer loop
      vertex 10.4901 61.0241 0
      vertex 10.9755 61.0961 2
      vertex 10.4901 61.0241 2
    endloop
  endfacet
  facet normal 0.146726 -0.989177 0
    outer loop
      vertex 10.9755 61.0961 2
      vertex 10.4901 61.0241 0
      vertex 10.9755 61.0961 0
    endloop
  endfacet
  facet normal 0.941548 0.336879 0
    outer loop
      vertex 14.7847 67.4514 2
      vertex 14.6194 67.9134 0
      vertex 14.6194 67.9134 2
    endloop
  endfacet
  facet normal 0.941548 0.336879 0
    outer loop
      vertex 14.6194 67.9134 0
      vertex 14.7847 67.4514 2
      vertex 14.7847 67.4514 0
    endloop
  endfacet
  facet normal 0.857709 -0.514136 0
    outer loop
      vertex 14.1573 63.2221 2
      vertex 14.4096 63.643 0
      vertex 14.4096 63.643 2
    endloop
  endfacet
  facet normal 0.857709 -0.514136 0
    outer loop
      vertex 14.4096 63.643 0
      vertex 14.1573 63.2221 2
      vertex 14.1573 63.2221 0
    endloop
  endfacet
  facet normal -0.998795 -0.0490736 0
    outer loop
      vertex 5.02408 65.5099 0
      vertex 5 66 2
      vertex 5 66 0
    endloop
  endfacet
  facet normal -0.998795 -0.0490736 0
    outer loop
      vertex 5 66 2
      vertex 5.02408 65.5099 0
      vertex 5.02408 65.5099 2
    endloop
  endfacet
  facet normal 0.941548 -0.336879 0
    outer loop
      vertex 14.6194 64.0866 2
      vertex 14.7847 64.5486 0
      vertex 14.7847 64.5486 2
    endloop
  endfacet
  facet normal 0.941548 -0.336879 0
    outer loop
      vertex 14.7847 64.5486 0
      vertex 14.6194 64.0866 2
      vertex 14.6194 64.0866 0
    endloop
  endfacet
  facet normal 0.740806 0.671719 0
    outer loop
      vertex 13.8651 69.172 2
      vertex 13.5355 69.5355 0
      vertex 13.5355 69.5355 2
    endloop
  endfacet
  facet normal 0.740806 0.671719 0
    outer loop
      vertex 13.5355 69.5355 0
      vertex 13.8651 69.172 2
      vertex 13.8651 69.172 0
    endloop
  endfacet
  facet normal 0.0491143 0.998793 -0
    outer loop
      vertex 10.4901 70.9759 0
      vertex 10 71 2
      vertex 10.4901 70.9759 2
    endloop
  endfacet
  facet normal 0.0491143 0.998793 0
    outer loop
      vertex 10 71 2
      vertex 10.4901 70.9759 0
      vertex 10 71 0
    endloop
  endfacet
  facet normal 0.903995 0.427543 0
    outer loop
      vertex 14.6194 67.9134 2
      vertex 14.4096 68.357 0
      vertex 14.4096 68.357 2
    endloop
  endfacet
  facet normal 0.903995 0.427543 0
    outer loop
      vertex 14.4096 68.357 0
      vertex 14.6194 67.9134 2
      vertex 14.6194 67.9134 0
    endloop
  endfacet
  facet normal -0.146738 -0.989175 0
    outer loop
      vertex 9.02455 61.0961 0
      vertex 9.50991 61.0241 2
      vertex 9.02455 61.0961 2
    endloop
  endfacet
  facet normal -0.146738 -0.989175 -0
    outer loop
      vertex 9.50991 61.0241 2
      vertex 9.02455 61.0961 0
      vertex 9.50991 61.0241 0
    endloop
  endfacet
  facet normal 0.671719 -0.740806 0
    outer loop
      vertex 13.172 62.1349 0
      vertex 13.5355 62.4645 2
      vertex 13.172 62.1349 2
    endloop
  endfacet
  facet normal 0.671719 -0.740806 0
    outer loop
      vertex 13.5355 62.4645 2
      vertex 13.172 62.1349 0
      vertex 13.5355 62.4645 0
    endloop
  endfacet
  facet normal 0.857655 0.514226 0
    outer loop
      vertex 14.4096 68.357 2
      vertex 14.1573 68.7778 0
      vertex 14.1573 68.7778 2
    endloop
  endfacet
  facet normal 0.857655 0.514226 0
    outer loop
      vertex 14.1573 68.7778 0
      vertex 14.4096 68.357 2
      vertex 14.4096 68.357 0
    endloop
  endfacet
  facet normal -0.0491153 -0.998793 0
    outer loop
      vertex 9.50991 61.0241 0
      vertex 10 61 2
      vertex 9.50991 61.0241 2
    endloop
  endfacet
  facet normal -0.0491153 -0.998793 -0
    outer loop
      vertex 10 61 2
      vertex 9.50991 61.0241 0
      vertex 10 61 0
    endloop
  endfacet
  facet normal -0.740887 0.671629 0
    outer loop
      vertex 6.13495 69.172 0
      vertex 6.46447 69.5355 2
      vertex 6.46447 69.5355 0
    endloop
  endfacet
  facet normal -0.740887 0.671629 0
    outer loop
      vertex 6.46447 69.5355 2
      vertex 6.13495 69.172 0
      vertex 6.13495 69.172 2
    endloop
  endfacet
  facet normal -0.146738 0.989175 0
    outer loop
      vertex 9.50991 70.9759 0
      vertex 9.02455 70.9039 2
      vertex 9.50991 70.9759 2
    endloop
  endfacet
  facet normal -0.146738 0.989175 0
    outer loop
      vertex 9.02455 70.9039 2
      vertex 9.50991 70.9759 0
      vertex 9.02455 70.9039 0
    endloop
  endfacet
  facet normal -0.904003 0.427526 0
    outer loop
      vertex 5.3806 67.9134 0
      vertex 5.59039 68.357 2
      vertex 5.59039 68.357 0
    endloop
  endfacet
  facet normal -0.904003 0.427526 0
    outer loop
      vertex 5.59039 68.357 2
      vertex 5.3806 67.9134 0
      vertex 5.3806 67.9134 2
    endloop
  endfacet
  facet normal -0.970032 0.242977 0
    outer loop
      vertex 5.09607 66.9754 0
      vertex 5.2153 67.4514 2
      vertex 5.2153 67.4514 0
    endloop
  endfacet
  facet normal -0.970032 0.242977 0
    outer loop
      vertex 5.2153 67.4514 2
      vertex 5.09607 66.9754 0
      vertex 5.09607 66.9754 2
    endloop
  endfacet
  facet normal 0.242967 0.970034 -0
    outer loop
      vertex 11.4514 70.7847 0
      vertex 10.9755 70.9039 2
      vertex 11.4514 70.7847 2
    endloop
  endfacet
  facet normal 0.242967 0.970034 0
    outer loop
      vertex 10.9755 70.9039 2
      vertex 11.4514 70.7847 0
      vertex 10.9755 70.9039 0
    endloop
  endfacet
  facet normal -0.970032 -0.242977 0
    outer loop
      vertex 5.2153 64.5486 0
      vertex 5.09607 65.0246 2
      vertex 5.09607 65.0246 0
    endloop
  endfacet
  facet normal -0.970032 -0.242977 0
    outer loop
      vertex 5.09607 65.0246 2
      vertex 5.2153 64.5486 0
      vertex 5.2153 64.5486 2
    endloop
  endfacet
  facet normal -0.427575 -0.90398 0
    outer loop
      vertex 7.64302 61.5904 0
      vertex 8.08658 61.3806 2
      vertex 7.64302 61.5904 2
    endloop
  endfacet
  facet normal -0.427575 -0.90398 -0
    outer loop
      vertex 8.08658 61.3806 2
      vertex 7.64302 61.5904 0
      vertex 8.08658 61.3806 0
    endloop
  endfacet
  facet normal -0.740887 -0.671629 0
    outer loop
      vertex 6.46447 62.4645 0
      vertex 6.13495 62.828 2
      vertex 6.13495 62.828 0
    endloop
  endfacet
  facet normal -0.740887 -0.671629 0
    outer loop
      vertex 6.13495 62.828 2
      vertex 6.46447 62.4645 0
      vertex 6.46447 62.4645 2
    endloop
  endfacet
  facet normal 0.427543 -0.903995 0
    outer loop
      vertex 11.9134 61.3806 0
      vertex 12.357 61.5904 2
      vertex 11.9134 61.3806 2
    endloop
  endfacet
  facet normal 0.427543 -0.903995 0
    outer loop
      vertex 12.357 61.5904 2
      vertex 11.9134 61.3806 0
      vertex 12.357 61.5904 0
    endloop
  endfacet
  facet normal 0.0491143 -0.998793 0
    outer loop
      vertex 10 61 0
      vertex 10.4901 61.0241 2
      vertex 10 61 2
    endloop
  endfacet
  facet normal 0.0491143 -0.998793 0
    outer loop
      vertex 10.4901 61.0241 2
      vertex 10 61 0
      vertex 10.4901 61.0241 0
    endloop
  endfacet
  facet normal -0.989176 -0.146736 0
    outer loop
      vertex 5.09607 65.0246 0
      vertex 5.02408 65.5099 2
      vertex 5.02408 65.5099 0
    endloop
  endfacet
  facet normal -0.989176 -0.146736 0
    outer loop
      vertex 5.02408 65.5099 2
      vertex 5.09607 65.0246 0
      vertex 5.09607 65.0246 2
    endloop
  endfacet
  facet normal 0.595588 -0.80329 0
    outer loop
      vertex 12.7779 61.8427 0
      vertex 13.172 62.1349 2
      vertex 12.7779 61.8427 2
    endloop
  endfacet
  facet normal 0.595588 -0.80329 0
    outer loop
      vertex 13.172 62.1349 2
      vertex 12.7779 61.8427 0
      vertex 13.172 62.1349 0
    endloop
  endfacet
  facet normal 0 0 -1
    outer loop
      vertex 14.9759 65.5099 0
      vertex 14.9759 66.4901 0
      vertex 15 66 0
    endloop
  endfacet
  facet normal 0 0 -1
    outer loop
      vertex 14.9039 65.0246 0
      vertex 14.9759 66.4901 0
      vertex 14.9759 65.5099 0
    endloop
  endfacet
  facet normal 0 0 -1
    outer loop
      vertex 14.9039 65.0246 0
      vertex 14.9039 66.9754 0
      vertex 14.9759 66.4901 0
    endloop
  endfacet
  facet normal 0 0 -1
    outer loop
      vertex 14.7847 64.5486 0
      vertex 14.9039 66.9754 0
      vertex 14.9039 65.0246 0
    endloop
  endfacet
  facet normal 0 0 -1
    outer loop
      vertex 14.7847 64.5486 0
      vertex 14.7847 67.4514 0
      vertex 14.9039 66.9754 0
    endloop
  endfacet
  facet normal 0 0 -1
    outer loop
      vertex 14.6194 64.0866 0
      vertex 14.7847 67.4514 0
      vertex 14.7847 64.5486 0
    endloop
  endfacet
  facet normal 0 0 -1
    outer loop
      vertex 14.6194 64.0866 0
      vertex 14.6194 67.9134 0
      vertex 14.7847 67.4514 0
    endloop
  endfacet
  facet normal 0 0 -1
    outer loop
      vertex 14.4096 63.643 0
      vertex 14.6194 67.9134 0
      vertex 14.6194 64.0866 0
    endloop
  endfacet
  facet normal 0 0 -1
    outer loop
      vertex 14.4096 63.643 0
      vertex 14.4096 68.357 0
      vertex 14.6194 67.9134 0
    endloop
  endfacet
  facet normal 0 0 -1
    outer loop
      vertex 14.1573 63.2221 0
      vertex 14.4096 68.357 0
      vertex 14.4096 63.643 0
    endloop
  endfacet
  facet normal 0 0 -1
    outer loop
      vertex 14.1573 63.2221 0
      vertex 14.1573 68.7778 0
      vertex 14.4096 68.357 0
    endloop
  endfacet
  facet normal 0 0 -1
    outer loop
      vertex 13.8651 62.828 0
      vertex 14.1573 68.7778 0
      vertex 14.1573 63.2221 0
    endloop
  endfacet
  facet normal 0 0 -1
    outer loop
      vertex 13.8651 62.828 0
      vertex 13.8651 69.172 0
      vertex 14.1573 68.7778 0
    endloop
  endfacet
  facet normal 0 0 -1
    outer loop
      vertex 13.5355 62.4645 0
      vertex 13.8651 69.172 0
      vertex 13.8651 62.828 0
    endloop
  endfacet
  facet normal 0 0 -1
    outer loop
      vertex 13.5355 62.4645 0
      vertex 13.5355 69.5355 0
      vertex 13.8651 69.172 0
    endloop
  endfacet
  facet normal 0 0 -1
    outer loop
      vertex 13.172 62.1349 0
      vertex 13.5355 69.5355 0
      vertex 13.5355 62.4645 0
    endloop
  endfacet
  facet normal 0 0 -1
    outer loop
      vertex 13.172 62.1349 0
      vertex 13.172 69.8651 0
      vertex 13.5355 69.5355 0
    endloop
  endfacet
  facet normal 0 0 -1
    outer loop
      vertex 12.7779 61.8427 0
      vertex 13.172 69.8651 0
      vertex 13.172 62.1349 0
    endloop
  endfacet
  facet normal 0 0 -1
    outer loop
      vertex 12.7779 61.8427 0
      vertex 12.7779 70.1573 0
      vertex 13.172 69.8651 0
    endloop
  endfacet
  facet normal 0 0 -1
    outer loop
      vertex 12.357 61.5904 0
      vertex 12.7779 70.1573 0
      vertex 12.7779 61.8427 0
    endloop
  endfacet
  facet normal 0 0 -1
    outer loop
      vertex 12.357 61.5904 0
      vertex 12.357 70.4096 0
      vertex 12.7779 70.1573 0
    endloop
  endfacet
  facet normal 0 0 -1
    outer loop
      vertex 11.9134 61.3806 0
      vertex 12.357 70.4096 0
      vertex 12.357 61.5904 0
    endloop
  endfacet
  facet normal 0 0 -1
    outer loop
      vertex 11.9134 61.3806 0
      vertex 11.9134 70.6194 0
      vertex 12.357 70.4096 0
    endloop
  endfacet
  facet normal 0 0 -1
    outer loop
      vertex 11.4514 61.2153 0
      vertex 11.9134 70.6194 0
      vertex 11.9134 61.3806 0
    endloop
  endfacet
  facet normal 0 0 -1
    outer loop
      vertex 11.4514 61.2153 0
      vertex 11.4514 70.7847 0
      vertex 11.9134 70.6194 0
    endloop
  endfacet
  facet normal 0 0 -1
    outer loop
      vertex 10.9755 61.0961 0
      vertex 11.4514 70.7847 0
      vertex 11.4514 61.2153 0
    endloop
  endfacet
  facet normal 0 0 -1
    outer loop
      vertex 10.9755 61.0961 0
      vertex 10.9755 70.9039 0
      vertex 11.4514 70.7847 0
    endloop
  endfacet
  facet normal 0 0 -1
    outer loop
      vertex 10.4901 61.0241 0
      vertex 10.9755 70.9039 0
      vertex 10.9755 61.0961 0
    endloop
  endfacet
  facet normal 0 0 -1
    outer loop
      vertex 10.4901 61.0241 0
      vertex 10.4901 70.9759 0
      vertex 10.9755 70.9039 0
    endloop
  endfacet
  facet normal 0 0 -1
    outer loop
      vertex 10 61 0
      vertex 10.4901 70.9759 0
      vertex 10.4901 61.0241 0
    endloop
  endfacet
  facet normal 0 0 -1
    outer loop
      vertex 10 61 0
      vertex 10 71 0
      vertex 10.4901 70.9759 0
    endloop
  endfacet
  facet normal 0 0 -1
    outer loop
      vertex 9.50991 61.0241 0
      vertex 10 71 0
      vertex 10 61 0
    endloop
  endfacet
  facet normal 0 0 -1
    outer loop
      vertex 9.50991 61.0241 0
      vertex 9.50991 70.9759 0
      vertex 10 71 0
    endloop
  endfacet
  facet normal 0 0 -1
    outer loop
      vertex 9.02455 61.0961 0
      vertex 9.50991 70.9759 0
      vertex 9.50991 61.0241 0
    endloop
  endfacet
  facet normal 0 0 -1
    outer loop
      vertex 9.02455 61.0961 0
      vertex 9.02455 70.9039 0
      vertex 9.50991 70.9759 0
    endloop
  endfacet
  facet normal 0 0 -1
    outer loop
      vertex 8.54858 61.2153 0
      vertex 9.02455 70.9039 0
      vertex 9.02455 61.0961 0
    endloop
  endfacet
  facet normal 0 0 -1
    outer loop
      vertex 8.54858 61.2153 0
      vertex 8.54858 70.7847 0
      vertex 9.02455 70.9039 0
    endloop
  endfacet
  facet normal 0 0 -1
    outer loop
      vertex 8.08658 61.3806 0
      vertex 8.54858 70.7847 0
      vertex 8.54858 61.2153 0
    endloop
  endfacet
  facet normal 0 0 -1
    outer loop
      vertex 8.08658 61.3806 0
      vertex 8.08658 70.6194 0
      vertex 8.54858 70.7847 0
    endloop
  endfacet
  facet normal 0 0 -1
    outer loop
      vertex 7.64302 61.5904 0
      vertex 8.08658 70.6194 0
      vertex 8.08658 61.3806 0
    endloop
  endfacet
  facet normal 0 0 -1
    outer loop
      vertex 7.64302 61.5904 0
      vertex 7.64302 70.4096 0
      vertex 8.08658 70.6194 0
    endloop
  endfacet
  facet normal 0 0 -1
    outer loop
      vertex 7.22215 61.8427 0
      vertex 7.64302 70.4096 0
      vertex 7.64302 61.5904 0
    endloop
  endfacet
  facet normal 0 0 -1
    outer loop
      vertex 7.22215 61.8427 0
      vertex 7.22215 70.1573 0
      vertex 7.64302 70.4096 0
    endloop
  endfacet
  facet normal 0 0 -1
    outer loop
      vertex 6.82803 62.1349 0
      vertex 7.22215 70.1573 0
      vertex 7.22215 61.8427 0
    endloop
  endfacet
  facet normal 0 0 -1
    outer loop
      vertex 6.82803 62.1349 0
      vertex 6.82803 69.8651 0
      vertex 7.22215 70.1573 0
    endloop
  endfacet
  facet normal 0 0 -1
    outer loop
      vertex 6.46447 62.4645 0
      vertex 6.82803 69.8651 0
      vertex 6.82803 62.1349 0
    endloop
  endfacet
  facet normal 0 0 -1
    outer loop
      vertex 6.46447 62.4645 0
      vertex 6.46447 69.5355 0
      vertex 6.82803 69.8651 0
    endloop
  endfacet
  facet normal 0 0 -1
    outer loop
      vertex 6.13495 62.828 0
      vertex 6.46447 69.5355 0
      vertex 6.46447 62.4645 0
    endloop
  endfacet
  facet normal 0 0 -1
    outer loop
      vertex 6.13495 62.828 0
      vertex 6.13495 69.172 0
      vertex 6.46447 69.5355 0
    endloop
  endfacet
  facet normal 0 0 -1
    outer loop
      vertex 5.84265 63.2221 0
      vertex 6.13495 69.172 0
      vertex 6.13495 62.828 0
    endloop
  endfacet
  facet normal 0 0 -1
    outer loop
      vertex 5.84265 63.2221 0
      vertex 5.84265 68.7778 0
      vertex 6.13495 69.172 0
    endloop
  endfacet
  facet normal 0 0 -1
    outer loop
      vertex 5.59039 63.643 0
      vertex 5.84265 68.7778 0
      vertex 5.84265 63.2221 0
    endloop
  endfacet
  facet normal 0 0 -1
    outer loop
      vertex 5.59039 63.643 0
      vertex 5.59039 68.357 0
      vertex 5.84265 68.7778 0
    endloop
  endfacet
  facet normal 0 0 -1
    outer loop
      vertex 5.3806 64.0866 0
      vertex 5.59039 68.357 0
      vertex 5.59039 63.643 0
    endloop
  endfacet
  facet normal 0 0 -1
    outer loop
      vertex 5.3806 64.0866 0
      vertex 5.3806 67.9134 0
      vertex 5.59039 68.357 0
    endloop
  endfacet
  facet normal 0 0 -1
    outer loop
      vertex 5.2153 64.5486 0
      vertex 5.3806 67.9134 0
      vertex 5.3806 64.0866 0
    endloop
  endfacet
  facet normal 0 0 -1
    outer loop
      vertex 5.2153 64.5486 0
      vertex 5.2153 67.4514 0
      vertex 5.3806 67.9134 0
    endloop
  endfacet
  facet normal 0 0 -1
    outer loop
      vertex 5.09607 65.0246 0
      vertex 5.2153 67.4514 0
      vertex 5.2153 64.5486 0
    endloop
  endfacet
  facet normal 0 0 -1
    outer loop
      vertex 5.09607 65.0246 0
      vertex 5.09607 66.9754 0
      vertex 5.2153 67.4514 0
    endloop
  endfacet
  facet normal 0 0 -1
    outer loop
      vertex 5.02408 65.5099 0
      vertex 5.09607 66.9754 0
      vertex 5.09607 65.0246 0
    endloop
  endfacet
  facet normal 0 0 -1
    outer loop
      vertex 5.02408 65.5099 0
      vertex 5.02408 66.4901 0
      vertex 5.09607 66.9754 0
    endloop
  endfacet
  facet normal 0 -0 -1
    outer loop
      vertex 5.02408 66.4901 0
      vertex 5.02408 65.5099 0
      vertex 5 66 0
    endloop
  endfacet
  facet normal -0.803192 -0.59572 0
    outer loop
      vertex 6.13495 62.828 0
      vertex 5.84265 63.2221 2
      vertex 5.84265 63.2221 0
    endloop
  endfacet
  facet normal -0.803192 -0.59572 0
    outer loop
      vertex 5.84265 63.2221 2
      vertex 6.13495 62.828 0
      vertex 6.13495 62.828 2
    endloop
  endfacet
  facet normal -0.998795 0.0490736 0
    outer loop
      vertex 5 66 0
      vertex 5.02408 66.4901 2
      vertex 5.02408 66.4901 0
    endloop
  endfacet
  facet normal -0.998795 0.0490736 0
    outer loop
      vertex 5.02408 66.4901 2
      vertex 5 66 0
      vertex 5 66 2
    endloop
  endfacet
  facet normal 0.740806 -0.671719 0
    outer loop
      vertex 13.5355 62.4645 2
      vertex 13.8651 62.828 0
      vertex 13.8651 62.828 2
    endloop
  endfacet
  facet normal 0.740806 -0.671719 0
    outer loop
      vertex 13.8651 62.828 0
      vertex 13.5355 62.4645 2
      vertex 13.5355 62.4645 0
    endloop
  endfacet
  facet normal -0.336879 -0.941548 0
    outer loop
      vertex 28.0866 61.3806 0
      vertex 28.5486 61.2153 2
      vertex 28.0866 61.3806 2
    endloop
  endfacet
  facet normal -0.336879 -0.941548 -0
    outer loop
      vertex 28.5486 61.2153 2
      vertex 28.0866 61.3806 0
      vertex 28.5486 61.2153 0
    endloop
  endfacet
  facet normal 0.989173 0.146755 0
    outer loop
      vertex 34.9759 66.4901 2
      vertex 34.9039 66.9754 0
      vertex 34.9039 66.9754 2
    endloop
  endfacet
  facet normal 0.989173 0.146755 0
    outer loop
      vertex 34.9039 66.9754 0
      vertex 34.9759 66.4901 2
      vertex 34.9759 66.4901 0
    endloop
  endfacet
  facet normal 0.998793 0.0491143 0
    outer loop
      vertex 35 66 2
      vertex 34.9759 66.4901 0
      vertex 34.9759 66.4901 2
    endloop
  endfacet
  facet normal 0.998793 0.0491143 0
    outer loop
      vertex 34.9759 66.4901 0
      vertex 35 66 2
      vertex 35 66 0
    endloop
  endfacet
  facet normal 0.970047 0.242919 0
    outer loop
      vertex 34.9039 66.9754 2
      vertex 34.7847 67.4514 0
      vertex 34.7847 67.4514 2
    endloop
  endfacet
  facet normal 0.970047 0.242919 0
    outer loop
      vertex 34.7847 67.4514 0
      vertex 34.9039 66.9754 2
      vertex 34.9039 66.9754 0
    endloop
  endfacet
  facet normal -0.989173 0.146755 0
    outer loop
      vertex 25.0241 66.4901 0
      vertex 25.0961 66.9754 2
      vertex 25.0961 66.9754 0
    endloop
  endfacet
  facet normal -0.989173 0.146755 0
    outer loop
      vertex 25.0961 66.9754 2
      vertex 25.0241 66.4901 0
      vertex 25.0241 66.4901 2
    endloop
  endfacet
  facet normal -0.242967 -0.970034 0
    outer loop
      vertex 28.5486 61.2153 0
      vertex 29.0245 61.0961 2
      vertex 28.5486 61.2153 2
    endloop
  endfacet
  facet normal -0.242967 -0.970034 -0
    outer loop
      vertex 29.0245 61.0961 2
      vertex 28.5486 61.2153 0
      vertex 29.0245 61.0961 0
    endloop
  endfacet
  facet normal 0.336879 0.941548 -0
    outer loop
      vertex 31.9134 70.6194 0
      vertex 31.4514 70.7847 2
      vertex 31.9134 70.6194 2
    endloop
  endfacet
  facet normal 0.336879 0.941548 0
    outer loop
      vertex 31.4514 70.7847 2
      vertex 31.9134 70.6194 0
      vertex 31.4514 70.7847 0
    endloop
  endfacet
  facet normal -0.514136 0.857709 0
    outer loop
      vertex 27.643 70.4096 0
      vertex 27.2221 70.1573 2
      vertex 27.643 70.4096 2
    endloop
  endfacet
  facet normal -0.514136 0.857709 0
    outer loop
      vertex 27.2221 70.1573 2
      vertex 27.643 70.4096 0
      vertex 27.2221 70.1573 0
    endloop
  endfacet
  facet normal -0.903995 -0.427543 0
    outer loop
      vertex 25.5904 63.643 0
      vertex 25.3806 64.0866 2
      vertex 25.3806 64.0866 0
    endloop
  endfacet
  facet normal -0.903995 -0.427543 0
    outer loop
      vertex 25.3806 64.0866 2
      vertex 25.5904 63.643 0
      vertex 25.5904 63.643 2
    endloop
  endfacet
  facet normal -0.242967 0.970034 0
    outer loop
      vertex 29.0245 70.9039 0
      vertex 28.5486 70.7847 2
      vertex 29.0245 70.9039 2
    endloop
  endfacet
  facet normal -0.242967 0.970034 0
    outer loop
      vertex 28.5486 70.7847 2
      vertex 29.0245 70.9039 0
      vertex 28.5486 70.7847 0
    endloop
  endfacet
  facet normal -0.857709 -0.514136 0
    outer loop
      vertex 25.8427 63.2221 0
      vertex 25.5904 63.643 2
      vertex 25.5904 63.643 0
    endloop
  endfacet
  facet normal -0.857709 -0.514136 0
    outer loop
      vertex 25.5904 63.643 2
      vertex 25.8427 63.2221 0
      vertex 25.8427 63.2221 2
    endloop
  endfacet
  facet normal 0.242967 -0.970034 0
    outer loop
      vertex 30.9755 61.0961 0
      vertex 31.4514 61.2153 2
      vertex 30.9755 61.0961 2
    endloop
  endfacet
  facet normal 0.242967 -0.970034 0
    outer loop
      vertex 31.4514 61.2153 2
      vertex 30.9755 61.0961 0
      vertex 31.4514 61.2153 0
    endloop
  endfacet
  facet normal -0.595588 -0.80329 0
    outer loop
      vertex 26.828 62.1349 0
      vertex 27.2221 61.8427 2
      vertex 26.828 62.1349 2
    endloop
  endfacet
  facet normal -0.595588 -0.80329 -0
    outer loop
      vertex 27.2221 61.8427 2
      vertex 26.828 62.1349 0
      vertex 27.2221 61.8427 0
    endloop
  endfacet
  facet normal 0.514136 -0.857709 0
    outer loop
      vertex 32.357 61.5904 0
      vertex 32.7779 61.8427 2
      vertex 32.357 61.5904 2
    endloop
  endfacet
  facet normal 0.514136 -0.857709 0
    outer loop
      vertex 32.7779 61.8427 2
      vertex 32.357 61.5904 0
      vertex 32.7779 61.8427 0
    endloop
  endfacet
  facet normal 0.80329 -0.595588 0
    outer loop
      vertex 33.8651 62.828 2
      vertex 34.1573 63.2221 0
      vertex 34.1573 63.2221 2
    endloop
  endfacet
  facet normal 0.80329 -0.595588 0
    outer loop
      vertex 34.1573 63.2221 0
      vertex 33.8651 62.828 2
      vertex 33.8651 62.828 0
    endloop
  endfacet
  facet normal 0.146726 0.989177 -0
    outer loop
      vertex 30.9755 70.9039 0
      vertex 30.4901 70.9759 2
      vertex 30.9755 70.9039 2
    endloop
  endfacet
  facet normal 0.146726 0.989177 0
    outer loop
      vertex 30.4901 70.9759 2
      vertex 30.9755 70.9039 0
      vertex 30.4901 70.9759 0
    endloop
  endfacet
  facet normal -0.595588 0.80329 0
    outer loop
      vertex 27.2221 70.1573 0
      vertex 26.828 69.8651 2
      vertex 27.2221 70.1573 2
    endloop
  endfacet
  facet normal -0.595588 0.80329 0
    outer loop
      vertex 26.828 69.8651 2
      vertex 27.2221 70.1573 0
      vertex 26.828 69.8651 0
    endloop
  endfacet
  facet normal -0.803362 0.595491 0
    outer loop
      vertex 25.8427 68.7778 0
      vertex 26.1349 69.172 2
      vertex 26.1349 69.172 0
    endloop
  endfacet
  facet normal -0.803362 0.595491 0
    outer loop
      vertex 26.1349 69.172 2
      vertex 25.8427 68.7778 0
      vertex 25.8427 68.7778 2
    endloop
  endfacet
  facet normal 0.989173 -0.146755 0
    outer loop
      vertex 34.9039 65.0246 2
      vertex 34.9759 65.5099 0
      vertex 34.9759 65.5099 2
    endloop
  endfacet
  facet normal 0.989173 -0.146755 0
    outer loop
      vertex 34.9759 65.5099 0
      vertex 34.9039 65.0246 2
      vertex 34.9039 65.0246 0
    endloop
  endfacet
  facet normal -0.941548 0.336879 0
    outer loop
      vertex 25.2153 67.4514 0
      vertex 25.3806 67.9134 2
      vertex 25.3806 67.9134 0
    endloop
  endfacet
  facet normal -0.941548 0.336879 0
    outer loop
      vertex 25.3806 67.9134 2
      vertex 25.2153 67.4514 0
      vertex 25.2153 67.4514 2
    endloop
  endfacet
  facet normal 0.427543 0.903995 -0
    outer loop
      vertex 32.357 70.4096 0
      vertex 31.9134 70.6194 2
      vertex 32.357 70.4096 2
    endloop
  endfacet
  facet normal 0.427543 0.903995 0
    outer loop
      vertex 31.9134 70.6194 2
      vertex 32.357 70.4096 0
      vertex 31.9134 70.6194 0
    endloop
  endfacet
  facet normal -0.941548 -0.336879 0
    outer loop
      vertex 25.3806 64.0866 0
      vertex 25.2153 64.5486 2
      vertex 25.2153 64.5486 0
    endloop
  endfacet
  facet normal -0.941548 -0.336879 0
    outer loop
      vertex 25.2153 64.5486 2
      vertex 25.3806 64.0866 0
      vertex 25.3806 64.0866 2
    endloop
  endfacet
  facet normal 0.970047 -0.242919 0
    outer loop
      vertex 34.7847 64.5486 2
      vertex 34.9039 65.0246 0
      vertex 34.9039 65.0246 2
    endloop
  endfacet
  facet normal 0.970047 -0.242919 0
    outer loop
      vertex 34.9039 65.0246 0
      vertex 34.7847 64.5486 2
      vertex 34.7847 64.5486 0
    endloop
  endfacet
  facet normal -0.0491143 0.998793 0
    outer loop
      vertex 30 71 0
      vertex 29.5099 70.9759 2
      vertex 30 71 2
    endloop
  endfacet
  facet normal -0.0491143 0.998793 0
    outer loop
      vertex 29.5099 70.9759 2
      vertex 30 71 0
      vertex 29.5099 70.9759 0
    endloop
  endfacet
  facet normal -0.427543 0.903995 0
    outer loop
      vertex 28.0866 70.6194 0
      vertex 27.643 70.4096 2
      vertex 28.0866 70.6194 2
    endloop
  endfacet
  facet normal -0.427543 0.903995 0
    outer loop
      vertex 27.643 70.4096 2
      vertex 28.0866 70.6194 0
      vertex 27.643 70.4096 0
    endloop
  endfacet
  facet normal -0.671719 0.740806 0
    outer loop
      vertex 26.828 69.8651 0
      vertex 26.4645 69.5355 2
      vertex 26.828 69.8651 2
    endloop
  endfacet
  facet normal -0.671719 0.740806 0
    outer loop
      vertex 26.4645 69.5355 2
      vertex 26.828 69.8651 0
      vertex 26.4645 69.5355 0
    endloop
  endfacet
  facet normal 0.336879 -0.941548 0
    outer loop
      vertex 31.4514 61.2153 0
      vertex 31.9134 61.3806 2
      vertex 31.4514 61.2153 2
    endloop
  endfacet
  facet normal 0.336879 -0.941548 0
    outer loop
      vertex 31.9134 61.3806 2
      vertex 31.4514 61.2153 0
      vertex 31.9134 61.3806 0
    endloop
  endfacet
  facet normal -0.336879 0.941548 0
    outer loop
      vertex 28.5486 70.7847 0
      vertex 28.0866 70.6194 2
      vertex 28.5486 70.7847 2
    endloop
  endfacet
  facet normal -0.336879 0.941548 0
    outer loop
      vertex 28.0866 70.6194 2
      vertex 28.5486 70.7847 0
      vertex 28.0866 70.6194 0
    endloop
  endfacet
  facet normal 0.803362 0.595491 0
    outer loop
      vertex 34.1573 68.7778 2
      vertex 33.8651 69.172 0
      vertex 33.8651 69.172 2
    endloop
  endfacet
  facet normal 0.803362 0.595491 0
    outer loop
      vertex 33.8651 69.172 0
      vertex 34.1573 68.7778 2
      vertex 34.1573 68.7778 0
    endloop
  endfacet
  facet normal -0.857655 0.514226 0
    outer loop
      vertex 25.5904 68.357 0
      vertex 25.8427 68.7778 2
      vertex 25.8427 68.7778 0
    endloop
  endfacet
  facet normal -0.857655 0.514226 0
    outer loop
      vertex 25.8427 68.7778 2
      vertex 25.5904 68.357 0
      vertex 25.5904 68.357 2
    endloop
  endfacet
  facet normal 0.998793 -0.0491143 0
    outer loop
      vertex 34.9759 65.5099 2
      vertex 35 66 0
      vertex 35 66 2
    endloop
  endfacet
  facet normal 0.998793 -0.0491143 0
    outer loop
      vertex 35 66 0
      vertex 34.9759 65.5099 2
      vertex 34.9759 65.5099 0
    endloop
  endfacet
  facet normal 0.903995 -0.427543 0
    outer loop
      vertex 34.4096 63.643 2
      vertex 34.6194 64.0866 0
      vertex 34.6194 64.0866 2
    endloop
  endfacet
  facet normal 0.903995 -0.427543 0
    outer loop
      vertex 34.6194 64.0866 0
      vertex 34.4096 63.643 2
      vertex 34.4096 63.643 0
    endloop
  endfacet
  facet normal 0 0 1
    outer loop
      vertex 34.9759 66.4901 2
      vertex 34.9759 65.5099 2
      vertex 35 66 2
    endloop
  endfacet
  facet normal 0 0 1
    outer loop
      vertex 34.9039 66.9754 2
      vertex 34.9759 65.5099 2
      vertex 34.9759 66.4901 2
    endloop
  endfacet
  facet normal 0 0 1
    outer loop
      vertex 34.9039 66.9754 2
      vertex 34.9039 65.0246 2
      vertex 34.9759 65.5099 2
    endloop
  endfacet
  facet normal 0 0 1
    outer loop
      vertex 34.7847 67.4514 2
      vertex 34.9039 65.0246 2
      vertex 34.9039 66.9754 2
    endloop
  endfacet
  facet normal 0 0 1
    outer loop
      vertex 34.7847 67.4514 2
      vertex 34.7847 64.5486 2
      vertex 34.9039 65.0246 2
    endloop
  endfacet
  facet normal 0 0 1
    outer loop
      vertex 34.6194 67.9134 2
      vertex 34.7847 64.5486 2
      vertex 34.7847 67.4514 2
    endloop
  endfacet
  facet normal 0 0 1
    outer loop
      vertex 34.6194 67.9134 2
      vertex 34.6194 64.0866 2
      vertex 34.7847 64.5486 2
    endloop
  endfacet
  facet normal 0 0 1
    outer loop
      vertex 34.4096 68.357 2
      vertex 34.6194 64.0866 2
      vertex 34.6194 67.9134 2
    endloop
  endfacet
  facet normal 0 0 1
    outer loop
      vertex 34.4096 68.357 2
      vertex 34.4096 63.643 2
      vertex 34.6194 64.0866 2
    endloop
  endfacet
  facet normal 0 0 1
    outer loop
      vertex 34.1573 68.7778 2
      vertex 34.4096 63.643 2
      vertex 34.4096 68.357 2
    endloop
  endfacet
  facet normal 0 0 1
    outer loop
      vertex 34.1573 68.7778 2
      vertex 34.1573 63.2221 2
      vertex 34.4096 63.643 2
    endloop
  endfacet
  facet normal 0 0 1
    outer loop
      vertex 33.8651 69.172 2
      vertex 34.1573 63.2221 2
      vertex 34.1573 68.7778 2
    endloop
  endfacet
  facet normal 0 0 1
    outer loop
      vertex 33.8651 69.172 2
      vertex 33.8651 62.828 2
      vertex 34.1573 63.2221 2
    endloop
  endfacet
  facet normal 0 0 1
    outer loop
      vertex 33.5355 69.5355 2
      vertex 33.8651 62.828 2
      vertex 33.8651 69.172 2
    endloop
  endfacet
  facet normal 0 0 1
    outer loop
      vertex 33.5355 69.5355 2
      vertex 33.5355 62.4645 2
      vertex 33.8651 62.828 2
    endloop
  endfacet
  facet normal 0 0 1
    outer loop
      vertex 33.172 69.8651 2
      vertex 33.5355 62.4645 2
      vertex 33.5355 69.5355 2
    endloop
  endfacet
  facet normal 0 0 1
    outer loop
      vertex 33.172 69.8651 2
      vertex 33.172 62.1349 2
      vertex 33.5355 62.4645 2
    endloop
  endfacet
  facet normal 0 0 1
    outer loop
      vertex 32.7779 70.1573 2
      vertex 33.172 62.1349 2
      vertex 33.172 69.8651 2
    endloop
  endfacet
  facet normal 0 0 1
    outer loop
      vertex 32.7779 70.1573 2
      vertex 32.7779 61.8427 2
      vertex 33.172 62.1349 2
    endloop
  endfacet
  facet normal 0 0 1
    outer loop
      vertex 32.357 70.4096 2
      vertex 32.7779 61.8427 2
      vertex 32.7779 70.1573 2
    endloop
  endfacet
  facet normal 0 0 1
    outer loop
      vertex 32.357 70.4096 2
      vertex 32.357 61.5904 2
      vertex 32.7779 61.8427 2
    endloop
  endfacet
  facet normal 0 0 1
    outer loop
      vertex 31.9134 70.6194 2
      vertex 32.357 61.5904 2
      vertex 32.357 70.4096 2
    endloop
  endfacet
  facet normal 0 0 1
    outer loop
      vertex 31.9134 70.6194 2
      vertex 31.9134 61.3806 2
      vertex 32.357 61.5904 2
    endloop
  endfacet
  facet normal 0 0 1
    outer loop
      vertex 31.4514 70.7847 2
      vertex 31.9134 61.3806 2
      vertex 31.9134 70.6194 2
    endloop
  endfacet
  facet normal 0 0 1
    outer loop
      vertex 31.4514 70.7847 2
      vertex 31.4514 61.2153 2
      vertex 31.9134 61.3806 2
    endloop
  endfacet
  facet normal 0 0 1
    outer loop
      vertex 30.9755 70.9039 2
      vertex 31.4514 61.2153 2
      vertex 31.4514 70.7847 2
    endloop
  endfacet
  facet normal 0 0 1
    outer loop
      vertex 30.9755 70.9039 2
      vertex 30.9755 61.0961 2
      vertex 31.4514 61.2153 2
    endloop
  endfacet
  facet normal 0 0 1
    outer loop
      vertex 30.4901 70.9759 2
      vertex 30.9755 61.0961 2
      vertex 30.9755 70.9039 2
    endloop
  endfacet
  facet normal 0 0 1
    outer loop
      vertex 30.4901 70.9759 2
      vertex 30.4901 61.0241 2
      vertex 30.9755 61.0961 2
    endloop
  endfacet
  facet normal 0 0 1
    outer loop
      vertex 30 71 2
      vertex 30.4901 61.0241 2
      vertex 30.4901 70.9759 2
    endloop
  endfacet
  facet normal 0 0 1
    outer loop
      vertex 30 71 2
      vertex 30 61 2
      vertex 30.4901 61.0241 2
    endloop
  endfacet
  facet normal -0 0 1
    outer loop
      vertex 29.5099 70.9759 2
      vertex 30 61 2
      vertex 30 71 2
    endloop
  endfacet
  facet normal 0 0 1
    outer loop
      vertex 29.5099 70.9759 2
      vertex 29.5099 61.0241 2
      vertex 30 61 2
    endloop
  endfacet
  facet normal -0 0 1
    outer loop
      vertex 29.0245 70.9039 2
      vertex 29.5099 61.0241 2
      vertex 29.5099 70.9759 2
    endloop
  endfacet
  facet normal 0 0 1
    outer loop
      vertex 29.0245 70.9039 2
      vertex 29.0245 61.0961 2
      vertex 29.5099 61.0241 2
    endloop
  endfacet
  facet normal -0 0 1
    outer loop
      vertex 28.5486 70.7847 2
      vertex 29.0245 61.0961 2
      vertex 29.0245 70.9039 2
    endloop
  endfacet
  facet normal 0 0 1
    outer loop
      vertex 28.5486 70.7847 2
      vertex 28.5486 61.2153 2
      vertex 29.0245 61.0961 2
    endloop
  endfacet
  facet normal -0 0 1
    outer loop
      vertex 28.0866 70.6194 2
      vertex 28.5486 61.2153 2
      vertex 28.5486 70.7847 2
    endloop
  endfacet
  facet normal 0 0 1
    outer loop
      vertex 28.0866 70.6194 2
      vertex 28.0866 61.3806 2
      vertex 28.5486 61.2153 2
    endloop
  endfacet
  facet normal -0 0 1
    outer loop
      vertex 27.643 70.4096 2
      vertex 28.0866 61.3806 2
      vertex 28.0866 70.6194 2
    endloop
  endfacet
  facet normal 0 0 1
    outer loop
      vertex 27.643 70.4096 2
      vertex 27.643 61.5904 2
      vertex 28.0866 61.3806 2
    endloop
  endfacet
  facet normal -0 0 1
    outer loop
      vertex 27.2221 70.1573 2
      vertex 27.643 61.5904 2
      vertex 27.643 70.4096 2
    endloop
  endfacet
  facet normal 0 0 1
    outer loop
      vertex 27.2221 70.1573 2
      vertex 27.2221 61.8427 2
      vertex 27.643 61.5904 2
    endloop
  endfacet
  facet normal -0 0 1
    outer loop
      vertex 26.828 69.8651 2
      vertex 27.2221 61.8427 2
      vertex 27.2221 70.1573 2
    endloop
  endfacet
  facet normal 0 0 1
    outer loop
      vertex 26.828 69.8651 2
      vertex 26.828 62.1349 2
      vertex 27.2221 61.8427 2
    endloop
  endfacet
  facet normal -0 0 1
    outer loop
      vertex 26.4645 69.5355 2
      vertex 26.828 62.1349 2
      vertex 26.828 69.8651 2
    endloop
  endfacet
  facet normal 0 0 1
    outer loop
      vertex 26.4645 69.5355 2
      vertex 26.4645 62.4645 2
      vertex 26.828 62.1349 2
    endloop
  endfacet
  facet normal -0 0 1
    outer loop
      vertex 26.1349 69.172 2
      vertex 26.4645 62.4645 2
      vertex 26.4645 69.5355 2
    endloop
  endfacet
  facet normal 0 0 1
    outer loop
      vertex 26.1349 69.172 2
      vertex 26.1349 62.828 2
      vertex 26.4645 62.4645 2
    endloop
  endfacet
  facet normal -0 0 1
    outer loop
      vertex 25.8427 68.7778 2
      vertex 26.1349 62.828 2
      vertex 26.1349 69.172 2
    endloop
  endfacet
  facet normal 0 0 1
    outer loop
      vertex 25.8427 68.7778 2
      vertex 25.8427 63.2221 2
      vertex 26.1349 62.828 2
    endloop
  endfacet
  facet normal -0 0 1
    outer loop
      vertex 25.5904 68.357 2
      vertex 25.8427 63.2221 2
      vertex 25.8427 68.7778 2
    endloop
  endfacet
  facet normal 0 0 1
    outer loop
      vertex 25.5904 68.357 2
      vertex 25.5904 63.643 2
      vertex 25.8427 63.2221 2
    endloop
  endfacet
  facet normal -0 0 1
    outer loop
      vertex 25.3806 67.9134 2
      vertex 25.5904 63.643 2
      vertex 25.5904 68.357 2
    endloop
  endfacet
  facet normal 0 0 1
    outer loop
      vertex 25.3806 67.9134 2
      vertex 25.3806 64.0866 2
      vertex 25.5904 63.643 2
    endloop
  endfacet
  facet normal -0 0 1
    outer loop
      vertex 25.2153 67.4514 2
      vertex 25.3806 64.0866 2
      vertex 25.3806 67.9134 2
    endloop
  endfacet
  facet normal 0 0 1
    outer loop
      vertex 25.2153 67.4514 2
      vertex 25.2153 64.5486 2
      vertex 25.3806 64.0866 2
    endloop
  endfacet
  facet normal -0 0 1
    outer loop
      vertex 25.0961 66.9754 2
      vertex 25.2153 64.5486 2
      vertex 25.2153 67.4514 2
    endloop
  endfacet
  facet normal 0 0 1
    outer loop
      vertex 25.0961 66.9754 2
      vertex 25.0961 65.0246 2
      vertex 25.2153 64.5486 2
    endloop
  endfacet
  facet normal -0 0 1
    outer loop
      vertex 25.0241 66.4901 2
      vertex 25.0961 65.0246 2
      vertex 25.0961 66.9754 2
    endloop
  endfacet
  facet normal 0 0 1
    outer loop
      vertex 25.0241 66.4901 2
      vertex 25.0241 65.5099 2
      vertex 25.0961 65.0246 2
    endloop
  endfacet
  facet normal 0 -0 1
    outer loop
      vertex 25.0241 65.5099 2
      vertex 25.0241 66.4901 2
      vertex 25 66 2
    endloop
  endfacet
  facet normal 0.595588 0.80329 -0
    outer loop
      vertex 33.172 69.8651 0
      vertex 32.7779 70.1573 2
      vertex 33.172 69.8651 2
    endloop
  endfacet
  facet normal 0.595588 0.80329 0
    outer loop
      vertex 32.7779 70.1573 2
      vertex 33.172 69.8651 0
      vertex 32.7779 70.1573 0
    endloop
  endfacet
  facet normal -0.514136 -0.857709 0
    outer loop
      vertex 27.2221 61.8427 0
      vertex 27.643 61.5904 2
      vertex 27.2221 61.8427 2
    endloop
  endfacet
  facet normal -0.514136 -0.857709 -0
    outer loop
      vertex 27.643 61.5904 2
      vertex 27.2221 61.8427 0
      vertex 27.643 61.5904 0
    endloop
  endfacet
  facet normal 0.514136 0.857709 -0
    outer loop
      vertex 32.7779 70.1573 0
      vertex 32.357 70.4096 2
      vertex 32.7779 70.1573 2
    endloop
  endfacet
  facet normal 0.514136 0.857709 0
    outer loop
      vertex 32.357 70.4096 2
      vertex 32.7779 70.1573 0
      vertex 32.357 70.4096 0
    endloop
  endfacet
  facet normal 0.146726 -0.989177 0
    outer loop
      vertex 30.4901 61.0241 0
      vertex 30.9755 61.0961 2
      vertex 30.4901 61.0241 2
    endloop
  endfacet
  facet normal 0.146726 -0.989177 0
    outer loop
      vertex 30.9755 61.0961 2
      vertex 30.4901 61.0241 0
      vertex 30.9755 61.0961 0
    endloop
  endfacet
  facet normal 0.941548 0.336879 0
    outer loop
      vertex 34.7847 67.4514 2
      vertex 34.6194 67.9134 0
      vertex 34.6194 67.9134 2
    endloop
  endfacet
  facet normal 0.941548 0.336879 0
    outer loop
      vertex 34.6194 67.9134 0
      vertex 34.7847 67.4514 2
      vertex 34.7847 67.4514 0
    endloop
  endfacet
  facet normal 0.857709 -0.514136 0
    outer loop
      vertex 34.1573 63.2221 2
      vertex 34.4096 63.643 0
      vertex 34.4096 63.643 2
    endloop
  endfacet
  facet normal 0.857709 -0.514136 0
    outer loop
      vertex 34.4096 63.643 0
      vertex 34.1573 63.2221 2
      vertex 34.1573 63.2221 0
    endloop
  endfacet
  facet normal -0.998793 -0.0491143 0
    outer loop
      vertex 25.0241 65.5099 0
      vertex 25 66 2
      vertex 25 66 0
    endloop
  endfacet
  facet normal -0.998793 -0.0491143 0
    outer loop
      vertex 25 66 2
      vertex 25.0241 65.5099 0
      vertex 25.0241 65.5099 2
    endloop
  endfacet
  facet normal 0.941548 -0.336879 0
    outer loop
      vertex 34.6194 64.0866 2
      vertex 34.7847 64.5486 0
      vertex 34.7847 64.5486 2
    endloop
  endfacet
  facet normal 0.941548 -0.336879 0
    outer loop
      vertex 34.7847 64.5486 0
      vertex 34.6194 64.0866 2
      vertex 34.6194 64.0866 0
    endloop
  endfacet
  facet normal 0.740806 0.671719 0
    outer loop
      vertex 33.8651 69.172 2
      vertex 33.5355 69.5355 0
      vertex 33.5355 69.5355 2
    endloop
  endfacet
  facet normal 0.740806 0.671719 0
    outer loop
      vertex 33.5355 69.5355 0
      vertex 33.8651 69.172 2
      vertex 33.8651 69.172 0
    endloop
  endfacet
  facet normal 0.0491143 0.998793 -0
    outer loop
      vertex 30.4901 70.9759 0
      vertex 30 71 2
      vertex 30.4901 70.9759 2
    endloop
  endfacet
  facet normal 0.0491143 0.998793 0
    outer loop
      vertex 30 71 2
      vertex 30.4901 70.9759 0
      vertex 30 71 0
    endloop
  endfacet
  facet normal 0.903995 0.427543 0
    outer loop
      vertex 34.6194 67.9134 2
      vertex 34.4096 68.357 0
      vertex 34.4096 68.357 2
    endloop
  endfacet
  facet normal 0.903995 0.427543 0
    outer loop
      vertex 34.4096 68.357 0
      vertex 34.6194 67.9134 2
      vertex 34.6194 67.9134 0
    endloop
  endfacet
  facet normal -0.146726 -0.989177 0
    outer loop
      vertex 29.0245 61.0961 0
      vertex 29.5099 61.0241 2
      vertex 29.0245 61.0961 2
    endloop
  endfacet
  facet normal -0.146726 -0.989177 -0
    outer loop
      vertex 29.5099 61.0241 2
      vertex 29.0245 61.0961 0
      vertex 29.5099 61.0241 0
    endloop
  endfacet
  facet normal 0.671719 -0.740806 0
    outer loop
      vertex 33.172 62.1349 0
      vertex 33.5355 62.4645 2
      vertex 33.172 62.1349 2
    endloop
  endfacet
  facet normal 0.671719 -0.740806 0
    outer loop
      vertex 33.5355 62.4645 2
      vertex 33.172 62.1349 0
      vertex 33.5355 62.4645 0
    endloop
  endfacet
  facet normal 0.857655 0.514226 0
    outer loop
      vertex 34.4096 68.357 2
      vertex 34.1573 68.7778 0
      vertex 34.1573 68.7778 2
    endloop
  endfacet
  facet normal 0.857655 0.514226 0
    outer loop
      vertex 34.1573 68.7778 0
      vertex 34.4096 68.357 2
      vertex 34.4096 68.357 0
    endloop
  endfacet
  facet normal -0.0491143 -0.998793 0
    outer loop
      vertex 29.5099 61.0241 0
      vertex 30 61 2
      vertex 29.5099 61.0241 2
    endloop
  endfacet
  facet normal -0.0491143 -0.998793 -0
    outer loop
      vertex 30 61 2
      vertex 29.5099 61.0241 0
      vertex 30 61 0
    endloop
  endfacet
  facet normal -0.740806 0.671719 0
    outer loop
      vertex 26.1349 69.172 0
      vertex 26.4645 69.5355 2
      vertex 26.4645 69.5355 0
    endloop
  endfacet
  facet normal -0.740806 0.671719 0
    outer loop
      vertex 26.4645 69.5355 2
      vertex 26.1349 69.172 0
      vertex 26.1349 69.172 2
    endloop
  endfacet
  facet normal 0.671719 0.740806 -0
    outer loop
      vertex 33.5355 69.5355 0
      vertex 33.172 69.8651 2
      vertex 33.5355 69.5355 2
    endloop
  endfacet
  facet normal 0.671719 0.740806 0
    outer loop
      vertex 33.172 69.8651 2
      vertex 33.5355 69.5355 0
      vertex 33.172 69.8651 0
    endloop
  endfacet
  facet normal -0.146726 0.989177 0
    outer loop
      vertex 29.5099 70.9759 0
      vertex 29.0245 70.9039 2
      vertex 29.5099 70.9759 2
    endloop
  endfacet
  facet normal -0.146726 0.989177 0
    outer loop
      vertex 29.0245 70.9039 2
      vertex 29.5099 70.9759 0
      vertex 29.0245 70.9039 0
    endloop
  endfacet
  facet normal -0.903995 0.427543 0
    outer loop
      vertex 25.3806 67.9134 0
      vertex 25.5904 68.357 2
      vertex 25.5904 68.357 0
    endloop
  endfacet
  facet normal -0.903995 0.427543 0
    outer loop
      vertex 25.5904 68.357 2
      vertex 25.3806 67.9134 0
      vertex 25.3806 67.9134 2
    endloop
  endfacet
  facet normal -0.671719 -0.740806 0
    outer loop
      vertex 26.4645 62.4645 0
      vertex 26.828 62.1349 2
      vertex 26.4645 62.4645 2
    endloop
  endfacet
  facet normal -0.671719 -0.740806 -0
    outer loop
      vertex 26.828 62.1349 2
      vertex 26.4645 62.4645 0
      vertex 26.828 62.1349 0
    endloop
  endfacet
  facet normal -0.970047 0.242919 0
    outer loop
      vertex 25.0961 66.9754 0
      vertex 25.2153 67.4514 2
      vertex 25.2153 67.4514 0
    endloop
  endfacet
  facet normal -0.970047 0.242919 0
    outer loop
      vertex 25.2153 67.4514 2
      vertex 25.0961 66.9754 0
      vertex 25.0961 66.9754 2
    endloop
  endfacet
  facet normal 0.242967 0.970034 -0
    outer loop
      vertex 31.4514 70.7847 0
      vertex 30.9755 70.9039 2
      vertex 31.4514 70.7847 2
    endloop
  endfacet
  facet normal 0.242967 0.970034 0
    outer loop
      vertex 30.9755 70.9039 2
      vertex 31.4514 70.7847 0
      vertex 30.9755 70.9039 0
    endloop
  endfacet
  facet normal -0.970047 -0.242919 0
    outer loop
      vertex 25.2153 64.5486 0
      vertex 25.0961 65.0246 2
      vertex 25.0961 65.0246 0
    endloop
  endfacet
  facet normal -0.970047 -0.242919 0
    outer loop
      vertex 25.0961 65.0246 2
      vertex 25.2153 64.5486 0
      vertex 25.2153 64.5486 2
    endloop
  endfacet
  facet normal -0.427543 -0.903995 0
    outer loop
      vertex 27.643 61.5904 0
      vertex 28.0866 61.3806 2
      vertex 27.643 61.5904 2
    endloop
  endfacet
  facet normal -0.427543 -0.903995 -0
    outer loop
      vertex 28.0866 61.3806 2
      vertex 27.643 61.5904 0
      vertex 28.0866 61.3806 0
    endloop
  endfacet
  facet normal -0.740806 -0.671719 0
    outer loop
      vertex 26.4645 62.4645 0
      vertex 26.1349 62.828 2
      vertex 26.1349 62.828 0
    endloop
  endfacet
  facet normal -0.740806 -0.671719 0
    outer loop
      vertex 26.1349 62.828 2
      vertex 26.4645 62.4645 0
      vertex 26.4645 62.4645 2
    endloop
  endfacet
  facet normal 0.427543 -0.903995 0
    outer loop
      vertex 31.9134 61.3806 0
      vertex 32.357 61.5904 2
      vertex 31.9134 61.3806 2
    endloop
  endfacet
  facet normal 0.427543 -0.903995 0
    outer loop
      vertex 32.357 61.5904 2
      vertex 31.9134 61.3806 0
      vertex 32.357 61.5904 0
    endloop
  endfacet
  facet normal 0.0491143 -0.998793 0
    outer loop
      vertex 30 61 0
      vertex 30.4901 61.0241 2
      vertex 30 61 2
    endloop
  endfacet
  facet normal 0.0491143 -0.998793 0
    outer loop
      vertex 30.4901 61.0241 2
      vertex 30 61 0
      vertex 30.4901 61.0241 0
    endloop
  endfacet
  facet normal -0.989173 -0.146755 0
    outer loop
      vertex 25.0961 65.0246 0
      vertex 25.0241 65.5099 2
      vertex 25.0241 65.5099 0
    endloop
  endfacet
  facet normal -0.989173 -0.146755 0
    outer loop
      vertex 25.0241 65.5099 2
      vertex 25.0961 65.0246 0
      vertex 25.0961 65.0246 2
    endloop
  endfacet
  facet normal 0.595588 -0.80329 0
    outer loop
      vertex 32.7779 61.8427 0
      vertex 33.172 62.1349 2
      vertex 32.7779 61.8427 2
    endloop
  endfacet
  facet normal 0.595588 -0.80329 0
    outer loop
      vertex 33.172 62.1349 2
      vertex 32.7779 61.8427 0
      vertex 33.172 62.1349 0
    endloop
  endfacet
  facet normal 0 0 -1
    outer loop
      vertex 34.9759 65.5099 0
      vertex 34.9759 66.4901 0
      vertex 35 66 0
    endloop
  endfacet
  facet normal 0 0 -1
    outer loop
      vertex 34.9039 65.0246 0
      vertex 34.9759 66.4901 0
      vertex 34.9759 65.5099 0
    endloop
  endfacet
  facet normal 0 0 -1
    outer loop
      vertex 34.9039 65.0246 0
      vertex 34.9039 66.9754 0
      vertex 34.9759 66.4901 0
    endloop
  endfacet
  facet normal 0 0 -1
    outer loop
      vertex 34.7847 64.5486 0
      vertex 34.9039 66.9754 0
      vertex 34.9039 65.0246 0
    endloop
  endfacet
  facet normal 0 0 -1
    outer loop
      vertex 34.7847 64.5486 0
      vertex 34.7847 67.4514 0
      vertex 34.9039 66.9754 0
    endloop
  endfacet
  facet normal 0 0 -1
    outer loop
      vertex 34.6194 64.0866 0
      vertex 34.7847 67.4514 0
      vertex 34.7847 64.5486 0
    endloop
  endfacet
  facet normal 0 0 -1
    outer loop
      vertex 34.6194 64.0866 0
      vertex 34.6194 67.9134 0
      vertex 34.7847 67.4514 0
    endloop
  endfacet
  facet normal 0 0 -1
    outer loop
      vertex 34.4096 63.643 0
      vertex 34.6194 67.9134 0
      vertex 34.6194 64.0866 0
    endloop
  endfacet
  facet normal 0 0 -1
    outer loop
      vertex 34.4096 63.643 0
      vertex 34.4096 68.357 0
      vertex 34.6194 67.9134 0
    endloop
  endfacet
  facet normal 0 0 -1
    outer loop
      vertex 34.1573 63.2221 0
      vertex 34.4096 68.357 0
      vertex 34.4096 63.643 0
    endloop
  endfacet
  facet normal 0 0 -1
    outer loop
      vertex 34.1573 63.2221 0
      vertex 34.1573 68.7778 0
      vertex 34.4096 68.357 0
    endloop
  endfacet
  facet normal 0 0 -1
    outer loop
      vertex 33.8651 62.828 0
      vertex 34.1573 68.7778 0
      vertex 34.1573 63.2221 0
    endloop
  endfacet
  facet normal 0 0 -1
    outer loop
      vertex 33.8651 62.828 0
      vertex 33.8651 69.172 0
      vertex 34.1573 68.7778 0
    endloop
  endfacet
  facet normal 0 0 -1
    outer loop
      vertex 33.5355 62.4645 0
      vertex 33.8651 69.172 0
      vertex 33.8651 62.828 0
    endloop
  endfacet
  facet normal 0 0 -1
    outer loop
      vertex 33.5355 62.4645 0
      vertex 33.5355 69.5355 0
      vertex 33.8651 69.172 0
    endloop
  endfacet
  facet normal 0 0 -1
    outer loop
      vertex 33.172 62.1349 0
      vertex 33.5355 69.5355 0
      vertex 33.5355 62.4645 0
    endloop
  endfacet
  facet normal 0 0 -1
    outer loop
      vertex 33.172 62.1349 0
      vertex 33.172 69.8651 0
      vertex 33.5355 69.5355 0
    endloop
  endfacet
  facet normal 0 0 -1
    outer loop
      vertex 32.7779 61.8427 0
      vertex 33.172 69.8651 0
      vertex 33.172 62.1349 0
    endloop
  endfacet
  facet normal 0 0 -1
    outer loop
      vertex 32.7779 61.8427 0
      vertex 32.7779 70.1573 0
      vertex 33.172 69.8651 0
    endloop
  endfacet
  facet normal 0 0 -1
    outer loop
      vertex 32.357 61.5904 0
      vertex 32.7779 70.1573 0
      vertex 32.7779 61.8427 0
    endloop
  endfacet
  facet normal 0 0 -1
    outer loop
      vertex 32.357 61.5904 0
      vertex 32.357 70.4096 0
      vertex 32.7779 70.1573 0
    endloop
  endfacet
  facet normal 0 0 -1
    outer loop
      vertex 31.9134 61.3806 0
      vertex 32.357 70.4096 0
      vertex 32.357 61.5904 0
    endloop
  endfacet
  facet normal 0 0 -1
    outer loop
      vertex 31.9134 61.3806 0
      vertex 31.9134 70.6194 0
      vertex 32.357 70.4096 0
    endloop
  endfacet
  facet normal 0 0 -1
    outer loop
      vertex 31.4514 61.2153 0
      vertex 31.9134 70.6194 0
      vertex 31.9134 61.3806 0
    endloop
  endfacet
  facet normal 0 0 -1
    outer loop
      vertex 31.4514 61.2153 0
      vertex 31.4514 70.7847 0
      vertex 31.9134 70.6194 0
    endloop
  endfacet
  facet normal 0 0 -1
    outer loop
      vertex 30.9755 61.0961 0
      vertex 31.4514 70.7847 0
      vertex 31.4514 61.2153 0
    endloop
  endfacet
  facet normal 0 0 -1
    outer loop
      vertex 30.9755 61.0961 0
      vertex 30.9755 70.9039 0
      vertex 31.4514 70.7847 0
    endloop
  endfacet
  facet normal 0 0 -1
    outer loop
      vertex 30.4901 61.0241 0
      vertex 30.9755 70.9039 0
      vertex 30.9755 61.0961 0
    endloop
  endfacet
  facet normal 0 0 -1
    outer loop
      vertex 30.4901 61.0241 0
      vertex 30.4901 70.9759 0
      vertex 30.9755 70.9039 0
    endloop
  endfacet
  facet normal 0 0 -1
    outer loop
      vertex 30 61 0
      vertex 30.4901 70.9759 0
      vertex 30.4901 61.0241 0
    endloop
  endfacet
  facet normal 0 0 -1
    outer loop
      vertex 30 61 0
      vertex 30 71 0
      vertex 30.4901 70.9759 0
    endloop
  endfacet
  facet normal 0 0 -1
    outer loop
      vertex 29.5099 61.0241 0
      vertex 30 71 0
      vertex 30 61 0
    endloop
  endfacet
  facet normal 0 0 -1
    outer loop
      vertex 29.5099 61.0241 0
      vertex 29.5099 70.9759 0
      vertex 30 71 0
    endloop
  endfacet
  facet normal 0 0 -1
    outer loop
      vertex 29.0245 61.0961 0
      vertex 29.5099 70.9759 0
      vertex 29.5099 61.0241 0
    endloop
  endfacet
  facet normal 0 0 -1
    outer loop
      vertex 29.0245 61.0961 0
      vertex 29.0245 70.9039 0
      vertex 29.5099 70.9759 0
    endloop
  endfacet
  facet normal 0 0 -1
    outer loop
      vertex 28.5486 61.2153 0
      vertex 29.0245 70.9039 0
      vertex 29.0245 61.0961 0
    endloop
  endfacet
  facet normal 0 0 -1
    outer loop
      vertex 28.5486 61.2153 0
      vertex 28.5486 70.7847 0
      vertex 29.0245 70.9039 0
    endloop
  endfacet
  facet normal 0 0 -1
    outer loop
      vertex 28.0866 61.3806 0
      vertex 28.5486 70.7847 0
      vertex 28.5486 61.2153 0
    endloop
  endfacet
  facet normal 0 0 -1
    outer loop
      vertex 28.0866 61.3806 0
      vertex 28.0866 70.6194 0
      vertex 28.5486 70.7847 0
    endloop
  endfacet
  facet normal 0 0 -1
    outer loop
      vertex 27.643 61.5904 0
      vertex 28.0866 70.6194 0
      vertex 28.0866 61.3806 0
    endloop
  endfacet
  facet normal 0 0 -1
    outer loop
      vertex 27.643 61.5904 0
      vertex 27.643 70.4096 0
      vertex 28.0866 70.6194 0
    endloop
  endfacet
  facet normal 0 0 -1
    outer loop
      vertex 27.2221 61.8427 0
      vertex 27.643 70.4096 0
      vertex 27.643 61.5904 0
    endloop
  endfacet
  facet normal 0 0 -1
    outer loop
      vertex 27.2221 61.8427 0
      vertex 27.2221 70.1573 0
      vertex 27.643 70.4096 0
    endloop
  endfacet
  facet normal 0 0 -1
    outer loop
      vertex 26.828 62.1349 0
      vertex 27.2221 70.1573 0
      vertex 27.2221 61.8427 0
    endloop
  endfacet
  facet normal 0 0 -1
    outer loop
      vertex 26.828 62.1349 0
      vertex 26.828 69.8651 0
      vertex 27.2221 70.1573 0
    endloop
  endfacet
  facet normal 0 0 -1
    outer loop
      vertex 26.4645 62.4645 0
      vertex 26.828 69.8651 0
      vertex 26.828 62.1349 0
    endloop
  endfacet
  facet normal 0 0 -1
    outer loop
      vertex 26.4645 62.4645 0
      vertex 26.4645 69.5355 0
      vertex 26.828 69.8651 0
    endloop
  endfacet
  facet normal 0 0 -1
    outer loop
      vertex 26.1349 62.828 0
      vertex 26.4645 69.5355 0
      vertex 26.4645 62.4645 0
    endloop
  endfacet
  facet normal 0 0 -1
    outer loop
      vertex 26.1349 62.828 0
      vertex 26.1349 69.172 0
      vertex 26.4645 69.5355 0
    endloop
  endfacet
  facet normal 0 0 -1
    outer loop
      vertex 25.8427 63.2221 0
      vertex 26.1349 69.172 0
      vertex 26.1349 62.828 0
    endloop
  endfacet
  facet normal 0 0 -1
    outer loop
      vertex 25.8427 63.2221 0
      vertex 25.8427 68.7778 0
      vertex 26.1349 69.172 0
    endloop
  endfacet
  facet normal 0 0 -1
    outer loop
      vertex 25.5904 63.643 0
      vertex 25.8427 68.7778 0
      vertex 25.8427 63.2221 0
    endloop
  endfacet
  facet normal 0 0 -1
    outer loop
      vertex 25.5904 63.643 0
      vertex 25.5904 68.357 0
      vertex 25.8427 68.7778 0
    endloop
  endfacet
  facet normal 0 0 -1
    outer loop
      vertex 25.3806 64.0866 0
      vertex 25.5904 68.357 0
      vertex 25.5904 63.643 0
    endloop
  endfacet
  facet normal 0 0 -1
    outer loop
      vertex 25.3806 64.0866 0
      vertex 25.3806 67.9134 0
      vertex 25.5904 68.357 0
    endloop
  endfacet
  facet normal 0 0 -1
    outer loop
      vertex 25.2153 64.5486 0
      vertex 25.3806 67.9134 0
      vertex 25.3806 64.0866 0
    endloop
  endfacet
  facet normal 0 0 -1
    outer loop
      vertex 25.2153 64.5486 0
      vertex 25.2153 67.4514 0
      vertex 25.3806 67.9134 0
    endloop
  endfacet
  facet normal 0 0 -1
    outer loop
      vertex 25.0961 65.0246 0
      vertex 25.2153 67.4514 0
      vertex 25.2153 64.5486 0
    endloop
  endfacet
  facet normal 0 0 -1
    outer loop
      vertex 25.0961 65.0246 0
      vertex 25.0961 66.9754 0
      vertex 25.2153 67.4514 0
    endloop
  endfacet
  facet normal 0 0 -1
    outer loop
      vertex 25.0241 65.5099 0
      vertex 25.0961 66.9754 0
      vertex 25.0961 65.0246 0
    endloop
  endfacet
  facet normal 0 0 -1
    outer loop
      vertex 25.0241 65.5099 0
      vertex 25.0241 66.4901 0
      vertex 25.0961 66.9754 0
    endloop
  endfacet
  facet normal 0 -0 -1
    outer loop
      vertex 25.0241 66.4901 0
      vertex 25.0241 65.5099 0
      vertex 25 66 0
    endloop
  endfacet
  facet normal -0.80329 -0.595588 0
    outer loop
      vertex 26.1349 62.828 0
      vertex 25.8427 63.2221 2
      vertex 25.8427 63.2221 0
    endloop
  endfacet
  facet normal -0.80329 -0.595588 0
    outer loop
      vertex 25.8427 63.2221 2
      vertex 26.1349 62.828 0
      vertex 26.1349 62.828 2
    endloop
  endfacet
  facet normal -0.998793 0.0491143 0
    outer loop
      vertex 25 66 0
      vertex 25.0241 66.4901 2
      vertex 25.0241 66.4901 0
    endloop
  endfacet
  facet normal -0.998793 0.0491143 0
    outer loop
      vertex 25.0241 66.4901 2
      vertex 25 66 0
      vertex 25 66 2
    endloop
  endfacet
  facet normal 0.740806 -0.671719 0
    outer loop
      vertex 33.5355 62.4645 2
      vertex 33.8651 62.828 0
      vertex 33.8651 62.828 2
    endloop
  endfacet
  facet normal 0.740806 -0.671719 0
    outer loop
      vertex 33.8651 62.828 0
      vertex 33.5355 62.4645 2
      vertex 33.5355 62.4645 0
    endloop
  endfacet
endsolid OpenSCAD_Model
